,AN,AP,AX,BN,CA,CB,CC,CN,CT,DA,DT,EC,FB,FN,GS,HS,JN,JO,KC,LB,LX,MD,MP,MW,ND,NK,RL,SB,SN,SP,SS,TU,TY,UB,US,UZ,XU,XX,YM,ZA,ZB,ZC,ZD,ZF,ZG,ZI,ZK,ZL,ZM,ZN,ZO,ZP,ZR,ZS,ZT,ZU,ZW,ZZ
1/31/1969,,,,,,,,,,,,,,,,,,,,,,,,,,,,,,,,,,,,,,,,,,,,,,,,,,,,,,,,,,
2/28/1969,,,,,,,,,,,,,,,,,,,,,,,,,,,,,,,,,,,,,,,,,,,,,,,,0.042291951,-0.021978022,,,,,-0.007955048,,,-0.038824355,
3/31/1969,,,,,,,,,,,,,,,,,,,,,,,,,,,,,,,,,,,,,,,,,,,,,,,,-0.034031414,0.004815409,,,,,-0.01457392,,,-0.043683297,
4/30/1969,,,,,,,,,,,,,,,,,,,,,,,,,,,,,,,,,,,,,,,,,,,,,,,,0.024390243902439046,0.026091586794462218,,,,,0.014294325325066914,,,0.035753679,
5/30/1969,,,,,,,,,,,,,,,,,,,,,,,,,,,,,,,,,,,,,,,,,,,,,,,,-0.075396825,0.033731188,,,,,-0.010633331,,,-0.015369043,
6/30/1969,,,,,,,,,,,,,,,,,,,,,,,,,,,,,,,,,,,,,,,,,,,,,,,,-0.007153076,-0.010040161,,,,,-0.007079266,,,-0.022102115,
7/31/1969,,,,,,,,,,,,,,,,,,,,,,,,,,,,,,,,,,,,,,,,,,,,,,,,0.034582133,-0.02484787,,,,,0.003348817,,,-0.031311223,
8/29/1969,,,,,,,,,,,,,,,,,,,,,,,,,,,,,,,,,,,,,,,,,,,,,,,,0.077994429,0.014040561622464809,,,,,0.006847545,,,0.034546155,
9/30/1969,,,,,,,,,,,,,,,,,,,,,,,,,,,,,,,,,,,,,,,,,,,,,,,,0.16279069767441867,0.018974359,,,,,-0.000513281,,,0.00935441,
10/31/1969,,,,,,,,,,,,,,,,,,,,,,,,,,,,,,,,,,,,,,,,,,,,,,,,0.20666666666666655,0.031202818,,,,,0.032759875,,,0.002742819,
11/28/1969,,,,,,,,,,,,,,,,,,,,,,,,,,,,,,,,,,,,,,,,,,,,,,,,-0.068139963,0.008784773,,,,,-0.02303947,,,0.047146173,
12/31/1969,,,,,,,,,,,,,,,,,,,,,,,,,,,,,,,,,,,,,,,,,,,,,,,,0.042490119,0.14997581035316876,,,,,0.0098191,,,0.026108505509254476,
1/30/1970,,,,,,,,,,,,,,,,,,,,,,,,,,,,,,,,,,,,,,,,,,,,,,,,0.089099526,0.031973075,,,,,0.008946573,,,-0.024629426,
2/27/1970,,,,,,,,,,,,,,,,,,,,,,,,,,,,,,,,,,,,,,,,,,0.013586634968104194,,,,,,0.2088772845953002,0.068079902,,,,,0.00691062,,,0.059634359,0.014529525815640154
3/31/1970,,,,,,,,,,,,,,,,,,,,,,,,,,,,,,,,,,,,,,,,,,-0.002030665,,,,,,0.000719942,-0.059923664,,,,,-0.006697813,,,-0.020373786,-0.070805021
4/30/1970,,,,,,,,,,,,,,,,,,,,,,,,,,,,,,,,,,,,,,,,,,0.042599577,,,,,,0.12446043165467624,0.057247259439707765,,,,,0.018917793964620122,,,0.053833732,-0.005509992
5/29/1970,,,,,,,,,,,,,,,,,,,,,,,,,,,,,,,,,,,,,,,,,,0.00100643,,,,,,-0.017274472,-0.021889401,,,,,0.00882371,,,-0.054481467,-0.035898483
6/30/1970,,,,,,,,,,,,,,,,,,,,,,,,,,,,,,,,,,,,,,,,,,0.069798407,,,,,,-0.073567708,0.092658029,,,,,0.073474925,,,0.034949446844264376,0.041684322
7/31/1970,,,,,,,,,,,,,,,,,,,,,,,,,,,,,,,,,,,,,,,,,,-0.049045257,,,,,,0.10119465917076598,0.010420409629895877,,,,,-0.021557903,,,0.036126892,-0.022041999
8/31/1970,,,,,,,,,,,,,,,,,,,,,,,,,,,,,,,,,,,,,,,,,,0.19631594587104817,,,,,,-0.02744097,0.030938833570412383,,,,,-0.024519537,,,0.084514403,-0.04837913
9/30/1970,,,,,,,,,,,,,,,,,,,,,,,,,,,,,,,,,,,,,,,,,,-0.032362094,,,,,,0.1804461942257216,-0.011728182,,,,,0.024167572,,,0.025144125,0.003851828
10/30/1970,,,,,,,,,,,,,,,,,,,,,,,,,,,,,,,,,,,,,,,,,,-0.024213354,,,,,,0.190661479,-0.00069808,,,,,0.06444393,,,0.036346459371857875,-0.16752388
11/30/1970,,,,,,,,,,,,,,,,,,,,,,,,,,,,,,,,,,,,,,,,,,-0.000320708,,,,,,-0.06302521,0.047851904,,,,,-0.029219838,,,-0.027910821,0.023569023569023573
12/31/1970,,,,,,,,,,,,,,,,,,,,,,,,,,,,,,,,,,,,,,,,,,0.021346457,,,,,,-0.039860488,0.009,,,,,-0.017850474,,,-0.021770103,-0.035385795
1/29/1971,,,,,,,,,,,,,,,,,,,,,,,,,,,,,,,,,,,,,,,,,,-0.010417586,,,,,,0.055526725,-0.026759167,,,,,0.031901141,,,-0.011869781,0.14133889551052836
2/26/1971,,,,,,,,,,,,,,,,,,,,,,,,,,,,,,,,,,,,,,,,,,-0.025850796,,,,,,-0.009832842,-0.009504413,,,,,-0.01254652,-0.019572075,,0.001842837,-0.004235199
3/31/1971,,,,,,,,,,,,,,,,,,,,,,,,,,,,,,,,,,,,,,,,,,-0.041771462,,,,,,-0.023833168,-0.003769705,,,,,-0.023564752,0.049425413,,-0.023888683,0.002825764
4/30/1971,,,,,,,,,,,,,,,,,,,,,,,,,,,,,,,,,,,,,,,,,,-0.019520122,,,,,,-0.075279756,0.010319917,,,,,-0.025719418,0.014913543165842924,,-0.001588597,0.035207994422496114
5/31/1971,,,,,,,,,,,,,,,,,,,,,,,,,,,,,,,,,,,,,,,,,,0.037231603,,,,,,0.081958196,0.040177051413006426,,,,,0.051090453,0.029512104895392355,,0.037891441,0.025143113705241804
6/30/1971,,,,,,,,,,,,,,,,,,,,,,,,,,,,,,,,,,,,,,,,,,0.008999986,,,,,,0.12963904422979144,0.015711948,,,,,0.036982442,-0.025412225,,-0.02084143,-0.057894449
7/30/1971,,,,,,,,,,,,,,,,,,,,,,,,,,,,,,,,,,,,,,,,,,-0.118136894,,,,,,0.10351035103510364,0.000644538,,,,,0.022078272604588278,0.084594744,,-0.056677581,-0.053432897
8/31/1971,,,,,,,,,,,,,,,,,,,,,,,,,,,,,,,,,,,,,,,,,,-0.079973194,,,,,,-0.039967374,-0.059259259,,,,,-0.034822718,0.014182923835243777,,-0.007328833,-0.052305237
9/30/1971,,,,,,,,,,,,,,,,,,,,,,,,,,,,,,,,,,,,,,,,,,-0.048469974,,,,,,-0.038657604,0.011639849366655186,,,,,-0.016671531,0.011638300249525058,,-0.019165768,0.07333031
10/29/1971,,,,,,,,,,,,,,,,,,,,,,,,,,,,,,,,,,,,,,,,,,0.025423997024998757,,,,,,0.074679629,0.019627749576988096,,,,,0.033277685,0.025641026,,0.098720563,0.021636791598768745
11/30/1971,,,,,,,,,,,,,,,,,,,,,,,,,,,,,,,,,,,,,,,,,,-0.002428631,,,,,,-0.066200658,-0.030866246,,,,,-0.039440615,0.053158650394831364,,0.004836742,0.054910648
12/31/1971,,,,,,,,,,,,,,,,,,,,,,,,,,,,,,,,,,,,,,,,,,0.030312875,,,,,,-0.044033465,0.044520547945205546,,,,,0.003401424,0.021659112,,0.049067847321049296,0.0625525
1/31/1972,,,,,,,,,,,,,,,,,,,,,,,,,,,,,,,,,,,,,,,,,,-0.021315051,,,,,,-0.031782589,0.013114754098360715,,,,,-0.00826985,0.060313913,,0.009195115,0.092257826
2/29/1972,,,,,,,,,,,,,,,,,,,,,,,,,,,,,,,,,,,,,,,,,,-0.026504481,,,,,,-0.002854424,0.060517799352751034,,,,,0.050070429,-0.001447246,,-0.00312692,-0.080846341
3/31/1972,,,,,,,,,,,,,,,,,,,,,,,,,,,,,,,,,,,,,,,,,,0.02474401,,,,,,0.043893129770992356,0.038449802,,,,,0.024968253116560257,-0.000330828,,0.017741497198169753,0.039503386
4/28/1972,,,,,,,,,,,,,,,,,,,,,,,,,,,,,,,,,,,,,,,,,,-0.00871974,,,,,,-0.052559415,0.011460476050543678,,,,,0.006822901,0.047371407,,0.004546219,0.022978057217887482
5/31/1972,,,,,,,,,,,,,,,,,,,,,,,,,,,,,,,,,,,,,,,,,,-0.011823613,,,,,,0.004341534,0.014235909355025944,,,,,-0.001421193,0.058183624,,-0.011079208,0.016982203243403493
6/30/1972,,,,,,,,,,,,,,,,,,,,,,,,,,,,,,,,,,,,,,,,,,-0.030133486,,,,,,-0.101825168,0.032655399598968904,,,,,-0.030373507,0.051074237,,-0.006204218,0.044319312638042785
7/31/1972,,,,,,,,,,,,,,,,,,,,,,,,,,,,,,,,,,,,,,,,,,0.028196458597643526,,,,,,-0.043315508,0.004715673,,,,,-0.012547882,-0.062174484,,0.077945155,-0.039649522
8/31/1972,,,,,,,,,,,,,,,,,,,,,,,,,,,,,,,,,,,,,,,,,,0.051951604,,,,,,0.011738401,0.022915516289342852,,,,,0.050285507,0.001471331,,0.18523807586422025,0.060840734735364554
9/29/1972,,,,,,,,,,,,,,,,,,,,,,,,,,,,,,,,,,,,,,,,,,0.043799867,,,,,,-0.016022099,0.051821862348178094,,,,,0.032672293273960706,0.068388379,,0.11642937483337312,0.069259724
10/31/1972,,,,,,,,,,,,,,,,,,,,,,,,,,,,,,,,,,,,,,,,,,-0.024120095,,,,,,0,0.053374391,,,,,0.013370771493515177,-0.037681159,,0.022016196,-0.007680655
11/30/1972,,,,,,,,,,,,,,,,,,,,,,,,,,,,,,,,,,,,,,,,,,0.02134068,,,,,,-0.045480067,0.14177831912302064,,,,,0.06936931,-0.011683945,,0.10486063407859025,0.040700049
12/29/1972,,,,,,,,,,,,,,,,,,,,,,,,,,,,,,,,,,,,,,,,,,0.075548443,,,,,,-0.008235294,0.33987625346703654,,,,,0.12714766032265046,0.074348652,,0.075356599,0.099661185
1/31/1973,,,,,,,,,,,,,,,,,,,,,,,,,,,,,,,,,,,,,,,,,,0.043618988,,,,,,0.070581257,0.17961783439490442,,,,,0.1497769628636325,0.078584529,,-0.06439388,0.053186293
2/28/1973,,,,,,,,,0.03921293,,,,,,,,,0.026596317432970862,,,,,,,,,,,,,,,,,,,,,,,,0.027381196493566407,,,,0.22966619652092146,,0.26925207756232683,0.20369870410367175,,,0.19281482896999824,,0.32360641690864966,0.037395868,,-0.015966264,0.1526070746891668
3/30/1973,,,,,,,,,0.073032188,,,,,,,,,0.034193413,,,,,,,,,,,,,,,,,,,,,,,,-0.019731303,,,,-0.135686824,,0.083369708,-0.183133341,,,-0.15443768,,-0.115716598,-0.012770624,,-0.055143267,-0.041894945
4/30/1973,,,,,,,,,0.2314091252835897,,,,,,,,,-0.076064909,,,,,,,,,,,,,,,,,,,,,,,,0.060321763,,,,-0.027524514,,0.087832393,0.3790499725425589,,,-0.021030693,,0.3256736146415862,0.005088329,,0.11798145821306072,0.024811411
5/31/1973,,,,,,,,,0.024053224,,,,,,,,,0.064544457,,,,,,,,,,,,,,,,,,,,,,,,0.32447823530117725,,,,0.1940309822850066,,0.20481481481481478,0.6845196615231459,,,0.096380879,,0.5598941555453292,0.065872818,,0.2051161995483588,0.077991268
6/29/1973,,,,,,,,,0.10724637681159432,,,,,,,,,-0.021344607,,,,,,,,,,,,,,,,,,,,,,,,-0.022715534,,,,0.036424051,,-0.054411313,-0.130961527,,,0.032480141218005354,,-0.119083091,0.010101460586464661,,-0.04797508,0.054744045
7/31/1973,,,,,,,,,0.16753926701570676,,,,,,,,,0.14076493520177014,,,,,,,,,,,,,,,,,,,,,,,,0.4418031086401468,,,,0.066142536,,0.48016905071521454,-0.013940836,,,0.076936228,,0.058143559,0.168451146,,0.35820874635392075,0.29868995633187767
8/31/1973,,,,,,,,,0.40018555744549245,,,,,,,,,-0.040177334,,,,,,,,,,,,,,,,,,,,,,,,-0.09415539,,,,-0.098258921,,0.1144300461234351,-0.204896552,,,-0.045721543,,-0.178718937,-0.132537291,,0.4461095561508064,-0.158345876
9/28/1973,,,,,,,,,0.005466593,,,,,,,,,0.039357198,,,,,,,,,,,,,,,,,,,,,,,,0.006986504,,,,0.049066463,,0.23610563657863604,-0.165495706,,,0.005822658,,-0.079886445,-0.157600706,,-0.012060264,-0.108919807
10/31/1973,,,,,,,,,-0.159152068,,,,,,,,,0.11230441625775378,,,,,,,,,,,,,,,,,,,,,,,,-0.054509324,,,,0.020895341067849182,,-0.140465561,-0.155389253,,,-0.057724115,,-0.168053442,-0.022041238,,-0.124109836,0.009208785
11/30/1973,,,,,,,,,0.10502253281954133,,,,,,,,,0.010654236723822263,,,,,,,,,,,,,,,,,,,,,,,,0.10315265564052756,,,,0.029729676127010496,,0.23223891671304053,0.16994831405365485,,,-0.042829559,,0.11470595638639747,-0.072267019,,0.1322685703921873,-0.032014216
12/31/1973,,,,,,,,,0.20799101601749515,,,,,,,,,-0.076181848,,,,,,,,,,,,,,,,,,,,,,,,0.014151158605516523,,,,0.09279661,,0.14827638115309338,-0.041969075,,,0.024940399779937783,,-0.036694416,0.073365345,,0.15466116143964248,-0.015006702
1/31/1974,,,,,,,,,-0.187591741,,,,,,,,,-0.025675314,,,,,,,,,,,,,,,,,,,,,,,,0.12279070619922727,,,,0.2314321971165707,,0.3820136339800735,0.019872639437856776,,,0.1728395061728396,,0.098508349,0.015332129772208436,,0.035779654,0.023089666597639447
2/28/1974,,,,,,,,,-0.048843652,,,,,,,,,-0.086833196,-0.017764337,0.15439907374329098,,,,,,,,,,,,,,,,,,,,,,0.049150562878232495,,,,0.432666848,,0.15850882185543536,-0.090106578,,,0.41342486651411137,,-0.040053775,-0.161256161,,0.049200067,-0.150939032
3/29/1974,,,,,,,,,-0.042993731,,,,,,,,,-0.079559118,0.005359546,-0.041952984,,,,,,,,,,,,,,,,,,,,,,-0.138652024,,,,-0.085345508,,-0.065585851,-0.066493138,,,-0.115488397,,-0.01753177,-0.055944383,,-0.24562947,-0.104704821
4/30/1974,,,,,,,,,0.033015746989546235,,,,,,,,,0.043762247,-0.063268454,-0.071896417,,,,,,,,,,,,,,,,,,,,,,-0.005546391,,,,0.053584691,,0.06852436,-0.245373891,,,-0.038316046,,-0.104473222,-0.037447989,,-0.098384526,-0.093879569
5/31/1974,,,,,,,,,-0.172996862,,,,,,,,,-0.022110972,-0.000266389,0.015452094314384102,,,,,,,,,,,,,,,,,,,,,,-0.042304282,,,,-0.140241753,,0.070444481,-0.03694995,,,-0.115340693,,-0.002282355,-0.158089749,,-0.064986861,-0.193757609
6/28/1974,,,,,,,,,0.079925651,,,,,,,,,-0.011838737,-0.058475849,-0.007969806,,,,,,,,,,,,,,,,,,,,,,0.13564936111808001,,,,-0.047037403,,0.043131847,-0.00837112,,,-0.053930006,,0.041589992,0.14219641401792993,,0.17833579008163314,0.3144411757048762
7/31/1974,,,,,,,,,0.063898451,,,,,,,,,0.048354021,-0.023258207,0.016317423845084278,,,,,,,,,,,,,,,,,,,,,,0.3120145696480343,,,,0.042083686561309674,,0.5455346650998825,0.7520225114315864,,,0.058671922377198094,,0.5687923950305123,0.16611070479316425,,0.14009646487743743,0.19616154013745568
8/30/1974,,,,,,,,,-0.118031682,,,,,,,,,-0.001029548,-0.11297545,-0.01605544,,,,,,,,,,,,,,,,,,,,,,-0.082539521,,,,-0.168688304,,-0.126021669,-0.289901626,,,-0.143204926,,-0.18324913,-0.198620183,,-0.090457412,-0.170599242
9/30/1974,,,,,,,,,0.031030265973708282,,,,,,,,,0.040090694,-0.086800297,-0.201595111,,,,,,,,,,,,,,,,,,,,,,0.13221321974529743,,,,0.030263196331025588,,0.36140713353632026,0.13330506078597693,,,0.008189871,,0.1986338192973025,-0.02550251,,0.11161231244674918,0.13831104012776985
10/31/1974,,,,,,,,,-0.141289844,,,,,,,,,-0.034482759,0.062760146,0.10479447769598127,,,,,,,,,,,,,,,,,,,,,,-0.017419282,,,,0.09491338,,-0.177882503,-0.063864288,,,-0.025862069,,-0.077911456,-0.053573877,,0.056288022983466135,-0.044249184
11/29/1974,,,,,,,,,-0.087620856,,,,,,,,,0.008004926,0.070497522,-0.083198052,,,,,,,,,,,,,,,,,,,,,,-0.042090046,,,,-0.050121062,,0.033470974010201715,-0.091805463,,,-0.015997277,,-0.050072963,-0.049921351,,-0.059745474,0.00297275
12/31/1974,,,,,,,,,-0.102280254,,,,,,,,,-0.102321319,-0.032613045,-0.006290085,,,,,,,,,,,,,,,,,,,,,,-0.089273815,,,,-0.056950465,,-0.061295478,-0.122212441,,,-0.135939121,,-0.106949004,-0.041761067,,-0.09832843,-0.054174214
1/31/1975,,,,,,,,,0.065661889,,,,,,,,,-0.085516616,-0.081695967,0.077554234,,,,,,,,,,,,,,,,,,,,,,-0.089247085,,,,-0.081666281,,-0.118978468,-0.185525656,,,-0.097077662,,-0.156993295,-0.098915589,,-0.172300906,-0.03932606
2/28/1975,,,,,,,,,0.001582435,,,,,,,,,-0.026665013,-0.071235521,-0.150756643,,,,,,,,-0.199292399,,,,,,,,,,,,,,-0.170005366,,,0.028084407249576504,0.082160733,,-0.20461521,-0.119638826,,-0.093287817,0.037020616,,-0.176555786,-0.021192855,,-0.070605247,-0.039204237
3/31/1975,,,,,,,,,0.073269478,,,,,-0.030374609,,,,-0.027650357,0.002909998,0.11520239099302065,,,,,,,,-0.105626044,,,,,,,,,,,,,,0.1391804510373309,,,-0.031811826,-0.053160543,,0.2717593254251822,0.13892773892773902,,0.1660521637483865,0.002778965,,0.202565473,0.1688060624806682,,0.10959881974065344,0.082844329
4/30/1975,,,,,,,,,0.060355138,,,,,-0.008118304,,,,0.037478705,-0.0808981,0.061837931,,,,,,,,-0.241001803,,,,,,,,,,,,,,-0.046876686,,,-0.070769072,0.006313461,,-0.172276226,-0.046254605,,0.092557475,-0.078234918,,-0.106981818,0.10100341823795334,,-0.125666906,0.034256517
5/30/1975,,,,,,,,,-0.049457701,,,,,0.01754386,,,,0.026398888467854098,0.10541942273000604,-0.159877245,,,,,,,,-0.19577658,,,,,,,,,,,,,,-0.051709382,,,0.00155426,0.03550603,,-0.073450546,-0.030686695,,-0.006300489,0.031683626,,-0.056754531,0.11679519278918393,,-0.070722346,0.064073055
6/30/1975,,,,,,,,,0.051665906,,,,,-0.009197746,,,,0.015382722126507486,0.014993370278448381,0.031112021484819508,,,,,,,,-0.041467271,,,,,,,,,,,,,,-0.019576755,,,-0.007094164,0.018986968571260032,,-0.023884534,0.019703342926721268,,-0.088458327,0.029365613091234977,,-0.001976228,0.042829471,,-0.014026345,0.098675765
7/31/1975,,,,,,,,,0.01536325,,,,,-0.082365602,,,,0.047751788,0.521270182,-0.083605562,,,,,,,,0.2520132844211942,,,,,,,,,,,,,,0.1526101955294179,,,5.581914596697324e-05,0.081288699,,0.27471290249943725,0.082501086,,0.10622681247810495,0.10278745644599296,,0.1726183038074458,-0.102555724,,0.19268309583060428,0.035022569
8/29/1975,,,,,,,,,0.072320055,,,,,-0.004800443,,,,0.025216888374782975,0.011956138805707228,-0.081827433,,,,,,,,-0.001785745,,,,,,,,,,,,,,0.056516063062750366,,,-0.061118553,-0.101119837,,-0.086616028,0.042920176,,0.061332723,-0.061611374,,-0.034141863,0.13159962438435446,,0.1286638259035784,0.14014413411277094
9/30/1975,,,,,,,,,0.054448342,,,,,-0.024901424,,,,0.02030915,-0.033094715,-0.133735572,,,,,,,,-0.169758233,,,,,,,,,,,,,,0.001651744,,,-0.126508531,-0.032090496,,0.020113461,-0.016538462,,0.022187870726534165,-0.050715488,,-0.001315499,0.067555209,,0.009400746,0.17126037653952575
10/31/1975,,,,,,,,,-0.08686777,,,,,0.030484121,,,,0.018246157,-0.010261488,0.10964659923687248,,,,,,,,0.034182670181164054,,,,,,,,,,,,,,-0.084088843,,,0.004219696,-0.073582555,,-0.151984328,-0.089949159,,-0.054262121,-0.080248282,,-0.135241478,-0.090327903,,-0.10069849,-0.197486972
11/28/1975,,,,,,,,,0.096456367,,,,,-0.029073289,,,,-0.066572546,0.003342276,0.054785735240941325,,,,,,,,-0.076664779,,,,,,,,,,,,,,-0.022225441,,,-0.038292104,-0.02282385,,-0.111483717,0.044048130640309546,,0.07610268,-0.002892263,,-0.03575184,0.10684826395549574,,-0.113163933,0.042325065
12/31/1975,,,,,,,,,0.035188401,,,,,-0.000783106,,,,-0.048632926,0.092002991,0.022852374822931232,,,,,,,,0.096722604,,,,,,,,,,,,,,-0.062724028,,,0.015856236786469413,0.011941769012553394,,-0.066510107,-0.079440214,,-0.077286456,0.013294657964708634,,-0.076682396,-0.034299669,,-0.055555586,-0.034362453
1/30/1976,,,,,,,,,0.00014589,,,,,0.009902766,,,,0.012596306713953842,0.08881695,0.033016302629415684,,,,,,,,-0.072911049,,,,,,,,,,,,,,0.013384324,,,-0.093860562,-0.062797959,,-0.015902965,0.028169014084507227,,0.070086475,-0.062977099,,0.018510955,-0.142577456,,0.041697503,-0.059055457
2/27/1976,,,,0.002440788,,,,,0.015899642622711596,,,,,0.00774062,,,,0.013768115942029091,0.030551373191789466,-0.025202779,,,,,,,,0.023141065695632568,0.011110367445284819,,,,,,,,,,,,,0.027082372368872454,,,0.027867095391211016,0.056223245150543555,,0.077786908,0.019134594,,0.04987978,-0.011456212,,0.023647477,0.005308825,,0.12550979143961438,0.08077222
3/31/1976,,,,-0.049959419,,,,,-0.092684328,,,,,0.007889997,,,,-0.011794139,0.126183607,-0.079673194,,,,,,,,0.024028640623354747,0.007546171,,,,,,,,,,,,,-0.044964364,,,-0.022568151,-0.045226386,,-0.047268107,-0.03819074,,-0.080742319,-0.00360546,,-0.034429458,0.036870895,,-0.144990523,0.067404483
4/30/1976,,,,-0.037399146,,,,,0.1058711821490741,,,,,0.000757571,,,,-0.048101266,0.16485754167008793,-0.042005855,,,,,,,,0.000411303,0.007292556,,,,,,,,,,,,,0.013984334666808484,,,-0.006172369,0.097596931,,-0.006401707,0.030390417,,0.065600998,0.15740501421555964,,0.019396504462621422,0.066245596,,-0.040976313,0.070227576
5/31/1976,,,,-0.039345232,,,,,0.064467659,,,,,-0.026514318,,,,-0.042553191,0.12390391067753126,-0.07605684,,,,,,,,-0.036467541,0.019958257,,,,,,,,,,,,,0.062099987,,,-0.019398865,0.046668177,,0.059149888,0.2667384284176535,,0.1386124799215922,0.018758374,,0.18829527487065856,-0.042338641,,0.056296468,0.008873476
6/30/1976,,,,0.014884007390679521,,,,,0.3112186596760098,,,,,0.004698923,,,,-0.08994709,0.08162011,0.082996061,,,,,,,,-0.043394777,-0.0099757,,,,,,,,,,,,,0.002016951,,,-0.026741731,0.030657679,,0.1416863805339641,0.1599252209381372,,0.1052516744924219,0.056334941,,0.16464060392660929,-0.11064233,,0.020067979,-0.010593661
7/30/1976,,,,0.005765146,,,,,-0.131542523,,,,,0.016405697010590803,,,,0.00377907,-0.072619738,-0.045065951,,,,,,,,-0.125986886,-0.0051027,,,,,,,,,,,,,-0.018388183,,,-0.094319916,-0.077296932,,-0.033449271,-0.129230769,,-0.07901967,-0.057065781,,-0.101845087,-0.091300153,,-0.086403116,-0.109395284
8/31/1976,,,,0.003117458,,,,,0.004427129,,,,,-0.002525269,,,,-0.106718795,0.10275360144057633,0.019127556801240342,,,,,,,,-0.239174258,-0.007660845,,,,,,,,,,,,,0.009016787,,,-0.096336379,-0.097737027,,0.1375086134292931,0.055359246,,-0.040296794,-0.068661972,,0.088662363,-0.009113834,,-0.090818627,0.009190232
9/30/1976,,,,-0.062255639,,,,,0.052656323460272825,,,,,0.035273622,,,,0.040363106,0.12406871916992679,0.019558507292382954,,,,,,,,-0.199657902,0.010794897,,,,,,,,,,,,,-0.046469864,,,0.1250613527044271,0.055531532,,-0.034596487,-0.066645408,,-0.068453628,0.035680529,,-0.060918225,-0.10903246,,-0.108191672,-0.103473416
10/29/1976,,,,-0.039341458,,,,,0.055884323,,,,,0.013865692,,,,-0.049548146,0.073683998,0.031328914141414144,,,,,,,,-0.06813896,0.000711974,,,,,,,,,,,,,-0.054358401,,,0.06631184,-0.009149568,,0.076622743,0.043559959002391624,,0.035142458,-0.040839608,,0.068204902,0.061738913,,-0.046793958,-0.086492873
11/30/1976,,,,0.055975963,,,,,-0.058795537,,,,,-0.00287819,,,,-0.020983607,0.064746782,0.0461745,,,,,,,,0.036560687,-0.008472932,,,,,,,,,,,,,-0.047605653,,,0.063742738,-0.012731282,,-0.083991711,0.028646259616958547,,-0.061261204,-0.007611798,,-0.013882506,0.06213716,,-0.070356327,0.12486562751948393
12/31/1976,,,,0.037095584,,,,,-0.049379248,,,,,0.021165571501602365,,,,-0.126423309,0.20039533713962987,0.023464563787841453,,,,,,,,-0.055227766,-6.52E-05,,,,,,,,,,,,,0.031156334094207372,,,0.023384615,0.012459211,,-0.008907741,0.059516231699554334,,0.080127219,-0.040028763,,0.048380876,-0.009798476,,0.044214384,0.18690458414215305
1/31/1977,,,,0.019815059445178473,,,,,-0.02062404,,,,,-0.020256781,,,,0.7065363235576001,-0.006770565,-0.112645037,,,,,,,,0.10570785691325701,-0.027594755,,,,,,,,,,,,,-0.011695937,,,-0.018490679,0.023905137794936193,,0.058492047,0.001051367,,0.07715271,0.051435705368289675,,0.017222217964145248,-0.056747296,,-0.011711729,0.008227761
2/28/1977,,,,0.008270227,,,,,0.048693658359983294,,,,,0.007215897,,,,0.040211165,0.1978476637381672,0.057699488,,,,,,,,-0.046928859,-0.022205823,,,,,,,,,,,,,0.008226797,,,0.079108592,0.050767573,,0.04818384,0.064366092,,-0.008229963,0.036333412,,0.072567399,-0.042795632,,-0.028653666,-0.00645113
3/31/1977,,,,0.016602431070263934,,,,,0.025373993095512137,,,,,-0.00167041,,,,0.066299536,0.1542449332674245,-0.041220201,,,,,,,,0.07085276,0,,,,,,,,,,,,,-0.03912152,,,0.033496558,0.011934512367038241,,0.18844027259868845,0.10797857344234552,,-0.068916833,-0.0236022,,0.1422138546811007,0.031761021919578525,,-0.008181646,0.034713151813523746
4/29/1977,,,,0.004374453,,,,,-0.040570114,,,,,0.016477966374785602,,,,-0.00435443,-0.031819617,-0.072715196,,,,,,,,0.080732452,0.008096055,,,,,,,,,,,,,-0.010574922,,,-0.019844812,-0.016178822,,0.046632405,0.13791348600508901,,0.059316888,-0.033560197,,0.11346736944394897,0.10078042200597381,,-0.056778458,0.1359785405641596
5/31/1977,,,,-0.00087108,,,,,-0.103052989,,,,,-0.002822723,,,,0.19436533767290487,-0.095599334,-0.035300255,,,,,,,,-0.156406491,0.005036412,,,,,,,,,,,,,-0.01188151,,,-0.034188034,-0.050332277,,0.078565152,-0.078376565,,-0.054463002,-0.030597377,,-0.023397886,-0.073369803,,-0.072504729,0.041115064482696084
6/30/1977,,,,0.00910588,,,,,-0.071596244,,,,,0.00561863,,,,-0.001617985,-0.10052027,0.023840460990904422,,,,,,,,-0.111403705,0.012189341,,,,,,,,,,,,,-0.107017148,,,-0.004860003,-0.022501228,,-0.177696842,-0.25269926,,-0.181239694,-0.018537074,,-0.256518444,-0.032092002,,-0.010790341,0.064194009
7/29/1977,,,,0.013727561,,,,,-0.088987217,,,,,0.022148320180931602,,,,0.2255203002388264,-0.059003446,-0.043141706,,,,,,,,-0.03852529,0.025490064895965725,,,,,,,,,,,,,-0.139534908,,,0.007580727,0.00088402,,-0.1923189,-0.224675325,,-0.171700277,-0.018631955,,-0.206029577,-0.05018542,,-0.103379876,-0.115599745
8/31/1977,,,,0.004640152,,,,,-0.044175468,,,,,-0.014596283,,,,-0.018165367,-0.121903125,0.10466438198174455,,,,,,,,-0.059189217,0.000978601,,,,,,,,,,,,,-0.061522937,,,0.00680026,-0.01432233,,-0.091853669,-0.105108878,,0.023758579487036968,-0.015344603,,-0.075846276,0.017646606,,-0.028134468,0.096383046
9/30/1977,,,,0.007823546,,,,,-0.035650911,,,,,0.004134701,,,,0.17232579570426032,-0.083105068,-0.071681594,,,,,,,,-0.070020545,0.01779313,,,,,,,,,,,,,0.058669834,,,0.056046562,0.033049284,,0.006038455,0.002339729,,0.01859291,0.034337031,,0.035364374,0.069690545,,0.096739336,0.013446581664113832
10/31/1977,,,,0.047044519,,,,,-0.039059886,,,,,0.026575537,,,,0.009977023,0.11480630865017138,-0.06090086,,,,,,,,0.036004299,0.050461066,,,,,,,,,,,,,0.054187527,,,0.040280329,0.043744472,,-0.040199021,0.087301587,,0.018257965376040408,0.096527068,,0.032734519,0.004908091,,0.026759231086079582,0.058862784352980535
11/30/1977,,,,-0.009825815,,,,,-0.001653756,,,,,0.005802889,,,,0.012512722265461296,0.11039488826118782,0.13374679213002572,,,,,,,,0.074174399,0.027249451353328347,,,,,,,,,,,,,0.035413070341480335,,,-0.015762967,-0.026903272,,0.15066238788776443,0.029841133533705433,,0.10371042381789408,0.01280857,,0.047850833,0.034400169,,0.026568840703879326,0.091903314
12/30/1977,,,,0.057825891,,,,,0.037314734088927715,,,,,0.059196125,,,,-0.144157994,0.1273943513962068,0.037333535,,,,,,,,0.014003648460135354,0.079935909,,,,,,,,,,,,,-0.021858283,,,0.032030835,-0.001021485,,0.038758581235697864,0.035021889,,-0.032376873,0.071970568,,0.016387829884887406,0.060042676836466136,,0.015454690950365224,0.10101687434217221
1/31/1978,,,,0.017482517,,,,,0.039250294,,,,,-0.009140577,,,,0.019552300677075918,-0.010568337,-0.018569569,,,,,,,,0.001058257,0.001593582,,,,,,,,,,,,,0.011173372080358401,,,0.052929813264649184,0.030726163336462164,,-0.02850062,-0.089224572,,-0.013011623,0.16130416130416125,,-0.064594543,0.040966229093946094,,-0.044763059,0.09927301
2/28/1978,,,,-0.006872852,,,,-0.006079767,-0.002668823,,,,,0.038169886782823736,,,0.013705305476030993,0.1326150301551805,-0.058213949,0.012295264211072299,,,,,,,,-0.101749564,0.084544906,,,,,,-0.007323458,,,,,,,-0.00648579,,0.057308642,0.030699609,-0.008749532,,0.090206916,0.002432552,,-0.102150849,0.048208348725526484,,0.032712372,0.054926969759308886,,-0.036157756,0.030997966
3/31/1978,,,,-0.040256562,,,,-0.018065411,-0.0159747,,,,,0.004595146,,,0.078115611,-0.050137609,0.057631678796868036,-0.021194972,,,,,,,,-0.092150171,-0.02898624,,,,,,-0.005184593,,,,,,,0.12144398552738878,,0.064935178,-0.004271983,0.091893488,,0.18167045823854422,0.15971762629605113,,0.1591815102426435,-0.020264317,,0.1676546816832385,0.11595163806552256,,0.2023007047463916,0.087885178
4/28/1978,,,,-0.024446008,,,,0.004651356,0.027029254,,,,,-0.037720595,,,-0.03227065,0.018203577727387454,0.028837185,0.029358086376352066,,,,,,,,-0.03979777,-0.052148997,,,,,,-0.004886002,,,,,,,-0.033274333,,0.069692349,-0.083780241,-0.097322395,,0.043949395,-0.020353814,,-0.019799225,-0.074820144,,0.032237235,0.063397756,,-0.016493065,0.019664853373350777
5/31/1978,,,,0.013160266810888777,,,,0.006669147,0.030169301131348636,,,,,-0.007014072,,,0.020791337902436258,-0.08852459,0.10945286248652764,0.007687892,,,,,,,,-0.050560281,0.020831043,,,,,,-0.011822445,,,,,,,0.0921988,,0.094301221,0.081620708,0.079533916,,0.068760209,0.033786408,,0.027536555,0.19653965785381033,,0.049113287,0.11626187267887089,,0.064102393,0.017850682201441037
6/30/1978,,,,0.010231316725978656,,,,0.001806808,-0.059895631,,,,,0.001374873,,,0.080060934,0.13879462467761639,-0.098100506,0.000951852,,,,,,,,-0.110415926,0.018413826522371224,,,,,,-0.007007023,,,,,,,-0.067696842,,-0.061494737,-0.017677831,-0.039874794,,-0.112601065,-0.053343351,,-0.138508846,-0.064175467,,-0.096959804,-0.125572289,,-0.051846745,-0.147072645
7/31/1978,,,,0.047291942,,,,-0.009659922,0.027589063794531965,,,,,0.016803779877709868,,,0.065768166,0.028428393,-0.121221337,0.091787996,,,,,,,,-0.086317136,0.056410256,,,,,,0.006048536,,,,,,,-0.093439499,,0.065939775,0.10711881006304713,0.077007082,,-0.042777778,-0.062301587,,-0.013035808,0.11215277777777777,,-0.046764609,0.036919813464873164,,-0.004728035,0.092976111
8/31/1978,,,,0.00571813,,,,-0.015189978,0.024590824800451383,,,,,0.013306145208639597,,,-0.017155181,0.024165507649513085,0.24390929737914124,0.022289673375123664,,,,,,,,0.15701539538138576,0.053848464,,,,,,0.023421418,,,,,,,-0.043369226,,0.007833553,0.003814895,-0.038635889,,0.14782356355194426,0.029834955564959964,,-0.048328691,-0.0341867,,0.048366148890851335,0.009985063,,0.054847388908199735,0.013629577929002101
9/29/1978,,,,0.018227424749163834,,,,-0.027234138,-0.009521561,,,,,0.024110230528116006,,,0.011869140235387876,-0.039438692,-0.010902831,0.060608799,,,,,,,,0.16201708626294686,0.067147877,,,,,,-0.020019768,,,,,,,0.017997538,,0.063328221,0.048909451,0.021079244931829777,,0.026343733,0.006780358,,0.057515001,0.093744949,,0.01639412,0.033902936968508435,,0.036308396,0.11036303125358637
10/31/1978,,,,0.054688783,,,,0.020406988,0.057201874950345566,,,,,0.1042164929988516,,,0.049975357318876146,0.22844015080113111,0.02278441,0.038096861,,,,,,,,0.020624593,0.026655393378426595,,,,,,-0.023107871,,,,,,,0.035358705,,0.008401341,0.089634531,0.087498101,,0.060646369100403996,0.1293877551020408,,-0.008773872,0.3267326732673266,,0.089546175,-0.046722433,,0.05547469,-0.035410781
11/30/1978,,,,-0.060105886,,,,-0.005236119,-0.009092959,,,,,-0.097677104,,,-0.102844536,-0.135849238,-0.069632329,0.018677672384481037,,,,,,,,-0.099827883,-0.149668415,,,,,,0.014402497577615359,,,,,,,-0.028814402,,0.093474745,-0.198207315,-0.032295013,,-0.057410934,-0.056740152,,-0.081171642,-0.1548229,,-0.05571093,0.059271582587137495,,0.059444797,0.031859228878081236
12/29/1978,,,,0.057819748,,,,-0.015876169,-0.06021538,,,,,0.055716816030877414,,,0.017579657824517314,0.028133843848842988,-0.008215399,0.1062533090858866,,,,,,,,-0.005877771,0.063716995,,,,,,-0.024299625,,,,,,,-0.027282485,,0.012262527695281022,0.16594542613294871,0.007722509,,-0.01433992,0.012835249042145502,,-0.058408801,0.088033737,,-0.001990286,0.020786819616598784,,-0.06978336,-0.059385835
1/31/1979,,,,-0.031166797,,,,-0.011965861,-0.058989671,,,,,-0.040350974,,,-0.052187773,0.008851468,-0.038529843,-0.008052979,,,,,,,,-0.024932327,-0.063494345,,,,,,0.0127984,,,,,,,0.010786645,,0.056302937,0.014021341306252877,0.10069757781502009,,0.016598340165983272,0.006809155,,0.024437344005508344,0.084907946,,0.022451192200248382,0.10317520174975492,,0.024035118287365265,0.10188473262310871
2/28/1979,,,,0.023520854,,,,0.004917267,-0.023068347,,,,,0.010234009686038714,,,-0.005207768,-0.106034667,0.009377482,0.043733185091173965,,,,,,,,0.045222092,0.013150488666018534,,,,,,-0.022197431,,,,,,,0.008943021,,0.098232639,0.068883127,0.1445024270265347,,0.08537425,0.046778133,,-0.052287513,0.077704589,,0.060286378,0.065960211,,0.056552709,0.022982428
3/30/1979,,,,0.022822395956724417,,,,0.028415443,-0.070136938,,,,,-0.016902835,,,-0.046351838,-0.009335727,0.078603374,-0.051924952,,,,,,,,-0.04165793,-0.02540404,,,,,,0.005577082,,,,,,,0.01925087,,-0.010442489,-0.053124703,-0.040740446,,0.001449932,-0.004845657,,-0.005446315,-0.069512069,,0.006854565,0.041739889,,-0.038216714,-0.128479553
4/30/1979,,,,0.000926498,,,,0.015671768,0.032379874,,,,,-0.020645805,,,-0.056724611,0.005799203,0.12914649772209574,0.063269806,,,,,,,,-0.085478813,-0.023112401,,,,,,-0.021837159,,,,,,,0.037129684,,0.032509977,0.022150786076648776,0.057868285,,-0.052574428,-0.06600541,,0.009459294,0.058895569,,-0.063380894,0.098112371,,0.062058998,0.046873731855782585
5/31/1979,,,,0.001002777,,,,-0.015082432,-0.022585955,,,,,-0.01374104,,,-0.000242483,-0.051651652,-0.001407955,0.048394493,,,,,,,,-0.038998325,-0.013898467,,,,,,0.016985734710571077,,,,,,,0.008466939,,-0.092519105,0.10771498771498766,0.08356677,,-0.011747851,0.018150222050588916,,0.030562239,0.095152981,,0.005441766,-0.089828551,,0.055395729,-0.115533477
6/29/1979,,,,0.047776835940509965,,,,-0.006845158,0.088034428,,,,,0.039305824,,,0.006851807,-0.049398353,0.39593011326869343,0.044434724,,,,,,,,0.046224066,0.039431922,,,,,,0.022260704264779774,,,,,,,0.10407339024794715,,-0.057821988,0.009626475,-0.015656023,,0.032473181,0.017637018774890878,,0.074541346,-0.058083717,,0.002779296,-0.041998275,,0.162759362,-0.11502933
7/31/1979,,,,0.03419872,,,,0.000355275,0.001547721,,,,,-0.003821189,,,0.001505571,0.070019987,-0.106215869,0.1101890502874674,,,,,,,,-0.031966368,-0.013973709,,,,,,-0.014290591,,,,,,,-0.06010062,,-0.051031076,0.010149830836152729,0.032461393,,-0.00631845,-0.035594484,,-0.186049177,-0.096932015,,-0.03506334,-0.100307352,,-0.053056596,0.019893333
8/31/1979,,,,0.011164841416583693,,,,0.003864021,0.018458104395604247,,,,,0.003835847,,,-0.013830427,0.084303593,0.11853057506936415,0.087095041,,,,,,,,0.10422812192723674,0.000367415,,,,,,-0.012776646,,,,,,,0.008103557,,0.11572218926673372,0.098912571,0.16824379324379324,,0.11064010173802452,-0.023188406,,0.038321424854128816,0.11681715575620766,,0.013915963177199897,0.15235631280284734,,0.080141217,0.13811341615556438
9/28/1979,,,,-0.027428089,,,,0.007556782,-0.011969991,,,,,0.038499790619765495,,,-0.028170732,0.021360896,0.030607244103987075,0.052609345,,,,,,,,0.074577026,0.055616768980534026,,,,,,-0.017488652,,,,,,,-0.014821497,,0.016476421952648534,0.23812539582013925,0.54695815,,-0.01043257,0.008308605,,-0.011009034,0.342698332,,-0.01315996,0.03435872,,-0.012054837,-0.007476255
10/31/1979,,,,-0.052498373,,,,-0.024831809,0.023718112789011148,,,,,-0.030409032,,,-0.049378843,-0.037161972,-0.007063351,-0.120266455,,,,,,,,0.21794075,-0.064217903,,,,,,-0.089355432,,,,,,,-0.063716587,,-0.009302897,-0.046483376,-0.0005968,,-0.028799177,-0.077888954,,-0.089028804,-0.15422249,,-0.091558984,-0.077743135,,-0.065446635,0.014112823225977067
11/30/1979,,,,0.055407159,,,,0.011493425127104606,0.024752063,,,,,0.03349934,,,-0.060788067,-0.001051034,0.051463979,0.015025925729810208,,,,,,,,0.19748256506208528,0.023530036649492603,,,,,,0.02325931,,,,,,,0.034767355,,0.042107985,0.086401127,0.10212497464902981,,0.033712823228311706,0.075106383,,0.019399302,0.1322417015217583,,0.020964452341978745,0.026187473181895182,,0.031337311,0.068936509
12/31/1979,,,,0.011063706703304588,,,,0.005382392,0.052293429,,,,,0.00169512,,,0.030498945888966844,-0.009527706,-0.118000715,0.010032183,,,,,,,,-0.032623106,-0.008043591,,,,,,-0.002654448,,,,,,,-0.006866965,,-0.018026821,0.2566737647748665,0.5075241775542334,,-0.088192607,-0.068672076,,0,0.2692761141240274,,-0.056697761,-0.026520191,,-0.003837631,-0.01536162
1/31/1980,,,,0.024960663710484887,,,,0.004659595,0.14498802071257466,,,,,-0.016510749,,,0.004773595,-0.080259664,-0.083553797,0.073361727,,,,,,,,0.34946894425138253,-0.035155637,,,,,,-0.093536397,,,,,,,-0.050129456,,-0.013024686,0.26048624754420424,0.23063751585143377,,-0.000842697,0.000424989,,-0.082939012,0.20125085144590993,,0.012406496823391455,-0.079137814,,0.029719224,-0.052386352
2/29/1980,,,,-0.000837346,,,,0.011926243374309031,0.018224772,,,,,-0.025963085,,,-0.056196552,-0.034969522,0.08277563,-0.078796874,,,,,,,,0.066845599,-0.050100309,,,,,,-0.080074228,,,,,,,-0.043392575,,0.006000864,-0.09090732,-0.007067148,,-0.060163059,-0.064995752,,-0.052480134,0.1058817464817774,,-0.057735124,-0.01045966,,-0.072470308,-0.053915864
3/31/1980,,,,-0.041902367,,,,-0.042796244,-0.019025522,,,,,-0.095544373,,,0.00409895,0.029654255319149003,-0.0055123,-0.142396786,,,,,,,,-0.208200177,-0.082767281,,,,,,-0.016757092,,,,,,,-0.065158589,,-0.164280639,-0.212747262,-0.475784029,,-0.110629175,-0.100181736,,-0.099660852,-0.393138489,,-0.113313071,-0.099131528,,-0.142537733,-0.169016421
4/30/1980,,,,0.04300605,,,,-0.004977441,-0.039802676,,,,,0.071344534,,,0.036167013,-0.00232468,-0.02185744,-0.129378362,,,,,,,,0.22692142550450844,0.095650009,,,,,,0.13588206447484708,,,,,,,0.029567239408893053,,-0.034248009,-0.023112103,-0.336066442,,-0.045125848,0.016914920474627726,,0.080836431,-0.029418542,,0.013420871658213818,0.01926492,,0.027523750300905148,0.005098137
5/30/1980,,,,0.039275980152351675,,,,0.027527498,-0.065732986,,,,,0.006983928,,,0.06960188,-0.002783172,0.050909884,0.1042018706073553,,,,,,,,0.417567804,-0.001817562,,,,,,0.030016296,,,,,,,-0.006282852,,0.069814804,0.076605824,0.073077199,,0.05594693,-0.0091857,,0.081829295,0.049857549857549754,,0.013402182095787474,0.011184916696482583,,0.008766205,-0.044194186
6/30/1980,,,,0.006791742,,,,0.006960854,0.014387947269303147,,,,,0.007102029,,,0.009822294,-0.045888233,-0.117708101,-0.007105783,,,,,,,,-0.075665934,0.011380448389666453,,,,,,0.022029891,,,,,,,0.027707756518864368,,0.041094544,0.1783662059325981,0.19359560161967382,,0.11791849669205545,0.069907291,,0.054492623,0.15219357756671203,,0.089697312,0.050859974,,0.046539588,0.19242156659048404
7/31/1980,,,,-0.00794817,,,,-0.006926872,0.18557849398485082,,,,,-0.013575795,,,-0.031419978,0.024421768707483027,-0.195930052,-0.02473408,,,,,,,,-0.139709417,-0.020985709,,,,,,-0.072363674,,,,,,,0.1530526850157825,,0.025870612,-0.051729819,-0.079886961,,0.13974537497513428,0.16323185011709596,,0.070100238,-0.081975793,,0.13917426788286136,0.065848802,,0.072664489,0.14136156063279093
8/29/1980,,,,0.042079041,,,,0.006049908,0.10009395552771672,,,,,-0.000535364,,,0.045454545454545414,0.081014676,-0.10842602,-0.121466822,,,,,,,,0.072894353,0.005287052,,,,,,-0.026559395,,,,,,,0.069474852,,-0.020049217,0.021797544591151352,0.049560947,,-0.065799808,0.031407288,,-0.003072636,0.03463512,,0.016831724893590083,-0.026206631,,-0.01967527,-0.033178551
9/30/1980,,,,-0.002325882,,,,-0.010399864,-0.059955588,,,,,-0.012384889,,,0.041708797,0.050310215615209763,-0.061223858,-0.074985391,,,,,,,,0.13391591191874785,-0.007031384,,,,,,-0.03539429,,,,,,,-0.024474744,,0.01781911,0.049556799891183445,0.261879286,,-0.054600654,0.026546945,,-0.014817819,0.037815126050420256,,-0.007344043,-0.018434935,,0.055555432515266734,0.13661065568377695
10/31/1980,,,,0.021240772,,,,-0.007463647,0.007026045,,,,,-0.054428514,,,-0.000363989,-0.095917651,-0.012002664,-0.028953643,,,,,,,,0.052976752494449775,-0.042141623,,,,,,-0.040672006,,,,,,,0.070967034,,-0.002916897,-0.067542173,-0.101178406,,0.037695766,0.1534512264689103,,0.052632912,-0.079179664,,0.10514713250275576,0.004354011,,0.050149044362616024,-0.016253951
11/28/1980,,,,-0.025998732,,,,-0.013382889,0.007398051,,,,,-0.014438174,,,-0.030464862,-0.050135852,-0.077036038,0.002812679,,,,,,,,-0.189903788,-0.021577113,,,,,,0.00684749,,,,,,,0.052435334,,0.006827932,-0.027333797,-0.027442957,,0.062797562,-0.030333004,,0.070901718,-0.020325789,,0.010835071175990585,-0.052708387,,-0.031693718,0.023724624889673418
12/31/1980,,,,0.013802083333333437,,,,-0.010527392,0.040121798,,,,,-0.030087122,,,0.065222834,-0.097527753,0.044658355,-0.094784107,,,,,,,,-0.128997517,-0.041710179,,,,,,0.030685822551305586,,,,,,,-0.075794462,,-0.016790413,-0.069826149,-0.171208863,,-0.162388568,-0.164229854,,-0.077640013,-0.101088876,,-0.15866858,-0.043558375,,-0.073508986,-0.168845053
1/30/1981,,,,-0.021705625,,,,-0.002021633,-0.060673899,,,,,-0.081278638,,,-0.025267364,0.5835785978416725,-0.035016304,-0.003878365,,,,,,,,-0.123956723,-0.080064103,,,,,,-0.02933428,,,,,,,-0.059523141,,-0.04039761,-0.168825849,-0.165634959,,-0.095304311,-0.117982099,,-0.023571546,-0.235308561,,-0.11362445,-0.088636579,,-0.070359191,-0.048414312
2/27/1981,,,,-0.070171984,,,-0.007883648,-0.006934792,-0.005805427,,,,,-0.006986502,,,-0.023510972,0.023112848,-0.032649635,-0.142379528,,,,0.008693274,,,,-0.101191876,-0.023622047,,,,,,-0.061321808,,,,,,,0.008081756,,-0.026353268,-0.05073312,-0.09725966,,0.05154883,-0.027444649,,0.036741084516970224,-0.003639088,,0.011777559,-0.014780032,,-0.045645884,-0.079197704
3/31/1981,,,,0.012566184256971313,,,0.017536648856007586,0.010229150846473356,-0.04456328,,,,,0.007394415,,,-0.016792197,0.081606037,0.045254305,-0.001176084,,,,-0.040880099,,,,-0.121090513,0.012417927490722347,,,,,,0.016580040017117215,,,,,,,-0.013523075,,0.005625844,0.059642405,-0.037600741,,0.012873847537665739,0.026084894474745157,,-0.005571567,0.10001074229240525,,0.029561823243280827,-0.015124868,,-0.051912471,-0.006534761
4/30/1981,,,,-0.044063306,,,-0.066693595,-0.005836576,-0.03010808,,,,,-0.045346629,,,-0.024613839,-0.061754446,-0.02115794,0.051882714,,,,0.029590288,,,,-0.228745843,-0.05371493,,,,,,-0.077353198,,,,,,,-0.019762863,,-0.038793854,-0.069453376,-0.079559602,,-0.052172948,0.015021955165241518,,-0.023252155,-0.08203125,,-0.008544624,0.023696428571428507,,0.006073333,-0.016555581
5/29/1981,,,,-0.033257968,,,-0.135272902,-0.004922019,0.013133457,,,,,-0.053662715,,,-0.038689327,0.015605636388672073,-0.102958872,-0.025464195,,,,-0.030257055,,,,0.072072072,-0.029871871,,,,,,0.044344658,,,,,,,-0.042857955,,-0.017460471,-0.021094547,-0.043936768,,-0.052351116,-0.056238616,,0.008226374,-0.012234043,,-0.045546745,-0.022694367,,-0.069412875,0.064316006
6/30/1981,,,,-0.074387024,,,-0.128072517,0.000730036,-0.03568155,,,,,-0.029798231,,,-0.028996183,-0.14579473,-0.200979362,-0.066669344,,,,-0.072489682,,,,-0.169507803,0.003455425,,,,,,-0.021841997,,,,,,,-0.07198786,,-0.029236187,-0.129933436,-0.214173611,,-0.062720138,-0.088781665,,-0.083871959,-0.139041465,,-0.083370617,-0.01154821,,-0.097837091,-0.084321896
7/31/1981,,,,-0.051919472,,,0.3172396198737164,-0.027706234,-0.043859054,,,,,-0.036469384,,,-0.059517241,0.034336808,0.3380797313970185,-0.031498774,,,,0.00955854,,,,0.084345186,-0.050505051,,,,,,-0.051942064,,,,,,,0.011959177240129293,,0.002291634,-0.061860052,-0.018185654,,0.032304852,0.038125496425734706,,0.037428995,-0.034776082,,0.041200288,0.011827588,,0.04554199,0.003928817
8/31/1981,,,,-0.002665062,,,0.009683823,0.027760764378023994,-0.096712348,,,,,0.00270188,,,0.025592139033511874,-0.075089514,-0.154437995,-0.154351979,,,,-0.04270961,,,,-0.273078718,-0.008301096,,,,,,-0.060231656,,,,,,,-0.104121644,,0.037272290656222395,0.047981878,0.072385291,,-0.142099885,-0.126498342,,-0.006445148,0.047822706,,-0.102856412,0.030017489381447104,,-0.047425822,0.002022771
9/30/1981,,,,-0.028273425,,,0.016975974679902084,-0.000521446,-0.05958651,,,,,0.047217787,,,-0.015444015,0.022785090144895603,0.3167915050322674,-0.167918878,,,,-0.001196828,,,,-0.066293783,0.077610727,,,,,,-0.038626682,,,,,,,-0.059591981,,-0.01393626,-0.001139713,-0.034971948,,-0.03684955,-0.028905109,,0.022076477132985772,-0.055905999,,-0.034997922,-0.033110403,,0.018585263,-0.026910337
10/30/1981,,,,0.037878116,,,-0.128212383,0.006543839,0.014962801972749462,,,,,0.04023262,,,-0.007044299,-0.092678707,0.092682596,-0.014257751,,,,0.024115033201857372,,,,-0.045075125,0.083031674,,,,,,0.047991039,,,,,,,-0.001736076,,-0.001858416,-0.026636764,-0.013856206,,0.008579379,0.003607937,,0.1143577403460525,-0.005502424,,0.00619016,-0.030749933,,0.034137764968709794,-0.03084674
11/30/1981,,,,0.043162393,,,-0.0433254,0.021695668,-0.069840224,,,,,-0.001108108,,,0.078695239,0.040166865,-0.029010896,0.12115660551398988,,,,-0.019712038,,,,0.039181406828465715,0.018383120952579768,,,,,,0.11767069439603417,,,,,,,-0.08270396,,-0.009309383,-0.057156716,-0.114119678,,-0.069583876,-0.009286998,,-0.003467581,-0.045975497,,-0.037230464,-0.003623657,,-0.057590135,-0.098692085
12/31/1981,,,,-0.023596887,,,0.074800701,0.000144949,0.00752612,,,,,-0.011723195,,,-0.029018917,-0.057236164,0.07734287,-0.063716248,,,,-0.04911891,,,,0.013062840178129642,-0.004854701,,,,,,-0.056666546,,,,,,,-0.034791688,,-0.171497746,-0.025380493,-0.017762355,,-0.077588337,-0.032355609,,-0.02588238,-0.055509528,,-0.0520218,-0.123485425,,-0.109215128,-0.047779684
1/29/1982,,,,-0.013090543,,,-0.054497633,-0.006304348,0.023815801036997986,,,,,-0.034978455,,,-0.041756861,0.1821938620480097,0.067496867,-0.08543149,,,,0.001847978,,,,0.030379994138907795,-0.0356603,,,,,,-0.019182411,,,,,,,0.012939092465977353,,0.14162549646420608,-0.045836449,-0.001209873,,0.052683275,0.0371875,,0.042270844,-0.041374269,,0.048698775,0.15754265633600073,,-0.037037207,0.18314805765941844
2/26/1982,,,,-0.033585579,,,-0.021086013,-0.028848538,-0.051072961,,,,,-0.034407715,,,-0.047365736,-0.118182286,0.066105174,-0.101471903,,,,-0.012894581,,,,-0.07641259,-0.036622729,,,,,,0.004550777,,,,,,,-0.057557973,,0.031813039,-0.069660228,-0.06570298,,-0.08855713,-0.035854173,,-0.021235271,-0.064968736,,-0.057925271,0.040910753,,-0.059920575,-0.073307349
3/31/1982,,,,-0.015572761,,,-0.155669224,0.006127322,0.015106287,,,-0.002480592,,-0.009209606,,,-0.045590148,-0.116649178,-0.089902005,-0.003504968,,,,0,,,,-0.128002464,-0.01523556,,,,,,0.008138134,,,,,,,0.015739904,,0.027741418,-0.103171457,-0.089425554,,-0.013122383,0.0084375,,0.021355639,-0.081389659,,0.011461823311585073,0.064216315,,0.009542928,0.11504786310502024
4/30/1982,,,,0.018410939315399055,,,-0.005452342,0.007254273,0.023257886294778096,,,0.011365704482732886,,0.029321096599600027,,,0.041436242686543334,-0.009107108,0.089150465,-0.109542901,,,,0.00680476,,,,-0.191759859,-0.019677056,,,,,,0.02018187,,,,,,,0.007576945,,0,0.036799646,-0.051752288,,0.049038099,0.009606446,,0.00058175,-0.006392045,,0.022207918,0.047431156,,-0.017136743,0.080220494
5/31/1982,,,,-0.024133392,,,-0.103620981,-0.021354159,-0.06113385,,,0.005267202,,-0.012741669,,,-0.037940588,0.008991009,0.068982217,0.023649722998644318,,,,-0.045227714,,,,-0.144771337,-0.0299548,-0.055322004,,,,,-0.004869886,,,,,,,-0.039300857,,0.002253829,-0.070347474,-0.103267398,,-0.045037756,-0.041129527,,-0.029866501,-0.103466762,,-0.045064547,0.052029317,,-0.062041306,0.036715281
6/30/1982,,,,-0.024820144,,,-0.031712474,-0.03270745,0.037658844263055435,,,-0.01875752,,-0.048969132,,,-0.053035757,0.038481848,0.031802468163060205,-0.039208633,,,,0.003924589,,,,-0.052452316,-0.054809667,0.010083794915495048,,,,,-0.038137908,,,,,,,-0.020258436,,-0.030677622,-0.034051823,-0.04766689,,-0.045938059,-0.028169014,,0.011922217567378768,-0.041060395,,-0.032133976,-0.070880652,,-0.030824429,-0.061453926
7/30/1982,,,,-0.002858724,,,-0.055520898,0.030479023168440866,-0.046661303,,,0.022441667813073884,,-0.00850601,,,-0.018922115,0.035911777791902244,-0.049827227,-0.036418093,,,,0.013700632055825501,,,,-0.05301941,-0.011363636,-0.037214098,,,,,0.035015716,,,,,,,-0.073515039,,0.032801625,0.072581602,0.094150744,,-0.034435126,-0.025032938,,-0.067821267,-0.000415714,,-0.027906317,0.012400225751834304,,-0.036542353,0.078795177
8/31/1982,,,,-0.011190234,,,0.006852708,0.014720403481853994,-0.070323488,,,0.023082526,,-0.015193314,,,-0.012054417,0.046324702,0.065143357,0.019639009572250954,,,,-0.014812946,,,,-0.133232112,-0.016818796,0.10709765358777146,,,,,0.066021786,,,,,,,-0.076363901,,0.012334438736517406,0.17722569578929903,0.1650275331576354,,-0.063151441,-0.105067568,,-0.034814148,0.10958619255562496,,-0.077682378,-0.012423547,,-0.02031467,0.037379197
9/30/1982,,,,-0.016460905,,,0.036654366543665384,0.004865561,-0.023096319,,,0.017815815,,-0.017480861,,,-0.035820115,-0.04057937,0.14223802539931052,-0.085790002,,,,-0.029998171,,,,-0.097657105,-0.031892031,-0.000659573,,,,,0.066104057,,,,,,,-0.032679345,,-0.033591765,-0.032759917,0.024883673882257762,,-0.05039267,-0.050207626,,-0.078096042,-0.103635682,,-0.045120638,-0.06689891,,-0.102456432,-0.021973354
10/29/1982,,,,-0.012457208,,,-0.102673628,0.011918773558200924,-0.008878794,,,0.020005337,,-0.01857022,,,-0.034167947,-0.024815109,-0.037689656,0.086925219,,,,-0.013162361,,,,0.10264498908032027,-0.02424081,0.12733752805033638,,,,,0.076957026,,,,,,,-0.03040653,,0.004965628,0.044948734146460056,0.22450920575673816,,-0.016425454,0.031796502384737746,,-0.014952792,0.21471879573489439,,-0.004310774,0.008469303,,-0.007036513,-0.085228506
11/30/1982,,,,-0.027058257,,,0.003878702,-0.008347934,-0.016041667,,,0.001098789,,0.039127624,,,0.1084698175011698,0.005640865,0.006486876,0.045738988,,,,0.006688068,,,,0.061179577,0.040586041,0.030482807072323537,,,,,-0.016531472,,,,,,,0.088939173,,0.010645992,0.045340402,-0.001480135,,-0.005138386,0.086671803,,0.072154936,0.087951807,,0.048456389249675436,0.030421966,,0.043772235143630045,0.071805543
12/31/1982,,,,0.000890736,,,0.094221988,0.011357900050479541,0.008680923,,,0.014428128937132412,,0.039661866,,,0.066109422,-0.043814272,-0.04592537,0.00360042,,,,-0.001328727,,,,-0.17669017,0.05299519,0.017309294750397664,,,,,0.023372079228904052,,,,,,,0.015560349472476975,,-0.001504836,0.008941679,0.074542092,,-0.045193098,-0.002126905,,-0.024850673,0.017402309761113788,,-0.016501493,0.00128075,,-0.044074824,-0.023653088
1/31/1983,,,,-0.068426777,,,0.13907391060107543,-0.005916117,0,,,-0.006394212,,-0.046495113,,,-0.031994931,-0.111067657,-0.054073737,0.068594396,,,,0.007317722,,,,-0.094962217,-0.014782825,0.038087792,,,,,-0.042822278,,,,,,,0.093973733,,0.025989162,0.12694003527336872,0.28018848596599044,,0.060609786,0.046181172,,-0.00450311,0.27025346,,0.054517562,0.017276321472474265,,0.038548484,0.014706549518351153
2/28/1983,,,,-0.007536355,,,-0.0611526,0.006807845,0.057094878253568515,,,0.011664433303403499,,0.010100587457530619,,,0.000245439,0.028963191083736683,0.014169591112832558,-0.083199925,,,,-0.040492858,,,,-0.00807125,-0.0314423,0.013592999067498779,,,0.03943452,,0.056046381,,,,,-0.248704039,,0.012245204220944439,,0.049923942209135985,-0.182362377,-0.178696028,,-0.067230787,-0.082852292,,-0.154515028,-0.205288285,,-0.071193397,0.069107417,,-0.09627559,-0.052586085
3/31/1983,,,,-0.010374332,,,-0.020711391,-0.005544392,0.057783956,,,-0.01056282,,0.001201276,,,0.000408965,0.039407112,0.025894067184858427,-0.031990642,,,,0.088985467,,,,0.12177328843995494,-0.010617929,0.011464562471250161,,,-0.008817045,,-0.009372398,,,,,-0.004894095,,0.11101247674508996,,-0.05489367,-0.017992152,-0.094362172,,0.10873617497203925,0.10662717512032582,,0.073702646,-0.000308071,,0.10685550352832562,0.092011608,,0.12052882240183393,-0.046019411
4/29/1983,,,,0.053280017291689186,,,0.10252873563218401,0.010147642295608827,-0.062511733,,,0.011342211704017391,,-0.017103848,,,0.002616303,-0.018853695,0.010999586891288882,0.046585754566629944,,,,0.033407974573822496,,,,0.070035018,0.003078818,0.081686199,,,0.025945144,,0.03907857,,,,,0.19987099895186633,,0.004455575,,-0.031449024,0.027239060520417135,0.12053187216707784,,0.052118359,0.00301104,,-0.033360892,0.067950693,,0.006122175,-0.050269953,,-0.030474346,-0.05373853
5/31/1983,,,,0.025959367945823875,,,0.070753406,-0.004278184,0.054565479,,,-0.009472099,,-0.031612268,,,-0.009540895,0.045209978,0.059509483439902366,0.17518700112117003,,,,-0.030929997,,,,0.6741467975689575,-0.02297641,-0.012483829,,,-0.035545204,,-0.054400752,,,,,0.048850961,,-0.043204606,,-0.008022444,-0.048954034,0.070264596,,-0.061894109,-0.074716478,,-0.083980583,0.054249026,,-0.075698804,0.008969072,,-0.050484082,-0.042126633
6/30/1983,,,,-0.04620462,,,0.013955601713617982,0.003064786,-0.002088674,,,0.00178135,,-0.006902667,,,-0.002634612,0.002741008,-0.056569629,-0.117232443,,,,0.029843479515291538,,,,-0.177883273,-0.004128893,0.045424772384882406,,,-0.002264989,,0.005063391,,,,,0.053046319,,0.03994541,,-0.02849395,0,-0.116830925,,0.043265955030660885,0.003604903,,0.059563765,-0.068974956,,0.009354327,-0.01758893,,0.011643170614519471,0.016627553712092347
7/29/1983,,,,-0.008912656,,,0.090519173,-0.004648919,0.015127009799257962,,,-0.007444186,,-0.045328011,,,-0.019729239,0.026068404560303904,0.007030264,-0.094701186,,,,0.048589589,,,,0.011209239130434812,-0.024155025,-0.037906081,,,-0.044267866,,-0.060453334,,,,,0.057309728,,0.077375719,,-0.005152604,-0.012718839,0.012757313,,0.18983346032437143,0.10847701149425282,,0.042862133,0.035425548,,0.14458462270887895,0.015140259122786048,,0.044849696818200835,0.019460301
8/31/1983,,,,-0.011849344,,,-0.130730848,-0.000249688,0.017150890346766534,,,0.000997721,,-0.017147154,,,-0.012126316,0.010591293047433448,0.027893511290337125,-0.165668876,,,,0.047490231,,,,-0.11051394,-0.017641082,0.007651981,,,-0.001713793,,-0.001908416,,,,,0.00569653,,0.11387741161322307,,-0.103189055,-0.006112964,0.014829771870236153,,0.42438935138596645,0.18308489954633833,,0.063207497,-0.009227712,,0.2616532179796467,-0.074411252,,0.043969945787001974,0.067570058
9/30/1983,,,,-0.00267666,,,-0.010062129,-0.00036728,-0.051875058,,,0.012930103336915577,,0.017530274,,,0.039468076,0.021410660322767283,0.050653786,0.037628668,,,,-0.038801212,,,,-0.09913142,0.021154569386987676,0.011310023912622036,,,0.039262821277127546,,0.050564277,,,,,-0.067170157,,-0.013213558,,0.085301205,-0.040004066,-0.107970642,,-0.047270392,-0.018077239,,0.018716348,-0.085828915,,-0.049913185,0.077784279,,-0.096283051,-0.054422887
10/31/1983,,,,-0.000966184,,,-0.052595675,-0.000984671,0.038483965,,,-0.000665451,,-0.009132169,,,0.000902083,0.081518318,0.037071611,-0.145056393,,,,-0.018956481,,,,-0.144414169,-0.021821195,-0.016647495,,,-0.017347728,,-0.027932765,,,,,0.002208047,,-0.028188922,,0.033973444,-0.071110876,-0.220423357,,-0.122488877,-0.035983264,,-0.045931205,-0.078683386,,-0.061858055,-0.021816955,,-0.043829795,0.057998608937576135
11/30/1983,,,,-0.019449817,,,0.12370391705069128,-0.005678475,-0.02676399,,,-0.000334973,,-0.021051365,,,0.008684965,0.006053198,0.050471176,0.054429466,,,,-0.024935337,,,,0.022537971582557548,-0.003200301,0.005751422,,,0.010218468431955063,,0.013304994186525088,,,,,0.16328029375765007,,-0.010155559,,0.054231584,0.062817078,0.11268593083846512,,-0.050626104,-0.037905093,,-0.040731382,0.090336849,,-0.040933077,0.048011879,,-0.041107064,-0.023354233
12/30/1983,,,,-0.002410959,,,0.23881840317826475,-0.003831928,-0.032307692,,,0.000670171,,-0.011579107,,,0.004467549,0.15435348568122653,-0.036246995,-0.093901966,,,,0.008963556,,,,-0.145424054,-0.013503305,-0.008270871,,,-0.009784737,,-0.014512025,,,,,-0.007891414,,-0.010272617,,0.040182447142418365,-0.051381067,-0.070552774,,0.072827318,-0.005714286,,0.029044495983534757,-0.050241847,,0.024168252,0.081277193,,0.021784551,0.078385178
1/31/1984,,,,-0.039986818,,,-0.084932499,-0.003980336,0.004272655,,,0.003457979,,-0.036655223,,,-0.020782792,0.082894803,0.026299639,-0.030361822,,,,-0.010155512,,,,-0.082982899,-0.035225424,-0.010783164,,,0.012648209,,0.011155534906851727,,,,,0.020946018,,-0.023720467,,-0.005052678,-0.037654775,-0.054068415,,-0.079951727,-0.136721113,,-0.026881399,-0.020535568,,-0.122483306,0.006273908,,-0.095598018,-0.01006515
2/29/1984,,,,0.060189953,,,-0.035667854,-0.001998121,0.003561888,,,-0.003117738,,0.074422252,,,0.002807829,0.052297866,0.04910473,0.047267625,,,,0.000850635,,,,-0.149495567,0.028078182359360992,-0.050452824,,,-0.015285517,,-0.027453021,,,,,-0.018958084,,-0.001857947,,0.022862194460934626,0.051935844,0.11377547067482752,,0.029676996228889863,0.011913104,,-0.07894535,0.032036229,,0.021999714,0.064649786,0.025110439,0.009906342,-0.024567488
3/30/1984,,,,-0.031840259,,,0.077842907,-0.019513215,0.046731736172729965,,,-0.005269623,,0.007446897,,,0.037058387548381866,0.068698597,0.045081683,-0.052305097,,,,0.053752623,,,,0.022286125089863384,0.00791353,0.010820934346061906,,,-0.02483975,,-0.029317459,,,,,0.038066497,,0.063206271,,-0.044342807,-0.028260262,0.009182289,,0.055573248,0.011080332409972415,,0.099258951,-0.025841053,,0.031365468592542856,0.011057573511242813,0.014742572011793964,0.129056621,0.082491637
4/30/1984,,,,-0.029431438,,,-0.013922123,-0.009295521,0.009983988,,,-0.002028643,,-0.054145764,,,-0.01286429,0.069467879,0.00182855,-0.204063465,,,,0.010386489,,,,-0.138537271,-0.051129835,0.002161606,,,-0.012736223,,-0.023124399,,,,,-0.032998419,,-0.028421763,,-0.035263985,-0.037300994,-0.096984318,,0.083798461,-0.085273973,,-0.063096023,-0.018852186,,-0.024169143,-0.036756889,-0.015645954,-0.043023684,-0.030283577
5/31/1984,,,,-0.011716058,,,0.027851313,-0.005675788,0.029376107432621312,,,-0.013743948,,-0.008639162,,,-0.025259432,-0.017855081,-0.019159495,-0.099375,,,,0.025691152273430662,,,,-0.092244898,-0.010898083,-0.065666941,,,-0.052262364,,-0.070856325,,,,,-0.020727848,,0.024105547,,0.0053851,0.018388059701492487,0.025247127972214845,,0.13849258821073152,0.026581804567577638,,0.064968349,0.00765176,,0.082424765,-0.023304198,0.017938237965485992,0.041696553,-0.049503502
6/29/1984,,,,-0.022198977,,,-0.11348393,-0.018640554,-0.082533068,,,0.004392405,,-0.023199405,,,-0.027977222,-0.029894605,-0.006682037,-0.161839366,,,,0.017566709021600957,,,,-0.127248201,-0.040093858,0.010883107365335487,,,0.009756104,,0.002627253,,,,,-0.032907847,,0.001038077,,0.022194091103987512,-0.044436628,-0.103787808,,-0.154777187,-0.07293946,,-0.003036583,-0.059736753,,-0.131354789,0.033952461,-0.037474905,-0.005475782,-0.000826051
7/31/1984,,,,-0.046119101,,,-0.155913328,0.005012689,-0.083045324,,,0.012662502110416973,,-0.049172941,,,-0.04058414,-0.016962843,-0.025518136,-0.09669688,,,,-0.018012674,,,,-0.18444101,-0.060686577,-0.016783267,,,0.058410211,,0.081761221,,,,,-0.155713967,,-0.104262617,,-0.021712208,-0.104662577,-0.171343122,,-0.148983872,-0.151455547,,-0.053355365,-0.137293611,,-0.170342104,-0.021192402,-0.079258401,-0.027835318,-0.085461634
8/31/1984,,,,0.004610592,,,0.2634447153305608,0.012469219066141957,-0.026383804,,,0.000448659,,0.00230621,,,0.012477876106194552,0.015735414954806792,0.078077559,-0.020261469,,,,-0.068142803,,,,0.015161087,0.018329938900203624,0.099505973,,,0.004917752,,0.021175543,,,,,0.081794195,,0.012853502567731878,,0.030231877547964636,0.021926819,0.051154164,,0.084133594,-0.062123319,,0.015275097,0.031828583,,0.039184226,0.032470449,0.052605084,-0.033564729,0.002641071
9/28/1984,,,,-0.056065492,,,-0.065323496,-0.01697856,-0.015042584,,,0.009359356,,-0.066085312,,,-0.024997815,0.041661611,-0.074226621,0.006253385,,,,-0.007232409,,,,-0.09334163,-0.055333333,-0.002280119,,,0.020357289,,0.031654492,,,,,0.014207317,,-0.017637277,,-0.013740892,-0.018707255,-0.005221745,,-0.058085757,-0.062283737,,-0.027848422,-0.066532258,,-0.070301242,-0.037254341,0.005499761,-0.014204533,-0.063156871
10/31/1984,,,,-0.010512484,,,0.04736171,0.002631745,0.036271757,,,0.014020265962230605,,0.012768590392620238,,,0.000986105,-0.077583194,0.019935843,0.045948326,,,,0.005292005,,,,0.072065889,0.013996706657257052,-0.008805243,,,0.037866462284877445,,0.052998546300911054,,,,,0.043527926,,-0.014362835,,0.039546395,-0.043525794,-0.044605834,,0.092376831,0.034791776489193404,,0.050136914852001446,-0.008639309,,0.048492453039081784,0.006688186,-0.045422117,0.044668116105225586,0.054412846979789764
11/30/1984,,,,-0.026162019,,,-0.049857963,-0.007497289,-0.043671435,,,0.00679341,,-0.035401277,,,-0.013970983,0.012881499,0.010424866574707314,0.04051462,,,,-0.044454699,,,,-0.09475032,-0.035262731,-0.024039603,,,0.010133672598325871,,0.013154607544095365,,,,,-0.007547387,,-0.016020264,,0.03188206,-0.022003143,-0.036628199,,0.016760627761694513,-0.029546612,,0.019223008629788207,-0.027668845,,-0.034863257,0.052701108,-0.036372696,-0.023461947,0.10295920467459485
12/31/1984,,,,-0.031910541,,,-0.030752334,0.002771355,0.003626062,,,0.006116465,,-0.018402082,,,-0.021344233,-0.045343086,0.040143520321920034,0.007778427,,,,-0.018065393,,,,-0.212164074,-0.020079356,0.013549193996664988,,,-0.000391243,,0.002203964,,,,,-0.119238361,,-0.032343613,,0.029847950295045056,-0.071365961,-0.110807292,,-0.022403716,-0.088188976,,-0.013682776,-0.090073941,,-0.06143214,0.002253981,-0.027662875,-0.01696127,-0.011131033
1/31/1985,,,,-0.029863361,,,0.10676739062008189,-0.002116202,-0.026306876,,,0.006519677,,-0.005654622,,,-0.014756381,0.086547671,0.054835185223360616,-0.070179352,,,,0.000673977,,,,0.038599641,-0.035092025,0.060224857750051486,,,0.028571431306933626,,0.029903215755835433,,,,,0.066635908,,0.012070165575767122,,0.007160831,-0.019507591,0.001581491,,0.099179888,-0.025331031,,-0.024966033,-0.042600345,,0.02733525,-0.015730228,-0.00159532,0.008626959,-0.031406138
2/28/1985,,,,-0.041527516,,,-0.061145555,-0.040150664,-0.021335807,,,-0.009471431,,-0.05803582,,,-0.01912208,-0.061463258,-0.057424091,-0.106040977,,,,-0.018330755,,,,-0.084701815,-0.066759919,0.007468236,,,-0.041630694,,-0.059207214,,,,,-0.132917259,0.034059945504087086,-0.02924518,,-0.047054291,-0.060810269,-0.120617562,,0.033888850149919936,-0.120496161,,-0.004307137,-0.111111111,,-0.067531534,-0.04446201,0.037283621837550074,-0.011536676,-0.043588375
3/29/1985,,,,0.15861233146492948,,,0.14146371016600034,0.016900247320692507,0.053317536,,,0.008719177,,0.090770175,,,0.032651493,-0.038678279,0.031936804,-0.155117814,,,,0.025534045393858396,,,,-0.066100094,0.10192124267611402,-0.017649702,,,0.020064218,,0.027163861936140288,,,,,0.045253706,0.08629776,0.036866736149428814,,-0.012432876,0.1400017083796019,0.17982310301256899,,0.1195791461522897,0.059771659,,-0.014678987,0.13020833333333326,,0.056725075,-0.017500776,0.081899872,0.060222719,-0.040402788
4/30/1985,,,,-0.006145397,,,-0.074306035,0.000129712,-0.026546682,,,0.009088216,,-0.023735158,,,-0.010508695,-0.021005418,0.013458306,0.10628295533955923,,,,0.006708254,,,,-0.130434783,-0.012612835,-0.013654776,,,0.020456335,,0.014791557879838102,,,,,-0.050521579,0.022437841115827917,0.007905145,,-0.035254155,-0.052674959,-0.084324446,,0.073072289,-0.124841572,,-0.033717477,-0.04889913,,-0.02913348,-0.067711211,-0.005932606,-0.019395389,-0.066063073
5/31/1985,,,,0.053545586,,,-0.008600424,0.00218861,-0.042292581,,,0.013756789541594872,,0.023688822,,,0.005545113,-0.077251077,-0.010778305,0.094177099,,,,-0.031952726,,,,-0.115116279,0.019286162,0.048685169,,,0.070435167,,0.094952647,,,,,-0.107137728,0.016014234875444844,-0.018766184,,0.015284031005695864,-0.001502808,-0.008002462,,-0.043844383,-0.052860246,,-0.045885045,-0.022611036,,-0.045426691,-0.026641455,0.030078777751253227,-0.036697332,0.048975719664403616
6/28/1985,,,,0.015859140859140863,,,-0.005899023,0.006341195,0.012789575,,,0.004034322,,0.003561867,,,0.007010001,-0.028364959,-0.010812237,-0.057153354,,,,-0.008553352,,,,-0.097240473,0.007249048,0.001610662,,,0.002188172,,0.008588669,,,,,-0.016728326,0.058377116,-0.013405498,,-0.038924737,-0.005624208,-0.013155445,,-0.048027243,0.016819571865443583,,-0.007037815,-0.009639218,,-0.020480855,-0.071978428,-0.003244496,0.01672807,-0.014602116
7/31/1985,,,,0.085925015,,,0.027575775205072928,0.005995821,-0.026209197,,,-0.004669663,,0.086269077,,,0.051234453,-0.031166203,-0.070144456,-0.08149179,,,,-0.070663972,,,,0.5254730713245996,0.10941693095877048,-0.01188712,,,-0.014919935,,-0.024330565,,,,,0.048421397,-0.023717595,-0.095891218,,-0.076802849,0.030510634907989997,0.022605797648242554,,-0.096398174,-0.016541353,,-0.120843471,0.071468298,,-0.054376321,-0.093729497,0.034410602185538375,-0.080934421,-0.073968202
8/30/1985,,,,-0.014149875,,,0.033459775,-0.007717751,-0.02654759,,,0.001846885,,-0.012500263,,,-0.01456825,0.01556217,0.016613829,-0.013090116,,,,-0.004631494,,,,0.055343511450381744,-0.016382628,-0.01802923,,,0.023939012,,0.025656106300998793,,,,,0.050943985,0.007344633,-0.017996548,,0.009105363,0.013682745825603027,-0.013620292,,-0.115418743,-0.004587156,,-0.073469838,0.17077601868673753,,-0.024436595,0.003137174,0.055518093953697445,-0.072784365,-0.092502736
9/30/1985,,,,0.006544953,,,0.022953873123698898,-0.003285024,0.022872942063591806,,,0.002731599,,0.045628229,,,0.10357494848131887,0.029721808,-0.004543701,0.056800737,,,,0.035181064,,,,0.075949367,0.04840152,-0.036005589,,,0.000729941,,-0.005754276,,,,,-0.083215797,0.088614694,0.027428868281899055,,0.088182302,-0.037367498,-0.043170625,,-0.035185185,0.033794163,,0.007997749,-0.099091111,,0.001947978,0.050845419,0.062606474,0.032146309,0.1410775636504289
10/31/1985,,,,0.03718914,,,-0.074760349,0.003570505,0.047303108,,,0.003050601,,0.022915879837088093,,,0.021190225,-0.145967541,0.17064978684924426,0.034398605461940734,,,,0.054701089,,,,0.086554622,0.021750719692930964,0.035294118,,,0.025164103352425915,,0.038858929,,,,,0.025829959514169998,0.077794951,0.035594865511234586,,0.03580909,-0.001188307,0.004919047,,-0.06150032,0.089153046,,-0.003961778,0.063238189,,0.002447392,0.071572234,0.074749499,0.090067189,0.081602744
11/29/1985,,,,0.036185657721073294,,,0.004051629,-0.011639326,-0.040122008,,,-0.000543679,,0.038288828,,,0.043011608,-0.013624138,0.037666445964834816,-0.004774744,,,,-0.000685591,,,,-0.00154679,0.029740165,0.069484241,,,0.027070371619120737,,0.04023813,,,,,-0.003867709,-0.003824092,0.037514723,,-0.016010665,-0.010548858,-0.007002075,,-0.040051129,-0.008867667,,-0.015338845,0.064568387,,-0.05403062,0.031129829701519895,0.011747156442289741,0.037820853,0.032750166
12/31/1985,,,,-0.025687294,,,0.037931631,-0.011222595,0.030432657,,,0.00271735,,0.024565349018250915,,,0.011357572985746023,-0.076471634,0.43147819922013486,0.006152283,,,,0.004876602,,,,-0.082881487,0.007600324,0.03540766,,,0.040602028,,0.058618041105140906,,,,,-0.066957211,-0.122360845,0.018461268948176457,,-0.01849416,0.011623246492985961,-0.049131627,,0.11362627607634268,0.017205781,,0.060833296842842666,-0.014565217,,0.05832268,-0.060306044,-0.12624401,0.025392056186241074,-0.021509983
1/31/1986,,,,-0.023314087,,,-0.066092752,-0.015748291,-0.028584984,,,-0.001408488,,0.020383659,,,0.042508291,-0.171448745,-0.111318162,-0.077022327,,,,-0.063807802,,,,0.053209459,0.011465352509302917,0.002822782,,,0.001009082,,-0.00073334,,,,,0.08118896,-0.182066703,-0.017119875,,-0.009039374,0.055071315,0.028804888934665485,,-0.088640893,0.0067659,,-0.112904391,0.076549746,,-0.017959295,-0.025764997,-0.250580046,-0.04661301,-0.035117804
2/28/1986,,,,0.023201339,,,-0.073743681,0.001004201,0.046275946,,,0.002169282,,0.067320598,,,0.064054367,-0.042609235,0.1488989668888936,0.11529812192305355,,,,0.02140492,,,,0.018444266,0.070895893,0.060782876411083375,,,0.066053507,,0.11622992392223153,,,,,0.040923729,-0.247326203,-0.057845766,,-0.02053595,-0.033721367,-0.072982714,,-0.152890755,0.055107527,,0.006060677,0.079303279,,-0.015015433,-0.008470603,-0.294117647,0.050127871,-0.093447784
3/31/1986,,,,0.024419492,,,-0.087255217,0.024611680516310352,0.035243318940366475,,,0.006926425,,-0.051291548,,,0.013452914798206317,0.13400226573879248,-0.002227329,0.15008174386920992,,,,0.021940489,,,,0.45748031496063013,-0.035840297,0.053679031,,,0.043478279,,0.088430797,,,,,-0.00739511,-0.103907638,0.034141402,,-0.069872282,-0.028524794,-0.094675834,,0.1278265358802273,-0.046496815,,-0.097912933,-0.000759446,,0.022171433956929443,-0.071897876,-0.234051037,0.062881825,0.058699007
4/30/1986,,,,0.053208471,,,-0.059369724,0.018570193045152728,0.000901815,,,0.002365791,,0.065685545,,,0.047398766,-0.023547881,-0.071771924,-0.035348749,,,,0.083139787,,,,-0.027012426,0.061440678,-0.02570829,,,-0.004866187,,-0.015271738,,,,,0.013912117986924155,0.34192269573835476,0.03364643,,-0.04507567,0.039683175,-0.006879001,,-0.033781928,0.036072144,,0.042618916,0.036291089,,0.026323675172302607,-0.018023082,0.29672045809474223,0.093942866,0.063324304
5/30/1986,,,,-0.041022532,,,-0.021687107,-0.002082699,0.016893794,,,-0.003968986,,-0.058135473,,,-0.031556039,0.06847413,-0.194153591,-0.053296002,,,,-0.143178411,,,,-0.20766241,-0.058065687,0.054308024,,,-0.045950489,,-0.06870964,,,,,-0.024893154,-0.019940916,0.018259472591199533,,-0.013112486,-0.012466333,0.015414798206278002,,-0.0764639,-0.072211476,,-0.128199454,0.00770077,,-0.046737788,-0.045616357,0.11401043757527107,-0.153322307,0.060275673
6/30/1986,,,,0.046675798,,,-0.008714264,6.421679590284946e-05,-0.044744711,,,0.006570856,,0.05700227,,,0.066953073,0.021612749,-0.116889588,-0.043895605,,,,-0.043541069,,,,-0.13244569,0.084087844,0.011824194907679386,,,0.046173731,,0.069486383,,,,,0.027450980392156765,-0.129615674,-0.076029654,,0.094771165,0.001792254,-0.031978234,,-0.067610547,-0.025017373,,0.040894604732492956,0.016011645,,-0.049005749,0.10310959494667382,-0.104144144,-0.013072023,0.24384724928141477
7/31/1986,,,,-0.029394,,,0.07888649,0.005971779,-0.002086957,,,0.001283965,,0.045156984057710625,,,0.058725144,-0.015464953,0.001122355,-0.00569816,,,,-0.038162905,,,,-0.041195477,0.062549978,-0.064613831,,,0.005555549,,-0.017576853,,,,,0.030833708,-0.174025974,-0.101901647,,0.015373879512525113,0.044415059,-0.007331976,,-0.029159331,0.043478261,,-0.033652153,0.072170487,,0.023535824001585492,0.032607218,-0.106596943,0.046747687,0.058993341
8/29/1986,,,,0.002696536,,,0.059967122,-0.003877763,0.097943534,,,0.008228935,,0.029221523547520833,,,-0.00351062,-0.012715898,0.1866136136688048,0.18758869119091814,,,,-0.022691585,,,,-0.205560236,0.020152186637678815,0.070777118,,,0.031650618,,0.048296673,,,,,0.23972702192536643,0.4046121593291405,-0.054572545,,0.023905511587867245,0.063826618,0.004472712,,-0.188144622,0.076502732,,0.10744427309687388,0.3402371805578752,,-0.017596941,0.046140428822958324,0.4430436740207111,-0.000342322,0.055302412267611345
9/30/1986,,,,-0.031547373,,,-0.055428186,0.001265579,0.2965079365079364,,,-0.003709673,,0.001169405,,,-0.003699137,0.04132516,-0.014677753,-0.015993382,,,,-0.033560388,,,,-0.031813362,-0.005491803,-0.091500139,,,-0.025787113,,-0.050691275,,,,,-0.023893183,-0.069402985,0.06959257,,-0.040466948,0.09283114,0.075534131,,0.044394807,-0.008883249,,0.024533509,-0.121759721,,0.014610589597654489,-0.040424695,-0.070202808,0.015311464182315326,-0.105675983
10/31/1986,,,,-0.022001495,,,-0.067104512,-0.000287995,0.003428012,,,0.00106403,,-0.020182437,,,-0.054985856,0.11905549308816732,-0.137316186,0.060903274,,,,0.038589425373483754,,,,0.098576123,-0.040715404,0.061133917674470295,,,0.015389351,,0.015857660859776024,,,,,-0.054835613,0.008019246,-0.019802691,,0.006490463,-0.056566304,0.009761471,,0.031680256650180594,-0.002560819,,0.061879108,0.033063715,,0.010976202,0.060044259,0.019463087,0.081997412,0
11/28/1986,,,,0.023916129736813563,,,-0.018135904,0.007394011,0.14486741499918665,,,-0.001062899,,0.044910471,,,0.007795447,0.031384834,-0.104327809,0.047017389,,,,-0.006493214,,,,-0.043868395,0.040295558,0.016154328732747913,,,0.008487456,,0.015928549,,,,,-0.114256697,-0.012728719,-0.03038347,,0.024977608999390943,-0.035037686,-0.05066767,,0.011142783104431286,-0.01283697,,0.21467302769373986,-0.16510989,,0.007013836,0.041736252860765655,-0.023370639,0.024020725342234428,0.072124811
12/31/1986,,,,0.041915529,,,0.026030707,0.003320359,0.12170515097690937,,,-0.001913029,,0.024501358168413034,,,0.023514851485148647,-0.008424069,-0.092939122,-0.073203549,,,,-0.017768801,,,,-0.065693431,0.019243475,-0.030200134,,,0.001514689,,-0.005696153,,,,,0.040490182026658994,0.17324738114423854,-0.099857556,,-0.060929319,0.030680458799521526,-0.002773595,,-0.033828806,-0.027308192,,0.051528418,-0.011187891,,-0.020918805,-0.061691926,0.18705763397371067,-0.041047847,-0.099136066
1/30/1987,,,,0.022417852390213877,,,-0.059475883,0.035658865630047165,-0.069166456,,,-0.002129662,,0.048914073,,,0.025513906,-0.03068832,-0.093913069,0.17144542237546512,,,,0.040916757,,,,0.255580357,0.039542986791994084,0.13214854111405838,,,0.008469455,,0.015276759466041678,,,,,0.044355672,0.028846153846153744,-0.018751792,,0.137715413,-0.004574316,0.011919898,,0.080901857,-0.001336898,,-0.019905619,0.10798668885191343,,0.011133578580651449,0.12080175918748304,0.045428734,0.050090674,0.062109812710100964
2/27/1987,,,,0.025530636764117043,,,0.016394766596672605,0.00347063,0.001224823,,,-0.000854924,,0.002014964,,,0.002299257,0.042392082,0.021043729372937303,0.088881143,,,,0.019287965552448272,,,,0.019555555555555548,0.00389742,0.034300173,,,0.005734156,,0.017348517981806477,,,,,-0.051770758,-0.096128171,-0.068963715,,-0.002204992,-0.003703704,-0.016766138,,-0.085153374,-0.008032129,,-0.050156623,-0.00390449,-0.025668249,-0.030021203,0.033395909495109066,-0.109451385,-0.003602908,-0.058731246
3/31/1987,,,,0.042565655,,,0.021215733,0.024225618,0.04485524,,,-0.003416411,,0.010998753090246005,,,0.049938239,0.016530343762512167,-0.226354641,0.017996870109546093,,,,0.032902902684929014,,,,-0.183958152,0.018324404,0.021157069723191313,,,-0.015930275,,-0.019601833,,,,,0.10258728613158996,0.11964549483013309,0.05691115,,-0.009954229,0.026710725595484153,0.13238289205702647,,-0.002011803,0.045209176788124195,,-0.060203353,0.058646163,-0.03332838,0.027944756321724773,0.033409367,0.14181152790484908,0.01607139,0.10922363661506451
4/30/1987,,,,0.041389643,,,0.006458139,-0.025214584,0.14648107193963833,,,-0.007926677,,0.006822605,,,0.038151261,0.027458924150348896,0.18646528582918154,-0.0337852,,,,-0.007167854,,,,0.068376068,0.026534502478078537,-0.006166815,,,-0.044593773,,-0.054903103,,,,,0.112533905,-0.036939314,0.10833055760717913,,0.017499006490926172,0.079991954,0.28322048243757925,,0.019889799758097126,0.10910264686894777,,0.15489144582704206,0.084591285,0.046147146,0.074257545,0.059517044,0.017895299145299193,-0.000106434,0.11813994383349513
5/29/1987,,,,-0.019872314,,,-0.048627754,0.000534123,0.13752411210711446,,,0.003172892,,-0.021568266,,,-0.027143705,0.007228916,-0.009124843,0.010630989,,,,-0.030194929,,,,-0.081,-0.031196613,0,,,-0.014467731,,-0.009912896,,,,,-0.050462097,0.035616438,0.02442137,,-0.004758433,-0.013720743,-0.050732404,,0.009223877,0.054714785,,-0.034144802,-0.050288866,0.002197923,0.021886809,-0.000623737,0.051954867488848144,0.000912284,0.075019512
6/30/1987,,,,-0.008256881,,,0.043068422,0.006192517,0.058952618453865346,,,0.004339851,,-0.00285859,,,-0.022465054,0.009080035,-0.128742076,0.076818491,,,,-0.060671746,,,,-0.013057671,-0.005980219,0.042565064,,,0.008510634,,0.004804316,,,,,-0.007702872,0.025132275132275117,-0.04303128,,0.04340347,-0.008309203,-0.046813931,,0.021934978456717547,-0.009381898,,-0.008821635,-0.045485967,-0.008772412,-0.018710515,0.014417315757938809,0.056123722,-0.063196392,0.041901164
7/31/1987,,,,-0.014616096,,,-0.017528825,0.002531492,0.089299171,,,0.001403796,,-0.022999601,,,-0.02479714,0.018373834797133393,-0.039810736,0.022860181,,,,-0.017132468,,,,-0.147739802,-0.020593907,0.054850243,,,-0.011359959,,-0.021857983,,,,,0.073775424,0.001290323,-0.123322819,,0.020090643,0.026659895899454167,0.12686793828210408,,-0.034879264,-0.026740947,,0.083878016,0.11037079953650064,0.039819054721155656,-0.034971623,0.013055729878056477,0.079121398,-0.007597604,0.085356973
8/31/1987,,,,0.027131055,,,0.009039727,0.007318253,-0.026634383,,,-0.001525079,,0.022426754620550104,,,0.050797160479459924,0.018095238095237942,0.12652931180968552,0.14572505197505192,,,,0.018996347768344135,,,,-0.053040103,0.026224602299574684,0.033265004,,,-0.020808512,,-0.022910475,,,,,-0.070051558,-0.067654639,-0.03898187,,0.082927759,-0.034499815,-0.115333818,,-0.049642573,-0.016027476,,0.044072155990406925,-0.040177407,0.19194523470839253,-0.028242678,0.052169371,-0.066097614,0.039739065,0.032274415
9/30/1987,,,,-0.001005393,,,-0.082986248,0.009411588,-0.069518479,,,-0.007276699,,-0.018970465,,,-0.030954095,0.080449018,-0.048518016,-0.066345336,,,,0.00272302,,,,0.096994536,-0.029161231,-0.02335494,,,-0.036849223,,-0.05597667,,,,,-0.017295408,0.01935038,0.07958108,,0,0.000192111,0.010602644567668129,,0.043320797,0.1192553810354855,,0.006965944,-0.053275347,0.46729817756893155,0.055041263,0.003255486,0.003749707,0.008718837,-0.0498534
10/30/1987,,,,0.062671546,,,-0.008826806,-0.002111618,-0.072038955,,,0.011159592853841493,,0.064669985,,,0.055257142857142894,0.063732564,0.086463055,-0.009778318,,,,0.002692415,,,,0.090909091,0.071377757,-0.204078759,,,0.048087057,,0.071920334,,,,,-0.123873183,0.042033898,-0.001392135,,-0.079130894,0.027018375056021338,-0.08145915,,0.020560747663551204,0.073804574,,-0.034580513,-0.071202986,0.070990677,-0.000816215,-0.063068868,0.026616857342983913,0.025064471,-0.050800744
11/30/1987,,,,0.064313388,,,0.014265951928065013,0.005409433,0.025156909147031614,,,-1.24E-06,,0.053521244,,,0.045215790328694494,0.1667194212073253,0.023086253,0.056734544,,,,-0.006666667,,,,0.054794521,0.063671241,-0.105448021,,,-0.002107144,,0.001204689,,,,,0.073633373,-0.054651919,0.06619904,,0.036036036,0.042142011096565124,0.008008402,,0.060570382,0.19457889641819937,,0.19728788021470955,-0.025502318,0.050267539,0.11774449739051507,0.038993417174297385,-0.069592904,0.040032620229969895,0.010421851667496318
12/31/1987,,,,0.03041579,,,-0.027874861,0.00893757,-0.041100015,,,0.001191216,,0.03772202,,,0.08683038,-0.035888691,-0.028836169,0.056996924,,,,-0.001724459,,,,0.18506493506493493,0.05368662,0.060026553,,,0.013189025594928738,,0.014048894196006634,,,,,-0.009257448,-0.094287681,-0.059794926,,0.015047879616963078,-0.016689597,-0.058413649,,0.11237202417663772,-0.034035656,,-0.070173181,-0.037747819,0.07339831,-0.00377596,0.022683483256303205,-0.080420435,-0.023566037,-0.036367088
1/29/1988,,,,-0.064531324,,,-0.029726412,0.019009563543946673,-0.076512456,,,0.005625178,,-0.070550957,,,-0.057441129,0.020421289596398218,0.044377951,0.033990445335237096,,,,0.050749335,,,,0.015525114,-0.075966033,0.041731066,,,0.045393860890661886,,0.067495792,,,,,-0.076857274,0.030395137,0.064951827,,0.033938826,-0.07324492,-0.033231897,,-0.00332668,-0.07466443,,0.051215011,-0.097906708,0.12385306938140839,-0.0085383,0.056577821956124597,0.024455077086656063,0.049074746008708425,0.1200242828310798
2/29/1988,0.022594142,,,0.005958375,,,-0.095887935,0.014560657392056697,-0.018191091,,,0.001938183,,-0.006873182,,,-0.004602235,-0.017254964,0.008041446,-0.021375465,,,,-0.008975384,,,,-0.166366906,-0.020802166,0.039880282,,,0.006774525,,0.008101314,,,,,0.040558842,-0.010324484,0.027654383211720646,,0.000640401,-0.058028095,-0.047000751,,0.010792167334223501,0.059836808703535915,,-0.013942941,0.03727389,-0.014627763,0.034467875200394626,0.054576483,-0.052672548,-0.022842243,-0.020387399
3/31/1988,0.034097109,,,0.067072662,,,-0.031487405,0.019964476,0.026147186147186252,,,-0.003010624,,0.016123139704006917,,,0.029824205,0.05191213,-0.005915406,0.017256817,,,,-0.040217001,,,,0.12189859762675304,0.016587850127319115,-0.036210671,,,-0.023664845,,-0.038050651,,,,,0.052472941,0.050670640834575176,0.002389838,,-0.001597146,0.049756097560975654,0.073565289,,-0.016730875,0.027801539777587703,,-0.107734766,0.11678703540602431,-0.161291712,0.017126621763922767,0.029024294,0.070117776,-0.074961226,0.025174968
4/29/1988,0.025586916,,,-0.004768978,,,0.02384147,0.006450265,0.032399595,,,-0.0033433,,-0.014483414,,,-0.008041837,0.018711177,-0.030349406,0.007948574,,,,0.046316625,,,,-0.053846154,-0.027982538,0.007529544,,,-0.015722246,,-0.023941874,,,,,-0.018094246,0.04964539,-0.031171743,,-0.007017126,-0.0116171,-0.042757753,,0.077241688,0.048272992,,-0.007192031,-0.018927445,-0.255725894,0.053288536,0.000352823,0.060916304,0.024202686188199207,-0.010140845
5/31/1988,0.06404321,,,-0.01948154,,,-0.001814516,-0.001107374,0.062166285,,,-0.002172318,,-0.034582688,,,-0.002984184,0.013317372437528174,0.008823144,0.039773479,,,,0.11058776257338643,,,,0.11280487804878048,-0.037255191,0.00744794,,,-0.020283491,,-0.023771953,,,,,0.039374254,0.012162162162162149,0.061539592,,-0.018949305,0.008462623,0.009861213,,0.091863244,0.18777292576419224,,0.1043908648571692,0.16350482315112558,-0.018291668,0.14244913855455188,0.017634907,-0.034981906,0.11410431476013749,0.13206716949728103
6/30/1988,-0.005317863,,,-0.0688191,,,-0.042718643,0.017460471432728664,-0.054885868,,,0.003816353,,-0.04918325,,,-0.062855433,0.10768606024808047,-0.029124864,0.022167362312939032,,,,0.2667082068702138,,,,0.3534246575342468,-0.043744264,0.040484811909072604,,,0.029753781709223937,,0.045270228,,,,,-0.019068878,-0.041388518,0.47095127911251433,,-0.031107151,-0.048085248,0.00477396,,0.24269534595983622,0.20020053475935806,,0.9391076195098276,-0.08663811,0.11179905865614481,0.23263855069640615,-0.047551617,-0.1385,0.10531381375819415,-0.158633859
7/29/1988,0.012636695018226174,,,-0.001204508,,,-0.070893554,0.00328235,-0.075766621,,,-0.00575782,,-0.038184368,,,-0.002661556,0.027762039660056637,-0.051053436,-0.067997909,,,,-0.087972072,,,,-0.086369771,-0.041106846,-0.007806081,,,-0.016937914,,-0.028873062,,,,,-0.004876146,0.068245125,-0.185789136,,0.074687325,-0.004617645,0.011806205456770691,,-0.181665007,-0.161236424,,-0.235211995,-0.062178517,-0.134078337,-0.210435516,0.041597788,0.064132327,-0.068900457,-0.012011168
8/31/1988,0.005039597,,,-0.011887329,,,-0.139207449,-0.021475891,-0.065887603,,,-0.002512325,,-0.000374237,,,-0.0264731,0.028211946,-0.024532892,-0.032111562,,,,0.011326466699143944,,,,-0.111521418,-0.016513761,-0.042625746,,,-0.004356109,,-0.000617495,,,,,-0.011890762,-0.038461538,0.047194476,,0.026412920688536845,-0.016517889,-0.043721096,,0.013196069255966503,0.11918990703851251,,-0.041525411,0.00967898,-0.091828449,0.10104413383594091,0.038708776,-0.07799291,0.093402558,-0.019704609
9/30/1988,-0.022206304,,,0.008281754,,,-0.098799631,0.020421186981493422,-0.003646193,,,0.004515861,,0.000896945,,,0.017434210526315885,-0.018260376,0.065413661,-0.002842948,,,,0.005453576,,,,-0.018287614,-0.002883311,0.038595599,,,0.028639618721991278,,0.038011756,,,,,-0.016133298,-0.001355932,-0.036255074,,0.022981742101047642,-0.092552887,-0.072281537,,-0.108073157,-0.026994957,,-0.090399368,-0.062949353,-0.022223694,-0.062821911,-0.002027637,-0.111209701,-0.002405368,0.042363346968825155
10/31/1988,0.052014652,,,0.044613522,,,0.15646955503512872,-0.005737281,0.081456243,,,0.002082611,,0.041191322,,,0.060243561,0.059815606026534685,-0.06306416,0.016635757,,,,-0.017469715,,,,0.098221846,0.044820548,0.01805399,,,0.016241319,,0.029929577464788526,,,,,0.034946236559139754,0.1283095723014256,-0.01224982,,-0.006290112,0.039851933527604855,0.019769027,,-0.046292461,-0.020731707,,-0.02277406,0.095822677,-0.017078056,-0.046746949,0.005421228,0.039600666,0.002411167,-0.043576225
11/30/1988,0.071727019,,,0.052143685,,,0.11871914947474993,0.034007001,0.000991832,,,-0.006017975,,0.030999746,,,0.032171173,-0.058440181,0.004437293,-0.029949902,,,,-0.032199641,,,,0.045489591364687776,0.036711437,-0.021680021,,,-0.025767065,,-0.031427613,,,,,0.046688312,0.11793020457280368,-0.073575439,,-0.006329928,0.023176550783912786,-0.032558688,,-0.076338365,-0.018991283,,-0.155337359,0.10549245371090699,-0.031072807,-0.032319875,-0.020897581,0.1306017925736236,0.010928396852751154,-0.023225458
12/30/1988,-0.021009313,,,-0.018014475,,,0.016291435682769473,-0.003292823,0.035204289794253274,,,-0.004504651,,-0.022597927,,,-0.032694864,-0.043749799,0.28738868712999377,0.036011003,,,,0.016464533774786627,,,,0.007374631,-0.036589196,0.015987014,,,-0.004696407,,0.011706308,,,,,0.018177306284508976,0.037674919,0.051757746,,0.016376022827183423,-0.04026945,-0.025403406,,0.037620503,0.052681688352903766,,0.16348340154615748,-0.143420127,-0.018185974,0.053480996,0.018242820251975767,0.14269535673839173,0.029239626,0.062819782
1/31/1989,0.044469027,,,-0.030040856,,,-0.036068129,0.007536155,0.022070829345194554,,,-0.001765928,,-0.063107625,,,-0.043980657,-0.112779424,-0.16756834,-0.008046382,,,,0.016180141266441295,,,,-0.059297218,-0.067481663,0.065435267,,,0.010111220092080986,,0.018934077068420763,,,,,0.073239093,0.018153526970954292,-0.034270716,,0.008358586,-0.051600463,-0.04812745,,-0.061636075,-0.053361471,,-0.090256742,0.003779165,0.023184581554779315,-0.056770738,0.019049540332574555,0.026015857284440003,0.001136736,-0.053360852
2/28/1989,-0.095954247,,,-0.002147341,,,0.060284097470839626,-0.011153836,0.001983143,,,-0.008963197,-0.013693739,0.028252977,,,0.023694158990469116,0.006981862,-0.011800478,-0.021057519,,,,-0.013710085,,,,0.087937743,0.026743576,-0.030469655,,,-0.019679993,,-0.027880435,,,,,0.063529011,0.049923586,-0.011096867,,-0.024562641,-0.01366298,-0.000876271,-0.025094916,0.052282057,-0.037579618,,-0.06485416,0.045179243738746155,-0.004738162,-0.014866152,0.021266968,0.10045882637044201,-0.010141942,0.005746944
3/31/1989,0.028584817244611038,,,-0.028885946,,,-0.036379479,0.006991517,0.023640661938534313,,,-0.002011665,-0.003631553,-0.040552001,,,-0.046915635,0.1890496646318487,0.0063606,0.000557989,,,,-0.02186661,,,,0.085121602,-0.067160368,0.015420670260135827,,,0.000340001,,0.002480589,,,,,0.14647947472374945,0.22028141678796698,-0.035906499,,-0.013958357,-0.014264512,-0.018856341,-0.004464286,-0.050258176,-0.043017869,,-0.115703785,-0.020046985,0.014434582027141651,-0.045575784,-0.010947423,0.1375905200789993,-0.07130539,-0.03742055
4/28/1989,-0.025056948,,,0.000767067,,,-0.123205606,0.006942975,0.027606209,,,0.009632071,0.017561293704033254,0.003190036,,,-0.007476534,0.072318175,0.046674789,-0.049047765,,,,0.009028856,,,,-0.085695452,-0.01368738,0.045997968980797665,,,0.018354862973272157,,0.020148584360328847,,,,,-0.021790753,0.10457256461232611,-0.000720769,,-0.05969357,-0.02434128,-0.038571556,0.063066501,0.012323305545487662,-0.023858921,,-0.037138961,0.008310692,0.1534057898427328,-0.020856387,-0.021567895,0.055941358024691246,0.034286313940809166,0.003230497
5/31/1989,-0.048831776,,,-0.06591722,,,-0.068454299,-0.016062305,0.051115873098834586,,,0.005317271,0.015466675412126873,-0.053016893,,,-0.075108594,0.042113663,0.025340505,0.012285948862303497,,,,-0.022316475,,,,-0.059120404,-0.023498936,0.03177335,,,0.026695046,,0.03258669,,,,,-0.080774906,-0.055075594,-0.036044263,,0.000657585,-0.045353224,-0.087629585,-0.144049542,-0.092851176,-0.04250797,,-0.107097993,-0.062925979,0,-0.021243176,-0.029101766,0.026671538180489618,-0.043209524,0.017119350532595945
6/30/1989,0.018914271677720418,,,-0.005561634,,,0.060891226,0.011265650444485908,0.022823330515638007,,,0.006160257,0.024819853791344437,0.013017220962885379,,,-0.00945247,-0.02342465,-0.147428537,-0.002751789,,,,-0.006168659,,,,0.3264367816091953,0.022074846044528584,-0.014178482,,,0.028580710631901374,,0.053091147,,,,,0.067626346,-0.060190476,0.020213495086008004,,0.057881759,0.029456668163448496,-0.010088658,-0.072559505,-0.023944218,-0.009248983,,-0.092721985,-0.003213802,0.10206305989430664,-0.023974479,0.047795418,0.074199288,0.030322200038516822,0.030721513630495467
7/31/1989,0.006509161,,,0.072522233,,,0.030915731802765523,0.014439956706528312,0.071122995,,,0.003497885,0.018749990342836087,0.044670068,,,0.048613612,-0.07184342,-0.269017871,0.030934123387940105,,,,-0.031071573,,,,0.015597920277296229,0.039117538,0.08438544,,,0.022734434554951166,,0.018506910827592593,,,,,-0.087544864,-0.045804621,-0.12915844,,0.028129758612917444,-0.018407049,0.013382746551369173,0.068287168,-0.132902008,-0.06982823,,-0.175349679,0.002884779,-0.055151245,-0.122375729,0.033998106007331996,-0.054331622,-0.050030817,-0.019941584
8/31/1989,0.011497005988023945,,,-0.053598906,,,-0.113501202,0.003916415,-0.02491717,,,-0.006971384,-0.029294474,-0.05447701,,,-0.061240842,0.038326763,0.077218353,-0.026850365,,,,-0.004885281,,,,-0.08589306,-0.055753791,0.010042410178442873,,,-0.031490582,,-0.035401065,,,,,-0.066230798,0.046304163,0.055055286482354804,,-0.015939131,-0.03510487,-0.051097115,0.17726743570748238,-0.006995181,0.036130068,,0.043690606898118434,-0.058037225,-0.114539025,0.008476513,-0.023504022,0.045191802,0.000544826,0.016322418
9/29/1989,0.024153445417949504,,,0.035498148,,,-0.094918641,0.005041668,-0.007959412,,,-0.002738575,-0.003476064,0.049348695,,,0.0417632,-0.073793955,-0.060163529,0.019224088013896967,,,,0,,,,0.095208463,0.044969296,-0.011071499,,,-0.00446144,,-0.00389751,,,,,0.066716002,0.1088103938286642,-0.015837843,,0.015887591486772212,0.018052869,0.028101916,-0.051330457,0.017532874139010612,-0.010073615,,-0.020410878,0.04724268,-0.054726134,-0.033190602,-0.02270469,0.087816323,0.020037451202352896,0.077739456
10/31/1989,0.013179190751445136,,,-0.020411724,,,-0.060558272,0.004861631,0.021020034720593106,,,0.006370892,0.020294906,0.015498755,,,-0.030198396,-0.045611295,-0.071342893,-0.022639473,,,,-0.019751671,,,,-0.013636364,0.002621824,-0.02679698,,,0.024327764250514194,,0.03651798,,,,,-0.046480602,-0.059685097,0.019312169,,-0.012028861,0.015018547000814397,-0.017337429,-0.057803468,-0.014923077,0.008610568,,-0.010418081,-0.009948542,-0.079697075,-0.013942916,0.001681838,-0.001078416,-0.031307635,0.049580735117549235
11/30/1989,0.011866728,,,-0.000890472,,,-0.044653349,0.010856871527020306,-0.084738753,,,0.000653301,0.003267221,0.033102496370862156,,,-0.001750045,0.0315994,0.006673546,0.019036824,,,,0.004735365,,,,0.013248847926267349,0.014337241,0.012676722984791944,,,0.004999904,,0.00125822,,,,,0.029270204,-0.040498442,-0.002023908,,0.006090365,0.091362867,0.085885345,-0.035904657,-0.011244729,0.013581684128832094,,0.02105552,0.041060291060290854,0.022223545589397764,0.018346443594191797,-0.000104346,0.006169031,0.026065438825323195,0.063521424
12/29/1989,0.01646369,,,0.029768271,,,-0.014935864,0.008086938,-0.025556058,,-0.002368265,-0.002494824,-0.004639651,0.051406677,0.020947982,,-0.011123202,0.24022734031655824,0.024069021458594575,0.012805886714962078,,,,-0.006303458,,,,-0.069926094,0.029069250600053387,0.012436749375114298,,,-0.008079543,,-0.008168401,,,,,-0.033168398,0.1643668831168832,-0.008272861,,0.009680214,-0.029402156,-0.090070749,-0.018360108,-0.021481598,-0.009954058,,-0.02539795,-0.046929606,0.044751852,-0.025460316,0.044199681,0.10561005518087074,0.003678585,-0.022089311
1/31/1990,-0.017084535,,,0.048554613,,,0.039957188726364556,-0.021610458,-0.029214757,,-0.027893175,-0.003587347,-0.020664996,0.004739613,-0.054153042,,-0.004156987,0.23776410092451972,0.005278166,0.050350596,,,,-0.057813171,,,,0.1191931540342297,0.027988943,-0.072539692,,,-0.027568943,,-0.044662706,,,,,0.009560767,0.024747299,-0.006256404,,-0.010786498,0.017418377650622485,-0.008525926,-0.073326249,-0.000968523,-0.074632637,,-0.118892426,0.032128514056224855,0.097116121,-0.036494253,0.013882453414738372,0.082489949,-0.08185661,0.000620922
2/28/1990,-0.008352144,,,0.005530334,,,0.093310463,-0.002020852,0.027068626930629947,,-0.064916565,0,-0.004602391,-0.011447885,-0.038994645,,-0.0315531,-0.009406548,0.14967730844441895,-0.019276656,-0.036933061,,,0.010730858468677384,,,,-0.022938285,0.00210084,0.007423118,,,-0.006438568,,-0.010265786,,,,,-0.070135369,-0.075510204,0.033196826,,-0.029690009,-0.021255479,-0.020173067,0.15871559633027532,0.10583292939085465,-0.034266611,,0.028352752,-0.00828963,-0.050095413,0.013470523908937215,-0.007563063,-0.042392418,0.016969914,0.074132024
3/30/1990,0.001138174,,,-0.013380397,,,0.12127392532161907,0.023473876,0.036225518,,0.031338411316648385,-0.003057038,-0.009397898,0.006815926,-0.048316494,,-0.05806288,0.042438070404172246,-0.017588456,0.013805358119190814,-0.020594359,,,-0.008731297,,,,0.084963667,0.001928721,0.013641245972073168,,,-0.009085001,,-0.014084555,,,,,0.005811167,0.018763797,0.031590607,,0.015612941,-0.095403076,-0.043219076,0.13074030087094224,0.028345996493278847,0.033751623,,0.018661982,-0.06311839,-0.029481723,0.024523027,0.025552816678856116,-0.068476662,-0.02898582,0.05237769
4/30/1990,0.002046385,,,0.001164822,,,0.079613824,0.008040024,0.026730501,,-0.029753112,-0.001313998,-0.013506983,0.008792685,-0.048076317,,-0.00551817,-0.037708711,-0.005327245,-0.022704598,-0.057979978,,,0.013687867008518761,,,,0.014940752,0.031469702,-0.027381583,,,-0.022920761,,-0.033333271,,,,,-0.095598308,-0.074395088,0.077423415,,0.013525112208135681,-0.009528258,-0.009288104,-0.059781182,0.060670645069622164,0.072833822,,0.09917838,-0.014566642,-0.012484714,0.063981043,0.000686735,-0.11873654,0.067915166,0.1069721482654915
5/31/1990,0.026775584,,,0.027258372808111053,,,0.090979782,-0.001637684,0.074752283,,0.013484123531970482,0.00515504,0.017602866294399666,-0.011908554,0.067188179,,0.042157260793070694,0.026709124,0.00341112,0.027839858731341094,0.11743465594353952,,,-0.039081304,,,,-0.146192893,0.014362220058422581,0.089272874,,,0.028827003386019845,,0.045763574830034015,,,,,0.018308746048472102,0.063987515,-0.017668918,,0.014860323744693593,-0.020654532,0.018925056775170424,0.017873766523924806,0,-0.056574327,,-0.165941832,0.041389505,-0.039851192,-0.063620616,0.008569493,-0.083577713,-0.034707291,0.021426800325882844
6/29/1990,0.038674033,,,0.048458863,,,-0.1404134,0.012334084648134125,0.099471234,,0.005150215,0.002838825,0.008484086,0.022067389058618936,0.03306897,,-0.000454516,-0.051669937,-0.110868944,0.011811446365295852,0.001836008,,,-0.027743579,,,,-0.05648038,0.010079193664506825,-0.012542509,,,0.011734018538409607,,0.017525953,,,,,-0.014616479,-0.03520352,0.050583016578403805,,0.00448583,-0.023593991,-0.044462224,0.047375160051216225,0.046617548559946265,0.020264682,,-0.048913446,-0.012242725,0.011676648289204561,0.040674627009105624,-0.000340216,-0.056711111,-0.015515654,-0.036621018
7/31/1990,0.006808511,,,0.071064815,,,0.001658375,0.013037293586492638,-0.024950674,,0.015798463,0.002940287,0.010000002379471296,0.046830534,-0.01309539,,0.041444719,-0.013393254,0.095792806,-0.053990237,-0.023897665,,,-0.132633234,,,,-0.131695022,0.053615269,-0.010351883,,,0.005476817,,0.003643611,,,,,-0.020412182,0.17597871531736997,-0.101035695,,0.055039367,0.029194200611500243,-0.028409091,0.092996856,-0.00281582,-0.071747061,,-0.106891987,-0.005927789,-0.1,-0.061847816,0.06937536,0.159442141,-0.129154146,0.05536377
8/31/1990,0.032121724,,,0.020315539226280377,,,0.012969094922737234,-0.000695979,-0.032081278,,-0.029424128,-0.000434229,-0.01618604,0.004437262,-0.023426753,,0.014408682634730496,-0.075609976,0.051502957653703385,0.012844602742799527,-0.083586797,,,-0.074481474,,,,-0.068214804,0.027134696,-0.100528126,,,-0.031080301,,-0.058763088,,,,,-0.054204355,0.4515190691661277,-0.077170979,,-0.038632055,0.026353617632965953,-0.013111727,0.058240793,-0.031574894,-0.000873362,,-0.176746538,-0.013552584,-0.087099639,0.003715825,-0.033555294,0.3294863459037711,-0.081537468,-0.119012617
9/28/1990,0.016994267,,,-0.003600932,,,-0.028874966,0.006145989,-0.003963415,,-0.014508445,-0.001520462,0.002557547,0.007580922,-0.007875743,,0.038123347,-0.069597248,-0.095771206,-0.052111311,-0.10051219,,,-0.01909217,,,,0.012461059190031154,0.011269667032564934,-0.059352313,,,0.002981115,,0.006333582,,,,,-0.128719184,0.22088621687820087,-0.022506979,,0.008503268,0.048552754435107426,-0.007360279,-0.048089989,-0.027833002,0.015297202797202925,,0.029783718516321667,-0.106612933,0.062302859,0.006129254,0.038359565,0.4846558258955862,0.000900782,0.1324573052457152
10/31/1990,-0.048318905,,,0.045138889,,,-0.099859748,-0.005950574,0.043202589,,0.020435069215557045,0.001848466,0.009885199,0.034689707434572004,0.027219773537112912,,0.065687378,-0.14058731,-0.026881684,-0.021032337,0.034165452,,,-0.040812931,,,,-0.067692308,0.009190245,0.000169356,,0.004539051,0.011889039164114656,,0.019230690151744945,,,,,-0.006179364,-0.067298924,0.005482753,,0,-0.06571683,-0.134975493,-0.025695931,-0.075528289,-0.024106759,,0.002077634,-0.001435309,0.057990362,-0.035844827,0.013083960154502972,-0.075104999,-0.056705657,-0.017552197
11/30/1990,-0.005923419,,,0.002915452,,,0.060299159,0.00552196,-0.005784466,,0.011843238587424754,-0.002922061,0.012787654034829732,0.012895378720009454,0.03742129,,-0.020064473,-0.037433645,-0.083281642,-0.176886581,0.04070126,,,-0.028125452,,,,0.042079208,0.006955399,0.056216739235607216,,0.004830166,0.020227696,,0.041863820337867175,,,,,-0.060459789,-0.087016034,-0.008991937,,0.019201224905726733,0.003431186,-0.012131338,-0.038827839,-0.020350981,-0.026025584,,-0.083548877,-0.032032854,-0.063876378,-0.032400738,0.00756919,-0.156709109,-0.061273634,-0.036163068
12/31/1990,0.000425622,,,-0.001690103,,,-0.103747245,0.007702869,0.04877946,,-0.014683975,0.005416989,0.00795507,0.005945963,-0.005296233,,-0.019624525,0.061804697,0.020137943761389554,0.13195577306507156,-0.016210954,,,-0.006692047,,,,-0.045922407,0.007904294,0.012596189080249065,,0.004962009,0.012495994484637674,,0.012227259795774215,,,,,-0.112939742,-0.103019919,-0.025235003,,-0.010845899,0.027165653495440756,0.007059343,0.091039973,-0.043504441,-0.065217391,,-0.101827793,-0.036274926,0.029865270818348444,-0.049523312,0.027277,-0.000105585,-0.004776085,0.014001364753965184
1/31/1991,0.017230377,,,0.022076251100426658,,,-0.019019511,0.000349646,0.016602347644315785,,0.027213822894168516,0.001508783,0.003095025,0.011359552292447672,0.049342269,,0.031125253109632656,0.015044327035014016,-0.063728594,-0.058094476,0.016090866,,,0.014432434050962728,,,,-0.061410788,0.008760774,0.04233953,,0.002237309,0.006645582,,0.006203134,,,,,0.04309414,-0.121776504,0.053937385,,0.01182682,-0.077399667,-0.09324571,-0.089420166,0.026597419,-0.034883721,,-0.013616639,-0.066475897,0.14661587942529808,-0.013905301,0.010701739,-0.213621964,0.009597068,0.081249488
2/28/1991,0.006273526,,,-0.023719605,,,-0.01470834,0.014487164035193345,0.12060579698683216,,0.018292682926829285,0.002369138,-0.002021627,-0.032509233,-0.00568178,,-0.013634068,-0.059755918,0.091203297,0.050559315,0.081212686,,,0.015437291537530484,,0.10385637813626603,,0.022104332449160102,-0.051617874,0.064271145,,7.485091579573222e-05,-0.002243258,,-0.002350172,,,,,0.03340862,0.002990756,-0.008696133,,0.006272788,0.001302997,-0.032936061,0.083027875,-0.000919822,0.020582329317268888,-0.015158648,0.014664239482200747,0.049752417,-0.040432012,0.014881698854610992,0.03482671,-0.044715993,-0.016157222,0.027226923963513006
3/29/1991,-0.01039069,,,-0.085510689,,,-0.029007634,-0.005274913,-0.064151876,,-0.010324179,0.002358607,-0.001707009,-0.104707372,-0.000338538,,-0.057679181,0.040033779,0.021026072329688894,0.034144605,0.031212061875856678,,,0.041683623045171814,,-0.005740112,,0.01384083,-0.088398198,0.016962975,,0,0,,-0.000654222,,,,,0.038430015,0.092436975,0.006973783,,-0.009065804,-0.033733734,0.025231076692480592,-0.047540338,-0.034064754,-0.021151008,0.015949976,0.07692116,-0.033917341,0.063659544,-0.022544416,0.014057981760213334,0.040202418,0.064007694,0.018054869877988544
4/30/1991,0.012599748005039935,,,-0.000519481,,,-0.088574423,0.007345213,0.095660043,,0.010431879824744472,0.004706114,0.004352556,0.00068865,-0.007777644,,0.037848606,-0.001293116,-0.079547097,0.008668983,0.00201276,,,-0.030500056,,-0.001327184,,-0.124573379,0.009640311,-0.000942261,,0.003625423,0.005379753,,0.009819759,,,,,0.095851969,0.047146401985111774,-0.021727241,,0.005721144,-0.004661763,0.025259909031838834,0.006445748,-0.039872915,0.026633165829145877,-0.046303638,-0.046345357,0.003022553,-0.053129388,0.002725025,-0.013292777,0.084189189,-0.049706372,0.008558743
5/31/1991,-0.022812111,,,-0.014627265,,,-0.004792026,0.010077896209525372,-0.030146603,,0.000825934,-0.000745583,-0.000156505,-0.016977444,-0.01395694,,-0.012970395,0.049412827,-0.029657657,0.13022029165373872,0.003183627,,,-0.012203897,,-0.01564836,,0.040935672514619936,-0.025515526,0.036722654,,0.001453817,-0.002520129,,-0.006814919,,,,,-0.038572343,0.004028436,-0.032480798,,0.009663033,0.013009991673605281,0.025350550582270426,-0.078495771,-0.013070814,-0.010279001,-0.037679021,-0.025572593,-0.04798331,0.076448842,-0.013139831,-0.004031182,0.010968465661223892,0.013239330397930349,-0.042236987
6/28/1991,0.010186757,,,-0.041066988,,,-0.145416025,0.004976935,-0.010396707,,-0.014441923,-0.000640773,-0.006070028,-0.036619152,-0.004825026,,0.006305245,-0.072049583,-0.03461722,0.024020644,-0.044429332,,,-0.043008246,,-0.115397597,,0.22940074906367047,-0.041498559,-0.051816581,,-0.000771486,-0.00889454,,-0.014149475,,,,,-0.003579158,-0.042482889,-0.086557615,,-0.003375485,0.014281311003801589,0.073630534,0.045442395,-0.088348701,-0.056874382,-0.100728371,-0.089213685,0.003408814,-0.058418618,-0.088036566,-0.020349097,-0.03279497,-0.06838027,-0.018154257
7/31/1991,0.018697478991596572,,,0.044868773,,,0.14086094207798072,-0.006318839,-0.088529528,,-0.010257484,0.002884713,0.007829625,0.042139196,0.022512354,,0.002635123,0.039084724799010706,-0.052384145,-0.097689132,0.071521765,,,0.022622781110130052,,0.033232859,,0.13632901751713633,0.020101365862039478,0.043379741,,0.005250154,0.009935894,,0.013017297171374675,,,,,-0.100743463,0.076657629,0.15178490398834077,,-0.02401998,-0.016410049,-0.08873057,0.011506008693428882,0.1447223243839646,0.10592553749344513,0.024577472,0.089942317,-0.043436059,-0.046230541,0.1111041932571677,-0.022161633,0.058891013,0.069090555,0.06385981
8/30/1991,0.012579913384202834,,,0.00045123,,,-0.006519162,0.010743335370727358,-0.040558615,,0.011421319796954377,0.004152649,0.019088269513322098,0.000875319,0.017268184,,0.005373204,0.029609570289251153,0.046922948,-0.035593321,0.019445059,,,0.027243494313106575,,-0.077067947,,-0.087801609,-0.001431579,0.018410909588933766,,0.009993693,0.023806330939866616,,0.033951315296189444,,,,,-0.089735253,0.047619048,-0.025603293,,-0.040242816,-0.048300721,-0.066729843,0.032103134,-0.081767068,0.044096728,0.11679482724911416,-0.039378966,-0.074074074,0.04079005,-0.016642385,-0.043036559,0.032021187,0.044250839,-0.023755949
9/30/1991,0.021995926680244304,,,0.044801924,,,0.11831378007556181,0.010338411443191253,-0.039936037,,0.005646173,0.003937041,0.017503444901135756,0.051880289936706125,0.024268674,,0.030730801,0.030578918,-0.068539089,0.018853974121996186,-0.016793948,,,0.050085504767977795,,0.056775897251230445,,0.043350478,0.054224996,-0.020152924,,0.008184808,0.024656681851838114,,0.028277516319427765,,,,,0.01663435,-0.008741259,-0.021588312,,0.042536413,0.012444540634130474,0.078270435,0.016001306229080026,-0.013296011,0.029518619436875726,0.054781580522481166,-0.030079114,0.038082192,0.009791277,-0.005926264,0.06476747,0,0.035825327,0.022441522570993078
10/31/1991,-0.020924671,,,-0.002949853,,,-0.009779516,0.010140540291670108,-0.045184711,,0,0.004239307,0.009355667,-0.001846032,-0.00941261,,0.017020796934001936,0.3616961606416693,-0.028348342,0.026215529753265576,-0.033278115,,,0.088354633,,0.036801454,,-0.003521127,-0.010399168,0.007685822,-0.003772737,0.006676784,0.003655194,,-0.001875041,,,,,0.048484240112427246,0.054673721,0.007020239,,-0.028646557,0.00619923,-0.015537942,0.017195661,-0.043439716,-0.036171151,-0.038230331,0.025197189544243104,0.024016891,0.050811938,-0.055230725,-0.042663313,0.059139157821066046,0.093232872,-0.067078757
11/29/1991,0.008548748,,,0.020349256747005384,,,-0.031244389,-0.007440747,-0.065974862,,0.000415887,0.003692528,0.0097407,0.032259431,-0.012443792,,0.007481297,-0.006528813,-0.012357086,0.003830402,-0.057271239,,,0.012198833375602236,,-0.110977213,,-0.006360424,0.026432786355185645,-0.044751435,-0.004790136,0.006868261,0.005175544,,-0.000913211,,,,,-0.033413116,-0.047658863,-0.053189949,,-0.018170549,0.023900574,-0.01339179,-0.043289359,-0.028915663,-0.042562929,-0.035860856,-0.057269648,0.014175257731958713,-0.036145893,-0.017625823,0.005087863,-0.075220264,0.006877882,0.00604265
12/31/1991,-0.02764884,,,0.060891089,,,0.011492122335495791,-0.016577313,0.003735274,,0.020993556,0.007242393,0.022232182,0.072527593,0.01191972,,0.041914191,-0.08342144,-0.072792735,-0.030966568,0.035464717049723316,,,0.099646714,,0.036105977,,0.009246088,0.056701843,0.10887055708320603,,0.011573726041473442,0.044417402995158506,,0.060088541252697025,,,,,-0.039916799,-0.09833187,0.01616123,,-0.080707036,-0.042846768,-0.048800194,-0.0341838,-0.02805879,-0.004302103,-0.223826526,0.035652609882457886,-0.094790343,-0.028519811,-0.006701254,-0.031109386,-0.112182922,0.10587426148215684,-0.074751318
1/31/1992,-0.011000415,,,-0.040130658,,,-0.054608759,-0.013366331,-0.103244275,,0.00264658,-0.001458368,-0.017077804,-0.054673553,0.020617119180892818,,-0.007390983,-0.077171873,-0.071434395,0.12927848791421814,0.019153501072752155,,,0.10282993073277424,,-0.064145258,,-0.091613813,-0.049038605,-0.022961058,,-0.006463595,-0.034954857,,-0.035501356,,,,,0.075002579,0.018500486854917453,0.05069573,,0.043896255,0.00487752,0.068461734,0.010771992818671583,0.02238806,0.018242918867018787,-0.090745639,0.10687967296003453,0.054183043,0.001207979,0.026954764,0.050905523,-0.019584172,0.087708065,0.038755252
2/28/1992,0.004616999,,,-0.010695187,,,-0.079860438,-0.005300646,0.032932538838050585,,0.001624365,0.000632763,0.000227682,-0.010400297,0.005111423,,-0.027497075,-0.004436166,-0.057337914,-0.02945121,-0.010755569,,,-0.027065556,,-0.037871728,,-0.017067494,-0.032366771,0.009193457,0.001781217,1.6233572024626497e-05,0.0058604,,0.003596025,,,,,-0.048368522,-0.011472275,0.006387602,,-0.030985393,-0.01337504,-0.018920423,0.053962615241478495,0.025931617364579163,-0.008486563,-0.043954988,-0.000145787,0.006125166,-0.086700216,0.01301768,0.003244354,-0.016554932,-0.088133037,-0.007497218
3/31/1992,0.026530186,,,-0.007160407,,,-0.116494628,-0.002212442,0.042338398,,-0.016622745,-0.001255163,-0.008992819,0.00072245,-0.042925168,,-0.02253213,0.023633678,-0.033847587,0.009921512,-0.054556007,-0.045915769,,-0.039349345,,-0.095456147,,0.082872928,-0.007370211,-0.023025764,-0.002117804,-0.004516032,-0.013640501,,-0.015887788,,,,,0.032573618,-0.011847195,-0.03382093,,0.023493301,-0.030283153,0.001944737,-0.015006821,-0.008987081,0.010461245839277211,0.15883856963941412,-0.056257594,0.016146109052408653,-0.039011756,-0.001703425,0.011004435896640352,0.029632721202003554,-0.052499945,0.023157460956052978
4/30/1992,-0.014652015,,,0.028353248957081245,,,-0.095135908,-0.000119212,0.020852893215397517,,-0.001649145,0.003980874,0.005142164,0.000830899,0.046845482,,-0.004252224,-0.105844156,-0.112656367,-0.032728566,0.082095355,-0.007966164,,-0.032406384,,-0.114291277,,0.10932944606413986,-0.00424282,0.026218942470873197,-0.002224442,0.0061243,0.000307314,,-0.006014575,,,,,-0.039163981,0.035233667726939144,-0.071208077,,-0.036979297,-0.022096956,-0.038576628,-0.014257781,-0.028717174,-0.027764706,0.073992151,-0.096768379,-0.046105757,-0.051707505,-0.025684778,-0.022405977,0.070395892,-0.028037601,0.053093267343629735
5/29/1992,0.00165221,,,0.034859736,,,-0.073781291,-0.006342848,-0.069896897,,0.007639893,0.001983737,0.016469579599295514,0.031234901,0.013321389,,0.044558072,0.070819549,0.006356105,-0.023849266,0.016073522,0.000703672,,0.032555058,,0.054627391,,0.071616294,0.042117339,0.000241555,0.002900496,0.007678072,0.020626476592253473,,0.027420167,,,,,-0.036287863,0.027889388,0.040081437,,-0.003638012,-0.003458612,0.001766487,0.006446814,0.087337094,0.039690222652468465,0.19967271767088723,-0.049633663,0.055980338612779956,-0.018654629,0.058162043,-0.013244825,0.056930068,-0.011315202,-0.021125985
6/30/1992,-0.009896907,,,0.046043452262308104,,,0.051209104,0.006011375,0.06614624,,-0.004918033,0.003762114,0.016314913736359404,0.059640625,-0.019054217,,0.016083916083915906,-0.036220235,-0.11012443,0.045386042198005905,-0.077049058,-0.027092985,,-0.005929597,,-0.138353309,,0.056407112,0.064554175,-0.015195705,-0.002438443,0.009774436,0.016124107,,0.009401344,,,,,0.011074781141229728,-0.07840883,-0.039378286,,0.056146051815308295,0.017700138824618294,0.001259552,0.082943254,-0.024329159,-0.004655493,-0.04468605,-0.04925606,0.019394879751745586,0.002928485,-0.010627178,0.042462507,-0.021736534,0.0008794,0.050769506
7/31/1992,-0.001249479,,,0.017085874,,,0.061975643,0.014551006047016424,-0.028751342,,-0.012973641,0.004267188,0.020765839,0.037937713,-0.01592336,,-0.010799936,-0.015532968,-0.031832934,-0.06919878,-0.051500242,0.042642745,,-0.118698391,,-0.011248866,,-0.025536854,0.045793633,0.035161186878690076,-0.005434535,0.008711839,0.032335333867403726,,0.041602003596907355,,,,,0.10974337575631132,-0.02245509,-0.13030534,,0.049071929647903856,0.038308514266226945,-0.029771889,0.025555471297489918,-0.109827649,-0.043966324,0.2500708805750851,-0.001893103,0.007864028,0.037901006472951915,-0.090831719,0.019718073502265288,0.015748992796972283,-0.100000234,-0.050355292
8/31/1992,-0.037739783,,,0.037032411,,,0.020642201834862428,-0.008299731,-0.091822888,,0.016691007719590978,0.000932432,0.012543999592167898,0.05690852,-0.020317632,,0.033288734278833276,-0.044527982,-0.083757578,0.1416572347649967,-0.041838514,-0.026586201,,0.032932619456510714,,0.1357269557771117,,-0.029184038,0.060809379,-0.022996884,-0.005247034,0.007180018,0.009241471,,0.002922894,,,,,-0.020586576,0.033690658,-0.013623016,,-0.004799232,-0.044558791,-0.052899991,-0.021960958,-0.042636457,0.005381605,0.11384714079474256,-0.005784915,-0.062924742,-0.070102387,-0.015849446,0.001698047,-0.0140625,0.010414226035825536,0.058122210608398284
9/30/1992,-0.004333694,,,-0.099421896,,,-0.075905119,-0.046066124,-0.031931378,,0.026472398932895658,0.005084684,0.014845766269506289,-0.001436227,0.025370387432107844,,0.0263117,-0.022470354,0.027661902482390754,-0.074719541,0.1110716662968716,0.010849530831099186,,0.04797066,,-0.033875485,,-0.055214724,0.016111851,0.009773384,0.030533561635964546,0.007596991,0.015693118518785187,,0.012924698462962958,,,,,0.0781265,-0.034567901,-0.009205387,,-0.000605476,0.011917039074137659,-0.001368988,-0.055038936,0.021729776247848553,-0.025790754,0.14569980307957553,0.049887126,0.025785656728444684,-0.002965154,-0.000459197,0.027473676349787146,0.016823113495062714,0.051801536800682335,0.056419166
10/30/1992,-0.020892274,,,-0.117886994,,,-0.07646582,0.011830348821314507,-0.012576459,,0.00259896,-0.005471937,-0.019457464,-0.07768486,0.038560411,,-0.026696947,-0.081205181,0.22891365829312926,0.071843456,0.027158719,0.018648212,,-0.012551911,,-0.040414739,,0.006493506,-0.096710785,-0.001311439,0.016771488469601747,-0.00944294,-0.023175974,,-0.024332436,,,,,-0.011751091,0.007928389,-0.037166769,,-0.025021848,-0.026610803,0,-0.03200256,0.02274163,-0.017982018,-0.092546849,-0.016444579,-0.033254779,-0.03821857,0.011485200498785764,0.001700717,-0.047236542,0.012133752162804656,-0.010496568
11/30/1992,-0.017559458,,,-0.022741055,,,0.031889994148625034,-0.036181423,0.10797197938979908,,-0.000797607,-0.004048674,-0.010617858,-0.027453494,-0.022963038,,-0.009748004,0.078294669,0.025111683,0.10104172147103685,0.039038805505871244,0.05565274,,0.027573008222285367,,0.057337051,,-0.040645161,-0.039315247,0.031478878,-0.007391972,-0.004740598,-0.006238581,,0.003581147,,,,,0.057652463742005056,-0.050748541,0.030200137758418455,,0.037723398,-0.017100977,-0.007859623,-0.034300355,0.053119209388511335,-0.004577823,-0.04033133,0.061397296548326485,0.025189599,-0.041049516,0.019919543,0.037656994841209324,-0.040140934,0.051514953,0.038594691
12/31/1992,0.013574660633484115,,,-0.001396215,,,-0.071448823,0.017724938517017508,0.012697251541435861,,0.008980243,0.00333194,0.011528229693200887,-0.013068499,0.033433403,,-0.002356268,-0.146935973,0.062330802244965344,0.12873013976824765,0.016316144,0.031754595552815124,,-0.035202686,,-0.048348992,,0,-0.019027484,0.014272906580598654,,0.007998804,0.020889291765070706,,0.026356112,,,,,0.105272123,0.005880781,-0.022572322,,0.009241694,-0.007101432,-0.02173913,0.04647381,-0.001368524,0.0296372,-0.058022571,0.003452177,-0.022192867,-0.054525603,0.009383549,0.040122227,-0.024646041,-0.046496159,0.005762548
1/29/1993,-0.013169643,,,-0.01242815,,,-0.025648855,0.005759503,0.008152314,,0.005933544,0.003424763,0.025569847728468265,0.010152708,0.002148425,,0.000839763,-0.211784828,-0.248231711,0.1236585314226446,-0.014323588,0.008366638,,0.039466158,,0.012932279,,-0.013449899,-0.011545567,0.001361242,,0.00904776,0.026892728,,0.024186402801630313,,,,,0.04068737,0.026840287005049035,-0.009239366,,-0.006200972,-0.009893909,-0.00819209,-0.04490063,0.003328113,-0.021836228,0.008535591,-0.032697311,0.028911105106727897,-0.045883567,-0.000441181,0.006682308,0.029166666666666563,0.074205319,0.013285621
2/26/1993,0.024655055417326377,,,-0.036888469,,,-0.009714823,0.017814460711084612,0.051333230973949595,,0.024184034604797455,0.001138868,0.015850002274981012,-0.017183398,0.020251585967575814,,0.055587602915727174,-0.031357699,0.039718235,0.45236884242252984,0.020209944,-0.01477942,,-0.036500367,,-0.013679111,,0.14519427402862983,-0.024606759,0.012446374662359094,-0.000854214,0.006544351,0.024294225597183194,,0.034842264545536406,,,,,-0.036430951,-0.041149068,-0.012660936,,-0.001188759,-0.004815796,-0.024114687,-0.037163898,0.002536585,-0.021816337,0.16695613009862442,-0.019606085,-0.047006303,-0.133635645,0.009584161,0.043914655,0.017239128,-0.044899803,0.039385299
3/31/1993,0.016335540838852136,,,0.062801143,,,-0.018037975,-0.005173742,-0.036169798,,-0.00211173,0.000310247,0.000990244,0.027347995,0.010385729382354603,,0.029211585,0.17627163313713434,-0.096377111,0.058924240262519634,0.001098499,0.026280171441461775,,0.021487721,,0.10823461427333148,0.026109510086455234,0.19404761904761902,0.027383043,0.018710329915603063,-0.003704759,0.000513083,0.000562423,,-0.000855181,,,,,0.081610697,0.011875843,0.050170386274548395,,0.005649359,0.026977982,0.082011869,0.00266809,-0.011483067,0.043049793,0.14219953646238226,0.049355242,0.054284927,-0.061701375,0.014208537613590089,0.022210707454532796,-0.011169598,0.042010078,0.11644097099133388
4/30/1993,0.001303215,,,0.041877978,,,-0.012568482,-0.007585817,-0.005505329,,-0.007887649,0.001137219,0.008620689,0.018353187095474288,-0.024964091,,0.035140223,0.006871056,0.058942589,-0.178449817,-0.028273592,-0.031248855,,-0.042933352,,0.10454687662947126,-0.03002303,0.033898305,0.042971482,-0.030810839,-0.003388488,0.004688644,0.007307477,,0.005706086,,,,,0.077726465,0.00240064,-0.015064836,,0.008578973,0.052656379,0.12713540730084505,-0.128525812,-0.004134672,-0.00497265,0.15134403627517767,-0.005519726,0.072660742,-0.003474049,0.002986637,0.006883906,-0.004414438,0.012700947810582397,-0.086705795
5/31/1993,-0.02537961,,,-0.004867616,,,-0.045039164,-0.000123887,-0.015337735,,-0.005235602,-0.002378642,-0.006464496,0.003190246,-0.000630745,,0.0340872,0.29169602789007154,-0.010121828,-0.200483056,0.009598374,0.047269702011798476,,-0.022904294,,-0.001180192,0.04036251,-0.160559306,0.011771718074802706,0.026085728,0.001810394,-0.006715572,-0.00307547,,0.002049562,,,,,0.038367724,-0.041511442,-0.034408773,,0.001173421,0.05908684,0.046426292,-0.054961832,0.016805061,0.027486257,-0.066230881,-0.061433746,0.025341130604288553,-0.015767403,0.029163468917881907,-0.020877229,-0.032472613,-0.043153705,-0.012056055
6/30/1993,-0.026263076,,,-0.043059364,,,-0.027682843,-0.005092369,-0.041107902,,0.015204678,0.001867928,0.016816313,-0.066634208,0.0440575,,0.002886003,0.039364878833122896,-0.065482387,-0.133461381,0.018082171351875287,0.004658049,,0.00316369,,-0.057519614,0.00893379,-0.069500287,-0.062665685,0.00022376,-0.000539933,0.005975213,0.026323225181441146,,0.043801888,,,,,0.11611961145324123,-0.064963909,-0.008385269,,0.02929073,-0.002852916,-0.01478884,0.076898223,0.1090803033249077,0.061770428015564205,0.008143152,0.017865479784618055,-0.025665399,0.096130103,0.077166294,0.022826818337628785,-0.071842566,-0.026077865,-0.046333092
7/30/1993,0.037942857142857056,,,-0.003640025,,,0.040070299,-0.001145732,0.046904416,,0.003648233,0.000827729,-0.001401543,-0.015153816,0.021243340949358425,,0.021582733812949506,-0.052404763,0.24776312479787266,0.099227442,0.009265024,-0.006828883,,0.070821952,,0.037961987864199465,0.00571003,-0.104320988,-0.004635085,-0.006659669,0.002337299,-0.00043998,-0.000275777,,0.013713664661632485,,,,,0.044766780432309305,-0.048990499,0.029475624268661793,,-0.011098459,0.072798559,0.17904673475704103,0.02080208,-0.025420757,0.092991296,-0.00415039,-0.003547075,0.078292683,0.009463315,0.046106557,0.004015391,-0.064042986,0.058311893182590335,0.082484615
8/31/1993,-0.023342876,,,0.007539837,,,0.098344035,-0.025359699,-0.072291014,,0.019896690262100725,0.001243499,0.016747025,0.041259923,0.044531417333566914,,-0.000396127,0.046352982,-0.019640594,0.031871574,0.055370101596516674,0.038178989,,0.046751078,,0.0251232,0.039688417,-0.031013094,0.032596685082872945,0.0340413,-0.00338778,0.006160836,0.022153808,,0.037323773585194786,,,,,-0.126531279,0.037152669,-0.019496724,,-0.000286589,-0.086527064,-0.10552566,-0.03066523,-0.001618996,-0.049874267,0.047902903,-0.029613036,-0.083691473,-0.048958276,-0.034227175,-0.000667586,0.001241272,0.018959392431314726,0.031710611
9/30/1993,-0.041262683,,,0.006249036,,,0.066769231,-0.008481298,0.031236154186973675,,0.00637779,0.000622149,0.002779321,0.028942861190166314,-0.006852584,,-0.013605742,0.032542071,-0.043651959,0.055096001,-0.025269889,0.003625209,,0.003854845,,-0.044726176,0.020735504,0.096728307,0.038523274478330594,-0.010152624,-0.001379584,0.001537898,0.00517288,,0.001055718,,,,,0.009225207,-0.01986755,0.030524449114971652,,-0.014681642,-0.049524221,-0.164416728,-0.129068122,-0.004324324,-0.072783414,-0.079331628,-0.023306559,-0.062700568,0.20613550031254513,-0.050871615,-0.021995559,0.005733767,0.010300609472448707,0.010532522722189519
10/29/1993,0.037158984,,,-0.007743617,,,-0.026824344,0.011237404688487773,-0.024328679,,0.012674744,-0.000311467,-0.000692901,-0.028291437,0.007729501,,-0.021515936,-0.182892607,0.064427448,0.1614759404445083,0.043596345807908055,0.003125868,,0.067421434,,-0.022053382,0.029876977,0.016212711,-0.04371826,0.018939458,0.002442475,-0.000731208,-0.002437698,,0.001845467,,,,,0.03421654,-0.075859951,0.053115788467360314,,-0.010811625,0.035039818,0.069804197,-0.023325984,-0.010495838,-0.003330162,-0.024463201,-0.034838919,0.030287069,0.46931111465475994,-0.012273305,-0.001011935,-0.108628659,0.052548861,0.034809554
11/30/1993,-0.011791383,,,0.005949621,,,0.079134558,-0.009262567,0.050421093,,-0.003497147,-0.000103074,-0.009842867,-0.014560793,0.021945232,,-0.006614964,-0.109933294,-0.055578802,0.13233837007678972,0,-0.026694827,,0.16730415365848628,,-0.160831399,-0.042084923,-0.02425016,-0.003001616,-0.013255374,0.00063945,-0.00248888,-0.016015103,,-0.027053681,,,,,-0.06670648,-0.123629113,0.081746466,,-0.039869326,0.000879314,0.011900853578463488,0.015684410646387814,0.11887344550109735,0.069212411,-0.054480867,-0.023918951,-0.014826176,0.084029281,0.066719294,-0.027634803,-0.103889369,0.060269135,-0.085049291
12/31/1993,0.031436439,,,-0.007220217,,,-0.094204889,0.010546784454116942,0.090761411,,0.014961211673439223,0.001140956,0.001693721,-0.011129337,0.038289372,,-0.026039036,0.072162654,-0.077961959,0.11967459666393232,0.068746409,0.041656291,,0.089799678,,0.043765781,0.033821488,0.039241334,0.006716072,0.008770453,,0.000294747,0.002781637,,0.002462447,,,,,0.027258766316867078,-0.092150171,0.071803809,,-0.001230813,0.053810674,0.14599724227431254,0.11066916237716407,0.13027133050016348,0.000892857,-0.081894504,0.007354963,0.077322263,0.052236116,0.050376867205701004,0.013106492694741734,-0.098958333,0.079172805,-0.024205717
1/31/1994,0.045606229,,,0.023288201160541533,,,-0.049120679,-0.006346132,0.14705741052125854,,-0.008371247,0.001555033,0.010708746614387588,0.005597557,-0.009347484,,0.028668427,-0.028444875,0.011167815482502563,-0.173311516,0.018089244,0.023154156136875992,,-0.083651611,,0.18183389010482665,0.029674116871927447,-0.016991819,0.023694501955371594,0.031589487,,0.00412523,0.014701800341344606,,0.023198749868110546,,,,,0.005232341,0.051378446,-0.051469763,,0.012011107398907983,-0.026260942,0.003538821,0.042026543079840106,-0.022704266,-0.041480821,0.35604803969424714,-0.036574548,-0.028901734,-0.036208201,-0.036140177,0.001368886,0.052665382,-0.017184255,0.099123944
2/28/1994,0.007234043,,,-0.011265689,,,0.015943877551020336,-0.015184354,0.012941866309264638,,-0.036153423,-0.004558555,-0.020364153,0.019998291306033478,-0.048282351,,0.037907957462413044,0.001958969,0.037590535,0.12073855243722309,-0.048457739,-0.016655541,,-0.033698698,,-0.018714362,-0.013289691,0.077464789,0.022022471910112307,-0.032272154,0.001257903,-0.007991124,-0.028454608,,-0.040833196,,,,,0.10013632420374274,-0.007548669,-0.00941844,,-0.007603884,-0.002889555,0.042245574441074796,-0.004649752,-0.001331755,-0.012563983,-0.106920596,-0.028366032,0.030257937,-0.146196752,-0.014240078,0.008497311,-0.055114907,-0.045778021,-0.04255472
3/31/1994,-0.017532742,,,0.000764701,,,0.00784683,-0.025575914,-0.013231342,,0.001142422,-0.002191132,-0.023922081,0.023175650425885763,-0.039933048,,0.022523517201784138,-0.003696989,0.075915982,-0.138532304,-0.078901838,-0.050100132,,-0.020355347,,-0.045343928,-0.051081236,0.013666072489601833,0.011726766344180461,-0.044280628,-0.003581622,-0.007738096,-0.035450945,,-0.045747953,,,,,-0.001802411,0.027221777421937432,-0.064680998,,-0.007972994,0.024686057743908973,0.073284612,0.001218645,-0.005185953,0.001413761,-0.086525716,-0.048620476,0.071738084,0.001965636,-0.002938592,-0.009106645,0.014851485148514865,-0.044894986,-0.072819603
4/29/1994,0.022360783,,,0.023916864063574517,,,-0.037060106,0.002084809,0.064320134,,-0.016926588,-0.003763803,-0.012180806,0.011555197319949917,-0.017626263,,0.00501015,-0.031933493,0.06515772,-0.126371189,0.023461865608165766,0.002036805,,0.11028047889382275,,0.016335448964727828,-0.003968984,-0.046893318,0.006592292,0.008063106,0.000851619,-0.00719856,-0.009114951,,-0.016470611,,,,,0.011285407967497996,0.043647701,-0.023072103,,-0.029058805,-0.041793233,-0.077233466,0.053555127,0.008042895,-0.015058824,-0.009351341,-0.074627437,-0.057726864,-0.256514263,-0.006197493,-0.04004958,0.14273594909862153,0.007022632,-0.030746996
5/31/1994,0.031756046,,,-0.005447761,,,0.2302716688227684,0.001240281,0.003228346,,-0.02476301,-0.001899637,-0.003931995,0.004637757,-0.051965998,,-0.032532554,-0.043638508,0.40780806438276884,0.13304029560618535,-0.057344691,-0.009842379,,-0.002176885,,0.069359132,-0.010951602,0.031365314,-0.002087082,0.012978225036869961,0.000839844,-0.002653272,-0.004852346,,-0.009392487,,,,,-0.015455864,0.056385362,0.024814717988314694,,-0.058260343,0.024595540008744976,0.031019404,0.13382112255704226,-0.018617021,0.060678451982799864,-0.104693857,0.024508383357482844,0.00476758,-0.043420899,0.036225055,-0.089937178,0.10783221974758717,-0.009826059,-0.075160699
6/30/1994,-0.013249083,,,0.023261049,,,-0.079652997,0.00081251,-0.10136567,,-0.003769093,0.000528747,-0.004960912,0.03945273,0.002192663,,0.062366738,-0.156351164,0.5316516410693135,-0.137032457,-0.017559327,-0.0386804,,-0.015119229,,-0.017280168,-0.041116358,-0.034585569,0.053223713,-0.028689858,0.000739767,-0.000456934,-0.008127643,,-0.013702779,,,,,0.051969396429583536,0.000353482,-0.105158089,,0.009799737,-0.006934813,-0.031345262,0.04152161,-0.069406805,-0.057657658,0.12397720814060387,-0.013375359,0.002372479,-0.116315106,-0.081552411,-0.024333226,0.09231027,-0.03535314,-0.017785165
7/29/1994,0.016732080148729622,,,-0.002346557,,0.009343896,0.1419594401599542,-0.000146399,-0.000960741,,0.018319395,0.003169623,0.013295059397445685,0.0009538,0.016567939147002386,,-0.019192173,0.103467178,0.058195716,-0.009026758,0.060312593,0.034804436,,0.024400714334775753,,-0.002922552,0.020229283766486583,0,-0.006162695,0.031124356351837523,-0.003707136,0.005866667,0.021244322978646535,,0.035196087,,,,,0.06992781,0.085159011,-0.105317068,,0.034817606468168005,-0.011280619,-0.017171786,0.029104842654492202,-0.090114868,-0.076003824,-0.155871325,-0.041816841,0.04591716,0.10433976295180991,-0.101869649,0.069832276,0.081288344,0.025601030559823545,0.025024955
8/31/1994,0.004876067,,,-0.002719588,,0.031394646810223525,-0.120810405,0.015693634693714653,-0.027101456,,-0.019945248,0.000218026,-0.00025851,0.003013519,0.00343781,,-0.001619986,-0.05923994,0.015865634,0.013211639255376939,0.054272313714426756,0.042938344,,0.11720334579345248,,-0.000195408,0.054520660030001444,0.039530574,0.006407606,0.0331264,0.002879291,8.911434167702126e-05,0.000674858,,-0.01037462,,,,,-0.000302115,-0.104526213,0.005768825,,-0.033318183,0.004129088,0.019281637198941937,0.038105046,0.054587482,-0.022762545,-0.217667464,0.059243428,-0.026929169,-0.013517558,0.013910505836576048,-0.012198386,-0.129929078,0.097072372,-0.088600825
9/30/1994,-0.004043672,,,0.027491155660377187,,-0.004292683,-0.027311522,0.020837428739925112,-0.016264546,,-0.023543496,-0.002651088,-0.01727765,0.020081227436823168,-0.018150635,,0.008198471,-0.015093509,-0.009720282,-0.130001249,-0.070611453,-0.022876384,,0.059325721,,-0.05057168,-0.012543969,0.027926322043969165,0.034504005,-0.027743751,-0.001722615,-0.00685662,-0.026386808,,-0.038566541,,,,,-0.009116551,-0.041090909,-0.03142314,,-0.0170696,0.017314143490964273,0.026292426,-0.027625153,-0.017197774,-0.060349391,-0.086507242,0.044792381,0.006744186,-0.086523066,-0.065784003,-0.020933449,0.038963156,0.063942261,-0.072397499
10/31/1994,0.002842063,,,0.03808909,,-0.013325495,0.005264697,-0.007651326,0.068326102,,0.003677973,0,-0.005503744,0.030541682673837833,0.008459949,,0.020710685697344466,0.12036457867929595,-0.10270757,0.087384414,0.022026273168975985,0.009414523,,-0.037335524,,0.012660182,-0.00348359,0.032369942196531776,0.024154589,0.019869240984778713,0.002787487,-0.001534214,-0.00800739,,-0.006001344,,,,,0.046510446,0.055365946150929046,0,,0.027235846200423852,-0.031911499,-0.069803034,0.08931094,0.066563733,-0.006760563,0.009768368,-0.019466224,-0.008778009,-0.006845334,0.012323702587977658,0.021898075998776356,-0.016946493,-0.04708779,-0.030907628
11/30/1994,0.036032389,,,-0.042150359,,0.002979146,-0.101542042,-0.017180041,0.073874567,,0.024429967,-0.004163231,-0.010135655,-0.042119235,0.024903623,,-0.022697095,-0.078162386,-0.165098821,-0.013123409,-0.004824453,-0.047970999,,-0.023879236,,-0.045027189,-0.046890606,0.14893617021276606,-0.054212975,-0.039164622,0.001820067,-0.007705235,-0.004593556,,0.003619376,,,,,-0.032203225,-0.035213798,-0.01751063,,-0.034471376,-0.010877926,-0.070105158,0.13746397694524481,0.12610583882901727,-0.024390244,-0.203283173,-0.137235593,-0.034490795,-0.036255376,0.017178412011362054,-0.036443969,-0.002234637,-0.032320926,-0.101012045
12/30/1994,0.010160219,,,0.001009955,,0.002574257,0.04242228,-0.018862461,0.13846092599227688,,-0.015302067,-0.003116495,0.000468535,0.014576503054461343,-0.015878528,,-0.010656817,0.06532272,0.050061705640055854,-0.073386958,-0.006652512,0.003659889,,0.003858676,,0.030280453,0.021648006177265477,0.031189083820662766,0.012980802076928422,0.009608201,,-0.00303833,0.004712538,,0.011153453478645048,,,,,0.028908407,-0.018621974,0.035877703,,0.019224664,-0.000222173,-0.011616278,0.048074487,0.057706041994000756,-0.03255814,0.009453772,0.042825184,0.034516051170649265,0.030110843373494012,-0.021343085,0.080666514,-0.018237082,0.044213333,0.14389331721506537
1/31/1995,-0.022243714,,,0.007999423,,0.000197511,0.064926996,-0.005755454,0.034549078574675596,,0.014934409687184624,0.007330654,0.012800503448735068,0.013896315238870027,0.012102572051502225,,-0.003261523,-0.080118574,-0.079064053,-0.041238814,-0.03184668,0.00732992,,-0.062177177,,-0.052117769,-0.015736767,-0.06899811,0.016254131,0.023507950712466474,,0.010158631467536816,0.017510947,,0.023321755875297834,,,,,-0.009365397,0.061859582542694413,-0.006495011,,-0.022563777,-0.026,-0.051681196,-0.016619327,-0.055503038,-0.003605769,-0.246401342,0,-0.012832478,0.024449351572880307,-0.024933759,0.016890458396638497,0.038455271,-0.069738477,0.00700866
2/28/1995,-0.022551929,,,0.002931293,,0.04364139,0.023920653,0.013547612,0.11661314855501104,,0.006760787,0.005580844,0.020848986136316805,0.042957621,-0.001551659,,0.027770601911650816,-0.068688474,0.1521384236738954,-0.025893587,0.00585032,0.043330408073716464,,-0.064426264,,-0.091003215,0.042096314172882954,0.03248731,0.038226706,0.034636984228402445,0.002046205,0.010528172691784743,0.026196852709893692,,0.024411889207675008,,,,,-0.031808558,0.004288778,0.020417375080872047,,-0.023777132,0.00159708,-0.031845043,-0.037364798,0.030025736345439036,-0.015681544,0.092917887,0.008624841,-0.010163082,-0.050307342,0.011984392419174927,0.001682527,0.014122078,-0.06050811,0.00252159
3/31/1995,-0.003035823,,,0.023809523809523725,,-0.000189215,-0.083475783,-0.003115306,-0.039352202,,0.013035749555599274,0.000106909,0.000454623,0.061073401,0.008888476,,0.11306606342423864,0.050907712,-0.082477415,-0.13997439,0.046603504,0.011180037149966626,,-0.004329597,,-0.066962412,0.00665807,-0.009832842,0.090386091,0.024165502,0.003897416,0.000768286,0.000601868,,0.004531712,,,,,0.13019376493922596,-0.012099644,0.033054409,,-0.096012605,0.034965831,0.16319091217361814,0.063393769,-0.03137146,0.06127451,0.096670597,0.042798854067193304,0.072110793,0.022023677858028945,0.016352244560727147,-0.105122417,0.036825004,-0.011519101,-0.076493338
4/28/1995,-0.008120179,,,-0.005918396,,0.016275549,0.056574448,0.031744547870564466,0.15884669922798156,,0.012283096120101478,0.002246024,0.008785214,-0.009054321,0.006377569,,0.025479864508844763,-0.052501015,0.035722964763061915,-0.052497818,0.020586487714515433,0.01746846,,0.041232683647863366,,0.056412233,0.024129457,-0.104766634,-0.012897174,0.024499769917963654,0.000207784,0.00475971,0.013533838,,0.013834702042619718,,,,,-0.068532601,0.10338616714697402,-0.006183831,,0.058177727,-0.014746341,0.076525035,-0.057693462,0.018343365,-0.030023095,-0.067230905,0.022810523,-0.000222717,0.065767063,-0.010093825,0.020256776034236923,0.068646471,0.040374715,-0.013968206
5/31/1995,-0.013712648,,,-0.012887862,,0.028119181,-0.032656664,-0.007766387,0.039672612573417476,,0.025616333,0.004374152,0.032771109637074414,-0.020213372,0.038398616,,-0.006679634,0.045699053,-0.116566507,-0.102278577,0.032294521,0.019280556,,0.075007015,,-0.076572193,0.022616464582003948,0.013865779,-0.021202043,0.032122667,0.004635906,0.013754544263756552,0.046972420853528485,,0.073675048,,,,,-0.026714976,-0.022200457,0.042112784276553406,,-0.041322965,-0.010275885,-0.08178187,0.030644750254841924,-0.001266535,0.017261905,-0.006936514,0.091364154,-0.023613277,0.1406169983577319,0.001300257,-0.028884081,-0.063259321,0.063390482,0.043639832673393775
6/30/1995,-0.008923013,,,0.002128716,,-0.002898026,-0.074513382,0.000573993,0.10678697528442527,,-0.019906103,0.001379349,0.001457728,0.020987826,-0.036492452,,-0.008128579,-0.084854555,-0.164589063,0.068751132,-0.008625552,0.039469287,0.055410317,0.2645220729366602,,-0.071790819,0.034597239,0.008752735,0.012499241550876672,0.017287174177283537,-0.002579339,0.001055886,0.003132133,,0.007767012,,,,,-0.010224847,-0.038397329,0.022453599225476628,,0.021548655604840983,-0.005191288,-0.056182261,0.064721518,0.00521347,0.0093622,-0.146620387,-0.051497185,0.003422313,-0.04402248,0.003793186,0.051923645,-0.071854502,0.17135041018642982,0.062464383
7/31/1995,0.041457286432160956,,,0.003894357,,-0.029064487,-0.041077884,0.00440678,-0.119334562,,0.017053075301781906,-0.000954425,-0.006259099,-0.002069225,0.018487281425894952,,-0.043695288,0.041088394766950254,0.11819300584555426,-0.118264995,0.046046247030083975,0.041089284,0.046520058,0.021881679,,0.14886823245582903,0.053272854,-0.026572668,-0.001857734,0.029236919355076774,0.003011555,-0.001808182,-0.010786262,,-0.020368989,,,,,-0.043528409,0.012499999999999956,0.013489014692007029,,0.006787906,-0.009642655,-0.002577924,-0.010276359,0.033361368096439525,0.04173913,0.041810467340126056,0.1188473030350683,-0.034333788,0.00822692,0.030196773,0.014919136980873882,0.019113395438483893,0.040919227045428386,0.036710788248803805
8/31/1995,0.019300362,,,-0.028424319,,0.032740879326473404,0.05723098,0.019431968638853547,0.12085435225931107,,0.00697061,0.000744206,0.004553579,-0.058016546,0.010393582820936942,,-0.097031786,-0.000143342,0.023845554,0.12516013323084807,-0.000575834,0.016120565,0.004733864,-0.044573045,,0.079426842,0.014591684801282812,0.033983287,-0.04689001,-0.000530291,0.001294562,0.001586284,0.009820928,,0.018086722549623957,,,,,-0.041052797,0.022976680384087622,0.047166706,,-0.04154437,-0.003894616,0.05466792,0.003226374,-0.010580575,-0.006121313,0.059108011,0.001124425,0.017424064045208354,-0.061937308,0.011268629589240131,-0.03871215,0.029156816390858875,-0.033841236,0.009611411
9/29/1995,0.008086785,,,0.019382940108892743,,0.012499999999999956,-0.032090762,0.001617113,0.067629034,,0.007857811,-0.000742487,0.003358158,0.025964425,-0.002953942,,-0.029248091,-0.007263691,-0.20508801,-0.075572128,0.010435005,0.020028569,-0.007756838,0.066639305,,-0.00354752,0.004447756,0.039331897,0.039244094488188885,0.0365378,0.00042372,0.000754603,0.006849325,,0.014135294701820511,,,,,-0.009458721,0.009051291,0.061276588,,0.011714708,-0.001034959,0.017599881182236876,-0.002280435,0.020564848,0.039753639417693165,-0.073492634,0.035414692,-0.007174265,0.24275477093518028,0.036925691,0.019877134,0.002756508,0.063749624,0.043107866
10/31/1995,0.006456662,,,0.000783364,,0.015029522275898932,0.013730743469524409,0,-0.052469897,,0.014293669946166654,0.000106148,0.008876605,0.013382384,0.013944022524214672,,-0.026263165,0.073842303,0.036680189,-0.081719371,0.001393861,-0.033520052,-0.096647171,0.023355605,,-0.01889176,-0.050079795,0.037325039,0.015456418959874041,-0.007387527,-0.00031494,0.004147188,0.011621305813237282,,0.023777054,,,,,-0.04520616,-0.011627907,0.066561356,,-0.002313067,-0.005640612,-0.022768737,-0.052452675,-0.010881247,0.060850834679590626,-0.005860365,0.083423729,-0.030769231,-0.10869071,0.044056472961048865,0.025506067012249778,0.023365913,0.011172904582148036,-0.06223355
11/30/1995,-0.021578538,,,-0.030811926,,0.024678300722721813,-0.027089528,-0.011148966,0.018955439335494706,,0.022327964860907823,0.001165176,0.011535839624932098,-0.029218193,0.03110253,,-0.004563709,0.067733549,-0.114691016,0.019749857492539213,0.035873588,0.03943028,-0.025448718,-0.035720797,,0.063970502,0.044769409,0.038980509745127234,-0.039395929,0.040069686,0.00203146,0.004504771,0.015964645,,0.020331129,,,,,-0.046594982,0.056806722689075606,-0.004973408,,-0.003095826,0.007293355,-0.031439026,0.04348095,-0.065598262,0.017766497461928932,0.066903999,0.078439348,0.006012506,-0.021672927,0.00256565,-0.009509555,0.047007909267273496,0.003599258,0.041565583050299226
12/29/1995,0.000397377,,,0.014904552129221704,,0.008257354,-0.038370119,-0.003535386,-0.047494078,,0.011815252416756294,0,0.007126576,0.006917214,0.011987205251255295,,-0.017742527,-0.079768252,-0.094899563,-0.008384848,0.002962284,-0.015660221,0.009734921,0.031490387455836766,,0.061719567,0.012637872851221976,0.057239057,0.018082396,0.00838861,,0.002989312,0.010749724918089676,,0.019407299556406077,,,,,-0.028862479,0.090012723,0.093264322,,-0.089250347,-0.001264223,-0.011410948,-0.024657697,0.001162791,0.090773067,0.38555773219295886,0.10490890100963202,-0.029882859,-0.028173243,0.069245823,-0.017740556,0.097919042,0.034848325388004975,0.006214556
1/31/1996,0.004965243,,,-0.025898864,,0.003412387,-0.012711864,-0.006683009,0.05725014,,0.009377212,0.001055477,0.004104155,-0.036924608,-0.00366228,,-0.037946324,0.04726493,0.35511090008817736,0.038498524389030786,0.015650691,0.016060022,0.08644388,0.016014846381194436,,0.042381224,-0.002348415,0.047770700636942776,-0.052001953,0.031521176,,0.003949036,0.002181613,,-0.004373546,,,,,0.006181319,-0.052815874,-0.000675596,,-0.035370603,0.047065592635212816,0.073155514,-0.047705864,-0.037891986,-0.005486968,0.061626596,-0.069162903,0.052735338,-0.040306322,-0.008052935,-0.041048973,-0.06932364,0.01415331,-0.052311285
2/29/1996,0.027075098814229204,,,0.013665058,,-0.027886414,0.001430615,0.001104011,-0.03713014,,-0.032077125,-0.001475644,-0.019890256,0.009660327,-0.036316544,,0.013050650106734007,0.005881072,-0.077163336,-0.089437384,-0.010642763,0.02413926,-0.006535556,0.051334957,,-0.044733834,0.016029233735371795,0.027355623100303816,0.008112284,0.000476663,-0.00010831,-0.009645169,-0.030252804,,-0.050949307,,,,,0.054731617,0.080098583,0.046554713787337665,,0.016346440859032585,-0.017914056,-0.01693314,0.018634333,-0.023841859,-0.005977011,-0.062552399,0.022425952,-0.020833333,0.057077509529860126,-0.006244855,0.001172874,0.1267959269075185,-0.00088861,0.094701368
3/29/1996,0.026168944,,,-0.002271229,,-0.005772258,0.030000000000000027,0.010833322521634381,0.004311274,,-0.000724375,-0.001899727,-0.013404442,-0.003819284,-0.01094718,,-0.021885925,0.018059766,-0.003883537,0.038468282,-0.002939305,0.012595917185463934,0.049127889432071914,0.011464421684808768,,0.073260836,0.021248427881114695,0.016060862,0.005556265,0.010455833118722557,-0.001386512,-0.006740562,-0.016647855,,-0.024876937,,,,,0.015120315349767655,0.076440388,0.050738931,,-0.02173325,-0.013876455,-0.000887115,0.010399699285803754,0.047611686504869244,0.002775208,0.094912266,0.023561871,-0.01912503,0.021588614289835606,0.008055072,-0.023067214,0.1418667987125526,-0.004486383,0.041948002
4/30/1996,0.006187887,,,-0.012263181,,-0.007389163,0.038834951,-0.002310299,0.00257566,,0.008517579,-0.000845411,-0.009642068,-0.037932728,0.014951808459586102,,0.016647081864473057,0.04581614,0.077047895,0.15938407509961494,0.030482616095307558,0.022161853,0.050624173,0.21214241788069654,,0.027876084743297724,0.046257886,-0.076123128,-0.046300413,0.005530635,0.001279965,-0.004222591,-0.012912482,,-0.020745773,,,,,-0.067462617,0.1094329623741388,0.15493764152382283,,-0.044424254,-0.012369496,-0.045135035,0.043960813,0.066401062,0.012915129151291671,-0.040382886,0.087253026,-0.013892274,0.031580929,0.04777422,-0.082030374,0.081634866,0.2019282581083368,0.089335593
5/31/1996,0.016399553,,,0.028771095085867282,,0.008684864,0.005674232,-0.006110739,-0.068602964,,-0.007906559,-0.001484227,-0.00813983,0.003668163,-0.005081415,,-0.033086111,-0.076350472,-0.067087289,0.063872546,-0.022502728,0.006742202,0.018452609100366724,-0.039292525,0.032888285,-0.0072163,0.032111513,0.078793336,-0.007392115,0.018477682305528154,-0.001375829,-0.003417045,-0.010210754,,-0.009803134,,,,,0.005593536,-0.104609506,0.055862119,,0.083223097,-0.005285534,0.01185587,-0.0348043,-0.03334717,-0.019125683,0.068205967,-0.158617612,-0.000494315,0.022683031,-0.008491765,0.0749153,-0.027663626,-0.06746047,0.039775268734490554
6/28/1996,-0.013017968,,,0.001589825,,0.008785802,-0.003982741,0.003274784,-0.097892989,,0.003803659,0.000849725,0.009395966,-0.001409274,0.01941792,,-0.017283459,-0.009512485,0.060943359,-0.112765899,-0.010559981,-0.019174123,0.000645161,-0.043631066,-0.020954763,0.026652097486816517,-0.049159664,0.050500835,-0.005233143,0.005910607,0.005109513,0.003731059,0.01355333,,0.018599218,,,,,0.00710754,0.045345425,0.012819205,,0.031331573,-0.032459282,-0.078189616,-0.187188481,-0.046378471,-0.00185701,0.18255515511141973,0.067181331,-0.03041543,-0.004282814,-0.034421624,0.020150067036215136,0.10287599216575605,-0.092550056,-0.068451712
7/31/1996,-0.013932751,,,0.001875902,,0.006096499,-0.036987671,-0.007753838,0.015401166,,0.014074341392998901,-0.00053092,-0.00310283,0.033518964,0.003227721,,0.023416118,-0.026277178,-0.123915864,0.10519007652431478,0.00189059,-0.06544651,0.016978294,-0.094565776,-0.065688524,-0.089865803,-0.091029607,0.049264998,0.044580832,-0.050829426,-0.000312999,-0.001137916,-0.003488373,,-0.003709008,,,,,-0.010432648,0.018116866547588595,-0.109364284,,0.026213153941224032,0.016475644699140313,0.022430838248733043,0.030963736846089773,-0.037075953,-0.003255814,-0.260171863,-0.097437738,0.03545014,0.063951014,-0.013869665,-0.00465749,0.008879335,-0.088083076,0.15939948702261342
8/30/1996,0.021665410700828946,,,0.004680974,,0.010907202216066558,-0.016608997,0.003705678,0.033457871,,0.001067616,-0.000431748,-0.006874222,-0.007779345,0.001142117,,-0.025108954,0.016392694,0.20849123707132788,0.1981461317251585,0.046962503,0.049930273,0.026521555,-0.022385784,0.039690859,-0.022778117,0.050466468,0.007194245,-0.006069215,0.013931969242799491,0.000313097,-0.002060219,-0.009453716,,-0.017313884,,,,,-0.055317829,0.048872180451127845,0.05224121,,0.024332023,-0.004580691,0.004469001,0.039065942135408926,0.022291504,0.12179188054129719,-0.164964129,-0.018813668,-0.02044335,-0.034215569,0.092609567,0.05360328,0.1159903650176024,0.019936932865175283,-0.022378783
9/30/1996,0.002581597,,,0.001863666,,0.025346805959924668,0.018648838845883198,0.00352359,-0.013462472,,0.025417703519374335,0.002874878,0.012282801376399366,-0.031646871,0.021455507317427847,,-0.026263653,0.011411114605328176,-0.129391445,-0.105629864,0.021337829588069512,0.040164005,0.027946474523932174,-0.053067458,0.10539322288561159,0.066753382,0.033100469400797916,-0.077443609,-0.044043134,0.052018663,-0.002439235,0.005109433,0.016582766,,0.022534497290376043,,,,,-0.053370971,0.027240143369175573,-0.136728451,,0.041171791,-0.027610619,-0.071104999,-0.054063604,-0.069075938,-0.017886855,0.071406793,-0.115576479,-0.03545386,-0.050020348,-0.045958629,0.021861648,0.12609995019093478,-0.038058771,0.098731792
10/31/1996,0.002391024,,,0.039278815,,0.046935026,-0.01761658,0.016975189115224998,-0.047966746,,0.009533715,0.002759255,0.015537148968276737,0.002276239,0.006620812,,-0.027963272,-0.055123706,0.13841447871526902,0.2811286834631721,0.004013321,0.000416389,-0.038552045,-0.089673111,0.020961136050650087,-0.046578549,-0.014548092,-0.054197229,-0.015493341,0.026403245118881813,-0.003289118,0.007132019,0.021846779958878404,,0.034917015,,,,,-0.025034674,0.040939753,-0.103623025,,-0.009885926,-0.003761679,-0.014107812,0.013298468434815192,-0.066175266,-0.121135112,0.14272811803775665,-0.038001904,-0.006777894,0.019943238,-0.122561143,-0.021637788,-0.029856248,-0.148508994,-0.05061019
11/29/1996,0.029541284403669765,,,0.033939143604571065,,0.026962348436502914,0.013361462728551432,-0.009875478,0.032028265,,0.030391483516483353,0.000953304,0.011668176952051468,-0.014685463,0.023225289,,-0.002307857,-0.026560737,0.034443817,0.020296516239246554,0.016499405,0.050611837,0.030255689,0.052665727,0.10218971708855196,0.026038469,0.039180033,0.034898751,-0.029196576,0.068482388,-0.001715117,0.003693022,0.017962493,,0.028781697242522553,,,,,-0.0125898,0.037988827,0.018797189,,0.016131125149393855,-0.015712546,-0.018991255,0.19767013197670136,0.017365374495702524,0.085783133,0.2814315507343841,-0.035215655,-0.010761155,0.056702268,0.065393047,0.003188799,0.025835866,0.068527426,0.097384101
12/31/1996,-0.023346997,,,0.02057394,,-0.023613485,-0.029840389,-0.016948066,-0.012079715,,-0.008498584,-0.00116404,-0.015015878,-0.002024267,-0.011241868,,-0.022647802,-0.20654851,0.084926969,0.082859933,0.009454485,-0.00942873,0.018449252,-0.009837853,-0.022847016,-0.083960712,0.007894682,0.032056619,-0.029150373,-0.027339572,,-0.005560147,-0.021574669,,-0.028047502,,,,,0.063895692,0.081593111,-0.047047812,,0.028718906893747453,-0.015468383,0.001080497,-0.043462201,-0.020689655,-0.016422548,-0.110954561,-0.041020966,-0.018307243,0.045923003,-0.031277559,0.020416514431859767,0.11229629629629634,0.009933958,0.011167282537235534
1/31/1997,-0.039233577,,,-0.066936326,,-0.005409706,-0.043633763,0.015284099,-0.002676509,,0.00907563,-0.000317835,-0.001026084,-0.062472701,0.009378869,,-0.04959269,0.089835666,0.1924705065926442,-0.014136877,0.033706313,0.035860928918039825,0.030919649,0.000670354,0.11842683105349638,-0.054699831,0.020687802256851073,-0.050020169,-0.061662395,0.057750899,,0.000226671,-0.003150055,,-0.010543844,,,,,0.021802423996208242,-0.037022293,0.046467072,,0.023879524369528227,-0.067119155,0.027073214606943896,0.034946583,0.026760563380281654,0.087545126,-0.020298806,0.036200887198986065,-0.058918919,0.11337015974701092,0.073435698,0.008578958,-0.046350559,-0.056393704,-0.04688635
2/28/1997,0.020702754036087345,,,0.019647601734023246,,0.013437849944009095,-0.045250561,-0.016800894,-0.014520184,,0.014490339773484351,-0.000954974,-0.004860677,-0.032172215,0.012073559773973619,,0.007470898,-0.116106333,0.3031469141909391,-0.067814332,0.005158359,-0.015057527,0.000818409,0.076476781,-0.084188942,0.009269922,-0.028226051,0.057324841,-0.038710684,0.003692554,0.000639158,-0.002498967,-0.004666742,,-0.004843116,,,,,0.20608309588496443,-0.107069037,0.088776576,,-0.002871455,0.055241175,0.079078728,0.10397363348050503,0.018689986282578896,0.099585062,-0.23021321,0.15683051754453015,0.12435381964388292,-0.011330944,0.071069147,0.041905114,-0.151536313,0.040992081,-0.003678935
3/31/1997,0.010420543356903567,,,0.007405884,,-0.020994475,0.12965139052095576,-0.01399177,-0.056585925,,,-0.002176391,-0.013886837,0.00696354,,,-0.032133824,-0.034750742,0.080858095,0.001301927,,-0.047091413,0.017797873875607495,0.067965373,-0.064710273,-0.037081408,-0.050590711,-0.016465863,0.016318909,-0.050092244,,-0.006448677,-0.020313399,,-0.02914547,,,,,-0.047414977,0.013888889,0.04995583,,0.005401081,-0.036899898,-0.053156955,0.018926378640229835,-0.029624642,0.111320755,0.025737362908177852,0.033867504,-0.065900383,-0.042723714,0.07878484,-0.003993349,0.00255144,0.059294137,-0.011320737
4/30/1997,-0.00626151,,,-0.00980192,,0.010480490164463063,-0.063106796,-0.011023664,0.008811644,,,0.000691609,0.009438193,-0.033332678,,,-0.030943755,-0.029456045,0.20995630752068428,0.059410694,,0.020815050460728513,0.010633772862611579,0.080309668,0.09371286,0.093074234,0,0.030624745,-0.018293657,0.05909411,,0.004352474,0.013921806203141873,,0.019236388,,,,,0.057561426,-0.008447489,-0.05639191,,0.084107212,-0.036192496,-0.084597583,-0.003869755,0.044405897658282845,0.024787776,0.10952741912685537,-0.036177693,-0.004648619,-0.027003703,0.034668363,-0.004994595,-0.015351777,0.071668404,0.020457823
5/30/1997,-0.026130467,,,0.010998831374166462,,0.012605712,0.049222798,0.012539856917017422,-0.01629469,,-0.004815676,0.001542203,0.002823845,0.012410831024367797,0.018372400776263564,,0.087950478,0.008565455,0.3136858190448142,-0.037442646,0.037959058,0.086666846,0.014496820052375625,-0.129251308,0.09484224,0.03598916,0.10350049380006587,0.019017432646592836,0.038733826999755916,0.059550236463661754,-0.000216617,0.00205448,0.004980537,,0.006888552,,,,,0.12679973821989532,0.02348607,-0.076727241,,0.034334764,0.010866574965612052,-0.003838951,0.069593207,-0.066268062,0.012922465208747624,0.025633690522584462,0.001492141,0.082692308,0.022908089646681784,-0.007330338,2.7505019666085317e-05,0.034183759,-0.168396878,-0.042720982
6/30/1997,-0.008753568,,,0.014278914802474896,,0.012763945792625186,0.13262786596119924,-0.005226389,0.014972443355786957,,0.018521608543300427,0.001223936,0.005042276,-0.024617752,0.009416757,,0.010252943496141143,-0.040123044,-0.309056468,-0.006571462,-0.009985134,0.024030260327820185,0.01424357,-0.044755647,-0.008975286,0.021084022,0.037568863,0.00466563,-0.03658441,0.036072144,-0.003217454,0.002585355,0.007883209,,0.013112914326636194,,,,,0.010986883500314404,-0.067491564,-0.056075541,,0.032559275,-0.035106817,-0.01560297,-0.042131479,-0.081287798,-0.18842002,-0.052598232,-0.019766248,0.06749556,-0.066971652,-0.21207718,-0.007316134,-0.068203805,-0.097901032,0.058925625
7/31/1997,-0.009982722,,,-0.014077898,,0.037031274,-0.116786048,-0.000133009,-0.018974931,,0.015072083879423381,0.001965218,0.019772751,-0.054635512,0.013165047136356245,,-0.039089946,-0.0071757,0.070185421,-0.074343937,0.067522587,0.091499481,0.029495977821206054,0.090150076,0.1531318854265029,-0.010657376,0.041728963,0.04373065,-0.039112051,0.076050642,-0.001825849,0.007129313,0.028968705670030293,,0.051209845,,,,,0.14692646495595563,0.096501809,0.11554402297494848,,0.010505368127669668,-0.030461148,-0.03399217,-0.028980012,0.024588576960309805,0.080612656,0.020136520953172532,0.1572654191717895,0.03066318,-0.000520136,0.063669619,0.042273911116036844,0.008738536,0.089541544,0.015441617803222618
8/29/1997,-0.018421563,,,-0.010879173,,-0.011852963,0.10472496473906912,-0.00893938,-0.030258303,,-0.008231117,-0.000318373,-0.011869854,0.015224742746839715,-0.007858727,,-0.023560817,-0.10230861,0.12857682708194162,0.037842911,-0.018919236,-0.006945212,0.015274589440226194,0.069077235,-0.030286487,-0.106530633,0.020571512686992754,-0.007044865,0.011170348,-0.057257764,-0.000217761,-0.003689561,-0.01774182,,-0.031051987,,,,,-0.041282297,0.027942794,-0.003218628,,-0.037928821,-0.003636364,0.028071562716220022,-0.088140132,-0.009259259,0.10220067139127198,0.23195519265421627,-0.004436402,-0.041743542,-0.045060298,-0.036750703,-0.048494394,-0.036195214,0.045937004116132885,-0.062541348
9/30/1997,-0.01027262,,,-0.001168626,,0.017461282,-0.02202362,0.003328814,-0.015823186,,0.016273393002441017,0.000850815,0.009101584,0.024996426,0.045153338,,0.000297159,0.030798093,-0.096718931,-0.139048754,0.090613649,0.051785197,0.021175754413427228,-0.06091769,0.012507037,-0.032112219,0.064022356,-0.041075429,0.025608837559628395,0.04572243,0.00053363,0.003559528,0.013225990967503432,,0.022450151363516024,,,,,0.028648554510623425,0.018193493,-0.042709911,,0.002544587,0.029051094890510942,0.11671954619748104,-0.023186101,0.028609575,-0.033840948,0.083270813,-0.054382879,0.083513839,0.096821775,-0.006403069,0.003645913,0.071816321,-0.100888012,-0.046716575
10/31/1997,-0.035329341,,,0.037508603,,0.019101626622892054,-0.045365535,-0.022006983,0.010761349,0.039621016,-0.001281025,0.001008032,0.009310446,0.019107791655334605,-0.005236479,,-0.003921336,-0.063850762,-0.085234228,-0.001002698,-0.089373357,-0.041167253,-0.07242921,-0.001925661,-0.070096735,-0.06916996,-0.045513081,0.07165109,0.032884537,-0.031954472,0.000870767,0.003999699,0.014755962,,0.027649837686271272,,,,,0.061119106,-0.006516712,0.085352718,,-0.005392113,-0.073627465,-0.094619027,-0.064445419,0.056554793,0.13239929947460594,0.11467506686639051,0,-0.063305198,0.021669570517194536,0.10993971431116911,0.006332814,-0.006559283,0.017643024399239815,-0.018921635
11/28/1997,-0.029381337,,,0.008955224,,-0.01186118,-0.042393162,-0.011531517,-0.037199962,0.011599005799503015,0.011063011063011219,-0.001802885,-0.002882716,-0.024942349,0.005250835,-0.014058408,-0.061855055,0.13033616848926677,0.1294681983960193,0.060341737,0.003103871,0.001877291,0.0410852,-0.025346917,0.021328640443559532,0.010937399,-0.010083437,-0.011991279,-0.022357402,0.033437339,-0.004099921,-0.003006995,-0.00112482,,0.006594132,,,,,0.013442361388113389,-0.050994499,-0.026460428,,0.01945106,-0.046707504,0.10431723088626854,-0.060717633,0.015268515268515248,0.051036189297865686,-0.279681307,-0.05642536,-0.051695518,-0.0124692,0.031598662,-0.002966682,-0.100376097,-0.045181209,0.002372575
12/31/1997,-0.0445534,,0.063551085,-0.01965812,,0.00429757,0.030346304891110343,-0.006947039,-0.051748113,0.034398034,0.008880431,0.000849607,0.004914719,-0.020232715,0.011208972434206377,0.010797975099056334,-0.026767548,0.007883044,0.047726723,-0.129524453,0.054809307,0.031038512,0.031394682,-0.061855558,-0.061578583,-0.083625024,0.008034145,-0.001471129,-0.028040404,0.013844270368290834,,0.002715137,0.007014589,,0.012076631330130372,,,,,-0.020978471,-0.069119287,-0.056100476,,-0.05286199,-0.029076305,0.13019891500904168,-0.092366902,-0.035955056,-0.108298999,-0.107409269,-0.047708231,-0.033008252,-0.000597517,-0.061209669,-0.03169715,-0.092344853,-0.089447953,-0.045885372
1/30/1998,0.054439982,,0.041953781207839436,-0.010864462,,0.015788697063597645,-0.045391545,-0.018980198,-0.011172794,0.089469517,0.022320025149324296,0.002017119,0.012370529132782693,-0.018802513,0.019346287169724308,-0.133210771,0.023126674070686803,0.23236632536973834,0.075408739,0.029283069673510687,0.052870949,-0.021338009,-0.036296011,0.026097642980533964,0.077040324,0.10542398777692896,-0.023323252,-0.081031308,-0.012720319,0.008888606,,0.005641218,0.013931454580720093,,0.015045439055999532,,,,,0.16024764814665926,-0.01005988,0.030187626276980017,,0.036988964,0.045996029119788284,0.022933333,0.015312132,-0.008965394,-0.027722772,-0.005065861,-0.011662009,0.052495475,-0.042008856,-0.005193944,-0.029203407,-0.037052201,0.035302808,-0.003006773
2/27/1998,-0.010791367,,0.055732684,0.009220964,,-0.005665311,0.012704174228675091,0.022543574300041058,-0.016877935,0,0.00999385,-0.001587732,-0.008523373,0.006387607,-0.008020308,0.23265827866040523,0.004150437,-0.035598892,-0.049489773,-0.034336167,0.05937365,0.077731414,0.003238399,-0.017705414,0.10962790360906505,0.010680404598856663,0.073535037,-0.096192385,0.004968421,0.063471922,-0.001403501,-0.004338005,-0.00934492,,-0.012538997,,,,,-0.023007623,-0.088071619,-0.038923582,,-0.052870048,-0.014710535,0.058245196,-0.039984532,0.070381762,-0.086218601,0.010507610389466349,-0.053272822,-0.011547912,-0.0265616,-0.02299489,-0.045938169,-0.115221088,-0.026400543,-0.149241961
3/31/1998,-0.026096257,,0.079297885,0.017870339267719082,,0.008765522,0.023297491039426577,0.002708935,0.009338074,0.011627906976744207,0.002740143,-0.000636103,-0.001719207,-0.019541706,0.012578333459170254,-0.003175681,-0.057357243,0.010649117559078602,-0.098056172,0.037041861,0.019816917776101617,0.043684498591149534,0.012867565774928202,0.009282584,0.018335726,-0.05861876,0.039619248,0.0345898,-0.043740573,0.045864961,0.000217903,-0.000525762,-0.002219759,,-0.001815712,,,,,0.12728755851893903,-0.019633855,-0.041627306,,-0.013783412,0.005137261,-0.001970721,0.036332877,0.00540906,-0.075780089,0.070076265,-0.084037022,0.06214268,-0.049711496,-0.020153496,-0.009937821,-0.014656415,-0.053215496,0.098611133
4/30/1998,-0.019767186,,0.027883334758861622,0.001914065,,-0.000289645,0.011908931698774161,-0.009199352,-0.056613173,-0.07112069,-0.004858054,-5.34E-05,0.000143513,0.027055820663633323,0.004039161,-0.107559493,-0.002630869,-0.008524241,-0.063428033,-0.06269624,0.000519782,0.010041565,0.017724613638347986,-0.053884026,0.017050254,-0.020932382,0,-0.154736391,0.011479145,0.007832159,0.000544639,0.000150297,-0.000556174,,-0.00025993,,,,,0.1994336951392166,-0.010554804,-0.05523365,,0.083528877,0.015173295000798559,-0.044005642,0.043221393,0.032447881640887744,-0.045819936,-0.130475267,-0.08389694,-0.008893049,0.013975074694364764,-0.009689304,0.056632219,-0.035113387,-0.092546713,-0.000835043
5/29/1998,-0.041003809,,0.058533338088275766,-0.02312253,,0.004056207,-0.007615092,-0.018303852,0.085319855,0.17556071152358843,0.011441647597254079,0.000689974,0.00272486,0.004300471,0.009320956,-0.142303598,-0.045586743,0.019165323302883674,0.007987014,-0.124105588,-0.010230383,-0.051554718,-0.029727179,-0.001385275,-0.051129465,0.000944223,-0.062721353,-0.021298174,0.009009789,-0.025377124,-0.000544342,0.000751167,0.006114795,,0.012496173082274131,,,,,0.004144371,-0.044584245,-0.054508564,-0.024234264,-0.06167285,-0.049874135,-0.18375627,-0.074068554,-0.088584921,-0.00463353,-0.041693193,0.017621726138161264,-0.080519481,0.070009066,-0.031314995,-0.066763264,-0.058377559,-0.05643097,0.019961678
6/30/1998,-0.00817757,,0.047435624,0.023669836131903876,,-0.001009955,-0.073596093,-0.00828989,0.078890665,0.098684211,0.007239819,5.33954887775856e-05,0.004148195,-0.014345247,-0.010740888,-0.031181941,-0.006944937,-0.047100176,-0.178036819,0.077101946,-0.01602907,0.006873201,-0.007957911,-0.020156572,0.1188695531451267,0.001280237,0.002002507,0.010880829015543991,-0.027732463,0.036589786,-0.00593656,0.001050893,0.006353592,,0.017232581058279406,,,,,0.039705345,-0.087317492,0.045348412,0.004747301,-0.037219704,0.010266600430534956,0.07953005,-0.051504909,-0.025370734,0.053745239,0.11639294949073742,-0.037440083,-0.024653313,-0.086761922,0.040159671,-0.019233511,-0.126140633,-0.021576291,-0.038505352
7/31/1998,-0.020023557,,0.002037075,-0.019762846,,-0.009676488,-0.014683735,-0.02974549,-0.082914573,0.098203593,0.009433962,0.000105625,-0.001851854,0.014939709938218027,0.003312165,-0.0928496,-0.042960108,0.002336161,0.17241801545072022,0.028661515736848164,-0.004246938,-0.046757013,0.025045679397477594,-0.116939554,0.019205662,0.037617766,-0.092139791,0.021014864172219427,0.016778523489932917,-0.017498133,0.001084825,-0.000224955,-0.002470492,,-0.008091102,,,,,0.063740516,-0.106336261,-0.141162954,-0.014396057,-0.065832915,-0.040157351,-0.013897028,0.042677753266587404,-0.052612282,-0.053012048,-0.261288764,-0.17209511,0.047130068,-0.021392335,-0.046458891,-0.085873516,-0.021191646,-0.121738477,-0.122517638
8/31/1998,-0.057932692,,-0.180224907,0.030577956989247257,,-0.011812746,0.016431027894535655,-0.038991607,0.013628381,0.022355507,0.038421599,0.002437233,0.022533891903187886,0.010295973385338941,0.030521793169149936,-0.109980093,0.021996868242487366,0.044958292,-0.022226864,-0.044459172,-0.104153789,-0.190181457,-0.102082518,0.009270748,-0.182609754,-0.173811531,-0.198330813,-0.138052209,0.029963522668056353,-0.150493368,0.003032028,0.00989676,0.031090524110662487,,0.037497351009736724,,,,,-0.082004771,-0.051246051,-0.125322975,-0.158988856,0.007830994,-0.039959016,-0.150691909,-0.079095126,-0.03250774,-0.094147583,-0.06971643,-0.084642896,-0.047774705,-0.007829524,-0.087840722,-0.015435862,-0.086444933,-0.056522969,-0.121909209
9/30/1998,0.041592243,,-0.085085555,0.013433322464949438,,0.04825856,-0.063157895,0.028296800628475616,0.020687504,0.083733333,0.014142857142857013,0.003487189,0.025508776050060078,0.05038039,0.030202477359238422,0.1050885105576096,0.026411790456734252,-0.142689441,-0.096264396,-0.072854955,-0.034407415,0.093958681,0.013557352442744364,0.060597271,0.19181080538520812,-0.004788445,0.075310411,-0.060570763,0.042499368,0.064646349,0.002913734,0.009720985,0.036819634,,0.035187076,,,,,0.029845370108318114,0.14391416944136148,0.047617384,0.044117665946977525,0.017389073109111086,0.07203842,0.14574170331867253,0.033666166,0.0228,-0.013576779,0.21997250354151454,0.041854132,-0.012146818,-0.018194709,0.018083363973660393,0.009889528,0.19371458011334375,0.060038973,0.14188655395797145
10/30/1998,0.048995590396864186,,0.060986048104082924,-0.013062223,,-0.00957342,-0.004012841,-0.009017916,-0.078832117,0.11318897637795278,-0.014509086,0.000369197,-0.002718495,0.007155067,-0.013796075,0.34828344515568777,0.17337219220926925,0.17116253594413244,0.046127314827250965,0.019138458,0.064145011,0.08097668,0.047484833,0.070328067,0.038366034024657214,0.027764631645369908,0.043122974,0.008059516,0.017552374019250916,0.077193422,0.002796457,0.000220475,-0.009264025,,-0.019491409,,,,,-0.014765034,-0.065006468,0.047850364787704214,0.096385157,0.081449866,-0.017587523,-0.05915198,-0.018293725,0.017207665,0.10631229235880402,-0.173112582,0.022330814250809627,-0.054798182,-0.024395221,0.071278482,0.05263345,-0.116242267,0.092850891,-0.074257442
11/30/1998,0.004437179,,0.068721176,-0.014017473,,0.006112296,-0.068493151,0.006484869,-0.042310102,0.16976127320954904,0.017295597,-0.001658469,-0.010784019,-0.024767553,0.023683195642087318,0.022016351887635288,-0.061973708,0.006372033,0.035927959,0.075942011,0.061173785,0.03968324,0.024079901491312006,0.035688646,0.10234741292699279,0.080276285,0.043681880108991766,0.067650677,-0.035294118,0.051845087377028864,-0.000217016,-0.004850805,-0.010660287,,0.007296936,,,,,-0.008063698,-0.219993082,0.001301287,0.051822099,-0.051778987,-0.002026685,-0.042470326,-0.025252525,0.033640907343329474,0.031746031746031855,-0.170878364,-0.06041574,0.056278281,-0.042206382,0.044438996,-0.03423212,-0.236041022,-0.053068345,-0.223124708
12/31/1998,-0.031620553,,-0.003245936,0.009125174,,0.009748517,-0.043252595,-0.000765961,-0.055416586,0.001133787,0.008008993,-0.001208373,-0.003845097,0.014362953485492547,0.015953791251241745,-0.035659921,0.078532679,-0.139587569,0.069482795,0.051962819,0.002678816,0.10790741094350054,0.044221777,-0.029712392,0.17461538096390905,-0.071469167,0.057089826,-0.045506912,0.012607119314436366,0.060568271507497995,,-0.000959339,-0.001571078,,-0.013985941,,,,,0.21534843294646966,0.023946785,-0.071739092,0.010400355,-0.02411538,-0.019969538,0.027697075,-0.059496159,-0.111214432,-0.074012474,-0.036420963,-0.10209997,0.023025435073627865,0.001226396,-0.095865489,-0.035838848,0.027061581078201558,-0.061171638,-0.107311122
1/29/1999,0.03577431,,0.026354984474793453,-0.007142389,,-0.001399188,-0.034810127,0.015330968556484192,0.005296394,-0.140807852,0.015751324226373153,-5.32E-05,0.000827133,-0.032394786,0.009909237,-0.069881798,-0.027784431,-0.002903052,-0.117621156,0.11095198205744872,0.010560417367889485,-0.035102166,-0.008060389,-0.000690181,0.1534544631599366,0.068936496,0.004109827,-0.095353048,-0.03108471,0.028904401,,-0.000443196,0.000262256,,0.001711976,,,,,0.010538050565815471,0.013858813339107767,0.004683262,0.011333188347349754,0.055232089,-0.010360905,0.042781757,-0.040178571,-0.060682151,-0.064211944,-0.097845458,0.007049213,-0.055221146,-0.086212393,-0.063741399,0.026935385898586572,0.05560166,-0.002714986,0.29581248160141294
2/26/1999,-0.019239685,,-0.055599282,-0.026597149,-0.041004567,-0.030264817,-0.061358314,0.000148034,-0.062370821,-0.032513181,-0.025113215,-0.001684142,-0.029126476,-0.031937485,-0.035745482,0.040211583247865335,-0.025622074,-0.184508091,-0.027479513,-0.026512295,0.038448728,-0.056087008,0.051936885,-0.12082879,-0.097498423,-0.018753131,-0.078804766,-0.074049366,-0.0255312,-0.035896657,0.002649164,-0.009828486,-0.038526684,-0.010485248,-0.051566841,-0.004904007,,,,0.055200549507732566,-0.091413926,-0.045345764,-0.007150664,0.021697061741398738,0.000348979,0.069943973,-0.033448788,-0.189351749,-0.04318618,-0.097828523,-0.035522701,0.10027700831024933,-0.139839145,-0.104617304,0.045333357,-0.047366352,-0.132073847,-0.000584167
3/31/1999,0.027416686362562004,,-0.014076804,0.006847922,0.023263259,0.020661754,-0.067365269,0.0012137,0.032071231,-0.007266122,0.002393018,0.001845717,0.004224168,-0.024962354,0.003334895,0.11405933798355439,-0.003855879,0.017934241115908245,0.06608365,0.011093621167828305,0.018602786408740135,0.022203532,0.069767442,0.054315169,0.089063325,0.10474870523014079,0.004693465,-0.056195965,-0.02749289,0.036805582,0.002005888,0.002838151,-0.000544656,0.006776737,-0.003358295,0.004089336,,,,0.023138377,0.3601316408086508,0.072532694,0.048304968,-0.028315062,-0.029652887,-0.11722973,-0.00788369,0.058807364660621086,0.089769308,0.21303934398160607,0.075289968,-0.050855992,-0.026246971,0.056213705,-0.028604728,0.36765009284093275,0.12776646352538368,-0.039807437
4/30/1999,0.041867954911433136,,0.10860893913778535,-0.001346801,0.057093696230251734,-0.007644394,-0.169609417,0.034548518715628695,0.0301114,0.037968892955169364,0.011936525768852846,0,-0.002664055,-0.017589843,-0.010396915,0.23183009476123861,-0.007805064,0.00228385,-0.0679712,0.018953715,0.039419046,0.075489551,0.036868648,-0.058170695,0.014119500666585738,0.053086827335754316,0.086703762,-0.180916031,-0.028358738,0.033407862,-0.002313993,-0.001117153,0,0.005017746,-0.003110335,0.002192982,,,,-0.140144212,0.010369858278603594,-0.05318185,0.099135847,0.027752246889515275,0.020852058241955795,0.087351703,0.1444788441692466,0.015053205294575545,-0.042797975,0.10187678879068596,0.073298429,-0.023342175,0.043089841,-0.013305476,-0.01218049,0.11404435058078133,-0.081212528,0.12846115474690767
5/31/1999,-0.015014352,,-0.060427712,-0.004720162,-0.015042778,-0.012981455,-0.142396907,-0.010645747,-0.064316787,0.081974438,-0.01540383,-0.001607546,-0.015627373,-0.018849529,-0.018601857,-0.08737866,-0.020145817,0.102294922,0.1692271728966881,0.043022748217490525,-0.048886701,0.0016448,-0.029883194,-0.016100154,-0.032601627,-0.045018496,0.018016813144822397,0.15470643056849953,-0.008117475,-0.029408058,-0.00085223,-0.005595864,-0.022926957,-0.004749148,-0.018742457,-0.001146192,,,,0.10367945469629358,-0.110845022,0.003429513,-0.024329106,0.01957242,-0.060045783,-0.098548174,-0.136789901,-0.083866019,-0.012019231,0.033505067,0.040141052,0.030689842,-0.065479881,-0.050856273,0.016766562,-0.09113067,-0.05876861,-0.108008481
6/30/1999,0.021071509,,0.056591811,-0.013414634,0.05123959,-0.006070241,0.16904583020285502,0.005892888,-0.06269824,0.038696538,-0.027906977,-0.000264108,0.000224114,-0.006755664,-0.023254571,0.10822113534002997,-0.000913778,-0.076928756,-0.179717032,0.15578497023809512,0.009495561,0.045940578935308896,0.054314798,0.055340039,0.10520311023908135,0.11253364848007363,0.038117223129328304,0.16545601291363998,-0.015448276,0.054588870132305845,0.001587147,-0.000600781,-0.003082096,-0.015783678,-0.013301314,-0.006885041,,,,-0.059748492,0.14005386687187382,-0.027011456,0.03688459,-0.012909644,-0.030910453,0.073011225,0.20233991434242138,-0.083728719,0.033090024,0.004259375,-0.046445926,-0.040843215,0.028202590860021637,-0.024383562,-0.0027873,0.13915375446960643,-0.000490015,-0.18806854
7/30/1999,-0.021514819,,-0.049912392,0.027537426177722812,-0.043727224,-0.015122873,-0.036632391,-0.026506232,-0.023502689,0.22509803921568627,-0.018413803,-0.000897974,-0.005814209,0.032689623080502495,-0.020841961,-0.021323024,0.052590318,-0.055026794,-0.10157915,-0.026313672,-0.016781369,-0.025758516,0.008213848,-0.042426349,-0.021744133,-0.007317793,-0.035289438,-0.038781163,0.036237975156439894,-0.036118617,-0.002317659,-0.002028855,-0.00786959,-0.010815515,-0.008088545,-0.003886555,,,,0.056350201,0.089098886,-0.060115542,-0.031913157,0.031190363,-0.026870288,0.033657782225052335,-0.005212858,-0.086506244,-0.028732925,0.045192451,-0.062929604,-0.024175824,-0.015694037,-0.05347615,0.027551605006857605,0.057938792,-0.001892308,0.10926969052754631
8/31/1999,-0.017949293,,0.033006177,-0.009757402,0.054778329,-0.003543481,-0.088725817,0.007079855,-0.044623784,-0.046734955,-0.005169867,-0.001936728,0.000857244,-0.013961173,0.015898756,0.022539520857227657,0.040963257,0.2082099026661024,-0.03280695,-0.082045455,-0.00104292,-0.038057226,0.021617951833059257,-0.001423825,0.051172873,-0.005647702,-0.038810389,0.14048991354466844,-0.018657053,-0.009006068,0.000421389,-0.001435038,-0.002858503,-0.001508106,-0.004916355,-0.000527259,,,,0.009633872,0.086458011,0.016907451708197296,0.014234815761718256,0.013955236828407935,-0.005760826,-0.047962686,0.022794759825327526,0.12670890296765602,0.08971872,0.098091601,-0.003920577,0.020270270270270174,-0.070221442,0.11481732643892495,0.033782186,0.07244406,0.006642253,0.056520279407238805
9/30/1999,0.019191227,,-0.031327953,0.023621515826415695,-0.006140698,0.003111572,0.081991215,0.017443393186677758,0.035875776,-0.053055742,-0.007869339,0.00042528,0.004921834,0.005620887,-0.030775129,-0.067141863,0.024624373956594336,-0.048476357,-0.082359771,-0.099349524,-0.033890138,-0.030426991,0.012626351,-0.025707336,0.006410113,-0.001972976,-0.007935115,-0.025268478,0.005602498,-0.027500072,-0.003402095,0.002566425,0.007000992,-0.001636249,-0.000274222,-0.000633045,,,,0.080265797,0.097832288,-0.05017204,-0.04571995,0.025170684964322954,0.16383616383616384,0.075707155,0.0435488,-0.044983723,0.042278594,-0.088494476,-0.027869477,0.11699779249448139,0.00167302,0.017070296,0.020004085801838656,0.1093948126801152,-0.023028068,0.044978483945713243
10/29/1999,-0.025330643,,0.074086697,-0.000988989,0.06397986,-0.017577548,-0.150202977,-0.003080511,-0.005516381,-0.096099291,0.000448967,-0.000585383,-0.004753683,-0.014912825,0.014091425,0.043359084,0.016758801280186253,0.039166605315467784,0.2152803940942727,0.063776084,0.034019119,0.041125889018363004,-0.007495164,-0.012066516,0.08837264,0.029113999880189256,0.005365144,-0.00712897,-0.019088501,0.060090135,0.000541859,-0.002333985,-0.003688989,-0.004412506,-0.003017096,-0.002956081,,,,0.065506442,-0.095869057,-0.042016288,0.035936899844338566,-0.019116927,0.002746781,-0.077511386,-0.025447999,-0.025100713,-0.026900085,0.002332665,-0.022072749,0.026432806324110603,-0.076472483,-0.039810108,-0.009381284,-0.113362427,-0.072529967,-0.002145578
11/30/1999,-0.000229991,,0.064099099,-0.027851109,0.098519752,-0.0090212,-0.026273885,-0.002209227,-0.064489678,-0.094546881,0.002842184,-5.23E-05,-0.006297875,-0.044462384,0.007076486,0.1531262088195473,0.018027814342127968,0.075947574,0.30317263485452917,0.069302511,0.053098056554856665,0.046120298720595754,0.031007482,-0.037948763,0.12000782228241347,0.025845509051749316,0.047696307,-0.159921671,-0.045437616,0.011114507210536528,0.001061468,-0.003291988,-0.006178611,0.002405977,-0.015916939,0.000105887,,,,0.012091664319909823,0.12385057471264371,-0.050547894,0.007215711,0.032830402722631824,-0.029960623,0.005402888,-0.002854744,0.028607755880483143,0.012286090390522197,-0.260678673,-0.075125209,0.043802647412755746,-0.003474958,-0.013469849,0.010675120499466173,0.14027891714520102,-0.081990342,0.13050563367166412
12/31/1999,0.031976075,,0.18220474702068667,0.012152070604209086,0.1117496063690595,-0.006068882,-0.070318888,0.017047263465601592,0.003763857,-0.045060659,-0.015513126,-0.001861868,-0.009786911,-0.000885084,-0.021604076,0.099571683,-0.00871374,-0.098768684,-0.064633988,-0.007953072,0.044218401,0.05576359,0.006345777,-0.027519889,0.2454661777774303,0.020541338024173017,0.11293542549023261,0.059052059052059125,-0.003316426,0.052612053,-0.001493135,-0.004308319,-0.016669344,-0.006442648,-0.022834014,-0.002541027,,,,0.136358103,0.015085656,0.019952517,0.055001942080785016,0.00293814,-0.011471938,0.040674511257296375,0.054984843,-0.07447466,-0.009969658,0.009288939,-0.020216606,0.024440858,-0.098869617,-0.030622312,-0.006425439,0.063001028,-0.004008159,-0.029817553
1/31/2000,-0.035220687,,-0.024056877,-0.002079281,-0.060093702,-0.017554572,-0.048372911,-0.001152533,0.14033285391411554,-0.051270417,-0.010757576,-0.001598698,-0.011796583,-0.04232033,-0.016964386,-0.081818138,-0.052968865,-0.066924819,-0.117556732,0.00693168,-0.099184882,-0.033721215,-0.003152881,0.002359516,-0.03774489,0.032249096,-0.027845767,-0.114453412,-0.045801527,-0.056058846,0.00021672,-0.006844466,-0.01124693,-0.004068659,0.014089313852913454,-0.002122917,,,,0.079027914,0.10881612090680104,0.075792844,-0.052042623,0,-0.020532048,-0.024928775,-0.015643707,0.035058431,0.09676007,0.12744225633653983,0.025202653,0.077650236,0.068273035,0.08141665,0.004348912,0.10383834477424347,0.03118784,0.044213841089504324
2/29/2000,-0.02564695,,0.12102849812852412,-0.022449254,0.096963571,0.024704785581106226,-0.057301294,-0.002606875,-0.024234234,-0.026303204,0.006586001,0.001875326,0.007280374,-0.006163963,0.022214630861850493,0.085915152,-0.028624469,0.0716467,-0.119383344,-0.04732999,-0.005579338,0.071766961,0.036069987,-0.026218795,0.19058884926502562,0.027955830864530018,0.1694459294004036,-0.104391052,-0.004820513,-0.020694901,0.000639185,0.002373249,0.010414489099200619,0.004723605,0.031186039979194335,0.00127646,,,,0.47747773302320295,0.18128123580190825,-0.018537244,-0.075771637,-0.026656007,0.027889172438935406,-0.045653762,-0.072893862,-0.063225806,0.009580838,0.031910688,-0.005894192,0.036758563074352546,-0.094060139,-0.013250518,-0.012140263,0.1460979241481999,-0.031345303,-0.036099695
3/31/2000,-0.018259426,,-0.018171571,0.009282178,0.008979292,0.015466262319939306,0.028431372549019507,-0.000157107,-0.006647586,-0.051571709,0.024193548387096753,-0.000910298,0.014483426279054301,-0.012395925,0.016296074,0.026580813,0.071327292,-0.009133421,0.032863820774232666,-0.031327916,0.044660709,0.07133096,0.025688491,0.021072218069625892,0.021682909367192194,0.016191574093481487,-0.072181671,0.18223866790009247,-0.005359167,0.09016324,0.000422242,0.002770082,0.028173629846389936,0.010038119440914706,0.031683079,0.003187082,,,,-0.161268647,-0.021923077,0.053571187546397114,0.073946607,0.00963686,-0.052668913,-0.012342135,0.008833304,0.15668044077135002,0.041518387,0.057233187,0.036008676789587746,0.054794521,0.053243356,0.067485599,0.019708592,-0.059075277,0.012549069468063223,0.12027252929268162
4/28/2000,-0.039371981,,-0.018942754,-0.025887322,0.027913331096304228,-0.014932059,-0.068636797,-0.022284123,-0.069616135,-0.031071983,-0.003565592,-0.001338729,-0.009359126,-0.050985701,0.001672738,-0.114090605,-0.059558062,-0.023892043,-0.082032488,-0.077599561,-0.032732457,-0.044723705,-0.008928854,-0.037707931,-0.145232392,-0.106533285,-0.066656071,0.10641627543036014,-0.037716299,-0.036495641,0.001926344,-0.003709549,-0.011470459,-0.004151466,-0.011516221,-0.002753362,,,,0.042152128,-0.019858435,-0.054481321,-0.023310736,0.009817906,-0.023773867,-0.015596241,-0.022713481,-0.033938672,-0.009870919,0.062755456,0.016122278056951433,0.022154316271963292,-0.114129668,-0.034414981,0.004346338,-0.017625081,-0.072921931,0.047846398685764235
5/31/2000,-0.019612773,,-0.044361702,-0.03510735,-0.003346033,0.009549795,0.088024565,-0.010358682,0.12242757242757252,-0.065205772,0.003876547,-0.001474692,0.001452577,0.027408637873754138,0.002681743,-0.042176433,-0.000305941,0.020095188,-0.05102187,-0.036663825,-0.002645022,-0.010253705,-0.005495032,0.005373646,-0.127297101,-0.106019507,-0.06581412,0.13719943422913694,0.021212448,-0.025892839,0.000648081,-0.000554643,-0.000297589,-0.000505306,-0.008380016,-0.004247637,,,,-0.057107087,0.22066198595787356,-0.030169727,-0.024051706,-0.018131656,-0.009395973,-0.010037394,0.023241373192584014,-0.120801233,0.031058282208588972,0.37696645041525567,-0.071845594,0.081464873,0.003664112,-0.040304971,-0.03212358,0.12906159570070286,0.078508822,-0.104045204
6/30/2000,0.042318543,,-0.035947531,0.011741682974559797,0.006751967,0.011861862,-0.035747883,0.009728948,-0.162654087,-0.032018296,-0.001633744,0.003721386,0.014569322047529365,0.016080278,-0.00052669,0.087576939,0.010956053372505714,0.053247426,-0.091813765,-0.072390301,-0.011458418,0.006778927,-0.018921263,-0.019705385,0.13013043717902928,0.074628793,0.084395108,0.12997512437810976,0.026043863348798046,0.016871959424490157,0.001273734,0.007619047,0.017597671937901405,0.001516684,0.01797387,0.001386371,,,,0.11169735723353935,0.072637634,-0.163895797,-0.012582075,0.019759025,0.060782036,0.013220675944333848,0.003207629,-0.004907115,-0.04425437,0.031669079196171346,-0.130096944,0.03178991,-0.134188346,-0.047435403,-0.007804055,0.15626830697129468,-0.052912163,0.031431591994458774
7/31/2000,-0.029527559,,0.046333272,-0.011748693,0.009860173,-0.00192907,-0.011707317,-0.005029607,0.091092687,-0.188422918,0.00312407,0.001235087,0.001893646,-0.029230157,-0.003164968,0.039475178199709804,-0.036871103,-0.101462523,-0.011433537,-0.108081538,-0.002518943,0.012490487377162962,0.060248854,-0.094989407,-0.052397098,-0.090772558,-0.031752702,0.22619702806824438,-0.023533039,-0.019890065,-0.000107806,0.001654064,0.004125032,-0.001514387,0.012841085865339608,-0.001916933,,,,0.26390562301591447,-0.100045963,-0.079185697,0.002180349,-0.004050479,-0.049635036,-0.008829589,0.061268579,-0.035575907,-0.080544747,-0.155819358,0.026541897065078812,0.068486269,-0.027957541,-0.074736842,0.000957388,-0.130778974,-0.092166242,-0.02195934
8/31/2000,-0.004817444,,-0.001646189,-0.033200435,0.011742912371133896,0.012340172465060917,-0.085883514,0.009801472,0.055236239649293584,0.034934498,-0.00533887,0.001798607,0.00834613,-0.044087516,-0.008647157,0.011911870605464836,0.018669851646970104,-0.047421551,-0.132054702,-0.11281486,0.054714928,0.098805575,0.024830142063001936,0.022156894768359692,0.1318785090437944,0.068450611,0.061352036,0.015260323159784539,-0.044727426,0.057197654,0.000107818,0.003459458,0.012643306642081242,-0.003791709,0.018381754823894036,-0.000533504,,,,-0.120876024,0.1937351038474635,0.017958783714304705,0.0649765,-0.018835247,-0.003840246,-0.011679699,0.011562576337431851,0.005478451,0.1671603893355904,0.2691481151730388,-0.083865087,0.012223789,0.040454905510920014,0.11236545024940936,-0.026525614,0.22579234972677598,0.011223153985616463,-0.07876221
9/29/2000,-0.059872611,,-0.064445407,0.016645423,-0.055089921,-0.002496696,0.002159827,-0.022454088,-0.043159158,-0.046413502,0.006858506,0.000805425,0.004840735,-0.009030334,0.010258282610401404,-0.088428091,-0.018080839,-0.019962211,0.041403181,-0.040961742,-0.061570505,-0.011137878,-0.019406943,0.022049425,-0.12994672,-0.077484386,-0.031438105,-0.100353669,0.006059271,-0.058386273,0.002457983,0.002663115,0.001405144,0.007612281,-0.017734832,0.00384328,,,,-0.005421766,-0.070593269,0.006363939,-0.055733813,0.020324722,-0.018311488,-0.019228843,0.028495532,-0.030512169,-0.009427121,0.060597148,-0.023156943,-0.021365536,0.019377526419779967,-0.028715286,0.029755552,-0.043806467,-0.012115106,0.10331314430967664
10/31/2000,-0.037940379,,0.036372229,-0.017995427,0.018053061558532812,-0.006772674,-0.052801724,-0.013368068,0.007043273,-0.109144543,0.001480823,0.000321215,0.001398591,-0.038425369,0.00308935,-0.044844878,-0.013448969,-0.047359598,-0.10360867,-0.099519927,0.020908959,-0.044105926,-0.004118009,-0.026958485,-0.088650855,-0.062005631,-0.051001452,0.047665848,-0.041283399,-0.009285342,0.000752793,0.000546832,0.004833177,0.001888693,0.012036690088185864,-0.000106349,,,,0.093999754,0.055240141,0.041715132585039116,0.023112988011894986,0.017167334530882927,-0.038091498,-0.034310222,-0.078187368,-0.073435744,0.001830161,-0.151373084,0.026113529030465932,0.019933554817275878,0.019809374777722377,-0.063259355,0.028295291,0.063840368,-0.038679031,-0.055812928
11/30/2000,0.010704225352112795,,-0.101629376,-0.017273751,-0.08076994,0.024458938630299576,-0.078498294,-0.0079213,0.038035928143712594,0.022350993377483475,0.018778648528759545,0.001791039,0.013808160481237897,0.025858191,0.019755825455970433,-0.065624897,-0.017518155,0.10840299164100298,-0.099450902,0.036642125751036536,-0.053071093,-0.07433219,0.024254767635623065,-0.008068835,-0.23333217,-0.012863575,-0.102502046,-0.015009381,0.036093661,-0.082420668,0.001493708,0.005769165,0.022331780147123892,0.012190524,0.027850186573178837,0.004892576,,,,0.047307486,0.002908245,0.010457523749064723,-0.053256897,-0.004515544,0.01612574,-0.018822037,-0.012480897,0.011726647796198808,0.12751187431494326,0.4709062497501235,-0.084017688,0.04808438,-0.025632084,0.076005188,-0.012254529,0.064274863,0.000914482,0.056389633
12/29/2000,0.057134894,,0.003712007,0.047000382,-0.001100877,0.006511359,0.039506173,0.022524029687309932,-0.088790438,0.015384615,0.008417997,0.004429669,0.014231071,0.075342727,-0.000519116,0.068751867,-0.04246904,-0.034849567,-0.085771757,-0.124816327,0.001888209,0.066654204,-0.013708122,0,-0.077905226,-0.060160718,0.072946822,0.046190476190476115,0.065814133,-0.004590666,0.00148075,0.007360348,0.017743409,0.013781971691085193,0.019178102155324783,0.007408975,,,,0.16680595434122436,-0.095258808,0.051022869,0.028227527731864432,0.029536026200873478,0.001004419,-0.025864856,-0.0030092,-0.032773781,0.014581983149708266,0.49930898680747626,0.03862069,0.016871392629865367,-0.048443092,-0.010045002,0.05233109,-0.197705062,0.021004364987406543,0.002648483
1/31/2001,-0.016873187,,0.046539316608540826,-0.021678832,0.005585125,0.001006325,0.345605701,-0.000148736,-0.014788554,0.014354066985646119,0.00388601,0.007862894,0.005129745,-0.009548126,0.00233801,0.057705111604843706,-0.020381907,-0.028211877,-0.027456912,0.00181886,0.014520378,0.015311568917993013,0.003451752,-0.01680884,0.099600048,0.006162379,0.045109308,-0.024578971,-0.017066612,0.028385857,0.00244284,0.007229656,0.003427206,-0.000857318,-0.005376327,-0.000105064,,,,0.10513998808612057,0.043269230769230616,-0.098169921,0.002299113,-0.07591816,-0.029299619,0.038831729,0.003018282,-0.02107438,-0.128074098,-0.386091472,-0.09846329,-0.011643138,-0.07108871,-0.098587548,-0.006233406,0.11756655033189634,-0.023256809,-0.036294666
2/28/2001,-0.04210244,,-0.086442623,-0.011489965,-0.10653177,0.004739336,0.096204766,-0.025006322,-0.095666478,0.10691823899371067,0.003297491,0.002235873,0.006728223,-0.011770498,-0.004804324,-0.081741884,-0.012787724,-0.065002116,-0.012006881,-0.098924631,-0.062147728,-0.061342665,0.008858447,-0.013856348,-0.267331464,-0.059715204,-0.069791704,-0.063929071,-0.019151847,-0.095341311,-0.000427524,0.002441539,0.010145432786992314,0.003064477,0.01478024,0.000105075,,,,-0.200034651,-0.003993856,0.026790945406125255,-0.036612107,0.030890689,-0.000620219,-0.07199148,-0.043246496,0.067539046,-0.049084249,-0.076673519,-0.018202862,0.014872625533794759,0.053732310246391135,-0.008149849,0.059224842219382845,-0.035270345,-0.031501717,0.098863033
3/30/2001,-0.077827548,,-0.068271986,-0.019246736,-0.04509356,-0.005574614,-0.056360709,-0.02580025,-0.153251478,0.084517045,0.006287511,0.003200339,0.004312914,-0.047615597,0.000258006,-0.130921913,-0.072958969,-0.020186476,-0.08497418,0.04866708,-0.051590249,-0.078809663,0.035152831839715404,-0.032408353,-0.179365837,0.013027194268034448,-0.053509989,-0.138085743,-0.042484712,-0.068342738,0.001689442,0.003348809,0.002507382,0.00721007,-0.010388764,0.004097499,,,,-0.11639193,0.056446638,-0.086517735,-0.059976669,-0.019084352,-0.039098055,-0.048657333,-0.063713156,0.004744958,-0.052773498,-0.049587417,0,-0.107661056,-0.134609103,-0.059787543,-0.046160707,-0.049381149,-0.078591095,0.020075804626835225
4/30/2001,0.05616272,,0.078029452,0.00931199,0.089652896,-0.0240046,-0.094709898,0.025684797,-0.017857143,0.13621480026195165,-0.023998864,0.002301077,-0.013179338,0.009091947,-0.025094746,0.040854414,0.015483383685800378,-0.035846268,0.017373964,0.2511577495319737,0.062750682,0.10537013847298615,0.032443304,0.053943103,0.17389773545650966,0.08969619,0.073365199,0.16772700983227318,0.003473389,0.072788543,-0.000523057,-0.002351513,-0.022804181,-0.019776753,-0.035692818,-0.009312546,0.092403171,,,-0.07526667,0.19605839416058402,-0.014461389,0.07789653,0.025305395269139108,0.020021529,0.005790109,0.007198388,-0.061786698,0.071167141,-0.075465093,0.016825634980173643,0.099674797,0.006038942,0.020375645792091168,-0.014102967,0.075048408,0.068755096,-0.020651569
5/31/2001,-0.01322219,,-0.020308968,-0.009226077,-0.029601494,-0.003976436,-0.051837889,-0.000458078,-0.114012303,0.08184438,-0.0093118,0.003785112,-0.001934731,-0.047293222,-0.007336499,-0.009327296,0.0337672,0.048581832,-0.113263384,0.092652386,-0.034927086,0.019029011,0.01973517,-0.026537558,-0.034023622,-0.075011064,0.02020769,0.005943536,-0.03673515,0.002471626,-0.000320407,0.000841423,-0.001951614,0.00160911,-0.002816965,0.005175327,-0.021922283,,,-0.067413414,-0.043085561,-0.071082401,0.016017809632404845,0.038626063,0.005909667,0.011873350923482962,-0.02506194,-0.018456376,0.081624905,-0.179603548,0.024662731871838206,0.013751293804524778,0.017721183766248094,0.029669238,0.046513617,-0.023042047,-0.057370125,0.039287442535688166
6/29/2001,0.007864841,,-0.017650155,-0.001385255,-0.042354865,-0.005766672,0.03777336,0.015841493,-0.050146582,-0.065530101,0.005433984,0.000571784,0,0.003541539,-0.003736304,-0.016950585,-0.048132959,-0.057662433,-0.026597896,-0.082597571,-0.030845771,-0.007894822,0.024530704911678525,-0.065366565,0.013082995399076092,-0.027828722,0.029986245,0.1107828655834564,0,-0.027945445,-0.003579022,0.000304762,0.001975682,0.007043994,0.007532964,0.002101503,-0.036722481,,,-0.069191659,-0.195790816,-0.0171197,-0.03755265,-0.00761374,0.016575744859420816,-0.0273794,-0.067833056,0.010256410256410442,0.051597051597051635,-0.225300824,-0.038983748,-0.069719953,0.024351635007372474,0.0671875,-0.006381303,-0.084424666,-0.074499369,0.082352789
7/31/2001,-0.000867052,,-0.037040415,0.009479038,-0.024479307,0.023944081,-0.007662835,-0.010767241,0.008122157,0.060433295,0.017528484,0.002911497,0.020108859075195218,0.030657308,0.022769432101869436,-0.059732549,-0.005820106,0.008921645,-0.111970315,0.035942963,-0.02096366,-0.018091464,-0.00664793,0.011062876347850414,-0.083130947,-0.075869423,-0.056339031,-0.152925532,0.037672424,-0.01331829,0.002852058,0.009901744,0.030031855552342446,0.008712725,0.037071628,0.002516515,-0.043589675,,,-0.23077445,-0.01554322,0.10900204751353337,-0.0033131,-0.027408219,-0.01754386,-0.022788204,-0.043409877,0.22715736040609147,0.029706275,0.039023697,0.29498019907952466,-0.142991533,-0.062744766,0.10235983119455683,-0.019094899,0.019025135397861215,0.079457009,0.021545337
8/31/2001,0.042811686,,-0.117431866,0.021833727765478095,-0.082600083,0.020188816267247667,-0.00965251,-0.012100575,-0.097083468,-0.008064516,0.00717772,0.001814122,0.008016037,0.041194024140635443,0.011358174876183735,-0.098095876,0.049798525,-0.021049596,-0.029031773,0.013688761,-0.034435665,-0.036254176,0.002992546,-0.027344677,-0.130238801,-0.095855152,-0.035757416,-0.002616431,0.036416443252904385,-0.065985745,0.002533892,0.004384619,0.010343911249962812,0.006447689,0.019603206130396567,0.003451522,-0.087252938,,,-0.020656297,0.11374254873529877,0.004603021,-0.051756921,0.013723206350433115,0.027100840336134357,-0.015338571,-0.008111367,-0.122371596,0.012965964,-0.288943987,0.004711133,-0.066227589,-0.176171654,-0.05172077,-0.010144894,0.059825565549195936,-0.019032976,-0.031990244
9/28/2001,-0.07295423,,-0.179095068,0.012551363466567045,-0.134611945,0.003701595,0.13547758284600397,-0.01798849,-0.104934416,0.031436314,-0.000570125,0.009835395,0.021238937,9.186026216800869e-06,-0.003560205,-0.102015158,-0.010211472,0.005694649,-0.111319585,-0.20802005,-0.086936755,-0.128488073,-0.029293696,-0.059034135,-0.208682234,-0.090409345,-0.138803546,-0.130640084,0.028669971976719166,-0.085283234,0.005673517,0.013939120061075005,0.021420187811166835,0.005076756,0.001780338,0.005628518,-0.121825554,,,-0.21537838,-0.141038623,-0.076426346,-0.117771027,-0.05306607,0.063203109,0.11043566362715285,-0.050944856,-0.09230165,-0.0544,-0.188656506,0.1739881539980257,-0.026057994,-0.024098698,-0.071513903,-0.101433764,-0.149222065,-0.063148679,0.012963393744580998
10/31/2001,0.026032316,,0.061932152,-0.010403601,0.061937182592988194,0.03177305,-0.055793991,-0.005374743,-0.142757452,-0.191802417,0.030804335,0.003844638,0.015453496475495543,-0.011013944,0.028409837193447585,0.005610223,-0.025755469,0.1653812359660256,-0.091095744,-0.072170792,0.024315352697095394,0.041293346,0.036855929,0.026893808370805905,0.16510784219937746,0.064213253,0.055648972914015715,0.016294508147254083,-0.009115675,0.016292151791734044,0.002407186,0.009214535,0.025136461041732616,0.016115453998797324,0.046801027,0.006529851,0.048493565,,,-0.11372594,-0.129841698,-0.041957994,0.023640070097636023,0.027666279457600584,-0.045979223,-0.096259124,-0.04145319,-0.002596279,0.008798646,0.3078107624694979,0.18863429332212167,-0.027962181,-0.112119339,-0.042814677,0.011140151677449861,-0.112975138,0.08310335,-0.057912317
11/30/2001,0.038786818,,0.088557535,-0.019832985,0.025324256435575787,-0.020071487,0.3109090909090908,0.009862306,0.263053843,0.038361508,-0.014388489,0.00299607,-0.016509735,-0.003343767,-0.010915294,0.12781419867705823,-0.011565903,0.01759236,-0.015855426,-0.086489513,0.032569067487644876,0.07244705,0.012180990109682766,-0.0548,0.16727720583591243,0.023425616,0.075467637,0.13954869358669852,-0.005181347,0.074758397,0.001565674,-0.005324382,-0.03009092,-0.011599006,-0.051423739,-0.004736896,0.052281553,,,0.10651526272613432,-0.048771047,0.015819610911548265,0.087071917,0.037603872,-0.022988506,-0.024103988,0.15670553935860076,0.040347072,-0.017779269,-0.238468978,0.11318752579142854,0.089403974,0.051036228,0.017752850653564467,-0.001728887,-0.09200886,-0.041184291,-0.003390507
12/31/2001,-0.022178551,,0.033686263977042996,0.023277042,0.033457759,-0.009960718,-0.02149792,-0.012121685,-0.093637787,-0.032561052,-0.030741157,0.000765021,-0.009795316,-0.004454675,-0.029503998,0.003503113,-0.062913152,-0.063554787,0,0.099637782,0.000549235,0.049849235598032005,0.017598977608562327,-0.032273871,-0.013213213,-0.028438367,0.05982427,-0.037519541,-0.011479592,0.006918981,-0.00166885,-0.00320465,-0.016946681,-0.015686744,-0.020795722,-0.00506984,0.039367813508581095,,,0.27581161229904794,0.035808749,-0.052153576,0.013418876640094224,0.017748415801537076,0.014860681114551078,0.10371136686926175,-0.099768956,-0.062552127,-0.037909836,-0.068786988,-0.066726685,0.10030395136778125,-0.076043109,-0.050052375,0.007479349,-0.002158003,-0.001728708,0.032578277
1/31/2002,-0.00488085,,-0.01040698,-0.028991971,-0.037561176,-0.002267252,0.02551382,0.004769199,-0.003149126,0.028478964401294604,0.010282404055032668,-0.000305996,0.002362318,-0.03491692,0.017284173545013992,-0.056479155,-0.025297981,-0.052131868,-0.023819835,0.023615263771347594,-0.015736094,-0.006869562,0.004395604,-0.004994476,-0.01894469,-0.041407445,-0.012048648,-0.136978885,-0.034731183,-0.016359694,0.0002116,0.001869158,0.006984705,-0.001824818,0.012927053326394988,-0.00374376,-0.039926651,,,-0.176333858,-0.021017482,-0.014354208,-0.006119733,-0.019182263,0.010982306284319732,-0.079554774,0.11304246383574434,-0.021352313,0.055023074192403154,-0.164379555,0.022981331214889655,-0.075966851,-0.047308745,0.018937577907757186,0.034675408,-0.042595205,-0.010379082,-0.00792452
2/28/2002,0.023369878822850687,,-0.014510178,0.006507426,-0.003123863,0.011646073000994184,0.075328265,-0.010451866,-0.028839295,-0.065449969,-0.000716743,0.000843127,0.011649498821994397,0.012842523885736368,-0.005667654,-0.03091312,0.007154147,0.068818401,-0.03511535,0.1573840289123225,-0.00565677,-0.000304419,0.009013233,-0.041544262,-0.124235683,0.063730184,-0.028864166,-0.013174404,0.013813077865656886,-0.020789731,0.000211555,0.004400178,0.012859600768194701,0.00195003,0.012140431,0.001461378,-0.010869761,,,0.009598604,0.051565008,-0.025708675,0.019481241,-0.033798677,0.050291692,0.06555499,-0.025888272,0.009545455,0.004374159,0.072981469,0.12358553361437763,0.088565022,-0.045519836,0.014115654260574928,-0.017542574,0.096542919,-0.052806305,-0.009029709
3/29/2002,0.03326755,,0.056315118,0.007225983,0.046426964,-0.030605082,0.030205656,0.005273189,0.063588667,-0.038383838,-0.021517716,-0.003272506,-0.024823735,0.003409341,-0.020134638,0.06647028,0.005699182,0.019264144,0.23541853461158224,-0.049277098,0.031943591250233716,0.069800883,0.018459234780812794,0.027971522,0.067036824,0.074114823,0.078438706,0.041958042,0.008240853,0.035793673,-0.001152732,-0.010255258,-0.032748184,-0.015204963,-0.046158566,-0.007400459,0.030321661,,,0.048805605,0.20644915092539584,-0.024094532,0.025858905505284246,-0.034617535,0.018387282129860294,0.02938717,0.059715946,0.063484917,0.060971524,0.37407509536283845,-0.014859795,0.074322005,-0.010641728,0.08175196,-0.056568269,0.19516345723242257,0.032610038,-0.133118885
4/30/2002,0.010368349249658904,,-0.062180568,0.024241051,-0.048439003,0.018682114409848127,0.034934498,0.016747772230297775,-0.120856354,-0.018907563,0.011435273,0.004770904,0.022292510690234302,0.035714627,0.008741608,0.045169216,0.031044678,-0.025881151,-0.11016618,-0.030144875,-0.020653777,-0.006641681,-0.035539557,-0.06273184,-0.122988863,0.022907160815718308,0.007300736,-0.001830384,0.042938099,-0.062647884,0.002191659,0.012176675512846291,0.030349236736046503,0.010128458498023907,0.042343209,0.0058805,-0.045050102,,,-0.085880105,-0.017871264,-0.035544239,-0.04260658,-0.024239932,0.018055294,-0.025182778,-0.04061326,-0.023708721,0.00757815,0.1420675471136359,-0.216537209,0.026681578526921212,-0.046211792,-0.024619344,-0.033055382,0.030500599520383753,-0.081945725,-0.139670874
5/31/2002,0.056170672,,-0.049501026,0.00095849,-0.03891462,0.012510662496445724,0.058468957,0.026836772749875504,0.12860509482661864,-0.097073519,-0.001884331,0.001610679,0.010695731588168833,0.036703927,-0.003122559,-0.013043743,0.03234029,0.029103303618248644,-0.017985235,-0.017814066,-0.019926531,-0.018561854,-0.021762557,0.039326687039727526,-0.05507703,0.015111516,-0.046168621,0.10024449877750619,0.028213166144200663,-0.009011124,-9.51E-05,0.002926481,0.010187240834201416,-0.002078748,-0.000188937,-0.001774716,-0.039315883,,-0.003717926,-0.020926441,-0.083252818,0.067324904,-0.002718711,-0.037396714,0.054867910585627344,0.10690476190476184,0.033866017567996565,0.14527320034692104,0.062989658,-0.164657181,0.35032621210182935,0.025210084033613356,0.1411376063183476,0.090013632,-0.048170327,-0.046614792,0.050232199,-0.097523317
6/28/2002,-0.003835336,,-0.088714481,0.053771361,-0.082910441,0.0070205,0.039293849658314395,0.008429304,0.13314109575420097,-0.135968379,0.01858844,0.003736797,0.01461038,0.065671111,0.017417782,-0.069563449,0.038425925925926085,-0.001698514,-0.10831186,0.023143775,-0.083241203,-0.075019059,-0.031247481,0.092427456,-0.132438382,-0.108331091,-0.050967877,-0.131111111,0.058434959,-0.073415872,0.003454943,0.008632338,0.018551492541318382,0.014949148,0.016378179,0.007216064,-0.080067068,,-0.06967788,-0.084319411,0.041805726,0.053704895,-0.067953623,0.013763844009767823,-0.04150613,-0.041621854,0.00419695,-0.024233245,0.063974057,-0.010831083,0.1228269622471696,-0.016848816,-0.057465145,0.05204131,0.042655567,0.049504195270785756,0.078897157,0.069665596
7/31/2002,-0.036190965,,-0.158765178,0.022158534880469594,-0.124107875,0.016313441160066944,0.084931507,-0.044045261,-0.020972271,-0.048490393,0.016966068,0.001683249,0.027054552284758504,-0.014154878,0.012241448792724707,-0.035066682,-0.004161094,0.11169715014887283,-0.041962217,-0.115178654,-0.091446556,-0.098621681,0.019247836698468967,0.13757804399144002,-0.084913273,-0.060343961,-0.152588174,0.16943734015345258,-0.003648584,-0.079381993,0.004190621,0.014586588599285966,0.031473113,0.013642400096583351,0.030708425399996075,0.006956702,-0.150455919,-0.102420213,-0.057771566,0.002053915,0.017872196931377315,0.061164124,-0.056880263,0.019532105404024502,-0.034350448,-0.052856021,-0.12069317,0.088086923,0.031310612,-0.103507901,0.051552480593992644,-0.012660182,0.077702464,0.086931513,0.022753493,0.006395814,0.067092581,0.091136281
8/30/2002,0.018908123,,0.000796488,-0.00731724,-0.018039621,0.017286321854849795,0.10404040404040393,0.018743819,-0.04167787,-0.133653846,0.015281087901303891,-0.000203621,0.014754811516200173,0.005127294,0.015556162514910321,-0.013948698,0.007760036,-0.02402816,0.055716209,-0.115458862,0.002946033,0.003735263,-0.000979592,0.14752826639256833,-0.021773123,-0.025259553,-0.004062832,0.030617823947512335,-0.009058495,0.005046296,-0.000209705,0.002939551,0.023086980654883682,0.010242972844211495,0.04672062,0.003505878,0.0156591,-0.002189091,-0.008167456,0.019813818430267194,0.027662746,0.039167745,-0.008270917,0.038369519,0.028571428571428692,-0.034478673,0.010085787155112325,0.012838801711840153,0.021225148,0.098783631,0.033659633,0.078655199,-0.154977561,0.015381901569941903,-0.008120037,0.092438795,0.072126121,-0.259594588
9/30/2002,-0.012023001,,-0.247782285,0.015706806282722585,-0.182343715,0.013621038435603472,0.094693504,-0.01688882,-0.044145155,0.029966703662597016,0.022645677989505675,0.002953105,0.027969070604085156,0.007171898,0.019838327356713092,-0.098506856,-0.026802902,-0.051356437,0.024439774,-0.069423145,-0.130083925,-0.082025042,-0.026011876,0.15648132499577483,-0.118203024,-0.039310421,-0.073476745,0.13952254641909811,0.015267917922785257,-0.110553227,0.001562631,0.010357746287393388,0.036902432,0.018745578872907398,0.041595418,0.008836827,-0.185534095,-0.160101563,-0.122012973,-0.023867348,0.029013539651837617,-0.061562492,-0.121796857,0.01987497,0.036055923473142126,0.017916308749539755,-0.042465282,-0.042957746,0.011575901078663575,0.13292160449789314,0.14923345623908424,-0.005798782,-0.031206389,0.001841493,0.013845765037186819,0.045084947,0.071623455,0.32094189293149933
10/31/2002,0.026455026,,0.12889657308009905,-0.001627781,0.13302702237027253,-0.006519425,-0.120768909,0.020360820702518767,0.041193737769080085,-0.081896552,-0.011747232,0.000354814,-0.004785334,0.004070239,-0.013327354,0.039995612856185137,-0.009129641,0.008099843,0.21010049787940255,0.019205172085947853,0.086753247,0.041678983,0.010654660365222668,-0.072103933,0.1867121959445217,-0.069607955,0.030334058620248294,0.14292364990689022,-0.00335249,0.086384587,-0.000209422,0.001236005,-0.01024535,-0.005092003,-0.031455177,-0.000203707,0.1266209569235357,0.10630872857212514,0.10303706245710353,-0.026660089,-0.034461153,-0.015906904,0.10303852016252657,0.008890291,-0.020951705,-0.009403255,0.076591154,0.10117733627667413,-0.014564369,-0.03338925,-0.030699088,0.027559055,-0.078868393,0.033328709,0.036456386,-0.109115061,0.014500723954323336,0.063501372
11/29/2002,0.010309278,,0.053489382,-0.003872283,0.053782245269341944,-0.002544529,-0.092680608,-0.003732834,0.035710929423926396,0.032863849765258246,0.000273261,0.000634073,-0.017328037,0.007091962,-0.007571376,0.076702558,-0.001074939,0.030745265,0.023009962094516112,0.005970149,0.035372849,0.056246959623804216,0.010542335362479172,-0.096243799,0.12657193605683825,0.059090909,0.087801242,0.006924644,-0.004324844,0.057145921723792625,-0.00229365,-0.006168262,-0.020066667,-0.001279516,-0.013370334,-0.000713121,0.047654957994311076,0.039061860538328386,0.062275602,-0.1402349,-0.005515899,-0.025227295,0.062275564741742784,0.031076364651682287,-0.00471527,-0.021053913,0.044533511,0.041764116,-0.019266297,-0.018583786,-0.00996481,0.01759614,0.02771503,0.021614365,0.016612123,0.013774495881851756,-0.05656598,0.074920538
12/31/2002,0.000255102,,-0.141384772,0.037577576,-0.080466792,0.024838882921589533,0.18700890518596114,-0.007216097,0.019508212,-0.046590909,0.022674498019396472,0.001623987,0.025321835028105255,0.057509836,0.023645158296270452,-0.085824334,0.031591083781706386,-0.114460706,-0.147317854,-0.079500495,-0.058270677,-0.042447852,-0.015963418,-0.124198383,-0.118933876,-0.066813595,-0.05684725,0.027103559870550242,0.073648649,-0.060065612,0.002298923,0.011457109533871801,0.035438046995119654,0.018052643838807336,0.044006941,0.007646039,-0.097149785,-0.094771222,-0.059009703,-0.105261809,0.2035889070146819,-0.023815625,-0.059010385,-0.009754116,0.095663265,0.085032322,-0.072585803,-0.0644644,0.004843918,0.150910576,-0.02062291,0.033886487,-0.048947502,-0.015145044,0.014650838578851744,0.15905589018069755,-0.144172386,-0.047970388
1/31/2003,0.055087988,,-0.049910288,0.024845537005389717,-0.039569154,-0.013756059,0.19196822594880847,0.038423905,0.023495906016375967,-0.061978546,0.011887271270201616,0.000102355,-0.006346584,0.025792131055289103,0.007727902,-0.003046793,-0.011251025,-0.043384532,0.084725407,0.21014103425117536,-0.096648808,-0.030341289,-0.043992431,0.011262112740513919,-0.002532099,-0.015786203,-0.028962344,0.13509255612445847,0.011687494381012353,-0.027538231,-0.000314199,-0.000580889,-0.007877216,0.006978607,-0.004436971,0.00222582,-0.058872073,-0.065667486,-0.034089768,0.088226869,0.10422878828950921,0.010604628837990626,-0.034088981,-0.020482501,0.056876767004822915,0.009967919,0.13090449373635216,-0.045937607,0.025174076057846717,0.18243003364469756,-0.007438284,0.10844348529808467,0.085822222,-0.001767963,0.020792912,0.099039217,-0.013846056,-0.006185706
2/28/2003,0.038191927,,-0.078997766,-0.042265264,-0.066123805,0.008634431,-0.142169567,0.024992147888903693,0.00973913,-0.06480305,0.015047518479408772,0.000277638,0.016995799,0.005584932,0.007838267,-0.015277494,0.014619442351168077,-0.064788732,-0.132501258,-0.149897331,0.027600109,-0.02484241,-0.003580056,-0.010802196,0.026407850594714954,0.003031068,-0.031172847,0.014226232,0.008619924,-0.016144748,0.002807723,0.004945811,0.023151663254134647,0.013746875710066053,0.032311370318704125,0.005047446,-0.054573828,-0.043595383,-0.015781302,-0.064780205,0.089358046,-0.03039658,-0.015782361,-0.045143891,-0.050983478,-0.055927396,-0.023882114,0.023356090549766506,0.035005224660396905,0.49832505151477324,0.072442256,0.020686298,0.027383242601612734,0.020852130325814677,-0.051890102,0.11749505168242802,-0.034920344,-0.040455463
3/31/2003,-0.00628638,,-0.046005892,0.005692091,-0.046548657,-0.009745819,-0.036253776,0.011425319558746372,-0.009989666,0,-0.00923277,0.00101337,-0.00178645,0.010153130422263956,-0.008067089,-0.057188357,-0.002228164,0.024799196787148592,-0.008446848,-0.064499282,-0.003281904,0.007651061,0.034351814,-0.026276007,0.00780417,-0.054268446,0.012561455893330686,-0.091002395,-0.001497797,0.008875517,-0.00072086,0.000943327,-0.004333698,-0.007396615,-0.015015053,-0.002008839,-0.034914247,-0.017918408,0.006384167,-0.249007853,-0.126084507,0.013929708547636643,0.006385065,0.026957645504037897,-0.040623446,-0.029319875,-0.085163977,0.021769663,-0.024482585,-0.374809958,-0.071160922,-0.042799237,0.076733068,-0.000883826,0.000662508,-0.128806888,-0.075744714,-0.082685848
4/30/2003,0.042642924086223166,,0.2020403838585656,0.013983220135836971,0.12972705139655227,0.015693576,0.051500223914016985,0.028045878,-0.069676409,0.027173913,0.000656254,-0.000556735,0.002202651,0.026672867,-0.00365027,0.028817246,-0.006848295,-0.072205349,0.1302628191626296,0.012630844382414352,0.083188252,0.071575803,0.058740469,-0.044981921,0.085207121,-0.018905605,0.093830236,-0.041400075,-0.001852996,0.081587515,-0.000522739,0.001739887,0.002176274,0.00067743,0.011363644,0.000704509,0.138601121,0.10253848148769662,0.064610703,-0.144966644,-0.153042806,-0.024238353,0.064609394,0.023710419,0.007431732,0.038623422,0.018208717423466414,0.020274914089347007,0.1262613195342821,0.050044731,-0.116518263,-0.052310375,0.20332272626359793,0.091835397,0.022020258,-0.146439261,-0.024036597,0.075833865
5/30/2003,0.046292135,,0.021809756466114383,0.027121092723929596,0.028324516328154914,0.036139845489066236,-0.25,0.049256936,-0.0914446,-0.064814815,0.028593913955928807,-0.000202364,0.023660411776925905,0.055561644,0.020329224,0.10144162732578699,-0.004347174,0.013833157338965174,-0.157407599,0.050099924,0.04011181,0.081810509,-0.001040277,0.063143034,0.082128731,0.085357579,0.10637259458956971,-0.016489988,0.043316831683168244,0.051525665,-0.000617155,0.004201441,0.033956478,0.017375606453796655,0.056736737,0.005732676,0.017446102,0.011304438064270617,0.047201173006074404,0.1840098185324801,0.090120262,0.056217847,0.047201912,0.008860682,0.074626866,-0.025506555,0.070414664,0.005725834,-0.016080864,0.14629311801046674,0.003373236,0.062557498,-0.082808032,-0.004381095,0.044084366,0.16210136297472544,0.1467714887921352,0.054471784
6/30/2003,0.030713058419243877,,0.071697927,0.011700019180359345,0.035795526349045925,-0.003285732,0.1357183418512209,0.014551485241209416,0.10291242152927849,0.01980198,-0.005865851,0.000454867,-0.004862235,-0.023816445,-0.008786494,0.003355227,-0.00511894,0.01718571,0.013515838,0.1261976637353983,-0.012798979,0.011593939943753906,-0.007876959,-0.042532644,0.002141438,0.075143786,0.017771242516542385,-0.103792415,-0.041603118,0.011493624971320449,0.000104667,0.000361324,-0.008443273,-0.003437951,-0.015727426,-0.0003,0.043299751829641187,0.030476333809917877,0.014404081,-0.017066489,0.042452171,-0.067610524,0.014404689785153524,0.016407904022582853,-0.052841635,0.004403131,-0.043228568,-0.007367716,-0.007938361,-0.148039739,0.008773728,0.051082251,0.009923562,-0.01525061,0.001796895,0.058358005,-0.065632309,-0.062043011
7/31/2003,-0.033548656,,0.077434341,-0.02565723,0.040374154847237165,-0.029542285,-0.1125,-0.038783501,-0.023420733,0.13453536754507622,-0.024243202,-0.000808164,-0.032980457,-0.020923291,-0.023557818,0.05545717,-0.007793584,-0.068502969,0.038455011,-0.033214848,0.030013271174328837,0.034562543,-0.007912585,0.088360756,0.061851112,0.065356437,0.061773750799777316,0.15902004454342977,-0.014057113,0.016439658,-0.000627937,-0.0076573,-0.058009586,-0.018028044,-0.099866908,-0.006601981,0.035849057,0.028844749525339664,0.027911940056139617,0.00357802,0.055458807769591445,-0.079323807,0.027910455864344597,0.042098810970317535,0.022416989718523572,0.12079883097905486,0.089708611,-0.110661269,-0.062602965,-0.129451552,0.066815688,0.047422923,0.12558093214712507,-0.099072629,0.11343564499782843,0.021141535316585136,0.12238173068409419,-0.107448117
8/29/2003,0.003880983,,0.003457918,-0.019068621,0.03151203,0.007708388,0.2259154929577465,0.017636975,0.012898911,-0.015892421,0.002760615,0.00042999,-0.000254945,-0.023151903,-0.004708571,0.086739733,0.033249447,-0.019456964,-0.041420533,0.25049725754927366,0.009184314,0.044295348554983516,-0.040936466,0.025524191991350254,0.049262007,0.072808645,0.044844879869372356,-0.127594158,-0.024210904,0.018596644102738535,-0.001654606,-0.000496336,0.007885097,-0.001019946,0.016703736,-0.001006948,0.019886807181889177,0.013001762,0.021939643693776878,0.12151917736245599,0.099251174,0.1331621204235387,0.021940166596439603,0.079546933,0.059017474447741414,-0.001955671,-0.020731097,0.10318664643399078,0.17172985187044953,-0.006060296,-0.005219246,0.033479384,-0.00581001,0.1571884766952032,0.066279465,0.037245811821725816,0.055457953,0.067740802
9/30/2003,0.051331615120274954,,-0.068345706,0.057259984,-0.057048522,0.024244782,-0.076746324,0.026953815,0.14913687387982244,0.001242236,0.015731515,0.001063089,0.032854505,0.062124234,0.007230361,0.028181551,0.04546461,-0.023766816,-0.007867495,-0.056393695,-0.019510918,-0.016302543,0.012134755183435653,-0.043979215,-0.029006785,-0.019332519,-0.018808952,-0.012334802,0.062947988,-0.011934942,0.000419582,0.011954528101759676,0.044716597,0.01554169,0.058077863581233125,0.007458926,-0.065641006,-0.040791368,-0.012384516,0.055180029,-0.072162568,-0.088939086,-0.012384402,0.060199137,0.024750933997509383,0.001959504,0.009817959,0.18225584594222854,0.094921791,-0.023261145,0.019339767156862697,0.000652245,-0.030495402,0.14984000234858952,0.054293922,-0.077555996,-0.054461016,-0.011377491
10/31/2003,0.04412666,,0.11948034156810827,0.021638524077548515,0.0749681,-0.018227848,-0.114484818,0.025892048660778988,0.12822196683631581,0.028535980148883144,-0.020908622,-0.000555437,-0.014596526,-0.005165037,-0.032513223,0.082417041,0.01143664,-0.097266881,-0.067588137,-0.095979977,0.046509299,0.074661626,0.002207814,0.037770776,0.085758071,0.041709898,0.083029958,-0.079393399,-0.017117662,0.0557286,-0.00281002,-0.005218148,-0.020310794,-0.016085791,-0.030649201,-0.006703352,0.074846743,0.059240321402483476,0.054547528,-0.032537342,0.011448481831757062,0.12258880312071274,0.054547632,0.049476987447698795,-0.003949567,-0.014993481,0.14664776179866323,0.057882489819662375,0.25557729941291574,-0.066992189,-0.024157493,0.066485606,0.028914999,0.17711338626905304,0.070043311,-0.003744081,0.025675482243154413,-0.00512908
11/28/2003,0.026022304832713727,,0.024188778527870047,0.018303134,0.015071431575700567,0.002449716,0.015739179,0.017832016,-0.134458673,-0.030156815,-0.007513841,-0.000811323,-0.001763331,0.036328938967663094,-0.000386523,0.019758281482213702,0.003838906,-0.035237247,-0.019010506,0.070233925,0.011421644,0.033920663,-0.0312317,0.058806786,0.004936924,-0.041932271,0.034349340849804566,0.054263565891472965,0.037646231,0.007911028,0.000105147,-0.001546375,-0.000134424,-0.005336058,0.004705446,-0.001913779,0.020889171165449305,0.014569528120317754,0.002457539,-0.090110466,0.044906496,-0.014805162,0.002458054,0.042295208,0.031721824,0.058018971983234024,-0.034799505,0.053065714,-0.09367207,-0.043646599,-0.033071533,0.029438728735866393,0.089392452,-0.052034531,0.088296761,0.053553664,0.064698151,-0.057264055
12/31/2003,0.04252479,,0.060517354680685864,0.038412985,0.035072695966041456,0.014276527331189781,0.053680133,0.002903177,0.07103228,0.003731343,0.015805552,0.001571718,0.011325028565443818,0.048500768,0.020987036,0.022541358,0.017104714226116036,-0.106144515,0.070912849,-0.003801278,0.029020251,0.015583705458853458,0.020293025531792352,-0.028980053,0.029688260777288145,0.056554735419482194,0.019667914,-0.092830882,0.039840637,0.051300879,0.002302476,0.006021884,0.012399608,0.013126355438876969,0.013619246263262053,0.006862448,0.041956215,0.027212902029845276,0.06696082,0.035377189,0.10196632520899551,-0.01105216,0.066960455,-0.205784158,0.045528455,0.1083194328607171,0.14394216691068817,0.025326371,0.065004299,0.25664988896206675,0.037228747760302605,0.05838116,0.014304042802937067,0.042763986,-0.210897192,0.073440697,-0.07314067,-0.032156945
1/30/2004,0.01902323,,0.021011716989634888,0.024777122,0.021977191,0.011666244,0.003151261,-0.020927581,-0.057844753,0.048327137546468446,0.006406904,0.000455344,0.006298992,-0.006385877,-0.005806599,0.051709595,0.016065081,-0.039091311,0.16243514875059528,0.019926864,-0.020476979,0.02066882,0.018986627546126567,0.051439645625692254,0.016313638953890264,0.000983961,0.042544362,0.033434650455927084,-0.0137768,0.017376448823951396,-0.000524472,0.002116943,0.010438413522697143,0.005971158,0.018582054238147627,0.002104841,0.033710884,0.020819422638490348,0.005088953,0.17244258872651352,0.038038252,0.12296264951904545,0.00508808,0.077042675,-0.034356002,0.04778478,0.095592353,0.051438757,0.047150008073631344,-0.139986027,0.071785029,0.031039640987285066,-0.076755389,0.032123579233773514,0.061013133,0.02462982,0.03183006,0.097772283
2/27/2004,0.016514091,,-0.012873563,0.02570331,0.022187887624311786,0.013662572073201318,0.037696335,-0.007564413,0.014995002,0.1300236406619384,0.01727946,0.000734301,0.012679833266016516,0.00321021,0.010483362,0.052272907,-0.032294961,-0.042370279,-0.014036223,0.15614445310470249,0.02353383,0.023048969902998095,0.002491763,0.060192743167096774,-0.015717737,0.029194928,0.008088399,0.001470588,-0.00338899,0.013016170481217948,0.000104949,0.005320241,0.017107119940990012,0.013999328032254343,0.022523584325279566,0.00610122,0.015780141,0.017053624,0.010889696701926965,-0.006350902,0.097478127,0.07327708,0.010890917,0.033760894,-0.015080527,0.071281084,0.1804906542056075,0.1751029304916445,0.10223592906707801,0.015935571559525075,0.008166189,0.06882481,0.11080017490161786,0.15627790297206512,0.046649575,0.1226212619831164,-0.015379076,0.047720188
3/31/2004,-0.006533639,,-0.041881695,-0.009968607,-0.027939693,0.005564486,-0.013622603,0.020892982,-0.15815824,0.36192468619246854,0.010727969,0.000607851,0.010286351121244763,-0.014419153,0.002488095,-0.092901441,0.045261767,-0.025969862,-0.039078047,0.013033707865168553,-0.020057482,0.003151005,-0.001850369,0.022236572,-0.022459245,0.064183381,0.00897116,0.046010768,-0.004561665,-0.016246611,-0.000839507,0.002986162,0.013446763,0.008614977,0.014452452544502226,0.003280644,-0.037865132,-0.029410061,-0.01972629,0.24628158413475898,0.008066029,0.056105176045741834,-0.019726708,0.05203421,0.076854467,0.18318947456632872,0.010390895596239513,-0.052967848,0.11681589255735858,0.081285039,0.072403013,0.023839824,0.029417939,0.061335932,0.040030225748559634,0.00964398,0.044144533,0.11341714622024601
4/30/2004,-0.053323854,,0.025920236,-0.032320872,0.013320134383993043,-0.019306444,-0.096675192,-0.042964704,-0.075363167,0.011520737327189057,-0.017058378,-0.001619589,-0.031920744,-0.025244492,-0.017186917,-0.054413987,-0.055274711,-0.029460171,-0.093054481,0.1393078970718722,0.022152886115444526,-0.033638401,-0.022771291,-0.039488816,-0.026707335,-0.017411596,-0.052064744,0.043051006,-0.02257957,-0.01671973,0,-0.01219955,-0.042512866,-0.012702584,-0.061095834,-0.005152596,0,0.016272878,-0.014202713,-0.109159317,0.090900633,-0.011569993,-0.014202516,0.14638844445238974,-0.095389288,-0.235710744,-0.11287953,0.042437431991294794,0.011273957158962844,-0.028078794,-0.001192606,-0.11774942,0.1835470466770337,0.019731485,0.054770467783146204,0.061014096360193504,-0.064171389,-0.007701287
5/31/2004,-0.008449118,,-0.011561789,0.032710549,0.011900130542659593,-0.008275862,0.036806342,0.005623243,0.030788696752425126,0.025056948,-0.010541201,-0.000732333,-0.00335785,0.020052457336273033,-0.011128253,0.033356409,-0.001337746,-0.072748855,0.23804983313677774,-0.030373832,-0.01510989,0.019724303,0.006059062,-0.033203487,0.045612627,-0.022013153,0.015010899002576128,0.015702108568865114,0.034012446,0.012838234458730113,-0.001879976,-0.001827669,-0.006011716,-0.007209406,-0.005149669,-0.002589641,0.000726942,-0.004470055,-0.00029378,-0.003524063,0.076332623,-0.054431125,-0.000294023,0.12649068843588318,0.016481001,0.003336113,0.057963014,-0.157202505,-0.193608324,0.084424504,-0.179137645,0.044049967,-0.109849872,-0.19645284,0.063699715,0.071822328,-0.071795035,0.037858274
6/30/2004,-0.020261314,,0.033978907,-0.005455355,0.021538264,-0.004172462,-0.09229929,0.024861189504219894,-0.152618658,0.055555556,0.006625958,-0.000967736,0.004766719,-0.000839475,0.004270164,0.009977574,0.013677382966723162,0.077359181,-0.143473855,-0.071485944,0.007345421,0.021921817496884932,-0.001266428,-0.039000907,0.034004032724769706,0.058279630148500905,0.044252827,0.001325088,0.000247321,0.018218699171792307,0.000736571,0,0.008794692,0.002681265,0.010988932,0.000798882,0.024733501,0.007098057,0.023931427,-0.171508018,-0.080586371,-0.150443658,0.023931069109457193,0.020522226644287267,-0.004804083,-0.054862843,-0.058309418,-0.001486252,0.13686635944700476,-0.054889858,-0.097054426,-0.048758546,-0.134802913,0.044799154,-0.032438412,-0.07577888,-0.069225624,0.040565587
7/30/2004,0.010050251256281229,,-0.044786914,0.003694168,-0.024504782,0.010284408329100936,0.22683513838748492,0.001869949,-0.13556253,0.054035087719298325,0.009679917,0.000816298,0.007475568,-0.013952288,0.00104027,-0.001883372,-0.024690499,-0.016805296,-0.11753153,0.17370242214532872,-0.01362993,-0.04792219,0.011355951307484347,-0.100388413,-0.077913738,-0.057188245,-0.068629742,0.076753419,-0.025797412,-0.034463448,-0.000525735,0.002745825,0.012719729,0.006128134,0.017332633,0.002394732,-0.035853221,-0.018964649,-0.027804297,0.010459773860340915,0.14685857105920874,-0.172374864,-0.027804421,0.04799159,-0.004978126,0.132023844,0.082767696,-0.153807988,-0.191055263,-0.01451914,-0.124088245,0.045961793,-0.145793713,-0.159371901,0.000189633,0.17687565057250376,-0.096237852,0.023593969973179307
8/31/2004,0.006888634,,-0.027918535,-0.007807272,-0.014883593,0.018097272841523404,0.011280039234919048,0.014791046,0.22440999860354705,-0.108521971,0.017001150453790137,0.000662293,0.018597020344150783,0.013317768,0.012656551894018264,0.051087543,0.018184411,0.2066643646408839,0.038343969539336165,0.043079304,0.014504507314638593,-0.003886763,0.008330779,0.018743064662564368,-0.023167257,-0.01769166,-0.006523921,-0.035231463,0.010321489001692052,0.002719329,0.001472832,0.007337021,0.025213224,0.011849390919158376,0.039729903,0.004578937,-0.013252277,-0.003786227,0.003254368,-0.01241535,-0.118058165,0.046829691,0.003255232,-0.004840844,0.047604609,0.033062845,-0.01906224,0.23043095866314856,0.032570569567396124,-0.185593596,0.201798304,0.061392405063291244,0.12441475951936609,0.10237585152733297,-0.046194682,-0.02830317,-0.006189548,-0.046946896
9/30/2004,0.038388445,,0.02490563,0.009723471,0.009995431,0.002468831,-0.138215325,0.040980095742000566,-0.147354015,0.10306198655713206,0.003645048,-0.001328057,0.000705916,0.02220692,0.006167847,0.024052952565745134,-0.007914274,0.17441694090713966,0.13430947216196665,-0.15400106,0.02186078,0.028225445,0.005471125,-0.011724165,0.030937679870231882,-0.019916143,0.048088904,0.022080679405520165,0.01775247,0.009245299,0.001155523,-0.002066878,0.002782406,0.001094451,0.008141527,-0.000792707,0.016071482659397285,0.014087462158678843,-0.010520142,0.038106122448979596,0.16564417177914126,-0.135654065,-0.010520725,0.012242270136339606,0.019392185238784387,0.018467452160106923,0.089729377,-0.177031213,-0.118731802,0.1971529777361194,-0.050969223,0.000596303,-0.113356434,-0.159817451,0.001373915,0.17770620361293932,-0.049572692,0.13058729345009445
10/29/2004,0.030380673499267763,,0.016992750798971112,0.016031171722794335,0.01685035,0.011698066740549296,0.011254924029262758,0.034719785073759946,-0.029561263,0.054163846,0.011145898559799639,-0.000205676,0.005643342,0.028965981812058006,0.006314377,-0.003745974,0.037133780444758235,-0.111476608,-0.096550939,-0.049653387,0.007492102,0.014641309721131757,-0.009783445,0.023726503947737676,0.051142636,-0.011084103,0.018298365,-0.050685501,0.041220997,0.013811376064039704,0.00064005,0.002514979,0.008324093,0.007543457,0.014480655,0.003173344,0.031467614,0.00898531,-0.005564321,-0.05586311,0.005921053,-0.014596208,-0.00556449,-0.01017327,0.021294718909710353,0.052920906,-0.041888576,0.036768964,-0.036160059,0.082777026,-0.010391937,-0.033117657,-0.038850575,0.006601346,-0.032082158,0.050000000000000044,0.031784517,-0.024230641
11/30/2004,0.035879218,,0.037594849390664375,0.042458774,0.012126450661616106,0.002069133,0.12910406232609906,0.028549039788543062,0.030186078566505792,0.31278098908156715,0.011023036908595518,-0.001766569,-0.015601582,0.039091023542741965,0.009579551,0.078345574,0.026955279,-0.067873303,0.2602560225783692,0.069033704,0.014992235097359918,0.057820449,0.032276865,-0.081274713,0.055704102511483056,0.011208337429947868,0.084941232,0.028008752735229736,0.047175029632556376,0.038747405,0.000629155,-0.007452779,-0.01944295,0.005642361,-0.024586364,0.001581653,0.019866363016311617,0.017429768286609804,0.044160429796806344,-0.005663646,-0.040622048,-0.046463562,0.044161094,-0.00084702,0.050319711,0.057196291,0.083130348,-0.04523876,-0.001713959,-0.200323675,0.043226361,0.047195562208329545,0.079236,0.002349539,0.062726198,-0.051978937,-0.07795089,0.16812280584492667
12/31/2004,0.016289437585733868,,0.029769159741458884,0.004677318,0.014061748,0.013360864812340667,-0.063085264,-0.012326166,-0.000267594,-0.082681018,0.008820287,-0.000154835,0.006460877,0.019561398,0.005226196,0.010903441,0.001524491,0.16563695204471895,0.064644485,0.051011181,0.018801859589242742,0.039948523435383354,0.013657749697540078,0.019133251,0.029821391817412612,0.059406903257170685,0.029024706,0.022562793,-0.002716571,0.03181514,0.000104793,0.000746046,0.010722354034786052,0.001618472,0.021566448,-0.001381761,0.022936585752906025,0.009478291,0.029743603875270086,-0.130704282,-0.144372065,0.004908888,0.02974407,-0.020683517,-0.032689254,-0.120881551,0.012858955137815764,-0.002047382,0.044257916825639176,-0.200655431,0.012972926067337687,-0.011939797,-0.036281897,0.027587450414713333,-0.019258385,-0.129516813,0.020745831742395415,-0.009721832
1/31/2005,-0.008267252,,-0.000233134,-0.015326673,0.025083184028666494,0.007071797,-0.014203051,-0.031602943,-0.022617773,0.11680000000000001,0.011293260473588473,-0.000772112,-0.002567765,-0.038348416,-0.005199025,-0.036025801,-0.012442091,-0.064866229,0.015419288196074632,0.078258829,0.005920578,-0.027511105,0.001670955,-0.016599766,-0.064166907,-0.010829662,-0.04373631,0.019983347210657865,-0.042372881,-0.026363801,-0.000104782,-0.002534665,0.002931314,0.005278466,0.020833338,0.001877841,0.015607512881600005,0.017729,-0.026281031,0.027789555,0.16536827195467407,-0.037852755,-0.02628233,0.012142217505223707,-0.037351211,-0.013163411,-0.012012525,-0.068581477,-0.056448666,0.022058878,0.070373067,0.016339034975746847,-0.097437582,-0.059383852,0.026419352971815524,0.1035026930597962,-0.053657523,-0.023241737
2/28/2005,0.024328002722014297,,0.013829844481515474,0.023427539311517087,0.027272361161451597,-0.003094501,0.12753468516542155,0.006075089,0.14870601122826232,0.063992359,-0.012608069,-0.000698494,-0.010601295,0.015335660662979977,-0.009455934,0.035242274,-0.010119287,0.028879892037786847,0.12752931602115947,0.089009793,0.025093310364628252,0.031530868,0.012418577556532195,0.084102215,-0.007219724,0.0337725,0.014881040342840102,-0.044489796,0.022756005056890016,0.018951706,-0.001267998,-0.004338701,-0.012709268,-0.006215174,-0.015560341,-0.001479728,0.017702542728864623,0.022408555,0.027944421323743196,-0.039113478,-0.017623823,0.088530391,0.027945297784039536,-0.013677577,0.031836271,0.08988955,0.047424224962544725,0.19823788546255505,0.19070667957405618,0.049292157894208266,-0.036854742,-0.008791761,-0.008517143,0.20128451124613567,-0.025756252,0.060343219548591565,0.15520475834938496,-0.017538325
3/31/2005,-0.022421525,,0.002087757,-0.015728004,0.009302891,-0.002507163,-0.06767629,0.018859675036927648,0.034330671,-0.073608618,0.009363979,-0.000621439,-0.00450254,-0.021858855,0.003098987,-0.050277462,-0.027553991,0.12486883525708303,0.039894359,-0.021982414,-0.011063186,-0.017205334,-0.000993854,-0.058222536,-0.020968156,-0.011039311,-0.029631463,-0.051260145,-0.030979604,-0.020342351,0.001059756,-0.002410909,-0.005546078,0.005930559,-0.008623134,0.001580715,-0.000139371,0.000306997,-0.026460978,0.10115911485774487,0.14491184658212197,-0.043774545,-0.026461553,0.096170394,-0.020798898,-0.029077019,0.0026407,-0.019170168,0.015772357723577324,0.1161745844931572,0.032697661,0.003801318,0.039720999,0.008829336,0.031263926,0.056352068,-0.041274712,-0.038937058
4/29/2005,0.013251783893985847,,-0.035400261,0.010811095875962407,-0.04001476,0.012926391,-0.088324873,-0.038830447,0.051630747954362066,-0.092054264,0.01746988,0.000933284,0.012693315502775082,-0.00770834,0.012721378,0.03368432,0.019841269841269993,-0.050956157,-0.013077154,-0.110543523,-0.023705004,-0.037919827,0.016702882425321253,-0.020510151,-0.043927002,-0.057355477,-0.059872153,-0.000900495,-0.001195886,-0.021458693,0.000838522,0.003927196,0.019734025,0.011576803515918055,0.031144806638119027,0.0048333,-0.03163634,-0.021373611,-0.03070326,-0.027751196,-0.114277995,-0.035326288,-0.030703499,0.042937589,0.011675341116894167,-0.039421919,-0.023319616,-0.020348059,0.035857211,-0.152393926,-0.090642098,0.001178154,0.045477014,-0.013589885,0.004399823,-0.124372034,-0.04504576,-0.023022901
5/31/2005,-0.030181087,,0.065583073,-0.045390515,0.070470518,0.015479144511402643,-0.046770601,0.003523464,-0.14739726,0.032017076,0.013735938425103678,0.00054591,0.006056451,-0.044251893,0.016510810878719306,0.011201515986061672,-0.03577036,-0.014989556,-0.075027172,0.044681828623937436,0.035013924,0.057473632,0.021990473,0.013052721,0.083827557,0.024261095600269567,0.062567835,0.011266336,-0.044220945,0.029175379579961636,0.000848292,0.002031715,0.015421404,0.00720568,0.02368403,0.002454108,0.062588235,0.056208279,0.027752761919409785,-0.07480315,-0.026231508,0.039815696446356075,0.027753395,0.038667755,-0.045189099,0.073804748,-0.00511236,0.021590598524186877,0.10956575490650611,-0.04105626,-0.049020042,-0.00840548,-0.03228639,0.086229574,-0.004626396,0.017497147,0.017639661,-0.074208098
6/30/2005,0.007607192,,0.025594338326233368,-0.013116904,0.029753940356049613,0.011985106,0.004672897,0.021295016,0.079434447,0.012926577,0.011564069618035244,-0.00119489,0.00114927,-0.01781052,0.009549871,0.019930911,-0.023575221,0.027192217,-0.113305685,-0.119626168,0.028672328260321178,0.020324411371280826,0.016604096853032324,-0.005770764,-0.034439902,0.028480120312059487,0.038529712191311516,0.047682709,-0.027392684,-0.001572452,0.001988134,-0.000150444,0.001793351,0.007574961,0.011176149709530625,0.00293772,0.034616787,0.03461202,-0.019788538,-0.015169425,0.0614722,-0.039206812,-0.019788282,-0.02884306,0.043541575651667275,-0.056511248,0.054605003,0.023542001070090857,-0.037743733,0.081990555,0.11114212607583163,0.028990421,-0.130662386,-0.040533607,-0.063751438,0.064485981,-0.029718583,-0.073767193
7/29/2005,-0.001715854,,0.059926976,-0.017555519,0.049768391,-0.005634127,0.018604651162790642,0.002201658,-0.069302215,-0.08014293,-0.008545035,-0.00130011,-0.015497209,0.000821517,-0.010862333,0.049453124,-0.016676334,-0.015664845,-0.045349132,-0.070854669,0.029099231649501345,0.049830716,0.020174482006543037,0.006479664,0.07219067,0.030890148053372313,0.06072002,0.053594215,-0.007298643,0.034542253,0.000104431,-0.005792958,-0.021894796,-0.006787094,-0.028947348,-0.004100762,0.040649833,0.029200597,0.036400526,0.069533907,0.12777572851346353,0.06410762,0.036400240711100595,-0.001826521,-0.016606196,0.026400462,0.089098308,0.026136957658128512,0.029381965552178313,0.12248690412948626,0.043292581,0.016887717274899128,0.022039341629867648,0.031465241,0.025463462599227604,0.05419959,-0.011310076,0.053485324
8/31/2005,-0.003093847,,-0.012246381,0.026719278466741825,-0.012888067,0.012488436632747346,-0.075342466,0.030555783983177376,-0.052200614,0.023862375138734793,0.012229210342417751,0.002010684,0.012987854246529151,0.015642727,0.011256814369583479,0.001344732,0.012756230644447752,-0.095854922,-0.062915935,-0.019490121,0.004633307,-0.014451813,-0.009887761,-0.050497001,-0.017062943,0.053368794,-0.021913138,0.024222850222042958,0.024565349018251137,-0.012443874,-0.000730941,0.004317825,0.017386941287706792,0.005361648,0.026868388040444557,0.001176471,-0.017425936,-0.004466442,-0.016390297,-0.064414768,0.35121344933603704,-0.138836271,-0.016390038,0.042335067,0.005250461,-0.066071859,0.013470993117010721,-0.074375955,-0.126124859,0.4505893773983285,-0.090095513,-0.003726507,0.001139086,-0.128139192,-0.013786652,0.1182055410582421,-0.07125278,0.1073438688413757
9/30/2005,0.013965517241379288,,0.041386040410181124,-0.021521906,0.042852842,-0.013248058,0.006790123,0.020461903241986157,0.067764579,-0.002168022,-0.004027155,-0.003179195,-0.013985008,-0.026611473,-0.010446139,0.034591325,-0.028977066,0.11502251330331559,-0.075222203,0.066852495,0.030043483989985464,0.005695728,0.005692553,0.1466937585582404,0.010719949989002275,0.095017674,0.002453714,0.089869925,-0.034107218,0.005352039,-0.002716909,-0.005809567,-0.019238808,-0.005751333,-0.030712189,-0.003329416,0.047949962,0.04511989,0.006495106,0.082603654,-0.045265298,-0.050806934,0.006494518,0.045430883142918876,0.078063241,0.095877442,0.066702241,0.050357733,-0.081898632,0.13848959264693783,0.028668460283156172,0.046999512,0.038645637,-0.042600257,0.073910492,-0.051315789,0.090551014,0.043403138164723076
10/31/2005,-0.017514028,,-0.027543935,0.005106049,-0.036370677,-0.013310185,-0.044144697,-0.017973838,-0.023388116,-0.007604563,-0.017213494,-0.000993381,-0.009065657,-0.003314432,-0.003902453,-0.067670417,-0.026467721,0.14207048458149774,0.034251254,0.01833212,-0.029525393,-0.02456209,0.001903042,-0.02740755,-0.01703758,0.001460303,-0.034073209,0.009041591,0.003059173,-0.019855627,-0.000838249,-0.003339151,-0.013361759,-0.011148507,-0.021305616,-0.004126547,-0.03521461,-0.023866383,-0.019035545,0.1369058610628946,-0.23771614,-0.045012594,-0.019035051,0.018265179,-0.011522849,0.00903165,0.048342353,-0.045323553,-0.004206099,-0.148409533,-0.0170647,0.008465362,-0.01594077,-0.016248044,0.010273594488362736,-0.094444299,-0.084475269,-0.026442519
11/30/2005,-0.010557286,,0.057043110121163254,-0.02283258,0.030760825505366407,0.007507331,0.024374599,0.013820953247639656,-0.04789644,-0.014778325,-0.001057952,-0.000471421,0.001765442,-0.018300158,0.006776437,0.03327543,-0.032039433,0.005357334,-0.031317618,0.048832807570977854,0.021776383433075752,0.04495636,0.026348472,0.001188189,0.055779864,0.085495012,0.044518674,0.096774194,-0.022568839,0.034143941,-0.000314607,0.000227044,0.002296948,-0.001914486,0.002500456,-0.001874507,0.042535365,0.026960111390021968,0.040634090602905015,0.1315618503118503,-0.090600679,-0.04084351,0.040634676,0.027595625,0.059478077,0.093711083,0.098299497,-0.077113063,0.00844773,-0.030636068,0.089073064,0.039430111667308365,0.018962803731142897,-0.031264995,0.028097593,-0.056178476,-0.035813521,0.026379372520735744
12/30/2005,-0.006122092,,0.037749948,-0.00577011,0.029559008590031244,0.00465712,0.063243582,0.001525947,0.036573759,0.046111111,0.010708401976935678,0.0001042,0.003834812,0.001655778,0.008458874,-0.007911815,0.011616804583068019,-0.000639454,0.10411474253468134,0.099534809,0.030678329076037958,0.003576186,-0.000616889,0.041161461,-0.019352916,0.08540724,-0.006451079,0.18104575163398695,-0.003298565,-0.003458884,0.000839217,0.000457108,0.008062193,0.001385337,0.019246817851582776,-0.000593061,0.033767872,0.019840834117068606,-0.013052572,0.005770224,0.11630458635066931,0.069394602,-0.013053895,-0.014114526,0.040510128,0.060204953,0.060194328145983134,0.012786202795123325,0.13891797556719032,-0.113990929,0.075860135,-0.007631325,0.051798832171783715,0.077270002,0.006787246,0.047428046540110014,0.057676492377541244,-0.030807699
1/31/2006,0.032910947,,0.047537442,0.035798426,0.049622022346517136,-0.012747711,-0.013545347,0.020300019,0.02820042,-0.039298991,-0.011642799,-0.000524237,-0.005730238,0.025250194576649454,-0.003231436,,0.001337109,0.022075291,0.10364581115038973,-0.029724998,0.022530416061683267,0.055293147,0.020583557,0.011493598,0.036464723,0.027292860865033797,0.086101168,0.22772551189817358,0.025939177101967914,0.022948806508557906,-0.000838513,-0.001675298,-0.008854622,-0.006065766,-0.011767918,-0.001285728,0.032606092,0.030839375909897493,0.010796057413143823,0.1355501641215926,0.020051111,0.013911746554207127,0.010796918284823098,-0.036102168,0.09937515,0.11196133709222722,0.091349378,0.020551967116852587,-0.057615691,-0.184214748,-0.01541268,0.1085560698820367,0.037249284,-0.031386879,-0.030661373,0.10003215528077414,0.011791770821953929,-0.125504507
2/28/2006,-0.018401772,,0.018861439903218313,-0.01442361,0.006537644,0.002699847,-0.033432836,0.001141941,-0.017221584,-0.088999447,-0.000353399,-0.000288591,-0.004580248,-0.020523604,-0.003247686,,0.010761134239258618,0.069386477,-0.063289918,-0.071082209,0.003819223,-0.011852557,0,0.058411434,-0.026169199,-0.036522732,-0.006387001,-0.057471264,-0.028334786,-0.000933707,0,-0.001906525,-0.003599475,-0.000749465,0.001938043,-0.000396118,0.019434389239301186,0.005808066,0.013076249443661148,-0.025512769,-0.202929273,0.040769484389662436,0.013075274063823583,-0.026863461,-0.020111488,-0.016419172,-0.016829385,0.052359033,-0.058536585,-0.29816474,-0.046508111,-0.02815194,-0.03125,-0.022860141,-0.047501307,-0.110520581,0.076734497,-0.005662033
3/31/2006,-0.034542614,,0.027080269,-0.010582011,0.041325821643475535,-0.00924842,0.019147622,-0.028351448,-0.050363448,-0.001820388,-0.019915154,-0.001422519,-0.007130129,0.014979629350196921,-0.015519491,-0.004995096,-0.020904569,0.11230363937945165,-0.058935009,-0.033060861,0.033632506,0.020985035,-0.037056853,-0.055489504,0.015894874167902584,0.069496545,0.046847681,0.045671927,0.003499327,0.008261015,-0.00052451,-0.002522936,-0.014045754,-0.011250402,-0.034816204,-0.00396275,0.020072907,0.012551356720393647,0.010836086635556352,0.14635404575820887,0.1785944551901999,-0.011526324,0.010836855969498904,-0.063205523,0.031121026213050795,0.1748496379035227,0.13062046456720244,-0.049207217,-0.008635579,0.050782967,-0.06844589,0.006375606,0.004134735,-0.037892153,-0.085811978,0.052013623,-0.08726863,-0.077246181
4/28/2006,0.060409924,,0.004322123,0.048811014,-0.00644875,-0.013234078,0.002424242,0.042893264,-0.04907053,-0.000607903,-0.01358663,0.000158283,-0.00269299,0.038585774,-0.017464558,0.055510078,0.031113580442892363,-0.019912281,-0.001094475,0.060975099393178356,0.009060664,0.010265625877463824,-0.012054596,0.018900537,-0.005235516,-0.004984309,-0.00389301,-0.044591813,0.046852647,0.009666474,-0.000524786,-0.000613168,-0.007636956,-0.005635024,-0.021185253,-0.000795703,-0.002108799,0.010643420876622178,0.020723623071680963,0.11950138379497344,0.11816192560175054,0.006163176,0.020723714080115974,-0.013534322,0.11553440069234111,0.17170767382332963,0.3197186991370575,0.10839562967222527,-0.005574913,-0.11536399,0.062747435,0.086833769,-0.037662845,0.02729278,-0.011433146,0.057734359,-0.004368647,0.026423292256371633
5/31/2006,-0.009494744,,-0.054493846,0.025710566,-0.032647505,0.002754161,-0.032043531,0.015087886397090688,-0.015092712,0.035279805352797844,0.003778645,-0.001792489,-0.004801859,0.013442469,0.003546614,-0.046325453,0.005234393,0.037501119,-0.097997107,-0.146970653,-0.049479715,-0.049461361,-0.02274061,0.098152382,-0.074808428,-0.075015461,-0.060608302,-0.112972714,0.015288691492996387,-0.033287431,-0.000525061,-0.002837251,-0.004741344,0.002833479,-0.004394177,0.000995421,-0.041974059,-0.044693082,-0.020915354,-0.076235077,0.012781311154598907,0.009041126,-0.020915159,0.045754112,-0.018425136,-0.086223807,0.12530832596453667,-0.021789883,-0.007533287,-0.064988484,-0.044622471,0.071786099,0.068535596,-0.035777111,0.083317516,-0.027627128,0.097628892,0.014980723872685786
6/30/2006,-0.010612804,,-0.002642392,-0.01173982,0.009285465,-0.006209697,0.095565272,-0.014852963,-0.040863981,-0.058754407,-0.007407407,-0.001639368,-0.001960491,-0.003107385,-0.008286963,0.025984845907390808,-0.01975649,0.10904071773636992,-0.007239687,-0.022565431,0.014858914118428546,-0.003707602,0.003703148,0.056166569,-0.006553252,-0.011432774,0.004475359,0.027522936,-0.007150669,-0.002755709,0.00042027,-0.002152853,-0.000595681,-0.005650945,0.004118854,-0.002486078,0.006833272,0.005934595,-0.002032612,-0.08396249,0.060865889740957524,-0.066994476,-0.002033122,0.055671055016768056,-0.050879273,-0.131049961,-0.050269857,0.039512065765049176,0.019240953,-0.078488807,0.058823529,-0.015665642,0.005730461,0.024012019424248132,0.06993056,0.027280006626722253,-0.038245695,0.10852508664587401
7/31/2006,0.030622837370242184,,-0.00392554,0.010380993150684859,0.007208149,0.021148762,-0.092930445,-0.013594103,0.020541692026780245,-0.030586767,0.012845608025446653,0.001058682,0.007857368,-0.00311707,0.007622128,0.040355839,-0.005468323,0.016179216,-0.017325764,-0.101949096,0.015635227,-0.032659099,0.035548686,-0.014197138,-0.045707186,-0.004193156,-0.036767012,-0.087710084,-0.008218946,0.00187906,-0.000525116,0.003390353,0.011175677946035467,0.007103825,0.015235847323007201,0.001894128,0.009008379,0.019516831028593584,-0.001511564,-0.019642772,-0.003244351,-0.028459146,-0.00151155,-0.007595697,0.028624960965962343,0.041212802,0.064078558,0.009693878,-0.064426741,0.30523473063865625,-0.011720915,-6.01E-05,-0.029003913,-0.037125341,-0.00879362,-0.008466604,0.003787588,-0.006725785
8/31/2006,-0.003021655,,0.027531368,0.018800974473043075,0.027337702668879027,0.017533537302894642,-0.029541169,0.023612802703621982,-0.003578351,0.01674179,0.012441116076820746,0.001640323,0.007794363,0.000781704,0.005835705,0.024464801,-0.027884691,0.060854256,0.047390178,0.056787652109782316,-0.002124206,0.006164974,0.005488686,-0.048607415,0.042298524,0.042108123,0.02426684,-0.208405296,-0.004015378,0.018568652245126716,-0.001891412,0.00330053,0.012525361,0.004991861,0.022493831,0.00039801,0.031126482,0.022043294,0.014336346583464499,0.081308298,-0.186500685,-0.03443611,0.014337342782403395,0.016632421,-0.019429265,0.12996117342536673,-0.023613186,-0.065437089,-0.04498334,-0.27863332,-0.046317814,0.007747748,-0.076354767,-0.073358548,0.049887108320942675,-0.074410409,0.007843678,0.083399252
9/29/2006,-0.022899478,,0.023202233486027124,-0.018038156,0.015490305775628155,0.008789175,-0.008419689,-0.012777498,-0.08409397,-0.025332489,0.004294918,0.000105583,0.003865013,-0.011671218,-0.001179961,0.007597707,-0.010100194,-0.062702937,-0.003233553,-0.152833857,0.007558181,0.002617327,-0.004357403,-0.009509603,0.043466454,0.003063087,0.006250745,-0.068,-0.018871161,0.021671208,-0.000631665,0.000764643,0.006402788,-0.000323939,0.012099056856015311,-0.000895166,0.02294488,0.005595749,0.023515931451129513,-0.092626202,-0.14755019,0.058469392001553544,0.023515606347512596,-0.023274615,-0.047368421,-0.11434571,0.001299327,-0.058394161,0.012987013,-0.272558157,0.081253676,-0.087967102,0.10264457116613723,-0.014858317,-0.025817077,-0.119607556,0.049142117386785644,-0.057447376
10/31/2006,0.039290022,,0.041100427,0.018793012175754242,0.015730889531301973,-0.002522068,0.007838014,-0.004462686,-0.023198824,0.012995452,-0.002257068,-0.000316716,0.000444252,0.004709248,-0.000271935,0.044264177,0.005795445,0.16143187066974596,0.005557808,0.013709914680788415,0.025732938,0.036955946394629846,0.021497619391141143,0.056544359255202625,0.042777748862170784,0.015853420830355347,0.053130305463064076,-0.017167382,0.002622836,0.028102624325161862,-0.000526721,-0.000458435,0.001445919,-0.002160294,0.002224092,-0.00099552,0.025302309,0.032870638,0.031492195274309465,0.019927402,-0.080615942,0.22190186621933328,0.031491914,-0.061005228,0.004333225,0.063261127,-0.033215429,0.10709158771174287,0.1595866819747418,0.12126030628913598,0.1345585949642525,-0.055348624,-0.015653743,0.15061551760112057,-0.022538457,-0.093410066,0.090291597,0.067380446
11/30/2006,0.019731388,,0.006284907,0.030397505845674244,-0.005036057,0.00850477,0.025923525599481634,-0.0181489,0.018397725,0.035279025,0.005714966,0.000580829,0.004138969,0.035937175,0,0.033736228,0.005518585,0.024524425,0.1080984913179619,0.002263757,-0.012960263,0.027506438664470112,-0.017537665,0.039458339,0.029842386059873327,-0.00889031,0.021407148,0.071059944,0.034530869,0.014238347558460651,0.000210799,0.000684746,0.007790726,0.002056722,0.014976974,0.000398605,-0.002741098,-0.016591015,0.010561858,0.019029633933759227,0.11562919838781904,0.1658265047835601,0.010561965023562214,-0.028175508,0.065149391,0.13414757753902284,-0.054554901,0.086877593,0.025247525,0.11201640370463473,0.09490051,0.083010515,0.017348377997179032,0.064038133,-0.015798084,0.040839540601034896,0.032369045,-0.055761164
12/29/2006,-0.000650407,,0.040963398,-0.004942007,0.037687573,-0.014017094,0.049905243,-0.021183711,0.050254557,0.003097893,-0.022493193,-0.001372072,-0.010303215,-0.005547467,-0.016283353,0.049890883314914536,-0.031476998,-0.01546225,0.015284824352963744,0.005270169,0.022438979,-0.008976053,0.017275667904636416,-0.021691704,-0.022940844,0.062790398,0.000464928,-0.050037064,-0.020903574,0.009541462,-0.001475284,-0.00472561,-0.015741274,-0.013179216,-0.025683132,-0.004681741,0.033047888093678424,0.022866978,0.016585255,0.012401995723449799,-0.066313423,-0.000634792,0.016666712,0.017624575945005105,-0.022886076,-0.083605166,-0.101552482,-0.014077786,-0.017704812,-0.295091528,0.007444479,-0.036088401,0.014106474421184068,-0.006549155,0.038159095106703456,-0.049178594,-0.03930848,-0.053319939
1/31/2007,-0.015131793,,0.030145138762373236,0.0033955,0.008690642,-0.006819233,-0.010830325,-0.009759973,-0.038936669,0.043854231,-0.008962093,-0.000527344,-0.005056515,-0.013523235,-0.017294785,0.005544783,-0.017416667,-0.056512025,-0.067746221,-0.107443254,-0.004678255,0.031558320231503734,-0.016793857,-0.044839121,0.015493151817455253,0.009593782,0.011948001,-0.097932111,-0.021952479,0.010218232,-0.002648881,-0.002144279,-0.006687987,-0.00350301,-0.011777835,-0.000800641,0.015396285,0.019399460188933793,0.009649484,0.006054632,-0.065348237,0.035230327,0.009650199,-0.021350832,0.021245724945590183,0.049102789,-0.096312154,-0.012100678,0.053416352613468776,0.20251682946679272,-0.050732737,0.033198595189185776,-0.031135719,0.031932361230241346,-0.028766894,-0.063957584,-0.066867925,0.040974798
2/28/2007,0.016520733520568376,,-0.017956306,-5.05E-05,-0.019183168,0.012684743395787068,0.050486618,0.004102917,-0.003091442,0.00295858,0.010998411340584102,0.001531097,0.012398742070008462,0.014169198784583337,0.013539943293991774,-0.030897803,0.016453227037571017,0.1143613316617913,-0.018862804,0.006325437,-0.004677204,0.003103464,-0.013798721,0.033736346201951095,-0.020526904,0.003728875,-0.01204863,0.026816608996539593,0.018836370037848882,-0.023626938,0.001269761,0.005136606,0.017271654,0.005822256,0.026113649,0.001903045,-0.03316822,-0.037799934,-0.030489549,0.031117331467226617,0.12548298068077268,0.046658663465386274,-0.030489452,0.059988255807682966,0.022224477369596096,0.039228445,0.056743189125162186,0.027927486526212686,0.084616581,-0.051659367,-0.016713547,0.062660339,0.011288274305065515,0.071530351,0.041591962476756006,0.049790066,0.012992493,-0.006964311
3/30/2007,0.027628798959856926,,0.025355968016903985,0.002020406,0.020272064176313664,-0.005401057,0.1273885350318471,0.013513976236403158,-0.004733148,0.1067846607669618,-0.006889883,-0.000790774,-0.001474714,0.007884446,-0.013451602,0.015350907102155587,0.000500626,-0.056125,-0.078054403,-0.079982041,0.023819995833237018,0.00955684,0.014599072,-0.067303349,0.002476948,-0.011145066,0.007889812,-0.064448189,-0.000691145,0.006935227,-0.000951113,-0.000304948,-0.004316541,-0.004696374,-0.014941831,-0.0019994,0.025208519068846025,0.014652833612086802,0.005611659,0.001809791,0.10560732385156113,-0.140065589,0.005611605,0.055567332,-0.014593468,-0.055145579,0.14315452361889514,0.055767398,-0.08188728,0.040569728,0.06652696,-0.007483855,-0.041823636,-0.033333333,0.007647297,0.036373241,-0.102459469,-0.043714885
4/30/2007,0.027518582951130854,,0.062899562,0.016130658332493386,0.058138819,-0.002888504,-0.092449923,0.038773832,-0.10708429,0.16044776119402981,-0.005720545,-0.0006329,0.000295383,0.021052631578947434,-0.005937159,0.018082003359439325,-0.01843049,-0.129717918,-0.053508026,-0.034509202,0.02238401,0.026174299,0.011372342463129792,0.10384668603846703,0.049416563945807734,0.002605587,0.013483664,-0.076091851,0.003717472,0.039967551714455096,-0.000423119,-0.000838862,0.001878606,-0.003511467,0.004494363,-0.001502554,0.050560994,0.038336208,0.054341109,0.046879234034866046,0.11777317758391259,-0.049073269,0.05434084,-0.002608009,0.021660286,-0.00028401,0.1272120278283606,0.022347629796839685,-0.087941268,0.000215742,-0.053613199,0.0347218,-0.01620008,-0.046382062,-0.007906581,-0.048421742,0.1032599258031417,-0.003980398
5/31/2007,-0.002000924,,0.062680385,-0.009623971,0.039160259,-0.029432213,0.046972269,0.036329141,0.036363636363636376,0.10932475884244375,-0.019341413,-0.000739034,-0.014023985,-0.015574243,-0.015394849,0.026590811,-0.021750212,-0.046945142,0.054181857,0.1339446891472309,0.021871820956256283,0.044976778293815745,0.019174774518855076,0.014634911,0.02820633,0.037289979,0.036152658,0.026803118908382162,-0.016968131,0.029896195847834095,-0.000529123,-0.006103644,-0.017885811,-0.012663804,-0.023489957,-0.004614767,0.042804218983956144,0.032468433,0.040713821,-0.015940466,0.015278788279648126,0.061257779301603144,0.040714323126632035,-0.01127544,-0.033625875,-0.007765152,-0.045274734,0.057628616,0.091111492,-0.011170757,0.052432112,-0.009696756,-0.008732978,0.087490684,-0.029218287,-0.050732678,0.043390665,0.010257638484962417
6/29/2007,0.024676125848241748,,0.005431853,0.014225606090963794,-0.005807015,-0.005969436,0.079459459,0.005241079,0.13521176679071423,-0.033126294,-0.009362127,5.1803705838793235e-05,-0.003441055,0.004806585,-0.016870438,0.051829170334860564,-0.01537259,-0.115120549,-0.016789876,0.007195619,-0.001644772,-0.025497076,-0.003437623,0.15858479785032586,-0.000763296,0.010021558,-0.016665511,-0.030849549,0.000175239,-0.020966544,-0.001069394,-7.67E-05,-0.006316096,-0.003903636,-0.012600177,-0.000705503,-0.011599766,-0.010960734,-0.01863795,-0.012713443,0.030814332,-0.135474081,-0.018637937,0.001121396,-0.023673469,-0.083031113,0.016356813,0.025678497,0.056506043,-0.161477543,-0.075277908,-0.005934366,0.010452441,0.049434029,-0.013118661,0.092539599,0.12784153245271446,-0.033711747
7/31/2007,0.010385310054184194,,-0.059912158,0.013877913868036273,-0.053489842,0.002282008,-0.058587882,-0.002653707,0.024820481,0.044539615,0.01890121,0.000581935,0.013361354617506205,0.010540013012361849,0.017351700332395747,0.06055015,0.0326365,0.040508842,0.013304447559576937,-0.053233862,-0.042877891,-0.047329312,-0.012469409,0.004398651,-0.005239494,-0.057225267,-0.072563584,0.085210578,0.013841436706088395,-0.035303306,0.000423976,0.005673977,0.016260167840541406,0.009965289,0.021461627,0.003429148,-0.048349907,-0.047026429,-0.017903088,-0.004351591,-0.03159957,-0.056484763,-0.017904013,0.051995639,0.024456522,0.043609492,0.057373375,0.026663952778342992,-0.066557718,-0.099493505,-0.002878331,0.012476867052713336,-0.023422492,-0.028271678,0.048225553366941565,0.10082266573209875,0.054788158,0.095473759
8/31/2007,-0.045434232,,0.018644235092837302,-0.008475815,-0.019527141,0.009706411,-0.078723404,0.009150954,-0.060472201,0.11029110291102895,0.004328469,-0.00135816,0.012598260724567378,-0.00466625,0.014404242418530444,0.031867553,0.020756812163662763,-0.126853377,-0.019367659,-0.066176962,-0.005979209,0.004403887,-0.004673118,0.11754011120990548,0.025181024042054245,-0.032368598,0.017678367760739944,-0.082581227,-0.005875745,0.010116509,-0.004788897,0.004877487,0.018202089,0.005543237,0.015059553661293856,0.003919992,0.009365389,0.009335134,0.006703941,-0.092763965,-0.034327482,-0.003240557,0.006704572,0.004986142,0.00387676,-0.07335195,-0.073336159,-0.046391753,0.092471749,-0.132863759,-0.066970047,-0.023761792,0.038132708,0.028855742964922104,-0.030517292,-0.050402145,0.20697390779077351,-0.111369555
9/28/2007,0.088951311,,0.022329647613613002,0.015131417342176379,0.006324261,0.007120817,0.11605080831408765,0.060539322,0.065985733,-0.08493353,-0.006156877,0.00094638,0.003075113,0.044909902972432025,-0.001028201,0.13174227008438222,0.005523013,0.088480636,0.11047272167645628,-0.041976545,0.020984757000615195,0.022904510007089485,0.009484966,0.27301983137394603,0.04732532,0.011445554571898331,0.016088661976215723,0.040334481062469285,0.034419817470664915,0.032350898,9.581297307637016e-05,0.004320145,0.002149304,-0.000992282,-0.001960883,-0.000600721,0.015313042282724565,0.005351504,0.039421896,0.042054811,0.049334325,0.093101663,0.039422104,-0.011669818,0.099796748,0.13819081956627022,0.071515706,0.077754678,0.1477272727272727,0.1423865676666416,0.13736623716968777,0.092951622,0.053931929,0.12411235434182522,0.001106025,0.12069452286843596,0.21171074800096257,-0.099810978
10/31/2007,0.051304098595586156,,0.018714127744721365,0.017954798,0.01867266,0.002946029,-0.044490429,0.049547134124345416,-0.014144487,0.098466505,0.002849709,0.000998379,0.002919707,0.015181440320726214,0.003366795,0.14817098526616745,-0.009154461,0.089407901,-0.056728415,-0.081212212,0.035126088,0.021037479,0.025556703936859826,-0.079215679,0.065514676,0.00537668,0.023493510790837835,-0.017021277,0.003024956,0.010921405807496454,-0.001170935,0.000301864,0.006720054,-0.001655446,0.011226537473144171,-0.002203967,0.027035039050205212,0.019275276,-0.004144514,0.063355033,0.13962774521800725,0.008052346,-0.004144476,-0.067902196,0.060432452,0.037208643,-0.045863913,0.05787037,-0.008504697,0.116001465,-0.016385049,0.035366932,0.008920545,0.017676720340412677,-0.04884652,0.16752739639753123,-0.139671119,-0.134539622
11/30/2007,-0.053026172,,-0.022825952,-0.010934677,-0.030607138,0.024556456350605105,0.007038441,-0.054398008,-0.076982413,0.098824394,0.012478379046207078,-0.000419429,0.028538870732746302,0.009164295,0.021154155131500874,-0.079081739,0.033932471023013555,-0.009798174,0.030412850776237788,-0.012429929,-0.042471542,-0.054157355,-0.018483738,0.14603531592863872,-0.070144695,-0.067906225,-0.075568168,-0.023088023,0.020859512,-0.04578835,-0.002984057,0.013507786273244893,0.034959706,0.010391333185938656,0.040799336912267004,0.005823293,-0.025881514,-0.03859191,-0.036883219,-0.068852314,-0.041989263,0.02683801,-0.03688293,-0.003004734,-0.016382015,-0.031908105,-0.096222274,0.077133479,0.038535399,-0.159846369,-0.061784227,-0.002401793,0.057505140507196684,0.053508933505249656,-0.007688017,-0.051542777,0.066433342,0.027483421
12/31/2007,-0.00532604,,0.021338496043332933,-0.034608729,-0.014734861,-0.001720183,0.026344086021505397,0.009695958,0.071703159,0.038783015713808044,-0.014276998,-0.000678417,0.001560948,-0.004367893,0.006207365,-0.035470681,-0.010073111,0.043301759133964834,0.05418251,-0.078232971,-0.004480569,-0.00458199,0.000770074,0.10122520420070003,-0.005135335,-0.033424511,-0.001347098,0.10979812900049235,-0.007631709,-0.011214509,0.002447836,0.000666318,0.001656307,-0.009080963,-0.006933301,-0.004392094,-0.003241123,-0.017729868,-0.013143845,0.07032255,0.10340962718263325,0.13344968499914867,-0.013144124,-0.024141042,0.061924167,0.053300687,-0.045052691,0.061621805,0.12610946745562113,0.004651178,0.090890176,0.057621315,0.052077257,0.10544628026925418,0.004178015,0.083065548,0.001970824,-0.071024414
1/31/2008,0.023154848,,-0.149729131,0.003186616,-0.135912539,0.010683515221137307,0.1430068098480881,-0.014652371,-0.003275109,-0.054393305,0.030824461500371214,0.013888337851837074,0.024652873133111708,0.018438347,0.003085287,-0.164068213,0.04570819,-0.04904345,0.014314697926059328,-0.15502008,-0.090014701,-0.06753774,0.010702793452408654,0.3249688942404174,-0.122106811,-0.105535616,-0.074073594,0.14241348713398416,0.047300091,-0.066073353,0.001695439,0.014120095546940714,0.029350978,0.023738544771999548,0.025241595,0.010627631842791363,-0.135964268,-0.125473359,-0.053571473,0.04308925,-0.068805132,0.099128704,-0.053571506,-0.027883839,0.099941603,0.13907018328118004,0.084505999,0.083080848,0.014340448823207508,0.087457052,0.071905398,0.13901254552812614,0.068874172,0.048508525,-0.050654679,-0.038938193,0.046923793,0.041594647
2/29/2008,0.042291372,,-0.032063933,0.000744491,-0.020016626,0.02068652,0.17827681026581121,0.022413997393261997,0.19386637458926614,0.077603812,0.00564429,0.001768513,0.016841888452729714,0.021941100687290938,-0.001155673,0.035677854,0.021658950011771205,-0.067087205,0.18642071341260147,0.012991128010139574,-0.007157947,-0.021078175,0.012481255046718154,0.41195216227023224,-0.053850165,-0.021683772,-0.039432398,0.14834951456310685,0.036083695223055656,-0.035012866,-0.003598041,0.010057338866642285,0.016078549,0.008628128,0.00371455,0.005059524,-0.037578208,-0.02900543,-0.024417336,0.450475825,0.061947411,0.082286915,-0.024417441,-0.015201569,0.050663633,0.16467171618068366,0.16538050035284213,0.23763250883392217,0.097992661,0.16001981818018374,0.29712336892052194,0.25515189198791965,0.16469266015388606,0.18879821398941088,0.000528834,0.10996366418053172,0.14801965601965605,-0.097819013
3/31/2008,-0.015605917,,-0.023686661,-0.00059515,-0.020022954,0.015924276,-0.164138468,-0.043816275,-0.152948886,-0.009475679,-0.007045617,0.000921215,-0.000136758,0.040229916974425795,0.008975454,-0.068770213,0.041170596820032435,-0.155519006,-0.236217522,-0.091231363,-0.023706411,-0.01245504,0.009068951,-0.262848953,0.019903851791053473,-0.044013251,0.00510405,-0.200541089,0.049535132,-0.007070846,-0.001217923,-0.001235914,0.014255259712641744,-0.012189906,0.001448863,-0.00839009,-0.013143145,-0.048367361,-0.004310318,-0.219276825,-0.02319295,0.019321383752042287,-0.004392193,-0.090919147,-0.059265141,-0.13080837,-0.006231199,-0.235070188,-0.156673875,0.067100836,-0.146048149,-0.065496621,0.11906175771971506,-0.220799655,-0.068675577,0.008294772,-0.144566864,-0.082622316
4/30/2008,0.040805073,,0.051564998,0.005955039,0.064836754,-0.01249589,0.17682643089809225,0.02524013,-0.020114498,0.045918367,-0.015634396,-0.004144362,-0.019696345,-0.007629105,-0.027043789,0.14553128177746832,-0.04175581,0.10484743561999554,0.043386555,-0.053235429,0.068051282,0.074983697,0.020142715201878936,-0.053906959,0.074147099,0.096369637,0.039856071,-0.050338409,-0.038774325,0.046824915533223654,-0.001005477,-0.009171641,-0.026402198,-0.012773328,-0.016046266,-0.006072068,0.052275451,0.070664995,0.044872571,-0.060973771,0.10803630728359526,0.054790277745514704,0.044872584425804884,0.046924486,-0.061233886,-0.04768366,0.019046683,0.11912908242612752,0.045920746,0.062812848,0.017348933094160746,-0.052972359,0.089811621,0.089076342,0.065246321,0.12244599047967775,-0.150252525,0.081313324
5/30/2008,0.014304635761589468,,0.022434169,-0.002071925,0.023048526233239608,-0.012765013,-0.018979834,0.009743074,-0.076267172,0.061890243902439135,-0.021136225,-0.000976449,-0.011304906,-0.004034861,-0.021431705,-0.048287828,-0.016475479,-0.09626873,-0.011424005,0.022055259,-0.009170788,0.050466434,0.018704621923145037,0.12442858461254502,0.058229514513228775,0.031607465,0.043477048,-0.151893096,-0.008536033,0.010535027103074412,-0.003597662,-0.005157656,-0.017181363,-0.018530702,-0.021286035,-0.009614422,0.009613546,-0.005945055,-0.013273559,0.029657275864836574,0.1547952047952048,-0.021237236,-0.013273739,0.069525117,0.025420957985940795,0.016405455,-0.076440861,0.051139522,-0.000334299,0.063496728,-0.015447775,0.040622126,-0.123047271,0.03392745,0.034470722,0.12207216024009937,-0.05079486,0.072591284
6/30/2008,0.006659702,,-0.101100693,0.008502645,-0.116662927,-0.001574095,0.1616283756549779,-0.022781155,0.078290598,-0.10651737,-0.01210684,-0.00092728,0.005613996,0.015508021390374438,-0.013420271,-0.096137941,-0.007123288,0.10262245340268739,0.12414399847821955,-0.017429452,-0.069320605,-0.071959378,0.004476217,0.015194874123846125,-0.097200941,-0.064706741,-0.07600353,0.19642857142857162,0.022323809523809635,-0.086759262,-0.002278149,0.002744808,0.013483456102323377,-0.015305552,0.018447143095028595,-0.00657296,-0.115552188,-0.092614595,-0.102936793,0.058658456,0.048358493,0.20727518187954708,-0.102937327,-0.035766001,0.041291351,0.031840756167894835,0.077086945,0.076150185,0.2648534165644856,0.13198718630616768,0.15925371538543787,0.025665655,0.024916136,0.17007245433641383,0.015462300283554331,0.094759081,0.1050719318090172,-0.085009637
7/31/2008,-0.01310157,,0.005175403,-0.002793981,-0.013962332,0.010698198198198172,-0.101318529,-0.005201573,-0.05247305,-0.07937018,0.018698673404927257,0.001236794,0.007066636,-0.00986165,0.028451770219773298,0.027673653622414474,-0.018921476,-0.130909091,-0.090403367,-0.020152045,-0.042930411,-0.021063755,0.032059186,-0.084166954,0.004195514,-0.01474144,0.034412897,0.063652327,-0.026904159,-0.010922395,0.00287573,0.003773027,0.007955018,0.017926026775584303,-0.00081103,0.00661645,-0.002075153,-0.014805075,0.001764146,-0.174821442,-0.1278211,-0.203664128,0.00176381,0.017204510701035236,-0.016611804,0.015991926406086154,-0.056910727,-0.122481572,-0.096677536,-0.321461412,-0.172146645,-0.149653493,-0.125998826,-0.117332246,-0.043348743,-0.117946993,-0.08733631,0.11649051870590776
8/29/2008,-0.086882229,,-0.011850102,-0.081350767,0.016199257,0.012256267409470611,-0.001544402,-0.03768529,-0.063409737,-0.128097731,0.013146472,-7.73E-05,0.010595417,-0.05952285,0.025232129743244736,-0.063023403,-0.009643202,0.033925139,0.016719763737413906,-0.003940887,0.044937707415265926,0.015040299366724241,-0.020205831,-0.021298258,0.011468542390655534,-0.031903103,0.034107443,-0.084193149,-0.050624186,0.012230725,0.000794733,0.004866708,0.016593621,0.007690593,0.023109525,0.002629184,-0.000596178,0.018171563,0.016022041771263984,-0.206995784,-0.039973509,-0.041456355,0.016022918588473045,-0.043179191,-0.094815507,-0.235988539,-0.07301026,-0.093098138,-0.04204878,-0.140223913,-0.064366087,-0.154449339,0.12786673553719008,-0.055913406,-0.021163538,-0.071094518,-0.008798045,-0.079692077
9/30/2008,-0.068374838,,-0.081098503,-0.011022527,-0.10138463,-0.019152449,-0.1129157,0.004369772,-0.179528403,0.016813451,0.009548292,-0.004946893,0.002652149,-0.029331627,0.001965707,-0.150586523,0.026858163,-0.204637428,-0.104958602,-0.153560831,-0.1244338,-0.106806097,-0.051984169,-0.136204833,-0.153025716,-0.098618039,-0.082226251,-0.085624155,-0.012100678,-0.090626539,-0.00212476,0.005446783,-0.007575759,0.012609224643291617,-0.001198703,0.008472012,-0.080465201,-0.088139312,-0.058336734,-0.339315855,-0.109638317,-0.162009946,-0.058336579,-0.060936106,0.054523563811489595,-0.104460446,-0.149980038,-0.175671504,-0.207658621,-0.096144553,-0.151668502,-0.315306867,-0.004991871,-0.211610626,-0.052680072,-0.128697681,-0.148403805,-0.010965748
10/31/2008,-0.15605686,-0.144440229,-0.150059919,-0.097224477,-0.144176863,0.000112221,-0.197471665,-0.116899434,-0.226431526,0.011023622047244164,0.00897296,0.012533268229237837,0.009118759,-0.09855707,-0.007669054,-0.227672989,0.067562228,-0.141776678,-0.133774564,-0.07318142,-0.119551644,-0.221693059,-0.149001467,-0.132913331,-0.161361106,-0.233330309,-0.209168632,-0.11976343,-0.033398661,-0.171412531,0.017690264439879977,0.006515374,-0.013495092,0.023047515019115172,-0.034537985,0.015301530153015275,-0.157964117,-0.114661213,-0.143908941,-0.015541173,-0.397033593,-0.176412886,-0.143908891,-0.052858738,-0.184553906,-0.207325926,-0.364706189,-0.244569288,-0.042159383,-0.125435819,-0.267422275,-0.191447268,-0.206913217,-0.114252925,-0.076461543,-0.328720581,-0.211395523,-0.146416277
11/28/2008,-0.015012816,-0.077419116,-0.073506654,-0.045607096,-0.058416648,0.0380386,0.10809342748506245,-0.031711877,0.051787222,0.06152648,0.048551857,0.002429565,0.052340574,-0.003218352,0.05502409,0.00157579,0.032050333086602656,-0.074026598,-0.013658623,-0.025689519,-0.020902982,-0.095694593,-0.03656661,-0.065520204,-0.112943423,-0.047095018,-0.118918919,-0.010078387,-0.04882994,-0.074425848,0.009288416,0.014775107,0.087163742,0.020819987187700173,0.13532075689939083,0.006107171,-0.064315915,-0.08152617,-0.051301232,-0.034124822,-0.214043139,-0.129541622,-0.051301621,-0.068363918,0.13941394139413932,0.048605241,-0.098164045,-0.032226078,-0.07071927,-0.055855065,-0.123580974,0.060982495765104616,-0.135453543,-0.053588496,-0.06225584,-0.233412147,0.008230174,0.09105829
12/31/2008,0.073605948,0.01407943,0.025184195,-0.042197802,-0.015324255,0.052102475,0.16176470588235303,-0.004080146,0.023013112,-0.278063096,0.024985673352435622,0.008768164,0.020081669876748087,0.097608896,0.05746827,0.029754332618046275,0.050634727103205934,-0.097421699,-0.034903544,-0.12455516,0.032248051,0.046144014,-0.041284782,0.072047149,0.020673599,0.053272073,0.053310243,-0.007918552,0.13100630606625807,0.006036243,0.007402134,0.00576535,0.03952467,0.013596904089530293,0.082853238,0.005482671,-0.002707314,-0.01653944,-0.008039486,-0.02856887,-0.167231111,0.11278348280813932,-0.008038365,0.025627273310998344,0.079785833,0.1041246809082359,-0.145192877,0.011014344262294973,0.1810830324909749,-0.143872356,-0.032245723,0.061114068,0.16775189635497068,0.10444813501503658,-0.018257148,-0.236385542,0.08819513,-0.091757022
1/30/2009,-0.092105263,-0.067543548,-0.102896452,-0.007867305,-0.079285062,-0.021576081,0.039662447,-0.001963079,0.008108815,-0.06046748,-0.020127474,-0.001870122,-0.007415195,-0.081673081,-0.049000523,-0.085169946,0.009830023,0.06767638,0.061144168,-0.211382114,-0.065154198,-0.074275037,-0.018143714,-0.004199324,-0.027423808,-0.136288611,-0.111069292,0.072976055,-0.080807288,-0.086221643,0.001527749,-0.002006305,-0.024478138,-0.005365803,-0.082173117,0.0030185,-0.090204756,-0.062170944,-0.088459966,0.024384622,0.14668349460103758,-0.068798013,-0.088461822,-0.031667293,0.047878394,0.11243611584327096,0.041504609,-0.025842412,0.037412886660960876,-0.216294549,-0.023832383,0.052913149,-0.22818464,0,-0.048586313,-0.171789208,-0.069997193,-0.044187364
2/27/2009,0.011632342,-0.050684119,-0.118068448,-0.008326175,-0.091491176,0.011130946130421204,-0.130681818,-0.031837562,-0.147638817,-0.002704164,0.021111491498345458,-0.0007081,-0.003347383,-0.006880779,0.025243064,-0.03495957,-0.082471439,-0.044173101,-0.075873952,-0.007497657,-0.072232746,-0.097333282,-0.047074647,-0.040214715,-0.052787966,-0.065247065,-0.122228412,0.054729012,-0.005467749,-0.107349921,-0.002282939,-6.58E-05,-0.00659419,0.008195871,-0.017019978,0.003591884,-0.119788301,-0.100465154,-0.113514609,0.008234712,0.014186132,-0.075855036,-0.113513693,0.017581757262980835,0.015204406,0.040527237,0.035246573,-0.059297789,-0.123394225,-0.052735889,-0.091813711,0.094791997,0.067776412,-0.11098919,0.009691938,-0.078488151,-0.101335177,-0.034538955
3/31/2009,0.082563619,0.074407086,0.069076765,0.002332245,0.040356283,0.021705265344272417,0.079831933,0.006309387,0.074277017,0.052603037,0.00737595,0.002076493,0.018695971487888485,0.046150424,0.033553497,0.065443926,-0.013408974,0.095622769,0.034415195,0.084985836,0.033477155,0.091917693,0.078518609,0.05443523,0.10910461793370518,0.12792056074766345,0.091901498,-0.077078086,0.02413882,0.087362078,0.003255432,0.00591503,0.033715177850722755,0.002984153,0.051558253850195745,0.000870575,0.054279422,0.023296452484330654,0.080603879,0.11800410604302414,0.022428554202339246,0.12743683331918643,0.08060414,-0.002291024,-0.020936808,-0.00956636,0.19889311656866138,0.080729887,0.094514654,-0.116745068,-0.005096191,0.035605511240028864,-0.015833711,0.091748571,-0.021000121,0.079467461,0.021572197327492937,0.00342267
4/30/2009,0.050844506,0.056088546,0.161629997,0.032907858,0.1347267847923157,-0.022362269,-0.093817553,0.055776393,0.14990082176253905,-0.185471406,-0.013423563,0.001567247,-0.013682409,-0.001657265,-0.021182473,0.1482676198499493,0.003285789,0.046639232,-0.015611634,-0.060052219,0.082901554,0.14778276622558284,0.026145092460881925,0.047919334,0.12606798153587917,0.063438633,0.15524296675191818,0.10207423580786035,-0.000671028,0.094621242,0.000808625,-0.001577626,-0.025311669,-0.00379604,-0.05505367,-0.001546342,0.1566294279634497,0.11456227782811745,0.074584266,-0.002714571,0.017690765,-0.026513916,0.074582691,0.045888228,-0.036525404,-0.052804755,0.1137581403017065,0.077001791,0.14027760717356585,-0.137488904,0.005634524,-0.01960647,0.047060491158439355,0.1135583284482038,0.009796589,-0.016699862,-0.014717875,-0.108766191
5/29/2009,0.096934548,0.008750025,0.048327069,0.088948961,0.063845319,-0.022561863,0.089694656,0.090539818,0.048053228,-0.049335863,-0.023838974,0.002675639,-0.007828824,0.065605092,-0.018847933,0.18542233896301963,0.036918496,0.13089777195281793,0.18550013966047008,0.084259259,0.043612956524732516,0.026780353,0.057279103939671394,0.1728044680867209,0.030140641,0.073532992,0.030007849135588627,0.084695394,0.06622461,0.055291843631247284,0.00111873,0.001294843,-0.019965589,-0.009783728,-0.028838664,0.000580776,0.070743008,0.082532734,0.044547744,0.084540869,0.3028160852937767,0.081166781,0.044548711033908894,0.018921716,0.098096395,0.26658449125952477,0.073273629,0.0695962,0.1572767424324033,0.1048851047534709,0.23640646886540173,0.080779944,-0.057636985,0.12228322177934858,-0.020013511,0.2730601433468369,0.18779284751238134,-0.008691565
6/30/2009,0.013293051359516639,0.032513352,-0.035097278,0.020450381228205083,-0.03856313,0.00574407,-0.035464098,-0.059138731,-0.075476134,-0.122421823,0.015666397880428562,0.000654075,-0.00649527,-0.005514079,0.006907376,0.014813652469976013,-0.01126983,-0.187309865,-0.141551914,-0.003842869,-0.032192097,0.007685881,0.008102793,-0.175243124,0.029244293,0.031866636425493367,0.016608699,0.069406393,-0.016846414,0.001532596,-0.000310411,-0.002738541,-0.006276713,0.006864275,0.005976214,0.000677179,-0.025488933,-0.0308991,-0.00493581,0.056839152579907015,0.011741682974559575,-0.203354873,-0.00493651,0.012060347433617169,-0.053924461,-0.130850217,0.028860079,-0.101709971,0.047845108,-0.038652117,-0.137906174,-0.014736981,-0.007685677,-0.004891778,0.041857684,0.043693776390673955,-0.193897419,-0.090785938
7/31/2009,0.035778175313059046,0.078440627,0.10691778077301373,0.013611352447147285,0.090832653,-0.006663141,0.1520653654108035,0.076538408,0.044252288911495574,0.042456406,0.010320970851763533,0.001761868,0.005788618,0.015244839571560309,-0.005588851,0.10741399199684709,0.015536518077537309,0.15775401069518713,0.066329176,-0.073939134,0.084861291,0.086867849,-0.001664759,-0.045368605,0.085183857,0.04121332,0.096005997,0.042698548,0.015373528705260542,0.075255975,0.003136127,0.001662095,0.008735395,0.006817478,0.005412437,0.002513534,0.09513901,0.089654556,0.087204858,0.05441084,0.062071391,-0.042322025,0.087205614,-0.004619387,0.027680311890838194,0.024989820846905708,0.15473038640705128,-0.002966625,-0.051434663,-0.084149896,-0.120004779,0.024347709437252618,0.11549040897575091,-0.016464646,-0.003531344,-0.022456758,-0.023115746,-0.038423972
8/31/2009,0.012953367875647492,0.062739606,0.025472257,-0.025257143,0.070102714,0.012776831,-0.04570528,-0.015537634,-0.004627375,-0.026909091,0.003143242,0.0021881,0.010352637824265765,0.00532748,0.022654277783133114,-0.033349656,0.019516728624535462,-0.002155504,-0.065091803,-0.09858829,0.074861774,0.04338739,-0.007972903,-0.13036225,0.014354655870445487,0.007283091,0.028427126,0.31081081081081074,0.008280104,0.035856435,0.002125486,0.005210312,0.011806183857820285,0.002154509,0.016855033658925045,0.001542912,0.053111645141050934,0.050767253,0.039447925,0.10416666666666652,-0.053311258,-0.042113981,0.039447315422075135,-0.046289608,-0.002427921,0.067878246,0.072353146,-0.005702951,-0.010020603,-0.274916351,0.064824871,0.024554740701938194,0.003406768,-0.002550409,-0.039086437,-0.020513436,-0.108162785,-0.106681702
9/30/2009,0.047882921284455815,0.058936896,0.039906932,-0.016355962,0.038997098,0.007148865,0.12386457473162671,0.026082683,0.051871788597993795,0.022421524663676973,0.003133393,0.000904504,0.007321036,0.021984641,0.000674846,0.065806535,0.032746652,-0.030242247,0.04496788,-0.060590501,0.041619173,0.054303803,-0.008115775,-0.085965924,0.058196192629205834,-0.028816934,0.059085328,-0.019993752,0.022524636,0.036983256,0.001503218,0.002888921,0.009464147,0.004095004,0.013569933691204517,0.003369921,0.038669282,0.031049069373942473,0.023937764568341624,0.019407865134835056,-0.034889822,0.043215113,0.023939614022848943,-0.003684313,0.058487982963188356,0.11624662884776349,-0.002652305,-0.035660848,-0.040298931,0.2622172080042753,0.035570854847963185,0.042883619863232525,-0.054355558,-0.053592573,0.001806542,0.004654011,-0.082706225,0.049549506
10/30/2009,0.022237288135593225,-0.025915037,-0.05179996,0.027653615,-0.050999802,-0.006680585,0.050330639,-0.010889582,0.076296813,0.032894737,0.003235163,0.000502166,0.003095564,0.005530936,-0.000167915,0.038053988769569225,-0.004413362,0.22084327764518696,0.060245902,0.1079529926209346,-0.017677264,-0.046139765,0.026294187739970942,0.042709151813407065,-0.030276879,-0.008955546,-0.068315381,-0.101689512,0.010096374483708148,-0.018903897,-0.000400942,0.002952619,0.002376867,0.001733279,-0.010041192,0.0004798,-0.050557633,-0.021283713,0.001139522,0.080390772,0.10972184470417679,0.063959216,0.001139772,-0.017876422,0.030825609,-0.024160627,0.048411169,0.060253426428756196,0.040216855593888656,-0.127870483,0.092274546,0.017955631817624607,0.083364678,0.052094288304623815,-0.005227031,0.083262221,0.080328326,0.14314569810038824
11/30/2009,0.017508953442100905,0.015346289583366701,0.047323027,-0.001217886,0.025823331039813935,0.031210593,-0.027282267,0.021373224,0.038685974,-0.002123142,0.013899699766485085,4.9767838328662606e-05,0.017152606005579107,0.017995018,0.012999904422507091,0.005362609,0.043033485644138336,0.030235892,0.024297311,0.16674888998519988,0.039075666,0.040462344,0.023246813561071278,0.11225026027465179,0.061243287,-0.070332063,0.030968099,-0.007452094,0.018552173,0.059824556,-0.000298256,0.006327677,0.021799771,0.011603053435114585,0.026577405,0.00354882,0.031215803392303565,0.022165756260520197,0.069329769,0.1286904891600391,0.012328543435662809,0.095859606,0.069329244,-0.032952446,0.1350202146939914,0.1374114232049859,0.066028213,0.10268292682926838,0.085283806,-0.112878741,0.000845356,0.10095719703810735,0.04188366,0.086017614,-0.023624349,-0.003769975,0.1481255702416613,0.036053908182606786
12/31/2009,-0.013687916,0.042118838665030855,0.053653003511606956,-0.016200209,0.07248495,-0.029145012,0.009349155,0.010779086675236416,0.012276321265085155,-0.065957447,-0.017109015,0.00030071,-0.0245836,-0.043503053,-0.034013514,0.007866011,-0.07179286,0.054522454,-0.042616853,-0.16744186,0.040052780603128335,0.063161131,-0.004210898,-0.072733918,0.052800713,0.1473240426279423,0.081514633,0.1902037897747586,-0.02773028,0.018895288608958616,0.000699567,-0.007457871,-0.037389264,-0.007747258,-0.059842149,-0.000573449,0.059906153,0.064203513,0.008957541,0.11647884944861353,0.005968223,-0.007175525,0.008957546,0.031202515,-0.072836701,-0.090711203,0.053367649,-0.00552975,-0.012747752,0.14299860584502744,0.03553128,0.003772966,-0.045895183,-0.018678389,0.00524474,0.001637955,-0.08025514,-0.019062459
1/29/2010,-0.01136664,-0.068246302,-0.066862308,-0.009915599,-0.051977933,0.025191560827122927,-0.0320627,-0.022172649,-0.086742035,-0.00531511,0.020084802,0.000652048,0.018168155706724143,-0.032719233,0.01057242,-0.078810303,0.031487743026204607,0.054702495201535584,-0.03125264,0.059674962,-0.039726172,-0.03255655,0.004279348,-0.081198266,-0.064289375,-0.047361437,-0.036701229,0.10964253529588452,-0.024850895,-0.036286551,0.000411222,0.007802905,0.023413177815565067,0.014905698641249243,0.029794121139860907,0.005546524,-0.077388774,-0.052195978,-0.033574476,0.00929368,-0.072316203,-0.139927591,-0.033574473,0.026741356,-0.012187852,-0.038880634,-0.087866495,-0.113434164,-0.105598302,-0.075897132,-0.176889614,0.023805633,-0.046324813,-0.128272717,-0.00698771,-0.087571896,-0.124655445,0.012233479
2/26/2010,0.016042780748663166,0.012536849266254091,0.007554088,-0.046378539,-0.008022185,-0.001023856,-0.094221568,0.016790687,0.19446320054017563,-0.041984733,0.005688033,0.000703457,0.005484123,-0.017598133,0.002151182,0.020319792443280305,0.015843748,0.026615104640582476,-0.015723545,0.034267912772585785,0.036525281,0.051897943,0.025617105,0.035031547226669124,0.045562235847371735,-0.005464481,0.04476051,-0.185165133,-0.012781306,0.030837562,-0.000205527,0.002662985,0.006301362,0.007593166,0.00302925,0.005040418,-0.004741962,0.016025721,0.029350427,0.047689409,0.075620085,0.05667075,0.029349706525286345,0.021994996987236837,0.03238785,0.018852529,0.068836551,0.084796789,0.009492732,-0.057952779,-0.026689569,0.022507183143556375,-0.054567852,0.04096095,0.028533225908751847,0.087448242,0.064490769,0.06122449
3/31/2010,0.025789473684210362,0.055141412848733085,0.098078582,-0.004063262,0.072097997,-0.014143692,0.017878911,0.036298059,-0.023176936,-0.027888446,0.004241897,-0.000200846,-0.009433961,-0.00800346,0.003060025,0.03614358,-0.049411765,-0.057832927,0.037736963,0.049351251158479936,0.060571458919751464,0.071487614,0.040342208,-0.089709763,0.076877092,0.10396466278819227,0.082374682,-0.297009967,0.019221604447974494,0.060259952921911664,0.000400859,-0.002227646,-0.010506719,0.002776401,-0.01327666,0.000851628,0.076170411,0.061743520285661546,0.053315324,0.1065099642309657,0.05375221,-0.113104617,0.053315861,0.080340744,-0.005001299,0.060821918,0.082064498,-0.035152636,-0.01547654,-0.208643236,-0.097604018,0.065462871,-0.112300595,-0.020815141,0.044908333,0.04711298,-0.13240115,0.016869225
4/30/2010,0.011929194458696779,-0.012295517,-0.010298823,0.006527743,-0.040829064,0.00228714,0.080239521,-0.001730086,0.023919753086419693,0.028688524590164022,0.011047330228528107,-0.001003376,0.008843544,-0.014951033,0.010370423278097674,-0.005244172,-0.004879774,-0.001175917,-0.019548145,0.015014351954073746,-0.018352988,0.042513952,0.007774469,0.092920207,0.021861303642140673,-0.004489119,0.056712765,-0.094517958,-0.021430798,0.015618062124751475,-0.000698654,0.002880806,0.014247308520978441,0.008108375,0.025296009594948377,0.003687246,-0.049196591,-0.040989453,0.015097402275659588,0.15793556967637068,0.033854365230651995,0.05892902,0.015096401127643322,-0.001547916,0.059403355,0.06170534,-0.062250093,0.004314477,0.10347229131429692,-0.007942505,0.011357653253102784,0.0596337,0.010115836242462706,0.050559650559650615,0.007217539,0.020027137042062382,0.088608194,0.041317889
5/31/2010,-0.082646723,-0.079066126,-0.02163465,-0.051384385,-0.058052128,0.029457525152992492,-0.084626755,-0.032644829,-0.048417483,-0.030278884,0.035029459,-0.001405502,0.014274905,-0.073945023,0.033104399,-0.05525759,0.034396987,0.037438191664704634,-0.007748788,-0.262127474,-0.058205377,-0.072299047,-0.043848336,-0.058610739,-0.073307395,-0.116851289,-0.076033392,-0.063152401,-0.069045154,-0.080187424,0.000400979,0.005676816,0.023951250707857863,0.019519372,0.033286648,0.005840241,-0.044771398,-0.035485821,-0.076095159,-0.169112721,-0.158787521,-0.043304158,-0.076094804,-0.064960878,0.027481669,-0.011638786,-0.074257887,-0.033890215,-0.066901091,0.084947988,-0.106425703,-0.112140487,-0.077327888,-0.06131005,-0.043588769,-0.181068426,-0.089958123,-0.054157519
6/30/2010,0.002072682,-0.037251863,-0.010223048,0.032145674467525476,-0.014439072,0.021460957178841333,-0.013322568,-0.011137071,-0.008711146,0.024650780608052703,0.010039329331401392,0.001916208,0.014396680800041306,-0.00708098,0.022295387,0.021644256299948594,0.025420818,0.035519745801180225,0.22155601052939455,-0.135318396,-0.052459105,-0.065918863,0.002648552,-0.009639048,-0.060632115,-0.03996004,-0.076898416,0.1470752089136491,0.072284003,-0.053007367,0.00090441,0.003151637,0.022288841664272585,0.007023283,0.039490441176695645,0.001030155,-0.024942626,-0.037129908,-0.034738974,-0.041105885,0.018148342977380327,-0.015203904,-0.034738952,0.042658645806762374,0.025427286356821677,0.013025369178341517,-0.055221364,-0.035079051,0.043192579,0.053151039,0.3073657927590512,-0.013393552,-0.165233677,-0.000461391,0.008684566,0.006432331,0.015628580157335925,-0.049193092
7/30/2010,0.073496966,0.047159031889477454,0.043654519710857764,0.049296223170498754,0.057880026,0.000986388,0.049918167,0.03286574,0.031156381066506977,0.061748196,-0.006762988,0.002465785,0.012476068,0.065810257,0.003799834,0.046470758,0.023852596,-0.011726027,0.062995331,-0.023184453,0.074684883,0.068729485,0.021768374709551175,0.34260117055944894,0.071487581,0.01919297,0.068780981,0.21855269548324419,0.034942162,0.06983164,0.00081118,0.001356653,0.010327679821320768,-0.00754753,0.009558825,-0.00271307,0.083761366,0.06815844,0.072149172,0.1251201345506967,0.033755274,0.082703357,0.072149149,0.005969997,-0.05269314,-0.037676609,0.12235927218477771,0.089861751,0.10661356057799187,0.066744845,0.071173924,0.025677453301762743,0.089791964,0.12003545117155046,0.038214678507526356,0.036539703,0.37740762,0.051521941
8/31/2010,-0.013487476,-0.017028734,-0.041671427,-0.02306525,-0.041652778,0.029661016949152463,-0.123538581,-0.03532815,0.094325005,0.031722054380664666,0.046322088,0.000577206,0.010787534115594744,-0.030027413,0.04201824,-0.026586949,0.026896145540213245,-0.060212908,0.002455176,-0.021640489,-0.008297872,-0.049689751,-0.041053262,0.002492187,-0.051414181,-0.077595009,-0.073896282,0.009166999,0.022970785477530287,-0.045518057,0.000297534,0.001355006,0.021754012916515908,0.021852137,0.059906791050360564,0.005253283,-0.045937134,-0.014536744,-0.039455441,-0.000177958,-0.099125364,0.079939177,-0.039454988,0.00043572,0.056056303247314476,0.076361377,0.01136957,-0.012215175,0.017912446639323676,-0.22775976,-0.025377392,-0.033807008,0.048893464,0.004978569,0.028278021091909578,-0.094232686,-0.011390159,-0.04903423
9/30/2010,0.092708333,0.043494349,0.05448097,0.025100963031997603,0.064314587,0.001435544,0.028901734104046284,0.038897514,0.1824778761061947,0.047584187,-0.011831986,0.000552617,0.004545159,0.077015383,-0.007504353,0.099260954,0.007774662,0.11787610619469024,0.025772385125266695,0.098109169,0.066938425,0.1129314082268087,0.057114328507239076,0.024876105,0.131142844,0.07416062,0.12526315789473674,0.24210110584518163,0.035038806,0.089180006,0.000205135,0.001568628,0.003358204,-0.006594442,-0.00971997,-0.00466592,0.049681888,0.011918457218490497,0.078507425,0.13828026271292027,0.10060101710587133,0.12861884168330917,0.078507161,-0.029997535,0.047410265,0.12294312933025409,0.083526954,0.1258026159334127,0.039634898,-0.028535313,0.23574608207817538,0.085908463,0.1080381836024622,0.095780978,0.00199122,0.098741663,-0.017133666,0.029899177
10/29/2010,0.016325071496663623,0.010218883981818916,0.062378112546281894,0.019516334,0.033328551,-0.000573394,-0.00605013,0.008239509,0.2290076335877862,-0.039832285,-0.015765316,0.000350992,0.005881963,0.018630477,-0.007721045,0.031903617,0.035664601,0.003694321,0.11145185314991668,0.1322287199480181,0.023778403,0.034245039,0.021866439973552643,0.077320565,0.063389492,-0.022899015,0.041060748,0.24038155802861683,-0.004295282,0.037829141,0.000205092,0.002278066,0.001859435,-0.007302039,-0.020799276,-0.00159385,0.040281095,0.027107310722515265,0.031987416,0.12928446334751076,0.018818785180206632,0.17398444362405008,0.031987132567766086,-0.012544117,0.036669085226321396,0.12571098042996232,0.022461445156818582,0.093367131,0.1003717472118959,-0.06075346,0.076042438,0.029239194210835207,0.14915458937198078,0.10619601502971521,-0.007787923,0.009825396,0.064170278,-0.115854619
11/30/2010,-0.015711103,-0.011615291,0.011626050867298066,-0.027762915,-0.053099052,-0.021132148,-0.008695652,-0.004801787,-0.021434661,-0.018195051,-0.01297648,-0.001681641,-0.008169551,-0.063290837,-0.009289365,0.00134787,-0.037794603,-0.053843727,-0.023492314,-0.117934003,-0.020574515,0.029481589700276256,-0.005592272,-0.042031536,-0.00235293,0.083899695,0.034608106,-0.054088695,-0.018059516,-8.51E-05,-0.00020505,-0.002130992,-0.01029323,0.001623997,-0.016689808,0.003944032,-0.065821556,-0.021268239,-0.006326013,0.08720576,0.070586295,-0.089763609,-0.006325687,0.077528533,0.019435770431786237,0.14535696954126354,0.022243406418811507,0.027241112828439107,0.003018976,-0.004363137,-0.082683665,-0.023847981,-0.057383079,0.005670208,0.035865908827282356,0.027268220128904064,-0.092891486,0.043746447
12/31/2010,0.069684336,0.030493317,0.031058514135437143,0.001467531,0.053877265,0.000781479,0.081140351,0.032662804,0.23410080896079655,-0.021497405,-0.017358258,0.002111925,-0.017795448,0.027910004,-0.011825901,0.000866904,0.029824227425597982,0.13059908858508384,0.1953459271817226,0.22283669486011703,0.069838564,0.065201725,0.011317159323294357,0.1594867515445686,0.047476574,0.029729729729729648,0.080046846,0.16612466124661251,0.073938943,0.066563307,0.000810115,-0.002136752,-0.029585796,-0.007439199,-0.040510729,0,0.053494153,0.044676840761233017,0.052851518,0.14266792327873867,0.11476546252792086,0.1562507445617214,0.052852034,0.022653150014557033,0.025455505677317136,0.096602946,0.16244948709978257,0.1337220236975738,0.085710191,0.044323221,0.1256811478278257,0.063899163,0.00773033,0.1192238340016687,0.018566214,0.080055502,0.15025356334718176,0.052456164595137356
1/31/2011,-0.021603563,-0.000845904,0.025978167,0.028208572475271643,0.051138362,-0.010541728,0.10466531440162274,-0.006568939,0.16327148043565942,0.24924242424242427,-0.015992474,0.000201163,0.005906558,0.024240806495667178,-0.018077502,0.012428881361935762,-0.010721548,0.030574125049154466,0.017880358620223857,-0.031125299,-0.010169174,0.019661108682528683,0.018290861462809227,0.11146179292312364,0.028879791589132786,0,-0.002680443,0.057401813,-0.010261388,0.023462152,-0.000409853,0.001284797,0.002983917,-0.018833477,-0.012282424,-0.009073052,0.062280471,0.024793677030346073,0.028403281873019326,0.020920641997324907,0.02597941,0.048486472,0.028402282589086614,0.038244269,-0.062265025,-0.089479306,0.002584947,-0.008294625,0.017161716171617103,0.003405575,0.005107252,0.012762453684644015,0.085377098,0.007129632,0.005262386,-0.005920795,0.058545024416162716,0.085826832
2/28/2011,0.025381288,0.021149836163240954,0.026178076,0.015439429928741033,0.025450307190575838,0.002564861,0.095115681,0.031669799,0.15379280450801924,0.055791389,0.006054812,0.000475955,-0.004258868,0.008254696,0.005610317,8.582531978129637e-05,0.003114295,0.053419823,0.10018909862986436,-0.068094454,0.024074424770381686,0.046372758,0.005483471,-0.050483568,0.03103071,0.038110236,0.054730258,-0.053626374,0.015411558669001568,0.034079001,0,-0.000564753,-0.003571643,0.004994614,0.010740567,9.439305267133768e-05,0.016845623015452338,0.023063642249457672,0.031587441,-0.026987783,0.091184592,0.092252663,0.031587946852700055,0.01621182,0.056513620386643204,0.20101342918476361,0.00538772,-0.020408163,-0.058792992,-0.094374744,-0.054833864,0.004607046,-0.103567788,-0.043238984,-0.010083262,0.014272068326122378,-0.066287217,-0.055320027
3/31/2011,0.021312021312021256,0.002210895,-0.032923506,-0.012163743,-0.02998175,-0.002066319,-0.201207243,0.003209515,0.047035840408745866,-0.092475589,-0.012670257,5.051988115201134e-05,-0.001269362,0.029081685,0.004198482,0.009732412,-0.01651661,-0.067825772,-0.027786992,-0.016205068,-0.007651233,0.024192762,0.020422819695677497,-0.018331519,-0.005196662,-0.078175566,0.025979892512972613,-0.079424059,0.013314936184891435,-0.000201002,0.000512526,-0.00078735,-0.000131252,-0.011011499,-0.001298424,-0.004058518,-0.031926724,-0.041279234,0.008412689,-0.039640954,0.072455718,-0.051640996,0.008413018,0.043981931,0.020273431408223797,0.12029512626000205,-0.042039546,0.025273224043715903,0.024269167,0.06767793,-0.036089944,-0.016500315,-0.015844136,0.033339572,0.079263487,0.087640574,-0.065790105,0.043145966
4/29/2011,0.062275839582653925,-0.011719468,0.064669264,0.040433341,0.033100343386030184,0.013409583908499334,0.12762384550797656,0.024844601,-0.130821672,-0.017721519,0.014223077745695534,0.000652515,0.014382223702882557,0.045059200803752475,0.01698502,0.00599158,0.024117684197234812,0.045463377,0.12330381650977773,-0.218927823,0.025227113906359122,0.026840651490618095,0.0364872,0.016373068882883812,0.027604630454140633,0.023148656061437123,0.026371939172941783,-0.121342079,0.060729847,0.029301881418686948,0.001915866,0.004584528,0.017721184101818332,0.006700168,0.018200769901726144,0.001326763,0.037195063,0.031759726,0.041135714,0.031580054,0.098405939,0.080617008,0.041135477,-0.053631947,0.080908952,0.28219208578372257,-0.033988738,-0.014323784,-0.032848681,0.05534094,-0.060623697,0.046125714285714325,0.044061007548913844,-0.018112223,-0.063035274,0.062089339377578545,0.005456432,-0.083271375
5/31/2011,-0.024452629,-0.020182605,-0.028023529,-0.015021337,-0.005112774,0.016540182914964063,-0.102382725,-0.023098629,0.004128137,0.096649485,0.018346689,0.000175644,0.015560779466936792,-0.029757813,0.018387304191095133,0.008784245,-0.004623636,0.081769188,-0.117555292,-0.077453988,-0.011178515,-0.013709558,-0.003458739,0.081223781,-0.012075948,-0.026163414,-0.018632789,0.041630778064886576,0.012002567394094887,-0.011621472,0.000204514,0.003857447,0.023566617,0.012528139375550529,0.030730742327792715,0.004258944,-0.028419991,0.002284104,-0.015521748,-0.016354267,-0.067690051,-0.011895356,-0.015521745,-0.082944897,-0.013339618,-0.211809474,-0.000363122,-0.001520784,-0.022828508,-0.021780637,0.095048789,-0.01686768,0.008705917,-0.012912429,-0.075243991,-0.103635143,-0.023713813,-0.049976771
6/30/2011,0.010697430519140072,-0.020756538,0.006197197,-0.022991162,-0.002909371,-0.002105666,0.053090004,0.00632383,-0.117826015,0.024676850763807323,0.00465935,-0.000150375,0.000459019,0.010542264109639543,0.000582911,-0.047861175,0.012634708286882068,0.059268167,-0.008933181,0.005818786,-0.004457618,-0.020605662,-0.00864492,-0.209057799,-0.019766124,0.013433164501211126,-0.022449872,0.18963616317530296,0.015348512716433227,-0.01697846,0.000194248,0.00071286,-0.002293865,0.003576607,-0.014518174,0.001979078,-0.00447828,-0.028813797,-0.011373437,-0.026056119,-0.021466704,-0.126631425,-0.011372846,0.11015261888110706,-0.022119243,-0.091014227,0.020514291176751742,-0.059908614,-0.058547009,-0.070109898,-0.122112211,-0.06067206,-0.082979813,-0.05558947,0.052193843,-0.076132898,-0.249545504,0.028022743
7/29/2011,0.028639618,-0.048677642,-0.035246,0.023177437,-0.077862496,0.028390562,-0.056321386,0.009459511,-0.141858514,0.1295871559633026,0.040605998,-0.000301847,0.018876583870596653,-0.009662689,0.041115357,-0.002556966,0.044159021,0.067628933,-0.098093073,-0.040495868,-0.019987537,-0.035644667,0.000880622,0.044962934,0.016483492143651413,0.001086484,-0.036219588,0.1318350324374422,0.065088388,-0.020597055,0.000102216,0.002635708,0.027461994920463972,0.025621268,0.04140208,0.008182844,-0.072128164,-0.026566887,-0.02081751,0.088144891,0.043186125,0.027008606132123525,-0.020818553,-0.007423862,0.084029508,0.15140254861966596,0.045992731,0.005940594,0.054622484490845835,-0.046899336,0.013211600429645642,0.034306535,0.08558325,0.038612228744805854,0.017635258540674936,-0.002258513,0.094831354,0.10435932372836265
8/31/2011,-0.024210633,-0.02010733,-0.193840399,-0.01126842,-0.114393554,0.025834732326058596,0.034223706,-0.023720008,0.039752362,-0.087817259,0.028523323759532593,0.000126246,0.016991518,0.002020469,0.021208563601828656,-0.080053854,0.005974695,-0.180236974,0.1856337732348512,-0.027562446,-0.068886743,-0.071464845,-0.046224168,0.1696500621004695,-0.050230539,-0.087584111,-0.087117382,-0.004503582,-0.019881532,-0.054871843,-0.000603013,0.002984139,0.034041958281712636,0.016904583020285413,0.071339535,0.008209721,-0.131323204,-0.106336731,-0.040122597,-0.047357785,-0.005339939,0.1306001565022732,-0.040122438,-0.040412384,0.12289873360674197,0.040586523,-0.065839199,0.04670723,0.080774749,-0.024435233,0.047757871,0.039710861,0.093640939,0.073858152,-0.028127574,-0.075976551,0.1297921948857772,-0.074676771
9/30/2011,-0.089114029,-0.06982669,-0.052170013,-0.037931034,-0.081754062,0.026184198563505845,-0.162227603,-0.061626141,-0.053170375,-0.104062326,0.029561868,-0.000250356,-0.000510008,-0.066449133,0.02783178,-0.149328475,-0.006754396,-0.055406282,-0.205890168,-0.157218778,-0.050232699,-0.106091153,-0.109686129,-0.057316663,-0.045265583,-0.019269656,-0.112241972,-0.117622867,-0.112494016,-0.070888871,0.000807911,-0.001346367,0.00823444,0.013021795345400822,0.048472327,0.002590913,-0.061695745,-0.034568916,-0.059742156,-0.222523807,-0.105933141,-0.228014228,-0.059741981,0.058573341,-0.114304062,-0.279766721,-0.250321146,-0.149940161,-0.204234701,-0.121763949,-0.119492083,-0.181290152,-0.111185757,-0.191077152,0.075638775,-0.109924623,-0.230259151,0.094952189
10/31/2011,0.09567586,0.071006689,0.12091839232388502,0.033169309,0.087075301,-0.011960663,0.033718689788053924,0.051154877,0.020962047661076788,0.10745341614906812,-0.005985784,0.000250419,0.001020536,0.037641687,-0.012692242,0.13834215076406986,-0.012779927,0.1738106915154487,-0.008532709,0.062007356805044545,0.087989348,0.13763691111724263,0.050972959,0.018493769648834757,0.10376746399065695,0.032868405,0.1524448424173921,0.019109764623630898,0.036070658,0.10949871928474741,-0.000102185,0.000354782,-0.00792698,0.005743459,-0.025197235,0.00184587,0.097763418,0.091727248,0.097407615,0.059554369,0.051194750526185606,0.091992374,0.097408396,-0.017527339,0.063440276,0.14198455417739297,0.1522723204010128,0.019106999195494856,0.024355659,0.013989849377865182,0.019821890261419117,0.055143502096098196,0.040513983371126105,0.025251491402503268,-0.033020926,0.1741707833450954,0.031186513517737158,-0.003703624
11/30/2011,-0.027760514,-0.039681987,0.00212546,-0.026636091,-0.025515893,0.025466284074605383,-0.153308481,-0.024779039,-0.072833369,0.048233315,-0.017124577,0.000556464,0.002987956,-0.034769871,0.006944636,-0.085520268,0.00611639,0.039859613938330485,0.028649641879476384,-0.092033647,-0.008199931,-0.003385005,-0.029552504,-0.058085479,-0.025890221,-0.060239549,-0.003515565,-0.080722616,-0.043990369,-0.002642205,0,0.000567342,0.007216453,-0.004622915,0.017952099,0.003684938,-0.007210014,-0.002590657,0.01151576,-0.062561433,-0.017725693,-0.07154289,0.011514775488971507,0.008532055,0.012698142151013947,-0.04729799,-0.020441682,-0.037300178,-0.081019461,-0.13222033,-0.06084507,-0.029136104,-0.122693593,-0.070651321,0.031936491,0.078014184,-0.050763897,0.006957453
12/30/2011,0.003302791,-0.019003279,-0.035228148,-0.011719222,0.005393895,0.013728576425323658,-0.085305449,0.00417442,0.00979021,0.008025682,0.039632395175186685,-0.000453124,0.005032489,-0.035260506,0.030396196730908098,0.020432660817141013,0.006551378,-0.025474124,-0.042433743,0.13242506811989108,0.014906587033243657,-0.003999619,-0.015932405,0.031570079,-0.007330723,0.006497563,0.007848451,-0.01641791,-0.027635968,0.009927917,-0.000500756,0.00021259,0.013771445,0.019943538839814146,0.024314695,0.003579624,-0.013327793,0.036010364327548006,0.015291989881449641,0.071078359,0.033513189,0.063321319,0.015292543099561406,0.0022266,-0.104813599,-0.149046011,-0.039017537,0.051660517,0.058036505,-0.170497995,-0.032813437,-0.104249738,-0.015359775,0.058896647,-0.017395535,-0.017116414,0.063107741,-0.079443515
1/31/2012,0.038334926,0.051503176,0.099485033,0.016075794621026818,0.04408929,0.005520573,0.086642599,0.014454572773715313,0.015812557710064734,-0.064225053,0.005985267,0.001913238,0.006401719,0.009100694,0.002565465,0.10414396128672188,0.009557875,0.24268161952667588,-0.052004416,-0.049566891,0.019599737,0.065653185,0.071459146,-0.025600792,0.083426395,0.040223463687150796,0.070923065,0.014415781487101764,0.019320966048302468,0.044393317,0.001206507,0.000921002,0.008579597,0.004017857,0.004315966,0.000457289,0.05562784,0.023385443,0.035144453,0.046038027217450095,0.085329776,-0.011600611,0.035143969,0.042927887,0.10890716803760281,0.1915571284125379,0.10301329812317261,-0.02962963,0.019847584,-0.175844511,-0.037151895,0.13038130381303814,-0.058192827,-0.00723157,0.029730680081233807,-0.005502297,0.020301852790448827,0.043949442147148465
2/29/2012,0.016874616,0.014681863683461804,0.055725222,0.010768212717319425,0.044649654,-0.00480398,0.011627906976744207,0.014860822,-0.036359505,-0.058990357,-0.000457666,0.000301292,-0.00554176,0.019331019248974624,-0.006257796,0.066344867,-0.061915549,-0.105640345,-0.064013493,0.070886076,0.036943404,0.040653567405369406,0.018964585340634166,-0.015720489,0.064421474,0.10395035207065284,0.023757076197920446,0.095986038,0.017718563285488598,0.042956918,-0.000296157,-0.001557253,-0.007679054,-0.000889284,-0.016086773,0,0.033344647,0.028666397,0.02862363,0.029512562,0.073490112,0.023228569,0.028623371548234466,0.010931028013104527,-0.016700576,0.039352539,0.021483081,0.063077541,0.096896042,0.045152071851398246,0.084321051,0.065806518,0.015223894,0.095731636,0.009136271,0.083276295,-0.00290695,0.006188202
3/30/2012,-0.033893191,0.010125136299911741,0.016448733914487423,0.005058922,-0.004587555,-0.010257736,-0.049261084,-0.00800755,0.03407617,0.028933092,-0.000824176,-0.000201501,-0.005137636,-0.000532465,-0.004520754,-0.054625379,-0.020679834,-0.114408666,-0.102329772,-0.052009456,-0.012374074,0.013363476994702417,0.001983395,0.032680703,0.050920919,0.054810811,0.026768775160797675,-0.011828935,0.000337405,0.032866892,-0.000602705,-0.000425682,-0.011215846,-0.000267023,-0.027575499,-0.000365664,-0.009732458,-0.004225507,0.021333646705345988,-0.076653223,0.016629325367189418,-0.021275267,0.023096147366056252,-0.079184655,-0.024441762,-0.062294614,-0.01404177,0.011526832955404354,0.10143734091929923,-0.224014687,0.085070992,-0.031406485,0.021108179,0.062881351,-0.07931356,-0.042017692,-0.010849809,-0.076423706
4/30/2012,0.009577347,0.011959837,-0.02603502,0.015041156,-0.062275648,0.006270685,-0.0109384,0.010681183,-0.019042189,-0.040421793,0.022179451929245753,-4.93E-05,0.010264582512583553,-0.007272637,0.009606176,0.030441212,0.037933869,-0.128267426,-0.028438964,0.092269327,-0.002538426,-0.002722529,-0.014523777,-0.068305479,-0.011451119,-0.070206006,-0.015469028,-0.130294659,-0.005261738,-0.006839818,-0.000511075,0.001845411,0.021600098209473728,0.011039886039886149,0.037205024,0.002834934,-0.059678564,-0.013664914,0.000988893,0.0431931,-0.03555512,0.000382857,0.000989689,0.004694588,-0.004595466,-0.047278031,-0.001124907,-0.008780123,0.10976687283354858,0.023893419,0.00569395,-0.043919088,0.008139535,0.071206538,-0.017221722,0.012531603825437054,-0.020986261,-0.049500571
5/31/2012,-0.061765312,-0.073687775,-0.07645841,-0.050405461,-0.042148126,0.028388437,-0.061117579,-0.043486278,-0.19969778,0.11050061050061055,0.036044113691383384,0,0.005560274,-0.066001885,0.052416593,-0.106987841,0.018395565572272732,-0.210091302,-0.105254096,-0.003196347,-0.074618851,-0.065481156,-0.086721943,-0.039249028,-0.071802813,-0.104497354,-0.066018195,-0.080465855,-0.065983996,-0.060562809,0.000204535,0.000284051,0.020145277249525417,0.013296935540683341,0.052113141,0.002188583,-0.066987215,-0.05457531,-0.058684689,-0.103252562,-0.108464937,-0.124561478,-0.058684725,0.009814421,-0.061481777,-0.105074368,-0.121159322,-0.106294761,-0.094132778,0.028629019,-0.187435353,-0.098173037,-0.059848776,-0.109930613,0.028933630479912154,-0.177668006,-0.016424835,0.042238148
6/29/2012,0.053742169,0.006233092,0.025737432783303316,0.017755115,0.066369981,0.001514896,0.10725356478611281,0.016233272120369735,0.10268700072621662,0.058823529,-0.02838598,0.000753718,-0.001761446,0.023443972,-0.01235461,0.050757765,-0.019139901,0.15792675507969345,0.050391753,-0.027027027,0.052705942,0.009260762,0.075315841,0.2297369833601719,0.03641105,0.076809453,0.050553812977847556,0.113126079,0.023233863355841322,0.041353602,0.002014253,-0.000992485,-0.004199727,-0.012774833,-0.011688532,-0.002911738,0.078866906,0.061298937,0.040437327,-0.047802564,-0.009910577,0.20649916817447678,0.042892146,-0.034117478,0.025588875224671348,-0.007480214,0.036266924564796854,0.060944749,0.099722804,0.1441794516401409,0.22678547501004975,0.021015252066596934,0.001181389,0.11782878477152026,0.013032674405667022,-0.021519572,0.14726992706244735,0.095901087
7/31/2012,0.029411765,0.041908118,0.049809807040597676,0.000241458,0.031067472087478842,0.003529412,0.037513998,0.014875753,0.000263435,-0.018691589,0.025741516,0.00095455,0.006554071,-0.028024937,0.023255963,0.015683209,0.021647661,-0.097299569,0.021670854271356843,0.034369115,0.015027322404371768,-0.000954764,0.005374938,0.12936638078497542,0.010248095331119256,-0.05647005,-0.013575611,0.077579519,-0.028808628,0.013417842621382459,0.001918367,0.001915984,0.009606378,0.016109155,0.020696906,0.004471619,0.021602813160871426,0.040525322,0.011008644664708855,0.010258405977584095,0.1075188402462175,0.283209534,0.011008835163210051,-0.084681834,0.003551169,0.010931913470689558,-0.022608493,0.004571656,0.2406860936923645,0.14040852699146478,0.1249522145158648,-0.024459775,0.077652719,0.15427314744034537,-0.009130715,0.031707482,0.17299460499987318,-0.003155743
8/31/2012,-0.014994934,0.019161029,0.029896173711394525,0.012854556427278396,0.036524910814692335,-0.005945403,0.095520777,0.018268029472814362,0.082960232,0.032804232804232836,-0.003907607,0.000300763,0.001891383,0.021848050936249086,0.000642865,-0.012943874,-0.003103736,0.27645210103596796,-0.072625269,0.025489303595812585,0.016504923142310668,0.034303764,0.013034324509734407,-0.021304044,0.051018474,0.033074872788950715,0.033767646,-0.126469882,0.021772484839628792,0.022192852,-0.000499043,-7.08E-05,0.001111335,-0.001039591,-0.002972201,-0.000363405,0.048339732,0.016223682,0.010039289633388293,0.062805282,0.14710159983378346,-0.017240297,0.010039847370918675,0.043101898585394816,0.045220588,0.1231235051651316,0.00921439,0.068460625,0.077795947,-0.141972822,0.054905578,0.084979544,-0.038281744,0.070382785,0.013064843894328382,0.092199045,-0.02194583,-0.076274839
9/28/2012,0.007508743,0.016474211,0.041041386809953284,0.016266460108443015,-0.012088631,0.004717378,-0.035960591,0.002560139,-0.085603113,0.052254098,-0.005579287,0.000352007,-0.000250667,0.021295475,-0.00272912,0.079311036,0.004310861,-0.04878716,0.053120079555813327,-0.014203285,0.007595819,0.009998444,0.026830749112647156,0.010806512725002326,0.010016006476183392,0.007388296,0.033739735,-0.003021978,0.014801573114050726,0.025620699739868025,-0.000509481,-0.000212514,-0.001752743,-0.003729078,-0.013415861,-0.001545033,0.015423825,0.005153295,0.027021255115750042,0.018108010148604636,0.022459699329831606,-0.05439207,0.028647233,-0.018728292,0.051134365107280866,0.099703224,0.087068619,-0.077407407,-0.087168406,0.1271291355389541,-0.067924528,0.083225598,0.012436503765983487,-0.088532892,-0.030541311,-0.047715979,0.014615407259132907,0.027690624446911505
10/31/2012,0.003573252,0.027365445,0.002900225,-0.000527674,0.021840707,-0.001593024,-0.050587634,-0.015870874,-0.008244681,0.004868549,0.001665644,5.0269044113315786e-05,-0.003071529,0.008166811,-0.012269228,0.038274111,-0.022654108,-0.062122519,-0.108645473,0.14272850067537157,0.008921779,-0.008512769,-0.014895504,-0.017211159,-0.054264865,0.007334109,-0.021818021,-0.047120419,0.008948703,-0.019105078,-9.18E-05,-0.000921067,-0.003394594,0.002350279,-0.000418408,0.00018205,0.017936890185304533,0.00318981,-0.024335248,-0.048373775,-0.059521701,-0.000658345,-0.024335595,0.007963929,-0.03086962,-0.065386675,-0.063993211,-0.047571257,-0.009619743,0.010162986529308471,0.049916065962279044,-0.055298623,-0.042344291,-0.034044864,0.009826494,-0.0685276,-0.042104881,0.061357089
11/30/2012,0.00671414,0.002670205,0.020929064,-0.006452748,0.039672508593831646,0.007138058,0.04467169,0.007813724,0.060337892,-0.043604651,0.008839489,2.513325863162663e-05,0.005160801,0.002540631,0.008178552,0.016055251,-0.032145907,0.15721148931820506,-0.061562003,0.026792750197005555,0.019011059,0.021775447,0.014797543746248643,-0.017399759,0.013351721162439434,0.056512192303247444,0.005519613,-0.006072874,0.003910888,0.005400981,0,0.000780195,0.008362202,0.005471125,0.014105829,0.000819075,0.033242443,0.017075585873033372,-0.001688752,0.1259670492465621,0.054106235,-0.009645189,-0.001688115,-0.016659798,-0.005093012,0.027045494621759758,0.034567729037357386,-0.014330875,-0.088334011,-0.063651361,-0.049517987,0.017529083539506107,0.008581365,-0.071030099,0.004247012,0.025242981,-0.018002499,0.053052765116313516
12/31/2012,-0.001212611,0.027725587,0.026081112,0.013756863671252173,0.025908862131712507,-0.008588343,-0.105100464,-0.000903562,0.016691957511381084,-0.039007092,0.005899193,0.000200014,-0.002442996,0.014982298856429876,-0.003602629,0.029294829,-0.049347703,-0.058563731,-0.045155221,0.099386032,0.002556283,0.020931161,0.003526013,-0.076063484,-0.005705966,0.10074381973309987,0.035804274,0.008728542,0.013147826086956416,0.008415574,0.000193719,7.087216210344138e-05,-0.006430488,0.004232164,-0.017076216,0.000363736,0.016661561,0.002244651,0.00655838,0.022021396770549373,0.008041099,-0.072403824,0.00655833,0.039659796,-0.021560887,-0.091705119,0.000696567,-0.009193928,-0.030233726,-0.070047116,-0.082475757,-0.04128298,-0.025166808,-0.019295673,0.014571678710807001,0.026267281105990747,-0.09901494,-0.013804938
1/31/2013,0.0072845,0.049615286786214075,0.020809451397824308,-0.023820617,0.024428074359767793,-0.013540791,-0.013816926,-0.002188014,0.10385572139303467,-0.069583553,-0.025528245,-5.03E-05,-0.005463107,0.028010413726043737,-0.021443484,0.047918144978584154,-0.052373376,0.019984987802589504,0.021904762,-0.059685864,0.070454037,0.071803657,0.018860225778664308,-0.000573964,0.026269608536571454,0.069462387,0.063192989,-0.037496395,0.004669047,0.051543436,0,-0.000212611,-0.011296778,-0.016857315,-0.027330521,-0.005181347,0.032121465,0.029838261,0.059108216981561545,0.060206497,0.094128074,0.060504371650010436,0.059107838,-0.032126118,-0.009532677,0.037191059,0.021758168,0.063659905,0.016681047,-0.003860893,0.035966568,0.086229225,0.021774082410767726,0.041854559,-0.030384801,0.056642504329976306,0.001925603,0.017669952558166058
2/28/2013,-0.018481318,0.04954184,-0.004950211,-0.042956864,-0.002409239,0.012788814050643804,-0.029772329,-0.031157415,0.006197183,0.018130311614730887,0.023099389326489028,0.000100515,0.005694567,-0.037779948,0.011640611054117844,-0.031861382,-0.014131804,0.063195658,-0.046791143,0.078322197,0.015733389051399982,0.009625074,0,-0.085871773,0.004768504,0.036052778293997445,0.011215296929582674,-0.008690441,-0.029250957,0.013396957520091846,0.000305814,0.000709129,0.011005276852526835,0.015396728195258502,0.012727417648484396,0.005025585,-0.02741852,0.005334647,0.017467115348064333,-0.017490065,-0.03612945,-0.042687473,0.017466982,-0.050482886,-0.050494651,-0.09506561,-0.053841421,-0.077500507,0.025289957567185217,0.022938159183908624,0.070580887,-0.054843517,-0.001483613,0.000535338,-0.022211161,-0.061194755,-0.086865719,-0.09345253
3/29/2013,0.021182971756037672,-0.024922073,0.010951552909473916,6.234025310147828e-05,0.004885506,0.007828942,0.016847172081829065,0.014143304060918682,0.037178051511758126,0.018363939899833204,0.014965397923875523,-0.000201011,0.00056711,-0.019121126,0.017911069678844482,-0.030111176,-0.015114959,0.057449386,-0.042244024,0.013769363166953541,0.008989365,0.046625481828193927,0.035420282116317425,-0.026820122,0.028230531,0.086457399,0.046131313131313245,-0.039600967,-0.013306111,0.035871328,-0.000805063,-7.09E-05,0.003325807,0.006203153,0.004781526,0.001181926,0.000969033,0.025629932,0.036986247,0.045876713,0.005925117,-0.011727311,0.036986563,-0.014308131,0.009994814,-0.003826499,-0.041018256,0.020233120738948784,-0.071129014,0.14340244520818102,0.050369506,-0.008199306,-0.02665466,-0.03270645,-0.004211468,0.050827729,-0.037440834,-0.018514099
4/30/2013,-0.002705682,0.040462342198345214,0.011983414589693542,0.023812492,0.036387823,0.012696291346474986,0.080473373,0.009472609,-0.034225869,0.03442623,0.007755902,0.000551843,0.00472322,0.026748306,0.010354956981398322,0.018881633,-0.035305137,0.04213713,-0.031329203,-0.116808149,0.005117227,0.00582031,0.020821694099445454,0.078664697,0.024545474,0.11631170546475156,-0.004007068,0.001573812,0.020763467713164507,0.018879919066530748,0.000203978,0.00077964,0.010417901688056785,0.000171248,0.027038750503823428,-0.00081729,0.04093358,0.015394154388782333,0.019038259,-0.091703369,-0.102305957,-0.037019729,0.019038291,-0.038084143,-0.077486813,-0.147961891,-0.067331912,-0.018322914,0.04966435,0.071892285,0.009211257,-0.04281929,-0.034045703,0.028857583353929073,-0.019899303,-0.042153846,0.059154806,0.016463262
5/31/2013,-0.073854502,-0.045474589,0.046825754164790734,-0.022284462,0.044247693,-0.030270538,-0.074479737,-0.027433872,-0.092677473,-0.086634971,-0.01894452,-0.000149659,-0.013938067,-0.013897897,-0.029050412,-0.007475366,-0.031518411,0.077961843,-0.059597354,-0.126105344,0.029776272286565986,0.022198429109692608,-0.052076536,-0.002430928,0.034808132925537416,-0.012940915,0.040212502,-0.059710874,-0.031874738,0.023112273992821564,-0.000101968,-0.001771017,-0.02396155,-0.005222156,-0.050006089,-0.000727074,0.029588969086755235,0.014425002002082188,0.022134761,0.077084812,-0.012052678,0.018460192,0.022134720717098322,-0.026957595,-0.054546375,-0.08028829,0.032928222706970045,-0.016908213,0.07889524,-0.093388344,-0.044672751,-0.030118481,0.012594579063308187,0.079351643,-0.000711288,-0.018438805,-0.034885055,0.030888537
6/28/2013,-0.041553651,-0.025616189,-0.045344086,0.002179599,-0.051021205,-0.028663775,-0.014201183,-0.012093352,0.080458354,-0.067090804,-0.016896552,0,-0.011168555,0.00254799,-0.033762393,-0.070581602,0.014883936145600352,-0.151784414,-0.067547724,-0.028156621,-0.056176013,-0.019165727,-0.007172518,-0.02801143,-0.024671875,-0.005468984,-0.005163094,0.011029411764705843,0.016534296,-0.014622951,-0.000499694,-0.0006388,-0.020556232,-0.010327022,-0.029904054,-0.002364711,-0.054222427,-0.051486624,-0.013800603,-0.123334635,-0.009938766,-0.075940615,-0.013800699,0.035508997081505234,-0.121541343,-0.126511658,-0.07270716,-0.042215769,0.037612128206473416,-0.110220949,0.011186326755965315,-0.08613997,0.020241191771104283,0.000964412,0.013081199927238663,0.047388402,-0.076940994,0.062815312
7/31/2013,-0.014149875,0.050529922,0.040953786197808206,0.002485553,0.068409433,0.001050788,0.06182473,0.025352055,0.013912646824039143,0.024178549287042772,0.009908804,0.000350651,0.002646184,0.024268598,0.006971459,0.056968110060618304,0.014285714285714235,0.11815215524643663,-0.01496063,0.038026256224535926,0.065237807,0.061832559,0.018273317,-0.043549362,0.062647115,0.000376648,0.069969835,0.002975207,0.021450387101356716,0.050775271,0.000704003,0.001420454,-0.000987649,0.006521739,-0.013112535,0.001093992,0.06469144,0.035507883,0.041082167,0.09936678,0.12093819877253931,-0.088167194,0.04108223,0.026597631037662328,0.072072621,0.008122277,0.019954451794816253,-0.073927239,0.059049545,-0.033650558,-0.070980913,0.066774939,0.015111481945023764,-0.013636989,-0.004824544,0.096925384,0.00988243,-0.01411367
8/30/2013,-0.009530371,0.021560320857171966,-0.022300609,0.016487943965784346,-0.013657158,-0.010059482,0.054833239,-0.02596198,-0.019795299,-0.056900726,-0.016236867,0.000251125,-0.006155834,-0.009819469,-0.02910958,-0.009824372,-0.004195385,-0.049070803,-0.040472885,0.032272133,-0.023685912,-0.037902576,-0.043227096,-0.024216458,-0.003081416,-0.020180723,-0.031449459,-0.037244562,-0.008274807,-0.029278024,-0.00040783,-0.000708031,-0.007239318,-0.00812095,-0.005473776,-0.001092797,-0.016639365,-0.004842639,-0.04133975,-0.005899108,0.007894402,-0.004590666,-0.041340116,0.001476331,0.063306245,0.19552479308576864,0.034821903242955976,0.037270209,0.1601584876837885,0.031519976,0.097715541,0.068392083,-0.001552582,0.12538508603385545,0.010558767463934693,0.032871874,-0.031351032,0.051605160516051685
9/30/2013,0.049733364247623424,0.019936726899618007,0.065528232,0.044819806,0.05453959,0.006538835,0.083601286,0.022885756,0.044520940906483064,-0.005776637,0.015269196822594866,0.000150637,0.011423711380571522,0.023758981,0.008409753,0.062915653,-0.000601866,-0.044011952,-0.022361556,0.073933249,0.007565116,0.051429164206259204,0.020799375559585886,-0.002052212,0.046308153,0.093221642,0.064317547,0.075316672,0.029659234328986095,0.030382902,0.000203998,0.002346421,0.016972588,0.010190749934674725,0.011134799168936338,0.00182332,0.068100127,0.040842802,0.021763849,0.004558825,-0.086874131,-0.08402678,0.021764030478137464,0.031109756,-0.049489605,-0.076765201,0.027844849730285004,-0.07210488,-0.043163395,-0.025897553,-0.062386517,-0.077112792,-0.039378001,-0.05506381,0.010161228973087022,-0.041367899,0.037461701253987956,0.04577814
10/31/2013,0.016454997239094604,0.036942337,0.047881677,-0.007995798,0.03767109,0.013256079360898898,0.013847675568743778,-0.010531163,-0.115017027,0.074887024,0.010171259671390098,0.000350388,0.005292372,0.004809609,0.008520648,0.015235589422808449,-0.001430292,-0.068170299,-0.072969458,0.050354051927615995,0.043396865,0.036914763628636216,0.012211852018441549,0.002056432,0.049861731144941634,-0.011388401,0.024639454,0.009869468,-0.001974804,0.045810275,0.000152968,0.000709371,0.007664726,0.006466632,0.010777889870549728,0.001092001,0.058480591,0.039084931,0.028645467860820784,0.013272148769759351,-0.01028408,-0.030002676,0.028645241,-0.00737728,-0.002530222,0.007332692,-0.00677263,0.005756149,-0.004429345,-0.027495745,0.034410845,0.025476572243007256,-0.012664254,-0.010780365,0.005686534,-0.0570771,-0.016212513,0.029438320482757074
11/29/2013,-0.035962625,-0.016061443,0.042581451,0.019474025,0.000583338,-0.009617051,0.032195122,-0.018564982,0.015640516,0.013213213213213448,-0.00232358,7.528081311636292e-05,0.00090535,-0.000372426,-0.012371054,0.028594800080419036,-0.040407086,0.14132898195993104,0.021722303,-0.008614232,-0.008570338,0.012984256406127548,-0.006509954,-0.043512351,0.035171467,0.093650004,0.039987069,-0.063997478,-0.001705786,0.030326514055300846,5.0981391791937725e-05,0.000922177,-0.005390509,0.000257003,-0.019448486,9.090082719742654e-05,0.008169691,0.011145805620510263,0.03805655,-0.02648435,0.03219794,-0.023759074,0.038056429,0.005158132,-0.055862458,-0.085803689,-0.031200463,-0.027315297,0.096410522,0.089873571,0.058035714,-0.054957146,0.056611052174751375,0.055479026,0.003316217,-0.041493776,-0.007308833,-0.037954077
12/31/2013,-0.017243322,0.00440957,0.01971764,0.012696214219759971,0.00191335,-0.015221765,-0.028355388,0.000639129,0.06673185,0.088915234,-0.018286897,-0.000200734,-0.013309216,0.014872045,-0.022027386,-0.025837326,-0.027024904,-0.008578237,-0.00132582,-0.01284473,0.014786007200477291,0.030021459,0.004182042,-0.102124899,0.029081329878851925,0.036020806,0.020316746769963867,-0.043112159,0.019684232109903554,0.024074792276322476,-5.10E-05,-0.002198742,-0.018569294,-0.012076053,-0.018642429,-0.002272314,0.010782902,-0.000937043,0.030283528,-0.001876197,0.041260382809678475,-0.005894894,0.030283729675017357,0.007401028,-0.038509762,-0.033111151,0.059735605,-0.040117679,-0.016270732,0.065573997,0.068644798,0.002573687,-0.039202264,-0.027108026,0.002794998,0.059842118665647925,-0.094955783,-0.056858578
1/31/2014,-0.018119266,-0.032899311,-0.033181365,-0.007864144,-0.030697519,0.037043617,0.074416342,-0.044071743,0.014092575618698477,0.2612955906369081,0.034531236,0.000250968,0.011000528276796873,-0.022050372,0.035943105,-0.05790861,0.028663706,0.024034609838166965,0.13095633208477553,-0.041331803,-0.035686505,-0.021724796,-0.015812213,-0.049189438,-0.019463221,-0.086732773,-0.02850514,-0.052446322,-0.020711844,-0.035030842,0.000346673,0.001777087,0.021968256343239068,0.018985696,0.041159252,0.003188485,-0.033088045,-0.021428967,-0.052382621,-0.021024578,-0.059178011,0.028434855629481337,-0.052382793,0.013474123796577864,0.031048186785891607,-0.012893129,-0.05874568,-0.038172193,0.021826191429715758,0.18694138432758267,0.14536809034558873,0.001344661,0.008217356,-0.007542183,0.067644847,-0.011893321,-0.081781804,0.019457985910693587
2/28/2014,0.022891847699135548,0.049187954660801836,0.038621022,0.020045951,0.056863684,0.004454343,0.009959258,0.006229052,-0.001807705,0.039274924,0.003737048,0.000150543,0.002286518,0.025064461141777628,-0.000221473,0.039991199,0.005102041,0.025974025974025983,0.41671907097639704,-0.010778443,0.049087117336900965,0.048767021,0.0076937,0.11032346408830551,0.051579014,0.003023639,0.047506091,0.11255572065378883,0.033196440793976656,0.045590771,0.000203855,0.000497134,0.002782098,0.000255232,0.007376711,-0.00063567,0.04086501,0.042030614075675876,0.043314128395835816,0.055524869144375266,0.061517902,0.054016029,0.04331413,0.013429802061656115,0.065947964,0.10924877312193293,0.0065094,0.10283893395133248,0.11224769743288276,0.062200380885668816,0.26365927793016564,0.051699933,0.040375011778008174,0.11082853566958706,0.03240148,0.058844985,0.091272868,0.12710529008492788
3/31/2014,0.040534369,-0.001289958,-0.008458289,-0.005011543,-0.001093728,-0.005116834,-0.000896459,0.002452634,0.073231466,0.14119601328903664,0.005753935,0,-0.007560939,-0.003397889,0.00091378,-0.027621626,-0.013978914,0.056199481,-0.013316367,-0.046408394,-0.026086304,0.002769041,0.018031977,0.13181028583460552,-0.027660544,-0.004727323,-0.006394363,0.006010017,-0.00708844,0.007546762,0.00015286,-0.001421262,-0.008281055,0.001956281,0.001174291,-0.000726942,0.011189833798685545,-0.010167648,0.008243451,0.043857463,-0.017103664,0.083069149,0.008243409,0.022512765761494302,-0.028589186,-0.07010618,-0.050807119,-0.032834253,0.047182776,-0.042349741,-0.137279634,-0.018630296,-0.002218901,0.035360182,0.004781755,-0.00459295,0.15774396113122813,0.1541748371946643
4/30/2014,0.004499067,0.014086781029263307,0.004372905,0.013129598189021152,0.025600696880973883,0.007971884,0.005832212,0.009850638,-0.006749631,0.065138282,0.007908464,0.00015052,0.004203337,0.006969544,0.007303567,-0.004273156,0.010692222,0.028950978268717176,0.14434813903967858,0.000423191,0.03071324,-0.015852453,0.001632293,0.027812659876284895,-0.003625018,-0.033248434,-0.040065514,-0.041818785,0.004470243,0.007128988,5.0945549396663736e-05,0.001423285,0.007464572,0.002801358,0.012901721166245883,0.000363736,0.018398240940420196,0.024696049,0.008428399,0.045547863451897985,0.027029414362688797,0.022866323,0.008428928,0.018834628,0.009422439,-0.030742205,0.005450779,0.03557849,0.050810956,0.09857003,0.025500663017238523,0.004967769,-0.010393029,0.041291232,-0.002180636,-0.008363133,0.023675198,-0.031845497
5/30/2014,0.003058772,0.00622247,0.033171422977596565,-0.00703832,0.02223664,0.012586104260566389,0.030330062444246186,0.010188319932289636,-0.085049904,-0.005466348,0.023622704507512582,0,0.008837926,-0.017013131,0.020763115917510122,0.057124666,0.003918188,-0.007437553,-0.13772408,-0.057106599,0.011564257290713309,0.017514202577248117,0.018366403,-0.080973283,0.045407186,0.029478781,0.008547146,-0.019397298,-0.017137164,0.023219579996301087,0,0.001848344,0.015348602101104225,0.00237027,0.024604179624137412,0.001545314,0.029475878276539413,0.027835479850436107,0.011689101710497196,0.028551532033426197,0.008772684,-0.102599135,0.011689171202082349,0.048475343,-0.038663209,-0.02567588,0.031714193,-0.085759245,0.013161265530933886,-0.058403526,0.029110440635257362,0.017360089448596572,-0.036642972,-0.012891899,0.0041234,0.036875473,-0.130629629,-0.075892736
6/30/2014,0.015138314092790317,-0.019356285,-0.012353477,0.020589558955895537,-0.017009982,0.001007811,0.018614719,0.017406239854214745,-0.046768017,0.026451391274476155,0.009540895,0,-0.002478958,0.00454598,-0.007584204,0.013009631729776094,0.00413707,-0.10123003,-0.029056868,0.072678331,-0.00940051,0.040648746,-0.008390459,-0.047620052,0.029939797168985427,0.032715452,0.054726527,-0.009537266,0.009326215,0.019855397929561258,-0.000662258,-0.000782088,-0.002738704,0.004053712,-0.00204595,0.000453803,-0.004952811,-0.003359672,0.006334437,0.008124577,0.034700315457413256,-0.090880756,0.006334692,0.079801885,0.061016542795492734,0.1246705937064021,0.028401029898586616,0.009179575,-0.100761718,-0.020533197,-0.096588163,0.020187413234613594,-0.036465772,-0.074008199,0.082793219,0.034386044,-0.091730569,0.11150119859099616
7/31/2014,-0.011908593,0.040337219152111636,-0.047766103,-0.012788006,-0.040346439,0.006711972,0.029324266893327566,-0.020834835,-0.144752861,0.044176707,0.007027464,0,-0.005231835,-0.022342307,0.006914494,0.074883242,-0.015858209,-0.041214409,0.11394584442009714,-0.033877039,-0.004250797,-0.043025949,-0.015025624,-0.090105394,0.011520556543571647,0.033018552005893875,-0.061836092,-0.085948645,-0.024840978,-0.014135718,0.000356837,-0.00078269,-0.004493823,0.002102784,0.001594565,0,-0.03842537,-0.012969399,-0.014695314,0.036243931,-0.07181114,-0.147462946,-0.01469537,0.037128512,-0.030843972,-0.030598532,0.00858391,-0.068504832,-0.110962708,-0.139640836,0.096679862,-0.011963486,-0.043132411,-0.10714351,0.043714604,-0.063503254,-0.081819573,-0.104840198
8/29/2014,0.006514658,0.008077753,0.011149278,-0.018704634,0.031678069,0.014667888990749223,0.007018993,0.003385162,0.058932384341636945,0.11121794871794877,0.02278014,0.000100332,0.007580266,-0.01919073,0.025840687,-0.00024266,-0.012085308,0.054552912223133854,0.008121399,0.074025974,0.017824711190997933,0.05066251,0.013262188371784056,0.010430448793395941,0.050777604,-0.01432832,0.050774603020992126,-0.058915334,-0.010711343,0.039795602,0.000448435,0.001497714,0.014567260648755465,0.005959376,0.030102797664866898,0.001270072,0.023525494031159333,0.022572735,0.035831356,0.039959201,-0.016378889,0.003016101,0.035830783,-0.007827445,0.003613896,-0.048590623,-0.027634945,-0.117180348,0.005416304,0.049707457970227464,0.043119146722164325,-0.027659819,-0.023132132,-0.053382642,-0.037499092,-0.014360994,0.045008702,-0.048945859
9/30/2014,-0.061488673,-0.058950229,-0.002628483,-0.021564723,0.009669913,-0.013470226,0.022140221402213944,-0.0290959,-0.078101895,0.011537352177675153,0.000941103,0.000100322,-0.004864901,-0.038803915,-0.003523397,-0.074981971,-0.051331254,-0.035316997,-0.039025478,-0.031841999,-0.025036331,-0.047223958,-0.024363597,-0.152841375,-0.007307999,0.050713675,-0.061414483,-0.092868988,-0.038659078,-0.014030639,0.000458421,-0.000927318,-0.009068324,0.003337505,-0.015614536,0.000906043,0.012544633,0.014176215412799564,-0.002168587,-0.147759547,-0.055595668,-0.120635949,-0.002168186,0.08544897,-0.058891857,-0.124934619,-0.048400542,0.007258901,-0.14769376,-0.002140144,-0.01973315,-0.088526912,0.00634283,-0.108370759,0.055268920041275704,-0.041301921,-0.152174884,0.08618148
10/31/2014,0.008275862,0.044482288828337824,-0.014071375,-0.012677367,-0.04113072,0.011406210973274433,-0.121540313,-0.005395722,0.050160397,0.00998004,0.009167124,5.015574403444134e-05,0.00990949,-0.008314655,0.017324213440883973,0.048959474,-0.023261694,-0.045560842,-0.027673029,-0.029975021,-0.015132075,0.036621931,-0.001007839,0.076382567,0.026145540534511014,0.056466758,0.067845257,-0.024680073,-0.00830265,0.023354057069982392,0.000804415,0.003284307,0.013789647387046022,0.001413721,0.023113482592149293,-9.05E-05,-0.030281584,-0.026763234,0.020394653292043374,0.021481916589745742,-0.109422783,0.17459009206488374,0.020394687574663672,-0.005828496,-0.033016539,-0.055759542,0.013112510265535171,0.075154427,0.30145328719723175,-0.083786045,0.002257911,-0.0501813,-0.048216818,0.14005170467648154,0.015752820243745358,-0.109143277,0.114599013,-0.068765539
11/28/2014,-0.030893753,-0.032622448,0.069913537,-0.023029803,0.038746065,0.016463615,-0.017351598,-0.013540785,-0.0651208,-0.051948052,0.01234472,7.522984284280554e-05,0.006834494,-0.00750285,0.028485558375976217,0.001127348,-0.054275606,0.072068266,-0.02601432,0.011158798283261717,0.034656500249051536,0.017940794718567465,-0.030736465,0.057280792,0.045236266311095674,0.024057833609860246,0.000513056,-0.028116214,-0.004004077,0.027291845159280514,0.000101743,0.001569611,0.011052249,0.00091347,0.021190501,-0.001086366,0.044431116,0.031859151,0.028941230003683094,0.025337104364460128,-0.143953214,-0.001627327,0.028941189764343234,0.010410074097225053,0.002744272,-0.03789112,-0.065173336,-0.075327162,-0.029635932,0.031048630850557535,-0.089161061,-0.019360556,0.00408366,-0.031683168,0.016565116,-0.178441219,0.074119339,0.017941887878509588
12/31/2014,-0.03799553,0.016760153174046888,,-0.002411527,-0.024876047,0.005668934,0.023698884758364347,-0.014221606,0.003118966,-0.097974985,,-0.000300897,-0.004707417,-0.027086227,0.01693113,-0.014839297,-0.010127737,-0.054535424,-0.111216614,0.010611205432937254,-0.02227489,0.008265372,-0.054794837,0.00932399,-0.023221149,-0.002025229,0.028639873868219867,-0.068466731,-0.027629559,-0.003280412,0.000203465,-0.002495549,-0.001967776,,0.013584575696770962,,,,0.000567568,-0.018312922,-0.201378878,0.021219643498026075,0.000567208,-0.05030777,0.007319246,0.002772817,-0.00722606,-0.01035554,-0.02005626,-0.297468907,-0.008987668,-0.002641641,-0.06419346,-0.00038481,-0.03353736,-0.197605292,0.019449823,-0.079622222
