,Open,High,Low,Close,Volume,OpenInterest
1988-01-04,36.66,36.66,36.57,36.59,55,634
1988-01-05,36.36,36.36,35.92,35.92,46,625
1988-01-06,35.67,35.78,35.57,35.73,136,712
1988-01-07,35.79,35.88,35.78,35.87,198,713
1988-01-08,35.75,35.85,35.75,35.85,61,726
1988-01-11,36.03,36.03,35.96,36.01,10,727
1988-01-12,35.9,35.95,35.9,35.95,110,715
1988-01-13,36.18,36.2,35.98,36.01,16,714
1988-01-14,35.99,36.09,35.99,36.09,21,707
1988-01-15,35.76,35.78,35.42,35.59,63,690
1988-01-18,35.83,36.13,35.72,35.93,53,695
1988-01-19,36.05,36.23,36.05,36.21,51,701
1988-01-20,36.24,36.35,36.21,36.35,121,692
1988-01-21,36.3,36.39,36.3,36.39,77,693
1988-01-22,36.33,36.33,36.23,36.31,76,727
1988-01-25,36.42,36.42,36.26,36.28,59,745
1988-01-26,36.31,36.36,36.31,36.36,22,711
1988-01-27,36.25,36.31,36.23,36.31,18,689
1988-01-28,36.31,36.32,36.23,36.23,127,781
1988-01-29,36.17,36.17,35.85,35.85,144,872
1988-02-01,36.01,36.06,36.0,36.04,100,926
1988-02-02,36.13,36.29,36.13,36.29,236,786
1988-02-03,36.14,36.21,36.09,36.09,25,710
1988-02-04,35.99,36.17,35.99,36.12,83,743
1988-02-05,36.18,36.18,36.04,36.07,66,746
1988-02-08,36.09,36.19,36.08,36.14,40,769
1988-02-09,36.07,36.11,36.04,36.08,18,765
1988-02-10,36.13,36.24,36.04,36.04,23,776
1988-02-11,36.24,36.31,36.24,36.29,69,757
1988-02-12,35.99,36.03,35.86,35.92,208,717
1988-02-16,36.26,36.38,36.26,36.34,297,752
1988-02-17,36.36,36.4,36.35,36.39,60,719
1988-02-18,36.46,36.46,36.38,36.4,84,794
1988-02-19,36.5,36.62,36.5,36.62,27,771
1988-02-22,36.62,36.65,36.62,36.64,11,759
1988-02-23,36.67,36.67,36.52,36.53,41,774
1988-02-24,36.54,36.55,36.5,36.51,234,925
1988-02-25,36.51,36.59,36.51,36.55,127,938
1988-02-26,36.59,36.64,36.59,36.64,20,940
1988-02-29,36.64,36.66,36.62,36.66,53,1013
1988-03-01,36.62,36.81,36.62,36.8,60,1048
1988-03-02,36.73,36.82,36.73,36.82,111,1068
1988-03-03,37.0,37.0,36.93,36.93,166,1069
1988-03-04,37.02,37.06,37.02,37.06,30,1070
1988-03-07,37.18,37.28,37.18,37.22,20,1074
1988-03-08,37.26,37.36,37.26,37.36,103,1082
1988-03-09,37.2,37.21,37.15,37.15,64,1095
1988-03-10,37.23,37.24,37.18,37.24,76,1082
1988-03-11,37.33,37.41,37.3,37.38,255,1002
1988-03-14,37.28,37.28,37.23,37.23,62,1001
1988-03-15,37.32,37.33,37.32,37.32,4,574
1988-03-16,37.41,37.54,37.41,37.51,26,577
1988-03-17,37.53,37.54,37.41,37.41,20,587
1988-03-18,37.62,37.7,37.62,37.66,66,635
1988-03-21,37.72,37.77,37.7,37.7,365,876
1988-03-22,37.77,37.91,37.77,37.91,25,873
1988-03-23,37.86,37.91,37.86,37.86,48,912
1988-03-24,37.87,37.96,37.87,37.95,16,917
1988-03-25,37.68,37.75,37.68,37.71,77,925
1988-03-28,37.24,37.41,37.24,37.38,74,912
1988-03-29,37.54,37.54,37.49,37.49,43,911
1988-03-30,37.62,37.75,37.62,37.73,52,876
1988-03-31,37.87,37.96,37.86,37.91,22,876
1988-04-04,37.9,37.91,37.85,37.85,5,876
1988-04-05,37.88,37.89,37.87,37.89,14,867
1988-04-06,37.88,37.88,37.72,37.73,13,859
1988-04-07,37.71,37.72,37.67,37.7,7,853
1988-04-08,37.89,37.93,37.88,37.88,10,845
1988-04-11,38.15,38.17,38.12,38.17,44,874
1988-04-12,38.06,38.06,38.01,38.03,946,1505
1988-04-13,38.09,38.13,38.09,38.12,91,1584
1988-04-14,38.21,38.43,38.21,38.31,54,1620
1988-04-15,38.3,38.35,38.3,38.35,48,1583
1988-04-18,38.38,38.43,38.38,38.38,5,1586
1988-04-19,38.37,38.37,38.31,38.31,211,1389
1988-04-20,38.36,38.55,38.36,38.47,1133,1432
1988-04-21,38.55,38.55,38.47,38.48,23,1423
1988-04-22,38.74,38.8,38.72,38.78,92,1440
1988-04-25,38.8,38.8,38.74,38.74,6,1446
1988-04-26,38.8,38.8,38.69,38.69,178,1304
1988-04-27,38.7,38.7,38.67,38.7,22,1325
1988-04-28,38.88,38.89,38.88,38.88,4,1322
1988-04-29,38.86,38.9,38.86,38.88,42,1309
1988-05-02,38.92,39.04,38.9,39.03,1230,2435
1988-05-03,39.33,39.34,39.23,39.34,2091,2227
1988-05-04,39.29,39.6,39.29,39.55,130,2217
1988-05-05,39.27,39.37,39.24,39.28,298,2446
1988-05-06,39.52,39.52,39.42,39.42,34,2456
1988-05-09,39.54,39.61,39.54,39.6,57,2468
1988-05-10,39.85,39.86,39.73,39.75,70,2481
1988-05-11,39.79,39.79,39.45,39.49,306,2744
1988-05-12,39.34,39.6,39.34,39.55,69,2775
1988-05-13,39.66,39.75,39.66,39.73,84,2739
1988-05-16,39.72,39.72,39.66,39.68,4243,5401
1988-05-17,39.32,39.42,39.07,39.2,266,5567
1988-05-18,39.73,39.73,39.57,39.62,1256,6611
1988-05-19,39.78,39.86,39.78,39.81,52,6601
1988-05-20,40.19,40.26,40.14,40.23,257,6467
1988-05-23,40.42,40.44,40.36,40.41,187,6534
1988-05-24,40.35,40.35,40.22,40.27,386,6384
1988-05-25,40.48,40.61,40.4,40.58,499,6495
1988-05-26,41.06,41.07,40.93,41.0,423,6408
1988-05-27,41.48,41.54,41.43,41.51,558,6457
1988-05-31,41.48,41.53,41.19,41.37,6293,8929
1988-06-01,41.69,41.82,41.64,41.82,497,9049
1988-06-02,41.37,41.38,41.28,41.28,490,9018
1988-06-03,41.52,41.53,41.48,41.5,120,8990
1988-06-06,40.84,40.94,40.79,40.8,255,9128
1988-06-07,40.98,41.31,40.98,41.31,155,9155
1988-06-08,41.65,41.65,41.44,41.44,977,9473
1988-06-09,41.46,41.56,41.41,41.56,168,9461
1988-06-10,41.66,41.7,41.61,41.68,387,9437
1988-06-13,41.65,41.65,41.31,41.38,304,9529
1988-06-14,41.39,41.39,41.07,41.1,1094,4067
1988-06-15,41.41,41.6,41.39,41.54,338,4198
1988-06-16,41.67,41.7,41.58,41.64,1756,4454
1988-06-17,41.87,41.97,41.87,41.95,2605,5259
1988-06-20,42.38,42.39,42.27,42.27,501,5035
1988-06-21,42.51,42.57,42.48,42.54,284,5199
1988-06-22,42.29,42.34,41.92,41.95,666,5264
1988-06-23,42.2,42.41,42.16,42.4,313,5252
1988-06-24,42.55,42.64,42.38,42.48,592,5294
1988-06-27,41.91,42.17,41.89,42.08,775,5174
1988-06-28,41.93,41.95,41.42,41.55,1132,4932
1988-06-29,40.79,40.92,40.34,40.53,476,4984
1988-06-30,40.93,41.2,40.74,41.15,281,4992
1988-07-01,40.88,40.93,40.74,40.78,172,5032
1988-07-05,40.82,40.87,40.54,40.68,240,5070
1988-07-06,41.25,41.26,41.1,41.1,153,5047
1988-07-07,41.57,41.73,41.43,41.57,424,4804
1988-07-08,41.47,41.47,41.13,41.15,179,4785
1988-07-11,41.12,41.13,41.0,41.01,374,4749
1988-07-12,41.03,41.15,40.96,41.08,101,4759
1988-07-13,41.31,41.47,41.22,41.44,82,4762
1988-07-14,41.36,41.44,41.31,41.33,70,4750
1988-07-15,41.23,41.23,40.78,40.8,247,4773
1988-07-18,41.0,41.46,40.99,41.46,315,4865
1988-07-19,41.57,41.78,41.54,41.78,201,4818
1988-07-20,41.88,41.96,41.73,41.91,148,4809
1988-07-21,42.17,42.2,41.99,42.1,213,4907
1988-07-22,42.25,42.25,42.11,42.18,124,4942
1988-07-25,42.07,42.17,41.78,41.84,739,5096
1988-07-26,41.75,42.04,41.7,42.01,522,5243
1988-07-27,41.51,42.15,41.49,42.14,348,5213
1988-07-28,41.91,41.94,41.73,41.86,198,5222
1988-07-29,41.76,41.95,41.64,41.67,640,5314
1988-08-01,41.79,41.96,41.62,41.77,315,5459
1988-08-02,41.73,41.81,41.68,41.78,105,5384
1988-08-03,41.78,41.87,41.78,41.84,137,5396
1988-08-04,41.74,41.87,41.74,41.85,147,5477
1988-08-05,41.82,41.82,41.68,41.68,294,5380
1988-08-08,41.5,41.63,41.47,41.47,114,5377
1988-08-09,41.65,41.65,41.31,41.32,406,5309
1988-08-10,41.5,41.6,41.48,41.49,198,5289
1988-08-11,41.61,41.94,41.61,41.94,330,5273
1988-08-12,41.76,41.79,41.65,41.7,316,5479
1988-08-15,41.76,41.79,41.71,41.75,211,5603
1988-08-16,41.77,41.82,41.67,41.67,35,5599
1988-08-17,41.76,41.8,41.72,41.74,73,5569
1988-08-18,42.01,42.04,41.99,41.99,312,5744
1988-08-19,42.42,42.46,42.38,42.42,621,5833
1988-08-22,42.42,42.57,42.39,42.5,271,5920
1988-08-23,42.44,42.49,42.43,42.43,53,5917
1988-08-24,42.43,42.58,42.41,42.58,301,6101
1988-08-25,42.64,42.65,42.6,42.6,818,6156
1988-08-26,42.31,42.32,42.24,42.26,172,6169
1988-08-29,42.15,42.19,42.02,42.08,561,6334
1988-08-30,41.91,41.98,41.9,41.95,920,6565
1988-08-31,41.94,41.94,41.85,41.88,344,6813
1988-09-01,41.65,41.65,41.36,41.41,1034,6644
1988-09-02,41.45,41.6,41.31,41.57,329,6638
1988-09-06,42.07,42.07,41.94,41.96,504,6748
1988-09-07,41.87,41.87,41.83,41.84,104,6702
1988-09-08,41.91,42.02,41.91,42.0,373,7028
1988-09-09,42.03,42.07,41.97,42.01,689,7192
1988-09-12,41.82,41.82,41.72,41.75,325,7056
1988-09-13,41.65,41.65,41.58,41.58,424,7102
1988-09-14,41.54,41.54,41.34,41.42,493,7149
1988-09-15,41.68,41.79,41.64,41.76,210,7023
1988-09-16,41.78,41.78,41.55,41.58,293,7010
1988-09-19,41.09,41.16,41.05,41.11,259,7025
1988-09-20,41.02,41.1,40.67,40.72,810,2017
1988-09-21,40.61,40.71,40.54,40.62,192,2064
1988-09-22,40.88,41.04,40.86,40.91,223,1772
1988-09-23,40.91,41.08,40.9,40.93,125,1759
1988-09-26,40.78,40.83,40.76,40.83,33,1762
1988-09-27,40.92,41.02,40.91,41.02,91,1777
1988-09-28,40.89,40.97,40.87,40.97,48,1770
1988-09-29,40.91,41.02,40.91,41.02,48,1757
1988-09-30,41.05,41.05,40.95,40.95,47,1733
1988-10-03,41.07,41.08,41.02,41.05,80,1707
1988-10-04,41.15,41.32,41.15,41.3,109,1688
1988-10-05,41.39,41.58,41.37,41.56,206,1763
1988-10-06,41.7,41.82,41.69,41.69,322,1649
1988-10-07,41.84,41.9,41.79,41.82,149,1685
1988-10-10,42.05,42.2,42.05,42.09,253,1661
1988-10-11,42.05,42.08,41.98,41.98,423,1803
1988-10-12,42.16,42.31,42.13,42.24,381,2001
1988-10-13,42.24,42.52,42.24,42.4,353,1887
1988-10-14,42.45,42.67,42.45,42.64,124,1890
1988-10-17,42.37,42.48,42.35,42.35,136,1909
1988-10-18,42.35,42.48,42.34,42.45,250,2053
1988-10-19,42.84,43.05,42.82,42.95,260,1996
1988-10-20,43.09,43.19,42.92,42.93,167,2089
1988-10-21,43.03,43.06,42.88,43.03,49,2096
1988-10-24,42.93,42.93,42.85,42.86,63,2109
1988-10-25,42.82,43.02,42.8,42.98,78,2102
1988-10-26,43.18,43.34,43.18,43.33,172,2162
1988-10-27,43.35,43.35,42.8,42.84,211,2168
1988-10-28,43.01,43.23,42.99,43.2,243,2236
1988-10-31,43.18,43.18,43.01,43.08,309,2231
1988-11-01,43.04,43.13,43.02,43.09,154,2311
1988-11-02,43.18,43.48,43.18,43.46,188,2303
1988-11-03,43.48,43.72,43.46,43.7,317,2309
1988-11-04,43.67,43.67,43.39,43.55,320,2240
1988-11-07,43.6,43.73,43.56,43.72,115,2278
1988-11-08,43.64,43.68,43.59,43.68,169,2226
1988-11-09,44.06,44.3,44.06,44.25,193,2241
1988-11-10,44.38,44.51,44.28,44.37,155,2217
1988-11-11,44.73,44.89,44.72,44.78,104,2215
1988-11-14,44.75,44.79,44.63,44.63,335,2260
1988-11-15,44.89,44.95,44.73,44.91,326,2353
1988-11-16,44.88,45.2,44.83,45.16,501,2397
1988-11-17,45.1,45.31,45.05,45.25,358,2329
1988-11-18,44.89,45.11,44.77,45.09,247,2327
1988-11-21,44.99,45.26,44.97,45.15,61,2353
1988-11-22,45.27,45.73,45.22,45.51,149,2356
1988-11-23,45.57,45.81,45.52,45.64,192,2354
1988-11-25,45.85,46.07,45.85,45.97,227,2390
1988-11-28,46.03,46.13,45.91,46.02,215,2405
1988-11-29,46.1,46.26,46.1,46.18,175,2401
1988-11-30,46.18,46.21,46.1,46.17,373,2490
1988-12-01,46.1,46.1,45.81,45.97,292,2320
1988-12-02,45.88,46.06,45.65,46.06,298,2242
1988-12-05,46.26,46.39,46.2,46.39,139,2255
1988-12-06,46.35,46.58,46.35,46.35,311,2272
1988-12-07,46.05,46.11,45.52,45.62,684,2195
1988-12-08,46.0,46.13,45.88,46.07,169,2224
1988-12-09,45.81,45.88,45.74,45.74,169,2224
1988-12-12,45.3,45.33,45.16,45.25,478,2149
1988-12-13,44.71,44.77,44.3,44.42,468,2231
1988-12-14,44.8,45.22,44.74,45.11,1067,2430
1988-12-15,45.39,45.39,45.05,45.09,1100,2777
1988-12-16,44.71,44.98,44.71,44.82,508,2600
1988-12-19,45.11,45.25,45.04,45.14,508,2600
1988-12-20,44.88,45.04,44.88,44.88,43,1459
1988-12-21,45.06,45.19,44.88,44.93,94,1457
1988-12-22,45.02,45.23,45.01,45.22,104,1530
1988-12-23,45.12,45.25,44.96,45.04,29,1497
1988-12-27,45.44,45.49,45.28,45.28,117,1499
1988-12-28,45.2,45.25,45.1,45.13,108,1503
1988-12-29,45.17,45.3,45.17,45.29,38,1513
1988-12-30,45.22,45.22,45.13,45.2,59,1495
1989-01-03,45.88,46.04,45.83,45.97,229,1523
1989-01-04,46.11,46.24,45.97,45.97,483,1646
1989-01-05,46.11,46.13,45.78,45.82,200,1687
1989-01-06,45.7,45.75,45.54,45.75,135,1653
1989-01-09,45.68,46.0,45.6,45.97,99,1614
1989-01-10,46.01,46.06,45.57,45.6,364,1640
1989-01-11,45.99,46.06,45.7,45.89,247,1647
1989-01-12,45.97,46.05,45.88,46.05,369,1818
1989-01-13,45.78,46.0,45.78,45.93,332,1953
1989-01-16,45.81,45.81,45.25,45.34,501,1920
1989-01-17,45.53,45.65,45.41,45.65,134,1924
1989-01-18,45.65,45.89,45.63,45.72,128,1933
1989-01-19,45.95,46.31,45.93,46.27,426,2053
1989-01-20,46.31,46.45,46.26,46.36,308,2147
1989-01-23,46.4,46.69,46.4,46.6,145,2099
1989-01-24,46.7,46.91,46.67,46.88,371,2093
1989-01-25,46.8,46.92,46.5,46.57,336,2236
1989-01-26,46.67,46.77,46.61,46.66,340,2304
1989-01-27,46.61,46.63,46.4,46.53,258,2245
1989-01-30,46.49,46.88,46.49,46.87,221,2340
1989-01-31,47.21,47.3,47.16,47.21,484,2443
1989-02-01,47.4,47.5,47.2,47.35,581,2463
1989-02-02,47.27,47.36,46.92,47.04,439,2420
1989-02-03,46.8,46.88,46.54,46.61,519,2369
1989-02-06,46.81,46.93,46.8,46.87,225,2423
1989-02-07,47.0,47.23,47.0,47.16,288,2488
1989-02-08,47.33,47.5,47.33,47.45,283,2507
1989-02-09,47.2,47.31,47.14,47.29,449,2589
1989-02-10,47.47,47.47,47.12,47.16,232,2612
1989-02-13,47.23,47.34,47.21,47.31,214,2668
1989-02-14,47.21,47.26,46.85,46.9,789,2777
1989-02-15,46.61,46.7,46.44,46.53,694,2697
1989-02-16,45.73,45.73,44.52,44.82,2881,3188
1989-02-17,43.91,44.15,43.48,43.82,2033,3141
1989-02-21,43.2,43.39,43.19,43.24,1453,3385
1989-02-22,43.4,43.91,43.38,43.58,1154,3359
1989-02-23,44.1,44.44,44.07,44.21,1160,3370
1989-02-24,43.96,44.0,43.93,43.98,316,3337
1989-02-27,43.1,43.15,42.36,42.52,1473,3711
1989-02-28,42.6,42.78,42.6,42.68,666,3655
1989-03-01,42.76,42.9,42.61,42.81,445,3636
1989-03-02,42.83,43.08,42.79,42.83,281,3600
1989-03-03,43.31,43.48,43.27,43.44,603,3491
1989-03-06,43.46,43.49,43.4,43.44,238,3521
1989-03-07,43.32,43.32,43.11,43.21,428,3460
1989-03-08,43.45,43.5,43.28,43.39,417,3450
1989-03-09,43.65,43.85,43.65,43.77,701,3475
1989-03-10,43.91,44.01,43.83,43.93,637,3541
1989-03-13,43.94,43.99,43.83,43.85,174,1354
1989-03-14,43.13,43.37,43.13,43.33,378,1415
1989-03-15,43.11,43.22,42.83,42.85,462,1482
1989-03-16,43.64,43.8,43.57,43.71,703,1534
1989-03-17,43.71,44.02,43.66,44.0,457,1549
1989-03-20,44.13,44.19,44.04,44.09,619,1541
1989-03-21,44.09,44.17,43.9,44.1,311,1450
1989-03-22,43.99,44.15,43.83,44.13,262,1424
1989-03-23,44.29,44.42,44.27,44.32,230,1453
1989-03-27,44.23,44.23,44.09,44.14,91,1446
1989-03-28,43.84,43.97,43.65,43.65,452,1436
1989-03-29,43.57,43.9,43.53,43.89,257,1435
1989-03-30,43.92,43.95,43.66,43.79,214,1382
1989-03-31,43.83,43.94,43.83,43.9,217,1449
1989-04-03,44.15,44.26,44.1,44.23,198,1488
1989-04-04,44.11,44.18,44.02,44.06,710,1667
1989-04-05,43.24,43.24,42.71,42.84,1137,1760
1989-04-06,43.09,43.38,43.09,43.35,656,1893
1989-04-07,43.26,43.38,43.17,43.34,326,1958
1989-04-10,43.21,43.33,43.21,43.24,127,1843
1989-04-11,43.34,43.52,43.21,43.3,336,1861
1989-04-12,43.42,43.45,43.31,43.39,248,1946
1989-04-13,43.26,43.46,43.26,43.4,295,1958
1989-04-14,43.58,43.59,43.45,43.52,253,1925
1989-04-17,43.63,43.7,43.58,43.61,198,1920
1989-04-18,42.91,43.07,42.85,43.03,836,1970
1989-04-19,43.07,43.12,43.03,43.09,270,1949
1989-04-20,43.14,43.2,43.05,43.08,163,1934
1989-04-21,42.87,42.92,42.7,42.72,1173,2196
1989-04-24,42.58,42.66,42.55,42.58,347,2257
1989-04-25,42.74,42.78,42.59,42.65,225,2298
1989-04-26,42.77,42.78,42.7,42.78,165,2295
1989-04-27,42.9,42.9,42.82,42.83,361,2227
1989-04-28,42.83,42.83,42.74,42.8,200,2280
1989-05-01,42.66,42.7,42.61,42.63,199,2234
1989-05-02,42.64,42.79,42.63,42.72,82,2246
1989-05-03,42.83,42.99,42.83,42.9,524,2491
1989-05-04,43.23,43.28,43.15,43.16,761,2779
1989-05-05,43.14,43.22,43.01,43.17,236,2806
1989-05-08,43.23,43.23,43.12,43.16,106,2826
1989-05-09,42.93,42.97,42.9,42.97,268,2814
1989-05-10,42.82,42.84,42.77,42.78,269,2819
1989-05-11,42.7,42.83,42.67,42.8,70,2807
1989-05-12,42.25,42.36,42.17,42.19,1420,2897
1989-05-15,41.96,42.08,41.95,42.03,924,2828
1989-05-16,41.75,41.77,41.6,41.67,1216,2703
1989-05-17,41.29,41.29,40.87,40.91,1209,2753
1989-05-18,40.9,41.11,40.81,40.97,741,2593
1989-05-19,41.22,41.29,41.18,41.23,331,2612
1989-05-22,40.0,40.23,39.98,40.18,853,2931
1989-05-23,40.47,40.62,40.25,40.29,1273,2848
1989-05-24,40.61,40.7,40.3,40.34,780,2903
1989-05-25,40.97,41.18,40.89,41.12,663,3013
1989-05-26,41.08,41.11,40.13,40.46,552,3046
1989-05-30,40.35,40.54,40.35,40.52,1569,3782
1989-05-31,40.71,40.75,40.57,40.71,1039,4119
1989-06-01,40.78,40.85,40.73,40.84,617,4471
1989-06-02,41.0,41.38,40.87,41.33,492,4579
1989-06-05,40.99,41.09,40.75,40.77,830,4536
1989-06-06,40.76,41.21,40.73,41.19,568,4447
1989-06-07,41.0,41.09,40.92,40.92,496,4437
1989-06-08,40.85,40.93,40.78,40.87,573,4358
1989-06-09,40.56,40.56,40.32,40.39,1485,4605
1989-06-12,40.09,40.24,40.06,40.21,1329,4828
1989-06-13,40.32,40.47,40.17,40.44,670,4491
1989-06-14,40.34,40.43,40.29,40.38,474,4461
1989-06-15,40.23,41.21,40.07,41.04,905,4367
1989-06-16,40.93,41.04,40.87,40.88,2645,4298
1989-06-19,41.01,41.08,40.92,41.08,550,2397
1989-06-20,41.26,41.29,41.12,41.13,340,2361
1989-06-21,41.61,42.04,41.53,42.01,538,2417
1989-06-22,42.23,42.36,41.91,42.35,895,2394
1989-06-23,41.9,42.25,41.76,41.99,1016,2375
1989-06-26,41.98,42.12,41.93,41.98,172,2293
1989-06-27,41.73,41.78,41.55,41.57,196,2336
1989-06-28,41.29,41.4,41.23,41.37,261,2405
1989-06-29,41.46,41.46,41.15,41.15,197,2402
1989-06-30,41.21,41.51,41.16,41.48,522,2793
1989-07-03,41.62,41.87,41.6,41.8,379,2799
1989-07-05,42.04,42.35,41.92,42.32,444,2829
1989-07-06,41.96,41.96,41.7,41.76,716,2396
1989-07-07,41.8,42.03,41.76,42.01,377,2403
1989-07-10,41.87,41.9,41.72,41.75,814,2161
1989-07-11,41.43,41.53,41.37,41.45,778,2290
1989-07-12,41.6,41.7,41.57,41.66,138,2036
1989-07-13,41.4,41.55,41.22,41.35,298,1996
1989-07-14,41.46,41.46,41.26,41.26,230,2056
1989-07-17,41.51,41.51,41.43,41.45,58,2041
1989-07-18,41.58,41.9,41.26,41.3,599,2078
1989-07-19,40.96,41.01,40.65,40.7,849,2242
1989-07-20,40.93,41.26,40.89,41.13,501,2260
1989-07-21,41.18,41.18,40.96,41.08,196,2246
1989-07-24,41.01,41.03,40.9,40.98,138,2275
1989-07-25,41.13,41.24,41.07,41.22,170,2333
1989-07-26,41.35,41.58,41.3,41.57,261,2363
1989-07-27,41.55,41.6,41.5,41.5,327,2264
1989-07-28,41.13,41.15,40.98,41.12,354,2268
1989-07-31,41.53,41.79,41.46,41.75,305,2227
1989-08-01,41.75,42.07,41.69,42.05,459,2036
1989-08-02,42.29,42.45,42.2,42.23,479,2104
1989-08-03,42.23,42.29,42.02,42.03,174,2105
1989-08-04,42.15,42.15,41.8,41.93,447,2252
1989-08-07,41.98,42.13,41.87,42.01,128,2338
1989-08-08,42.38,42.38,42.25,42.28,295,2331
1989-08-09,42.18,42.29,42.17,42.28,348,2401
1989-08-10,42.15,42.18,42.04,42.07,122,2403
1989-08-11,41.95,42.0,41.79,41.82,395,2374
1989-08-14,41.91,41.98,41.89,41.9,355,2533
1989-08-15,41.65,41.69,41.55,41.66,256,2572
1989-08-16,41.8,41.82,41.6,41.68,531,2626
1989-08-17,41.73,41.79,41.65,41.7,161,2595
1989-08-18,41.76,41.9,41.76,41.88,230,2577
1989-08-21,42.01,42.06,41.98,42.01,121,2568
1989-08-22,42.19,42.35,42.18,42.33,472,2599
1989-08-23,42.17,42.37,42.13,42.32,684,2573
1989-08-24,42.15,42.15,42.02,42.15,428,2508
1989-08-25,42.07,42.11,41.9,41.96,479,2480
1989-08-28,42.1,42.1,41.99,42.05,95,2478
1989-08-29,42.23,42.62,42.22,42.49,429,2463
1989-08-30,42.51,42.57,42.34,42.34,650,2542
1989-08-31,42.39,42.39,42.21,42.23,176,2521
1989-09-01,42.17,42.23,42.06,42.07,398,2583
1989-09-05,42.06,42.08,41.96,42.01,607,2346
1989-09-06,42.23,42.24,42.12,42.21,157,2331
1989-09-07,42.21,42.43,42.16,42.41,672,2564
1989-09-08,42.5,42.58,42.39,42.41,592,2631
1989-09-11,42.34,42.36,42.27,42.32,701,2991
1989-09-12,42.46,42.49,42.37,42.46,336,2857
1989-09-13,43.02,43.17,42.99,43.07,1622,3414
1989-09-14,43.09,43.11,43.0,43.01,855,3593
1989-09-15,42.93,43.54,42.75,43.17,910,3436
1989-09-18,43.11,43.17,43.08,43.11,277,1821
1989-09-19,43.03,43.08,43.0,43.03,220,1741
1989-09-20,43.08,43.08,43.0,43.03,67,1762
1989-09-21,42.91,43.0,42.91,42.97,225,1802
1989-09-22,43.56,43.62,43.42,43.44,509,1798
1989-09-25,43.87,44.04,43.84,44.02,576,1715
1989-09-26,43.79,44.02,43.79,43.89,344,1712
1989-09-27,44.05,44.05,43.58,43.67,307,1760
1989-09-28,43.27,43.41,43.03,43.05,662,1738
1989-09-29,43.3,43.34,43.14,43.25,125,1691
1989-10-02,43.31,43.34,43.2,43.22,140,1651
1989-10-03,43.42,43.5,43.33,43.37,88,1648
1989-10-04,43.36,43.44,43.28,43.37,90,1653
1989-10-05,43.31,43.5,43.26,43.37,160,1629
1989-10-06,43.48,43.8,43.47,43.71,406,1799
1989-10-09,43.79,43.79,43.65,43.68,241,1943
1989-10-10,43.45,43.45,43.2,43.21,455,1925
1989-10-11,43.26,43.33,43.24,43.31,116,2010
1989-10-12,42.91,43.0,42.83,42.88,231,1967
1989-10-13,42.92,42.99,42.83,42.97,369,2111
1989-10-16,42.61,42.63,42.22,42.63,1281,2023
1989-10-17,43.05,43.14,42.8,43.0,1015,2034
1989-10-18,43.0,43.22,42.95,43.17,113,1875
1989-10-19,43.46,43.58,43.37,43.46,321,1896
1989-10-20,43.31,43.31,43.08,43.1,254,1823
1989-10-23,43.04,43.22,43.04,43.21,86,1823
1989-10-24,43.09,43.13,42.76,42.79,175,1741
1989-10-25,43.31,43.38,43.28,43.35,411,1799
1989-10-26,43.64,43.67,43.31,43.39,263,1801
1989-10-27,43.47,43.65,43.47,43.63,183,1720
1989-10-30,43.84,43.96,43.84,43.89,258,1747
1989-10-31,43.88,43.89,43.81,43.82,435,1712
1989-11-01,43.83,43.88,43.76,43.87,157,1587
1989-11-02,43.79,43.85,43.62,43.68,245,1550
1989-11-03,43.72,43.85,43.71,43.83,30,1541
1989-11-06,43.88,44.04,43.88,44.01,136,1573
1989-11-07,44.05,44.13,44.02,44.07,175,1565
1989-11-08,44.14,44.17,44.12,44.17,102,1546
1989-11-09,44.39,44.42,44.27,44.3,141,1578
1989-11-10,44.34,44.35,44.14,44.2,147,1683
1989-11-13,44.35,44.47,44.35,44.43,159,1687
1989-11-14,44.33,44.33,44.25,44.32,153,1625
1989-11-15,44.22,44.22,44.1,44.12,103,1599
1989-11-16,43.93,44.06,43.93,44.02,152,1605
1989-11-17,44.12,44.12,44.07,44.11,65,1608
1989-11-20,44.02,44.09,43.99,44.09,73,1633
1989-11-21,43.82,43.89,43.8,43.88,95,1673
1989-11-22,43.87,43.93,43.75,43.92,157,1722
1989-11-24,44.23,44.27,44.21,44.26,170,1749
1989-11-27,44.31,44.39,44.27,44.38,131,1779
1989-11-28,44.39,44.44,44.33,44.36,232,1816
1989-11-29,44.11,44.13,44.04,44.05,226,1788
1989-11-30,44.25,44.34,44.21,44.34,186,1782
1989-12-01,44.15,44.16,44.06,44.13,89,1774
1989-12-04,44.16,44.19,44.05,44.05,156,1753
1989-12-05,44.16,44.31,44.16,44.3,66,1752
1989-12-06,44.27,44.36,44.26,44.34,49,1737
1989-12-07,44.38,44.38,44.27,44.31,141,1755
1989-12-08,44.31,44.38,44.31,44.33,444,1834
1989-12-11,44.34,44.49,44.34,44.43,337,1810
1989-12-12,44.55,44.66,44.53,44.63,539,1997
1989-12-13,44.67,44.69,44.58,44.59,286,1870
1989-12-14,44.58,44.62,44.56,44.6,925,1655
1989-12-15,44.63,44.66,44.4,44.4,360,1627
1989-12-18,44.47,44.6,44.42,44.6,155,833
1989-12-19,44.6,44.63,44.55,44.62,43,849
1989-12-20,44.69,44.81,44.69,44.7,82,906
1989-12-21,44.77,44.81,44.75,44.79,75,917
1989-12-22,44.84,45.0,44.84,45.0,58,926
1989-12-26,45.04,45.16,45.04,45.16,61,932
1989-12-27,45.49,45.61,45.46,45.6,1851,2133
1989-12-28,45.33,45.36,45.27,45.33,706,2542
1989-12-29,45.1,45.13,44.95,45.07,312,2554
1990-01-02,44.89,44.95,44.73,44.73,125,2576
1990-01-03,44.66,44.74,44.55,44.57,1495,3232
1990-01-04,44.77,45.07,44.72,45.01,932,3145
1990-01-05,44.75,44.88,44.71,44.71,272,2567
1990-01-08,44.88,44.89,44.77,44.84,177,2456
1990-01-09,44.88,44.94,44.84,44.89,106,2403
1990-01-10,45.07,45.07,45.01,45.06,107,2349
1990-01-11,45.26,45.3,45.21,45.29,151,2313
1990-01-12,45.41,45.41,45.33,45.33,86,2309
1990-01-15,45.31,45.33,45.24,45.25,99,2343
1990-01-16,45.09,45.17,45.08,45.17,71,2331
1990-01-17,45.29,45.37,45.27,45.34,114,2346
1990-01-18,45.37,45.52,45.37,45.45,166,2379
1990-01-19,45.41,45.46,45.3,45.46,124,2432
1990-01-22,45.46,45.6,45.46,45.55,134,2450
1990-01-23,44.68,44.78,44.35,44.38,1219,2900
1990-01-24,43.92,43.97,43.59,43.86,1126,2809
1990-01-25,43.8,43.86,43.4,43.53,1324,2960
1990-01-26,43.65,43.73,43.56,43.61,455,3206
1990-01-29,43.78,43.86,43.72,43.74,231,3161
1990-01-30,43.94,44.05,43.76,43.94,252,3248
1990-01-31,44.17,44.31,44.16,44.3,515,3313
1990-02-01,44.17,44.4,44.13,44.3,499,3388
1990-02-02,44.37,44.59,44.37,44.53,330,3362
1990-02-05,43.94,44.14,43.92,44.08,203,3350
1990-02-06,44.16,44.2,44.05,44.07,250,3402
1990-02-07,43.72,43.77,43.41,43.62,389,3540
1990-02-08,43.28,43.53,43.27,43.44,464,3491
1990-02-09,43.33,43.34,43.11,43.15,528,3700
1990-02-12,43.3,43.48,43.3,43.41,343,3792
1990-02-13,43.44,43.57,43.12,43.19,530,3875
1990-02-14,42.95,43.07,42.83,42.93,578,3922
1990-02-15,43.26,43.37,43.23,43.36,538,3799
1990-02-16,43.65,43.7,43.56,43.68,475,3664
1990-02-20,44.09,44.11,43.79,43.81,662,3893
1990-02-21,43.55,44.46,43.54,44.34,1104,3965
1990-02-22,44.26,44.35,44.02,44.12,895,3877
1990-02-23,44.06,44.31,44.06,44.28,224,3852
1990-02-26,44.31,44.35,44.17,44.33,163,3901
1990-02-27,43.92,44.02,43.79,43.79,1058,3443
1990-02-28,43.87,44.02,43.84,43.93,297,3430
1990-03-01,44.25,44.25,44.14,44.2,459,3415
1990-03-02,44.16,44.16,43.95,44.02,149,3397
1990-03-05,43.9,43.95,43.84,43.91,198,3404
1990-03-06,44.09,44.11,44.06,44.08,541,3516
1990-03-07,43.95,44.08,43.94,44.05,76,3488
1990-03-08,44.02,44.16,44.02,44.16,110,3448
1990-03-09,44.05,44.09,44.05,44.05,131,3454
1990-03-12,43.96,43.96,43.84,43.9,1205,3655
1990-03-13,44.05,44.37,44.05,44.34,1962,3433
1990-03-14,44.28,44.37,44.28,44.31,609,3460
1990-03-15,43.9,44.08,43.84,43.94,771,3431
1990-03-16,43.77,43.9,43.77,43.81,1136,3623
1990-03-19,43.87,43.96,43.85,43.94,264,3616
1990-03-20,44.05,44.06,43.95,44.01,188,2281
1990-03-21,43.75,43.8,43.74,43.75,233,2276
1990-03-22,43.56,43.77,43.47,43.74,699,2452
1990-03-23,43.47,43.69,43.44,43.48,448,2359
1990-03-26,43.49,43.59,43.34,43.36,330,2462
1990-03-27,43.46,43.48,43.43,43.46,146,2444
1990-03-28,43.51,43.57,43.51,43.53,113,2461
1990-03-29,43.81,43.89,43.81,43.86,352,2383
1990-03-30,43.93,44.04,43.92,43.98,132,2343
1990-04-02,44.02,44.35,44.02,44.28,364,2262
1990-04-03,44.41,44.45,44.37,44.41,268,2181
1990-04-04,44.67,44.82,44.65,44.66,1149,1767
1990-04-05,44.69,44.73,44.61,44.71,355,1941
1990-04-06,44.8,44.81,44.64,44.64,139,1953
1990-04-09,44.7,44.77,44.53,44.56,66,1876
1990-04-10,44.64,44.79,44.6,44.76,134,1908
1990-04-11,44.76,44.83,44.75,44.83,105,1972
1990-04-12,44.84,44.91,44.82,44.87,410,2127
1990-04-16,44.76,44.79,44.73,44.73,12,2136
1990-04-17,44.71,44.8,44.71,44.8,24,2134
1990-04-18,44.89,45.08,44.89,45.02,159,2194
1990-04-19,45.16,45.32,45.15,45.27,265,2380
1990-04-20,45.12,45.2,45.09,45.09,2101,3497
1990-04-23,44.96,44.96,44.82,44.86,402,3521
1990-04-24,44.83,44.93,44.83,44.93,97,3497
1990-04-25,44.95,45.02,44.87,44.96,111,3487
1990-04-26,44.51,44.51,44.19,44.24,914,3282
1990-04-27,44.09,44.18,43.9,44.13,881,2854
1990-04-30,44.05,44.07,43.98,44.07,885,2968
1990-05-01,43.71,43.81,43.7,43.78,508,2364
1990-05-02,44.1,44.18,44.06,44.15,189,2372
1990-05-03,44.28,44.34,44.28,44.31,224,2236
1990-05-04,44.25,44.37,44.14,44.37,161,2182
1990-05-07,44.39,44.44,44.37,44.42,32,2191
1990-05-08,44.4,44.47,44.4,44.44,60,2222
1990-05-09,44.57,44.57,44.34,44.34,186,2175
1990-05-10,44.45,44.71,44.45,44.59,177,2213
1990-05-11,44.73,44.77,44.63,44.69,209,2206
1990-05-14,44.86,45.11,44.8,45.09,304,2290
1990-05-15,44.89,44.94,44.86,44.89,122,2274
1990-05-16,44.92,44.96,44.77,44.81,151,2293
1990-05-17,44.9,44.92,44.82,44.82,76,2285
1990-05-18,44.76,44.8,44.74,44.76,41,2277
1990-05-21,45.0,45.01,44.92,44.93,96,2282
1990-05-22,45.05,45.16,45.0,45.1,161,2311
1990-05-23,45.03,45.1,45.02,45.08,139,2285
1990-05-24,45.05,45.05,44.84,44.85,50,2283
1990-05-25,45.26,45.29,45.14,45.27,333,2432
1990-05-29,45.16,45.16,45.07,45.12,171,2425
1990-05-30,45.37,45.55,45.35,45.52,591,2365
1990-05-31,45.37,45.41,45.23,45.25,235,2347
1990-06-01,45.3,45.44,45.29,45.29,186,2335
1990-06-04,45.28,45.31,45.21,45.31,90,2357
1990-06-05,45.26,45.52,45.26,45.52,226,2375
1990-06-06,45.52,45.6,45.52,45.55,160,2372
1990-06-07,45.67,45.97,45.67,45.93,1500,3015
1990-06-08,45.61,45.63,45.57,45.61,353,2910
1990-06-11,45.52,45.81,45.51,45.8,424,2889
1990-06-12,45.72,45.78,45.7,45.73,313,2762
1990-06-13,45.71,45.76,45.67,45.75,937,2806
1990-06-14,45.85,45.86,45.73,45.75,297,2766
1990-06-15,45.79,45.88,45.79,45.85,722,2725
1990-06-18,45.93,46.11,45.92,46.03,172,2695
1990-06-19,46.33,46.38,46.28,46.31,229,1453
1990-06-20,46.27,46.33,46.27,46.27,43,1447
1990-06-21,46.58,46.79,46.53,46.68,43,1451
1990-06-22,46.29,46.56,46.29,46.56,206,1458
1990-06-25,46.47,46.56,46.42,46.46,103,1438
1990-06-26,46.45,46.48,46.41,46.44,27,1442
1990-06-27,46.62,46.67,46.59,46.59,75,1455
1990-06-28,46.54,46.72,46.35,46.53,546,1411
1990-06-29,46.86,47.03,46.83,47.0,288,1493
1990-07-02,47.13,47.25,47.13,47.21,91,1502
1990-07-03,47.22,47.31,47.19,47.31,94,1496
1990-07-05,47.42,47.46,47.31,47.35,693,1837
1990-07-06,47.22,47.34,47.22,47.25,388,2035
1990-07-09,47.6,47.66,47.58,47.66,517,2118
1990-07-10,48.03,48.03,47.77,48.02,263,2035
1990-07-11,47.61,47.61,47.25,47.37,274,2055
1990-07-12,47.01,47.4,46.83,47.33,830,2217
1990-07-13,46.89,47.06,46.08,46.26,1266,2661
1990-07-16,46.54,46.62,46.36,46.59,295,3027
1990-07-17,46.95,47.14,46.83,47.09,303,2546
1990-07-18,47.07,47.09,46.77,46.79,293,2529
1990-07-19,46.77,46.79,46.29,46.52,321,2624
1990-07-20,46.58,46.7,46.48,46.65,177,2629
1990-07-23,46.55,46.74,46.47,46.7,244,2611
1990-07-24,46.64,46.73,46.55,46.69,131,2618
1990-07-25,46.65,46.78,46.56,46.6,147,2564
1990-07-26,46.55,46.56,46.38,46.49,283,2554
1990-07-27,46.68,47.1,46.67,47.04,467,2686
1990-07-30,47.08,47.16,47.08,47.13,200,2718
1990-07-31,47.03,47.43,47.03,47.32,240,2665
1990-08-01,47.4,47.4,47.21,47.36,324,2528
1990-08-02,46.56,46.98,46.56,46.9,346,2654
1990-08-03,46.94,47.04,46.79,46.83,83,2646
1990-08-06,47.09,47.22,47.0,47.01,278,2728
1990-08-07,47.27,47.3,47.19,47.25,319,2724
1990-08-08,47.43,47.54,47.34,47.47,417,2567
1990-08-09,47.76,47.86,47.67,47.79,350,2551
1990-08-10,47.53,47.73,47.49,47.67,392,2553
1990-08-13,47.82,48.03,47.82,47.95,342,2514
1990-08-14,48.12,48.2,48.08,48.2,272,2649
1990-08-15,48.26,48.35,48.14,48.17,375,2639
1990-08-16,48.09,48.18,48.0,48.14,408,2678
1990-08-17,48.21,48.4,48.1,48.37,185,2806
1990-08-20,48.32,48.39,48.25,48.29,39,2798
1990-08-21,48.6,48.93,48.59,48.66,706,2989
1990-08-22,49.1,49.17,49.02,49.04,751,2804
1990-08-23,49.77,50.04,49.65,50.02,837,2935
1990-08-24,49.92,50.01,49.72,49.78,608,3060
1990-08-27,49.67,49.8,49.53,49.63,460,3110
1990-08-28,49.82,49.89,49.65,49.7,538,3174
1990-08-29,49.87,49.89,49.68,49.73,225,3074
1990-08-30,48.77,49.08,48.72,49.02,443,3170
1990-08-31,48.74,48.9,48.61,48.84,379,3070
1990-09-04,48.86,48.99,48.74,48.98,256,3128
1990-09-05,49.59,49.68,49.43,49.59,491,3323
1990-09-06,49.61,49.61,49.37,49.47,377,3183
1990-09-07,49.25,49.29,49.17,49.26,418,3154
1990-09-10,48.81,48.81,48.59,48.66,1662,3364
1990-09-11,48.75,49.08,48.75,48.97,614,3301
1990-09-12,49.16,49.19,49.07,49.14,472,3467
1990-09-13,49.1,49.67,49.03,49.67,1189,3328
1990-09-14,49.52,49.76,49.46,49.55,590,3281
1990-09-17,49.76,50.16,49.76,50.12,231,3246
1990-09-18,49.95,50.16,49.79,49.81,347,1454
1990-09-19,49.88,49.91,49.68,49.79,240,1420
1990-09-20,49.69,49.76,49.64,49.64,145,1391
1990-09-21,49.63,49.87,49.63,49.87,272,1524
1990-09-24,50.12,50.18,49.88,49.88,159,1543
1990-09-25,49.99,50.05,49.81,50.01,104,1538
1990-09-26,50.04,50.04,49.96,49.96,71,1550
1990-09-27,49.93,49.93,49.62,49.78,139,1584
1990-09-28,49.68,49.71,49.56,49.67,320,1500
1990-10-01,49.88,49.99,49.88,49.96,483,1300
1990-10-02,49.95,49.96,49.87,49.87,75,1292
1990-10-03,49.97,50.22,49.95,50.12,192,1319
1990-10-04,50.15,50.2,50.03,50.05,405,1354
1990-10-05,50.29,50.4,50.05,50.19,621,1503
1990-10-08,50.37,50.43,50.31,50.41,77,1536
1990-10-09,50.19,50.26,50.13,50.2,314,1593
1990-10-10,49.76,49.79,49.73,49.78,432,1592
1990-10-11,49.09,49.31,48.87,49.19,1057,1553
1990-10-12,49.3,49.35,49.17,49.24,267,1653
1990-10-15,47.75,47.97,47.41,47.48,1279,1889
1990-10-16,47.4,47.49,47.29,47.37,658,1938
1990-10-17,47.14,47.18,46.76,46.79,881,1955
1990-10-18,46.36,46.55,46.35,46.51,542,1916
1990-10-19,47.18,47.24,46.94,46.94,480,1936
1990-10-22,47.07,47.21,47.0,47.02,492,2026
1990-10-23,46.82,47.03,46.79,46.95,471,2092
1990-10-24,47.14,47.14,47.05,47.11,301,2128
1990-10-25,47.45,47.48,47.21,47.29,1531,2293
1990-10-26,47.33,47.38,47.15,47.19,222,2216
1990-10-29,47.25,47.38,47.25,47.36,316,2181
1990-10-30,47.42,47.42,47.17,47.34,297,2193
1990-10-31,47.24,47.45,47.24,47.27,268,2255
1990-11-01,47.38,47.48,47.32,47.43,371,2230
1990-11-02,46.97,47.14,46.93,47.14,285,2226
1990-11-05,47.28,47.42,47.19,47.27,538,2312
1990-11-06,47.75,47.78,47.55,47.67,626,2312
1990-11-07,47.24,47.29,46.99,47.06,396,2374
1990-11-08,47.05,47.18,47.05,47.09,300,2192
1990-11-09,47.15,47.27,47.08,47.19,285,2231
1990-11-12,47.16,47.18,47.02,47.05,183,2250
1990-11-13,47.09,47.15,46.43,46.51,677,2351
1990-11-14,46.51,46.68,46.49,46.68,691,2775
1990-11-15,46.59,46.8,46.59,46.69,253,2797
1990-11-16,46.68,46.69,46.24,46.24,212,2913
1990-11-19,46.14,46.33,46.03,46.27,585,3041
1990-11-20,46.57,46.66,46.32,46.43,599,3013
1990-11-21,46.48,46.54,46.15,46.24,1085,2989
1990-11-23,46.32,46.46,46.28,46.35,368,3034
1990-11-26,46.48,46.52,46.36,46.44,328,3070
1990-11-27,46.52,46.68,46.51,46.65,342,3157
1990-11-28,46.66,46.66,46.56,46.6,466,3281
1990-11-29,46.91,47.01,46.79,46.79,656,3258
1990-11-30,46.87,47.03,46.82,46.99,856,3152
1990-12-03,46.86,47.38,46.86,47.31,724,2992
1990-12-04,47.2,47.26,47.11,47.21,475,3028
1990-12-05,46.82,46.86,46.55,46.63,307,3096
1990-12-06,46.63,46.86,46.6,46.85,169,2960
1990-12-07,47.03,47.05,46.9,46.94,290,2989
1990-12-10,46.59,46.62,46.45,46.46,745,2905
1990-12-11,46.52,46.64,46.4,46.54,2013,3339
1990-12-12,46.54,46.59,46.5,46.53,1201,3404
1990-12-13,46.26,46.34,46.05,46.08,1003,3364
1990-12-14,46.49,46.72,46.43,46.52,987,3441
1990-12-17,46.46,46.66,46.46,46.64,232,3374
1990-12-18,46.68,46.91,46.63,46.8,246,1805
1990-12-19,46.76,46.97,46.76,46.93,157,1777
1990-12-20,46.92,47.14,46.91,46.98,277,1795
1990-12-21,46.81,47.12,46.78,47.05,147,1775
1990-12-24,47.15,47.16,46.91,47.11,106,1830
1990-12-26,47.12,47.15,46.97,47.0,97,1862
1990-12-27,46.69,46.88,46.69,46.86,168,1928
1990-12-28,46.91,47.04,46.81,47.0,100,1910
1990-12-31,46.92,47.01,46.92,47.01,18,1894
1991-01-02,47.08,47.2,47.07,47.18,124,1874
1991-01-03,47.32,47.52,47.32,47.41,395,1876
1991-01-04,47.52,47.52,47.39,47.48,752,1844
1991-01-07,47.08,47.4,47.08,47.34,242,1901
1991-01-08,47.34,47.47,47.32,47.34,131,1897
1991-01-09,46.93,47.31,46.93,47.17,255,1932
1991-01-10,47.1,47.19,47.09,47.13,133,1938
1991-01-11,47.24,47.25,47.05,47.2,190,1931
1991-01-14,47.13,47.46,47.13,47.44,175,1924
1991-01-15,47.41,47.8,47.4,47.76,431,1960
1991-01-16,47.88,48.24,47.88,48.1,785,2125
1991-01-17,47.67,47.78,47.58,47.67,382,2136
1991-01-18,47.63,47.71,47.45,47.55,577,2068
1991-01-21,47.61,47.61,47.54,47.59,114,2057
1991-01-22,47.84,47.84,47.64,47.64,190,1979
1991-01-23,47.8,47.89,47.71,47.83,167,1987
1991-01-24,47.71,47.71,47.39,47.42,590,1846
1991-01-25,47.32,47.4,47.32,47.37,252,1855
1991-01-28,47.74,47.79,47.64,47.75,488,1784
1991-01-29,47.78,47.88,47.74,47.8,186,1808
1991-01-30,48.04,48.09,47.85,47.9,332,1835
1991-01-31,47.69,47.86,47.66,47.82,143,1804
1991-02-01,47.74,47.85,47.72,47.84,155,1824
1991-02-04,47.89,47.89,47.74,47.78,41,1828
1991-02-05,47.53,47.54,47.35,47.49,462,1807
1991-02-06,47.53,47.71,47.52,47.69,379,1843
1991-02-07,47.73,47.8,47.71,47.71,174,1873
1991-02-08,47.66,47.7,47.61,47.63,50,1857
1991-02-11,47.56,47.71,47.53,47.64,196,1855
1991-02-12,47.71,47.79,47.71,47.76,90,1730
1991-02-13,48.13,48.23,48.09,48.1,655,1940
1991-02-14,48.1,48.2,48.1,48.18,530,1929
1991-02-15,48.09,48.35,48.04,48.23,130,1908
1991-02-19,48.29,48.29,48.18,48.23,127,1968
1991-02-20,48.17,48.23,48.1,48.23,330,1963
1991-02-21,48.28,48.3,48.21,48.23,50,1967
1991-02-22,48.13,48.15,47.94,47.99,237,1916
1991-02-25,47.92,48.01,47.91,48.0,176,1876
1991-02-26,47.98,48.07,47.98,48.02,225,1943
1991-02-27,47.94,48.12,47.94,48.06,290,1967
1991-02-28,48.06,48.2,48.05,48.12,153,2028
1991-03-01,48.02,48.15,48.01,48.15,135,1979
1991-03-04,47.74,47.74,47.55,47.59,519,1956
1991-03-05,47.55,47.55,47.31,47.34,543,1997
1991-03-06,47.24,47.28,47.09,47.25,464,2093
1991-03-07,47.07,47.13,46.91,46.94,439,1975
1991-03-08,47.09,47.14,47.04,47.14,531,2066
1991-03-11,47.03,47.06,46.99,47.03,325,2119
1991-03-12,47.15,47.2,46.98,47.02,231,2075
1991-03-13,46.89,47.06,46.85,47.06,449,1991
1991-03-14,47.13,47.17,47.03,47.11,323,2093
1991-03-15,47.36,47.43,47.12,47.12,976,2242
1991-03-18,47.18,47.19,47.04,47.09,319,2368
1991-03-19,47.28,47.28,47.12,47.12,183,1270
1991-03-20,47.14,47.22,47.11,47.2,31,1270
1991-03-21,47.28,47.36,47.28,47.36,194,1341
1991-03-22,47.48,47.5,47.38,47.41,306,1347
1991-03-25,47.17,47.34,47.17,47.22,75,1309
1991-03-26,47.28,47.43,47.28,47.42,147,1352
1991-03-27,47.5,47.56,47.45,47.47,344,1357
1991-03-28,47.56,47.66,47.56,47.62,239,1408
1991-04-01,47.64,47.66,47.61,47.63,38,1409
1991-04-02,47.61,47.64,47.58,47.6,189,1419
1991-04-03,47.87,47.95,47.82,47.93,403,1485
1991-04-04,48.05,48.28,48.02,48.25,320,1505
1991-04-05,48.13,48.45,48.11,48.29,225,1546
1991-04-08,48.27,48.28,48.18,48.23,124,1582
1991-04-09,48.3,48.4,48.28,48.28,77,1615
1991-04-10,48.4,48.46,48.3,48.37,139,1592
1991-04-11,48.0,48.16,47.97,48.09,220,1591
1991-04-12,48.05,48.27,48.05,48.18,72,1584
1991-04-15,47.99,48.04,47.98,47.99,98,1577
1991-04-16,47.93,48.02,47.9,48.02,109,1587
1991-04-17,48.0,48.0,47.91,47.94,112,1629
1991-04-18,47.78,47.89,47.78,47.84,571,1411
1991-04-19,47.64,47.64,47.47,47.49,363,1367
1991-04-22,47.42,47.49,47.39,47.49,354,1369
1991-04-23,47.78,47.86,47.69,47.86,468,1463
1991-04-24,47.75,47.9,47.64,47.87,196,1430
1991-04-25,47.78,47.92,47.77,47.89,112,1410
1991-04-26,47.94,48.09,47.92,48.04,133,1448
1991-04-29,48.05,48.15,48.0,48.15,139,1463
1991-04-30,48.09,48.27,48.09,48.22,341,1536
1991-05-01,48.04,48.07,47.96,47.98,386,1477
1991-05-02,47.99,47.99,47.93,47.96,177,1460
1991-05-03,48.0,48.0,47.84,47.92,178,1494
1991-05-06,48.07,48.21,48.03,48.17,184,1535
1991-05-07,48.13,48.22,48.1,48.22,99,1535
1991-05-08,48.34,48.38,48.31,48.34,195,1611
1991-05-09,48.35,48.4,48.35,48.4,225,1775
1991-05-10,48.34,48.44,48.34,48.4,56,1787
1991-05-13,48.12,48.13,48.03,48.03,248,1754
1991-05-14,48.05,48.2,47.99,48.17,299,1833
1991-05-15,48.36,48.46,48.33,48.4,352,2004
1991-05-16,48.45,48.49,48.36,48.4,404,2100
1991-05-17,48.36,48.41,48.29,48.38,192,2025
1991-05-20,48.31,48.4,48.24,48.4,456,1984
1991-05-21,47.96,48.06,47.91,47.98,331,1922
1991-05-22,47.84,47.89,47.15,47.2,957,1963
1991-05-23,46.63,46.91,46.6,46.79,2268,2919
1991-05-24,46.75,47.04,46.75,46.94,746,2873
1991-05-28,47.0,47.12,46.93,47.1,382,2749
1991-05-29,47.19,47.23,47.09,47.14,298,2718
1991-05-30,46.98,46.98,46.78,46.83,526,2693
1991-05-31,47.06,47.15,47.03,47.12,268,2818
1991-06-03,46.81,46.98,46.81,46.95,164,2839
1991-06-04,46.91,47.15,46.91,47.12,403,2915
1991-06-05,47.03,47.14,46.89,47.03,492,2761
1991-06-06,46.6,46.67,46.49,46.5,1189,2879
1991-06-07,46.67,46.67,46.58,46.62,857,2823
1991-06-10,46.61,46.69,46.61,46.69,386,3127
1991-06-11,46.81,46.88,46.81,46.84,771,3064
1991-06-12,46.87,46.92,46.77,46.83,436,3143
1991-06-13,46.68,46.85,46.67,46.82,628,3266
1991-06-14,46.81,46.94,46.8,46.88,570,3181
1991-06-17,47.05,47.35,47.01,47.27,599,3160
1991-06-18,47.31,47.42,47.29,47.37,255,1968
1991-06-19,47.31,47.39,47.27,47.3,160,1940
1991-06-20,47.45,47.54,47.42,47.47,247,1886
1991-06-21,47.44,47.5,47.42,47.45,122,1908
1991-06-24,47.39,47.54,47.36,47.54,74,1905
1991-06-25,47.46,47.61,47.44,47.6,119,1911
1991-06-26,47.61,47.65,47.5,47.57,131,1903
1991-06-27,47.7,47.77,47.66,47.76,93,1917
1991-06-28,47.67,47.76,47.57,47.6,121,1840
1991-07-01,47.62,47.67,47.49,47.55,148,1869
1991-07-02,47.52,47.52,47.42,47.44,252,1806
1991-07-03,47.45,47.52,47.39,47.41,123,1821
1991-07-05,47.58,47.61,47.58,47.59,160,1826
1991-07-08,47.63,47.67,47.61,47.67,71,1884
1991-07-09,47.65,47.65,47.54,47.55,164,1861
1991-07-10,47.61,47.66,47.61,47.66,34,1865
1991-07-11,47.74,47.8,47.66,47.67,155,1844
1991-07-12,47.72,48.06,47.72,48.01,506,1831
1991-07-15,47.92,48.21,47.92,48.16,1257,1429
1991-07-16,48.24,48.31,48.21,48.25,396,1383
1991-07-17,48.31,48.36,48.25,48.26,196,1437
1991-07-18,48.09,48.13,48.02,48.05,574,1438
1991-07-19,48.34,48.49,48.33,48.48,422,1564
1991-07-22,48.46,48.48,48.3,48.33,515,1386
1991-07-23,48.24,48.43,48.16,48.33,220,1402
1991-07-24,48.3,48.4,48.28,48.3,355,1247
1991-07-25,48.25,48.25,47.71,47.92,408,1148
1991-07-26,48.33,48.46,48.28,48.29,245,1186
1991-07-29,48.48,48.49,48.33,48.38,84,1196
1991-07-30,48.45,48.67,48.45,48.64,324,1250
1991-07-31,48.51,48.53,48.46,48.49,210,1202
1991-08-01,48.52,48.52,48.42,48.43,251,1263
1991-08-02,48.52,48.68,48.52,48.56,203,1220
1991-08-05,48.64,48.71,48.58,48.7,72,1215
1991-08-06,48.8,48.86,48.74,48.85,190,1278
1991-08-07,48.88,48.9,48.81,48.83,105,1285
1991-08-08,48.91,48.92,48.83,48.85,239,1246
1991-08-09,48.86,48.94,48.86,48.9,573,1296
1991-08-12,48.95,48.95,48.86,48.91,125,1391
1991-08-13,48.86,48.87,48.81,48.83,144,1368
1991-08-14,48.78,48.81,48.76,48.79,122,1335
1991-08-15,48.72,48.76,48.56,48.61,506,1610
1991-08-16,48.53,48.59,48.5,48.59,330,1541
1991-08-19,48.48,48.71,48.41,48.68,265,1563
1991-08-20,48.85,48.91,48.77,48.85,440,1385
1991-08-21,48.91,49.08,48.84,49.02,297,1486
1991-08-22,49.08,49.25,49.08,49.2,900,1902
1991-08-23,49.16,49.16,49.08,49.13,146,1863
1991-08-26,49.01,49.07,48.97,49.04,88,1863
1991-08-27,48.95,49.11,48.95,49.1,87,1890
1991-08-28,49.04,49.1,49.03,49.06,23,1899
1991-08-29,49.08,49.1,49.05,49.09,58,1895
1991-08-30,49.13,49.14,49.08,49.1,59,1899
1991-09-03,48.58,48.95,48.54,48.87,1174,1501
1991-09-04,49.11,49.17,49.1,49.14,200,1499
1991-09-05,49.18,49.23,49.16,49.18,181,1497
1991-09-06,49.2,49.4,49.2,49.4,436,1577
1991-09-09,49.4,49.61,49.4,49.6,579,1756
1991-09-10,49.48,49.54,49.32,49.4,1269,2460
1991-09-11,49.5,49.61,49.4,49.47,807,2355
1991-09-12,49.83,49.94,49.81,49.9,897,2364
1991-09-13,49.71,49.93,49.64,49.88,929,2447
1991-09-16,49.94,50.1,49.94,50.09,373,2421
1991-09-17,50.18,50.18,50.07,50.14,270,1455
1991-09-18,49.96,50.21,49.93,50.11,167,1451
1991-09-19,50.0,50.0,49.87,49.97,124,1440
1991-09-20,49.83,50.02,49.81,49.95,16,1444
1991-09-23,50.21,50.3,50.19,50.24,52,1445
1991-09-24,50.14,50.24,50.02,50.07,80,1420
1991-09-25,50.05,50.05,49.87,49.95,110,1433
1991-09-26,49.82,49.85,49.41,49.5,308,1471
1991-09-27,49.9,50.12,49.85,50.12,189,1520
1991-09-30,50.2,50.21,50.12,50.18,102,1497
1991-10-01,50.05,50.09,49.93,49.96,162,1483
1991-10-02,50.18,50.23,50.15,50.2,170,1527
1991-10-03,50.02,50.12,49.82,50.0,356,1539
1991-10-04,49.95,49.97,49.67,49.79,396,1549
1991-10-07,49.99,50.0,49.93,49.94,313,1755
1991-10-08,49.83,49.91,49.77,49.88,189,1680
1991-10-09,49.9,49.96,49.84,49.91,229,1684
1991-10-10,49.93,50.13,49.91,50.09,149,1687
1991-10-11,50.0,50.12,49.96,50.06,140,1623
1991-10-14,50.2,50.27,50.18,50.18,135,1687
1991-10-15,50.07,50.34,50.07,50.17,199,1671
1991-10-16,49.97,50.04,49.95,49.97,96,1661
1991-10-17,50.17,50.24,50.1,50.24,217,1743
1991-10-18,50.16,50.27,50.15,50.27,101,1733
1991-10-21,50.17,50.17,50.1,50.14,161,1675
1991-10-22,50.02,50.05,49.82,49.83,325,1656
1991-10-23,49.45,49.47,49.17,49.23,1082,1845
1991-10-24,49.41,49.51,49.4,49.43,944,1483
1991-10-25,49.49,49.54,49.42,49.48,193,1478
1991-10-28,49.41,49.44,49.33,49.36,111,1454
1991-10-29,49.42,49.62,49.42,49.6,298,1482
1991-10-30,49.38,49.45,49.28,49.36,411,1451
1991-10-31,49.04,49.16,48.96,49.13,344,1499
1991-11-01,49.26,49.29,49.15,49.16,211,1444
1991-11-04,49.5,49.55,49.43,49.46,240,1441
1991-11-05,49.29,49.44,49.23,49.25,137,1448
1991-11-06,49.43,49.47,49.35,49.37,229,1479
1991-11-07,49.48,49.48,49.42,49.43,189,1475
1991-11-08,49.48,49.55,49.4,49.47,156,1476
1991-11-11,49.52,49.55,49.5,49.54,73,1467
1991-11-12,49.57,49.67,49.55,49.57,164,1221
1991-11-13,49.48,49.57,49.47,49.53,81,1266
1991-11-14,49.59,49.64,49.55,49.58,64,1248
1991-11-15,49.55,49.64,49.51,49.63,45,1247
1991-11-18,49.71,49.72,49.54,49.56,145,1225
1991-11-19,49.77,49.87,49.72,49.77,222,0
1991-11-20,49.73,49.86,49.71,49.81,273,1252
1991-11-21,49.88,49.95,49.86,49.89,119,1296
1991-11-22,50.02,50.08,49.94,49.99,147,1274
1991-11-25,50.0,50.02,49.96,49.98,45,1268
1991-11-26,49.83,49.86,49.59,49.66,248,1280
1991-11-27,49.74,49.74,49.67,49.67,110,1270
1991-11-29,49.48,49.57,49.44,49.55,232,1246
1991-12-02,49.47,49.53,49.47,49.52,190,1267
1991-12-03,49.58,49.66,49.58,49.58,104,1264
1991-12-04,49.67,49.67,49.61,49.63,75,1308
1991-12-05,49.33,49.42,49.31,49.33,364,1300
1991-12-06,49.02,49.26,49.0,49.21,566,1255
1991-12-09,48.91,48.96,48.78,48.8,449,1411
1991-12-10,48.89,48.89,48.79,48.84,716,1429
1991-12-11,48.74,48.78,48.6,48.61,516,1420
1991-12-12,48.69,48.75,48.67,48.73,1045,1685
1991-12-13,48.74,48.75,48.59,48.59,439,1637
1991-12-16,48.86,48.95,48.83,48.88,108,1628
1991-12-17,48.93,48.93,48.88,48.89,55,841
1991-12-18,48.83,48.89,48.83,48.85,41,841
1991-12-19,48.86,48.91,48.81,48.83,53,822
1991-12-20,48.46,48.72,48.43,48.44,215,838
1991-12-23,48.09,48.18,48.02,48.02,403,878
1991-12-24,48.07,48.17,48.07,48.1,120,895
1991-12-26,48.07,48.19,48.07,48.18,106,899
1991-12-27,48.16,48.27,48.11,48.22,77,870
1991-12-30,48.11,48.13,48.03,48.07,39,872
1991-12-31,48.07,48.21,48.02,48.18,63,868
1992-01-02,47.83,47.91,47.78,47.91,300,854
1992-01-03,47.92,48.0,47.91,47.98,202,947
1992-01-06,48.37,48.45,48.24,48.26,270,998
1992-01-07,48.06,48.06,47.82,48.0,664,1248
1992-01-08,47.99,47.99,47.84,47.86,168,1238
1992-01-09,47.26,47.34,47.09,47.15,599,1305
1992-01-10,46.69,46.9,46.53,46.88,704,1382
1992-01-13,46.93,47.02,46.88,46.89,434,1398
1992-01-14,47.3,47.33,46.95,46.96,268,1277
1992-01-15,46.93,47.02,46.9,46.95,311,1290
1992-01-16,47.11,47.16,46.97,47.08,418,1295
1992-01-17,47.02,47.08,47.0,47.04,260,1277
1992-01-20,47.6,47.73,47.54,47.57,224,1226
1992-01-21,47.49,47.63,47.49,47.58,153,1229
1992-01-22,47.61,47.74,47.58,47.7,129,1223
1992-01-23,47.36,47.36,47.09,47.19,164,1224
1992-01-24,46.77,47.12,46.71,46.97,264,1176
1992-01-27,47.01,47.01,46.79,46.84,255,1261
1992-01-28,47.35,47.37,47.16,47.26,250,1260
1992-01-29,47.12,47.38,47.06,47.23,176,1258
1992-01-30,47.19,47.63,47.18,47.41,432,1169
1992-01-31,47.6,47.77,47.57,47.65,166,1152
1992-02-03,47.74,47.79,47.63,47.63,276,1257
1992-02-04,47.67,47.72,47.47,47.51,331,1277
1992-02-05,47.25,47.44,47.23,47.33,243,1251
1992-02-06,47.36,47.57,47.33,47.4,152,1273
1992-02-07,47.47,47.87,47.47,47.67,742,1256
1992-02-10,47.57,47.6,47.43,47.54,304,1291
1992-02-11,47.82,47.82,47.66,47.68,553,1406
1992-02-12,47.67,47.78,47.67,47.76,363,1364
1992-02-13,48.02,48.04,47.76,47.95,207,1394
1992-02-14,47.92,48.0,47.89,47.99,428,1390
1992-02-18,47.82,47.95,47.81,47.95,177,1432
1992-02-19,47.99,48.18,47.99,48.11,271,1409
1992-02-20,48.08,48.12,48.0,48.05,211,1427
1992-02-21,47.89,47.93,47.75,47.75,207,1450
1992-02-24,47.58,47.72,47.54,47.7,357,1641
1992-02-25,47.76,47.9,47.72,47.75,172,1560
1992-02-26,47.53,47.8,47.52,47.76,115,1565
1992-02-27,47.95,48.05,47.89,47.91,214,1585
1992-02-28,47.92,47.98,47.86,47.87,106,1605
1992-03-02,48.05,48.05,47.91,47.92,88,1532
1992-03-03,47.8,47.9,47.8,47.86,141,1511
1992-03-04,47.79,48.03,47.79,48.0,88,1516
1992-03-05,47.98,48.18,47.92,48.1,251,1521
1992-03-06,48.14,48.19,48.06,48.11,153,1440
1992-03-09,48.19,48.25,48.14,48.16,314,1575
1992-03-10,48.18,48.25,48.14,48.15,281,1528
1992-03-11,48.12,48.12,48.05,48.06,660,1562
1992-03-12,48.16,48.19,47.98,48.03,296,1597
1992-03-13,48.06,48.13,48.05,48.13,832,1663
1992-03-16,48.14,48.14,48.08,48.09,138,1661
1992-03-17,48.21,48.42,48.15,48.39,331,837
1992-03-18,48.51,48.64,48.43,48.46,319,1000
1992-03-19,48.44,48.45,48.35,48.42,125,1017
1992-03-20,48.46,48.51,48.37,48.39,127,1042
1992-03-23,48.52,48.53,48.48,48.51,55,1034
1992-03-24,48.53,48.62,48.53,48.62,543,1194
1992-03-25,48.77,48.8,48.67,48.67,172,1175
1992-03-26,48.71,48.81,48.7,48.71,245,1347
1992-03-27,48.71,48.86,48.71,48.82,113,1333
1992-03-30,48.82,49.02,48.82,49.02,816,2099
1992-03-31,49.02,49.22,49.02,49.14,214,2144
1992-04-01,48.94,48.96,48.88,48.92,333,2217
1992-04-02,48.83,48.9,48.83,48.87,41,2215
1992-04-03,48.89,48.93,48.89,48.89,47,2188
1992-04-06,48.87,48.87,48.7,48.7,342,2547
1992-04-07,48.7,48.73,48.64,48.7,351,2496
1992-04-08,48.62,48.62,48.46,48.52,444,2419
1992-04-09,48.57,48.8,48.57,48.79,1367,3181
1992-04-10,48.73,48.75,48.7,48.73,263,3216
1992-04-13,48.78,48.78,48.71,48.78,173,3219
1992-04-14,48.89,49.02,48.89,48.95,795,3180
1992-04-15,48.89,48.89,48.84,48.85,397,3185
1992-04-16,49.04,49.06,48.96,48.99,128,3189
1992-04-20,48.98,49.11,48.96,49.07,88,3216
1992-04-21,48.92,48.92,48.84,48.84,57,3126
1992-04-22,48.82,48.86,48.67,48.86,108,3125
1992-04-23,48.57,48.57,48.27,48.3,576,2902
1992-04-24,48.32,48.34,48.16,48.19,1172,2542
1992-04-27,48.29,48.35,48.25,48.25,283,2536
1992-04-28,48.34,48.35,48.26,48.26,105,2528
1992-04-29,48.55,48.59,48.5,48.59,223,2574
1992-04-30,48.43,48.45,48.34,48.42,157,2477
1992-05-01,48.46,48.46,48.31,48.4,200,2416
1992-05-04,48.29,48.4,48.19,48.36,223,2522
1992-05-05,48.49,48.54,48.45,48.49,99,2540
1992-05-06,48.46,48.46,48.29,48.33,354,2658
1992-05-07,48.06,48.3,48.01,48.3,311,2675
1992-05-08,48.25,48.28,48.15,48.28,145,2666
1992-05-11,48.0,48.1,47.88,48.07,84,2589
1992-05-12,48.12,48.22,47.99,48.18,570,2511
1992-05-13,48.3,48.34,48.16,48.28,123,2519
1992-05-14,48.51,48.59,48.45,48.53,103,2510
1992-05-15,48.48,48.58,48.43,48.51,59,2515
1992-05-18,48.59,48.74,48.56,48.73,174,2510
1992-05-19,48.59,48.59,48.51,48.51,127,2528
1992-05-20,48.41,48.48,48.41,48.41,73,2523
1992-05-21,48.54,48.64,48.54,48.61,49,2530
1992-05-22,48.51,48.6,48.5,48.6,104,2543
1992-05-26,48.64,48.7,48.57,48.7,79,2537
1992-05-27,48.53,48.67,48.5,48.57,544,2612
1992-05-28,48.64,48.65,48.57,48.59,158,2582
1992-05-29,48.7,48.7,48.5,48.5,322,2563
1992-06-01,48.62,48.62,48.55,48.62,268,2679
1992-06-02,48.55,48.62,48.55,48.59,309,2528
1992-06-03,48.87,48.96,48.86,48.91,415,2722
1992-06-04,48.95,49.01,48.88,48.89,159,2716
1992-06-05,48.96,49.0,48.95,48.95,81,2722
1992-06-08,49.0,49.07,49.0,49.06,209,2761
1992-06-09,49.03,49.03,48.93,49.0,342,2708
1992-06-10,48.87,48.87,48.87,48.87,530,2721
1992-06-11,48.84,48.89,48.84,48.89,137,2749
1992-06-12,48.73,48.75,48.67,48.75,757,2744
1992-06-15,48.47,48.48,48.31,48.32,408,2783
1992-06-16,48.27,48.36,48.27,48.33,445,1110
1992-06-17,48.42,48.44,48.3,48.34,234,1226
1992-06-18,48.39,48.46,48.38,48.42,157,1220
1992-06-19,48.32,48.34,48.24,48.25,109,1245
1992-06-22,48.11,48.22,48.08,48.22,381,1381
1992-06-23,48.27,48.34,48.2,48.2,215,1432
1992-06-24,48.21,48.34,48.2,48.29,79,1371
1992-06-25,48.2,48.22,48.12,48.12,8,1374
1992-06-26,47.94,47.96,47.87,47.89,569,1602
1992-06-29,47.93,48.05,47.93,48.05,532,1669
1992-06-30,48.05,48.05,47.94,48.02,172,1605
1992-07-01,47.91,48.0,47.89,47.96,45,1595
1992-07-02,47.75,47.87,47.67,47.67,356,1656
1992-07-06,47.83,47.92,47.8,47.8,675,1928
1992-07-07,47.75,47.84,47.69,47.71,90,1927
1992-07-08,47.89,48.02,47.87,48.02,105,1948
1992-07-09,47.89,47.93,47.83,47.86,220,2033
1992-07-10,47.96,48.02,47.93,47.95,46,2031
1992-07-13,47.91,47.97,47.91,47.97,35,1954
1992-07-14,47.98,48.13,47.96,48.12,412,1811
1992-07-15,47.78,47.86,47.78,47.83,108,1833
1992-07-16,47.84,47.86,47.71,47.86,126,1879
1992-07-17,47.89,47.91,47.8,47.86,42,1805
1992-07-20,48.04,48.13,47.87,48.02,120,1765
1992-07-21,47.95,48.05,47.95,48.04,34,1668
1992-07-22,48.06,48.21,48.06,48.18,106,1629
1992-07-23,48.16,48.16,48.13,48.15,186,1455
1992-07-24,48.06,48.1,48.06,48.1,30,1446
1992-07-27,47.86,47.95,47.85,47.88,294,1590
1992-07-28,47.88,47.94,47.84,47.9,63,1601
1992-07-29,47.8,47.94,47.8,47.84,153,1607
1992-07-30,47.93,47.98,47.93,47.94,55,1644
1992-07-31,47.91,47.96,47.91,47.96,50,1635
1992-08-03,47.95,47.95,47.86,47.91,60,1643
1992-08-04,47.75,47.78,47.64,47.73,364,1743
1992-08-05,47.71,47.71,47.39,47.39,650,2167
1992-08-06,47.46,47.5,47.42,47.47,541,2327
1992-08-07,47.47,47.55,47.38,47.53,223,2450
1992-08-10,47.49,47.49,47.42,47.47,26,2463
1992-08-11,47.22,47.22,46.89,46.89,609,2809
1992-08-12,46.24,46.33,46.01,46.09,952,3294
1992-08-13,46.23,46.34,46.2,46.2,527,3465
1992-08-14,46.47,46.47,46.39,46.42,142,3451
1992-08-17,46.45,46.58,46.45,46.54,77,3451
1992-08-18,46.38,46.45,46.38,46.42,109,3476
1992-08-19,46.73,46.79,46.65,46.75,191,3500
1992-08-20,46.55,46.57,46.5,46.57,119,3490
1992-08-21,46.23,46.57,46.21,46.53,271,3461
1992-08-24,45.96,46.11,45.94,46.07,168,3489
1992-08-25,45.98,45.98,45.77,45.87,588,3752
1992-08-26,45.55,46.26,45.51,46.23,356,3806
1992-08-27,46.15,46.24,46.15,46.21,91,3709
1992-08-28,46.31,46.35,46.21,46.26,93,3717
1992-08-31,46.05,46.15,46.01,46.15,86,3725
1992-09-01,46.1,46.31,46.1,46.31,103,3705
1992-09-02,46.31,46.39,46.26,46.36,464,3542
1992-09-03,46.44,46.53,46.39,46.52,240,3526
1992-09-04,46.64,46.65,46.39,46.46,284,3536
1992-09-08,46.07,46.07,45.92,45.92,4040,5135
1992-09-09,46.32,46.45,46.26,46.31,1627,5289
1992-09-10,46.47,46.62,46.44,46.62,1332,5611
1992-09-11,46.7,46.88,46.7,46.88,2836,5538
1992-09-14,47.18,47.32,47.18,47.3,1265,5335
1992-09-15,47.05,47.23,46.97,47.18,738,2879
1992-09-16,47.24,47.38,47.04,47.16,221,2805
1992-09-17,47.24,47.24,46.99,47.14,151,2822
1992-09-18,47.09,47.3,47.09,47.27,81,2844
1992-09-21,46.86,46.94,46.7,46.7,194,2856
1992-09-22,46.49,46.71,46.49,46.68,245,2867
1992-09-23,46.9,46.9,46.42,46.44,150,2871
1992-09-24,46.6,46.76,46.58,46.64,111,2863
1992-09-25,46.71,46.87,46.58,46.73,198,2961
1992-09-28,46.42,46.42,46.1,46.11,795,3074
1992-09-29,46.16,46.16,45.99,46.05,325,3063
1992-09-30,46.03,46.16,45.93,45.95,789,3115
1992-10-01,45.98,46.13,45.98,46.05,124,3128
1992-10-02,46.39,46.45,46.16,46.18,179,3138
1992-10-05,46.68,46.74,46.51,46.68,254,3118
1992-10-06,46.52,46.58,46.52,46.53,106,3085
1992-10-07,46.42,46.51,46.42,46.45,382,3094
1992-10-08,46.6,46.68,46.44,46.49,205,3042
1992-10-09,46.33,46.4,46.3,46.38,124,3007
1992-10-12,46.47,46.61,46.47,46.56,89,2991
1992-10-13,46.58,46.78,46.58,46.77,346,2997
1992-10-14,46.7,46.8,46.7,46.75,385,2911
1992-10-15,46.71,46.74,46.62,46.73,82,2925
1992-10-16,46.6,46.68,46.45,46.46,83,2912
1992-10-19,46.39,46.47,46.36,46.47,83,2907
1992-10-20,46.24,46.27,46.16,46.25,419,2953
1992-10-21,46.37,46.5,46.34,46.36,241,2913
1992-10-22,46.63,46.66,46.57,46.66,194,2928
1992-10-23,46.49,46.51,46.45,46.51,344,2908
1992-10-26,46.16,46.31,46.1,46.1,424,2972
1992-10-27,46.1,46.1,45.22,45.51,1934,3644
1992-10-28,44.87,45.09,44.85,45.02,1836,4136
1992-10-29,45.17,45.17,44.82,44.97,291,4152
1992-10-30,44.83,45.08,44.83,44.99,344,4158
1992-11-02,44.88,44.91,44.61,44.9,166,4156
1992-11-03,45.08,45.19,45.01,45.01,387,4101
1992-11-04,44.87,44.87,44.59,44.64,234,4098
1992-11-05,44.59,45.2,44.57,45.14,216,4077
1992-11-06,45.14,45.42,45.03,45.39,434,4095
1992-11-09,45.25,45.25,44.9,44.95,183,4090
1992-11-10,44.87,44.87,44.59,44.6,294,4115
1992-11-11,45.06,45.06,44.78,44.87,115,4116
1992-11-12,45.02,45.09,44.82,45.06,212,4114
1992-11-13,44.83,44.96,44.83,44.85,160,4147
1992-11-16,44.83,44.83,44.5,44.53,262,4166
1992-11-17,44.43,44.44,44.18,44.38,683,4376
1992-11-18,44.58,44.63,44.44,44.57,329,4415
1992-11-19,44.44,44.44,44.2,44.27,222,4420
1992-11-20,44.31,44.54,44.29,44.5,215,4396
1992-11-23,44.28,44.3,44.22,44.24,326,4482
1992-11-24,44.29,44.41,44.28,44.41,123,4518
1992-11-25,44.6,44.74,44.53,44.7,190,4497
1992-11-27,44.76,44.76,44.76,44.76,73,4458
1992-11-30,44.61,44.61,44.17,44.2,911,4888
1992-12-01,44.12,44.44,43.96,44.36,1352,5237
1992-12-02,44.32,44.39,44.2,44.35,233,5268
1992-12-03,44.66,45.09,44.65,45.09,1104,5083
1992-12-04,45.06,45.06,44.9,44.92,888,4897
1992-12-07,44.88,45.03,44.87,45.0,1461,4209
1992-12-08,45.03,45.03,44.94,44.94,511,4165
1992-12-09,45.07,45.13,45.0,45.12,3607,4665
1992-12-10,44.85,44.85,44.63,44.68,1089,4337
1992-12-11,44.81,44.82,44.74,44.81,616,4358
1992-12-14,44.63,44.63,44.51,44.55,576,4286
1992-12-15,44.61,44.71,44.53,44.68,164,2422
1992-12-16,44.77,44.77,44.64,44.65,376,2447
1992-12-17,44.71,44.83,44.71,44.8,90,2445
1992-12-18,44.85,44.94,44.85,44.93,269,2367
1992-12-21,44.96,45.05,44.91,45.05,109,2381
1992-12-22,44.75,44.9,44.75,44.81,93,2394
1992-12-23,44.81,44.87,44.79,44.84,42,2400
1992-12-24,44.9,44.92,44.9,44.92,32,2390
1992-12-28,44.87,44.87,44.68,44.72,202,2385
1992-12-29,44.71,44.77,44.66,44.76,183,2397
1992-12-30,44.71,44.77,44.71,44.76,103,2374
1992-12-31,44.62,44.83,44.62,44.8,76,2377
1993-01-04,44.61,44.61,44.02,44.11,2689,3507
1993-01-05,44.02,44.23,43.63,43.79,1772,3705
1993-01-06,43.49,43.7,43.36,43.48,1287,4459
1993-01-07,43.5,43.66,43.42,43.48,175,4467
1993-01-08,43.65,43.73,43.65,43.71,120,4512
1993-01-11,43.65,43.8,43.65,43.68,237,4508
1993-01-12,43.76,43.96,43.66,43.66,125,4477
1993-01-13,43.68,43.7,43.27,43.53,139,4485
1993-01-14,43.59,43.61,43.5,43.57,258,4522
1993-01-15,43.68,43.9,43.68,43.81,559,4649
1993-01-18,43.89,43.99,43.89,43.93,398,4654
1993-01-19,43.93,43.93,43.62,43.62,93,4631
1993-01-20,43.57,43.63,43.45,43.46,89,4633
1993-01-21,43.24,43.43,43.12,43.42,301,4693
1993-01-22,43.63,43.82,43.63,43.71,224,4715
1993-01-25,43.6,43.77,43.6,43.68,137,4712
1993-01-26,43.93,44.08,43.91,44.01,441,4619
1993-01-27,43.89,43.92,43.78,43.85,368,4792
1993-01-28,44.04,44.43,44.04,44.33,815,4692
1993-01-29,44.15,44.28,44.14,44.21,752,4710
1993-02-01,44.02,44.02,43.75,43.93,280,4658
1993-02-02,44.02,44.35,43.95,44.2,1007,4597
1993-02-03,44.14,44.3,44.02,44.09,403,4300
1993-02-04,44.02,44.35,43.99,44.17,777,3836
1993-02-05,43.85,44.06,43.78,43.92,192,3785
1993-02-08,43.65,43.69,43.53,43.58,242,3810
1993-02-09,43.58,43.62,43.5,43.5,218,3812
1993-02-10,43.5,43.86,43.5,43.76,140,3808
1993-02-11,43.91,44.15,43.89,44.11,247,3811
1993-02-12,44.1,44.22,44.09,44.17,280,3817
1993-02-16,44.34,44.79,44.34,44.64,1694,3409
1993-02-17,44.84,44.89,44.7,44.82,1655,3412
1993-02-18,44.68,44.81,44.58,44.77,820,3130
1993-02-19,44.81,45.07,44.81,44.95,830,3110
1993-02-22,44.86,45.11,44.82,45.0,57,3111
1993-02-23,45.03,45.51,45.03,45.48,1167,3376
1993-02-24,45.39,45.53,45.18,45.23,1394,3795
1993-02-25,45.14,45.35,45.06,45.35,1164,4218
1993-02-26,45.16,45.36,45.16,45.3,284,4276
1993-03-01,45.8,46.08,45.76,45.93,1012,4718
1993-03-02,46.2,46.29,46.05,46.14,1038,4640
1993-03-03,46.05,46.14,45.9,46.08,185,4721
1993-03-04,46.17,46.57,46.16,46.51,1034,4674
1993-03-05,46.53,46.53,46.11,46.24,403,4730
1993-03-08,46.02,46.1,45.91,45.92,890,4929
1993-03-09,45.72,45.85,45.7,45.74,462,4926
1993-03-10,45.97,46.08,45.91,45.98,2462,5657
1993-03-11,46.04,46.16,46.02,46.09,2300,6240
1993-03-12,46.06,46.49,45.98,46.46,1326,6087
1993-03-15,46.19,46.19,45.83,45.85,630,6022
1993-03-16,45.9,46.21,45.9,46.14,263,3192
1993-03-17,46.08,46.4,46.08,46.29,166,3107
1993-03-18,46.62,46.74,46.61,46.71,608,3443
1993-03-19,46.73,46.86,46.63,46.75,590,3389
1993-03-22,46.92,46.94,46.56,46.58,141,3407
1993-03-23,46.19,46.19,45.89,45.89,925,3633
1993-03-24,46.0,46.17,45.93,46.15,492,3616
1993-03-25,46.17,46.42,46.17,46.26,356,3547
1993-03-26,46.38,46.39,46.29,46.29,442,3559
1993-03-29,46.14,46.23,46.1,46.1,82,3530
1993-03-30,46.57,46.57,46.44,46.48,134,3480
1993-03-31,46.06,46.13,45.97,46.04,823,3332
1993-04-01,45.9,45.9,45.36,45.49,2264,2714
1993-04-02,45.9,45.9,45.49,45.49,640,2866
1993-04-05,45.83,45.93,45.81,45.91,280,2823
1993-04-06,45.93,46.27,45.93,46.27,179,2558
1993-04-07,46.22,46.22,46.11,46.14,242,2512
1993-04-08,46.56,46.56,46.3,46.37,434,2459
1993-04-12,46.42,46.62,46.41,46.59,520,2410
1993-04-13,46.85,47.07,46.8,47.0,1020,2612
1993-04-14,47.21,47.28,47.09,47.21,1025,2851
1993-04-15,47.01,47.16,46.98,47.13,462,3014
1993-04-16,46.79,46.94,46.75,46.92,283,3080
1993-04-19,46.86,47.05,46.86,47.01,634,3223
1993-04-20,47.03,47.03,46.74,46.75,514,3067
1993-04-21,46.85,46.85,46.67,46.75,241,3004
1993-04-22,46.72,46.75,46.34,46.38,492,3032
1993-04-23,46.43,46.82,46.43,46.69,382,3120
1993-04-26,46.96,47.31,46.94,47.16,389,3116
1993-04-27,47.47,47.49,46.62,46.79,1259,3445
1993-04-28,46.59,46.75,46.51,46.74,527,3394
1993-04-29,46.72,46.85,46.39,46.5,274,3382
1993-04-30,46.23,46.42,46.04,46.1,1230,3086
1993-05-03,46.28,46.28,46.16,46.19,598,3309
1993-05-04,46.0,46.0,45.62,45.69,1240,3026
1993-05-05,45.67,46.03,45.51,46.03,1177,3382
1993-05-06,46.1,46.13,46.03,46.1,724,3584
1993-05-07,46.29,46.46,46.21,46.46,1149,3920
1993-05-10,45.99,46.07,45.93,45.94,973,4065
1993-05-11,45.74,46.02,45.66,45.99,424,4197
1993-05-12,45.77,45.99,45.77,45.97,180,4170
1993-05-13,45.81,46.25,45.81,46.1,344,4164
1993-05-14,46.14,46.14,45.87,46.02,187,4221
1993-05-17,45.92,46.03,45.92,45.93,192,4134
1993-05-18,45.77,45.77,45.11,45.19,1813,4336
1993-05-19,45.39,45.45,45.22,45.22,660,4698
1993-05-20,45.43,45.55,45.31,45.52,301,4578
1993-05-21,45.44,45.6,45.41,45.51,301,4478
1993-05-24,45.39,45.56,45.05,45.47,726,4657
1993-05-25,45.53,45.95,45.53,45.83,352,4524
1993-05-26,45.82,45.83,45.65,45.83,414,4440
1993-05-27,45.83,45.83,45.31,45.34,615,4455
1993-05-28,45.24,45.24,44.92,44.93,553,4461
1993-06-01,44.42,44.65,44.11,44.49,1257,5062
1993-06-02,44.59,44.59,44.4,44.46,628,5155
1993-06-03,44.5,44.7,44.48,44.48,612,5194
1993-06-04,44.36,44.39,44.14,44.25,1278,5569
1993-06-07,44.31,44.31,44.04,44.04,3187,6502
1993-06-08,43.89,43.95,43.83,43.95,3767,7243
1993-06-09,43.98,44.41,43.98,44.35,1138,7218
1993-06-10,44.37,44.43,44.32,44.37,930,7144
1993-06-11,44.28,44.66,44.22,44.6,699,7051
1993-06-14,44.47,44.53,44.13,44.22,264,7010
1993-06-15,44.26,44.47,44.22,44.38,216,3974
1993-06-16,44.52,44.58,44.32,44.41,351,3977
1993-06-17,44.22,44.36,44.18,44.24,159,3949
1993-06-18,44.17,44.58,44.09,44.56,376,3848
1993-06-21,44.85,45.14,44.85,45.02,776,3781
1993-06-22,44.94,45.02,44.78,44.78,599,3685
1993-06-23,44.48,44.48,44.16,44.22,318,3669
1993-06-24,43.97,44.28,43.79,43.8,910,3937
1993-06-25,43.98,44.06,43.92,43.92,1006,4028
1993-06-28,43.87,44.02,43.83,43.87,258,4006
1993-06-29,43.91,44.06,43.9,43.9,288,4041
1993-06-30,43.82,44.02,43.46,43.75,902,4017
1993-07-01,43.81,44.04,43.61,43.95,414,4018
1993-07-02,43.93,44.13,43.79,44.08,614,4168
1993-07-06,44.22,44.6,44.17,44.6,1487,4027
1993-07-07,44.73,44.82,44.58,44.69,565,3997
1993-07-08,44.66,45.07,44.66,44.95,788,3959
1993-07-09,44.89,44.99,44.63,44.8,356,3958
1993-07-12,44.8,44.85,44.6,44.71,303,3990
1993-07-13,44.56,44.66,44.47,44.48,267,3991
1993-07-14,44.63,44.64,44.39,44.53,402,4011
1993-07-15,44.71,44.78,44.69,44.74,520,3907
1993-07-16,44.74,44.74,44.51,44.68,268,3914
1993-07-19,44.49,44.54,44.41,44.49,112,3905
1993-07-20,44.51,44.58,44.48,44.54,189,3967
1993-07-21,44.76,44.77,44.49,44.53,496,3962
1993-07-22,44.51,44.55,44.37,44.39,215,3939
1993-07-23,44.58,44.66,44.49,44.66,152,3894
1993-07-26,44.69,44.69,44.6,44.66,199,3827
1993-07-27,44.54,44.58,44.48,44.51,205,3842
1993-07-28,44.49,44.53,44.38,44.51,133,3862
1993-07-29,44.4,44.87,44.38,44.83,255,3940
1993-07-30,45.14,45.45,45.07,45.41,2469,4579
1993-08-02,45.43,45.61,45.31,45.5,1412,4842
1993-08-03,45.34,45.45,45.31,45.4,1057,4849
1993-08-04,45.2,45.39,45.2,45.36,1948,5458
1993-08-05,45.3,45.3,44.58,44.69,840,5374
1993-08-06,44.61,44.91,44.48,44.8,2503,5240
1993-08-09,44.81,44.93,44.78,44.78,592,4987
1993-08-10,45.03,45.25,44.93,45.2,832,4638
1993-08-11,45.12,45.15,44.91,44.93,307,4696
1993-08-12,44.76,44.87,44.43,44.45,2888,5896
1993-08-13,44.68,44.76,44.45,44.54,882,5895
1993-08-16,44.58,44.78,44.54,44.77,933,5836
1993-08-17,44.71,44.74,44.24,44.27,868,5953
1993-08-18,44.33,44.49,44.31,44.47,617,5959
1993-08-19,44.61,44.99,44.4,44.9,1768,4942
1993-08-20,44.74,44.74,44.51,44.54,1201,5211
1993-08-23,44.14,44.17,43.87,43.93,991,5384
1993-08-24,43.87,44.15,43.85,44.04,768,5447
1993-08-25,44.23,44.35,44.16,44.26,485,5478
1993-08-26,44.26,44.26,44.04,44.08,776,5513
1993-08-27,43.92,43.95,43.8,43.85,879,5649
1993-08-30,44.15,44.24,44.12,44.18,296,5643
1993-08-31,44.1,44.38,44.1,44.35,454,5500
1993-09-01,44.37,44.37,43.89,44.06,1290,5701
1993-09-02,43.77,43.79,43.2,43.21,1959,6261
1993-09-03,43.23,43.23,42.44,42.7,4398,7127
1993-09-07,43.06,43.17,42.75,42.85,4559,7970
1993-09-08,43.16,43.43,43.16,43.37,5237,8467
1993-09-09,43.35,43.35,43.06,43.14,1898,8330
1993-09-10,43.22,43.22,42.74,42.84,2780,8722
1993-09-13,42.96,43.06,42.77,42.92,756,8329
1993-09-14,42.59,42.67,42.41,42.57,796,6090
1993-09-15,42.63,42.98,42.63,42.79,318,6132
1993-09-16,42.89,43.07,42.75,42.78,455,6271
1993-09-17,43.14,43.16,42.94,43.01,340,6197
1993-09-20,43.02,43.02,42.81,42.86,307,6144
1993-09-21,42.86,43.33,42.86,43.31,407,6173
1993-09-22,43.32,43.34,43.14,43.22,1126,5926
1993-09-23,43.12,43.32,42.94,43.23,308,5906
1993-09-24,43.02,43.24,43.02,43.24,135,5906
1993-09-27,43.02,43.06,42.74,42.76,290,5890
1993-09-28,42.76,42.76,42.59,42.72,897,5781
1993-09-29,42.65,42.86,42.39,42.55,842,5850
1993-09-30,42.36,42.61,42.31,42.52,351,5991
1993-10-01,42.69,42.81,42.69,42.78,709,5886
1993-10-04,42.64,42.73,42.51,42.52,858,6010
1993-10-05,42.69,42.74,42.51,42.63,211,5950
1993-10-06,42.81,43.28,42.81,43.16,607,5854
1993-10-07,43.19,43.42,43.19,43.22,734,5649
1993-10-08,43.29,43.61,43.26,43.5,1560,5386
1993-10-11,43.52,43.71,43.47,43.6,1037,4867
1993-10-12,43.56,43.71,43.51,43.67,472,4801
1993-10-13,43.61,43.79,43.61,43.72,655,4499
1993-10-14,43.88,44.0,43.74,43.83,681,4488
1993-10-15,43.88,43.88,43.69,43.76,688,4527
1993-10-18,43.57,43.8,43.55,43.67,237,4538
1993-10-19,43.92,44.01,43.8,43.84,1108,4181
1993-10-20,43.86,44.21,43.86,44.16,850,4243
1993-10-21,44.27,44.39,44.23,44.33,922,4160
1993-10-22,44.23,44.33,44.12,44.22,582,4133
1993-10-25,44.15,44.29,44.12,44.25,479,4046
1993-10-26,44.27,44.28,43.96,44.12,344,4008
1993-10-27,43.96,44.06,43.87,44.04,375,4035
1993-10-28,44.0,44.2,43.99,44.01,166,4022
1993-10-29,44.0,44.14,43.95,44.1,309,4094
1993-11-01,44.21,44.63,44.21,44.59,1451,4378
1993-11-02,44.61,44.65,44.43,44.61,864,4487
1993-11-03,44.41,44.73,44.41,44.71,1736,5364
1993-11-04,44.63,44.67,44.38,44.66,427,5290
1993-11-05,44.59,44.67,44.49,44.65,279,5382
1993-11-08,44.39,44.39,44.16,44.2,719,5199
1993-11-09,44.11,44.14,44.06,44.11,851,5081
1993-11-10,43.96,43.99,43.75,43.85,1134,4653
1993-11-11,43.76,43.8,43.51,43.73,1387,4093
1993-11-12,43.69,43.69,43.42,43.52,906,4094
1993-11-15,43.35,43.49,43.06,43.44,969,3784
1993-11-16,43.49,43.61,43.37,43.54,358,3798
1993-11-17,43.62,43.93,43.62,43.91,606,3841
1993-11-18,43.85,43.92,43.69,43.69,549,3769
1993-11-19,43.69,43.92,43.67,43.89,258,3696
1993-11-22,43.78,43.87,43.57,43.75,238,3721
1993-11-23,43.76,43.92,43.76,43.86,362,3727
1993-11-24,43.88,44.02,43.88,43.99,626,3784
1993-11-26,43.81,43.88,43.78,43.82,312,3976
1993-11-29,43.76,43.76,43.47,43.51,610,3962
1993-11-30,43.56,43.69,43.39,43.58,528,3855
1993-12-01,43.51,43.61,43.43,43.6,741,4090
1993-12-02,43.82,44.18,43.8,44.1,1162,4232
1993-12-03,44.29,44.45,44.21,44.23,1549,4636
1993-12-06,44.25,44.45,44.23,44.4,819,4786
1993-12-07,44.39,44.39,44.02,44.14,1724,4982
1993-12-08,44.42,44.65,44.39,44.54,2750,5919
1993-12-09,44.47,44.59,44.32,44.35,1778,5879
1993-12-10,44.35,44.52,44.3,44.49,630,5738
1993-12-13,44.45,44.5,44.4,44.45,292,5523
1993-12-14,44.55,44.62,44.5,44.59,348,2968
1993-12-15,44.57,44.83,44.42,44.74,690,3282
1993-12-16,44.73,44.73,44.57,44.63,589,3434
1993-12-17,44.53,45.03,44.42,44.94,1590,4256
1993-12-20,44.99,44.99,44.91,44.91,1800,4790
1993-12-21,44.99,45.13,44.93,44.97,1061,5093
1993-12-22,45.09,45.09,44.99,45.02,146,5373
1993-12-23,45.02,45.02,44.82,44.83,435,5313
1993-12-27,44.91,44.98,44.91,44.98,593,5410
1993-12-28,44.98,45.05,44.89,44.89,464,5332
1993-12-29,44.85,44.85,44.57,44.62,270,5353
1993-12-30,44.74,44.82,44.69,44.77,616,5497
1993-12-31,44.83,45.01,44.83,44.95,211,5496
1994-01-03,44.93,45.45,44.9,45.42,2601,6591
1994-01-04,45.5,45.5,45.28,45.35,432,6804
1994-01-05,45.42,45.6,45.3,45.35,508,7127
1994-01-06,45.45,45.48,45.22,45.38,200,7122
1994-01-07,45.32,45.58,45.32,45.38,454,6971
1994-01-10,45.38,45.62,45.38,45.5,614,6852
1994-01-11,45.55,45.81,45.55,45.78,616,7171
1994-01-12,45.76,45.85,45.52,45.83,679,7471
1994-01-13,45.72,45.9,45.72,45.73,501,7345
1994-01-14,45.62,45.74,45.55,45.59,215,7335
1994-01-17,45.78,46.15,45.78,46.05,790,7503
1994-01-18,46.15,46.3,46.12,46.22,1018,7943
1994-01-19,46.23,46.53,46.21,46.4,958,8600
1994-01-20,46.41,46.76,46.41,46.64,277,8670
1994-01-21,46.49,46.6,46.43,46.57,311,8694
1994-01-24,46.39,46.68,46.36,46.57,414,8610
1994-01-25,46.84,47.05,46.84,46.92,789,8978
1994-01-26,46.94,47.13,46.94,46.96,574,8660
1994-01-27,47.14,47.18,46.88,46.9,1237,8195
1994-01-28,46.9,47.1,46.78,47.01,1018,8116
1994-01-31,47.08,47.08,46.88,47.0,468,8141
1994-02-01,47.18,47.51,47.18,47.43,433,8042
1994-02-02,47.41,47.48,47.28,47.44,306,8043
1994-02-03,47.6,47.6,47.29,47.3,273,8016
1994-02-04,47.37,47.43,46.98,47.16,666,8084
1994-02-07,47.28,47.45,47.28,47.36,447,7977
1994-02-08,47.54,47.72,47.53,47.58,524,8061
1994-02-09,47.6,47.69,47.46,47.63,273,8004
1994-02-10,47.79,47.94,47.59,47.68,648,7981
1994-02-11,47.55,47.56,47.38,47.51,1155,7789
1994-02-14,47.27,47.32,46.75,47.01,2038,7408
1994-02-15,47.13,47.16,46.87,47.01,891,7178
1994-02-16,47.28,47.33,47.1,47.3,813,7049
1994-02-17,47.32,47.64,47.32,47.63,848,6921
1994-02-18,47.46,47.54,47.25,47.45,2458,7721
1994-02-22,47.46,47.89,47.14,47.84,751,7354
1994-02-23,47.94,48.24,47.93,48.11,836,7425
1994-02-24,48.12,48.43,47.97,48.03,1043,7884
1994-02-25,47.89,47.89,47.68,47.73,815,7872
1994-02-28,47.61,47.61,47.14,47.34,1845,7599
1994-03-01,47.36,47.58,47.28,47.32,567,7653
1994-03-02,47.08,47.16,46.61,46.8,2240,6909
1994-03-03,47.04,47.04,46.79,46.8,934,6846
1994-03-04,47.12,47.53,47.12,47.5,1331,7373
1994-03-07,47.69,47.83,47.64,47.65,2596,8326
1994-03-08,47.62,47.72,47.52,47.57,5380,8150
1994-03-09,47.48,47.59,47.26,47.44,1648,8062
1994-03-10,47.29,47.29,46.84,46.85,2669,8420
1994-03-11,46.95,47.5,46.85,47.35,3179,7539
1994-03-14,47.51,47.72,47.51,47.67,734,7106
1994-03-15,47.77,47.93,47.59,47.65,555,4587
1994-03-16,47.46,47.66,47.29,47.34,441,4805
1994-03-17,47.4,47.4,47.2,47.36,233,4748
1994-03-18,47.36,47.36,47.1,47.24,549,4786
1994-03-21,47.29,47.36,46.92,47.04,800,4707
1994-03-22,47.02,47.22,46.91,47.09,892,4480
1994-03-23,47.22,47.29,47.1,47.26,442,4470
1994-03-24,47.28,47.62,46.99,47.01,708,4671
1994-03-25,46.96,47.26,46.79,47.23,653,4570
1994-03-28,47.41,47.41,47.14,47.14,212,4531
1994-03-29,47.12,47.14,46.56,46.7,2168,3931
1994-03-30,46.69,46.7,46.32,46.46,2009,4435
1994-03-31,46.55,46.62,46.48,46.51,809,4619
1994-04-01,46.64,46.96,46.64,46.87,191,4667
1994-04-04,46.87,46.89,46.7,46.7,362,4735
1994-04-05,46.56,46.94,46.48,46.88,2228,3939
1994-04-06,46.81,46.88,46.68,46.82,1077,3532
1994-04-07,47.04,47.79,46.89,47.69,3975,4354
1994-04-08,47.5,48.32,47.49,48.11,2532,5703
1994-04-11,47.92,48.12,47.89,47.92,1451,5955
1994-04-12,47.85,48.27,47.85,47.87,894,6288
1994-04-13,48.05,48.21,47.83,47.88,582,6201
1994-04-14,48.03,48.15,47.95,48.0,566,6218
1994-04-15,48.29,48.29,47.99,48.1,461,6355
1994-04-18,48.07,48.07,47.57,47.6,1243,6219
1994-04-19,47.62,47.75,47.36,47.42,703,6157
1994-04-20,47.49,47.69,47.22,47.26,1222,6016
1994-04-21,47.29,47.63,47.22,47.52,781,5793
1994-04-22,47.65,47.89,47.65,47.77,647,5885
1994-04-25,47.59,47.73,47.52,47.68,471,6113
1994-04-26,47.79,47.98,47.67,47.72,676,6137
1994-04-28,47.55,47.55,47.19,47.27,941,6218
1994-04-29,47.29,47.65,47.22,47.55,550,5993
1994-05-02,47.66,47.66,47.26,47.31,327,5875
1994-05-03,47.22,47.22,46.74,46.76,2051,5365
1994-05-04,46.9,47.46,46.9,47.45,990,5480
1994-05-05,47.39,47.79,47.24,47.73,1398,5344
1994-05-06,47.71,47.71,47.46,47.62,1024,5451
1994-05-09,47.62,48.03,47.62,47.97,1148,5571
1994-05-10,47.87,48.25,47.79,48.21,2013,5873
1994-05-11,48.17,48.17,47.85,47.98,809,5977
1994-05-12,47.89,47.97,47.69,47.78,658,6028
1994-05-13,47.77,48.13,47.77,48.11,373,6092
1994-05-16,48.04,48.41,48.03,48.37,2122,7204
1994-05-17,48.38,48.59,48.25,48.56,1310,7632
1994-05-18,48.56,48.68,48.33,48.41,1879,8531
1994-05-19,48.48,48.69,48.43,48.49,671,8577
1994-05-20,48.39,48.58,48.34,48.5,633,8396
1994-05-23,48.4,48.89,48.4,48.79,1377,8871
1994-05-24,48.81,49.06,48.79,48.98,1667,9553
1994-05-25,48.91,48.95,48.72,48.87,690,9753
1994-05-26,48.79,48.83,48.65,48.78,893,9571
1994-05-27,48.73,48.87,48.65,48.75,717,9692
1994-05-31,48.95,49.16,48.93,49.06,877,9728
1994-06-01,49.1,49.32,49.06,49.12,1387,9877
1994-06-02,49.08,49.13,49.02,49.08,582,9896
1994-06-03,49.02,49.16,48.96,49.08,1685,10026
1994-06-06,48.99,49.02,48.81,48.89,4320,10877
1994-06-07,48.77,48.89,48.73,48.81,3567,10944
1994-06-08,48.91,48.93,48.72,48.83,3317,11243
1994-06-09,48.83,48.88,48.74,48.83,3907,11776
1994-06-10,48.83,48.89,48.8,48.85,8256,12203
1994-06-13,49.0,49.0,48.87,48.89,2067,11944
1994-06-14,48.87,48.9,48.42,48.57,2768,7605
1994-06-15,48.53,48.71,48.37,48.51,1510,7261
1994-06-16,48.58,48.63,48.24,48.53,633,7248
1994-06-17,48.61,48.91,48.58,48.84,512,7086
1994-06-20,49.04,49.2,49.01,49.16,2050,8032
1994-06-21,49.07,49.68,48.93,49.63,1434,8455
1994-06-22,49.36,49.45,48.84,48.93,1833,8315
1994-06-23,48.71,48.92,48.57,48.63,1004,8064
1994-06-24,48.67,48.74,48.24,48.37,4207,7492
1994-06-27,48.21,48.21,47.74,48.0,3186,6521
1994-06-28,47.97,48.14,47.93,48.02,1717,6314
1994-06-29,47.91,48.37,47.84,48.37,586,6377
1994-06-30,48.57,48.73,48.07,48.41,461,6206
1994-07-01,48.38,48.55,48.31,48.39,271,6235
1994-07-05,48.53,48.53,48.15,48.21,593,6183
1994-07-06,48.17,48.65,48.17,48.53,1195,6601
1994-07-07,48.67,48.71,48.27,48.34,1495,6654
1994-07-08,48.57,48.81,48.41,48.79,982,6600
1994-07-11,48.72,49.02,48.35,48.95,1105,6615
1994-07-12,48.91,49.02,48.69,48.97,818,6575
1994-07-13,49.0,49.14,48.91,49.07,664,6382
1994-07-14,48.97,48.97,48.74,48.91,388,6362
1994-07-15,49.0,49.02,48.6,48.73,587,6333
1994-07-18,48.73,48.74,48.55,48.56,467,6411
1994-07-19,48.57,48.91,48.55,48.83,425,6386
1994-07-20,48.98,49.03,48.83,48.95,988,6590
1994-07-21,49.09,49.09,48.75,48.89,1000,6712
1994-07-22,49.04,49.57,49.04,49.48,3750,7921
1994-07-25,49.37,49.49,49.37,49.44,881,7756
1994-07-26,49.44,49.53,49.32,49.42,640,7881
1994-07-27,49.28,49.28,49.06,49.17,452,7891
1994-07-28,48.97,49.08,48.81,49.05,796,7743
1994-07-29,49.14,49.27,49.02,49.22,636,7908
1994-08-01,48.91,49.08,48.89,49.03,663,7796
1994-08-02,49.04,49.14,48.63,48.73,1798,8026
1994-08-03,48.73,48.97,48.62,48.63,1358,7785
1994-08-04,48.55,49.04,48.51,48.95,1139,7630
1994-08-05,49.04,49.47,49.04,49.42,3367,8472
1994-08-08,49.34,49.44,49.14,49.16,1713,8593
1994-08-09,49.47,49.54,49.2,49.28,1242,9023
1994-08-10,49.24,49.6,49.2,49.43,638,9027
1994-08-11,49.56,49.72,49.4,49.52,2069,9708
1994-08-12,49.37,49.43,49.28,49.3,1387,9467
1994-08-15,49.3,49.38,49.17,49.3,485,9331
1994-08-16,49.38,49.57,49.1,49.46,1106,8892
1994-08-17,49.62,49.68,48.98,49.01,1495,9129
1994-08-18,48.91,49.34,48.91,49.23,1252,8965
1994-08-19,49.17,49.22,49.0,49.09,460,8992
1994-08-22,48.94,49.0,48.85,48.87,1538,9393
1994-08-23,48.77,49.08,48.77,49.02,1845,8302
1994-08-24,48.88,49.5,48.88,49.36,959,7967
1994-08-25,49.4,49.57,49.28,49.45,2015,8129
1994-08-26,49.37,49.55,49.32,49.38,1331,8052
1994-08-29,49.43,49.5,49.26,49.48,870,8170
1994-08-30,49.5,49.56,49.39,49.52,579,8225
1994-08-31,49.5,49.57,49.3,49.46,534,8170
1994-09-01,49.41,49.5,49.32,49.48,818,8234
1994-09-02,49.38,49.44,49.32,49.39,353,8273
1994-09-06,49.3,49.37,49.12,49.27,1224,8172
1994-09-07,49.35,49.54,49.3,49.44,1201,8355
1994-09-08,49.46,49.7,49.46,49.67,2139,9265
1994-09-09,49.59,49.65,49.55,49.62,9779,11937
1994-09-12,49.51,49.52,49.38,49.4,4429,11870
1994-09-13,49.32,49.64,49.32,49.46,2398,11206
1994-09-14,49.44,49.51,49.24,49.47,2425,10885
1994-09-15,49.36,49.51,49.36,49.46,1621,10713
1994-09-16,49.53,49.6,49.42,49.57,946,10643
1994-09-19,49.46,49.52,49.39,49.4,766,10161
1994-09-20,49.46,49.62,49.38,49.47,740,6278
1994-09-21,49.33,49.4,48.81,48.82,3149,6650
1994-09-22,49.0,49.05,48.85,48.92,2657,7193
1994-09-23,49.0,49.48,49.0,49.4,2661,6164
1994-09-26,49.28,49.36,49.16,49.24,845,5822
1994-09-27,49.23,49.32,49.14,49.23,406,5734
1994-09-28,49.31,49.32,49.23,49.23,157,5764
1994-09-29,49.12,49.34,49.12,49.17,319,5835
1994-09-30,49.26,49.32,49.23,49.26,345,5725
1994-10-03,49.36,49.45,49.3,49.33,526,5686
1994-10-04,49.25,49.25,49.06,49.2,512,5589
1994-10-05,49.26,49.31,49.18,49.22,154,5548
1994-10-06,49.23,49.31,49.16,49.22,169,5547
1994-10-07,49.1,49.18,49.03,49.12,765,5955
1994-10-10,49.13,49.16,49.1,49.16,267,5708
1994-10-11,49.06,49.06,48.9,48.96,1452,5775
1994-10-12,49.01,49.04,48.98,49.0,320,5616
1994-10-13,49.12,49.14,49.07,49.1,361,5552
1994-10-14,49.0,49.04,48.86,48.98,921,5712
1994-10-17,49.04,49.13,48.92,49.02,835,5857
1994-10-18,49.06,49.12,49.04,49.08,871,6166
1994-10-19,49.0,49.06,48.9,48.96,446,6233
1994-10-20,49.09,49.09,48.66,48.67,4140,8967
1994-10-21,48.73,48.8,48.6,48.66,6036,12287
1994-10-24,48.86,49.16,48.86,48.99,1540,12601
1994-10-25,48.92,49.05,48.91,48.96,160,12615
1994-10-26,49.13,49.5,49.13,49.42,8512,7654
1994-10-27,49.4,49.51,49.33,49.48,2079,7263
1994-10-28,49.46,49.53,49.3,49.4,802,6275
1994-10-31,49.4,49.46,49.33,49.4,251,6051
1994-11-01,49.4,49.4,49.25,49.28,310,6064
1994-11-02,49.28,49.53,49.27,49.4,748,6094
1994-11-03,49.4,49.47,49.4,49.41,442,6036
1994-11-04,49.63,50.08,49.6,50.04,8956,11356
1994-11-07,49.84,50.32,49.83,50.16,3969,12397
1994-11-08,50.13,50.2,50.07,50.15,606,12643
1994-11-09,50.1,50.58,50.1,50.25,1617,13552
1994-11-10,50.24,50.3,50.2,50.26,389,13700
1994-11-11,50.22,50.22,50.03,50.11,461,13682
1994-11-14,50.13,50.13,49.98,50.04,548,13739
1994-11-15,50.12,50.26,50.11,50.2,316,13920
1994-11-16,50.02,50.11,49.96,50.05,1488,13750
1994-11-17,50.1,50.24,50.07,50.15,818,13606
1994-11-18,50.23,50.55,50.22,50.51,1335,14468
1994-11-21,50.56,50.84,50.47,50.76,1407,15074
1994-11-22,50.76,51.04,50.74,50.83,1790,15832
1994-11-23,50.66,50.7,50.53,50.66,2260,15612
1994-11-25,50.58,50.7,50.53,50.58,973,14800
1994-11-28,50.57,50.83,50.57,50.81,514,14392
1994-11-29,50.9,50.94,50.76,50.82,615,14533
1994-11-30,50.9,51.26,50.9,51.18,1561,14317
1994-12-01,51.16,51.23,51.08,51.11,832,14399
1994-12-02,51.08,51.38,51.06,51.22,1113,14730
1994-12-05,51.33,51.46,51.29,51.38,1273,14680
1994-12-06,51.31,51.38,51.08,51.33,1033,14612
1994-12-07,51.36,51.4,51.25,51.26,1265,15198
1994-12-08,51.32,51.63,51.2,51.62,1173,15578
1994-12-09,51.68,51.73,51.5,51.62,12387,19669
1994-12-12,51.64,51.73,51.58,51.61,11871,22204
1994-12-13,51.73,51.79,51.64,51.68,4068,22042
1994-12-14,51.85,51.85,51.54,51.71,2584,22131
1994-12-15,51.75,51.95,51.75,51.82,3905,22314
1994-12-16,51.83,51.83,51.6,51.67,3079,22572
1994-12-19,51.72,51.87,51.67,51.69,730,22470
1994-12-20,51.71,51.82,51.65,51.69,307,14973
1994-12-21,51.71,51.71,51.61,51.63,355,14925
1994-12-22,51.65,51.76,51.63,51.74,859,15353
1994-12-23,51.77,51.83,51.72,51.8,186,15363
1994-12-27,51.8,51.81,51.63,51.74,143,15338
1994-12-28,51.78,51.86,51.72,51.74,209,15344
1994-12-29,51.77,51.8,51.69,51.79,318,15318
1994-12-30,51.7,51.75,51.63,51.7,326,15351
1995-01-03,51.67,51.67,51.16,51.22,4941,14450
1995-01-04,51.36,51.36,51.0,51.24,3568,14294
1995-01-05,51.27,51.32,51.12,51.29,1460,13900
1995-01-06,51.34,51.34,50.98,51.04,890,13773
1995-01-09,50.98,50.98,50.78,50.88,2278,13660
1995-01-10,50.92,51.22,50.91,51.09,813,13810
1995-01-11,51.15,51.35,51.13,51.26,767,13794
1995-01-12,51.36,51.46,51.04,51.14,594,13873
1995-01-13,51.11,51.18,50.36,50.43,4751,14246
1995-01-16,50.56,50.66,50.5,50.54,1141,14010
1995-01-17,50.7,50.76,50.47,50.6,794,13595
1995-01-18,50.55,50.84,50.51,50.74,812,13622
1995-01-19,50.86,51.19,50.86,51.15,635,13559
1995-01-20,51.26,51.43,51.24,51.32,1075,13144
1995-01-23,51.31,51.38,51.16,51.22,383,13085
1995-01-24,51.4,51.47,51.33,51.38,764,13266
1995-01-25,51.46,51.51,50.96,51.03,783,13229
1995-01-26,50.94,51.13,50.94,51.1,230,13233
1995-01-27,50.93,50.93,50.62,50.64,1377,13225
1995-01-30,50.6,50.72,50.49,50.68,2706,13426
1995-01-31,50.71,50.76,50.47,50.55,403,13355
1995-02-01,50.51,50.76,50.29,50.64,3443,12908
1995-02-02,50.66,50.71,50.58,50.64,469,12970
1995-02-03,50.7,50.74,50.13,50.17,2218,14284
1995-02-06,50.23,50.29,50.06,50.15,1874,13856
1995-02-07,50.08,50.08,49.69,49.77,2691,14232
1995-02-08,49.71,49.81,49.63,49.73,1537,13866
1995-02-09,49.73,49.79,49.46,49.53,1701,14521
1995-02-10,49.77,49.83,49.7,49.77,662,14551
1995-02-13,49.84,49.85,49.63,49.73,473,14608
1995-02-14,49.66,50.0,49.59,49.98,474,14552
1995-02-15,49.83,50.03,49.79,49.87,664,14567
1995-02-16,49.83,49.88,49.73,49.74,528,14574
1995-02-17,49.59,49.59,49.12,49.24,1179,15263
1995-02-21,49.56,49.69,49.42,49.63,1275,15385
1995-02-22,49.64,49.64,49.28,49.37,808,15557
1995-02-23,49.39,49.4,49.21,49.27,293,15564
1995-02-24,49.42,49.42,49.24,49.27,258,15656
1995-02-27,49.46,49.53,49.36,49.45,322,15537
1995-02-28,49.18,49.44,49.14,49.41,357,15585
1995-03-01,49.3,49.33,49.02,49.12,2443,16358
1995-03-02,49.19,49.39,49.16,49.24,2477,16352
1995-03-03,49.26,49.51,49.22,49.24,1412,16638
1995-03-06,49.28,49.51,49.22,49.47,4857,18505
1995-03-07,49.39,49.44,49.26,49.35,4039,18237
1995-03-08,49.61,49.61,49.37,49.49,4215,17730
1995-03-09,49.57,49.65,49.55,49.61,6126,18051
1995-03-10,49.72,49.91,49.63,49.82,3572,18986
1995-03-13,49.91,50.0,49.84,49.92,1774,18182
1995-03-14,49.93,49.93,49.77,49.81,457,7974
1995-03-15,49.96,49.97,49.84,49.96,314,7972
1995-03-16,49.94,49.94,49.88,49.9,63,7939
1995-03-17,49.86,49.86,48.97,49.09,3176,8640
1995-03-20,48.65,48.67,48.31,48.36,2317,9830
1995-03-21,48.49,48.64,48.46,48.56,631,9693
1995-03-22,48.68,48.77,48.43,48.52,445,9625
1995-03-23,48.44,48.61,48.44,48.57,244,9573
1995-03-24,48.71,48.91,48.68,48.85,392,9455
1995-03-27,48.59,48.72,48.5,48.72,437,9651
1995-03-28,48.53,48.87,48.52,48.75,269,9454
1995-03-29,48.62,48.65,48.34,48.42,554,9476
1995-03-30,48.5,48.93,48.5,48.9,376,9508
1995-03-31,48.75,49.44,48.4,49.26,2044,8810
1995-04-03,49.12,49.2,49.06,49.19,1574,8833
1995-04-04,49.08,49.27,49.0,49.12,282,8873
1995-04-05,49.47,49.81,49.47,49.63,2811,8775
1995-04-06,49.75,49.75,49.59,49.61,688,8763
1995-04-07,49.49,49.84,49.49,49.82,826,8891
1995-04-10,49.53,49.73,49.5,49.57,718,8814
1995-04-11,49.51,49.71,49.47,49.59,154,8804
1995-04-12,49.77,49.88,49.63,49.73,415,8890
1995-04-13,49.74,49.81,49.44,49.56,604,8840
1995-04-17,49.64,49.9,49.61,49.86,742,8927
1995-04-18,50.01,50.01,49.66,49.73,949,8911
1995-04-19,49.65,49.65,49.08,49.2,1874,8582
1995-04-20,49.24,49.37,49.18,49.3,523,8380
1995-04-21,49.32,49.38,48.77,48.87,1137,8531
1995-04-24,48.55,49.02,48.39,48.79,1045,8741
1995-04-25,48.79,48.81,48.7,48.73,387,8740
1995-04-26,48.87,48.99,48.56,48.71,714,8873
1995-04-27,48.85,48.92,48.65,48.86,347,8850
1995-04-28,48.83,48.99,48.75,48.86,537,8848
1995-05-01,48.77,49.01,48.61,48.94,678,8855
1995-05-02,48.83,49.1,48.78,48.87,1968,8702
1995-05-03,48.96,49.35,48.96,49.18,1414,8504
1995-05-04,49.2,49.88,49.2,49.73,3048,8088
1995-05-05,49.73,49.98,49.53,49.93,1212,8620
1995-05-08,49.81,49.81,49.43,49.49,1567,8972
1995-05-09,49.46,49.51,48.73,48.84,3372,8391
1995-05-10,48.98,48.98,48.77,48.82,1008,8633
1995-05-11,48.9,49.43,48.9,49.18,711,9175
1995-05-12,49.38,49.81,49.38,49.75,1658,9302
1995-05-15,49.59,49.59,49.1,49.2,855,9240
1995-05-16,49.26,49.31,48.77,48.88,1630,8673
1995-05-17,48.67,49.17,48.67,49.1,557,8618
1995-05-18,49.08,49.08,48.06,48.16,2938,9622
1995-05-19,48.33,48.4,47.87,48.1,2128,10083
1995-05-22,48.1,48.38,48.1,48.13,372,10025
1995-05-23,48.26,48.33,48.19,48.29,104,9944
1995-05-24,48.36,48.45,48.06,48.2,499,9944
1995-05-25,48.15,48.52,48.11,48.42,517,9810
1995-05-26,48.33,48.71,48.28,48.41,431,9806
1995-05-30,48.48,48.48,48.38,48.46,195,9857
1995-05-31,48.36,48.53,47.89,48.19,1385,9999
1995-06-01,48.26,48.26,47.86,48.05,1024,10138
1995-06-02,48.23,48.23,47.59,48.05,1950,10930
1995-06-05,47.97,48.13,47.93,47.97,529,10977
1995-06-06,48.16,48.46,48.16,48.17,906,10803
1995-06-07,48.3,48.46,48.3,48.41,2592,10929
1995-06-08,48.46,48.69,48.46,48.59,1797,10337
1995-06-09,48.47,48.52,48.29,48.34,894,10401
1995-06-12,48.32,48.39,48.19,48.35,3374,10337
1995-06-13,48.42,48.46,48.29,48.42,2810,10554
1995-06-14,48.42,48.61,48.42,48.5,1662,10155
1995-06-15,48.52,49.05,48.52,48.9,6795,11103
1995-06-16,48.96,49.03,48.86,49.01,1809,10693
1995-06-19,48.94,48.94,48.83,48.86,2094,10047
1995-06-20,48.73,48.83,48.55,48.64,497,6390
1995-06-21,48.65,48.91,48.65,48.78,265,6328
1995-06-22,48.83,48.83,48.34,48.51,1176,6383
1995-06-23,48.52,48.57,48.44,48.46,323,6463
1995-06-26,48.48,48.52,48.29,48.42,315,6364
1995-06-27,48.48,48.48,47.92,47.98,2394,7633
1995-06-28,48.12,48.17,47.91,48.11,1096,7655
1995-06-29,48.11,48.23,48.04,48.05,303,7707
1995-06-30,48.03,48.19,47.61,47.76,1839,9019
1995-07-03,47.78,47.8,47.73,47.76,1010,9329
1995-07-05,47.9,47.9,47.61,47.82,662,9384
1995-07-06,47.82,47.92,47.8,47.84,606,9363
1995-07-07,47.88,48.22,47.85,48.16,1354,9193
1995-07-10,48.07,48.25,48.07,48.09,1324,9162
1995-07-11,48.22,48.54,48.22,48.49,3679,8070
1995-07-12,48.46,48.73,48.46,48.69,1009,8053
1995-07-13,48.96,49.69,48.96,49.4,6596,8609
1995-07-14,49.29,49.29,49.09,49.18,1302,8249
1995-07-17,49.31,49.52,49.28,49.37,1257,7809
1995-07-18,49.4,49.47,49.09,49.36,327,7978
1995-07-19,49.2,49.5,49.2,49.24,620,7904
1995-07-20,49.33,49.74,49.28,49.46,814,8135
1995-07-21,49.55,49.67,49.46,49.51,342,8063
1995-07-24,49.6,49.74,49.57,49.69,1591,8563
1995-07-25,49.75,49.84,49.64,49.71,1105,9233
1995-07-26,49.8,49.87,49.64,49.69,607,9528
1995-07-27,49.65,49.65,49.39,49.44,408,9750
1995-07-28,49.54,49.64,49.48,49.63,174,9749
1995-07-31,49.77,49.81,49.63,49.74,227,9772
1995-08-01,49.84,49.98,49.81,49.92,844,9782
1995-08-02,49.84,50.08,49.79,50.04,2373,10941
1995-08-03,49.98,49.98,49.79,49.81,397,10972
1995-08-04,49.67,50.18,49.67,50.02,642,11291
1995-08-07,50.0,50.01,49.92,49.94,432,11542
1995-08-08,50.09,50.19,50.01,50.06,811,11999
1995-08-09,50.14,50.18,49.77,49.94,787,12240
1995-08-10,49.98,50.11,49.81,49.94,196,12301
1995-08-11,49.94,50.23,49.87,50.09,335,12378
1995-08-14,49.91,50.04,49.87,50.0,602,12520
1995-08-15,49.87,49.87,49.55,49.67,2667,10621
1995-08-16,49.6,49.67,49.17,49.38,4518,10392
1995-08-17,49.27,49.4,49.22,49.34,590,10228
1995-08-18,49.6,49.71,49.5,49.6,358,9750
1995-08-21,49.75,49.75,49.54,49.74,361,9694
1995-08-22,49.94,49.98,49.87,49.92,2069,9767
1995-08-23,49.9,50.06,49.84,49.92,1796,10089
1995-08-24,49.92,50.1,49.85,49.92,356,10173
1995-08-25,49.94,50.21,49.94,50.18,830,10480
1995-08-28,50.14,50.18,50.04,50.14,461,10583
1995-08-29,50.14,50.84,50.14,50.73,4492,13843
1995-08-30,50.83,50.99,50.73,50.79,2251,14108
1995-08-31,50.85,51.11,50.6,50.7,1116,14225
1995-09-01,50.7,50.7,50.52,50.62,1232,14364
1995-09-05,50.58,50.75,50.58,50.71,524,14272
1995-09-06,50.77,50.77,50.62,50.73,1206,14463
1995-09-07,50.79,50.81,50.63,50.8,3038,15411
1995-09-08,50.8,50.84,50.72,50.77,3639,17053
1995-09-11,50.77,50.82,50.72,50.79,2884,18312
1995-09-12,50.91,51.34,50.78,51.26,8873,21811
1995-09-13,51.44,51.63,51.38,51.63,5770,25245
1995-09-14,51.56,51.56,51.19,51.33,2725,24447
1995-09-15,51.29,51.48,51.21,51.27,1238,24589
1995-09-18,51.16,51.16,50.91,50.97,2048,23689
1995-09-19,51.15,51.42,51.15,51.33,428,13053
1995-09-20,51.26,51.26,50.95,51.01,1035,13298
1995-09-21,50.95,51.05,50.48,50.5,2741,12722
1995-09-22,50.51,50.75,50.24,50.3,2511,11699
1995-09-25,50.41,50.64,50.41,50.64,1962,11299
1995-09-26,50.54,50.57,50.49,50.51,1277,10658
1995-09-27,50.61,50.68,50.41,50.56,427,10507
1995-09-28,50.71,50.9,50.71,50.85,252,10491
1995-09-29,50.95,51.14,50.91,51.11,299,10419
1995-10-02,51.13,51.49,51.13,51.46,2162,10202
1995-10-03,51.62,51.83,51.62,51.8,2774,11101
1995-10-04,51.83,51.83,51.5,51.65,698,11218
1995-10-05,51.63,51.63,51.14,51.17,1008,11098
1995-10-06,51.3,51.49,51.29,51.47,720,10977
1995-10-09,51.59,51.65,51.52,51.63,309,10948
1995-10-10,51.22,51.29,51.04,51.27,937,10598
1995-10-11,51.49,51.68,51.48,51.51,769,10670
1995-10-12,51.53,51.63,51.22,51.38,691,10303
1995-10-13,51.42,51.42,51.23,51.27,354,10322
1995-10-16,51.27,51.35,51.02,51.26,513,10255
1995-10-17,51.19,51.25,50.83,50.92,1482,9983
1995-10-18,50.92,51.05,50.73,51.0,1972,10752
1995-10-19,51.19,51.22,50.49,50.71,1756,10457
1995-10-20,50.78,50.88,50.62,50.64,687,10299
1995-10-23,50.46,50.64,50.37,50.43,1379,9742
1995-10-24,50.54,50.73,50.34,50.45,831,9732
1995-10-25,50.51,50.83,50.51,50.62,347,9668
1995-10-26,50.68,51.29,50.68,51.04,1262,9017
1995-10-27,51.05,51.08,50.91,51.05,823,8970
1995-10-30,51.22,51.52,51.22,51.42,849,9030
1995-10-31,51.48,51.54,51.15,51.44,1054,9371
1995-11-01,51.33,51.59,51.29,51.42,401,9191
1995-11-02,51.35,51.39,51.22,51.26,759,9727
1995-11-03,51.19,51.34,51.15,51.33,892,10341
1995-11-06,51.15,51.15,50.89,50.96,752,10169
1995-11-07,50.85,50.91,50.68,50.87,933,10364
1995-11-08,50.79,50.87,50.66,50.86,332,10275
1995-11-09,50.81,50.81,49.66,49.81,7676,11580
1995-11-10,49.95,50.02,49.9,49.91,1962,11793
1995-11-13,49.95,49.99,49.88,49.92,2186,11698
1995-11-14,49.99,50.17,49.99,50.05,573,11496
1995-11-15,50.05,50.05,49.63,49.69,683,11737
1995-11-16,49.59,50.19,49.59,50.09,542,11763
1995-11-17,50.14,50.22,49.97,50.14,520,11822
1995-11-20,50.29,50.38,50.24,50.35,404,11841
1995-11-21,50.38,50.54,50.3,50.35,373,11845
1995-11-22,50.34,50.34,50.01,50.17,903,11844
1995-11-24,50.03,50.1,49.93,50.09,444,11956
1995-11-27,50.06,50.41,50.03,50.35,469,11981
1995-11-28,50.33,50.84,50.33,50.7,3070,12525
1995-11-29,50.81,50.81,50.54,50.66,617,12352
1995-11-30,50.71,50.71,50.19,50.33,336,12232
1995-12-01,50.14,50.19,49.88,50.03,1558,12103
1995-12-04,50.03,50.14,50.01,50.01,638,12019
1995-12-05,50.01,50.05,49.76,50.03,761,11968
1995-12-06,50.2,50.24,50.07,50.1,690,11920
1995-12-07,50.27,50.28,50.01,50.07,427,11852
1995-12-08,49.86,49.94,49.86,49.92,3533,12966
1995-12-11,49.92,49.93,49.86,49.9,4053,13047
1995-12-12,50.01,50.23,50.01,50.15,2267,12803
1995-12-13,50.35,50.48,50.31,50.4,1944,12776
1995-12-14,50.41,50.48,49.97,50.01,2816,12817
1995-12-15,50.11,50.27,50.09,50.24,1578,13033
1995-12-18,50.22,50.27,50.17,50.2,1230,12632
1995-12-19,50.18,50.27,50.14,50.25,161,4349
1995-12-20,50.29,50.29,50.14,50.18,432,4419
1995-12-21,50.27,50.34,50.08,50.15,297,4387
1995-12-22,50.15,50.24,50.15,50.16,54,4406
1995-12-26,50.17,50.22,50.09,50.21,106,4429
1995-12-27,50.29,50.82,50.29,50.7,2833,5292
1995-12-28,50.68,50.68,50.39,50.48,675,5411
1995-12-29,50.48,50.5,50.31,50.35,205,5434
1996-01-02,50.3,50.56,50.3,50.54,459,5504
1996-01-03,50.61,50.86,50.61,50.73,1235,5762
1996-01-04,50.81,50.82,50.18,50.22,1812,5830
1996-01-05,50.12,50.74,50.09,50.65,2202,6343
1996-01-08,50.56,50.72,50.55,50.61,447,6142
1996-01-09,50.51,50.54,50.37,50.46,404,6339
1996-01-10,50.43,50.69,50.39,50.6,1010,6127
1996-01-11,50.57,50.73,50.39,50.48,671,6222
1996-01-12,50.39,50.56,50.39,50.45,302,6217
1996-01-15,50.37,50.44,50.34,50.4,381,6228
1996-01-16,50.56,50.56,50.36,50.48,491,6335
1996-01-17,50.41,50.41,50.14,50.24,2124,6488
1996-01-18,50.24,50.31,50.07,50.13,1519,6491
1996-01-19,50.03,50.07,49.63,49.8,5048,7979
1996-01-22,49.67,49.8,49.56,49.78,1209,7752
1996-01-23,49.66,49.91,49.66,49.84,388,7873
1996-01-24,49.91,50.12,49.71,50.07,634,7838
1996-01-25,50.01,50.2,49.83,50.13,599,7760
1996-01-26,50.1,50.16,50.03,50.07,286,7780
1996-01-29,50.12,50.37,50.12,50.28,2233,7630
1996-01-30,50.28,50.37,50.28,50.35,407,7639
1996-01-31,50.41,50.64,50.41,50.6,2367,7115
1996-02-01,50.6,50.82,50.51,50.77,4718,7534
1996-02-02,50.82,51.5,50.79,51.49,5786,9416
1996-02-05,51.34,51.34,51.1,51.28,3703,10977
1996-02-06,51.16,51.25,51.07,51.18,1511,11359
1996-02-07,51.26,51.31,50.97,51.01,2844,11322
1996-02-08,51.2,51.53,51.2,51.41,883,11390
1996-02-09,51.55,51.62,51.2,51.24,387,11341
1996-02-12,51.33,51.37,51.18,51.2,320,11337
1996-02-13,51.19,51.29,51.09,51.29,134,11360
1996-02-14,51.22,51.44,51.22,51.26,429,11184
1996-02-15,51.2,51.35,51.2,51.27,365,11253
1996-02-16,51.42,51.5,51.03,51.32,385,11364
1996-02-20,51.33,51.53,51.13,51.16,1176,11180
1996-02-21,51.1,51.19,50.92,51.01,1716,11199
1996-02-22,51.16,51.39,51.09,51.35,1111,11026
1996-02-23,51.35,51.53,51.32,51.45,1167,11726
1996-02-26,51.54,51.7,51.33,51.46,1981,12161
1996-02-27,51.56,51.63,51.5,51.54,619,12413
1996-02-28,51.63,51.96,51.63,51.88,2597,13528
1996-02-29,52.01,52.04,51.88,51.97,2526,14087
1996-03-01,51.92,52.07,51.68,51.76,1319,14182
1996-03-04,51.9,51.9,51.56,51.69,1545,13772
1996-03-05,51.6,51.76,51.46,51.68,1238,13708
1996-03-06,51.77,51.92,51.77,51.91,592,13853
1996-03-07,51.91,51.99,51.8,51.8,1294,13532
1996-03-08,51.98,52.31,51.98,52.22,3233,14329
1996-03-11,52.19,52.31,52.18,52.29,13609,19239
1996-03-12,52.31,52.53,52.31,52.39,5975,20778
1996-03-13,52.49,52.72,52.49,52.6,2824,21451
1996-03-14,52.73,52.73,52.6,52.63,5246,20537
1996-03-15,52.73,52.73,52.53,52.63,1199,20248
1996-03-18,52.66,52.7,52.49,52.65,1214,20127
1996-03-19,52.68,52.84,52.64,52.66,497,12076
1996-03-20,52.79,52.88,52.73,52.81,627,11998
1996-03-21,52.73,53.02,52.73,52.96,590,12124
1996-03-22,52.87,52.93,52.79,52.85,650,11884
1996-03-25,52.73,52.81,52.58,52.66,808,12174
1996-03-26,52.77,52.79,52.57,52.62,405,12199
1996-03-27,52.72,53.17,52.72,53.14,1484,12434
1996-03-28,53.25,53.35,53.14,53.22,3543,14245
1996-03-29,53.15,53.42,53.15,53.33,1082,14272
1996-04-01,53.42,53.61,53.35,53.49,643,14256
1996-04-02,53.42,53.42,53.25,53.29,584,14279
1996-04-03,53.34,53.34,53.13,53.18,886,13932
1996-04-04,53.35,53.41,53.19,53.3,795,13719
1996-04-05,53.31,53.42,53.31,53.4,131,13701
1996-04-08,53.4,53.47,53.23,53.43,1510,13115
1996-04-09,53.55,53.67,53.55,53.61,1944,12703
1996-04-10,53.52,53.86,53.52,53.67,686,12638
1996-04-11,53.86,54.03,53.73,53.85,931,12733
1996-04-12,53.96,54.03,53.79,53.93,764,12718
1996-04-15,54.03,54.06,53.79,53.85,475,12582
1996-04-16,53.69,53.72,53.53,53.58,2010,12313
1996-04-17,53.58,53.62,53.45,53.59,1408,12560
1996-04-18,53.69,53.69,53.25,53.38,1702,12050
1996-04-19,53.46,53.46,53.27,53.36,1207,11810
1996-04-22,53.53,53.67,53.53,53.66,1398,11725
1996-04-23,53.66,53.96,53.66,53.83,1114,11581
1996-04-24,53.96,53.98,53.38,53.61,877,11511
1996-04-25,53.54,53.86,53.54,53.81,1069,11608
1996-04-26,53.95,54.0,53.78,53.94,777,11615
1996-04-29,53.83,53.83,53.57,53.7,847,11624
1996-04-30,53.69,53.74,53.52,53.66,526,11517
1996-05-01,53.74,53.96,53.74,53.9,1258,11776
1996-05-02,53.96,54.41,53.96,54.39,2110,12614
1996-05-03,54.29,54.46,54.24,54.39,1379,12821
1996-05-06,54.34,54.37,54.26,54.34,1274,12886
1996-05-07,54.48,54.61,54.35,54.57,1091,13070
1996-05-08,54.63,54.78,54.59,54.7,1165,13310
1996-05-09,54.65,54.65,54.39,54.46,1410,13325
1996-05-10,54.51,54.89,54.51,54.75,1214,13423
1996-05-13,54.58,54.82,54.51,54.76,973,13606
1996-05-14,54.75,54.78,54.68,54.78,707,13667
1996-05-15,54.8,54.8,54.57,54.68,1152,13223
1996-05-16,54.54,54.78,54.42,54.72,707,13325
1996-05-17,54.72,54.82,54.47,54.58,1460,12952
1996-05-20,54.55,54.58,54.19,54.29,2416,12648
1996-05-21,54.32,54.34,54.1,54.16,1288,12455
1996-05-22,54.23,54.34,54.03,54.29,1624,12124
1996-05-23,54.27,54.27,54.07,54.24,747,11856
1996-05-24,54.09,54.13,53.96,54.04,684,11685
1996-05-28,54.17,54.33,54.17,54.29,815,11859
1996-05-29,54.42,54.7,54.38,54.57,1952,11415
1996-05-30,54.51,54.51,54.32,54.39,1819,11287
1996-05-31,54.43,54.63,54.43,54.54,1068,11180
1996-06-03,54.85,54.89,54.72,54.85,1180,11326
1996-06-04,54.79,54.79,54.38,54.47,1136,11398
1996-06-05,54.51,54.51,54.1,54.13,2685,11626
1996-06-06,54.07,54.18,53.64,53.74,4025,11589
1996-06-07,53.8,54.22,53.8,54.12,3351,11246
1996-06-10,54.09,54.33,54.09,54.29,9087,11129
1996-06-11,54.29,54.37,54.08,54.14,1579,11026
1996-06-12,54.09,54.21,54.04,54.14,1354,11108
1996-06-13,54.23,54.29,54.09,54.1,2302,11390
1996-06-14,54.12,54.31,53.82,54.24,3505,12324
1996-06-17,54.31,54.31,54.09,54.12,1432,11887
1996-06-18,54.18,54.23,53.89,53.93,941,8227
1996-06-19,53.93,54.09,53.83,53.85,840,8020
1996-06-20,53.98,54.0,53.82,54.0,443,8056
1996-06-21,54.01,54.18,54.01,54.07,595,8078
1996-06-24,53.98,54.14,53.97,54.11,2371,8959
1996-06-25,54.13,54.2,54.1,54.13,496,8935
1996-06-26,54.13,54.27,54.05,54.09,324,8875
1996-06-27,54.06,54.09,53.89,53.97,542,8773
1996-06-28,54.02,54.02,53.68,53.83,3195,9082
1996-07-01,53.89,53.96,53.8,53.85,1387,9191
1996-07-02,53.82,53.82,53.51,53.54,2702,9830
1996-07-03,53.58,53.61,53.47,53.58,1281,9682
1996-07-05,53.61,54.63,53.58,54.46,4088,9859
1996-07-08,54.38,54.51,54.3,54.32,1465,9608
1996-07-09,54.37,54.4,54.23,54.32,688,9413
1996-07-10,54.44,54.78,54.44,54.68,1936,9555
1996-07-11,54.63,54.71,54.52,54.56,763,9608
1996-07-12,54.54,54.73,54.33,54.63,1083,9919
1996-07-15,54.51,54.55,54.4,54.49,539,10090
1996-07-16,54.34,54.41,53.87,54.11,1540,9829
1996-07-17,54.02,54.08,53.77,53.92,1927,9164
1996-07-18,53.78,54.33,53.72,54.17,1444,9504
1996-07-19,54.3,54.3,53.99,54.22,1227,9387
1996-07-22,54.23,54.4,54.08,54.14,1192,9390
1996-07-23,54.08,54.27,53.93,54.18,1321,9436
1996-07-24,54.16,54.37,54.02,54.27,916,9310
1996-07-25,54.27,54.28,53.92,54.02,987,9380
1996-07-26,54.02,54.23,53.89,53.93,675,9331
1996-07-29,53.93,54.09,53.75,53.91,602,9337
1996-07-30,53.99,54.09,53.35,53.37,7501,10831
1996-07-31,53.38,53.61,52.86,53.08,4727,11989
1996-08-01,53.17,53.23,52.95,52.99,1316,12147
1996-08-02,53.06,53.13,52.72,53.03,1043,12645
1996-08-05,53.02,53.05,52.99,53.04,278,12645
1996-08-06,53.1,53.28,53.1,53.25,4165,12768
1996-08-07,53.23,53.39,52.99,53.32,962,12858
1996-08-08,53.3,53.54,53.3,53.48,404,12868
1996-08-09,53.54,53.6,53.38,53.52,960,12803
1996-08-12,53.38,53.45,53.28,53.4,1302,12920
1996-08-13,53.4,53.54,53.32,53.41,462,12942
1996-08-14,53.49,53.54,53.47,53.53,388,12967
1996-08-15,53.61,53.85,53.5,53.78,1359,12642
1996-08-16,53.84,53.89,53.69,53.8,744,12358
1996-08-19,53.83,54.33,53.83,54.27,3146,12592
1996-08-20,54.3,54.38,53.93,53.98,1492,11993
1996-08-21,54.02,54.4,53.96,54.27,1829,11026
1996-08-22,54.35,54.49,54.27,54.34,3017,11317
1996-08-23,54.4,54.4,54.16,54.25,1265,10784
1996-08-26,54.33,54.37,54.27,54.3,624,10699
1996-08-27,54.33,54.33,54.04,54.11,763,10419
1996-08-28,54.18,54.42,54.18,54.36,1367,10583
1996-08-29,54.47,54.54,54.33,54.4,639,10589
1996-08-30,54.4,54.42,54.2,54.23,390,10596
1996-09-03,54.35,54.49,54.29,54.39,577,10737
1996-09-04,54.44,54.44,54.37,54.4,1647,10778
1996-09-05,54.37,54.63,54.31,54.58,3493,12209
1996-09-06,54.64,55.12,54.55,55.06,8899,15542
1996-09-09,54.99,55.1,54.96,55.03,7952,16939
1996-09-10,55.03,55.03,54.86,54.97,4263,17159
1996-09-11,54.99,55.08,54.91,54.93,4279,16972
1996-09-12,54.86,54.88,54.67,54.75,1410,16944
1996-09-13,54.79,54.82,54.15,54.33,6754,14891
1996-09-16,54.37,54.41,54.01,54.19,6234,13731
1996-09-17,54.24,54.37,54.17,54.29,1267,9912
1996-09-18,54.17,54.29,54.04,54.13,1050,9703
1996-09-19,54.24,54.41,54.13,54.37,1137,9798
1996-09-20,54.33,54.55,54.24,54.44,830,9659
1996-09-23,54.41,54.5,54.39,54.46,415,9585
1996-09-24,54.41,54.41,53.93,54.05,3396,9679
1996-09-25,54.04,54.45,54.04,54.36,1825,9781
1996-09-26,54.45,54.58,54.39,54.5,885,9740
1996-09-27,54.5,54.5,54.33,54.33,348,9679
1996-09-30,54.44,54.53,54.35,54.37,283,9667
1996-10-01,54.35,54.5,54.34,54.46,629,9799
1996-10-02,54.4,54.77,54.37,54.67,1962,10524
1996-10-03,54.68,54.68,54.2,54.35,1464,10479
1996-10-04,54.33,54.48,54.18,54.19,945,10356
1996-10-07,54.24,54.27,54.02,54.15,1203,10024
1996-10-08,54.01,54.45,54.01,54.35,1004,9970
1996-10-09,54.39,54.39,54.24,54.34,808,9719
1996-10-10,54.2,54.34,54.13,54.31,603,9785
1996-10-11,54.39,54.46,54.3,54.35,879,9582
1996-10-14,54.44,54.47,54.37,54.42,524,9633
1996-10-15,54.46,54.48,54.27,54.35,1692,9328
1996-10-16,54.24,54.48,54.24,54.41,438,9360
1996-10-17,54.48,54.57,54.43,54.52,1335,9467
1996-10-18,54.52,54.8,54.52,54.71,1500,9844
1996-10-21,54.81,54.96,54.72,54.84,2423,11646
1996-10-22,54.78,54.8,54.58,54.6,1166,10910
1996-10-23,54.61,54.7,54.54,54.6,564,10878
1996-10-24,54.55,54.6,54.44,54.51,554,10713
1996-10-25,54.55,54.57,54.24,54.36,2185,10501
1996-10-28,54.5,54.53,54.34,54.48,2446,10412
1996-10-29,54.44,54.44,54.35,54.41,571,10288
1996-10-30,54.53,54.66,54.43,54.48,386,10298
1996-10-31,54.44,54.59,54.41,54.5,552,10274
1996-11-01,54.46,54.46,54.21,54.35,978,10253
1996-11-04,54.24,54.27,54.1,54.17,1578,10265
1996-11-05,54.24,54.25,54.07,54.17,1308,9776
1996-11-06,54.15,54.87,54.15,54.5,2208,10045
1996-11-07,54.41,54.41,53.82,53.95,5091,11398
1996-11-08,53.93,54.37,53.85,54.21,2383,11093
1996-11-11,54.27,54.37,54.1,54.14,1092,11143
1996-11-12,54.17,54.33,54.13,54.25,1022,11094
1996-11-13,54.25,54.28,54.17,54.24,652,11150
1996-11-14,54.3,54.58,54.3,54.44,1836,11179
1996-11-15,54.41,54.46,54.34,54.41,508,10982
1996-11-18,54.44,54.68,54.44,54.62,2511,11024
1996-11-19,54.68,54.75,54.65,54.72,2948,11525
1996-11-20,54.78,55.21,54.77,55.2,7155,14201
1996-11-21,55.23,55.99,55.23,55.94,8647,18034
1996-11-22,55.92,56.14,55.68,56.07,2661,18367
1996-11-25,56.03,56.03,55.77,55.83,3490,19072
1996-11-26,55.89,56.03,55.61,55.81,1097,19115
1996-11-27,55.85,55.92,55.69,55.88,407,19035
1996-11-29,55.9,56.15,55.89,56.11,2878,20733
1996-12-02,56.43,56.58,56.27,56.38,4080,21738
1996-12-03,56.36,56.36,53.99,54.53,21575,16800
1996-12-04,54.68,55.23,54.68,55.06,4504,15987
1996-12-05,54.88,55.03,54.8,54.99,2327,15435
1996-12-06,54.88,54.96,54.75,54.86,1274,15206
1996-12-09,55.13,55.45,55.1,55.41,3211,14931
1996-12-10,55.42,55.42,55.12,55.22,3627,14688
1996-12-11,55.1,55.1,54.41,54.5,6573,16074
1996-12-12,54.66,54.77,54.55,54.67,4818,16505
1996-12-13,54.76,54.83,54.55,54.62,2020,16148
1996-12-16,54.72,54.9,54.62,54.77,1377,15803
1996-12-17,54.79,55.0,54.69,54.88,363,8794
1996-12-18,54.83,54.83,54.54,54.61,553,8706
1996-12-19,54.68,54.92,54.68,54.81,586,8611
1996-12-20,54.81,54.9,54.76,54.83,446,8562
1996-12-23,54.91,55.17,54.91,55.1,252,8616
1996-12-24,55.13,55.19,54.9,55.01,217,8600
1996-12-26,54.9,54.93,54.81,54.83,154,8547
1996-12-27,54.91,54.93,54.83,54.89,172,8581
1996-12-30,55.04,55.04,54.84,54.97,236,8600
1996-12-31,54.95,54.97,54.72,54.8,722,8677
1997-01-02,54.68,54.68,54.4,54.56,1836,9122
1997-01-03,54.59,54.77,54.43,54.57,1991,8964
1997-01-06,54.48,54.5,54.31,54.42,1719,9228
1997-01-07,54.48,54.62,54.38,54.5,461,9074
1997-01-08,54.48,54.48,53.62,53.83,8590,12719
1997-01-09,53.76,53.93,53.65,53.87,2518,12788
1997-01-10,53.86,54.12,53.45,53.92,2651,13500
1997-01-13,53.79,53.83,53.69,53.72,715,13496
1997-01-14,53.61,53.97,53.61,53.82,861,13572
1997-01-15,53.85,53.85,53.49,53.52,657,13477
1997-01-16,53.52,53.9,53.45,53.76,394,13513
1997-01-17,53.79,53.97,53.69,53.88,659,13662
1997-01-21,53.65,53.74,53.54,53.72,920,13968
1997-01-22,53.7,53.74,53.41,53.59,920,14108
1997-01-23,53.53,53.54,53.17,53.29,1944,14927
1997-01-24,53.29,53.45,53.17,53.26,1451,14337
1997-01-27,53.36,53.38,53.17,53.35,578,14383
1997-01-28,53.34,53.39,53.03,53.07,1680,15136
1997-01-29,53.12,53.27,52.87,53.22,1698,15710
1997-01-30,53.23,53.36,52.69,52.85,1745,15553
1997-01-31,52.83,52.84,52.42,52.65,1730,16525
1997-02-03,52.7,53.05,52.63,52.79,878,16679
1997-02-04,52.86,52.86,52.6,52.72,553,16582
1997-02-05,52.75,52.82,52.34,52.63,779,16757
1997-02-06,52.69,52.94,52.64,52.8,1681,17264
1997-02-07,52.8,52.82,52.36,52.52,1442,17531
1997-02-10,52.52,52.58,52.17,52.33,1003,17577
1997-02-11,52.38,52.6,52.22,52.28,1213,17766
1997-02-12,52.25,52.57,52.16,52.42,1454,18044
1997-02-13,52.48,53.34,52.4,52.89,2397,17926
1997-02-14,52.85,52.94,52.69,52.87,486,18041
1997-02-18,52.89,52.94,52.73,52.82,825,18159
1997-02-19,52.77,53.06,52.76,53.0,2678,18121
1997-02-20,53.07,53.36,53.01,53.32,1442,17901
1997-02-21,53.32,53.81,53.31,53.7,4257,18305
1997-02-24,53.64,53.84,53.63,53.74,2618,17827
1997-02-25,53.65,53.73,53.38,53.62,1152,17566
1997-02-26,53.54,53.65,53.41,53.54,1836,17495
1997-02-27,53.57,53.99,53.47,53.59,5322,16504
1997-02-28,53.57,53.79,53.45,53.74,1403,16298
1997-03-03,53.88,54.41,53.83,54.36,5072,16480
1997-03-04,54.43,54.66,54.31,54.5,6042,14986
1997-03-05,54.38,54.43,54.08,54.19,2878,14771
1997-03-06,54.17,54.47,54.15,54.37,1204,14601
1997-03-07,54.5,54.59,54.34,54.37,2335,14476
1997-03-10,54.37,54.46,54.3,54.43,4816,15160
1997-03-11,54.48,54.81,54.45,54.74,8082,16583
1997-03-12,54.83,54.97,54.76,54.95,7709,17769
1997-03-13,54.9,54.9,54.61,54.78,6899,18817
1997-03-14,54.78,55.26,54.75,55.08,7607,18522
1997-03-17,55.13,55.14,54.72,54.75,1648,18070
1997-03-18,54.72,54.72,54.19,54.47,3259,12968
1997-03-19,54.46,54.5,54.2,54.36,1464,13095
1997-03-20,54.33,54.53,54.3,54.37,446,13058
1997-03-21,54.27,54.34,53.99,54.29,788,12921
1997-03-24,54.34,54.55,54.27,54.52,2525,13379
1997-03-25,55.22,55.22,53.86,54.02,2785,12651
1997-03-26,54.12,54.21,53.92,54.19,2045,12037
1997-03-27,54.32,54.32,53.95,54.12,2065,12686
1997-03-31,54.14,54.31,54.07,54.3,1824,12537
1997-04-01,54.3,54.5,54.25,54.26,2303,12698
1997-04-02,54.33,54.33,54.11,54.15,998,12412
1997-04-03,54.04,54.12,53.61,53.67,2191,12153
1997-04-04,53.72,53.81,53.54,53.57,2928,11787
1997-04-07,53.43,53.81,53.43,53.59,2042,12218
1997-04-08,53.44,54.04,53.44,53.94,1244,12029
1997-04-09,53.97,54.22,53.9,54.14,1704,12037
1997-04-10,54.21,54.3,53.76,54.15,2952,12784
1997-04-11,54.23,54.51,54.15,54.21,3359,13259
1997-04-14,54.14,54.22,53.74,53.85,2626,12853
1997-04-15,53.78,53.78,53.4,53.49,5142,11609
1997-04-16,53.43,53.5,53.12,53.34,2430,11594
1997-04-17,53.43,53.69,53.31,53.64,2903,12259
1997-04-18,53.64,53.66,53.38,53.38,887,12228
1997-04-21,53.63,53.83,53.61,53.78,1339,12249
1997-04-22,53.74,53.91,53.56,53.7,500,12229
1997-04-23,53.67,53.76,53.48,53.67,623,12238
1997-04-24,53.57,53.66,53.54,53.65,477,12336
1997-04-25,53.64,53.74,53.64,53.7,648,12268
1997-04-28,53.65,54.02,53.45,53.91,1630,12560
1997-04-29,53.91,54.08,53.85,54.01,961,12313
1997-04-30,54.06,54.09,53.83,53.96,798,12001
1997-05-01,54.09,54.34,54.02,54.21,1257,11958
1997-05-02,54.24,54.33,54.05,54.13,1256,12221
1997-05-05,54.05,54.05,53.81,53.9,855,12118
1997-05-06,53.95,54.1,53.64,53.67,1227,12108
1997-05-07,53.67,53.74,53.5,53.69,1198,11911
1997-05-08,53.7,54.04,53.7,53.87,958,11926
1997-05-09,54.05,54.05,53.7,53.8,674,12015
1997-05-12,53.61,53.86,53.56,53.81,981,12156
1997-05-13,53.81,53.96,53.64,53.74,2098,11781
1997-05-14,53.63,53.93,53.63,53.72,613,11762
1997-05-15,53.54,53.76,53.5,53.75,1044,11762
1997-05-16,53.69,53.81,53.37,53.58,1986,12405
1997-05-19,53.52,53.58,53.34,53.55,1233,12374
1997-05-20,53.53,53.55,53.27,53.49,1508,12977
1997-05-21,53.5,54.52,53.43,54.39,4431,13833
1997-05-22,54.39,54.39,53.57,53.73,4287,12602
1997-05-23,53.65,53.65,52.67,52.9,5377,13227
1997-05-27,52.95,53.06,52.75,52.83,5590,16207
1997-05-28,52.84,53.0,52.62,52.85,1939,16123
1997-05-29,52.87,53.02,52.67,52.9,554,16148
1997-05-30,52.91,53.1,52.5,52.55,1641,16621
1997-06-02,52.44,52.63,52.33,52.4,2604,17440
1997-06-03,52.4,52.65,52.33,52.61,1469,17438
1997-06-04,52.69,52.74,52.33,52.39,7780,18545
1997-06-05,52.33,52.69,52.3,52.58,3504,19620
1997-06-06,52.66,52.82,52.45,52.71,5010,19545
1997-06-09,52.54,52.68,52.53,52.66,6766,19863
1997-06-10,52.64,52.73,52.53,52.67,4809,20092
1997-06-11,52.53,52.55,52.32,52.33,6612,21195
1997-06-12,52.24,52.3,51.86,51.94,6846,22349
1997-06-13,51.95,52.02,51.88,51.89,2826,22226
1997-06-16,51.97,52.0,51.67,51.77,3711,22904
1997-06-17,51.77,51.99,51.66,51.91,928,17272
1997-06-18,51.97,52.04,51.81,51.82,1495,16935
1997-06-19,51.79,51.88,51.67,51.87,433,16900
1997-06-20,51.9,52.13,51.73,51.96,1628,16816
1997-06-23,51.91,52.04,51.86,51.93,837,16848
1997-06-24,52.0,52.0,51.79,51.88,327,16800
1997-06-25,51.83,51.99,51.83,51.93,181,16765
1997-06-26,51.91,51.99,51.67,51.87,5024,19010
1997-06-27,51.79,51.79,51.39,51.53,3777,21596
1997-06-30,51.55,52.38,51.48,52.09,9157,17183
1997-07-01,52.11,52.14,51.86,51.95,2206,17586
1997-07-02,51.89,52.19,51.89,52.03,945,17415
1997-07-03,51.96,52.14,51.96,52.09,622,17171
1997-07-07,52.03,52.03,51.24,51.42,3583,18066
1997-07-08,51.44,51.77,51.23,51.6,2358,18358
1997-07-09,51.6,51.6,51.33,51.47,601,18233
1997-07-10,51.46,51.48,51.25,51.3,939,18039
1997-07-11,51.37,51.45,51.08,51.19,2352,18642
1997-07-14,51.08,51.09,50.85,51.01,1352,18712
1997-07-15,50.93,51.0,50.72,50.8,1152,19143
1997-07-16,50.78,50.88,50.58,50.86,2501,20039
1997-07-17,50.83,51.06,50.69,50.97,1863,20161
1997-07-18,50.86,51.42,50.72,51.3,2801,19756
1997-07-21,51.26,51.35,51.21,51.29,661,19382
1997-07-22,51.15,51.24,50.99,51.1,2839,19936
1997-07-23,51.16,51.16,50.81,50.91,1427,20115
1997-07-24,50.86,51.07,50.66,50.95,910,19786
1997-07-25,50.87,51.26,50.86,51.02,994,20076
1997-07-28,50.92,51.04,50.68,50.98,1209,19590
1997-07-29,51.0,51.88,51.0,51.57,6282,18294
1997-07-30,51.55,51.64,51.28,51.46,1337,17899
1997-07-31,51.44,51.61,51.31,51.57,1773,16925
1997-08-01,51.66,51.66,50.95,51.05,3237,16675
1997-08-04,51.01,51.28,50.95,51.25,967,16436
1997-08-05,51.2,51.28,50.97,51.12,794,16487
1997-08-06,50.99,51.01,50.65,50.85,1674,16138
1997-08-07,50.9,51.09,50.39,50.43,3611,17617
1997-08-08,50.41,50.86,50.41,50.77,3399,18509
1997-08-11,50.88,51.08,50.83,51.01,1388,18645
1997-08-12,50.99,51.26,50.9,51.04,1340,18022
1997-08-13,51.12,51.56,51.12,51.41,3938,18228
1997-08-14,51.48,51.71,51.2,51.22,1387,18013
1997-08-15,51.26,51.45,51.04,51.35,1324,17534
1997-08-18,51.24,51.35,51.0,51.01,928,17666
1997-08-19,51.04,51.37,50.93,51.22,813,17539
1997-08-20,51.28,51.73,51.26,51.59,6992,19413
1997-08-21,51.55,51.91,51.45,51.83,4684,20518
1997-08-22,51.86,51.97,51.52,51.58,4569,20156
1997-08-25,51.58,51.73,51.51,51.53,1272,19524
1997-08-26,51.57,51.71,51.55,51.67,594,19529
1997-08-27,51.66,51.82,50.97,51.2,4608,19137
1997-08-28,51.23,51.31,50.81,50.96,2849,19364
1997-08-29,51.07,51.07,50.55,50.62,1805,19445
1997-09-02,50.57,50.57,50.03,50.15,4298,19947
1997-09-03,50.11,50.4,50.1,50.23,10079,22615
1997-09-04,50.34,50.72,50.25,50.65,1331,22148
1997-09-05,50.61,50.65,50.34,50.48,1819,21884
1997-09-08,50.41,50.54,50.32,50.41,15210,27470
1997-09-09,50.32,50.55,50.12,50.28,8801,26376
1997-09-10,50.3,50.39,50.2,50.35,2752,24835
1997-09-11,50.37,50.39,49.7,49.74,10885,26500
1997-09-12,49.75,49.92,49.75,49.86,4701,26508
1997-09-15,49.88,49.99,49.66,49.77,902,25130
1997-09-16,49.75,49.75,49.41,49.42,1655,18127
1997-09-17,49.48,49.74,49.48,49.52,1943,18852
1997-09-18,49.44,49.58,49.34,49.45,953,19438
1997-09-19,49.47,49.86,49.44,49.57,2453,19054
1997-09-22,49.64,49.82,49.64,49.79,533,19018
1997-09-23,49.82,49.91,49.61,49.69,1108,19323
1997-09-24,49.69,50.03,49.68,49.98,972,19664
1997-09-25,49.99,50.23,49.91,50.07,1295,19697
1997-09-26,50.1,50.17,49.88,49.95,1301,19296
1997-09-29,49.76,49.79,49.58,49.75,2511,20004
1997-09-30,49.66,50.18,49.58,50.1,1546,19606
1997-10-01,50.12,50.43,50.04,50.23,1518,19318
1997-10-02,50.2,50.4,50.15,50.35,1637,19053
1997-10-03,50.27,50.37,50.1,50.32,734,18965
1997-10-06,50.21,50.29,49.89,49.97,933,18618
1997-10-07,49.96,50.08,49.82,49.99,431,18629
1997-10-08,50.02,50.3,50.01,50.26,1222,18453
1997-10-09,50.22,51.03,50.15,50.7,3331,17823
1997-10-10,50.7,50.95,50.65,50.94,2449,17144
1997-10-13,50.97,51.19,50.86,50.94,511,16972
1997-10-14,51.13,51.13,50.79,50.81,1539,16543
1997-10-15,50.83,50.83,50.54,50.63,772,16569
1997-10-16,50.65,51.1,50.61,51.04,2150,16739
1997-10-17,51.04,51.04,50.56,50.61,1249,16786
1997-10-20,50.48,50.51,50.27,50.37,1063,16538
1997-10-21,50.34,50.36,49.58,49.71,3106,17225
1997-10-22,49.7,49.7,48.51,48.64,5623,19310
1997-10-23,48.59,49.1,48.22,48.48,4901,20268
1997-10-24,48.55,48.86,47.74,47.77,3086,20950
1997-10-27,47.33,47.94,47.17,47.69,2099,21341
1997-10-28,47.44,48.96,47.03,48.73,3552,21288
1997-10-29,48.91,49.28,48.2,48.26,1416,20444
1997-10-30,48.11,48.68,47.97,48.48,696,20701
1997-10-31,48.46,48.57,48.16,48.33,497,20594
1997-11-03,48.53,49.34,48.53,49.08,2173,20292
1997-11-04,49.13,49.13,48.29,48.39,764,20224
1997-11-05,48.39,48.68,48.39,48.55,480,20182
1997-11-06,48.49,48.49,47.96,48.19,976,20392
1997-11-07,48.14,48.28,47.72,47.81,1578,20297
1997-11-10,47.8,48.19,47.8,47.99,281,20223
1997-11-11,48.21,48.37,47.99,47.99,78,20215
1997-11-12,48.13,48.13,47.73,47.78,695,20114
1997-11-13,47.72,48.21,47.52,48.04,1095,19661
1997-11-14,48.13,48.24,47.71,47.98,472,19607
1997-11-17,47.95,48.51,47.94,48.21,662,19575
1997-11-18,48.15,48.24,48.0,48.21,471,19621
1997-11-19,48.22,48.22,47.42,47.53,1393,20388
1997-11-20,47.58,47.61,47.21,47.5,650,20433
1997-11-21,47.54,48.33,47.54,47.8,2616,19675
1997-11-24,47.95,47.95,47.69,47.84,632,19422
1997-11-25,47.77,47.77,47.24,47.31,865,19548
1997-11-26,47.33,47.34,47.03,47.12,871,19546
1997-11-28,47.29,47.32,46.67,46.91,1530,19876
1997-12-01,46.91,46.91,46.46,46.51,1078,20111
1997-12-02,46.62,46.86,46.5,46.7,1123,20369
1997-12-03,46.75,46.86,46.41,46.64,983,20461
1997-12-04,46.64,46.69,46.1,46.21,1620,20381
1997-12-05,46.14,46.53,46.14,46.27,10666,23556
1997-12-08,46.21,46.66,46.02,46.23,10118,25355
1997-12-09,46.31,46.4,45.9,46.04,5023,25319
1997-12-10,46.11,46.31,45.85,46.02,9770,25762
1997-12-11,46.07,46.24,45.8,45.8,3250,25743
1997-12-12,45.78,45.87,45.56,45.59,4035,24020
1997-12-15,45.49,45.5,45.14,45.24,2681,24229
1997-12-16,45.0,45.03,44.53,44.71,3286,16839
1997-12-17,44.69,45.91,44.68,45.41,2385,15804
1997-12-18,45.53,45.69,45.06,45.07,1709,16064
1997-12-19,44.92,45.26,44.7,44.92,1071,15841
1997-12-22,45.0,45.04,44.85,44.86,1204,16263
1997-12-23,44.92,45.32,44.87,45.23,918,16424
1997-12-24,45.19,45.38,45.11,45.12,374,16619
1997-12-26,45.21,45.28,45.04,45.24,178,16547
1997-12-29,45.24,45.24,45.05,45.11,266,16545
1997-12-30,45.19,45.22,44.87,44.96,884,16495
1997-12-31,44.97,45.13,44.77,44.82,843,16234
1998-01-02,44.82,45.01,44.73,44.83,2077,16708
1998-01-05,44.84,44.84,43.92,44.04,3358,18287
1998-01-06,44.04,44.15,43.54,43.75,2119,18057
1998-01-07,43.79,44.56,43.56,44.4,1505,17569
1998-01-08,44.07,44.09,43.6,43.61,1294,18349
1998-01-09,43.55,44.44,43.53,44.31,1867,18894
1998-01-12,44.29,44.35,44.01,44.24,1622,18974
1998-01-13,44.29,44.63,43.95,44.55,2070,18625
1998-01-14,44.59,45.01,44.48,44.59,1979,18513
1998-01-15,44.71,45.23,44.6,44.89,2040,18401
1998-01-16,44.88,46.07,44.82,45.97,4786,16663
1998-01-20,45.83,45.97,45.45,45.94,2929,16322
1998-01-21,45.95,45.95,45.26,45.7,2143,15793
1998-01-22,45.67,45.76,45.11,45.42,1379,16066
1998-01-23,45.25,45.93,45.19,45.81,1512,15967
1998-01-26,46.31,46.45,45.98,46.02,2497,16041
1998-01-27,45.98,46.68,45.98,46.58,5908,15690
1998-01-28,46.57,47.05,46.33,46.94,2867,15695
1998-01-29,46.73,46.8,46.16,46.29,1370,15859
1998-01-30,46.4,47.32,46.0,47.26,5227,16290
1998-02-02,46.86,47.38,46.69,47.2,2661,16288
1998-02-03,47.14,47.24,46.77,46.8,1613,16158
1998-02-04,46.86,46.93,46.29,46.83,2023,15762
1998-02-05,46.83,47.09,46.53,46.7,704,15670
1998-02-06,46.59,46.62,45.94,46.2,2111,15187
1998-02-09,46.09,46.58,46.07,46.42,988,15280
1998-02-10,46.4,46.97,46.27,46.77,1100,15367
1998-02-11,46.75,47.04,46.5,46.69,1765,15890
1998-02-12,46.66,46.83,46.28,46.31,1208,16324
1998-02-13,46.38,46.45,46.11,46.3,1479,16790
1998-02-17,46.12,46.21,45.58,46.04,3521,16849
1998-02-18,46.02,46.22,45.94,46.05,2171,16753
1998-02-19,46.02,46.6,45.93,46.5,895,16511
1998-02-20,46.51,46.51,46.0,46.12,568,16473
1998-02-23,45.87,46.04,45.63,45.88,1174,16520
1998-02-24,45.83,45.93,45.7,45.76,1208,16726
1998-02-25,45.78,46.0,45.42,45.85,730,16569
1998-02-26,45.78,46.34,45.78,46.24,723,16564
1998-02-27,46.24,46.89,46.17,46.75,2007,16831
1998-03-02,46.73,47.1,46.73,47.06,2196,17290
1998-03-03,46.92,47.0,46.64,46.74,8247,21183
1998-03-04,46.6,46.69,46.21,46.39,1521,21554
1998-03-05,46.43,46.43,45.83,45.93,3394,21113
1998-03-06,45.94,46.09,45.69,45.94,9839,19828
1998-03-09,45.85,45.94,45.68,45.94,3160,20195
1998-03-10,45.82,46.13,45.8,46.05,6000,21891
1998-03-11,46.04,46.11,45.72,45.77,3164,22533
1998-03-12,45.81,46.21,45.81,46.14,1495,22094
1998-03-13,46.21,46.64,46.11,46.55,3273,21927
1998-03-16,46.55,46.55,46.0,46.02,1369,21892
1998-03-17,46.07,46.2,46.02,46.07,675,11606
1998-03-18,46.11,46.13,45.51,45.57,2851,12354
1998-03-19,45.56,45.75,45.48,45.52,1907,12105
1998-03-20,45.48,45.81,45.24,45.7,1396,12154
1998-03-23,45.69,46.06,45.53,46.02,1765,12146
1998-03-24,46.07,46.3,45.98,46.16,1099,11666
1998-03-25,46.15,46.15,45.92,46.0,1070,11638
1998-03-26,46.02,46.6,46.02,46.52,1166,11637
1998-03-27,46.52,46.52,46.18,46.22,1595,11798
1998-03-30,46.11,46.11,45.53,45.61,1082,11590
1998-03-31,45.64,45.71,45.41,45.53,1224,12377
1998-04-01,45.53,45.53,45.1,45.13,3451,13028
1998-04-02,45.16,45.24,44.91,45.16,1385,13407
1998-04-03,45.03,45.3,44.89,45.17,1434,13359
1998-04-06,45.23,45.51,45.23,45.3,940,13682
1998-04-07,45.1,45.43,45.1,45.28,1119,13446
1998-04-08,45.22,45.54,45.13,45.4,1159,13640
1998-04-09,45.46,45.54,44.84,44.94,745,13719
1998-04-13,45.03,45.1,44.86,45.06,1543,13734
1998-04-14,45.0,45.0,44.38,44.43,5441,16743
1998-04-15,44.49,44.68,44.41,44.62,2204,17396
1998-04-16,44.65,44.75,44.62,44.69,855,17869
1998-04-17,44.72,45.02,44.58,44.67,1080,17788
1998-04-20,44.41,44.48,44.33,44.47,980,18128
1998-04-21,44.45,44.93,44.43,44.82,1352,17838
1998-04-22,44.77,44.88,44.62,44.78,760,17685
1998-04-23,44.79,44.96,44.75,44.9,498,17547
1998-04-24,44.9,45.0,44.6,44.7,1327,17475
1998-04-27,44.62,44.62,44.38,44.43,707,17576
1998-04-28,44.42,44.42,44.19,44.33,2516,17655
1998-04-29,44.25,44.6,44.14,44.55,710,17725
1998-04-30,44.59,44.86,44.59,44.63,1761,17017
1998-05-01,44.57,44.93,44.51,44.55,1731,17278
1998-05-04,44.59,44.59,44.14,44.43,2603,18193
1998-05-05,44.32,44.32,43.94,43.97,3138,19310
1998-05-06,43.98,44.08,43.73,43.77,2872,20957
1998-05-07,43.7,43.86,43.55,43.79,2151,21162
1998-05-08,43.79,43.86,43.6,43.62,953,21735
1998-05-11,43.55,43.92,43.45,43.75,1577,22048
1998-05-12,43.68,43.79,43.3,43.36,2092,21743
1998-05-13,43.37,43.53,42.98,43.13,1531,22033
1998-05-14,43.2,43.38,43.03,43.07,1162,21933
1998-05-15,43.22,43.26,42.83,43.08,1970,22229
1998-05-18,42.97,42.98,42.35,42.39,1317,22551
1998-05-19,42.48,43.09,42.48,42.84,878,22516
1998-05-20,42.77,43.07,42.74,42.96,624,22488
1998-05-21,42.96,43.41,42.94,43.36,2924,23272
1998-05-22,43.46,43.55,43.17,43.33,1058,23262
1998-05-26,43.0,43.03,42.63,42.67,1826,23305
1998-05-27,42.64,42.8,42.4,42.54,1053,23470
1998-05-28,42.59,42.83,42.59,42.73,809,23150
1998-05-29,42.73,43.07,42.64,42.8,1225,23065
1998-06-01,42.81,42.81,42.18,42.27,1578,23576
1998-06-02,42.17,42.31,41.97,42.23,1486,23659
1998-06-03,42.39,42.47,41.84,41.86,2235,23293
1998-06-04,41.9,42.25,41.73,41.93,9867,25882
1998-06-05,41.91,41.91,41.17,41.19,12700,28010
1998-06-08,41.12,41.3,40.88,41.21,17945,30982
1998-06-09,41.19,41.2,40.55,40.63,11123,31323
1998-06-10,40.69,40.69,39.83,40.41,7050,30939
1998-06-11,40.34,40.74,40.14,40.29,4617,31839
1998-06-12,40.2,40.97,39.99,40.34,4440,30979
1998-06-15,40.36,40.47,40.13,40.38,5488,31639
1998-06-16,40.39,40.85,39.82,40.77,3347,26629
1998-06-17,40.73,42.7,40.4,42.26,10047,27799
1998-06-18,42.12,42.29,41.58,41.77,3358,27636
1998-06-19,41.76,43.22,41.73,42.34,4543,26509
1998-06-22,41.88,41.99,41.58,41.75,1850,26274
1998-06-23,41.78,41.96,41.67,41.8,429,26123
1998-06-24,41.75,42.17,41.45,41.61,2176,26002
1998-06-25,41.5,41.88,41.15,41.49,1265,25729
1998-06-26,41.6,41.78,41.19,41.49,1493,25300
1998-06-29,41.21,41.84,41.16,41.67,891,25023
1998-06-30,41.71,42.67,41.69,42.45,1785,25126
1998-07-01,42.49,42.8,42.38,42.55,2455,24571
1998-07-02,42.61,42.68,41.95,42.04,1170,24511
1998-07-06,42.19,42.43,42.13,42.29,614,24544
1998-07-07,42.29,42.7,42.19,42.54,737,24413
1998-07-08,42.59,42.7,42.24,42.37,623,24514
1998-07-09,42.32,42.42,41.98,42.04,1509,24668
1998-07-10,42.02,42.39,42.01,42.28,667,24535
1998-07-13,41.78,42.46,41.4,42.27,1943,24545
1998-07-14,42.2,42.94,42.2,42.82,5385,23999
1998-07-15,42.77,42.98,42.54,42.88,1204,24133
1998-07-16,42.85,43.47,42.71,43.43,3464,23953
1998-07-17,43.39,43.52,42.93,43.1,3729,24175
1998-07-20,43.08,43.35,42.87,43.34,1037,24138
1998-07-21,43.25,43.25,42.94,43.02,1519,24391
1998-07-22,42.99,43.02,42.58,42.72,2015,24457
1998-07-23,42.75,42.79,42.26,42.49,1870,24321
1998-07-24,42.57,42.76,42.19,42.42,1580,25354
1998-07-27,42.26,42.26,41.78,41.82,2026,24748
1998-07-28,41.8,42.17,41.64,42.15,1270,24327
1998-07-29,42.11,42.18,41.81,41.96,651,24442
1998-07-30,42.08,42.38,41.86,41.89,1595,24268
1998-07-31,41.87,41.97,41.57,41.6,1312,24471
1998-08-03,41.62,41.77,41.26,41.33,1947,24885
1998-08-04,41.32,41.66,41.32,41.51,726,24918
1998-08-05,41.66,41.93,41.56,41.76,889,24884
1998-08-06,41.81,41.83,41.39,41.54,2259,24670
1998-08-07,41.56,41.56,41.1,41.23,1798,25170
1998-08-10,41.14,41.18,40.95,41.14,683,25208
1998-08-11,41.23,41.23,40.63,40.76,3315,25146
1998-08-12,40.76,41.17,40.75,40.79,2695,25455
1998-08-13,40.75,41.06,40.54,40.97,1285,25470
1998-08-14,40.96,41.09,40.71,40.77,594,25375
1998-08-17,40.73,40.75,40.55,40.66,1159,25159
1998-08-18,40.66,40.99,40.37,40.86,1140,24901
1998-08-19,40.86,41.17,40.46,40.62,2102,25388
1998-08-20,40.6,40.73,40.4,40.44,1671,25634
1998-08-21,40.43,40.43,39.84,39.99,4922,28414
1998-08-24,39.96,39.96,39.66,39.81,2308,28012
1998-08-25,39.81,39.88,39.42,39.58,2842,29098
1998-08-26,39.61,39.62,38.55,38.65,5825,31987
1998-08-27,38.74,38.88,37.49,38.1,7478,32785
1998-08-28,38.14,39.15,38.12,38.92,4604,32663
1998-08-31,38.96,39.27,38.76,39.19,2643,33288
1998-09-01,39.05,40.23,38.79,39.97,3457,32810
1998-09-02,39.9,40.29,39.69,40.08,1768,32207
1998-09-03,40.2,40.27,39.41,40.12,3197,32023
1998-09-04,40.12,40.55,39.83,40.27,7086,34122
1998-09-08,40.62,40.7,40.4,40.57,18716,37012
1998-09-09,40.54,40.67,39.96,40.27,21370,43525
1998-09-10,40.34,41.23,40.16,40.98,9346,42420
1998-09-11,41.02,41.44,40.72,41.18,10323,39750
1998-09-14,40.75,41.15,40.62,40.86,2686,39588
1998-09-15,40.84,41.16,40.65,40.86,1336,23206
1998-09-16,40.79,40.96,40.4,40.55,944,23382
1998-09-17,40.57,40.84,40.23,40.65,888,23232
1998-09-18,40.7,40.7,40.23,40.49,1371,23052
1998-09-21,40.44,40.44,39.96,40.01,1567,23043
1998-09-22,39.9,40.27,39.85,39.94,502,23008
1998-09-23,39.85,39.87,39.42,39.79,2618,23140
1998-09-24,39.79,40.14,39.76,40.09,1433,23052
1998-09-25,40.17,40.66,40.16,40.32,1783,22838
1998-09-28,40.39,40.55,40.03,40.55,754,22643
1998-09-29,40.56,41.13,40.56,40.99,3716,22772
1998-09-30,40.96,41.06,40.51,40.82,903,22959
1998-10-01,40.65,41.1,40.61,41.03,1527,23326
1998-10-02,41.05,41.05,40.55,40.84,782,23116
1998-10-05,40.91,41.25,40.68,40.73,1081,23187
1998-10-06,40.66,40.66,39.83,40.57,1792,23124
1998-10-07,40.65,42.84,40.6,42.72,15797,20715
1998-10-08,42.6,42.84,41.82,42.36,8790,18656
1998-10-09,42.3,42.78,41.92,42.41,918,18441
1998-10-13,43.03,43.19,42.68,42.86,1787,18502
1998-10-14,42.82,43.65,42.82,43.48,3379,18832
1998-10-15,43.47,43.71,43.26,43.42,4003,19590
1998-10-16,43.36,44.01,43.25,43.49,2101,19724
1998-10-19,43.4,43.6,43.22,43.39,728,19734
1998-10-20,43.39,43.5,43.05,43.23,805,19931
1998-10-21,43.26,43.52,42.88,42.97,1041,20280
1998-10-22,43.03,43.11,42.67,42.91,470,20236
1998-10-23,42.91,43.07,42.3,42.45,918,20341
1998-10-26,42.44,42.48,42.13,42.27,780,20465
1998-10-27,42.21,42.38,41.99,42.3,589,20467
1998-10-28,42.36,42.73,42.23,42.37,1138,20114
1998-10-29,42.34,42.89,42.32,42.81,848,19810
1998-10-30,42.8,42.95,42.57,42.82,742,19785
1998-11-02,42.94,42.99,42.8,42.87,788,19683
1998-11-03,42.82,43.12,42.69,42.78,1017,20001
1998-11-04,42.79,43.38,42.79,43.21,970,19953
1998-11-05,43.22,43.49,43.12,43.4,683,20150
1998-11-06,43.36,43.63,43.15,43.56,1462,20379
1998-11-09,43.56,43.72,43.34,43.63,2377,21493
1998-11-10,43.71,43.71,42.64,42.97,2643,21687
1998-11-11,42.96,43.36,42.96,43.26,603,21642
1998-11-12,43.29,43.82,43.17,43.81,1606,22286
1998-11-13,43.77,43.93,43.47,43.66,3901,21900
1998-11-16,43.78,43.97,43.54,43.78,2685,23194
1998-11-17,43.75,43.75,43.21,43.59,1548,23475
1998-11-18,43.58,44.47,43.19,44.27,2999,24370
1998-11-19,44.18,44.4,44.04,44.1,1328,24675
1998-11-20,43.87,44.24,43.87,44.17,2757,24891
1998-11-23,43.87,44.01,43.8,43.85,602,24920
1998-11-24,43.8,44.21,43.65,43.99,885,24980
1998-11-25,44.11,44.11,43.77,43.84,229,24952
1998-11-27,43.87,43.87,43.39,43.44,1588,24959
1998-11-30,43.44,43.53,42.84,43.01,3782,24556
1998-12-01,42.9,43.43,42.9,43.37,1551,24559
1998-12-02,43.39,43.71,42.98,43.06,3985,25791
1998-12-03,43.12,43.19,42.67,42.77,1574,25898
1998-12-04,42.77,42.84,42.16,42.28,7705,25136
1998-12-07,42.33,42.6,42.16,42.45,5621,24922
1998-12-08,42.43,42.47,42.03,42.12,14808,32584
1998-12-09,42.17,42.34,41.88,42.23,14636,27540
1998-12-10,42.19,42.61,42.19,42.45,5896,28766
1998-12-11,42.51,42.85,42.45,42.54,2634,28981
1998-12-14,42.44,42.53,42.28,42.48,1466,29166
1998-12-15,42.46,42.92,42.41,42.76,737,16303
1998-12-16,42.71,42.8,42.34,42.71,608,16253
1998-12-17,42.66,42.87,42.45,42.54,3886,16520
1998-12-18,42.54,42.75,42.37,42.45,376,16538
1998-12-21,42.44,42.47,42.19,42.2,1031,16064
1998-12-22,42.23,42.3,41.93,41.97,2319,16234
1998-12-23,41.97,42.16,41.72,41.75,2931,16662
1998-12-24,41.86,42.03,41.78,41.86,2079,16865
1998-12-28,41.65,41.74,41.45,41.58,992,17061
1998-12-29,41.62,42.01,41.62,41.87,1191,16936
1998-12-30,41.87,42.15,41.72,41.86,728,16880
1998-12-31,41.89,42.06,41.58,41.65,829,16925
1999-01-04,41.91,42.64,41.91,42.54,2246,16615
1999-01-05,42.56,42.82,42.54,42.61,1936,16657
1999-01-06,42.64,43.19,42.44,43.14,3950,17549
1999-01-07,43.12,43.67,43.02,43.62,4320,17347
1999-01-08,43.56,43.56,43.29,43.47,1827,17638
1999-01-11,43.44,43.94,43.43,43.84,3261,17774
1999-01-12,43.81,44.15,43.58,43.71,6176,19468
1999-01-13,43.67,43.67,43.06,43.38,2068,18712
1999-01-14,43.22,43.59,43.0,43.23,596,18748
1999-01-15,43.13,43.53,43.0,43.48,1977,19328
1999-01-19,43.49,43.84,43.33,43.68,939,19599
1999-01-20,43.74,43.92,43.72,43.75,841,19767
1999-01-21,43.82,44.29,43.57,44.05,2503,20555
1999-01-22,43.92,43.92,43.23,43.24,1989,20605
1999-01-25,43.34,43.36,43.06,43.16,1567,20254
1999-01-26,43.19,43.29,43.0,43.03,1072,20229
1999-01-27,43.09,43.29,42.88,43.05,1452,19947
1999-01-28,43.06,43.06,42.7,42.88,2031,19543
1999-01-29,42.95,43.26,42.92,43.14,4333,19704
1999-02-01,43.24,43.67,43.24,43.6,3465,21436
1999-02-02,43.52,43.91,43.52,43.75,2524,21045
1999-02-03,43.71,44.09,43.65,43.92,1371,21500
1999-02-04,43.95,44.56,43.63,44.43,10279,25114
1999-02-05,44.47,44.73,44.32,44.52,6741,28865
1999-02-08,44.64,44.8,44.51,44.58,1782,29424
1999-02-09,44.49,44.49,44.12,44.18,1232,29683
1999-02-10,44.19,44.37,44.05,44.23,998,29641
1999-02-11,44.29,44.6,44.12,44.3,1354,29674
1999-02-12,44.35,44.35,43.81,44.19,1293,29720
1999-02-16,44.34,44.42,43.43,43.54,3793,28733
1999-02-17,43.54,43.58,43.26,43.43,1354,28544
1999-02-18,43.51,43.66,43.37,43.48,983,28643
1999-02-19,43.5,43.88,43.5,43.84,1159,28675
1999-02-22,43.7,43.93,43.5,43.82,1310,28881
1999-02-23,43.88,43.91,43.57,43.87,607,28933
1999-02-24,43.88,43.88,43.07,43.27,2580,28584
1999-02-25,43.29,43.34,42.71,42.81,9510,27208
1999-02-26,42.78,42.78,42.16,42.31,7547,26159
1999-03-01,42.36,42.54,42.19,42.38,3529,24594
1999-03-02,42.38,42.62,42.38,42.58,1248,24360
1999-03-03,42.52,42.86,42.52,42.64,1617,24680
1999-03-04,42.55,42.88,42.34,42.72,975,24610
1999-03-05,42.84,43.09,42.75,42.99,2805,24085
1999-03-08,42.99,43.25,42.96,43.24,15610,24522
1999-03-09,43.26,43.59,43.17,43.53,11628,26370
1999-03-10,43.45,43.61,43.4,43.55,5093,27917
1999-03-11,43.55,43.73,43.27,43.66,2746,27330
1999-03-12,43.68,43.68,43.32,43.55,5568,27356
1999-03-15,43.45,43.45,42.99,43.01,1230,27397
1999-03-16,43.0,43.1,42.69,42.95,1145,17558
1999-03-17,42.86,43.06,42.68,42.93,2456,16235
1999-03-18,42.93,43.23,42.88,43.01,478,16361
1999-03-19,43.01,43.23,42.93,43.1,932,16421
1999-03-22,43.23,43.54,43.14,43.5,899,16443
1999-03-23,43.58,43.86,43.53,43.81,4813,19245
1999-03-24,43.77,43.94,43.62,43.69,2905,19509
1999-03-25,43.6,43.68,43.47,43.62,439,19421
1999-03-26,43.64,43.68,43.32,43.43,1470,19808
1999-03-29,43.37,43.42,43.16,43.22,1792,19105
1999-03-30,43.2,43.27,42.79,42.83,3751,17388
1999-03-31,42.91,43.61,42.86,43.47,6641,19408
1999-04-01,43.38,43.68,43.34,43.47,1440,19578
1999-04-05,43.44,43.47,43.13,43.18,860,19436
1999-04-06,43.19,43.2,42.87,43.08,1130,19584
1999-04-07,43.06,43.14,42.84,42.9,3082,19216
1999-04-08,42.91,42.97,42.62,42.8,4666,17526
1999-04-09,42.82,43.25,42.82,43.24,2136,17840
1999-04-12,43.29,43.62,43.29,43.51,3596,17386
1999-04-13,43.48,43.66,43.36,43.52,4414,18279
1999-04-14,43.54,43.84,43.47,43.49,2109,18494
1999-04-15,43.4,44.12,43.32,44.06,8244,23872
1999-04-16,44.01,44.43,43.96,44.29,7260,28232
1999-04-19,44.24,44.69,44.23,44.57,2188,28650
1999-04-20,44.57,44.59,44.19,44.28,2521,29259
1999-04-21,44.29,44.45,44.17,44.25,2087,28613
1999-04-22,44.23,44.6,44.14,44.59,2276,29320
1999-04-23,44.6,44.91,44.57,44.64,9332,36667
1999-04-26,44.62,44.81,44.29,44.45,3570,37043
1999-04-27,44.44,44.59,44.2,44.55,1404,37439
1999-04-28,44.48,44.87,44.42,44.78,1905,37888
1999-04-29,44.81,45.18,44.68,45.13,4170,39288
1999-04-30,45.14,45.39,45.01,45.29,3120,40660
1999-05-03,45.2,45.55,45.16,45.46,2246,41883
1999-05-04,45.48,45.5,45.12,45.18,2328,42401
1999-05-05,45.11,45.49,45.0,45.4,2235,43398
1999-05-06,45.4,46.07,45.4,45.85,2538,44204
1999-05-07,45.86,46.13,45.52,46.02,2675,44899
1999-05-10,45.8,45.95,45.57,45.58,1083,44923
1999-05-11,45.56,46.17,45.45,45.8,1342,45073
1999-05-12,45.76,45.9,45.52,45.59,2819,43939
1999-05-13,45.59,45.78,45.35,45.63,1702,43416
1999-05-14,45.63,45.9,45.35,45.46,950,43531
1999-05-17,45.34,45.66,45.29,45.53,2222,42946
1999-05-18,45.57,46.08,45.43,45.85,3200,44225
1999-05-19,45.75,45.75,45.05,45.21,3324,44018
1999-05-20,45.11,45.46,45.04,45.16,1739,43662
1999-05-21,45.18,45.42,44.94,44.99,2782,42891
1999-05-24,45.01,45.21,44.87,45.12,2325,42589
1999-05-25,45.11,45.11,44.53,44.56,7387,38767
1999-05-26,44.47,44.57,44.23,44.32,5948,38017
1999-05-27,44.34,44.68,44.32,44.4,3274,37339
1999-05-28,44.46,44.75,44.25,44.61,4281,36184
1999-06-01,44.55,44.55,43.78,44.04,12096,31713
1999-06-02,44.0,44.29,43.97,44.05,4776,28817
1999-06-03,44.1,44.46,43.88,44.4,9639,28655
1999-06-04,44.49,45.15,44.42,45.05,14587,31452
1999-06-07,44.95,45.18,44.89,45.13,9129,32572
1999-06-08,45.09,45.29,44.97,45.01,11438,33552
1999-06-09,44.96,45.39,44.88,45.06,12045,38577
1999-06-10,45.03,45.41,44.92,45.29,7202,39625
1999-06-11,45.24,45.53,45.21,45.48,2277,39420
1999-06-14,45.48,45.56,45.23,45.4,2277,39420
1999-06-16,45.01,45.13,44.83,44.94,1032,26751
1999-06-17,44.9,45.17,44.89,44.98,1356,27261
1999-06-18,45.01,45.01,44.51,44.59,2567,26825
1999-06-21,44.7,44.78,44.36,44.42,4324,27060
1999-06-22,44.46,44.85,44.44,44.74,1123,27375
1999-06-23,44.7,45.12,44.7,45.03,1555,27281
1999-06-24,45.03,45.18,44.97,45.05,971,27261
1999-06-25,45.07,45.44,45.03,45.28,1460,27196
1999-06-28,45.3,45.3,44.89,45.01,1391,27497
1999-06-29,45.02,45.05,44.85,44.94,691,27723
1999-06-30,44.92,45.63,44.92,45.55,5105,29710
1999-07-01,45.6,45.93,45.53,45.71,5105,29710
1999-07-02,45.61,45.87,45.55,45.77,3410,32611
1999-07-06,45.74,45.94,45.36,45.36,3688,33098
1999-07-07,45.27,45.76,45.22,45.74,3864,34005
1999-07-08,45.67,45.85,45.33,45.55,4568,35000
1999-07-09,45.57,45.76,45.36,45.54,2394,35559
1999-07-12,45.51,45.6,45.19,45.25,1968,35360
1999-07-13,45.25,45.42,44.95,45.05,2818,34645
1999-07-14,45.11,45.24,44.92,44.96,2472,34351
1999-07-15,44.98,45.39,44.81,45.21,1636,34272
1999-07-16,45.2,45.31,45.09,45.19,874,34351
1999-07-19,45.21,45.22,44.37,44.41,10095,30793
1999-07-20,44.44,44.68,44.02,44.1,12728,28283
1999-07-21,44.08,44.34,43.9,44.14,7068,26915
1999-07-22,44.15,44.44,44.1,44.25,3217,26448
1999-07-23,44.29,44.54,44.23,44.38,1381,26232
1999-07-26,44.47,44.59,44.15,44.25,1700,26282
1999-07-27,44.25,44.3,43.97,44.08,1810,26563
1999-07-28,44.1,44.27,43.96,44.18,1756,26749
1999-07-29,44.21,44.54,44.03,44.49,2546,27205
1999-07-30,44.49,44.75,44.44,44.57,2082,26894
1999-08-02,44.51,44.54,44.26,44.46,1589,26850
1999-08-03,44.53,44.81,44.51,44.79,1707,26508
1999-08-04,44.79,45.12,44.72,45.08,2773,26273
1999-08-05,45.07,45.13,44.64,44.72,2437,26179
1999-08-06,44.78,44.85,44.59,44.63,655,26117
1999-08-09,44.49,44.78,44.42,44.66,1412,25940
1999-08-10,44.7,44.77,44.44,44.51,1360,25783
1999-08-11,44.5,44.7,44.21,44.4,1562,25626
1999-08-12,44.34,44.65,44.34,44.4,1061,25419
1999-08-13,44.42,44.62,44.38,44.62,2392,25522
1999-08-16,44.68,44.76,44.38,44.49,1036,25651
1999-08-17,44.37,44.44,44.18,44.37,1049,25855
1999-08-18,44.45,44.53,43.92,44.23,3677,26489
1999-08-19,44.27,44.31,43.34,43.41,16662,33364
1999-08-20,43.4,43.74,43.38,43.49,2012,33535
1999-08-23,43.69,43.74,43.44,43.47,899,33594
1999-08-24,43.45,43.8,43.33,43.42,1270,33609
1999-08-25,43.53,43.6,43.13,43.19,1785,34124
1999-08-26,43.21,43.28,43.04,43.15,1732,34606
1999-08-27,43.1,43.38,43.04,43.23,786,34659
1999-08-30,43.06,43.34,42.98,43.33,1401,35458
1999-08-31,43.36,43.87,43.36,43.77,5393,34906
1999-09-01,43.81,43.86,43.58,43.67,1786,34959
1999-09-02,43.66,44.2,43.51,44.1,3392,34221
1999-09-03,44.08,44.26,43.92,44.24,20393,34183
1999-09-07,44.14,44.44,43.95,44.4,12161,35979
1999-09-08,44.4,44.53,44.27,44.33,11619,35619
1999-09-09,44.28,44.74,44.28,44.7,8804,35926
1999-09-10,44.68,44.78,44.45,44.53,12428,34890
1999-09-13,44.45,45.02,44.43,44.88,5125,34245
1999-09-14,44.89,44.95,44.51,44.55,4074,19708
1999-09-15,44.62,44.62,44.3,44.37,1211,19942
1999-09-16,44.31,44.43,44.1,44.15,1325,19536
1999-09-17,44.16,44.51,44.16,44.29,1433,19429
1999-09-20,44.23,44.23,43.79,43.82,1557,18909
1999-09-21,43.85,44.4,43.82,44.25,2257,18433
1999-09-22,44.29,44.59,44.27,44.51,1396,18461
1999-09-23,44.49,44.51,44.2,44.42,1268,18687
1999-09-24,44.41,44.68,44.23,44.53,1401,18642
1999-09-27,44.61,44.83,44.49,44.63,3475,18815
1999-09-28,44.62,45.12,44.37,44.93,6651,19111
1999-09-29,44.94,44.94,44.54,44.61,1227,19048
1999-09-30,44.61,44.68,44.42,44.61,1890,19390
1999-10-01,44.57,45.04,44.49,44.83,1500,19646
1999-10-04,44.85,45.34,44.83,45.29,5048,20397
1999-10-05,45.31,45.5,45.15,45.22,8102,23088
1999-10-06,45.3,45.3,45.02,45.13,999,23095
1999-10-07,45.19,45.27,44.98,45.07,919,23177
1999-10-08,44.98,45.05,44.65,44.7,919,23177
1999-10-12,44.78,44.9,44.47,44.8,1586,23698
1999-10-13,44.81,45.02,44.1,44.21,4952,22108
1999-10-14,44.23,44.51,44.23,44.32,2266,21180
1999-10-15,44.32,44.52,44.03,44.13,3255,21252
1999-10-18,44.1,44.1,43.86,44.0,4296,20887
1999-10-19,43.97,44.36,43.97,44.23,1351,20608
1999-10-20,44.24,44.38,44.07,44.16,763,20363
1999-10-21,44.14,44.41,44.14,44.26,1165,20075
1999-10-22,44.34,44.5,44.2,44.32,1152,20148
1999-10-25,44.33,44.57,44.27,44.49,1962,19951
1999-10-26,44.63,44.66,44.34,44.39,1353,19655
1999-10-27,44.44,44.44,43.9,43.99,3806,20116
1999-10-28,43.99,44.18,43.87,44.07,1845,20311
1999-10-29,44.12,44.12,43.41,43.48,8096,22181
1999-11-01,43.62,43.72,43.45,43.69,2458,22081
1999-11-02,43.62,43.84,43.56,43.75,1113,22213
1999-11-03,43.77,44.07,43.62,43.92,1702,22147
1999-11-04,43.92,43.92,43.45,43.54,2500,22321
1999-11-05,43.51,43.75,43.35,43.6,4248,23409
1999-11-08,43.69,43.75,43.45,43.51,1677,23322
1999-11-09,43.54,43.62,43.43,43.61,572,23330
1999-11-10,43.65,43.84,43.6,43.78,572,23330
1999-11-12,43.86,43.99,43.86,43.97,1734,23062
1999-11-15,44.15,44.21,43.99,44.14,3753,22728
1999-11-16,44.13,44.13,43.75,43.88,1701,22677
1999-11-17,43.89,43.89,43.59,43.63,1508,23260
1999-11-18,43.69,43.78,43.53,43.63,1411,23306
1999-11-19,43.68,43.77,43.5,43.56,665,23644
1999-11-22,43.67,43.67,43.45,43.49,2027,23909
1999-11-23,43.5,43.55,43.35,43.38,1702,22299
1999-11-24,43.38,43.46,43.11,43.15,4494,23183
1999-11-26,43.37,43.58,43.26,43.35,5978,25983
1999-11-29,43.35,43.62,43.35,43.55,3807,27015
1999-11-30,43.54,43.55,43.27,43.47,16856,29461
1999-12-01,43.39,43.6,43.35,43.5,2740,29557
1999-12-02,43.5,43.5,43.11,43.2,4049,29986
1999-12-03,43.17,43.35,43.0,43.21,10110,28637
1999-12-06,43.22,43.41,43.09,43.35,5995,29067
1999-12-07,43.28,43.52,43.26,43.5,6139,28395
1999-12-08,43.49,43.63,43.4,43.56,6246,28109
1999-12-09,43.52,43.75,43.52,43.67,11457,28195
1999-12-10,43.65,43.65,43.27,43.39,5155,28338
1999-12-13,43.39,43.44,43.15,43.28,3595,28468
1999-12-14,43.32,43.48,43.31,43.37,1367,20168
1999-12-15,43.44,43.46,43.29,43.4,882,19710
1999-12-16,43.47,43.95,43.41,43.86,3758,19155
1999-12-17,43.92,44.09,43.8,43.88,4804,19348
1999-12-20,43.82,43.89,43.76,43.84,828,19365
1999-12-21,43.87,43.99,43.84,43.99,1193,19280
1999-12-22,43.99,44.15,43.88,43.99,1344,18920
1999-12-23,43.97,44.05,43.88,44.04,894,18388
1999-12-27,43.92,44.12,43.9,44.09,1018,18756
1999-12-28,44.03,44.16,43.94,44.01,1516,18711
1999-12-29,44.1,44.53,44.08,44.52,6044,19538
1999-12-30,44.5,44.69,44.34,44.61,2221,20183
1999-12-31,44.77,44.87,44.61,44.86,1997,20939
2000-01-03,44.8,45.12,44.8,45.12,6934,25366
2000-01-04,44.98,44.99,44.68,44.71,6339,25699
2000-01-05,44.67,44.99,44.63,44.87,2570,27163
2000-01-06,44.93,44.93,44.57,44.68,2269,27692
2000-01-07,44.63,44.72,44.52,44.71,1038,27404
2000-01-10,44.69,44.82,44.62,44.77,2060,29097
2000-01-11,44.78,44.94,44.57,44.89,2161,30290
2000-01-12,44.88,44.97,44.8,44.89,1033,30704
2000-01-13,44.91,45.61,44.91,45.58,11861,39916
2000-01-14,45.5,45.59,45.36,45.47,11861,39916
2000-01-17,45.36,45.39,45.21,45.25,0,0
2000-01-18,45.36,45.4,45.18,45.36,1388,40500
2000-01-19,45.39,45.44,45.18,45.24,795,40466
2000-01-20,45.25,45.54,45.14,45.39,1615,41125
2000-01-21,45.38,45.41,45.12,45.23,1690,40509
2000-01-24,44.93,44.93,44.46,44.58,5616,38959
2000-01-25,44.6,44.77,44.55,44.65,1761,38359
2000-01-26,44.71,44.77,44.33,44.42,4307,37012
2000-01-27,44.42,44.72,44.42,44.61,1630,36903
2000-01-28,44.61,44.69,42.42,43.04,22264,33628
2000-01-31,43.49,43.6,43.19,43.28,11259,32225
2000-02-01,43.41,43.51,42.93,43.05,6500,33312
2000-02-02,43.07,43.71,43.07,43.48,4071,32513
2000-02-03,43.54,43.65,43.0,43.39,2102,32416
2000-02-04,43.4,43.53,42.81,43.4,2874,31885
2000-02-07,43.54,43.84,43.13,43.22,1547,31892
2000-02-08,43.17,43.37,43.1,43.15,1149,32010
2000-02-09,43.1,43.45,43.02,43.27,679,31994
2000-02-10,43.29,43.36,42.81,43.0,3571,32150
2000-02-11,43.03,43.15,42.66,43.1,1589,32001
2000-02-14,43.03,43.19,42.71,42.75,1974,32135
2000-02-15,42.77,43.03,42.56,42.87,1926,31826
2000-02-16,42.9,43.13,42.84,43.08,830,31681
2000-02-17,43.04,43.3,42.92,43.12,1455,31919
2000-02-18,43.08,43.2,42.83,42.83,1225,31725
2000-02-22,42.84,42.84,42.57,42.58,2494,31711
2000-02-23,42.56,42.56,42.15,42.31,2975,32027
2000-02-24,42.26,42.43,41.83,41.97,2450,32400
2000-02-25,41.91,42.35,41.9,41.96,1650,32602
2000-02-28,42.0,42.04,41.62,41.81,2976,32912
2000-02-29,41.83,42.17,41.77,42.17,2439,33732
2000-03-01,42.17,42.18,41.09,41.19,2385,34108
2000-03-02,41.31,41.67,41.12,41.4,3342,34092
2000-03-03,41.36,41.57,41.29,41.49,7637,33753
2000-03-06,41.43,41.44,40.99,41.03,17799,34923
2000-03-07,41.06,41.24,40.63,41.13,7192,35724
2000-03-08,41.17,41.58,41.14,41.54,10203,35223
2000-03-09,41.46,42.0,41.46,41.92,10512,34343
2000-03-10,41.94,41.97,41.74,41.89,2974,33809
2000-03-13,41.77,42.1,41.68,41.98,2264,33353
2000-03-14,41.96,42.2,41.73,41.97,1726,20595
2000-03-15,41.9,41.93,41.67,41.78,696,20585
2000-03-16,41.78,41.93,41.46,41.68,867,20920
2000-03-17,41.68,41.74,41.25,41.31,1246,21016
2000-03-20,41.36,41.46,41.22,41.42,914,21450
2000-03-21,41.41,41.65,41.4,41.58,946,21335
2000-03-22,41.6,41.7,41.2,41.21,1660,22293
2000-03-23,41.24,41.36,40.99,41.27,1750,22381
2000-03-24,41.29,41.48,41.23,41.44,857,22563
2000-03-27,41.64,41.88,41.59,41.64,2159,21983
2000-03-28,41.72,41.97,41.72,41.9,2562,22401
2000-03-29,41.89,41.97,41.44,41.66,2235,23296
2000-03-30,41.66,41.78,41.51,41.74,992,23066
2000-03-31,41.74,41.78,41.02,41.4,2806,23215
2000-04-03,41.35,41.44,41.29,41.36,1388,23125
2000-04-04,41.43,41.57,40.78,41.25,3883,22574
2000-04-05,41.25,41.39,41.04,41.27,1827,21916
2000-04-06,41.27,41.27,40.86,41.06,2182,22131
2000-04-07,40.99,41.05,40.61,40.8,1814,22195
2000-04-10,40.78,40.88,40.63,40.76,1217,22635
2000-04-11,40.75,40.75,40.42,40.58,1401,23356
2000-04-12,40.61,40.72,40.44,40.63,1026,23275
2000-04-13,40.63,40.89,40.6,40.66,2123,24507
2000-04-14,40.66,40.75,40.62,40.67,2123,24507
2000-04-17,41.02,41.17,40.1,40.24,2889,24950
2000-04-18,40.35,40.63,40.21,40.54,2168,24969
2000-04-19,40.47,40.74,40.42,40.57,2566,25531
2000-04-20,40.56,40.69,40.37,40.39,758,25327
2000-04-24,40.39,40.64,40.38,40.5,379,25308
2000-04-25,40.53,40.67,40.37,40.38,686,25230
2000-04-26,40.45,40.45,39.97,40.03,2046,25012
2000-04-27,40.03,40.2,39.93,40.08,2306,24969
2000-04-28,40.08,40.24,39.72,39.77,2810,25384
2000-05-01,39.78,39.78,39.42,39.62,2664,25955
2000-05-02,39.69,40.01,39.64,39.89,1709,25510
2000-05-03,39.91,40.47,39.74,40.4,2858,24735
2000-05-04,40.37,40.37,39.97,40.27,1558,24431
2000-05-05,40.25,40.68,40.21,40.64,3166,23855
2000-05-08,40.63,40.63,39.55,39.63,2834,23597
2000-05-09,39.64,39.82,39.29,39.75,1944,23977
2000-05-10,39.75,39.89,39.54,39.62,1416,23919
2000-05-11,39.64,39.79,39.15,39.39,1393,23903
2000-05-12,39.48,39.59,39.35,39.55,841,23870
2000-05-15,39.57,39.61,38.95,39.05,2120,24102
2000-05-16,39.1,39.42,38.92,39.24,1558,24091
2000-05-17,39.21,39.35,38.53,38.7,2088,24435
2000-05-18,38.72,39.14,38.47,38.87,1221,24150
2000-05-19,38.86,39.16,38.63,39.03,1198,24085
2000-05-22,38.68,39.23,38.68,39.04,954,24135
2000-05-23,38.95,39.37,38.92,39.1,1192,24119
2000-05-24,39.14,39.15,38.77,38.88,1177,24002
2000-05-25,38.9,39.04,38.63,38.8,1133,24226
2000-05-26,38.78,39.01,38.56,38.96,850,24183
2000-05-30,39.07,39.51,38.95,39.31,2361,23560
2000-05-31,39.18,39.25,38.8,38.99,3103,24436
2000-06-01,39.03,39.1,38.7,38.99,2528,24582
2000-06-02,38.86,39.69,38.78,39.42,2869,24215
2000-06-05,39.42,39.88,39.35,39.67,3661,24728
2000-06-06,39.62,40.27,39.43,40.14,7112,25818
2000-06-07,40.09,40.44,39.99,40.35,3176,25681
2000-06-08,40.33,40.42,39.96,40.09,4722,25783
2000-06-09,39.93,40.06,39.85,39.93,10046,27305
2000-06-12,40.02,40.29,40.02,40.27,15568,30548
2000-06-13,40.26,40.88,40.04,40.65,11874,30014
2000-06-14,40.65,41.12,40.59,40.88,11043,27292
2000-06-15,40.81,41.05,40.74,41.04,3678,26891
2000-06-16,41.0,41.48,40.98,41.31,5934,25749
2000-06-19,41.27,41.32,40.88,40.99,3343,23987
2000-06-20,41.02,41.25,40.87,41.14,1221,15622
2000-06-21,41.04,41.08,40.74,41.07,965,15526
2000-06-22,41.01,41.01,40.48,40.6,906,15541
2000-06-23,40.67,40.71,40.38,40.44,1038,15317
2000-06-26,40.47,40.69,40.31,40.63,535,15306
2000-06-27,40.64,40.99,40.62,40.97,1399,15625
2000-06-28,40.93,41.12,40.86,41.01,1550,15900
2000-06-29,40.99,41.18,40.84,41.01,730,15839
2000-06-30,40.94,40.98,40.32,40.64,2669,16102
2000-07-03,40.75,40.93,40.66,40.79,1534,15353
2000-07-05,40.7,40.7,40.07,40.1,4514,16235
2000-07-06,40.12,40.29,40.06,40.18,1918,16536
2000-07-07,40.16,40.26,39.92,40.21,1230,16397
2000-07-10,40.29,40.49,40.1,40.3,1981,16491
2000-07-11,40.29,40.29,39.95,39.97,2364,16511
2000-07-12,39.97,40.25,39.89,40.03,1022,16647
2000-07-13,40.16,40.23,39.63,39.8,2790,17225
2000-07-14,39.76,39.92,39.7,39.78,699,17326
2000-07-17,39.69,40.09,39.56,40.06,880,17509
2000-07-18,40.07,40.07,39.51,39.63,1583,17682
2000-07-19,39.62,39.65,39.1,39.19,3752,18370
2000-07-20,39.19,39.75,39.19,39.7,2465,18140
2000-07-21,39.65,40.06,39.56,39.89,1865,18184
2000-07-24,40.02,40.03,39.76,39.77,781,17842
2000-07-25,39.8,39.93,39.65,39.82,520,17708
2000-07-26,39.76,40.26,39.76,40.23,2034,17552
2000-07-27,40.23,40.37,39.91,39.94,1161,17368
2000-07-28,39.97,40.29,39.87,40.02,1569,18188
2000-07-31,40.03,40.03,39.25,39.44,2728,17919
2000-08-01,39.44,39.57,39.36,39.37,1177,18039
2000-08-02,39.32,39.76,39.2,39.67,2322,18000
2000-08-03,39.69,39.93,39.52,39.82,1494,18074
2000-08-04,39.85,39.86,39.52,39.76,3002,18251
2000-08-07,39.89,39.97,39.77,39.91,1028,17959
2000-08-08,39.9,40.04,39.62,39.62,1058,17873
2000-08-09,39.61,39.75,39.23,39.33,2014,18322
2000-08-10,39.31,39.65,39.28,39.57,1619,18211
2000-08-11,39.58,39.72,39.32,39.4,909,18659
2000-08-14,39.35,39.56,39.22,39.55,1164,18849
2000-08-15,39.59,39.74,39.54,39.65,1196,18912
2000-08-16,39.64,40.23,39.57,40.2,4503,19489
2000-08-17,40.18,40.4,40.06,40.33,2412,19401
2000-08-18,40.3,40.41,40.06,40.13,1847,19680
2000-08-21,40.13,40.2,39.96,40.04,551,19553
2000-08-22,40.02,40.1,39.35,39.46,5520,20241
2000-08-23,39.49,39.49,38.5,38.83,8216,22601
2000-08-24,38.83,39.04,38.74,38.93,1872,22400
2000-08-25,38.93,39.15,38.77,39.02,1587,22358
2000-08-28,38.98,39.13,38.82,38.83,862,22285
2000-08-29,38.84,39.09,38.67,38.76,1713,22356
2000-08-30,38.76,39.08,38.62,39.07,4108,22682
2000-08-31,39.1,39.32,38.97,39.25,3807,23534
2000-09-01,39.23,39.38,38.81,39.21,2669,23719
2000-09-05,39.22,39.28,38.67,38.7,3149,23929
2000-09-06,38.69,38.72,38.16,38.42,4872,25170
2000-09-07,38.42,38.49,37.59,37.99,5724,26873
2000-09-08,37.95,38.08,37.75,37.85,8148,29335
2000-09-11,37.87,38.15,37.79,38.13,24688,32204
2000-09-12,38.11,38.21,37.81,37.98,6380,32544
2000-09-13,37.91,38.0,37.56,37.77,5186,32140
2000-09-14,37.74,37.74,37.26,37.39,9685,34252
2000-09-15,37.33,37.52,37.0,37.11,6799,33885
2000-09-18,37.03,37.06,36.73,36.84,3785,34010
2000-09-19,36.86,36.99,36.77,36.92,746,23444
2000-09-20,36.96,37.05,36.41,36.52,2042,23675
2000-09-21,36.59,36.97,36.45,36.93,1448,23889
2000-09-22,37.01,37.94,36.92,36.93,3811,23742
2000-09-25,37.26,37.42,36.96,37.34,1799,23753
2000-09-26,37.34,37.49,37.15,37.37,1413,23818
2000-09-27,37.33,37.52,37.17,37.49,1151,23555
2000-09-28,37.49,37.49,37.19,37.28,686,23536
2000-09-29,37.18,37.18,36.58,36.9,1721,23788
2000-10-02,36.94,37.21,36.75,37.14,1079,23675
2000-10-03,37.12,37.14,36.63,36.69,1962,24100
2000-10-04,36.75,36.75,36.28,36.52,1824,24422
2000-10-05,36.54,36.61,36.31,36.39,1441,24322
2000-10-06,36.39,36.44,35.94,36.31,1739,24348
2000-10-10,36.41,36.55,36.01,36.22,1319,24487
2000-10-11,36.23,36.52,36.23,36.28,1337,24608
2000-10-12,36.24,36.38,35.97,36.2,992,24485
2000-10-13,36.26,36.26,35.8,35.97,1362,24314
2000-10-16,35.87,35.94,35.5,35.55,1802,24443
2000-10-17,35.54,35.61,35.1,35.45,1486,24654
2000-10-18,35.39,35.56,35.02,35.35,1383,24833
2000-10-19,35.41,35.52,35.2,35.5,2399,24731
2000-10-20,35.51,36.06,35.43,35.88,3654,24598
2000-10-23,36.01,36.11,35.71,35.71,2067,24223
2000-10-24,35.73,36.05,35.67,35.74,2357,24107
2000-10-25,35.76,35.92,35.19,35.31,1602,24207
2000-10-26,35.29,35.46,34.93,35.39,1417,24175
2000-10-27,35.39,35.68,35.26,35.61,976,24341
2000-10-30,35.58,35.86,35.5,35.67,1599,24621
2000-10-31,35.5,35.53,34.76,35.5,3442,24973
2000-11-01,35.39,35.84,35.11,35.57,1816,24804
2000-11-02,35.6,36.31,35.2,35.43,4330,24629
2000-11-03,35.34,36.07,35.29,35.72,1317,24327
2000-11-06,35.82,36.01,35.73,35.84,1332,24357
2000-11-07,35.83,36.01,35.72,35.99,1088,24313
2000-11-08,35.97,36.19,35.74,35.84,1088,24313
2000-11-09,35.8,35.97,35.53,35.9,2907,24473
2000-11-10,35.89,36.01,35.31,35.44,2517,24604
2000-11-13,35.33,35.46,35.22,35.41,1352,24497
2000-11-14,35.32,35.46,35.2,35.27,993,24415
2000-11-15,35.27,35.6,35.22,35.39,1450,24641
2000-11-16,35.41,35.41,35.19,35.23,437,24515
2000-11-17,35.29,35.43,35.25,35.29,1147,24456
2000-11-20,35.26,35.31,34.82,34.95,2485,25231
2000-11-21,34.95,34.98,34.55,34.73,1424,25701
2000-11-22,34.74,35.86,34.48,35.82,4964,25820
2000-11-24,35.37,35.7,35.24,35.57,3682,25315
2000-11-27,35.41,35.87,35.27,35.75,2449,24726
2000-11-28,35.8,35.84,35.43,35.52,1070,24753
2000-11-29,35.46,35.86,35.39,35.43,1300,24746
2000-11-30,35.47,36.01,35.38,35.88,3285,25108
2000-12-01,35.89,36.67,35.85,36.5,5730,25292
2000-12-04,36.68,37.23,36.51,36.95,5634,25135
2000-12-05,37.05,37.05,36.67,36.73,13117,28474
2000-12-06,36.64,37.22,36.62,37.19,2652,28253
2000-12-07,37.24,37.45,37.09,37.16,2792,28001
2000-12-08,37.2,37.2,36.95,37.08,3986,28129
2000-12-11,37.05,37.05,36.65,36.78,12201,28759
2000-12-12,36.71,36.91,36.61,36.79,8750,30062
2000-12-13,36.88,36.95,36.54,36.58,3135,29335
2000-12-14,36.62,36.91,36.62,36.77,4952,30202
2000-12-15,36.84,37.17,36.84,36.92,5052,30060
2000-12-18,36.89,37.07,36.68,36.75,2614,30156
2000-12-19,36.8,37.03,36.71,36.99,1909,20318
2000-12-20,37.01,37.39,36.95,37.39,2255,20647
2000-12-21,37.48,37.73,37.43,37.7,5866,21790
2000-12-22,37.74,37.87,37.55,37.68,1635,21754
2000-12-26,37.62,37.97,37.62,37.96,1112,21750
2000-12-27,37.99,37.99,37.72,37.98,2199,22620
2000-12-28,37.92,37.92,37.46,37.65,2221,22791
2000-12-29,37.6,37.97,37.57,37.93,1295,22551
2001-01-02,37.97,38.0,37.81,37.93,2288,23374
2001-01-03,38.0,38.39,37.73,37.85,5386,24129
2001-01-04,37.76,38.48,37.66,38.42,4322,24273
2001-01-05,38.34,38.85,38.34,38.78,5777,24878
2001-01-08,38.74,38.85,38.38,38.59,2982,24828
2001-01-09,38.58,38.62,37.94,38.24,2454,25878
2001-01-10,38.23,38.23,37.66,37.79,1625,26558
2001-01-11,37.74,38.25,37.47,38.05,1768,26890
2001-01-12,38.04,38.17,37.6,37.72,3245,26295
2001-01-16,37.72,37.87,37.29,37.69,3903,26450
2001-01-17,37.67,37.73,37.28,37.53,2261,25789
2001-01-18,37.6,37.97,37.39,37.93,2387,26122
2001-01-19,37.95,38.19,37.7,37.76,2864,26284
2001-01-22,37.58,37.82,37.45,37.71,2087,26209
2001-01-23,37.72,37.87,37.46,37.5,1577,25392
2001-01-24,37.49,37.6,36.85,36.91,4734,24730
2001-01-25,36.78,37.05,36.75,36.94,4080,23783
2001-01-26,37.01,37.07,36.71,36.92,1661,23566
2001-01-29,36.88,36.98,36.78,36.87,837,23545
2001-01-30,36.92,37.22,36.68,37.14,2461,23202
2001-01-31,37.22,37.36,36.95,37.29,1704,23213
2001-02-01,37.34,37.72,37.22,37.64,2083,23505
2001-02-02,37.53,37.77,37.36,37.47,2476,23405
2001-02-05,37.35,37.53,37.25,37.3,1092,23205
2001-02-06,37.3,37.41,37.11,37.24,1334,23352
2001-02-07,37.22,37.39,36.92,37.06,1670,23215
2001-02-08,37.0,37.05,36.2,36.22,5550,23453
2001-02-09,36.11,36.51,36.11,36.38,4532,23817
2001-02-12,36.48,36.63,36.27,36.54,1911,23879
2001-02-13,36.58,36.61,36.14,36.25,3326,24104
2001-02-14,36.37,36.37,35.73,35.99,3246,24571
2001-02-15,35.93,35.93,35.49,35.53,3603,25726
2001-02-16,35.53,36.07,35.51,35.95,3143,25732
2001-02-20,35.9,36.03,35.36,35.56,6006,25814
2001-02-21,35.57,35.89,35.46,35.57,2021,26201
2001-02-22,35.56,35.76,35.32,35.55,1590,26366
2001-02-23,35.53,35.8,35.32,35.7,1230,25930
2001-02-26,35.74,35.79,35.37,35.51,1763,26206
2001-02-27,35.53,35.73,35.4,35.67,1784,26498
2001-02-28,35.68,35.78,35.44,35.72,2194,27158
2001-03-01,35.7,35.91,35.64,35.86,2530,27335
2001-03-02,35.83,35.97,35.65,35.93,1231,27192
2001-03-05,35.87,35.87,35.32,35.37,14806,33807
2001-03-06,35.41,35.46,35.02,35.19,4326,35712
2001-03-07,35.21,35.34,34.51,34.58,10511,39179
2001-03-08,34.6,34.72,34.42,34.67,10455,39332
2001-03-09,34.72,34.83,34.45,34.51,3426,38719
2001-03-12,34.49,34.69,34.43,34.53,10857,40740
2001-03-13,34.62,34.64,34.05,34.17,6403,42016
2001-03-14,34.26,34.26,33.52,33.56,8578,42329
2001-03-15,33.65,33.75,33.25,33.43,6885,42832
2001-03-16,33.41,33.71,33.37,33.52,3857,41740
2001-03-19,33.58,34.22,33.58,33.82,4168,41863
2001-03-20,33.85,34.15,33.74,34.09,1463,25392
2001-03-21,34.1,34.2,33.47,33.56,2406,25457
2001-03-22,33.57,33.6,33.18,33.41,2660,26001
2001-03-23,33.41,33.91,33.41,33.69,1892,25717
2001-03-26,33.51,34.07,33.18,34.0,3013,26262
2001-03-27,34.01,34.01,33.64,33.86,2302,26034
2001-03-28,33.9,33.91,33.43,33.52,2351,25297
2001-03-29,33.52,33.57,33.3,33.44,1022,25139
2001-03-30,33.55,33.59,32.91,32.94,3501,26437
2001-04-02,32.94,33.18,32.41,32.52,4078,27044
2001-04-03,32.5,33.13,32.5,33.07,2634,26563
2001-04-04,33.02,33.41,32.84,33.2,3261,26723
2001-04-05,33.2,33.54,33.14,33.31,1966,26933
2001-04-06,33.38,33.88,33.22,33.79,2054,26694
2001-04-09,33.69,33.81,33.34,33.52,2110,27094
2001-04-10,33.37,33.73,33.33,33.65,1684,27091
2001-04-11,33.68,34.25,33.6,34.17,5814,26569
2001-04-12,34.18,34.66,34.18,34.58,5113,25960
2001-04-16,34.49,34.77,34.33,34.67,2006,26071
2001-04-17,34.6,34.72,34.12,34.17,2770,26220
2001-04-18,34.18,34.35,33.45,34.14,1918,26136
2001-04-19,34.17,35.12,34.01,34.98,2503,25866
2001-04-20,35.03,35.27,34.75,35.05,2424,26001
2001-04-23,35.02,35.27,34.17,34.28,3327,26194
2001-04-24,34.16,34.55,34.04,34.22,4094,25375
2001-04-25,34.37,34.37,34.11,34.3,820,25359
2001-04-26,34.41,34.68,34.13,34.56,1022,25380
2001-04-27,34.72,34.89,34.45,34.51,1974,25229
2001-04-30,34.49,34.86,34.39,34.79,1474,25107
2001-05-01,34.7,35.23,34.68,35.2,2776,25961
2001-05-02,35.1,35.47,35.07,35.3,2273,25429
2001-05-03,35.3,35.57,35.17,35.22,2448,25444
2001-05-04,35.19,35.44,34.92,35.3,1781,25391
2001-05-07,35.3,35.3,35.12,35.21,363,25342
2001-05-08,35.13,35.35,34.91,34.96,2067,25187
2001-05-09,34.96,35.61,34.96,35.53,4346,25284
2001-05-10,35.63,35.75,35.42,35.53,2002,25559
2001-05-11,35.6,35.6,35.21,35.4,1976,26169
2001-05-14,35.34,35.34,35.0,35.25,1672,26249
2001-05-15,35.2,35.4,35.0,35.34,2073,26570
2001-05-16,35.39,35.55,35.21,35.51,2834,27143
2001-05-17,35.57,35.91,35.55,35.83,4770,26591
2001-05-18,35.8,35.97,35.55,35.91,3110,26868
2001-05-21,35.91,36.18,35.74,35.82,3045,28002
2001-05-22,35.85,35.87,35.4,35.62,1280,28223
2001-05-23,35.56,35.56,34.86,35.13,4381,28466
2001-05-24,35.02,35.3,34.41,35.21,5337,28090
2001-05-25,35.3,35.45,35.17,35.34,1555,27928
2001-05-29,35.23,35.42,34.91,35.09,2059,27921
2001-05-30,35.1,35.32,34.7,34.79,5860,26160
2001-05-31,34.79,34.79,34.18,34.33,3748,26828
2001-06-01,34.35,34.62,34.19,34.51,2204,26755
2001-06-04,34.53,34.69,34.32,34.37,1681,25748
2001-06-05,34.43,34.66,34.27,34.53,2315,25951
2001-06-06,34.6,35.13,34.56,35.03,7892,25914
2001-06-07,34.97,35.32,34.84,35.24,9433,26591
2001-06-08,35.38,35.72,35.29,35.67,3475,26565
2001-06-11,35.66,35.73,35.32,35.51,5390,27230
2001-06-12,35.33,35.7,35.32,35.57,10549,28945
2001-06-13,35.62,36.03,35.57,35.92,6300,29371
2001-06-14,35.85,35.9,35.47,35.66,5261,29016
2001-06-15,35.83,35.85,35.51,35.7,2837,28816
2001-06-18,35.65,35.74,35.39,35.53,1112,29559
2001-06-19,35.53,35.53,35.22,35.28,1117,16288
2001-06-20,35.23,35.32,35.02,35.23,1494,16503
2001-06-21,35.3,35.4,34.99,35.15,2142,16766
2001-06-22,35.05,35.19,34.92,35.02,1776,16239
2001-06-25,35.11,35.22,34.97,35.15,1116,16169
2001-06-26,35.09,35.49,35.04,35.44,1163,16387
2001-06-27,35.44,35.44,35.06,35.18,1633,16258
2001-06-28,35.19,35.26,34.3,34.42,3568,16224
2001-06-29,34.38,34.68,34.27,34.6,3074,17273
2001-07-02,34.63,34.78,34.47,34.67,2972,18003
2001-07-03,34.68,35.19,34.68,35.17,3991,18832
2001-07-05,35.15,35.31,34.85,34.95,4066,19593
2001-07-06,34.85,34.97,34.25,34.48,4269,18470
2001-07-09,34.54,34.68,34.27,34.63,1610,18735
2001-07-10,34.71,34.86,34.51,34.59,970,18348
2001-07-11,34.78,34.83,34.29,34.31,5210,20249
2001-07-12,34.3,34.46,34.06,34.23,3937,20826
2001-07-13,34.36,34.54,34.34,34.52,1623,21119
2001-07-16,34.54,34.73,34.45,34.51,2349,21321
2001-07-17,34.47,34.61,34.31,34.58,1682,21834
2001-07-18,34.66,35.05,34.59,34.93,2412,21503
2001-07-19,35.05,35.19,34.78,34.97,3256,21683
2001-07-20,34.84,34.98,34.23,34.35,2694,21886
2001-07-23,34.38,34.56,34.34,34.52,1249,21888
2001-07-24,34.53,34.6,34.4,34.49,1108,21886
2001-07-25,34.64,34.67,34.35,34.44,542,21996
2001-07-26,34.51,34.76,34.4,34.58,1056,21962
2001-07-27,34.59,34.59,34.24,34.51,1499,22538
2001-07-30,34.53,34.55,34.3,34.32,1841,22809
2001-07-31,34.38,34.64,34.1,34.57,1841,22809
2001-08-01,34.62,35.32,34.53,35.28,8924,21684
2001-08-02,35.21,35.47,35.08,35.34,3531,21656
2001-08-03,35.34,35.36,34.95,35.23,1600,21002
2001-08-06,35.26,35.26,35.04,35.19,1036,21132
2001-08-07,35.17,35.17,34.97,35.07,1060,21232
2001-08-08,35.06,35.32,34.98,35.32,1683,21655
2001-08-09,35.31,35.34,34.59,34.86,4922,21698
2001-08-10,34.85,35.12,34.78,34.91,3334,22089
2001-08-13,34.91,35.36,34.91,35.22,1535,22296
2001-08-14,35.15,35.55,35.02,35.47,3316,22711
2001-08-15,35.44,36.0,35.41,35.98,6910,24309
2001-08-16,35.98,36.13,35.61,35.79,5677,25856
2001-08-17,35.65,36.55,35.64,36.48,9952,27011
2001-08-20,36.55,36.55,36.15,36.19,2053,26733
2001-08-21,36.24,36.38,35.93,36.18,2464,26018
2001-08-22,36.41,36.68,36.21,36.25,2537,26501
2001-08-23,36.31,36.46,36.11,36.26,1963,26740
2001-08-24,36.28,36.43,35.96,36.34,1945,27336
2001-08-27,36.35,36.35,35.81,36.0,3299,28078
2001-08-28,35.97,36.08,35.7,36.02,1732,27949
2001-08-29,36.04,36.16,35.85,36.0,1844,27893
2001-08-30,35.95,36.33,35.93,36.19,2164,27713
2001-08-31,36.19,36.39,35.74,36.05,4023,28171
2001-09-04,35.95,35.95,35.25,35.32,7744,26449
2001-09-05,35.32,35.67,35.13,35.42,3207,26721
2001-09-06,35.42,35.62,35.25,35.52,2391,26869
2001-09-07,35.54,35.66,35.19,35.34,6512,27871
2001-09-10,35.42,35.42,34.79,34.96,19555,28692
2001-09-11,34.91,35.23,34.82,35.17,2535,29407
2001-09-13,35.06,35.19,34.95,35.08,8524,29635
2001-09-14,35.08,35.32,34.93,34.99,12309,28847
2001-09-17,35.11,35.11,33.88,34.19,17253,52355
2001-09-18,34.15,34.22,33.59,33.68,7745,22407
2001-09-19,33.82,33.86,33.29,33.48,4321,22078
2001-09-20,33.59,33.69,33.35,33.52,2874,22185
2001-09-21,33.45,33.53,32.78,32.89,2986,22969
2001-09-24,32.98,33.55,32.79,33.4,1729,22785
2001-09-25,33.44,33.66,33.37,33.53,1385,22796
2001-09-26,33.45,33.83,33.25,33.3,2064,22831
2001-09-27,33.39,33.4,32.97,33.13,1042,22831
2001-09-28,33.13,33.74,33.06,33.42,3866,23530
2001-10-01,33.54,33.79,33.37,33.69,2417,24010
2001-10-02,33.69,33.72,33.42,33.68,1399,23946
2001-10-03,33.63,34.0,33.63,33.81,2640,24030
2001-10-04,33.65,34.04,33.65,33.83,1946,24074
2001-10-05,33.95,34.58,33.95,34.52,461,23615
2001-10-08,34.51,34.55,34.35,34.49,213,23055
2001-10-09,34.54,34.54,33.96,34.07,3088,23874
2001-10-10,34.03,34.24,33.95,34.16,824,23829
2001-10-11,34.17,34.17,33.76,34.1,2328,24854
2001-10-12,34.11,34.41,33.93,34.28,2608,24258
2001-10-15,34.89,35.17,34.81,35.13,5164,22493
2001-10-16,35.09,35.09,34.76,34.83,3050,21924
2001-10-17,34.82,35.1,34.71,34.97,1912,22124
2001-10-18,34.69,34.8,34.41,34.54,2382,22177
2001-10-19,34.49,34.65,34.44,34.61,953,21933
2001-10-22,34.61,34.75,34.44,34.71,748,21855
2001-10-23,34.7,34.75,34.48,34.54,1285,21557
2001-10-24,34.54,34.67,34.48,34.59,919,21424
2001-10-25,34.59,34.65,34.26,34.32,3832,21648
2001-10-26,34.28,34.31,34.05,34.18,1263,21543
2001-10-29,34.1,34.48,34.07,34.32,776,21536
2001-10-30,34.41,34.67,34.27,34.33,1167,21673
2001-10-31,34.34,34.44,34.18,34.29,1290,21597
2001-11-01,34.24,34.93,34.24,34.68,2768,21553
2001-11-02,34.68,34.78,34.44,34.65,1709,21973
2001-11-05,34.52,34.67,34.48,34.65,514,21925
2001-11-06,34.65,35.09,34.65,35.06,3184,21872
2001-11-07,35.01,35.2,34.95,35.1,1549,21844
2001-11-08,35.16,35.26,34.98,35.1,1575,21947
2001-11-09,35.12,35.12,34.82,35.02,865,22077
2001-11-13,35.45,35.62,35.12,35.43,7243,24463
2001-11-14,35.48,35.7,35.34,35.4,3626,24458
2001-11-15,35.41,35.49,35.26,35.33,1808,24321
2001-11-16,35.29,35.75,35.17,35.59,3900,24772
2001-11-19,35.66,35.66,35.4,35.58,3052,24563
2001-11-20,35.53,35.58,35.3,35.45,2132,24095
2001-11-21,35.47,35.48,35.1,35.19,1788,23294
2001-11-23,35.16,35.35,35.16,35.25,1473,23544
2001-11-26,35.28,35.47,35.23,35.36,1458,23274
2001-11-27,35.3,35.73,35.3,35.69,2102,23520
2001-11-28,35.64,35.72,35.43,35.56,1755,23712
2001-11-29,35.55,35.57,35.3,35.31,1536,23449
2001-11-30,35.41,35.66,35.33,35.62,4353,24549
2001-12-03,35.53,35.6,35.23,35.25,3262,23949
2001-12-04,35.27,35.3,35.01,35.16,4892,22626
2001-12-05,35.1,35.36,34.97,35.3,4708,23226
2001-12-06,35.3,35.5,35.23,35.45,3814,23759
2001-12-07,35.4,35.42,35.09,35.14,6557,24470
2001-12-10,35.23,35.25,35.08,35.1,13120,25057
2001-12-11,35.13,35.23,35.02,35.19,9937,24669
2001-12-12,35.25,35.56,35.22,35.51,9472,24130
2001-12-13,35.45,35.56,35.25,35.41,5473,24119
2001-12-14,35.38,35.5,35.3,35.44,3799,23495
2001-12-17,35.44,35.45,35.29,35.32,1591,23000
2001-12-18,35.35,35.35,35.09,35.15,2796,16757
2001-12-19,35.16,35.17,34.84,34.85,6243,18013
2001-12-20,34.88,34.93,34.39,34.49,3531,18102
2001-12-21,34.46,34.73,34.46,34.68,1682,17795
2001-12-24,34.71,34.82,34.56,34.72,1883,18244
2001-12-26,34.7,34.77,34.59,34.66,833,18065
2001-12-27,34.6,34.73,34.56,34.64,1531,18191
2001-12-28,34.64,34.97,34.55,34.87,2226,18338
2001-12-31,34.86,34.99,34.81,34.83,654,18212
2002-01-02,35.01,35.32,34.96,35.2,3420,18432
2002-01-03,35.22,35.3,35.08,35.18,2147,18068
2002-01-04,35.27,35.64,35.15,35.6,8289,19757
2002-01-07,35.61,35.61,35.37,35.48,3211,19967
2002-01-08,35.49,35.86,35.37,35.82,9297,22719
2002-01-09,35.79,35.98,35.66,35.87,5880,23869
2002-01-10,35.85,36.02,35.63,35.74,4101,23700
2002-01-11,35.76,35.76,35.56,35.62,1462,23025
2002-01-14,35.52,35.52,35.26,35.33,2411,22661
2002-01-15,35.41,35.56,35.35,35.45,1913,22684
2002-01-16,35.36,35.39,35.12,35.24,1539,22664
2002-01-17,35.17,35.23,34.99,35.19,3488,21551
2002-01-18,35.17,35.28,35.08,35.19,1815,22193
2002-01-22,35.21,35.58,35.19,35.53,1623,22571
2002-01-23,35.52,35.65,35.37,35.41,2115,22281
2002-01-24,35.47,35.59,35.31,35.53,1028,22650
2002-01-25,35.58,35.58,35.18,35.34,1956,22964
2002-01-28,35.32,35.41,35.13,35.32,1551,23242
2002-01-29,35.2,35.33,34.77,34.9,8923,23264
2002-01-30,34.82,34.9,34.55,34.61,4227,22819
2002-01-31,34.71,34.88,34.63,34.66,4483,22597
2002-02-01,34.75,34.94,34.71,34.78,1871,22079
2002-02-04,34.84,35.02,34.84,34.99,1839,22147
2002-02-05,34.97,35.07,34.77,34.86,1723,22051
2002-02-06,34.86,34.93,34.69,34.81,1824,21953
2002-02-07,34.82,34.87,34.6,34.79,1809,21821
2002-02-08,34.87,35.06,34.87,34.95,1973,21576
2002-02-11,35.08,35.18,35.01,35.08,1370,21802
2002-02-12,35.09,35.1,34.73,34.84,3395,23861
2002-02-13,34.88,34.95,34.73,34.88,2167,24976
2002-02-14,34.93,35.5,34.9,35.37,4247,25008
2002-02-15,35.34,35.54,35.23,35.42,5023,24649
2002-02-19,35.49,35.66,35.32,35.52,4042,23770
2002-02-20,35.54,35.54,35.36,35.53,2390,22565
2002-02-21,35.45,35.47,35.28,35.46,1580,21750
2002-02-22,35.43,35.43,35.04,35.18,2645,21730
2002-02-25,35.18,35.23,35.08,35.19,2509,21142
2002-02-26,35.22,35.3,35.14,35.2,1203,21858
2002-02-27,35.15,35.42,35.13,35.33,2771,22357
2002-02-28,35.42,35.5,35.35,35.47,3368,23439
2002-03-01,35.52,35.66,35.45,35.63,3189,24152
2002-03-04,35.69,35.76,35.6,35.65,6020,25484
2002-03-05,35.67,35.74,35.58,35.69,5041,28776
2002-03-06,35.67,35.9,35.6,35.88,6068,30668
2002-03-07,35.86,36.14,35.81,36.05,13898,36392
2002-03-08,36.04,36.04,35.77,35.89,17693,41640
2002-03-11,35.73,35.83,35.66,35.82,16199,42992
2002-03-12,35.79,35.8,35.61,35.73,12673,40202
2002-03-13,35.69,35.76,35.58,35.64,2940,39389
2002-03-14,35.69,35.97,35.66,35.91,5032,39463
2002-03-15,35.91,36.14,35.86,36.07,3347,39501
2002-03-18,36.1,36.13,35.87,36.04,2529,39296
2002-03-19,36.0,36.04,35.84,35.93,844,33061
2002-03-20,35.92,36.49,35.8,36.4,6290,35806
2002-03-21,36.4,36.6,36.33,36.4,6195,38860
2002-03-22,36.38,36.66,36.34,36.43,3874,39116
2002-03-25,36.49,36.58,36.35,36.4,3660,40335
2002-03-26,36.36,36.38,36.13,36.22,1913,40611
2002-03-27,36.18,36.29,36.18,36.22,1751,41560
2002-03-28,36.27,36.73,36.27,36.65,3467,43177
2002-04-01,36.64,36.78,36.52,36.64,5405,44245
2002-04-02,36.69,36.8,36.5,36.73,3396,43378
2002-04-03,36.69,36.76,36.33,36.59,4473,44052
2002-04-04,36.53,36.6,36.4,36.47,2701,44721
2002-04-05,36.51,36.59,36.35,36.43,3258,44220
2002-04-08,36.39,36.44,36.11,36.24,11669,49315
2002-04-09,36.27,36.45,36.21,36.25,7072,53917
2002-04-10,36.33,36.54,36.33,36.48,1990,53925
2002-04-11,36.52,36.83,36.49,36.78,4055,53727
2002-04-12,36.76,36.89,36.64,36.75,1339,53602
2002-04-15,36.68,36.71,36.46,36.57,2111,53739
2002-04-16,36.53,36.69,36.47,36.63,8257,48665
2002-04-17,36.67,37.0,36.64,36.96,1996,48275
2002-04-18,37.0,37.11,36.93,37.02,2813,49185
2002-04-19,37.07,37.21,37.02,37.11,3075,49120
2002-04-22,37.02,37.22,37.02,37.2,2620,50169
2002-04-23,37.21,37.3,36.99,37.03,2155,49941
2002-04-24,37.0,37.38,36.97,37.34,3085,50365
2002-04-25,37.38,37.56,37.34,37.44,2354,50995
2002-04-26,37.37,37.48,37.31,37.42,2476,50459
2002-04-29,37.46,37.48,36.99,37.08,3433,49291
2002-04-30,37.07,37.19,36.91,37.03,4638,48150
2002-05-01,37.05,37.18,36.84,37.11,3643,48370
2002-05-02,37.16,37.2,36.83,36.89,3950,48335
2002-05-03,36.9,37.18,36.77,37.13,2816,48616
2002-05-06,37.14,37.18,36.98,37.12,2351,48338
2002-05-07,37.19,37.38,37.06,37.16,1734,48575
2002-05-08,37.09,37.42,37.07,37.14,3399,47539
2002-05-09,37.13,37.52,37.11,37.47,5136,48001
2002-05-10,37.43,37.56,37.35,37.54,3030,48177
2002-05-13,37.47,37.74,37.45,37.68,4422,46188
2002-05-14,37.67,37.72,37.5,37.69,4987,45570
2002-05-15,37.73,37.84,37.51,37.78,4277,45905
2002-05-16,37.77,37.9,37.74,37.78,3127,44141
2002-05-17,37.8,38.1,37.71,38.04,5238,41937
2002-05-20,38.14,38.33,37.94,38.27,1560,41897
2002-05-21,38.29,38.41,38.13,38.38,1560,41897
2002-05-22,38.35,38.66,38.23,38.6,2298,41664
2002-05-23,38.49,38.5,38.18,38.41,2260,41481
2002-05-24,38.38,38.38,38.08,38.29,2883,40602
2002-05-28,38.35,38.81,38.34,38.74,6503,43033
2002-05-29,38.72,39.0,38.69,38.89,3772,44157
2002-05-30,38.84,39.04,38.81,38.89,2037,43939
2002-05-31,38.9,39.28,38.78,39.11,5903,45246
2002-06-03,39.14,39.44,39.01,39.38,5020,46203
2002-06-04,39.38,39.83,39.36,39.52,11000,46120
2002-06-05,39.52,39.63,39.28,39.52,6120,45158
2002-06-06,39.54,39.85,39.37,39.65,16275,49461
2002-06-07,39.7,39.76,39.35,39.47,11646,48312
2002-06-10,39.38,39.41,39.17,39.35,16262,51535
2002-06-11,39.32,39.35,39.09,39.23,26535,52016
2002-06-12,39.3,39.52,39.2,39.45,9813,51226
2002-06-13,39.32,39.41,39.0,39.08,6914,50313
2002-06-14,39.12,39.24,38.47,38.68,7596,47229
2002-06-17,38.7,38.75,38.33,38.47,4982,45044
2002-06-18,38.58,39.11,38.42,39.03,3147,34311
2002-06-19,39.11,39.2,38.97,39.02,2594,34013
2002-06-20,39.02,39.57,39.0,39.43,3229,34834
2002-06-21,39.48,39.72,39.45,39.6,3183,35390
2002-06-24,39.66,40.02,39.0,39.23,5326,34445
2002-06-25,39.42,39.61,39.22,39.44,3628,33939
2002-06-26,39.49,39.96,38.59,38.7,9525,33169
2002-06-27,38.79,39.17,38.72,38.77,3858,32801
2002-06-28,39.04,39.17,38.72,38.96,4151,33864
2002-07-01,38.88,38.93,38.7,38.8,1909,34009
2002-07-02,38.85,39.03,38.65,38.91,2191,34128
2002-07-03,38.96,39.03,38.51,38.67,2604,34076
2002-07-05,38.67,38.7,38.29,38.45,2717,33782
2002-07-08,38.54,39.1,38.51,39.07,2849,33794
2002-07-09,39.01,39.41,38.96,39.33,2735,33989
2002-07-10,39.3,39.52,39.01,39.11,2629,33769
2002-07-11,39.09,39.21,38.37,38.63,4902,33826
2002-07-12,38.56,38.82,38.53,38.69,3055,33238
2002-07-15,38.69,38.95,38.65,38.7,2031,33171
2002-07-16,38.74,39.06,38.43,38.5,5811,32752
2002-07-17,38.55,38.63,38.01,38.11,5129,32365
2002-07-18,38.2,38.37,38.08,38.26,2122,31836
2002-07-19,38.37,38.67,38.3,38.55,3054,32673
2002-07-22,38.52,38.54,37.81,37.94,4319,32062
2002-07-23,37.88,37.88,37.2,37.28,7485,30034
2002-07-24,37.37,37.74,37.01,37.46,4000,29545
2002-07-25,37.77,37.8,37.34,37.43,2865,29838
2002-07-26,37.51,37.56,36.87,37.05,4386,27554
2002-07-29,37.21,37.53,37.1,37.39,1986,27027
2002-07-30,37.39,37.83,37.39,37.65,3806,27496
2002-07-31,37.51,37.99,37.5,37.55,1686,27493
2002-08-01,37.6,37.6,37.21,37.42,2586,26711
2002-08-02,37.36,37.57,37.19,37.35,1975,26479
2002-08-05,37.36,37.4,36.5,36.57,7591,25592
2002-08-06,36.6,36.87,36.27,36.8,3714,25198
2002-08-07,36.74,37.33,36.71,37.24,2848,24871
2002-08-08,37.17,37.24,36.85,37.03,1884,24461
2002-08-09,37.05,37.2,36.94,37.18,2262,24570
2002-08-12,37.17,37.56,37.14,37.49,3657,23794
2002-08-13,37.45,37.51,37.25,37.29,2926,23438
2002-08-14,37.33,37.57,37.05,37.24,3053,23667
2002-08-15,37.31,37.88,37.27,37.69,3185,22842
2002-08-16,37.69,37.96,37.69,37.84,1551,22446
2002-08-19,37.92,37.97,37.54,37.63,1447,22649
2002-08-20,37.58,37.97,37.58,37.92,2337,22559
2002-08-21,37.92,38.08,37.6,37.76,2104,22526
2002-08-22,37.78,37.78,37.37,37.55,2224,23108
2002-08-23,37.56,37.85,37.46,37.72,1760,23218
2002-08-26,37.72,37.83,37.64,37.73,737,23155
2002-08-27,37.81,38.54,37.81,38.51,4324,23142
2002-08-28,38.51,38.52,38.23,38.34,3003,23909
2002-08-29,38.27,38.4,38.2,38.36,1385,24070
2002-08-30,38.33,38.5,38.13,38.26,2683,24333
2002-09-03,38.22,38.38,37.95,38.1,5800,25787
2002-09-04,38.03,38.03,37.73,37.85,3682,24863
2002-09-05,37.94,37.99,37.5,37.67,2591,24748
2002-09-06,37.74,38.11,37.71,38.07,5923,26136
2002-09-09,38.05,38.12,37.91,38.11,5825,26914
2002-09-10,38.04,38.36,38.0,38.09,8930,27644
2002-09-11,38.06,38.16,38.0,38.14,7193,26479
2002-09-12,38.1,38.52,38.1,38.44,10423,27953
2002-09-13,38.41,38.41,38.08,38.29,5599,27629
2002-09-16,38.24,38.25,38.06,38.15,1723,27802
2002-09-17,38.12,38.36,37.9,38.13,2646,18756
2002-09-18,38.12,38.2,37.83,38.17,2248,19069
2002-09-19,38.17,38.42,38.11,38.29,1573,19363
2002-09-20,38.22,38.26,37.94,37.98,1438,19644
2002-09-23,37.99,38.13,37.77,37.84,2804,20331
2002-09-24,37.85,37.94,37.71,37.85,1774,19807
2002-09-25,37.93,38.12,37.82,38.0,1515,19420
2002-09-26,38.02,38.04,37.71,37.89,2027,19240
2002-09-27,37.91,38.03,37.81,37.82,1750,19089
2002-09-30,37.81,37.94,37.75,37.8,1586,19164
2002-10-01,37.79,37.9,37.64,37.88,3464,19336
2002-10-02,37.96,38.01,37.75,37.85,1434,19163
2002-10-03,37.85,38.17,37.85,38.07,4119,20561
2002-10-04,38.11,38.2,37.98,38.09,1915,20558
2002-10-07,38.13,38.38,38.12,38.28,7064,24003
2002-10-08,38.31,38.38,38.06,38.13,2702,24636
2002-10-09,38.07,38.31,38.05,38.26,1157,24795
2002-10-10,38.26,38.28,38.08,38.2,1396,25009
2002-10-11,38.2,38.34,38.13,38.28,1224,25317
2002-10-14,38.19,38.19,37.96,38.13,1396,25009
2002-10-15,38.19,38.29,37.96,38.1,3439,25002
2002-10-16,38.15,38.3,38.12,38.29,2521,24817
2002-10-17,38.32,38.56,38.24,38.36,5608,26631
2002-10-18,38.45,38.49,38.33,38.4,3270,28856
2002-10-21,38.34,38.73,38.34,38.71,7397,32787
2002-10-22,38.71,38.85,38.53,38.53,5409,34495
2002-10-23,38.58,38.66,38.51,38.62,1723,34600
2002-10-24,38.61,38.83,38.61,38.71,2602,35915
2002-10-25,38.7,38.83,38.66,38.79,2045,35665
2002-10-28,38.81,39.04,38.72,39.02,3562,37172
2002-10-29,39.0,39.05,38.77,38.85,3110,37148
2002-10-30,38.9,38.9,38.46,38.62,5006,36952
2002-10-31,38.6,38.83,38.6,38.8,2265,37466
2002-11-01,38.78,39.09,38.72,39.02,5854,40621
2002-11-04,39.11,39.27,39.09,39.22,3778,41144
2002-11-05,39.21,39.36,39.16,39.23,3249,42461
2002-11-06,39.16,39.43,39.11,39.35,2869,43691
2002-11-07,39.43,39.61,39.37,39.54,2975,44263
2002-11-08,39.59,39.64,39.43,39.5,2221,44455
2002-11-11,39.42,39.52,39.11,39.18,2764,43955
2002-11-12,39.24,39.27,39.0,39.18,3890,43395
2002-11-13,39.17,39.27,39.07,39.15,2005,43456
2002-11-14,39.18,39.43,39.11,39.41,2663,44275
2002-11-15,39.4,39.48,39.27,39.39,915,44033
2002-11-18,39.39,39.51,39.29,39.32,979,43989
2002-11-19,39.29,39.43,38.9,39.02,6617,40926
2002-11-20,39.1,39.21,38.97,39.14,2322,40733
2002-11-21,39.21,39.39,39.14,39.36,2026,40205
2002-11-22,39.37,39.5,39.3,39.42,1586,40438
2002-11-25,39.46,39.46,39.04,39.13,3776,39811
2002-11-26,39.17,39.3,39.08,39.18,1532,40034
2002-11-27,39.18,39.25,38.79,38.93,4869,38203
2002-11-29,39.0,39.37,38.89,39.2,3418,37464
2002-12-02,39.24,39.38,38.93,39.21,3961,37611
2002-12-03,39.23,39.23,39.1,39.12,1883,37360
2002-12-04,39.15,39.35,39.12,39.21,8637,36839
2002-12-05,39.3,39.39,39.26,39.3,3818,38461
2002-12-06,39.33,39.37,39.22,39.3,5971,38189
2002-12-09,39.45,39.49,39.37,39.48,25106,42691
2002-12-10,39.46,39.49,39.05,39.18,20052,43658
2002-12-11,39.21,39.33,39.18,39.28,18260,42855
2002-12-12,39.28,39.72,39.26,39.61,13403,47540
2002-12-13,39.61,39.82,39.52,39.56,5122,47728
2002-12-16,39.61,39.76,39.59,39.73,4098,45801
2002-12-17,39.72,39.9,39.55,39.59,2304,37752
2002-12-18,39.69,39.73,39.5,39.6,1941,37565
2002-12-19,39.69,39.72,39.54,39.61,1758,37630
2002-12-20,39.7,39.72,39.24,39.37,4586,35664
2002-12-23,39.54,39.61,39.35,39.39,2024,35422
2002-12-24,39.44,39.58,39.34,39.57,1199,35373
2002-12-26,39.57,39.61,39.44,39.55,1006,34948
2002-12-27,39.55,39.61,39.31,39.38,2477,35029
2002-12-30,39.42,39.66,39.42,39.61,2618,35336
2002-12-31,39.71,39.77,39.19,39.21,6999,34586
2003-01-02,39.54,39.61,39.42,39.55,8583,38598
2003-01-03,39.59,39.87,39.49,39.84,4721,39563
2003-01-06,39.85,40.55,39.82,40.53,9022,42499
2003-01-07,40.43,40.48,40.25,40.31,5223,43834
2003-01-08,40.29,40.55,40.11,40.5,2912,44341
2003-01-09,40.5,40.66,40.45,40.51,3166,44449
2003-01-10,40.5,41.03,40.42,41.03,3833,45128
2003-01-13,40.95,41.18,40.82,41.16,4878,46409
2003-01-14,41.13,41.2,40.94,40.94,2423,45912
2003-01-15,41.06,41.38,40.92,41.05,3183,45891
2003-01-16,41.17,41.36,41.11,41.29,2101,45733
2003-01-17,41.39,41.68,41.37,41.59,2219,45408
2003-01-21,41.56,41.64,41.15,41.38,3645,45506
2003-01-22,41.39,41.49,41.12,41.23,2567,45744
2003-01-23,41.19,41.64,41.16,41.54,2631,46007
2003-01-24,41.66,41.77,41.54,41.68,2648,46197
2003-01-27,41.68,41.83,41.36,41.52,2445,46091
2003-01-28,41.45,41.49,41.25,41.44,2343,46233
2003-01-29,41.4,41.63,41.4,41.47,1736,45811
2003-01-30,41.52,41.65,41.21,41.39,3940,47334
2003-01-31,41.48,41.56,41.22,41.37,3083,47602
2003-02-03,41.2,41.32,41.01,41.16,6160,48576
2003-02-04,41.2,41.73,41.12,41.64,6016,49109
2003-02-05,41.63,41.78,41.4,41.61,3440,48151
2003-02-06,41.59,41.72,41.45,41.66,2695,47927
2003-02-07,41.66,41.78,41.42,41.62,2537,47148
2003-02-10,41.54,41.81,41.52,41.64,2668,47133
2003-02-11,41.53,41.7,41.35,41.66,3532,46893
2003-02-12,41.68,41.79,41.38,41.48,5844,47853
2003-02-13,41.42,42.11,41.4,41.94,8481,47152
2003-02-14,41.95,42.07,41.63,41.73,2847,46827
2003-02-18,41.71,41.8,41.49,41.58,5106,47209
2003-02-19,41.57,41.94,41.57,41.91,2727,47076
2003-02-20,41.89,42.26,41.89,42.21,2337,47060
2003-02-21,42.19,42.29,42.02,42.07,3607,47000
2003-02-24,42.07,42.8,42.04,42.71,5138,47154
2003-02-25,42.7,42.94,42.61,42.72,5704,47107
2003-02-26,42.7,42.89,42.63,42.89,2595,46879
2003-02-27,42.87,42.97,42.66,42.71,2964,46116
2003-02-28,42.69,42.97,42.58,42.95,4871,45944
2003-03-03,42.87,43.41,42.78,43.38,8791,47329
2003-03-04,43.35,43.48,43.16,43.17,8606,48318
2003-03-05,43.37,43.61,43.35,43.51,8606,48318
2003-03-06,43.49,43.55,43.26,43.39,7943,48095
2003-03-07,43.36,43.66,43.29,43.37,7768,48497
2003-03-10,43.35,43.55,43.25,43.42,36154,53279
2003-03-11,43.42,43.47,42.41,42.67,27019,53484
2003-03-12,42.69,42.78,41.74,42.04,17940,49123
2003-03-13,41.97,42.07,41.64,42.04,10931,47637
2003-03-14,42.06,42.31,41.98,42.26,8440,44200
2003-03-17,42.3,42.57,41.74,41.88,4788,43362
2003-03-18,41.85,42.05,41.55,41.99,6533,34641
2003-03-19,42.02,42.02,41.55,41.59,3053,33534
2003-03-20,41.74,42.11,41.69,41.91,3440,32849
2003-03-21,41.98,42.0,41.63,41.77,2376,32837
2003-03-24,41.95,42.13,41.88,42.06,2376,32837
2003-03-25,42.09,42.28,42.01,42.11,2064,32152
2003-03-26,42.25,42.4,42.18,42.28,1888,32018
2003-03-27,42.38,42.59,42.33,42.54,2348,32095
2003-03-28,42.53,42.58,42.35,42.56,1702,32235
2003-03-31,42.51,42.81,42.51,42.68,3355,32646
2003-04-01,42.77,42.9,42.61,42.76,2948,32383
2003-04-02,42.8,42.9,42.38,42.58,3103,32138
2003-04-03,42.59,42.66,42.19,42.53,3820,30571
2003-04-04,42.56,42.65,42.45,42.53,1794,30737
2003-04-07,42.46,42.52,41.96,42.33,4645,31428
2003-04-08,42.27,42.58,42.27,42.54,2092,30549
2003-04-09,42.6,42.93,42.56,42.83,4804,32605
2003-04-10,42.88,43.04,42.78,42.92,4836,34642
2003-04-11,42.96,43.07,42.64,42.92,4317,35474
2003-04-14,42.8,42.9,42.63,42.81,1347,35238
2003-04-15,42.84,43.08,42.74,43.04,1631,35538
2003-04-16,43.02,43.5,42.99,43.43,4530,37387
2003-04-17,43.42,43.77,43.4,43.54,5354,39500
2003-04-21,43.58,43.67,43.45,43.55,3794,40463
2003-04-22,43.5,44.21,43.47,44.06,5500,41589
2003-04-23,44.06,44.08,43.75,43.9,3552,42869
2003-04-24,43.77,44.09,43.68,43.92,2680,42996
2003-04-25,43.85,43.93,43.54,43.7,2718,43067
2003-04-28,43.65,44.11,43.62,43.87,2723,43036
2003-04-29,43.85,44.16,43.77,44.12,3298,43118
2003-04-30,44.19,44.51,44.16,44.5,4285,42425
2003-05-01,44.49,44.94,44.43,44.79,3671,42903
2003-05-02,44.83,45.02,44.63,44.74,3057,42984
2003-05-05,44.72,45.14,44.71,45.11,2838,42464
2003-05-06,45.04,45.66,45.01,45.53,4238,41820
2003-05-07,45.6,45.71,45.06,45.33,5915,40934
2003-05-08,45.32,45.79,45.06,45.73,4728,41095
2003-05-09,45.59,45.97,45.59,45.85,4183,41109
2003-05-12,45.91,46.23,45.86,46.14,2722,41638
2003-05-13,46.18,46.18,45.76,46.05,2359,41295
2003-05-14,46.01,46.07,45.7,46.05,1911,41202
2003-05-15,45.99,46.02,45.26,45.58,4325,40835
2003-05-16,45.51,46.44,45.49,46.33,4559,41608
2003-05-19,46.72,47.01,46.44,46.45,6054,39860
2003-05-20,46.46,46.85,46.4,46.8,2680,39408
2003-05-21,46.8,46.95,46.55,46.58,3389,39085
2003-05-22,46.58,46.92,46.43,46.76,3044,39476
2003-05-23,46.81,47.05,46.58,46.76,4195,38342
2003-05-27,46.89,47.14,46.58,46.66,4378,37438
2003-05-28,46.61,46.77,45.9,46.26,6313,36527
2003-05-29,46.35,46.5,45.74,46.35,7342,36200
2003-05-30,46.43,46.6,46.15,46.56,6478,36723
2003-06-02,46.26,46.97,46.14,46.81,6476,39109
2003-06-03,46.83,47.08,46.7,47.01,9029,42095
2003-06-04,47.07,47.47,46.97,47.35,9340,43570
2003-06-05,47.26,47.64,47.12,47.4,10209,44065
2003-06-06,47.38,47.77,46.44,46.98,15339,43369
2003-06-09,46.88,47.13,46.74,46.76,19719,45642
2003-06-10,46.79,46.95,46.6,46.87,27374,44219
2003-06-11,46.68,47.36,46.61,47.29,14781,42779
2003-06-12,47.2,47.48,47.15,47.39,9376,41630
2003-06-13,47.39,47.67,47.28,47.64,9246,42543
2003-06-16,47.64,47.75,47.51,47.64,5127,42549
2003-06-17,47.58,47.94,47.51,47.76,5416,36601
2003-06-18,47.73,48.03,47.67,47.97,6390,38070
2003-06-19,47.98,48.0,47.38,47.81,6062,37587
2003-06-20,47.82,47.97,47.49,47.56,4393,36708
2003-06-23,47.54,47.7,47.2,47.33,4564,36637
2003-06-24,47.3,47.54,47.17,47.29,3465,36254
2003-06-25,47.34,48.01,47.31,47.66,4813,37088
2003-06-26,47.63,47.89,47.3,47.45,3771,37143
2003-06-27,47.38,47.63,47.38,47.56,2423,37236
2003-06-30,47.56,48.17,47.49,47.99,5109,38702
2003-07-01,48.07,48.41,48.02,48.33,6407,38754
2003-07-02,48.28,48.69,48.23,48.67,3948,39479
2003-07-03,48.61,48.86,48.41,48.67,3948,39479
2003-07-07,48.46,48.89,48.36,48.43,4463,39720
2003-07-08,48.39,48.5,46.81,47.16,18105,36365
2003-07-09,47.2,47.36,46.52,46.93,11473,35064
2003-07-10,47.0,47.09,46.36,47.02,5454,34665
2003-07-11,47.05,47.28,46.83,47.23,3669,34002
2003-07-14,46.97,47.26,46.91,47.15,3449,33963
2003-07-15,47.1,47.18,46.33,46.44,9920,34228
2003-07-16,46.44,47.02,46.41,46.87,6346,35596
2003-07-17,46.91,46.92,46.23,46.66,5718,34647
2003-07-18,46.72,46.72,46.04,46.25,5021,33648
2003-07-21,46.21,46.67,46.2,46.64,3476,34227
2003-07-22,46.57,46.81,46.44,46.53,2989,33512
2003-07-23,46.56,47.26,46.46,47.2,4576,33459
2003-07-24,47.28,47.71,47.18,47.57,8207,35421
2003-07-25,47.64,47.64,47.31,47.46,4965,35742
2003-07-28,47.42,47.65,47.34,47.51,3363,35814
2003-07-29,47.4,47.82,47.39,47.54,3733,36006
2003-07-30,47.54,47.54,46.59,46.62,5859,35544
2003-07-31,46.72,46.83,46.27,46.38,6500,34677
2003-08-01,46.41,46.87,46.15,46.64,8336,34199
2003-08-04,46.65,46.74,46.03,46.2,5319,33232
2003-08-05,46.28,46.42,45.92,46.26,3829,33355
2003-08-06,46.46,46.63,46.29,46.43,3923,32858
2003-08-07,46.42,46.77,46.14,46.66,4464,32898
2003-08-08,46.72,46.87,46.59,46.68,3887,32742
2003-08-11,46.71,47.28,46.62,47.24,6383,33717
2003-08-12,47.12,47.36,47.01,47.25,4095,33216
2003-08-13,47.02,47.2,46.75,47.18,3668,33307
2003-08-14,47.14,47.25,46.95,47.01,2534,33367
2003-08-15,46.92,47.51,46.92,47.26,4221,33873
2003-08-18,47.38,47.46,46.95,47.15,4221,33873
2003-08-19,47.13,47.17,46.77,47.05,6719,34305
2003-08-20,47.05,47.53,46.93,47.41,6361,34918
2003-08-21,47.32,47.33,46.69,46.9,6057,34485
2003-08-22,46.91,46.95,46.44,46.72,6933,31678
2003-08-25,46.72,46.87,46.61,46.72,2024,31055
2003-08-26,46.58,46.59,46.08,46.21,5967,31865
2003-08-27,46.22,46.26,45.71,45.9,7322,32768
2003-08-28,45.91,46.09,45.62,46.06,5922,31858
2003-08-29,46.0,46.65,45.91,46.56,7234,31568
2003-09-02,46.46,46.59,45.64,45.75,9029,33573
2003-09-03,45.74,46.06,45.56,46.03,5696,33066
2003-09-04,46.05,46.22,45.76,46.04,12244,32732
2003-09-05,46.16,46.63,46.07,46.53,13594,37344
2003-09-08,46.49,46.84,46.32,46.72,13594,37344
2003-09-09,46.59,47.49,46.51,47.33,17080,36930
2003-09-10,47.33,47.44,47.17,47.24,14330,38007
2003-09-11,47.14,47.54,47.04,47.41,10680,39748
2003-09-12,47.42,47.78,47.2,47.59,12246,42676
2003-09-15,47.6,47.94,47.52,47.9,10911,47519
2003-09-16,47.81,47.94,47.47,47.66,6649,36082
2003-09-17,47.61,47.89,47.35,47.88,3875,36688
2003-09-18,47.81,48.17,47.76,47.94,3483,37237
2003-09-19,47.94,48.47,47.94,48.35,6128,39013
2003-09-22,48.75,49.18,48.71,48.9,8733,40899
2003-09-23,48.76,49.0,48.57,48.69,4909,41264
2003-09-24,48.6,48.9,48.46,48.76,4909,41264
2003-09-25,48.78,49.13,48.74,48.85,4206,41575
2003-09-26,48.91,48.97,48.47,48.52,4158,41382
2003-09-29,48.62,48.86,48.11,48.66,5813,41984
2003-09-30,48.88,49.47,48.62,48.95,8022,42727
2003-10-01,48.95,49.54,48.95,49.45,10937,47672
2003-10-02,49.49,49.5,49.1,49.42,5882,48754
2003-10-03,49.31,49.39,48.69,48.84,8306,47270
2003-10-06,48.8,49.41,48.69,49.29,5743,48198
2003-10-07,49.36,49.85,49.33,49.77,7643,49919
2003-10-08,49.71,49.94,49.61,49.68,4152,49420
2003-10-09,49.73,50.16,49.45,49.71,7374,50842
2003-10-10,49.75,50.04,49.58,49.78,4584,50666
2003-10-13,49.92,49.93,49.46,49.77,2913,50045
2003-10-14,49.92,49.93,49.21,49.8,9761,50668
2003-10-15,49.77,49.92,49.49,49.74,4901,50721
2003-10-16,49.5,49.98,49.49,49.7,7400,51849
2003-10-17,49.69,50.06,49.5,49.93,5814,54343
2003-10-20,50.0,50.21,49.74,49.92,6099,53659
2003-10-21,49.92,50.54,49.91,50.41,6570,53949
2003-10-22,50.48,51.06,50.39,50.86,8075,55355
2003-10-23,50.94,51.0,50.28,50.56,6154,56401
2003-10-24,50.56,50.74,50.32,50.56,3121,56334
2003-10-27,50.54,50.97,50.51,50.89,3524,55773
2003-10-28,50.85,51.03,50.69,50.97,3750,55553
2003-10-29,50.91,51.06,50.72,50.85,4420,56029
2003-10-30,50.8,51.34,50.77,50.83,10269,58905
2003-10-31,50.85,51.3,50.74,51.11,7963,60090
2003-11-03,51.11,51.23,50.2,50.51,10478,59033
2003-11-04,50.41,50.87,50.3,50.8,5930,59105
2003-11-05,51.33,51.45,51.08,51.33,6866,59362
2003-11-06,51.24,51.51,50.95,51.03,5338,59361
2003-11-07,51.05,51.34,50.87,51.25,4242,59617
2003-11-10,51.33,51.88,51.31,51.77,6723,60713
2003-11-11,51.67,51.78,51.56,51.77,2453,60358
2003-11-12,51.71,52.01,51.51,51.92,4139,60036
2003-11-13,51.83,52.26,51.83,52.01,4136,60508
2003-11-14,52.1,52.23,51.91,52.1,3393,60624
2003-11-17,52.11,52.19,51.34,51.5,7746,60422
2003-11-18,51.42,52.44,51.33,52.39,11439,63444
2003-11-19,52.39,52.39,52.12,52.19,4374,63645
2003-11-20,52.25,52.59,52.15,52.3,10126,67690
2003-11-21,52.22,52.45,52.15,52.39,4927,63173
2003-11-24,52.32,52.44,51.8,51.95,6015,62004
2003-11-25,52.01,52.24,51.85,52.01,5373,61806
2003-11-26,52.01,52.52,51.92,52.34,6169,62961
2003-11-28,52.37,52.55,52.1,52.44,7461,61541
2003-12-01,52.44,52.82,52.41,52.7,5822,61962
2003-12-02,52.73,53.1,52.65,52.96,5931,63089
2003-12-03,53.06,53.42,52.99,53.32,10289,62444
2003-12-04,53.42,53.54,53.01,53.31,15450,64219
2003-12-05,53.32,53.44,53.17,53.38,17381,68001
2003-12-08,53.4,53.77,53.35,53.66,32993,73803
2003-12-09,53.72,53.88,53.42,53.77,52612,73209
2003-12-10,53.71,53.74,53.42,53.66,17436,73130
2003-12-11,53.58,53.8,53.18,53.64,19271,72752
2003-12-12,53.61,53.94,53.5,53.91,8338,72327
2003-12-15,53.53,54.07,53.42,53.94,8979,71140
2003-12-16,53.97,54.08,53.88,53.94,3173,56208
2003-12-17,53.93,53.94,53.35,53.57,6616,56439
2003-12-18,53.61,53.94,53.35,53.82,8307,57345
2003-12-19,53.82,53.82,53.39,53.47,5008,57583
2003-12-22,53.41,53.53,53.16,53.22,5526,57595
2003-12-23,53.31,53.58,53.3,53.41,4540,57618
2003-12-24,53.68,54.08,53.61,53.91,5419,58473
2003-12-26,53.95,54.0,53.79,53.86,1038,58428
2003-12-29,53.97,54.18,53.83,54.02,2992,58738
2003-12-30,54.1,54.52,54.01,54.44,6161,58386
2003-12-31,54.44,54.82,54.4,54.67,6449,58836
2004-01-02,54.87,55.22,54.83,55.2,7567,62302
2004-01-05,55.2,55.93,55.2,55.88,9412,61291
2004-01-06,55.84,56.21,55.74,56.0,8015,61052
2004-01-07,55.95,56.06,55.64,55.89,7748,62018
2004-01-08,55.81,56.47,55.65,56.36,7642,64148
2004-01-09,56.38,56.66,56.03,56.52,7078,63446
2004-01-12,56.54,56.8,56.39,56.58,6490,62795
2004-01-13,56.52,56.89,56.42,56.59,6897,62404
2004-01-14,56.74,56.79,56.3,56.48,10660,64654
2004-01-15,56.33,56.57,55.97,56.11,7271,63875
2004-01-16,56.14,56.33,55.4,55.57,10097,62613
2004-01-20,55.53,56.1,54.84,55.83,22385,61905
2004-01-21,56.0,56.5,55.88,56.26,5753,61176
2004-01-22,56.37,56.83,56.29,56.78,5598,60548
2004-01-23,56.74,56.85,56.17,56.35,7345,59331
2004-01-26,56.19,56.69,56.01,56.14,5880,58897
2004-01-27,55.99,56.97,55.99,56.83,10420,61742
2004-01-28,56.83,56.97,56.2,56.42,8383,61700
2004-01-29,56.07,56.5,55.22,55.53,18130,57819
2004-01-30,55.52,55.81,55.01,55.71,11846,54697
2004-02-02,55.75,55.84,55.13,55.26,8161,53554
2004-02-03,55.42,56.03,55.34,55.82,10590,51677
2004-02-04,55.77,55.82,55.33,55.57,5880,51014
2004-02-05,55.64,56.03,55.51,55.57,6280,51040
2004-02-06,55.57,56.34,55.5,56.18,8736,53430
2004-02-09,56.02,56.85,55.9,56.63,8834,54771
2004-02-10,56.71,57.25,56.71,57.02,10392,58655
2004-02-11,57.04,57.71,56.71,57.58,14461,62232
2004-02-12,57.63,57.74,57.42,57.61,6846,63213
2004-02-13,57.79,58.15,57.48,57.63,7764,64309
2004-02-17,57.7,58.41,57.69,58.34,11090,67461
2004-02-18,58.39,58.52,57.53,57.75,10722,68766
2004-02-19,57.72,57.99,57.49,57.85,8332,69145
2004-02-20,57.97,58.04,55.81,56.13,25729,61510
2004-02-23,56.33,56.74,55.97,56.31,9637,59155
2004-02-24,56.64,57.2,56.29,57.05,8435,59772
2004-02-25,57.01,57.19,56.37,56.47,8691,58009
2004-02-26,56.47,56.65,56.08,56.43,10606,57465
2004-02-27,56.47,56.72,56.07,56.63,10154,57266
2004-03-01,56.61,56.91,56.41,56.47,10340,59589
2004-03-02,56.57,56.72,55.49,55.9,17251,55548
2004-03-03,55.74,55.74,54.21,54.97,29949,58819
2004-03-04,54.82,55.39,54.76,55.0,9023,57383
2004-03-05,55.0,55.89,54.85,55.62,18499,58834
2004-03-08,55.56,55.7,55.16,55.53,26843,58884
2004-03-09,55.7,56.11,55.45,55.61,40354,58264
2004-03-10,55.53,55.65,54.53,54.99,21720,55794
2004-03-11,54.81,55.0,53.64,54.17,27636,56532
2004-03-12,53.93,53.96,53.19,53.69,16990,53891
2004-03-15,53.65,54.15,53.47,53.97,9157,52834
2004-03-16,53.99,54.56,53.92,54.36,7718,29167
2004-03-17,54.45,54.53,54.01,54.38,6280,29025
2004-03-18,54.35,55.56,54.32,55.19,7496,28973
2004-03-19,55.22,55.22,54.45,54.92,7717,28714
2004-03-22,54.94,55.47,54.53,55.27,5084,29313
2004-03-23,55.36,55.38,54.99,55.24,4359,29576
2004-03-24,55.33,55.41,54.57,54.68,5182,29569
2004-03-25,54.56,54.77,54.12,54.27,7757,30846
2004-03-26,54.31,55.02,54.2,54.81,5335,30400
2004-03-29,54.81,55.04,54.61,54.84,4198,30350
2004-03-30,54.96,55.56,54.9,55.36,6454,30367
2004-03-31,55.4,56.36,55.39,56.26,12414,31034
2004-04-01,56.26,56.56,55.83,56.55,12607,34484
2004-04-02,56.36,56.42,55.38,55.69,10082,35822
2004-04-05,55.55,55.86,55.23,55.3,8628,36285
2004-04-06,55.36,56.12,55.23,56.07,6305,37468
2004-04-07,56.07,56.71,55.75,56.34,6436,39159
2004-04-08,56.25,56.46,55.76,56.06,6619,39280
2004-04-12,56.06,56.65,56.06,56.36,3168,39460
2004-04-13,56.45,56.59,55.42,55.56,5924,39521
2004-04-14,55.42,55.5,53.55,54.01,23108,36085
2004-04-15,54.01,54.65,53.89,54.54,7742,32804
2004-04-16,54.59,54.96,54.08,54.76,6490,31635
2004-04-19,54.91,55.31,54.81,54.87,3465,31114
2004-04-20,54.89,54.94,53.82,54.16,6952,31409
2004-04-21,53.88,54.34,53.5,53.71,9039,32051
2004-04-22,53.78,54.15,53.29,54.01,6446,31746
2004-04-23,54.15,54.21,53.57,53.91,6387,31601
2004-04-26,53.85,54.27,53.69,54.08,5649,32653
2004-04-27,54.1,54.32,53.56,54.15,5282,32822
2004-04-28,54.22,54.3,53.04,53.25,10599,35063
2004-04-29,53.28,53.38,52.54,53.22,11824,34468
2004-04-30,53.22,53.45,52.88,53.26,7726,35251
2004-05-03,53.28,53.33,52.93,53.24,5293,35619
2004-05-04,53.12,53.95,53.12,53.88,9034,35722
2004-05-05,53.9,54.19,53.75,54.09,6037,35770
2004-05-06,53.87,54.11,53.19,53.3,5569,35862
2004-05-07,53.27,53.42,51.78,52.03,14308,37253
2004-05-10,51.85,52.0,50.97,51.38,10101,38219
2004-05-11,51.25,51.62,51.09,51.35,7578,36777
2004-05-12,51.5,51.89,51.23,51.4,9508,37316
2004-05-13,51.61,51.67,50.56,50.87,8203,39004
2004-05-14,50.76,51.16,50.46,51.12,7165,39235
2004-05-17,51.11,51.43,50.49,50.55,8970,39765
2004-05-18,50.71,50.89,50.21,50.77,9192,38361
2004-05-19,50.8,51.82,50.74,51.64,10217,39110
2004-05-20,51.6,51.6,51.06,51.32,6550,39118
2004-05-21,51.47,52.04,51.33,51.67,7680,39067
2004-05-24,51.71,51.83,51.36,51.64,5343,38700
2004-05-25,51.61,52.49,51.46,52.42,7660,38618
2004-05-26,52.38,52.63,52.15,52.3,6388,38665
2004-05-27,52.32,53.21,52.18,53.13,7144,38044
2004-05-28,53.14,53.29,52.66,52.81,8772,37980
2004-06-01,53.04,53.1,52.09,52.38,13804,39054
2004-06-02,52.34,52.52,51.33,51.44,12328,39542
2004-06-03,51.64,51.73,50.67,50.96,13699,41551
2004-06-04,50.93,51.63,50.89,51.52,9655,40496
2004-06-07,51.66,52.45,51.6,52.36,18888,43208
2004-06-08,52.35,52.35,51.74,51.81,14253,42488
2004-06-09,51.88,51.96,50.95,51.08,24367,42602
2004-06-10,51.04,51.85,50.85,51.74,22514,42950
2004-06-11,51.66,51.7,51.19,51.37,24367,42602
2004-06-14,51.28,51.38,50.64,50.91,8327,42810
2004-06-15,50.96,51.86,50.39,51.81,12799,23761
2004-06-16,51.74,51.75,50.84,50.95,8424,24276
2004-06-17,51.1,51.29,50.56,50.78,8751,25407
2004-06-18,50.5,51.25,50.44,51.16,8701,23996
2004-06-21,51.22,51.34,50.98,51.22,4475,24332
2004-06-22,51.24,51.34,50.8,50.99,6147,24238
2004-06-23,51.06,51.4,50.8,51.05,6814,24929
2004-06-24,51.04,52.09,51.02,51.98,9117,25315
2004-06-25,51.95,52.17,51.72,51.97,4795,25757
2004-06-28,51.99,52.17,51.65,52.0,5423,24977
2004-06-29,52.04,52.07,51.13,51.22,8258,26312
2004-06-30,51.34,51.95,51.07,51.74,8106,25676
2004-07-01,51.84,52.54,51.76,52.44,11229,24335
2004-07-02,52.41,53.06,52.1,53.03,10865,24446
2004-07-06,52.97,53.45,52.88,53.09,11305,25832
2004-07-07,53.03,53.85,53.03,53.78,10217,28107
2004-07-08,53.72,53.79,53.24,53.54,9490,28758
2004-07-09,53.57,53.84,53.45,53.75,8395,31132
2004-07-12,53.75,54.18,53.75,54.14,7153,31274
2004-07-13,54.1,54.1,53.61,54.05,7983,30583
2004-07-14,53.93,54.06,53.73,53.91,7121,32655
2004-07-15,53.93,54.04,53.6,53.75,4384,33221
2004-07-16,53.77,54.55,53.55,54.46,9494,36349
2004-07-19,54.49,54.69,54.43,54.47,8762,36937
2004-07-20,54.52,54.62,54.06,54.23,7303,36642
2004-07-21,54.12,54.24,52.95,53.12,14434,36162
2004-07-22,53.27,53.5,52.83,53.23,7813,34348
2004-07-23,53.22,53.3,52.66,52.83,5831,32410
2004-07-26,52.79,53.11,52.65,52.84,6165,33132
2004-07-27,52.82,53.2,51.93,52.05,14268,28377
2004-07-28,52.14,52.31,51.78,52.11,9331,29325
2004-07-29,52.05,52.26,51.65,51.97,8354,30215
2004-07-30,52.04,52.68,51.86,52.26,7901,29902
2004-08-02,52.48,52.65,52.24,52.44,5115,30204
2004-08-03,52.41,52.77,52.12,52.62,6665,30603
2004-08-04,52.68,52.68,52.26,52.52,4959,30299
2004-08-05,52.56,52.79,52.33,52.53,2912,30093
2004-08-06,52.43,53.42,52.35,53.24,9905,30629
2004-08-09,53.24,53.57,53.12,53.47,4274,30155
2004-08-10,53.33,53.54,52.96,52.98,6801,30904
2004-08-11,53.18,53.4,53.03,53.27,5080,30935
2004-08-12,53.33,53.7,53.15,53.37,7281,31346
2004-08-13,53.27,53.58,52.69,53.51,9940,30984
2004-08-16,53.54,53.75,53.36,53.68,4834,31805
2004-08-17,53.63,53.74,53.23,53.39,6848,33254
2004-08-18,53.42,53.54,53.24,53.45,4450,32894
2004-08-19,53.45,54.25,53.34,54.15,11800,36070
2004-08-20,54.1,54.23,53.9,54.0,5751,36307
2004-08-23,54.06,54.06,53.09,53.32,8762,36626
2004-08-24,53.18,53.3,52.47,52.57,13901,34627
2004-08-25,52.65,52.93,52.53,52.85,8308,32718
2004-08-26,52.74,52.94,52.36,52.6,8426,32723
2004-08-27,52.58,53.03,52.5,52.61,5616,31991
2004-08-30,52.49,52.53,52.03,52.21,10908,33678
2004-08-31,52.24,52.94,52.2,52.62,12536,32662
2004-09-01,52.72,52.8,52.44,52.62,11896,31432
2004-09-02,52.57,52.63,51.9,51.99,11756,33224
2004-09-03,52.08,52.27,51.53,51.55,16449,35096
2004-09-07,51.73,52.08,51.58,51.93,25620,35375
2004-09-08,51.98,52.26,51.5,52.12,23209,34963
2004-09-09,52.19,52.21,51.31,51.5,23249,37480
2004-09-10,51.54,52.42,51.48,52.12,19855,36276
2004-09-13,52.16,52.31,52.01,52.05,3716,35450
2004-09-14,52.16,52.8,52.16,52.55,10180,20709
2004-09-15,52.56,52.7,51.91,52.05,7318,20566
2004-09-16,52.1,52.49,52.02,52.32,5394,19901
2004-09-17,52.36,52.52,52.16,52.31,4869,20799
2004-09-20,52.3,52.6,52.26,52.46,4118,21162
2004-09-21,52.5,52.77,52.38,52.71,6835,22195
2004-09-22,52.76,53.07,52.72,52.93,12083,22339
2004-09-23,53.0,53.69,52.98,53.55,16114,24001
2004-09-24,53.5,53.78,53.37,53.54,14196,26125
2004-09-27,53.58,53.61,53.26,53.43,7244,27495
2004-09-28,53.51,53.98,53.51,53.8,9125,29604
2004-09-29,53.86,53.87,53.47,53.75,9790,30193
2004-09-30,53.76,54.68,53.55,54.64,24000,41211
2004-10-01,54.56,54.56,54.23,54.48,9983,42760
2004-10-04,54.34,54.37,53.94,54.28,6550,43374
2004-10-05,54.17,54.45,53.98,54.41,7457,43324
2004-10-06,54.37,54.42,54.09,54.29,4763,43580
2004-10-07,54.33,54.73,54.21,54.65,10608,46870
2004-10-08,54.62,55.32,54.49,55.26,16057,52211
2004-10-11,55.37,55.5,55.0,55.13,10882,53002
2004-10-12,55.1,55.16,54.58,54.93,8832,53591
2004-10-13,54.8,54.9,54.18,54.56,10326,51625
2004-10-14,54.49,55.08,54.31,54.87,11459,52615
2004-10-15,54.74,55.13,54.6,54.9,11414,54249
2004-10-18,54.9,55.0,54.49,54.55,8271,54503
2004-10-19,54.45,54.86,54.28,54.64,9050,53667
2004-10-20,54.65,55.44,54.62,55.19,11809,56215
2004-10-21,55.22,55.67,55.17,55.52,10375,57181
2004-10-22,55.41,55.74,55.36,55.61,9866,59920
2004-10-25,55.75,56.37,55.73,56.14,11684,60963
2004-10-26,56.24,56.44,55.93,56.07,7196,60051
2004-10-27,56.14,56.49,55.89,56.01,13746,61464
2004-10-28,55.93,56.44,55.42,56.01,20594,61322
2004-10-29,56.07,56.35,55.95,56.3,9644,62295
2004-11-01,56.41,56.45,55.97,56.19,10494,62023
2004-11-02,56.12,56.36,55.94,56.1,7443,61179
2004-11-03,56.32,57.0,56.03,56.89,13285,63414
2004-11-04,56.91,57.15,56.78,57.0,7782,64754
2004-11-05,57.03,57.47,56.66,57.41,15851,65035
2004-11-08,57.49,57.53,56.91,57.01,10034,66470
2004-11-09,57.04,57.39,56.89,57.28,8324,67041
2004-11-10,57.21,57.61,56.93,57.23,8324,65656
2004-11-11,57.16,57.71,57.11,57.61,11044,70345
2004-11-12,57.55,58.02,57.5,58.01,13507,72619
2004-11-15,58.01,58.3,57.94,58.29,9101,71730
2004-11-16,58.2,58.38,57.96,58.22,7809,70438
2004-11-17,58.22,59.11,58.19,58.99,12107,70614
2004-11-18,58.94,59.11,58.51,58.7,12107,70614
2004-11-19,58.62,59.3,58.45,59.15,8815,70064
2004-11-22,59.18,59.21,58.88,58.99,7062,70148
2004-11-23,59.0,59.41,58.63,59.26,8830,70137
2004-11-24,59.32,59.56,59.14,59.37,5963,71418
2004-11-26,59.37,59.96,59.17,59.61,8153,73218
2004-11-29,59.54,59.62,58.92,59.19,10808,73305
2004-11-30,59.07,59.07,58.08,58.32,24014,73359
2004-12-01,58.34,58.79,58.08,58.54,14988,76437
2004-12-02,58.66,59.12,58.39,58.54,15457,76285
2004-12-03,58.49,59.02,58.26,58.94,19624,78801
2004-12-06,58.9,59.07,58.33,58.44,52597,85651
2004-12-07,58.36,58.91,58.34,58.49,56889,88254
2004-12-08,58.51,58.57,56.7,57.07,50836,89721
2004-12-09,57.29,57.54,56.62,57.11,36007,96015
2004-12-10,57.06,57.07,56.21,56.76,19304,91447
2004-12-13,56.57,57.42,56.57,57.33,9425,89621
2004-12-14,57.4,57.59,56.95,57.14,9894,56837
2004-12-15,57.16,57.83,56.98,57.68,7966,57289
2004-12-16,57.71,57.96,56.85,57.14,14756,56644
2004-12-17,57.21,57.72,57.14,57.71,9599,55103
2004-12-20,57.83,57.86,57.59,57.69,5550,56173
2004-12-21,57.7,58.08,57.7,57.89,8995,59283
2004-12-22,57.91,58.06,57.63,57.78,6705,60071
2004-12-23,57.78,58.05,57.72,57.97,4796,59623
2004-12-27,58.11,58.96,58.1,58.82,7208,60433
2004-12-28,58.79,59.1,58.61,58.97,6065,60977
2004-12-29,58.87,59.05,58.26,58.49,7058,61475
2004-12-30,58.55,59.04,58.45,59.01,8592,64723
2004-12-31,58.8,59.37,58.8,59.27,5162,62247
2005-01-03,59.25,59.31,58.45,58.98,14080,64957
2005-01-04,58.75,59.01,57.75,57.85,15875,66759
2005-01-05,57.89,58.13,57.47,57.9,12408,67640
2005-01-06,57.89,57.93,57.35,57.53,10195,66989
2005-01-07,57.65,58.1,57.08,57.21,15414,64094
2005-01-10,57.33,57.62,57.28,57.4,4190,63282
2005-01-11,57.42,57.87,57.42,57.67,5666,62685
2005-01-12,57.73,58.31,57.17,58.11,14882,63463
2005-01-13,58.02,58.22,57.91,58.06,9806,65970
2005-01-14,57.97,58.0,57.31,57.49,11926,63833
2005-01-18,57.44,57.72,56.87,57.31,14013,65081
2005-01-19,57.17,57.97,57.09,57.58,11132,68265
2005-01-20,57.62,57.76,57.39,57.61,6258,67341
2005-01-21,57.53,58.51,57.38,58.29,12865,69171
2005-01-24,58.36,58.51,58.17,58.41,7890,70337
2005-01-25,58.41,58.57,57.82,57.95,10188,71814
2005-01-26,58.03,58.85,57.96,58.64,8307,72693
2005-01-27,58.67,58.99,58.58,58.87,9076,74779
2005-01-28,58.96,59.05,58.45,58.71,11896,77052
2005-01-31,58.69,58.88,58.56,58.78,10846,77252
2005-02-01,58.84,58.84,58.38,58.81,17247,79897
2005-02-02,58.67,59.08,58.61,59.07,12742,80251
2005-02-03,59.05,59.05,58.22,58.45,15378,80269
2005-02-04,58.54,58.87,58.29,58.39,14430,79578
2005-02-07,58.25,58.71,58.13,58.37,22728,77917
2005-02-08,58.19,58.28,57.75,58.17,11295,76844
2005-02-09,58.13,58.54,57.91,58.45,10226,78740
2005-02-10,58.49,59.52,58.45,59.47,30794,84981
2005-02-11,59.37,59.72,59.3,59.69,12298,87214
2005-02-14,59.68,59.91,59.56,59.83,7457,87466
2005-02-15,59.82,59.86,59.4,59.79,12383,89106
2005-02-16,59.8,59.81,59.11,59.59,13848,89490
2005-02-17,59.54,59.97,59.47,59.85,11045,91387
2005-02-18,59.83,59.98,59.46,59.85,10662,90575
2005-02-22,59.88,60.45,59.7,60.42,18860,95179
2005-02-23,60.32,60.37,59.59,59.88,13846,93601
2005-02-24,59.67,60.01,59.6,59.79,9368,93732
2005-02-25,59.66,59.92,59.34,59.78,10910,93608
2005-02-28,59.77,60.38,59.73,60.21,19771,96411
2005-03-01,60.14,60.14,59.53,59.76,35580,104099
2005-03-02,59.88,59.91,59.06,59.57,23806,99053
2005-03-03,59.5,59.69,59.32,59.56,21287,102277
2005-03-04,59.43,60.32,59.34,60.11,30272,104503
2005-03-07,60.05,60.31,59.97,60.23,73718,118859
2005-03-08,60.23,60.76,60.23,60.74,48144,130231
2005-03-09,60.74,60.74,60.13,60.32,77043,133670
2005-03-10,60.25,60.72,59.82,60.12,36423,139574
2005-03-11,60.18,60.54,59.91,60.27,21539,141591
2005-03-14,60.35,60.41,59.78,59.95,10803,139868
2005-03-15,59.9,60.41,59.87,60.18,11502,102848
2005-03-16,60.1,60.54,59.97,60.41,12306,105628
2005-03-17,60.48,60.49,60.17,60.26,6975,106157
2005-03-18,60.35,60.55,60.03,60.5,11219,107810
2005-03-21,60.47,60.47,59.67,59.84,14588,105323
2005-03-22,59.77,60.39,59.52,59.73,17222,105846
2005-03-23,59.44,59.47,58.61,58.7,38793,91645
2005-03-24,58.82,58.95,58.66,58.75,18611,86272
2005-03-28,58.76,58.79,58.38,58.42,12931,81788
2005-03-29,58.46,59.02,58.44,58.78,9472,81324
2005-03-30,58.76,58.97,58.6,58.72,9645,82844
2005-03-31,58.69,59.28,58.69,58.86,10934,81419
2005-04-01,58.86,59.25,58.52,58.71,16755,80807
2005-04-04,58.59,58.74,58.26,58.53,12075,80003
2005-04-05,58.45,58.69,58.12,58.62,11441,78489
2005-04-06,58.55,58.56,58.13,58.37,14157,78524
2005-04-07,58.23,58.77,58.17,58.46,12956,80131
2005-04-08,58.46,59.02,58.33,58.88,15578,81871
2005-04-11,58.83,59.16,58.75,59.14,11283,84839
2005-04-12,59.11,59.36,58.87,59.1,16361,85163
2005-04-13,59.1,59.54,59.05,59.38,16698,87574
2005-04-14,59.32,59.39,58.69,58.87,16549,86953
2005-04-15,58.68,58.92,58.38,58.66,16846,86834
2005-04-18,58.62,58.74,58.26,58.49,12191,85496
2005-04-19,58.6,58.9,58.34,58.66,14801,85577
2005-04-20,58.84,59.3,58.81,59.21,17311,87899
2005-04-21,59.18,59.32,59.04,59.21,14949,88014
2005-04-22,59.19,59.78,59.1,59.72,18468,92685
2005-04-25,59.68,59.7,59.36,59.54,12987,90165
2005-04-26,59.51,59.64,59.24,59.33,13111,89273
2005-04-27,59.37,59.44,59.12,59.25,13632,87263
2005-04-28,59.31,59.74,59.18,59.46,16775,89144
2005-04-29,59.43,59.89,59.36,59.64,17987,88761
2005-05-02,59.59,59.7,59.45,59.56,10790,90887
2005-05-03,59.54,59.57,58.98,59.08,18097,89548
2005-05-04,59.15,59.7,59.02,59.67,18251,93013
2005-05-05,59.66,59.79,59.38,59.65,10333,94513
2005-05-06,59.62,59.64,59.17,59.18,15761,91315
2005-05-09,59.1,59.23,58.92,59.02,13055,88719
2005-05-10,59.08,59.4,59.01,59.3,10377,89282
2005-05-11,59.33,59.54,59.12,59.18,13559,90633
2005-05-12,59.18,59.21,58.49,58.53,25720,90539
2005-05-13,58.51,58.62,58.11,58.13,22374,84502
2005-05-16,58.21,58.22,57.6,57.77,20942,82745
2005-05-17,57.83,58.01,57.72,57.79,13905,84442
2005-05-18,57.77,58.24,57.58,58.2,15892,86835
2005-05-19,58.19,58.19,57.86,57.98,8422,86094
2005-05-20,57.93,58.18,57.61,57.77,11987,86010
2005-05-23,57.73,58.14,57.73,58.07,6933,85440
2005-05-24,58.03,58.43,57.99,58.4,13729,85299
2005-05-25,58.19,58.42,58.01,58.29,11844,84078
2005-05-26,58.36,58.51,57.97,58.1,11608,83846
2005-05-27,58.08,58.44,58.01,58.41,7761,83979
2005-05-31,58.26,58.41,57.69,57.84,20495,83172
2005-06-01,57.84,57.97,57.21,57.39,34267,84121
2005-06-02,57.41,57.86,57.31,57.77,14318,82678
2005-06-03,57.77,58.23,57.68,57.91,22115,84156
2005-06-06,57.89,58.69,57.84,58.61,50578,83624
2005-06-07,58.55,58.95,58.49,58.92,56627,87578
2005-06-08,58.88,58.99,58.51,58.55,35312,90898
2005-06-09,58.63,58.89,58.61,58.76,26019,92903
2005-06-10,58.78,58.82,58.27,58.3,23345,91816
2005-06-13,58.35,58.51,58.13,58.27,11300,92151
2005-06-14,58.32,58.86,58.28,58.56,15566,59436
2005-06-15,58.5,58.99,58.4,58.95,15197,60829
2005-06-16,59.01,59.39,58.72,59.31,20045,64261
2005-06-17,59.15,59.64,59.12,59.62,25563,69690
2005-06-20,59.47,59.72,59.39,59.43,13962,72029
2005-06-21,59.49,59.84,59.2,59.82,25552,83291
2005-06-22,59.73,59.77,59.4,59.72,13695,84824
2005-06-23,59.63,59.7,59.02,59.19,11612,84182
2005-06-24,59.15,59.38,58.76,58.82,11612,84182
2005-06-27,59.02,59.08,58.82,59.02,7162,77411
2005-06-28,58.99,59.03,58.44,58.52,17248,69392
2005-06-29,58.55,58.62,58.15,58.43,15553,66334
2005-06-30,58.44,58.65,58.23,58.28,10379,65260
2005-07-01,58.5,58.65,57.51,57.59,27148,62548
2005-07-05,57.48,57.67,56.7,56.92,42052,60369
2005-07-06,56.8,57.11,56.65,56.8,17390,59884
2005-07-07,56.7,57.31,56.52,56.7,20698,61114
2005-07-08,56.75,57.12,56.54,56.91,19911,61318
2005-07-11,56.94,57.46,56.94,57.35,7008,61004
2005-07-12,57.35,58.15,57.31,58.09,17564,64490
2005-07-13,58.09,58.09,57.35,57.53,17830,65102
2005-07-14,57.51,57.87,57.45,57.7,9466,63961
2005-07-15,57.61,57.89,57.36,57.54,13107,65528
2005-07-18,57.46,57.96,57.38,57.96,10651,63589
2005-07-19,57.84,57.9,57.42,57.72,9514,63659
2005-07-20,57.66,58.25,57.54,58.1,18411,63331
2005-07-21,58.09,58.89,58.07,58.81,28921,63371
2005-07-22,58.75,59.05,58.63,58.77,19629,61405
2005-07-25,58.55,58.73,58.27,58.63,14054,60301
2005-07-26,58.63,58.63,58.14,58.27,10477,60938
2005-07-27,58.25,58.35,57.84,58.06,13958,59482
2005-07-28,58.09,58.48,57.92,58.37,11097,59442
2005-07-29,58.37,58.58,58.11,58.18,13578,59985
2005-08-01,58.11,58.69,58.03,58.57,12521,59209
2005-08-02,58.43,58.87,58.4,58.86,9659,60900
2005-08-03,58.82,59.38,58.62,59.36,25989,70326
2005-08-04,59.26,59.49,59.15,59.4,12948,73619
2005-08-05,59.38,59.38,58.89,59.02,14092,74899
2005-08-08,59.02,59.08,58.69,58.82,10887,73532
2005-08-09,58.74,58.92,58.29,58.46,11323,72496
2005-08-10,58.56,58.92,58.48,58.86,9087,73317
2005-08-11,58.82,59.58,58.78,59.52,16526,76051
2005-08-12,59.57,59.65,59.26,59.39,12227,76186
2005-08-15,59.43,59.55,59.01,59.05,9621,75064
2005-08-16,59.12,59.23,58.89,59.14,9189,73801
2005-08-17,59.15,59.31,58.45,58.47,17688,70910
2005-08-18,58.42,58.55,57.78,57.86,18131,67676
2005-08-19,57.92,57.99,57.65,57.74,16625,66318
2005-08-22,57.81,58.21,57.78,58.07,11616,62593
2005-08-23,58.08,58.24,58.01,58.13,7780,60188
2005-08-24,58.15,58.28,57.78,58.21,18145,61744
2005-08-25,58.11,58.61,58.11,58.49,7624,61948
2005-08-26,58.43,58.52,57.98,58.14,8884,60516
2005-08-29,58.11,58.3,57.83,57.92,8587,60516
2005-08-30,57.74,57.86,57.44,57.57,17874,61099
2005-08-31,57.6,58.15,57.39,58.0,21133,60052
2005-09-01,58.08,58.82,58.01,58.75,23704,60490
2005-09-02,58.65,59.05,58.58,58.88,17971,61860
2005-09-06,58.83,59.25,58.82,59.18,21167,65292
2005-09-07,59.16,59.31,58.91,59.06,19375,68149
2005-09-08,58.96,59.62,58.96,59.5,33422,79185
2005-09-09,59.5,59.81,59.37,59.61,31483,86654
2005-09-12,59.61,59.81,59.2,59.33,67695,92657
2005-09-13,59.21,59.39,59.09,59.22,47369,96367
2005-09-14,59.22,59.6,59.22,59.41,46117,102144
2005-09-15,59.38,59.41,58.96,59.03,32732,105102
2005-09-16,59.12,59.36,58.88,59.16,15912,104338
2005-09-19,59.05,59.19,58.68,59.06,16423,105789
2005-09-20,59.09,59.46,58.96,59.19,15226,78632
2005-09-21,59.05,59.6,59.01,59.31,11584,81507
2005-09-22,59.46,59.59,58.69,58.78,18815,74563
2005-09-23,58.78,58.85,58.34,58.37,24212,69293
2005-09-26,58.36,58.48,58.19,58.29,20935,61601
2005-09-27,58.32,58.38,58.06,58.27,20680,63181
2005-09-28,58.29,58.6,58.18,58.49,15753,65180
2005-09-29,58.53,58.81,58.44,58.64,13368,65695
2005-09-30,58.61,58.97,58.5,58.81,17831,69020
2005-10-03,58.82,58.88,58.54,58.84,14916,68699
2005-10-04,58.85,58.98,58.74,58.89,12099,69587
2005-10-05,58.88,58.88,58.3,58.35,16305,68428
2005-10-06,58.33,58.65,57.99,58.49,23718,62354
2005-10-07,58.55,58.75,58.3,58.35,21392,60434
2005-10-10,58.34,58.68,58.34,58.55,18198,58784
2005-10-11,58.53,58.69,57.92,58.07,33215,60128
2005-10-12,58.03,58.37,57.92,58.29,14932,61698
2005-10-13,58.29,58.3,57.58,57.86,25729,62414
2005-10-14,57.96,58.2,57.82,58.0,24259,63029
2005-10-17,58.19,58.35,57.75,57.82,14139,63229
2005-10-18,57.83,57.84,57.48,57.76,16042,63897
2005-10-19,57.7,57.99,57.42,57.83,17604,63961
2005-10-20,57.97,58.21,57.81,58.07,17523,61137
2005-10-21,58.06,58.24,57.68,57.79,15843,61106
2005-10-24,57.8,58.03,57.65,57.89,10326,60746
2005-10-25,58.03,58.48,57.82,58.46,25153,59833
2005-10-26,58.4,58.46,58.15,58.3,18739,59064
2005-10-27,58.22,58.71,58.11,58.51,18269,60307
2005-10-28,58.5,58.51,57.84,57.88,23784,60349
2005-10-31,57.83,58.1,57.65,57.78,17964,60876
2005-11-01,57.72,57.75,57.42,57.52,18494,61243
2005-11-02,57.41,57.46,57.15,57.38,16776,61410
2005-11-03,57.27,57.41,57.02,57.06,19865,61573
2005-11-04,57.12,57.14,56.45,56.67,35003,64114
2005-11-07,56.57,56.72,56.44,56.69,16988,66247
2005-11-08,56.56,56.86,56.27,56.81,18164,68200
2005-11-09,56.74,57.03,56.54,57.0,19406,69062
2005-11-10,56.97,56.97,56.35,56.4,19406,69062
2005-11-11,56.42,56.67,56.39,56.6,0,0
2005-11-14,56.57,56.76,56.12,56.25,21901,74216
2005-11-15,56.25,56.69,56.2,56.67,22277,75581
2005-11-16,56.62,56.65,56.27,56.57,20817,76503
2005-11-17,56.5,56.83,56.38,56.76,16231,78343
2005-11-18,56.72,56.76,56.43,56.67,25407,80587
2005-11-21,56.68,57.17,56.64,56.92,26762,79612
2005-11-22,56.88,57.1,56.59,57.06,20257,79829
2005-11-23,57.05,57.15,56.88,57.03,13281,79788
2005-11-25,57.08,57.27,56.79,56.86,18939,78953
2005-11-28,56.76,57.65,56.63,57.45,25136,78928
2005-11-29,57.33,57.38,57.0,57.06,22670,78973
2005-11-30,57.02,57.27,57.0,57.17,19232,80934
2005-12-01,57.21,57.51,57.09,57.38,36480,71712
2005-12-02,57.4,57.93,57.37,57.92,41699,69861
2005-12-05,57.77,58.23,57.62,58.13,32622,67143
2005-12-06,58.15,58.35,58.02,58.33,26049,71637
2005-12-07,58.24,58.27,57.68,57.85,21113,72351
2005-12-08,57.91,58.16,57.6,57.96,22986,75079
2005-12-09,58.01,58.2,57.97,58.05,31568,75583
2005-12-12,57.93,58.55,57.93,58.41,41786,79854
2005-12-13,58.51,58.56,58.24,58.37,35217,82817
2005-12-14,58.34,58.65,58.2,58.48,48272,79805
2005-12-15,58.4,58.51,57.7,57.82,46010,79104
2005-12-16,57.8,57.88,57.41,57.58,34411,73511
2005-12-19,57.61,57.79,57.23,57.3,24146,73947
2005-12-20,57.19,57.41,56.64,56.75,30899,43315
2005-12-21,56.79,57.02,56.63,56.77,25151,46827
2005-12-22,56.84,56.86,56.5,56.58,23950,52224
2005-12-23,56.57,56.62,56.23,56.36,13846,53857
2005-12-27,56.51,56.61,55.96,56.02,13550,57071
2005-12-28,56.09,56.63,56.09,56.42,21269,58374
2005-12-29,56.4,56.78,56.31,56.75,18174,60611
2005-12-30,56.71,56.89,56.58,56.82,16528,61975
2006-01-03,56.81,57.54,56.64,57.34,31726,60245
2006-01-04,57.31,57.96,57.31,57.89,33442,56644
2006-01-05,57.94,57.96,57.64,57.93,18503,54904
2006-01-06,57.84,58.48,57.71,58.45,32956,54480
2006-01-09,58.36,58.42,58.1,58.42,19951,53859
2006-01-10,58.37,58.39,57.95,58.05,16802,55332
2006-01-11,58.03,58.6,58.0,58.48,25283,58980
2006-01-12,58.51,58.57,58.06,58.2,24753,60192
2006-01-13,58.14,58.48,58.06,58.43,21932,60358
2006-01-17,58.53,58.69,58.12,58.27,23480,61525
2006-01-18,58.32,58.33,57.78,57.97,30242,62769
2006-01-19,57.89,58.0,57.66,57.88,22792,62762
2006-01-20,57.89,58.1,57.82,58.0,15024,62143
2006-01-23,57.94,58.44,57.94,58.34,15768,62766
2006-01-24,58.39,58.42,57.99,58.23,10938,63978
2006-01-25,58.19,58.56,58.14,58.37,19698,64886
2006-01-26,58.36,58.58,58.16,58.31,16688,65580
2006-01-27,58.2,58.46,58.05,58.25,21874,67692
2006-01-30,58.06,58.22,57.96,57.98,14184,67807
2006-01-31,58.06,58.79,57.99,58.69,31508,73813
2006-02-01,58.75,58.75,58.31,58.36,19551,73807
2006-02-02,58.31,58.57,58.18,58.45,17290,73728
2006-02-03,58.41,58.41,57.93,58.02,30442,70812
2006-02-06,58.06,58.09,57.43,57.49,29532,71408
2006-02-07,57.51,57.72,57.31,57.39,18773,68525
2006-02-08,57.31,57.46,57.1,57.26,22546,66346
2006-02-09,57.26,57.51,57.22,57.3,13756,66423
2006-02-10,57.42,57.79,57.13,57.15,30457,68466
2006-02-13,57.06,57.37,57.06,57.26,16398,66341
2006-02-14,57.16,57.54,57.02,57.46,22439,62933
2006-02-15,57.51,57.71,57.15,57.2,31316,62018
2006-02-16,57.26,57.33,57.08,57.27,12217,62889
2006-02-17,57.28,57.49,56.97,57.2,19077,61539
2006-02-21,57.27,57.51,57.16,57.35,18760,62973
2006-02-22,57.27,57.35,56.93,57.11,23359,65236
2006-02-23,57.07,57.55,56.95,57.28,23422,64805
2006-02-24,57.27,57.49,57.23,57.33,13021,64168
2006-02-27,57.26,57.35,57.13,57.17,17855,64384
2006-02-28,57.2,57.68,57.09,57.61,26973,58377
2006-03-01,57.58,57.91,57.54,57.73,24519,57771
2006-03-02,57.81,58.06,57.75,58.04,22667,61081
2006-03-03,58.05,58.17,57.57,57.72,24660,61218
2006-03-06,57.75,58.05,57.33,57.4,35268,61229
2006-03-07,57.32,57.42,56.83,56.86,39880,67707
2006-03-08,56.84,57.1,56.74,56.87,39605,72504
2006-03-09,56.99,57.2,56.86,56.95,57825,68305
2006-03-10,56.93,57.17,56.64,56.76,34526,70815
2006-03-13,56.73,57.16,56.7,56.95,15354,70419
2006-03-14,57.02,57.21,56.84,57.17,19114,43094
2006-03-15,57.23,57.49,57.19,57.29,28160,47549
2006-03-16,57.34,57.35,56.94,57.22,31943,48247
2006-03-17,57.27,57.31,56.36,56.4,43244,53355
2006-03-20,56.47,56.47,55.71,55.88,35019,54164
2006-03-21,55.84,56.01,55.46,55.66,30000,61058
2006-03-22,55.77,55.92,55.5,55.88,29912,63207
2006-03-23,55.79,55.98,55.35,55.46,22972,63551
2006-03-24,55.36,55.37,54.79,55.0,28864,66477
2006-03-27,54.97,55.04,54.6,54.73,23664,70669
2006-03-28,54.82,55.25,54.66,54.69,24679,68768
2006-03-29,54.8,54.94,54.45,54.87,17693,67179
2006-03-30,54.83,55.56,54.83,55.49,26449,68065
2006-03-31,55.47,55.68,55.16,55.62,24020,66357
2006-04-03,55.56,55.78,55.34,55.54,27434,70256
2006-04-04,55.55,56.05,55.23,55.94,31136,65124
2006-04-05,55.96,56.61,55.91,56.59,28927,59305
2006-04-06,56.46,56.9,56.36,56.72,31974,57487
2006-04-07,56.68,57.01,56.32,56.38,25889,55292
2006-04-10,56.36,56.66,56.32,56.57,14795,54803
2006-04-11,56.68,56.98,56.41,56.95,13802,54618
2006-04-12,56.92,57.0,56.61,56.83,17549,53822
2006-04-13,56.83,56.96,56.19,56.43,26652,54687
2006-04-17,56.46,57.35,56.45,57.3,23850,51338
2006-04-18,57.29,57.63,57.2,57.57,24946,52049
2006-04-19,57.64,58.1,57.54,58.02,25438,52701
2006-04-20,57.99,58.03,57.13,57.27,26994,54056
2006-04-21,57.24,57.93,57.17,57.91,26769,56132
2006-04-24,57.97,58.11,57.61,57.78,20644,53417
2006-04-25,57.71,58.09,57.69,57.89,28696,52591
2006-04-26,57.89,58.6,57.7,58.46,43437,55237
2006-04-27,58.42,58.87,58.18,58.75,36833,55811
2006-04-28,58.76,59.08,58.52,58.98,22431,56025
2006-05-01,58.94,59.3,58.82,59.13,20841,59513
2006-05-02,58.8,59.3,58.64,59.19,23120,57861
2006-05-03,59.05,59.93,59.02,59.85,36575,69093
2006-05-04,59.78,60.06,59.43,59.95,27644,69503
2006-05-05,59.96,60.15,59.61,59.99,24510,72023
2006-05-08,60.01,60.15,59.62,59.7,19675,71147
2006-05-09,59.64,60.15,59.26,60.09,26245,74660
2006-05-10,60.16,60.34,59.88,60.27,29592,76879
2006-05-11,60.13,60.53,59.66,60.36,22620,79148
2006-05-12,60.23,60.49,59.78,60.11,24448,79430
2006-05-15,60.13,60.16,58.98,59.08,31588,78587
2006-05-16,59.07,59.74,59.01,59.71,21613,78831
2006-05-17,59.56,59.99,58.84,58.99,38582,78800
2006-05-18,58.87,59.62,58.83,59.29,33764,80893
2006-05-19,59.4,59.43,58.46,58.81,25494,81018
2006-05-22,58.73,58.79,57.98,58.5,25058,82547
2006-05-23,58.54,58.99,58.37,58.94,21737,81572
2006-05-24,58.48,58.74,58.18,58.49,27963,80970
2006-05-25,58.52,59.12,58.28,59.11,18849,79727
2006-05-26,59.16,59.19,58.72,58.9,17654,75997
2006-05-30,58.87,59.41,58.78,59.26,21346,76396
2006-05-31,59.14,59.46,58.35,58.42,44026,75655
2006-06-01,58.42,58.49,57.79,58.07,38278,72991
2006-06-02,57.99,58.51,57.85,58.41,31911,73761
2006-06-05,58.32,58.63,58.04,58.31,34628,72561
2006-06-06,58.1,58.15,57.45,57.48,33767,72968
2006-06-07,57.56,57.74,57.43,57.55,25546,72589
2006-06-08,57.61,57.98,57.53,57.53,49300,74857
2006-06-09,57.64,58.29,57.63,58.1,34186,76311
2006-06-12,58.17,58.25,57.9,58.03,25613,76774
2006-06-13,57.88,57.9,57.24,57.26,48962,81160
2006-06-14,57.31,57.56,57.06,57.12,48964,84853
2006-06-15,57.32,57.73,57.21,57.57,28420,80011
2006-06-16,57.66,57.87,57.29,57.38,29905,83734
2006-06-19,57.31,57.41,57.17,57.24,14885,79732
2006-06-20,57.23,57.55,57.2,57.33,12275,37629
2006-06-21,57.34,57.55,57.04,57.44,19624,39705
2006-06-22,57.49,57.69,56.9,57.09,18039,39517
2006-06-23,57.02,57.15,56.78,56.88,15747,37991
2006-06-26,56.81,57.08,56.67,56.91,17819,40894
2006-06-27,56.91,57.14,56.86,57.02,13198,42014
2006-06-28,56.92,56.96,56.5,56.66,12609,42396
2006-06-29,56.67,57.52,56.55,57.38,22938,42237
2006-06-30,57.4,57.95,57.37,57.8,22920,42220
2006-07-03,57.78,57.99,57.61,57.77,18134,45680
2006-07-05,57.72,58.11,57.52,57.66,25740,46323
2006-07-06,57.66,58.08,57.59,58.01,21003,48093
2006-07-07,58.03,58.54,57.94,58.49,24132,48184
2006-07-10,58.44,58.57,57.99,58.08,15038,51271
2006-07-11,58.1,58.57,58.08,58.49,25145,51757
2006-07-12,58.5,58.74,58.37,58.52,23567,53431
2006-07-13,58.47,58.81,58.44,58.66,21899,55152
2006-07-14,58.6,58.71,58.16,58.55,24558,56233
2006-07-17,58.57,58.6,58.06,58.12,19312,54972
2006-07-18,58.12,58.54,57.88,58.01,25730,54649
2006-07-19,58.05,58.41,57.58,58.28,31059,54734
2006-07-20,58.38,58.57,58.22,58.5,18689,55871
2006-07-21,58.36,58.67,58.24,58.52,15530,59454
2006-07-24,58.5,58.69,58.33,58.64,15657,60116
2006-07-25,58.64,58.82,58.43,58.54,14386,62339
2006-07-26,58.53,59.26,58.5,59.2,19925,64431
2006-07-27,59.17,59.55,59.1,59.26,24965,66511
2006-07-28,59.28,59.66,59.04,59.65,20370,68364
2006-07-31,59.62,59.63,59.42,59.57,18312,66763
2006-08-01,59.51,59.58,59.04,59.57,30775,67931
2006-08-02,59.5,59.73,59.3,59.41,19152,66588
2006-08-03,59.44,59.48,58.99,59.16,29121,63968
2006-08-04,59.16,59.68,58.98,59.48,27152,64577
2006-08-07,59.6,59.63,59.23,59.34,13485,65494
2006-08-08,59.3,59.41,58.99,59.25,24875,65353
2006-08-09,59.02,59.62,58.82,59.55,25495,73207
2006-08-10,59.44,60.0,59.44,59.69,27649,75967
2006-08-11,59.67,59.9,59.49,59.54,19903,75496
2006-08-14,59.54,59.71,59.02,59.05,20630,72666
2006-08-15,59.07,59.52,58.99,59.46,19909,72893
2006-08-16,59.49,59.88,59.32,59.75,16354,76238
2006-08-17,59.78,59.79,59.09,59.16,23780,71413
2006-08-18,59.29,59.29,58.81,58.95,33381,62917
2006-08-21,58.99,59.46,58.95,59.36,17449,62235
2006-08-22,59.24,59.38,59.17,59.25,14827,62131
2006-08-23,59.3,59.65,59.22,59.37,22922,64207
2006-08-24,59.3,59.48,59.09,59.23,16013,64645
2006-08-25,59.22,59.23,58.72,58.81,25370,62060
2006-08-28,58.9,59.1,58.83,59.07,13307,61560
2006-08-29,59.04,59.68,59.02,59.41,21796,63348
2006-08-30,59.44,59.55,59.2,59.37,17098,64147
2006-08-31,59.39,59.5,59.2,59.39,16133,65071
2006-09-01,59.41,59.67,59.34,59.64,26724,70204
2006-09-05,59.68,60.05,59.68,60.01,32200,81372
2006-09-06,59.95,59.97,59.51,59.65,27607,78864
2006-09-07,59.62,59.76,58.96,59.02,65635,75920
2006-09-08,59.01,59.05,58.57,58.63,49493,72736
2006-09-11,58.71,58.71,58.35,58.4,37279,69421
2006-09-12,58.43,58.69,58.36,58.37,40601,69370
2006-09-13,58.38,58.66,58.23,58.57,39072,77666
2006-09-14,58.64,58.89,58.45,58.7,44302,85976
2006-09-15,58.7,58.84,58.39,58.53,33473,89673
2006-09-18,58.52,58.8,58.43,58.74,20992,90155
2006-09-19,58.78,58.94,58.4,58.56,24540,61952
2006-09-20,58.45,58.71,58.44,58.53,16981,59722
2006-09-21,58.56,58.97,58.53,58.91,30354,61231
2006-09-22,58.89,58.93,58.3,58.34,34117,60447
2006-09-25,58.42,58.66,58.29,58.64,23786,56047
2006-09-26,58.64,58.8,58.39,58.61,20212,57337
2006-09-27,58.45,58.56,58.14,58.44,29082,55147
2006-09-28,58.46,58.49,58.07,58.27,17895,54927
2006-09-29,58.27,58.27,57.86,58.03,23180,56233
2006-10-02,58.02,58.32,57.85,58.25,18361,56143
2006-10-03,58.23,58.26,57.79,57.84,12845,56292
2006-10-04,57.82,58.1,57.73,58.03,22352,54274
2006-10-05,58.04,58.2,57.92,58.06,14965,55208
2006-10-06,58.03,58.28,57.71,57.8,16343,60023
2006-10-09,57.82,58.0,57.74,57.8,15545,60911
2006-10-10,57.96,58.08,57.79,57.85,18418,65437
2006-10-11,57.91,58.08,57.74,57.8,17649,66060
2006-10-12,57.82,58.5,57.74,58.46,28865,68317
2006-10-13,58.54,58.64,58.28,58.5,18256,70035
2006-10-16,58.45,58.75,58.33,58.68,14716,72488
2006-10-17,58.63,58.81,58.57,58.6,17118,74025
2006-10-18,58.59,58.8,58.57,58.74,17090,76713
2006-10-19,58.8,59.16,58.73,59.14,29385,81475
2006-10-20,59.06,59.21,58.96,59.08,15194,83913
2006-10-23,59.07,59.28,58.9,58.92,17126,86529
2006-10-24,58.92,59.08,58.86,59.0,17151,87502
2006-10-25,59.05,59.35,59.04,59.29,18391,90359
2006-10-26,59.25,59.52,59.22,59.49,36668,85423
2006-10-27,59.49,59.92,59.37,59.88,31372,93230
2006-10-30,59.84,59.98,59.76,59.92,20402,96022
2006-10-31,59.86,60.38,59.74,60.31,31056,107657
2006-11-01,60.25,60.48,60.2,60.47,36213,110962
2006-11-02,60.31,60.35,60.01,60.3,32972,113189
2006-11-03,60.26,60.33,59.83,59.96,25857,110775
2006-11-06,59.93,60.11,59.73,60.09,19049,113410
2006-11-07,60.08,60.44,59.98,60.31,26457,123491
2006-11-08,60.15,60.21,59.77,60.07,27046,119935
2006-11-09,59.98,60.03,59.52,59.78,42361,111906
2006-11-10,59.91,59.95,59.67,59.73,21175,108173
2006-11-13,59.73,59.8,59.31,59.39,19241,105541
2006-11-14,59.41,59.76,59.39,59.6,21787,105229
2006-11-15,59.6,59.68,59.44,59.57,16923,106011
2006-11-16,59.59,59.98,59.54,59.72,37308,113504
2006-11-17,59.68,59.94,59.53,59.88,19797,113806
2006-11-20,59.94,60.04,59.79,59.96,22653,111966
2006-11-21,60.0,60.1,59.85,60.08,19031,108253
2006-11-22,60.07,60.49,60.04,60.44,36291,111564
2006-11-24,60.38,60.7,60.25,60.67,23445,113934
2006-11-27,60.83,60.88,60.49,60.7,22529,113979
2006-11-28,60.6,61.11,60.6,61.04,38762,123916
2006-11-29,61.01,61.2,60.93,61.08,27302,126088
2006-11-30,61.0,61.64,60.98,61.5,28805,126860
2006-12-01,61.46,61.77,61.36,61.46,40638,131678
2006-12-04,61.58,61.61,61.15,61.56,38722,131793
2006-12-05,61.53,61.53,61.12,61.3,34982,129455
2006-12-06,61.25,61.47,61.11,61.22,29660,128289
2006-12-07,61.11,61.67,61.1,61.46,36505,134674
2006-12-08,61.46,61.82,61.18,61.2,73915,142493
2006-12-11,61.19,61.34,60.9,61.19,90038,154394
2006-12-12,61.19,61.38,61.06,61.27,68832,170902
2006-12-13,61.32,61.53,61.13,61.28,71743,186908
2006-12-14,61.23,61.39,60.91,61.03,73071,198043
2006-12-15,61.03,61.15,60.76,60.95,46728,200608
2006-12-18,60.85,61.09,60.65,60.85,22068,198843
2006-12-19,60.82,61.21,60.82,61.14,23010,129934
2006-12-20,61.12,61.43,60.99,61.22,22875,132243
2006-12-21,61.25,61.34,60.95,61.21,22603,130284
2006-12-22,61.16,61.38,61.0,61.07,17667,129303
2006-12-26,61.25,61.28,60.14,60.99,6491,128732
2006-12-27,60.91,61.3,60.91,61.15,14841,128293
2006-12-28,61.15,61.73,61.15,61.53,21829,130344
2006-12-29,61.63,61.79,61.22,61.46,21829,130344
2007-01-02,61.99,62.15,61.94,62.09,19332,120054
2007-01-03,62.09,62.23,61.64,61.78,38399,132225
2007-01-04,61.72,61.78,61.04,61.18,43364,124477
2007-01-05,61.16,61.23,60.68,60.72,54715,117275
2007-01-08,60.75,61.01,60.68,60.82,32269,119981
2007-01-09,60.89,61.11,60.73,60.94,34806,116268
2007-01-10,60.85,60.93,60.42,60.59,30028,118846
2007-01-11,60.67,61.16,60.6,60.93,48947,118694
2007-01-12,60.89,61.14,60.68,61.11,35711,119573
2007-01-16,61.23,61.31,60.99,61.11,35271,121647
2007-01-17,60.99,61.42,60.96,61.37,30018,122878
2007-01-18,61.37,61.6,61.32,61.52,30748,124756
2007-01-19,61.61,61.69,61.35,61.6,21885,126394
2007-01-22,61.57,61.68,61.44,61.5,18116,124274
2007-01-23,61.43,61.93,61.43,61.83,23723,127566
2007-01-24,61.86,61.86,60.8,60.92,58342,125166
2007-01-25,60.98,61.03,60.31,60.36,39457,122523
2007-01-26,60.33,60.47,60.22,60.32,31022,122300
2007-01-29,60.38,60.43,60.15,60.2,22245,121787
2007-01-30,60.29,60.39,60.1,60.25,33205,116294
2007-01-31,60.25,60.65,60.07,60.53,42834,118669
2007-02-01,60.6,60.62,60.37,60.39,26020,115348
2007-02-02,60.44,60.57,60.23,60.46,31824,117172
2007-02-05,60.41,60.64,60.3,60.59,25040,115702
2007-02-06,60.57,60.74,60.44,60.7,20612,117781
2007-02-07,60.71,60.82,60.57,60.74,15801,117405
2007-02-08,60.82,61.05,60.6,61.01,36982,118884
2007-02-09,61.0,61.07,60.52,60.63,25670,117624
2007-02-12,60.66,60.73,60.19,60.23,22028,114461
2007-02-13,60.25,60.89,60.19,60.86,28687,115145
2007-02-14,60.84,61.28,60.78,61.18,33729,120683
2007-02-15,61.18,61.42,61.1,61.29,26521,121020
2007-02-16,61.2,61.46,61.17,61.46,22722,122782
2007-02-20,61.45,61.58,61.26,61.37,37275,123639
2007-02-21,61.41,61.87,61.32,61.81,38621,135532
2007-02-22,61.81,61.82,61.5,61.62,22167,138111
2007-02-23,61.62,61.89,61.54,61.85,25673,137293
2007-02-26,61.86,62.05,61.79,62.0,24097,142721
2007-02-27,61.98,62.07,61.5,61.76,41818,140036
2007-02-28,61.5,61.65,61.35,61.53,48533,136517
2007-03-01,61.54,61.57,61.24,61.34,70628,133145
2007-03-02,61.27,61.42,61.02,61.1,40259,128337
2007-03-05,61.08,61.12,60.17,60.18,69181,122302
2007-03-06,60.03,60.57,60.0,60.5,58069,120959
2007-03-07,60.51,60.89,60.46,60.87,49043,120500
2007-03-08,60.58,60.85,60.56,60.67,47415,125565
2007-03-09,60.82,61.03,60.78,60.92,51357,125072
2007-03-12,60.98,61.46,60.93,61.36,65685,124983
2007-03-13,61.42,61.62,60.93,61.25,68687,132184
2007-03-14,61.04,61.52,60.96,61.3,70424,124856
2007-03-15,61.43,61.71,61.32,61.7,63477,135067
2007-03-16,61.68,62.33,61.57,62.23,60794,148713
2007-03-19,62.13,62.55,62.0,62.44,36421,98118
2007-03-20,62.52,62.82,62.22,62.71,30355,104097
2007-03-21,62.74,63.15,62.52,63.13,31868,108459
2007-03-22,63.13,63.22,62.9,63.02,28003,111226
2007-03-23,62.96,63.12,62.84,62.96,31909,116827
2007-03-26,62.94,63.35,62.73,63.31,25090,119483
2007-03-27,63.31,63.35,63.02,63.16,20459,120220
2007-03-28,63.11,63.15,62.81,62.9,39930,117099
2007-03-29,62.92,63.29,62.92,63.01,23995,116148
2007-03-30,63.09,63.51,62.98,63.23,40831,114216
2007-04-02,63.22,63.93,63.17,63.82,45859,123078
2007-04-03,63.82,63.88,63.41,63.52,34142,121869
2007-04-04,63.53,64.07,63.04,63.96,42240,118104
2007-04-05,63.98,64.19,63.83,64.03,4894,117395
2007-04-06,64.07,64.1,63.73,63.78,4894,117395
2007-04-09,63.83,63.91,63.72,63.84,10938,120324
2007-04-10,63.87,64.63,63.78,64.54,30881,117562
2007-04-11,64.56,64.62,64.36,64.47,26807,118185
2007-04-12,64.52,64.86,64.36,64.77,26433,119762
2007-04-13,64.81,65.2,64.81,65.13,32707,120314
2007-04-16,65.16,65.35,64.98,65.05,19421,120268
2007-04-17,65.08,65.56,65.01,65.41,24018,123468
2007-04-18,65.44,65.59,65.01,65.37,29653,127682
2007-04-19,65.63,65.63,64.76,65.26,35099,130769
2007-04-20,65.33,65.52,65.22,65.49,14457,130877
2007-04-23,65.48,65.52,65.05,65.08,25766,127230
2007-04-24,65.08,65.23,64.41,64.66,44608,123137
2007-04-25,64.73,65.31,64.7,65.17,31042,118739
2007-04-26,65.33,65.37,64.54,64.65,30744,115642
2007-04-27,64.63,65.23,64.47,64.95,43422,111088
2007-04-30,64.96,65.17,64.6,64.97,27150,108445
2007-05-01,64.92,65.15,64.72,64.83,42114,107911
2007-05-02,64.73,64.79,64.31,64.63,33967,108646
2007-05-03,64.5,64.62,64.33,64.47,22422,110955
2007-05-04,64.43,64.44,63.92,64.25,35878,111282
2007-05-07,64.23,64.69,64.2,64.57,17874,112593
2007-05-08,64.54,65.02,64.5,64.8,33988,114679
2007-05-09,64.82,65.0,64.67,64.75,21890,114781
2007-05-10,64.75,65.24,64.66,64.86,53245,119944
2007-05-11,64.6,65.19,64.4,65.07,40765,114518
2007-05-14,65.03,65.37,65.03,65.13,21135,117676
2007-05-15,65.16,65.35,64.97,65.15,27633,114784
2007-05-16,65.24,65.26,64.44,64.46,62053,107737
2007-05-17,64.47,64.73,64.19,64.46,42162,108426
2007-05-18,64.43,64.63,64.23,64.46,27176,107875
2007-05-21,64.48,64.56,64.03,64.37,27891,104119
2007-05-22,64.29,64.43,64.09,64.18,19121,103300
2007-05-23,64.14,64.72,64.11,64.48,31209,104375
2007-05-24,64.43,64.47,64.04,64.14,41292,101222
2007-05-25,64.09,64.35,64.0,64.07,27190,102255
2007-05-29,64.06,64.29,63.9,64.08,32456,97790
2007-05-30,64.07,64.49,63.99,64.38,33746,101811
2007-05-31,64.45,64.93,64.33,64.84,49749,105574
2007-06-01,64.77,65.23,64.76,65.22,58043,111695
2007-06-04,65.2,65.37,65.07,65.34,33270,118286
2007-06-05,65.35,65.84,65.29,65.58,43585,122120
2007-06-06,65.54,66.09,65.54,65.8,45759,120016
2007-06-07,65.86,66.38,65.8,65.95,71930,117403
2007-06-08,65.89,66.17,65.53,66.02,93303,132492
2007-06-11,66.08,66.15,65.73,66.04,85920,147525
2007-06-12,66.02,66.16,65.8,66.02,60374,157047
2007-06-13,65.81,66.01,65.48,65.78,141789,174771
2007-06-14,65.79,65.86,65.27,65.48,84102,165678
2007-06-15,65.44,65.97,65.43,65.95,48796,160310
2007-06-18,65.98,66.22,65.8,66.1,34070,153726
2007-06-19,66.02,66.36,65.97,66.35,43916,115118
2007-06-20,66.32,66.4,66.06,66.28,33783,115169
2007-06-21,66.05,66.4,66.05,66.36,32456,122408
2007-06-22,66.37,66.56,66.25,66.37,34564,116002
2007-06-25,66.34,66.6,66.31,66.32,28047,116563
2007-06-26,66.39,66.69,66.24,66.32,33573,111504
2007-06-27,66.24,66.3,65.47,65.53,68543,103686
2007-06-28,65.69,66.39,65.69,66.29,51995,114533
2007-06-29,66.36,66.79,66.31,66.44,28609,117777
2007-07-02,66.47,67.39,66.44,67.38,37709,114020
2007-07-03,67.32,67.37,66.93,67.02,35956,109147
2007-07-05,66.98,67.48,66.96,67.13,38964,105885
2007-07-06,67.08,67.34,67.01,67.2,24985,106167
2007-07-09,67.31,67.53,67.16,67.44,24098,109089
2007-07-10,67.41,67.71,67.14,67.6,31096,110984
2007-07-11,67.48,67.74,67.23,67.51,37866,107904
2007-07-12,67.66,67.93,67.45,67.87,37629,111429
2007-07-13,67.96,68.35,67.85,68.19,32427,113920
2007-07-16,68.33,68.71,68.16,68.33,34482,119032
2007-07-17,68.37,68.62,68.27,68.4,24247,120509
2007-07-18,68.42,68.92,68.37,68.73,36721,118197
2007-07-19,68.8,69.1,68.71,68.99,28876,119487
2007-07-20,69.01,69.27,68.62,68.91,48598,115780
2007-07-23,68.93,69.35,68.93,69.18,31397,118309
2007-07-24,69.24,69.5,69.06,69.34,31452,118608
2007-07-25,69.13,69.67,68.9,69.2,49068,121533
2007-07-26,69.35,69.54,68.26,68.29,74142,120732
2007-07-27,68.15,68.76,66.73,66.87,88600,110359
2007-07-30,66.68,67.24,66.33,66.83,58641,109084
2007-07-31,67.28,67.56,66.74,67.13,48769,108022
2007-08-01,66.65,67.12,66.24,66.56,55249,112544
2007-08-02,67.12,67.49,66.61,67.16,46444,111819
2007-08-03,67.33,67.48,66.97,67.21,30680,110373
2007-08-06,67.14,67.34,66.83,67.24,27521,109437
2007-08-07,67.35,67.4,66.76,67.05,31991,110617
2007-08-08,67.05,67.75,66.92,67.72,38154,111184
2007-08-09,67.63,67.96,66.55,66.8,77116,106896
2007-08-10,66.67,66.77,65.91,66.19,58435,101625
2007-08-13,66.25,66.72,65.94,66.06,37370,103051
2007-08-14,66.06,66.11,65.44,65.5,41177,105080
2007-08-15,65.43,65.49,64.32,64.56,63522,99277
2007-08-16,64.19,64.35,61.11,61.71,111313,98583
2007-08-17,62.29,62.8,60.2,62.18,61278,97805
2007-08-20,62.69,63.48,61.91,63.32,44080,95834
2007-08-21,63.25,63.36,62.42,62.86,43467,95901
2007-08-22,62.88,63.32,62.55,63.28,35622,96825
2007-08-23,63.43,64.47,63.36,64.14,53347,97874
2007-08-24,64.31,64.93,64.01,64.83,38400,97966
2007-08-27,64.89,65.41,64.89,65.16,24621,97940
2007-08-28,64.85,64.97,63.91,64.36,42843,96642
2007-08-29,63.9,64.65,63.2,64.03,47980,97461
2007-08-30,64.51,64.51,63.8,63.98,36167,98443
2007-08-31,64.04,64.78,63.65,64.08,48953,99392
2007-09-04,64.08,64.94,64.05,64.66,51029,103527
2007-09-05,64.72,65.07,64.24,64.59,50546,101599
2007-09-06,64.55,65.15,64.3,65.04,45580,99872
2007-09-07,65.07,65.26,64.6,64.92,60769,103364
2007-09-10,64.9,64.93,64.18,64.79,51700,103987
2007-09-11,64.78,65.56,64.69,65.48,55202,106674
2007-09-12,65.48,66.24,65.39,66.14,81896,111895
2007-09-13,66.05,66.28,65.7,66.02,86811,114975
2007-09-14,65.62,66.23,65.52,66.19,46217,116764
2007-09-17,66.08,66.45,65.26,65.48,51058,116217
2007-09-18,65.44,66.97,64.99,66.7,48819,59950
2007-09-19,66.87,67.27,66.6,67.15,39623,59545
2007-09-20,67.17,67.97,67.15,67.89,44157,64625
2007-09-21,67.75,68.33,67.56,67.97,32881,66774
2007-09-24,67.97,68.27,67.94,68.09,28747,68510
2007-09-25,68.15,68.62,67.6,68.51,46818,74017
2007-09-26,68.57,68.84,68.4,68.71,32906,75570
2007-09-27,68.83,69.39,68.7,69.17,29756,78456
2007-09-28,69.09,69.8,68.99,69.78,38514,85700
2007-10-01,69.79,70.35,69.54,70.27,39062,93365
2007-10-02,70.21,70.28,69.16,69.58,39208,97556
2007-10-03,69.23,70.01,69.2,69.3,42521,102013
2007-10-04,69.31,69.9,69.08,69.68,41202,102430
2007-10-05,69.76,70.73,69.63,70.47,41202,102430
2007-10-08,70.61,70.96,70.02,70.47,39092,98637
2007-10-09,70.16,70.75,70.01,70.55,38862,95294
2007-10-10,70.76,70.76,70.22,70.43,34946,92391
2007-10-11,70.53,71.19,70.44,71.0,55600,102041
2007-10-12,70.76,71.13,70.33,70.94,39442,102293
2007-10-15,71.05,71.32,70.35,70.57,36642,100366
2007-10-16,70.72,70.8,69.31,69.58,66033,96797
2007-10-17,69.87,70.5,69.24,69.54,68003,97902
2007-10-18,70.02,70.51,69.77,70.38,45495,100088
2007-10-19,70.31,70.68,69.87,70.3,40216,98550
2007-10-22,69.98,70.05,68.75,69.27,71786,86724
2007-10-23,69.67,70.61,69.57,70.48,39247,85160
2007-10-24,70.56,71.1,70.2,70.71,52882,85882
2007-10-25,70.94,71.42,70.79,71.31,37624,85239
2007-10-26,71.4,72.17,71.31,72.09,31538,86325
2007-10-29,72.17,72.84,72.17,72.33,35741,88702
2007-10-30,72.51,72.59,71.87,72.28,37029,88532
2007-10-31,72.18,73.46,72.18,73.36,42160,91255
2007-11-01,73.24,73.37,71.58,72.13,87101,93441
2007-11-02,71.69,72.74,71.68,72.25,75175,92057
2007-11-05,72.48,72.5,71.96,72.3,53890,93285
2007-11-06,72.43,73.06,72.34,72.88,36718,93618
2007-11-07,73.19,73.91,72.87,73.35,72600,93741
2007-11-08,72.81,73.36,72.47,72.56,70560,89322
2007-11-09,72.84,73.28,71.57,71.83,70560,89322
2007-11-12,71.31,71.46,68.78,69.48,61890,87489
2007-11-13,69.18,70.58,69.01,70.16,61083,78011
2007-11-14,70.72,71.32,70.36,70.81,65998,79840
2007-11-15,70.43,70.92,69.64,69.66,65122,77055
2007-11-16,69.62,70.33,69.36,70.0,51049,74911
2007-11-19,70.46,70.78,69.44,69.61,51155,72635
2007-11-20,69.49,70.31,68.91,69.72,66062,70026
2007-11-21,70.35,70.41,68.07,68.75,84253,68740
2007-11-23,68.57,69.16,68.31,68.91,31535,67991
2007-11-26,69.3,69.8,68.22,68.72,57984,66512
2007-11-27,68.46,69.36,68.44,68.85,56854,64572
2007-11-28,68.97,70.23,68.63,70.15,57060,65829
2007-11-29,69.91,69.96,69.09,69.49,56083,67821
2007-11-30,69.41,70.05,69.35,69.47,36491,66904
2007-12-03,69.69,69.75,69.19,69.42,34250,66981
2007-12-04,69.33,69.42,68.59,68.79,46695,67940
2007-12-05,68.67,68.82,68.2,68.49,49526,65358
2007-12-06,68.54,69.24,68.44,69.09,41524,67976
2007-12-07,69.2,69.55,68.85,69.11,52452,69421
2007-12-10,69.03,69.67,68.57,69.64,37129,71513
2007-12-11,69.77,70.08,68.61,69.12,69322,75747
2007-12-12,68.85,70.18,68.85,69.56,108770,92387
2007-12-13,69.61,69.92,68.78,68.93,85379,99316
2007-12-14,69.08,69.35,67.74,67.9,72224,98840
2007-12-17,67.89,68.13,67.4,67.59,43030,56185
2007-12-18,67.62,68.1,67.37,67.63,31454,54969
2007-12-19,67.83,68.05,67.41,67.64,21139,55713
2007-12-20,67.64,67.79,67.5,67.52,17305,56313
2007-12-21,67.64,68.53,67.64,68.33,31407,56395
2007-12-24,68.34,68.73,68.34,68.67,7626,57131
2007-12-26,68.72,68.96,68.72,68.86,6799,57493
2007-12-27,68.93,69.29,68.66,69.27,31170,59353
2007-12-28,69.08,69.27,68.74,68.84,14752,58883
2007-12-31,69.08,69.59,68.98,69.1,12132,60423
2008-01-02,69.52,69.71,69.28,69.64,22219,62266
2008-01-03,69.68,69.74,69.27,69.43,33667,61741
2008-01-04,69.38,69.69,68.57,68.81,45232,63566
2008-01-07,68.66,68.97,68.44,68.49,39371,65869
2008-01-08,68.77,69.66,68.59,69.43,56289,78398
2008-01-09,69.31,69.83,69.23,69.38,40422,75815
2008-01-10,69.65,70.72,69.43,70.6,58450,82371
2008-01-11,70.51,70.7,70.1,70.19,40212,83393
2008-01-14,70.07,70.93,69.93,70.84,29129,84139
2008-01-15,70.84,71.05,69.35,69.92,63132,81641
2008-01-16,69.45,69.87,68.88,69.4,75277,78079
2008-01-17,69.3,70.01,69.05,69.43,60154,75461
2008-01-18,69.18,69.77,68.55,69.16,68206,71763
2008-01-22,69.35,69.5,67.07,68.36,113968,68055
2008-01-23,68.45,68.97,67.81,68.4,67748,67831
2008-01-24,68.82,69.6,68.47,69.32,46276,64108
2008-01-25,69.51,69.77,69.12,69.35,52552,62960
2008-01-28,69.33,70.07,69.07,69.96,40816,63848
2008-01-29,70.04,70.17,69.81,69.99,30126,65613
2008-01-30,69.95,71.04,69.83,70.88,46854,70344
2008-01-31,70.26,70.8,69.51,70.7,59529,73412
2008-02-01,70.64,71.32,70.5,71.31,55618,74284
2008-02-04,71.25,71.76,71.13,71.71,36529,76379
2008-02-05,71.6,71.69,70.5,70.87,65132,73676
2008-02-06,70.72,70.96,70.23,70.79,42475,75398
2008-02-07,70.53,70.79,69.97,70.4,48798,78682
2008-02-08,70.57,70.89,70.33,70.66,32758,82658
2008-02-11,70.72,71.45,70.64,71.3,35715,84684
2008-02-12,71.33,71.7,71.17,71.32,29992,86843
2008-02-13,71.33,71.39,70.4,70.64,33931,86084
2008-02-14,70.75,71.56,70.75,71.25,41910,88900
2008-02-15,71.19,71.83,71.09,71.53,33219,90790
2008-02-19,71.7,72.93,71.56,72.69,42404,94144
2008-02-20,72.69,72.75,71.94,72.54,49235,91089
2008-02-21,72.62,72.74,72.4,72.67,36642,90580
2008-02-22,72.68,73.09,72.44,72.76,37146,90695
2008-02-25,73.03,73.28,72.82,73.23,39972,93856
2008-02-26,73.27,74.04,73.12,73.73,41709,94774
2008-02-27,73.84,74.55,73.65,74.27,54760,99233
2008-02-28,74.38,75.08,74.04,75.03,43181,101534
2008-02-29,74.91,74.99,73.49,73.69,72621,97412
2008-03-03,73.65,74.49,73.36,74.11,58891,93727
2008-03-04,74.31,74.37,72.89,73.19,59760,90774
2008-03-05,73.19,73.88,73.0,73.59,57017,93544
2008-03-06,73.91,74.25,73.13,73.32,51390,93032
2008-03-07,73.31,74.47,73.23,73.28,64769,89576
2008-03-10,73.28,73.68,72.48,72.62,95264,88678
2008-03-11,72.5,73.56,72.4,73.27,102401,93044
2008-03-12,73.64,74.19,73.43,74.12,84365,99688
2008-03-13,73.99,75.01,73.88,74.77,103488,110263
2008-03-14,74.91,75.0,74.07,74.26,75106,107977
2008-03-17,74.22,74.81,71.97,72.61,78515,104434
2008-03-18,72.79,73.75,72.61,73.54,48665,72466
2008-03-19,73.64,74.17,72.27,72.56,73205,75307
2008-03-20,72.38,72.71,71.02,71.13,58611,72461
2008-03-24,71.3,72.06,71.2,71.86,21768,71384
2008-03-25,72.03,72.82,71.98,72.67,37624,71646
2008-03-26,72.82,73.37,72.38,72.86,33213,71761
2008-03-27,73.07,73.46,72.78,73.07,41659,71035
2008-03-28,72.92,73.39,72.65,72.76,33511,70462
2008-03-31,72.76,72.9,72.26,72.54,37353,70389
2008-04-01,72.57,72.66,71.71,71.93,40847,72433
2008-04-02,72.07,72.75,71.93,72.67,40847,72383
2008-04-03,72.62,72.95,72.26,72.91,35239,77618
2008-04-04,72.72,73.38,72.31,73.26,41455,79583
2008-04-07,73.23,73.81,72.95,73.71,27574,84681
2008-04-08,73.55,74.12,73.47,73.96,30846,88165
2008-04-09,74.05,74.12,73.64,73.88,30846,88165
2008-04-10,73.88,74.35,73.88,74.2,44139,98235
2008-04-11,74.12,74.3,73.76,73.92,34976,94164
2008-04-14,73.73,73.75,73.23,73.54,48152,85755
2008-04-15,73.76,74.08,73.48,73.54,42700,90258
2008-04-16,73.72,74.89,73.63,74.77,59354,97369
2008-04-17,74.83,74.83,74.36,74.49,34789,97760
2008-04-18,74.55,74.84,73.85,74.36,43895,95862
2008-04-21,74.35,75.25,74.17,75.09,33954,101554
2008-04-22,75.09,75.48,74.83,75.29,43963,100258
2008-04-23,75.33,76.07,75.33,75.67,43963,101418
2008-04-24,75.55,75.6,74.72,74.97,55886,100126
2008-04-25,74.86,75.1,74.06,74.28,28170,97994
2008-04-28,74.37,74.99,74.37,74.92,33823,100261
2008-04-29,74.84,74.93,74.09,74.45,54842,96036
2008-04-30,74.41,75.54,74.26,75.5,52975,103126
2008-05-01,75.24,75.34,74.23,74.48,50120,97957
2008-05-02,74.4,74.88,74.0,74.69,32985,97612
2008-05-05,74.67,75.56,74.55,75.54,30837,103212
2008-05-06,75.54,75.88,75.28,75.83,30442,105851
2008-05-07,75.8,75.87,75.08,75.3,46381,102762
2008-05-08,75.2,75.5,74.64,75.31,33934,100185
2008-05-09,75.31,75.53,74.92,75.31,38520,99559
2008-05-12,75.18,75.7,74.71,75.54,42904,100761
2008-05-13,75.65,75.7,74.95,75.22,43568,103720
2008-05-14,75.07,75.31,74.32,74.67,44092,100216
2008-05-15,74.61,75.3,74.25,75.21,70287,99202
2008-05-16,75.13,76.43,75.05,76.23,25205,105715
2008-05-19,76.36,76.5,76.03,76.24,39849,108573
2008-05-20,76.19,76.89,76.09,76.63,34662,111047
2008-05-21,76.64,77.18,76.4,76.94,32792,113357
2008-05-22,77.02,77.2,76.34,76.47,25476,108258
2008-05-23,76.5,77.09,76.42,76.92,0,105449
2008-05-27,76.7,77.11,76.66,76.68,41477,107902
2008-05-28,76.72,77.09,76.52,77.0,53593,109112
2008-05-29,77.04,77.16,76.34,76.48,37722,104572
2008-05-30,76.51,76.72,76.16,76.58,36866,103845
2008-06-02,76.44,76.86,75.66,76.35,38732,105999
2008-06-03,76.53,77.01,76.15,76.28,57367,108377
2008-06-04,76.19,77.13,75.99,76.75,57369,119585
2008-06-05,76.67,76.88,76.22,76.8,52290,113761
2008-06-06,76.76,77.52,76.66,77.25,79508,113916
2008-06-09,77.11,77.31,75.99,76.04,79751,108985
2008-06-10,76.09,76.38,75.65,75.81,72526,106075
2008-06-11,75.82,76.14,75.67,76.04,82255,108556
2008-06-12,76.08,76.13,74.83,74.95,42346,107205
2008-06-13,75.06,75.52,74.91,75.26,29902,107137
2008-06-16,75.32,75.65,75.19,75.53,34374,106392
2008-06-17,75.5,75.89,75.36,75.87,30735,72514
2008-06-18,75.78,76.05,75.48,76.02,34744,71248
2008-06-19,75.99,76.45,75.85,76.4,35789,77775
2008-06-20,76.3,76.85,76.21,76.62,30914,87028
2008-06-23,76.57,76.81,76.24,76.39,35421,82359
2008-06-24,76.47,77.02,76.32,76.77,28609,88617
2008-06-25,76.85,77.15,76.56,77.07,33787,87881
2008-06-26,77.07,77.23,76.77,76.94,36567,91286
2008-06-27,76.79,77.45,76.7,77.2,41070,99257
2008-06-30,77.2,77.72,76.78,77.09,42105,95380
2008-07-01,77.07,77.15,76.48,76.58,49290,96406
2008-07-02,76.87,77.66,76.71,77.51,51002,105765
2008-07-03,77.45,77.5,77.08,77.16,40855,102723
2008-07-04,77.23,77.56,77.17,77.55,40855,102723
2008-07-07,77.5,77.53,76.56,76.86,36688,97638
2008-07-08,76.94,76.98,76.48,76.73,45507,97156
2008-07-09,76.76,77.22,76.24,77.13,41069,99226
2008-07-10,76.93,77.64,76.86,77.46,42191,103496
2008-07-11,77.46,78.26,77.28,77.68,42191,103496
2008-07-14,77.92,78.42,77.83,78.32,42195,103268
2008-07-15,78.28,79.34,78.2,78.76,45678,105268
2008-07-16,78.85,79.06,78.37,78.41,40223,104294
2008-07-17,78.49,78.92,77.99,78.18,25752,105647
2008-07-18,78.43,78.49,78.17,78.22,23217,106247
2008-07-21,78.35,78.79,78.23,78.65,34806,108993
2008-07-22,78.72,78.96,78.08,78.31,38242,107764
2008-07-23,78.32,78.59,77.39,77.51,41638,100343
2008-07-24,77.51,77.74,76.94,77.22,29860,95990
2008-07-25,77.33,77.51,77.01,77.16,31985,92866
2008-07-28,77.01,77.42,76.87,77.21,40688,89839
2008-07-29,77.22,77.37,76.62,76.76,52493,85686
2008-07-30,76.87,76.9,75.93,76.12,53279,85397
2008-07-31,76.24,76.51,75.87,76.08,51290,80629
2008-08-01,76.04,76.07,74.99,75.12,38018,80376
2008-08-04,75.09,75.49,74.96,75.1,60290,80419
2008-08-05,75.09,75.11,73.76,73.92,43754,80973
2008-08-06,74.0,74.37,73.21,73.53,34699,78122
2008-08-07,73.43,73.79,73.14,73.36,72817,79569
2008-08-08,73.23,73.36,71.67,71.8,55702,76371
2008-08-11,71.67,72.39,70.94,71.39,62486,74709
2008-08-12,71.28,71.54,70.38,70.89,72054,74632
2008-08-13,70.44,70.94,69.47,70.88,72189,73774
2008-08-14,70.81,71.15,70.12,70.55,49510,74199
2008-08-15,70.38,70.46,69.64,70.07,48705,75304
2008-08-18,70.12,70.86,70.0,70.31,45495,74571
2008-08-19,70.25,70.68,69.79,70.45,36949,75999
2008-08-20,70.59,70.77,70.2,70.55,54713,76840
2008-08-21,70.66,71.32,70.01,71.17,40051,77660
2008-08-22,71.23,71.3,70.03,70.16,30835,79694
2008-08-25,70.25,70.39,69.77,69.96,55581,78841
2008-08-26,69.97,70.03,68.81,69.33,40179,78003
2008-08-27,69.22,69.97,69.13,69.46,54756,78628
2008-08-28,69.59,70.48,69.52,69.84,38613,81203
2008-08-29,69.87,70.19,69.34,69.47,86717,83917
2008-09-02,69.43,69.57,67.05,67.9,89207,84479
2008-09-03,67.87,68.14,66.75,67.71,56972,84246
2008-09-04,67.78,68.08,66.64,66.72,87430,85202
2008-09-05,66.3,66.7,65.14,65.84,92683,84521
2008-09-08,67.59,67.75,65.51,65.88,90829,84649
2008-09-09,66.11,66.36,64.92,65.4,79160,93495
2008-09-10,64.86,66.01,64.76,65.17,86335,97505
2008-09-11,64.66,65.52,64.12,64.93,111707,104101
2008-09-12,65.48,66.99,65.0,66.71,61634,104082
2008-09-15,66.48,67.07,65.01,65.29,50869,103676
2008-09-16,65.39,65.39,63.76,64.77,44233,52642
2008-09-17,64.74,65.62,63.59,65.37,39771,51444
2008-09-18,64.14,65.94,64.06,65.09,46471,55683
2008-09-19,65.41,68.04,65.29,67.73,46456,55134
2008-09-22,68.13,69.42,67.36,69.39,39163,54868
2008-09-23,68.64,68.98,67.45,68.31,30450,55071
2008-09-24,68.08,68.7,67.76,68.23,31455,54837
2008-09-25,67.9,68.7,67.76,68.14,26904,54547
2008-09-26,68.06,68.31,67.2,67.71,36186,54063
2008-09-29,67.5,67.97,65.25,65.56,39189,53303
2008-09-30,65.2,66.11,64.25,64.72,25887,53200
2008-10-01,64.89,65.57,64.35,64.63,30825,53448
2008-10-02,64.55,64.95,62.99,63.35,35468,54025
2008-10-03,63.31,63.92,63.01,63.39,35715,53899
2008-10-06,63.05,63.07,57.04,57.37,37488,54182
2008-10-07,58.19,60.18,57.46,58.7,52512,54239
2008-10-08,58.29,58.6,52.92,55.44,32531,53285
2008-10-09,54.9,58.47,54.5,57.32,36574,52752
2008-10-10,56.32,56.36,51.76,53.48,20805,52112
2008-10-13,54.17,57.35,53.63,55.74,37066,53270
2008-10-14,57.12,59.22,56.73,56.98,37066,53270
2008-10-15,57.37,57.94,53.89,55.08,33208,47503
2008-10-16,53.61,56.59,53.39,55.48,29446,48556
2008-10-17,56.42,57.36,55.07,56.64,22063,48111
2008-10-20,56.48,57.69,56.27,57.36,27266,56140
2008-10-21,57.52,57.63,54.82,55.95,24625,57767
2008-10-22,55.27,55.8,54.19,54.95,35163,58896
2008-10-23,54.95,55.13,53.41,53.49,35815,63035
2008-10-24,55.13,55.21,49.46,50.87,27081,67298
2008-10-27,50.19,51.1,49.04,49.62,36173,70683
2008-10-28,49.24,52.77,49.13,52.21,35997,62583
2008-10-29,53.24,55.61,51.83,54.39,35117,66195
2008-10-30,54.81,56.41,54.06,55.61,25831,66863
2008-10-31,55.23,55.36,53.51,54.62,23443,66460
2008-11-03,54.85,56.16,54.3,55.68,26698,66406
2008-11-04,55.23,57.39,53.98,56.99,19989,67221
2008-11-05,57.04,57.37,55.64,56.61,28471,66385
2008-11-06,55.39,56.46,54.29,54.83,20703,66582
2008-11-07,54.37,55.51,53.57,55.15,29201,64556
2008-11-10,55.95,57.14,54.35,55.15,23708,65403
2008-11-11,54.95,55.25,52.94,53.44,28752,65776
2008-11-12,53.57,54.49,51.91,52.27,32426,65078
2008-11-13,52.1,54.72,51.83,53.37,27025,62593
2008-11-14,54.41,54.78,52.93,54.49,23967,62385
2008-11-17,52.65,54.01,52.1,53.6,21199,63226
2008-11-18,52.92,53.85,52.43,52.7,26478,63207
2008-11-19,53.25,53.98,51.99,52.82,26949,63783
2008-11-20,52.12,52.56,49.69,50.17,26746,65157
2008-11-21,50.1,51.88,49.77,50.62,34200,65440
2008-11-24,52.11,53.62,51.06,53.07,35637,68535
2008-11-25,53.72,54.22,51.88,53.02,27042,69319
2008-11-26,53.27,53.72,52.66,53.43,16374,72575
2008-11-28,53.25,54.12,53.11,53.8,27605,71111
2008-12-01,53.43,53.59,52.11,52.91,26121,70921
2008-12-02,52.36,53.25,51.92,52.4,25294,71412
2008-12-03,52.73,53.21,52.41,52.68,27041,70441
2008-12-04,53.43,53.64,52.42,53.02,31434,69934
2008-12-05,52.73,53.22,51.54,52.86,31758,68595
2008-12-08,52.86,54.87,52.86,54.69,33458,70498
2008-12-09,54.45,54.52,53.25,54.07,42270,68061
2008-12-10,53.99,54.46,53.45,53.78,52858,68297
2008-12-11,53.78,55.77,53.74,55.0,37561,68895
2008-12-12,55.0,55.18,53.15,54.22,40528,68392
2008-12-15,54.48,55.35,54.23,55.14,24061,68333
2008-12-16,54.97,57.27,54.67,55.98,27854,28784
2008-12-17,56.82,57.81,56.24,57.41,27926,30141
2008-12-18,57.75,58.52,55.31,56.86,26942,29677
2008-12-19,56.28,56.72,55.4,55.89,18958,30632
2008-12-22,55.88,56.47,55.72,56.05,9758,32571
2008-12-23,56.05,56.17,55.56,56.01,3013,33009
2008-12-24,55.64,56.06,55.39,55.94,4335,33014
2008-12-26,56.13,61.49,55.72,59.41,14661,33444
2008-12-29,56.36,57.14,56.01,56.57,7442,32647
2008-12-30,56.29,56.95,56.21,56.66,8634,33147
2008-12-31,56.68,58.32,56.15,57.76,11303,33993
2009-01-02,57.11,58.42,56.91,58.3,20641,34556
2009-01-05,58.51,59.1,57.91,58.85,29800,36301
2009-01-06,58.61,59.68,57.71,58.37,27052,38197
2009-01-07,59.13,59.64,58.17,58.42,30337,37986
2009-01-08,58.45,58.52,57.07,58.2,22989,38214
2009-01-09,58.31,58.44,57.52,57.8,23351,36623
2009-01-12,57.39,57.42,55.69,55.96,31582,39902
2009-01-13,55.89,55.93,53.97,54.39,32273,39676
2009-01-14,54.69,55.91,54.01,54.22,32099,40771
2009-01-15,54.17,55.05,53.67,54.74,29633,43475
2009-01-16,54.85,55.82,54.59,55.59,43938,44825
2009-01-20,55.72,56.22,53.13,53.25,30075,45583
2009-01-21,53.12,54.7,53.02,53.34,30729,44576
2009-01-22,54.5,54.54,53.33,54.16,33519,45919
2009-01-23,53.87,54.16,52.74,53.91,27270,46379
2009-01-26,53.69,54.63,53.39,54.02,26351,44377
2009-01-27,54.45,55.24,54.01,54.47,28579,45190
2009-01-28,54.52,55.37,54.21,54.81,25839,43685
2009-01-29,54.77,54.94,53.6,53.82,30706,46663
2009-01-30,53.64,53.64,52.22,52.44,22795,50512
2009-02-02,52.22,52.45,51.43,51.89,34324,52690
2009-02-03,51.88,53.88,51.87,53.72,37112,48637
2009-02-04,53.53,53.74,52.29,53.06,32367,48281
2009-02-05,52.77,54.17,52.71,53.87,44086,47772
2009-02-06,53.61,56.0,53.3,55.62,44620,47772
2009-02-09,56.39,56.39,54.57,55.87,22990,44284
2009-02-10,55.01,55.92,53.37,53.65,46717,42790
2009-02-11,53.98,54.35,53.36,54.02,30016,45418
2009-02-12,53.94,54.52,52.95,53.12,25365,46937
2009-02-13,53.98,54.73,53.74,54.21,32558,45467
2009-02-17,53.73,53.88,52.27,52.49,27462,48410
2009-02-18,52.41,52.98,52.21,52.64,24382,49295
2009-02-19,52.62,53.75,52.51,53.17,34977,48535
2009-02-20,53.19,53.55,52.37,53.33,28980,49114
2009-02-23,53.12,53.97,52.76,52.92,30052,47396
2009-02-24,52.92,53.8,52.66,53.65,29498,45886
2009-02-25,53.83,54.02,53.2,53.32,32963,43308
2009-02-26,53.37,54.06,53.27,53.93,45436,43050
2009-02-27,53.43,53.45,52.26,53.05,34984,46913
2009-03-02,52.59,52.66,51.85,52.22,41696,48043
2009-03-03,51.9,53.3,51.84,53.03,49545,49180
2009-03-04,52.54,53.83,51.86,53.78,41452,53524
2009-03-05,53.45,53.5,52.43,52.51,42993,54729
2009-03-06,52.59,53.4,52.55,52.69,56796,55571
2009-03-09,52.95,53.22,52.06,52.24,69599,60502
2009-03-10,52.18,53.57,52.1,52.96,59338,68878
2009-03-11,53.25,53.91,52.87,53.53,63742,69458
2009-03-12,53.79,54.33,52.93,53.75,45601,71196
2009-03-13,54.14,54.51,53.75,54.29,32499,71225
2009-03-16,54.08,54.8,53.86,54.6,22613,49238
2009-03-17,54.4,54.69,54.21,54.35,46726,50357
2009-03-18,54.67,56.19,54.19,55.87,60120,51838
2009-03-19,55.99,57.33,55.5,56.64,36768,54179
2009-03-20,56.73,57.23,56.55,56.69,39552,55180
2009-03-23,56.98,58.25,56.89,58.02,47151,56518
2009-03-24,58.08,58.56,57.19,57.76,60325,58336
2009-03-25,57.45,58.2,56.99,57.25,36919,59644
2009-03-26,57.61,58.19,57.59,57.87,35763,59487
2009-03-27,57.95,58.04,56.69,57.12,36097,59820
2009-03-30,57.0,57.19,55.89,56.03,41909,59429
2009-03-31,56.24,57.54,56.03,57.43,40405,63152
2009-04-01,57.07,57.76,56.59,57.32,55175,63235
2009-04-02,57.64,59.45,57.61,59.09,49971,65972
2009-04-03,59.1,59.71,58.28,58.92,36898,66070
2009-04-06,59.15,59.54,58.47,58.75,48051,65739
2009-04-07,58.86,59.21,58.11,58.75,42013,70445
2009-04-08,58.73,58.89,58.07,58.49,45090,72244
2009-04-09,58.64,59.51,58.24,59.24,22213,73724
2009-04-13,59.61,60.53,59.36,60.28,44764,73640
2009-04-14,60.46,60.5,59.71,59.97,48695,74427
2009-04-15,59.63,60.26,59.03,59.67,50450,72449
2009-04-16,60.14,60.45,58.97,59.41,35711,71811
2009-04-17,59.46,59.75,59.21,59.46,53677,72277
2009-04-20,59.75,59.83,57.46,57.68,54761,69429
2009-04-21,57.73,58.93,57.61,57.75,51781,69262
2009-04-22,58.67,58.84,57.86,58.76,40111,69479
2009-04-23,58.34,59.17,58.1,58.92,41622,70276
2009-04-24,59.02,59.86,58.74,59.68,40797,73228
2009-04-27,59.67,59.68,58.6,58.78,41399,73258
2009-04-28,58.61,58.73,57.75,58.49,50679,69538
2009-04-29,58.48,60.38,58.31,60.28,54681,73092
2009-04-30,59.89,61.07,59.81,60.35,26107,74746
2009-05-01,60.0,60.76,59.89,60.42,27855,74520
2009-05-04,60.58,61.31,60.5,61.02,47478,75980
2009-05-05,61.26,61.87,61.02,61.61,52092,79108
2009-05-06,61.29,62.07,60.67,61.96,68042,82269
2009-05-07,61.79,63.01,61.71,62.24,51721,82780
2009-05-08,62.55,63.78,62.11,63.66,41909,83635
2009-05-11,63.79,63.84,62.72,62.98,50537,83491
2009-05-12,62.67,63.55,62.57,63.13,66045,84266
2009-05-13,63.3,63.77,62.13,62.4,57155,82653
2009-05-14,62.31,63.06,61.8,62.98,53754,82725
2009-05-15,62.84,63.0,61.88,61.96,41711,80653
2009-05-18,62.05,63.48,61.68,62.87,49796,82712
2009-05-19,63.28,64.45,63.15,64.37,54015,84906
2009-05-20,64.06,64.65,63.64,64.57,54546,88454
2009-05-21,64.06,64.54,63.5,63.66,41327,88993
2009-05-22,64.46,65.16,64.32,64.97,53888,88508
2009-05-26,64.84,65.34,63.79,64.97,52360,89870
2009-05-27,65.17,65.37,64.25,65.0,59166,89576
2009-05-28,64.29,65.2,64.27,65.1,54626,90479
2009-05-29,64.95,66.44,64.88,66.2,64600,89893
2009-06-01,66.52,67.55,66.2,67.14,67157,89074
2009-06-02,67.12,68.21,66.71,67.63,88658,92884
2009-06-03,68.03,68.5,65.73,66.52,103480,91651
2009-06-04,66.3,67.09,65.32,66.51,99055,94999
2009-06-05,66.51,67.35,65.63,65.94,79021,95154
2009-06-08,65.8,66.27,64.94,65.28,86660,96384
2009-06-09,65.49,66.73,65.16,65.95,105450,107637
2009-06-10,66.48,67.5,66.1,66.44,99747,119468
2009-06-11,66.54,68.36,66.52,68.22,69909,132519
2009-06-12,67.97,68.16,66.86,67.42,68273,137658
2009-06-15,67.13,67.23,65.57,65.71,59369,136102
2009-06-16,65.96,66.97,65.21,66.29,74892,135586
2009-06-17,65.77,66.37,65.14,66.0,65254,73080
2009-06-18,65.86,66.88,65.67,66.48,55868,76947
2009-06-19,66.4,67.4,66.28,66.92,70579,80106
2009-06-22,66.84,66.88,64.75,65.47,87507,78434
2009-06-23,65.33,66.28,64.66,66.02,70912,77354
2009-06-24,65.93,66.9,65.75,66.09,69614,81575
2009-06-25,66.18,66.79,65.9,66.62,59312,87817
2009-06-26,66.76,67.19,66.68,67.12,50639,89954
2009-06-29,67.03,67.28,66.32,67.09,64467,90273
2009-06-30,67.09,67.75,66.78,67.08,57718,91088
2009-07-01,66.95,67.39,66.67,67.06,74719,91953
2009-07-02,67.26,67.28,65.94,66.1,73212,90022
2009-07-03,65.78,66.55,65.76,66.1,12324,89933
2009-07-06,65.78,66.55,65.48,65.96,65103,85268
2009-07-07,66.17,66.83,65.53,65.82,103690,86555
2009-07-08,65.64,65.64,64.2,64.83,60053,83617
2009-07-09,64.85,65.41,64.49,65.23,56321,82359
2009-07-10,65.14,65.27,64.35,64.65,62386,82497
2009-07-13,64.81,65.16,64.02,64.96,75195,83406
2009-07-14,65.2,66.21,64.99,65.59,74847,87420
2009-07-15,66.05,67.02,65.92,66.7,65774,93636
2009-07-16,66.79,67.14,66.22,66.79,47327,95265
2009-07-17,66.99,66.99,66.29,66.84,58481,95447
2009-07-20,66.81,68.03,66.75,67.84,66423,97477
2009-07-21,67.85,68.17,67.3,67.74,68288,98399
2009-07-22,68.01,68.36,67.39,68.07,71071,99497
2009-07-23,67.9,68.44,67.49,67.98,51021,101666
2009-07-24,67.68,68.16,67.62,67.99,66880,102520
2009-07-27,68.06,68.77,67.81,68.5,82621,101746
2009-07-28,68.49,69.42,68.26,68.88,94606,103338
2009-07-29,68.83,68.94,67.65,67.66,77940,99925
2009-07-30,68.08,69.04,67.82,68.89,91311,103414
2009-07-31,68.75,69.7,68.62,69.48,74180,103036
2009-08-03,69.57,70.3,69.47,70.01,67666,104549
2009-08-04,70.14,70.56,69.84,70.12,67963,106484
2009-08-05,70.31,70.42,69.65,70.14,71042,106102
2009-08-06,70.08,70.55,69.72,69.83,93416,107388
2009-08-07,69.99,70.45,69.53,69.71,93623,106166
2009-08-10,69.53,70.26,69.41,69.62,61576,106450
2009-08-11,69.8,69.91,68.96,69.18,80103,106711
2009-08-12,69.12,69.78,68.17,69.68,107113,105970
2009-08-13,69.55,70.48,69.43,70.05,81811,105702
2009-08-14,70.19,70.68,68.97,69.05,79204,104959
2009-08-17,69.2,69.32,67.97,68.55,89835,101514
2009-08-18,68.45,69.0,68.32,68.89,65716,100981
2009-08-19,68.91,69.33,68.16,69.09,85697,101710
2009-08-20,69.21,69.5,68.97,69.3,57965,102805
2009-08-21,69.34,70.04,68.52,69.58,80719,105091
2009-08-24,69.88,70.31,69.73,69.93,64228,107419
2009-08-25,69.89,70.36,69.55,69.75,71461,106743
2009-08-26,69.63,69.98,68.84,69.06,90040,103200
2009-08-27,69.03,70.25,68.75,70.13,96825,106190
2009-08-28,70.02,70.7,69.93,70.18,87603,109084
2009-08-31,70.26,70.62,69.59,70.38,88083,107258
2009-09-01,70.45,70.53,68.8,69.01,132298,102865
2009-09-02,69.05,69.9,68.77,69.78,111335,102909
2009-09-03,69.61,70.37,69.44,70.03,80966,101868
2009-09-04,70.11,71.28,69.96,71.01,137600,105930
2009-09-08,71.11,72.21,70.98,71.88,140569,114045
2009-09-09,71.89,72.31,71.44,71.82,125677,126810
2009-09-10,71.95,72.15,71.29,72.0,134961,146015
2009-09-11,72.06,72.4,71.83,72.04,86691,150074
2009-09-14,71.96,72.03,71.29,71.82,65857,103700
2009-09-15,71.97,72.17,71.47,72.0,69515,104779
2009-09-16,72.06,73.03,72.01,72.92,71305,107872
2009-09-17,72.85,73.27,72.53,72.87,75839,108164
2009-09-18,72.77,72.82,72.23,72.52,62995,107256
2009-09-21,72.28,72.49,71.73,72.05,62911,106629
2009-09-22,72.06,73.16,72.04,72.95,60499,110200
2009-09-23,72.95,73.42,72.56,73.01,63367,110719
2009-09-24,72.45,73.26,72.0,72.26,91467,107717
2009-09-25,72.28,72.8,71.9,72.38,88326,102604
2009-09-28,72.37,73.15,71.71,72.71,70922,104300
2009-09-29,72.89,73.21,72.48,72.85,70302,104250
2009-09-30,72.77,73.92,72.75,73.75,100560,107748
2009-10-01,73.77,74.04,72.51,72.75,95682,107331
2009-10-02,72.71,72.82,71.45,71.8,119077,104338
2009-10-05,72.37,73.53,72.27,73.48,61492,106507
2009-10-06,73.39,74.54,73.16,74.31,80331,110710
2009-10-07,74.43,74.8,74.08,74.24,66622,110730
2009-10-08,74.47,75.98,74.39,75.65,84776,112580
2009-10-09,75.77,75.93,75.33,75.67,66245,113472
2009-10-12,75.58,75.91,75.09,75.77,37003,114248
2009-10-13,75.81,76.3,75.49,75.61,85686,119745
2009-10-14,75.99,76.56,75.68,76.41,83378,117489
2009-10-15,76.55,77.15,76.47,76.74,76139,117309
2009-10-16,76.94,77.51,76.26,76.7,96920,116110
2009-10-19,76.53,77.72,76.17,77.58,65147,115636
2009-10-20,77.66,77.87,76.78,77.12,79434,120637
2009-10-21,77.24,78.02,76.88,77.54,93072,116459
2009-10-22,77.49,77.79,76.83,77.5,81820,116325
2009-10-23,77.52,77.77,76.95,77.07,81820,116325
2009-10-26,77.04,77.62,76.33,76.49,96488,114548
2009-10-27,76.7,77.14,76.32,76.66,109113,115339
2009-10-28,76.7,77.03,75.0,75.21,139590,112814
2009-10-29,75.19,76.87,74.85,76.8,110565,114656
2009-10-30,76.69,76.81,75.17,75.39,129914,111685
2009-11-02,74.92,76.38,74.92,75.48,118259,111302
2009-11-03,75.75,76.16,74.66,75.13,120299,114607
2009-11-04,75.59,76.59,75.0,76.49,101145,113208
2009-11-05,76.21,76.43,75.59,76.25,79689,112044
2009-11-06,76.2,77.07,76.17,76.74,108734,113057
2009-11-09,77.13,78.0,77.04,77.86,63486,111420
2009-11-10,77.97,78.12,77.55,77.96,70745,113587
2009-11-11,77.91,78.3,77.69,77.84,91936,120502
2009-11-12,77.96,78.54,77.19,77.32,117252,122891
2009-11-13,77.42,78.33,77.42,78.12,86643,123536
2009-11-16,78.31,78.86,78.1,78.63,78491,122587
2009-11-17,78.48,78.65,77.44,77.83,94047,124027
2009-11-18,78.0,78.3,77.69,77.76,75585,123287
2009-11-19,77.92,77.98,76.59,77.07,111633,123834
2009-11-20,77.12,77.3,76.0,76.67,94334,120594
2009-11-23,76.53,77.86,76.5,77.59,74425,120166
2009-11-24,77.54,77.66,76.61,77.21,87870,118766
2009-11-25,77.23,78.25,77.22,77.83,84815,121468
2009-11-27,78.23,78.23,75.09,76.09,178388,116205
2009-11-30,76.5,77.19,76.35,76.71,110013,117355
2009-12-01,76.99,77.84,76.43,77.73,106760,118047
2009-12-02,77.6,78.05,77.5,77.91,89101,118503
2009-12-03,77.77,78.3,77.54,77.91,89101,118503
2009-12-04,77.59,78.08,76.49,76.52,157236,118823
2009-12-07,76.91,77.18,76.03,76.62,119229,118322
2009-12-08,76.81,77.0,75.76,75.81,165774,125262
2009-12-09,75.94,76.57,75.75,76.17,146080,132046
2009-12-10,76.45,77.25,76.39,77.06,144971,146496
2009-12-11,77.06,77.39,76.4,76.55,104427,149965
2009-12-14,76.54,77.13,76.09,77.04,64891,103758
2009-12-15,76.98,77.04,75.93,76.2,65467,101906
2009-12-16,76.21,76.25,75.3,75.64,86325,101839
2009-12-17,75.71,75.75,74.39,74.6,88897,99444
2009-12-18,74.6,74.97,74.08,74.84,79467,95425
2009-12-21,74.77,74.91,74.06,74.08,47201,94567
2009-12-22,73.97,74.31,73.61,73.79,44389,94188
2009-12-23,73.62,74.21,73.52,74.07,37867,93226
2009-12-24,73.96,74.57,73.95,74.41,14728,93047
2009-12-28,74.37,74.84,74.29,74.66,17385,93281
2009-12-29,74.59,75.72,74.56,75.32,50103,98465
2009-12-30,75.31,75.46,74.97,75.28,32921,97808
2009-12-31,75.32,75.92,75.21,75.66,32678,97959
2010-01-04,75.71,76.97,75.29,76.78,65432,106359
2010-01-05,76.83,77.3,76.59,76.79,68446,108728
2010-01-06,76.81,77.66,76.65,77.59,71737,112145
2010-01-07,77.49,78.1,77.19,77.41,64924,117729
2010-01-08,77.28,77.99,76.89,77.88,83248,122290
2010-01-11,78.21,78.61,78.2,78.45,57625,125431
2010-01-12,78.35,78.46,77.31,77.65,90557,126970
2010-01-13,77.68,78.14,77.47,77.87,80549,127758
2010-01-14,77.88,78.7,77.73,78.56,71848,131436
2010-01-15,78.59,78.59,77.71,77.77,70098,130002
2010-01-19,77.67,78.27,77.39,77.96,97549,133086
2010-01-20,77.91,77.94,76.53,76.6,118667,125955
2010-01-21,76.87,77.18,75.92,76.3,143180,122674
2010-01-22,76.1,76.75,75.81,76.12,110048,116506
2010-01-25,76.14,76.78,76.14,76.39,75901,115492
2010-01-26,76.31,76.7,75.46,76.03,111209,112867
2010-01-27,75.98,76.37,75.23,75.57,124893,108366
2010-01-28,75.69,76.42,75.4,75.58,109825,106304
2010-01-29,75.54,75.7,74.61,74.8,142631,103007
2010-02-01,74.59,75.36,74.23,75.26,102353,97353
2010-02-02,75.4,75.41,74.19,74.81,112994,98426
2010-02-03,74.87,75.35,74.46,74.6,91161,98097
2010-02-04,74.52,74.6,72.74,73.21,155841,97899
2010-02-05,73.24,73.72,72.52,73.03,178036,98567
2010-02-08,73.4,73.65,73.06,73.27,78380,98487
2010-02-09,73.01,74.4,72.95,74.03,132703,99643
2010-02-10,74.29,74.36,73.65,74.15,119142,97081
2010-02-11,74.06,75.47,74.03,75.42,147550,99824
2010-02-12,75.32,75.41,74.32,75.17,137720,96654
2010-02-16,75.09,76.39,74.87,76.24,106604,98449
2010-02-17,76.26,76.48,75.95,76.15,81568,100183
2010-02-18,76.02,76.42,75.54,76.4,87135,102181
2010-02-19,75.54,76.14,75.17,76.04,107557,102822
2010-02-22,76.21,76.41,75.98,76.3,60933,104805
2010-02-23,76.25,76.81,75.18,75.41,140362,108320
2010-02-24,75.53,75.86,75.02,75.53,127828,108407
2010-02-25,75.66,75.84,74.56,75.1,143909,106356
2010-02-26,75.23,76.09,75.08,76.0,115154,109205
2010-03-01,76.05,76.41,75.7,76.32,82246,112690
2010-03-02,76.37,76.77,75.88,76.59,92084,116667
2010-03-03,76.58,77.0,76.34,76.7,93110,119354
2010-03-04,76.76,76.78,76.11,76.32,103760,119805
2010-03-05,76.21,77.09,76.17,76.97,123197,125612
2010-03-08,77.13,77.44,76.98,77.1,119219,126388
2010-03-09,77.1,77.57,76.8,77.45,136382,130808
2010-03-10,77.47,77.97,77.4,77.65,139240,140604
2010-03-11,77.67,77.79,77.28,77.64,137658,157436
2010-03-12,77.6,78.01,77.53,77.7,97677,162216
2010-03-15,77.82,77.88,77.16,77.5,66328,125250
2010-03-16,77.55,78.02,77.39,77.84,75282,126301
2010-03-17,78.09,78.54,77.87,78.37,71197,131176
2010-03-18,78.38,78.47,77.93,78.25,69202,136825
2010-03-19,78.12,78.32,77.51,77.76,84808,127431
2010-03-22,77.72,78.0,77.14,77.89,86558,138367
2010-03-23,78.0,78.12,77.59,77.9,69632,142413
2010-03-24,78.05,78.11,77.03,77.18,100320,137896
2010-03-25,77.26,77.66,77.05,77.19,80138,139313
2010-03-26,77.16,77.46,76.48,76.62,109714,127910
2010-03-29,76.88,78.0,76.77,77.81,75425,139660
2010-03-30,77.9,78.32,77.83,78.1,70488,142815
2010-03-31,78.13,78.28,77.63,77.96,94407,140423
2010-04-01,78.0,78.39,77.8,78.16,94407,140423
2010-04-02,78.27,78.37,78.09,78.18,7005,141984
2010-04-05,78.18,78.46,78.14,78.31,29262,139579
2010-04-06,78.34,78.99,77.94,78.87,97294,151605
2010-04-07,78.89,79.08,78.66,78.95,78128,152453
2010-04-08,78.83,79.05,78.47,79.03,67562,153404
2010-04-09,79.02,79.53,78.84,79.31,68647,147316
2010-04-12,79.68,79.96,78.72,79.02,70082,152550
2010-04-13,78.65,79.13,78.5,78.94,58777,154014
2010-04-14,79.06,79.68,78.92,79.56,58459,155105
2010-04-15,79.62,79.74,79.27,79.51,63293,155582
2010-04-16,79.55,79.58,78.6,78.82,127547,149545
2010-04-19,78.44,78.73,77.99,78.5,99238,137939
2010-04-20,78.84,79.42,78.7,79.28,95014,154367
2010-04-21,79.38,79.55,78.87,79.02,71655,151145
2010-04-22,78.96,79.28,78.63,79.08,115360,152032
2010-04-23,78.99,79.1,78.13,78.89,116932,144390
2010-04-26,78.94,79.38,78.89,79.0,62586,145994
2010-04-27,79.03,79.16,77.85,78.07,135058,140472
2010-04-28,78.02,79.0,78.0,78.9,147920,139314
2010-04-29,78.9,79.26,78.66,79.1,84306,143583
2010-04-30,79.13,79.53,78.77,78.89,114146,147244
2010-05-03,78.76,79.11,78.7,79.05,64782,146297
2010-05-04,78.98,79.09,77.46,77.48,171709,136437
2010-05-05,77.52,77.78,76.95,77.22,164765,133463
2010-05-06,77.36,77.61,74.29,75.31,269973,134650
2010-05-07,75.66,76.29,75.13,75.79,264223,126203
2010-05-10,76.74,77.49,76.15,76.94,142181,115027
2010-05-11,77.04,77.1,76.25,76.66,115099,115269
2010-05-12,76.37,76.67,75.89,76.18,100687,115038
2010-05-13,76.41,77.1,76.35,76.71,106787,116163
2010-05-14,76.46,76.64,75.59,75.63,115165,111245
2010-05-17,75.59,75.72,74.19,74.59,153650,114196
2010-05-18,74.96,75.09,73.68,73.84,137052,113271
2010-05-19,73.62,73.81,71.4,71.95,262575,111742
2010-05-20,72.62,72.62,69.66,70.75,250812,114551
2010-05-21,69.51,71.52,69.12,70.63,210542,108093
2010-05-24,71.05,71.45,69.97,71.13,116261,107791
2010-05-25,70.54,70.81,68.98,70.05,147835,106473
2010-05-26,70.84,71.76,70.03,70.58,148021,109742
2010-05-27,70.36,72.97,70.31,72.56,148702,110774
2010-05-28,72.76,73.16,72.11,72.37,119224,110400
2010-06-01,72.37,72.86,70.87,71.71,163060,110772
2010-06-02,71.09,72.1,70.83,71.59,108340,107263
2010-06-03,72.07,72.97,71.6,72.17,108140,105567
2010-06-04,72.13,72.58,70.3,70.32,137337,106980
2010-06-07,70.51,70.51,69.32,69.71,144057,106094
2010-06-08,69.33,70.95,69.28,70.33,183058,108956
2010-06-09,70.81,71.61,70.19,70.86,133136,101103
2010-06-10,70.9,72.9,70.83,72.71,182371,102262
2010-06-11,72.73,72.91,72.19,72.71,108848,104002
2010-06-14,72.98,74.26,72.92,73.81,86333,56435
2010-06-15,73.56,74.22,72.89,74.05,84372,57653
2010-06-16,74.13,74.36,73.54,74.15,77793,58465
2010-06-17,73.91,74.51,73.59,74.3,88986,58227
2010-06-18,74.39,74.86,74.18,74.61,57146,57522
2010-06-21,75.5,75.97,75.04,75.24,88974,58995
2010-06-22,75.1,75.78,74.71,74.92,100482,60281
2010-06-23,74.78,75.34,74.3,74.95,134655,59482
2010-06-24,74.98,75.27,74.15,74.54,93381,59990
2010-06-25,74.36,75.17,73.76,75.07,102678,57759
2010-06-28,75.06,75.35,74.73,74.93,67602,57023
2010-06-29,74.83,74.85,72.69,73.05,138272,59769
2010-06-30,72.92,73.55,72.14,72.52,126112,64944
2010-07-01,72.22,72.58,71.42,72.18,169246,64038
2010-07-02,72.81,73.1,72.16,72.33,106717,64971
2010-07-06,72.26,73.55,71.45,72.99,125048,64394
2010-07-07,73.18,74.44,72.59,74.33,119874,64790
2010-07-08,74.17,75.56,74.12,75.16,111202,67021
2010-07-09,75.33,75.52,75.02,75.29,77822,65659
2010-07-12,75.38,75.46,74.8,75.18,62534,65725
2010-07-13,75.41,76.21,74.65,75.71,99109,68834
2010-07-14,75.96,76.28,75.54,75.81,92538,70287
2010-07-15,76.01,76.12,75.05,75.93,142859,75196
2010-07-16,76.05,76.05,74.67,74.95,109374,72683
2010-07-19,74.61,75.02,74.27,74.9,89736,72687
2010-07-20,74.75,76.11,74.57,75.91,103882,80214
2010-07-21,76.03,76.25,75.41,75.47,95879,83028
2010-07-22,75.46,77.07,75.21,76.91,116516,86599
2010-07-23,76.91,77.23,76.58,77.14,104080,87824
2010-07-26,77.11,77.81,76.88,77.62,73998,89661
2010-07-27,77.68,78.11,77.49,77.64,82686,89235
2010-07-28,77.62,77.73,76.72,76.83,93055,87444
2010-07-29,76.8,77.93,76.78,77.69,95575,89836
2010-07-30,77.63,78.14,77.26,77.85,106133,91066
2010-08-02,78.08,78.83,77.95,78.66,70205,96273
2010-08-03,78.68,78.88,78.17,78.81,78607,99085
2010-08-04,78.67,79.17,78.4,79.11,87851,102205
2010-08-05,79.01,79.11,78.61,78.87,67315,106125
2010-08-06,78.96,79.53,78.79,79.2,108430,105440
2010-08-09,79.24,79.41,78.95,79.07,49012,111998
2010-08-10,79.02,79.09,78.14,78.85,102317,118185
2010-08-11,78.81,78.85,77.36,77.49,113453,112330
2010-08-12,77.18,77.78,76.93,77.15,114863,117078
2010-08-13,77.34,77.98,76.99,77.09,87595,119935
2010-08-16,77.09,77.65,76.47,77.37,99701,119374
2010-08-17,77.46,78.4,77.23,78.25,90702,121245
2010-08-18,78.17,78.23,77.47,77.63,97436,119866
2010-08-19,77.57,77.89,76.91,77.01,109079,118140
2010-08-20,77.04,77.22,76.37,77.05,98881,114402
2010-08-23,76.66,77.61,76.61,77.17,83726,114915
2010-08-24,76.96,76.98,76.01,76.34,121829,109828
2010-08-25,76.22,76.87,75.72,76.24,110020,108945
2010-08-26,76.51,77.1,76.33,76.54,92948,108434
2010-08-27,76.59,77.82,76.46,77.72,111480,108501
2010-08-30,77.95,78.11,77.1,77.29,62154,102841
2010-08-31,77.1,77.44,76.62,76.8,107478,104825
2010-09-01,77.17,78.85,77.08,78.57,121024,103297
2010-09-02,78.8,78.92,78.35,78.8,75275,114086
2010-09-03,78.81,79.39,78.45,79.31,100161,116499
2010-09-07,79.26,79.46,78.69,78.94,136432,128346
2010-09-08,78.83,79.58,78.75,79.45,163969,148821
2010-09-09,79.52,80.37,79.25,80.04,162653,168467
2010-09-10,79.91,80.25,79.69,80.2,86526,168976
2010-09-13,80.48,81.07,80.43,80.94,56010,116260
2010-09-14,80.96,81.91,80.66,81.8,80506,120308
2010-09-15,81.29,81.68,80.92,81.3,79126,123832
2010-09-16,81.23,81.42,80.82,81.05,80410,125969
2010-09-17,81.12,82.08,81.03,81.26,71380,126902
2010-09-20,81.24,82.28,81.13,82.11,64473,128944
2010-09-21,81.97,82.89,81.82,82.64,73503,127764
2010-09-22,82.65,83.2,82.41,82.89,79245,129345
2010-09-23,82.84,83.0,82.08,82.55,83002,130937
2010-09-24,82.29,83.38,82.06,83.12,73691,133195
2010-09-27,83.28,83.63,83.01,83.56,59862,134663
2010-09-28,83.32,84.01,82.9,83.83,81106,137646
2010-09-29,83.9,84.41,83.78,84.21,73816,138400
2010-09-30,84.03,84.48,83.52,83.92,114958,137530
2010-10-01,83.85,84.63,83.64,84.36,91930,140487
2010-10-04,84.41,84.44,83.77,83.94,65209,138793
2010-10-05,83.95,84.46,82.85,84.33,119054,139447
2010-10-06,84.35,85.03,84.18,84.83,75199,140162
2010-10-07,84.87,86.15,84.77,85.24,105641,139926
2010-10-08,85.26,85.77,84.33,85.68,123630,135956
2010-10-11,86.0,86.08,85.34,85.65,43779,137503
2010-10-12,85.47,85.84,84.88,85.7,83364,138537
2010-10-13,85.68,86.36,85.46,86.2,64376,138344
2010-10-14,86.07,86.88,86.03,86.15,84688,136018
2010-10-15,86.36,86.99,85.74,85.93,122191,135645
2010-10-18,86.05,86.49,85.23,86.38,85676,136255
2010-10-19,86.11,86.67,84.02,84.28,175682,133257
2010-10-20,84.46,86.03,84.04,85.78,123543,133866
2010-10-21,85.84,86.07,84.76,85.08,116572,131783
2010-10-22,85.18,85.76,84.9,85.28,72376,129184
2010-10-25,85.73,86.81,85.5,86.36,83227,129156
2010-10-26,86.15,86.4,85.42,85.61,85724,128470
2010-10-27,85.87,85.87,84.0,84.45,127665,122053
2010-10-28,84.66,85.52,84.65,85.17,87967,120991
2010-10-29,85.2,85.71,84.29,85.29,88492,119701
2010-11-01,85.8,86.37,85.48,85.82,74360,121117
2010-11-02,86.01,87.32,85.94,87.04,84965,125968
2010-11-03,87.0,87.68,86.15,87.14,120945,127357
2010-11-04,87.65,88.69,87.31,88.47,85651,126985
2010-11-05,88.46,88.75,87.9,88.42,85651,126936
2010-11-08,88.42,88.61,87.85,88.37,74403,126559
2010-11-09,88.25,88.71,87.16,87.92,113693,130206
2010-11-10,87.42,87.82,86.98,87.72,122804,130548
2010-11-11,87.49,88.26,86.83,86.93,95683,128337
2010-11-12,87.0,87.28,85.7,85.97,148063,128562
2010-11-15,86.15,86.55,85.6,86.2,95735,127276
2010-11-16,85.94,86.31,84.84,85.19,132454,121110
2010-11-17,85.2,85.83,84.88,85.47,102412,117027
2010-11-18,85.6,86.48,85.52,86.37,76944,119282
2010-11-19,86.42,86.54,85.66,86.06,84772,116912
2010-11-22,86.33,86.93,85.77,86.15,97473,115906
2010-11-23,86.27,86.31,84.78,84.86,130840,117998
2010-11-24,85.01,86.06,84.98,85.72,90769,119124
2010-11-26,85.82,86.06,83.99,84.26,103610,118897
2010-11-29,84.54,84.77,83.6,84.15,112102,117562
2010-11-30,84.09,84.44,83.41,83.95,137858,117302
2010-12-01,83.8,84.78,83.35,84.66,120095,117467
2010-12-02,84.57,85.53,84.15,85.37,120953,116382
2010-12-03,85.43,86.94,85.18,86.65,134760,121559
2010-12-06,86.8,86.86,86.15,86.67,111970,122745
2010-12-07,86.57,87.2,85.91,86.22,129336,127012
2010-12-08,85.99,86.22,85.32,85.75,180051,138965
2010-12-09,85.7,86.53,85.58,86.04,152075,150353
2010-12-10,86.14,86.64,86.03,86.25,82441,152861
2010-12-13,86.15,87.42,86.09,87.3,68082,108590
2010-12-14,87.12,87.82,87.06,87.54,85077,113584
2010-12-15,87.46,87.46,86.17,86.21,95605,113955
2010-12-16,86.44,86.8,86.12,86.46,68562,115964
2010-12-17,86.71,86.98,86.22,86.63,67969,110701
2010-12-20,86.49,87.2,86.43,87.12,58160,112487
2010-12-21,87.01,87.59,86.9,87.31,48628,115007
2010-12-22,87.41,87.76,87.22,87.63,47749,116836
2010-12-23,87.63,88.3,87.58,88.13,46632,120766
2010-12-27,87.85,88.22,87.31,88.06,26135,119539
2010-12-28,88.16,89.06,88.08,88.56,44716,124005
2010-12-29,88.52,89.34,88.49,89.27,40189,125009
2010-12-30,89.26,89.51,88.81,89.15,42153,124028
2010-12-31,89.27,90.04,89.11,89.8,27576,123815
2011-01-03,89.72,89.77,89.12,89.46,58711,123511
2011-01-04,89.2,89.3,88.04,88.24,104163,121562
2011-01-05,88.32,88.47,87.46,87.78,115282,119103
2011-01-06,87.79,87.98,87.24,87.32,99472,118587
2011-01-07,87.38,87.8,87.03,87.44,115435,118927
2011-01-10,87.4,87.71,86.84,87.54,90089,114366
2011-01-11,87.32,87.44,86.29,86.71,118860,113920
2011-01-12,86.41,87.6,86.22,87.57,108825,115169
2011-01-13,87.56,88.09,87.18,87.71,101532,115225
2011-01-14,87.82,87.85,86.64,87.0,102812,113913
2011-01-18,87.08,88.0,86.72,87.81,112197,114314
2011-01-19,87.81,88.63,87.63,87.92,100993,114948
2011-01-20,87.82,87.86,86.51,86.93,142981,113169
2011-01-21,86.83,87.28,86.59,87.08,81047,112884
2011-01-24,87.02,88.23,86.82,87.85,81433,117028
2011-01-25,87.77,87.99,87.06,87.38,121265,113570
2011-01-26,87.71,88.02,87.41,87.69,74041,114359
2011-01-27,87.86,88.08,86.96,87.43,110339,112295
2011-01-28,87.35,87.99,87.05,87.54,115285,114849
2011-01-31,87.15,88.0,86.89,87.86,90855,112459
2011-02-01,87.77,89.41,87.77,89.17,121368,120991
2011-02-02,89.03,89.3,88.61,88.85,72526,124579
2011-02-03,89.0,89.59,88.88,89.44,94306,131195
2011-02-04,89.52,89.94,89.13,89.37,92684,136954
2011-02-07,89.41,89.6,89.09,89.42,59440,136774
2011-02-08,89.39,89.86,89.19,89.52,96571,135334
2011-02-09,89.46,89.54,88.96,89.05,87866,132280
2011-02-10,89.22,89.46,88.3,88.57,104317,129562
2011-02-11,88.33,88.54,87.89,88.39,83070,125198
2011-02-14,88.31,88.91,88.27,88.51,69282,126428
2011-02-15,88.47,88.78,87.77,87.94,93270,122473
2011-02-16,88.04,88.78,87.93,88.66,101449,121231
2011-02-17,88.47,89.47,88.47,89.41,93223,127994
2011-02-18,89.29,89.71,89.09,89.58,67674,129751
2011-02-22,89.58,89.67,88.04,88.11,153552,125341
2011-02-23,88.26,88.88,88.18,88.47,105398,123574
2011-02-24,88.66,89.47,88.39,89.24,118354,122392
2011-02-25,89.24,90.01,89.19,89.95,79374,129771
2011-02-28,89.77,90.11,89.47,90.09,78881,132916
2011-03-01,90.06,90.22,89.51,89.63,93879,135527
2011-03-02,89.63,90.03,89.16,89.9,95247,136799
2011-03-03,89.93,90.14,89.57,89.79,91970,139004
2011-03-04,89.62,89.79,89.13,89.62,111488,141072
2011-03-07,89.78,90.11,89.29,89.48,127716,145749
2011-03-08,89.55,89.67,88.96,89.43,144449,152865
2011-03-09,89.44,89.67,89.04,89.47,159898,166810
2011-03-10,89.47,89.57,88.44,88.56,213657,175898
2011-03-11,88.69,89.96,88.26,89.82,186887,188699
2011-03-14,89.57,89.72,88.96,89.29,85302,116054
2011-03-15,89.41,89.52,86.95,87.73,241579,100326
2011-03-16,87.65,88.27,86.47,87.12,199143,96053
2011-03-17,86.31,87.5,86.04,86.9,143383,94065
2011-03-18,86.97,88.44,86.67,88.27,133345,96081
2011-03-21,88.29,89.26,88.21,89.16,87441,95923
2011-03-22,89.2,89.8,88.98,89.7,79721,101180
2011-03-23,89.66,90.06,89.23,89.99,95881,111332
2011-03-24,89.89,90.74,89.7,90.68,109594,125072
2011-03-25,90.55,91.31,90.37,90.96,91425,130420
2011-03-28,90.89,91.53,90.8,91.15,69665,134854
2011-03-29,90.9,91.36,90.54,91.3,74365,138638
2011-03-30,91.27,91.73,91.13,91.63,67636,142764
2011-03-31,91.61,92.08,91.52,92.01,75152,143129
2011-04-01,91.74,92.3,91.57,92.22,94722,146343
2011-04-04,92.26,92.49,91.77,91.96,55135,144805
2011-04-05,92.05,92.08,91.36,91.83,89431,146108
2011-04-06,91.7,92.82,91.62,92.7,81506,148793
2011-04-07,92.68,93.35,92.5,92.85,101233,151600
2011-04-08,92.98,94.04,92.87,93.48,72876,151423
2011-04-11,93.76,94.03,93.16,93.28,59920,149831
2011-04-12,93.25,93.51,92.34,93.06,121433,149033
2011-04-13,92.8,93.68,92.69,93.31,90456,148310
2011-04-14,93.31,93.81,92.99,93.72,87864,148179
2011-04-15,93.72,94.08,93.47,93.99,66257,146979
2011-04-18,93.86,94.03,92.97,93.52,118205,147976
2011-04-19,93.42,93.7,92.89,93.57,85623,143732
2011-04-20,93.67,95.39,93.62,94.97,94221,147347
2011-04-21,95.26,95.92,95.05,95.66,73876,145150
2011-04-25,95.75,95.95,95.11,95.45,40232,143498
2011-04-26,95.48,96.08,95.05,95.94,84924,143468
2011-04-27,96.05,96.86,95.84,96.58,85561,142106
2011-04-28,96.7,97.5,96.66,97.16,97042,139565
2011-04-29,97.33,97.8,96.94,97.74,78904,141688
2011-05-02,97.76,98.11,97.29,97.64,84186,143559
2011-05-03,97.46,97.59,96.58,96.6,115334,142328
2011-05-04,96.59,96.94,95.61,95.82,136063,141553
2011-05-05,95.74,96.03,93.93,94.32,165053,135918
2011-05-06,94.49,96.32,94.48,95.14,197711,138377
2011-05-09,95.49,96.42,95.23,96.0,95777,130566
2011-05-10,96.2,96.76,95.74,96.56,82630,128314
2011-05-11,96.67,97.12,95.11,95.29,144174,123941
2011-05-12,95.5,95.59,94.28,95.07,160609,121995
2011-05-13,95.2,95.64,93.85,94.43,143119,117850
2011-05-16,94.33,95.0,93.8,94.57,113538,115115
2011-05-17,94.35,94.9,93.76,94.79,121020,115090
2011-05-18,94.8,95.22,94.35,94.74,103376,113706
2011-05-19,94.93,95.39,94.61,95.21,104896,114751
2011-05-20,95.24,95.67,94.77,95.54,106499,118058
2011-05-23,95.14,95.15,93.6,94.02,144372,115936
2011-05-24,93.89,94.54,93.61,94.35,90475,110968
2011-05-25,94.33,94.36,93.27,94.02,133245,111044
2011-05-26,94.09,95.21,93.95,95.1,108566,112919
2011-05-27,95.07,95.82,94.83,95.74,93438,115832
2011-05-31,95.78,96.19,95.16,95.35,110825,117502
2011-06-01,95.31,96.17,94.81,95.28,142624,119422
2011-06-02,94.89,95.63,94.71,95.47,130236,118404
2011-06-03,95.47,96.42,94.79,96.02,177446,118218
2011-06-06,95.99,96.36,95.68,95.83,113410,123071
2011-06-07,96.02,96.25,95.51,96.08,156750,145346
2011-06-08,95.97,95.99,94.75,95.1,182833,161084
2011-06-09,95.13,95.5,94.59,95.32,169069,172561
2011-06-10,95.15,95.42,94.27,94.66,151917,167262
2011-06-13,94.38,95.28,94.27,95.15,86979,109260
2011-06-14,95.04,95.98,94.67,95.81,105919,115119
2011-06-15,95.69,95.99,94.36,94.48,145827,105124
2011-06-16,94.68,94.91,93.91,94.15,164316,99024
2011-06-17,94.72,95.34,94.15,95.15,111431,98982
2011-06-20,95.07,95.19,94.11,94.81,90689,97370
2011-06-21,94.86,95.23,94.44,95.15,82372,100079
2011-06-22,95.03,95.52,94.74,94.99,93897,106701
2011-06-23,94.83,94.85,93.78,94.18,164150,99913
2011-06-24,94.52,95.13,94.08,94.16,121620,100503
2011-06-27,94.06,94.13,93.24,93.56,123500,95096
2011-06-28,93.79,94.65,93.66,94.59,98581,93784
2011-06-29,94.54,95.93,94.43,95.81,141540,103930
2011-06-30,95.8,96.55,95.79,96.37,99451,112213
2011-07-01,96.19,96.9,95.85,96.87,95359,119294
2011-07-05,96.76,96.87,95.79,96.04,105214,121626
2011-07-06,96.04,96.43,95.7,95.98,93703,122940
2011-07-07,96.11,96.89,96.03,96.84,98916,128399
2011-07-08,96.83,96.97,96.2,96.56,114186,128551
2011-07-11,96.44,96.47,95.55,95.69,110436,126269
2011-07-12,95.84,95.88,94.63,95.58,172744,120703
2011-07-13,95.26,96.93,95.15,96.72,140370,126607
2011-07-14,96.85,97.03,96.18,96.34,122264,125018
2011-07-15,96.45,96.68,95.52,95.59,110791,123698
2011-07-18,95.76,95.87,95.01,95.37,94981,123858
2011-07-19,95.46,96.67,95.41,96.51,116979,128712
2011-07-20,96.51,96.84,96.39,96.67,84910,127774
2011-07-21,96.72,97.74,96.27,97.61,121912,131358
2011-07-22,97.55,97.91,97.42,97.78,79678,132235
2011-07-25,97.72,97.94,97.19,97.78,81045,132758
2011-07-26,97.69,98.8,97.46,98.72,89386,135764
2011-07-27,98.65,99.8,98.49,99.19,117303,135628
2011-07-28,99.32,99.8,98.91,99.02,87296,133508
2011-07-29,99.17,99.32,98.32,99.13,125362,131225
2011-08-01,99.09,99.72,98.43,98.73,126496,132478
2011-08-02,98.85,99.21,97.16,97.47,137566,133930
2011-08-03,97.21,97.25,96.28,96.8,179162,130668
2011-08-04,97.11,97.22,94.3,94.66,216381,127371
2011-08-05,94.28,94.96,93.58,94.43,280915,122179
2011-08-08,94.3,94.3,91.83,92.11,240394,111017
2011-08-09,91.9,93.66,89.52,90.97,305198,104527
2011-08-10,93.78,93.8,91.74,92.57,208495,103624
2011-08-11,91.72,93.52,91.26,93.02,216203,105436
2011-08-12,93.37,93.57,92.48,93.5,148241,103574
2011-08-15,93.66,94.91,93.55,94.86,93237,101477
2011-08-16,94.9,94.91,93.96,94.49,112407,103162
2011-08-17,94.55,95.74,94.22,95.38,98349,105806
2011-08-18,95.18,95.39,93.52,93.72,131728,108744
2011-08-19,93.8,94.71,93.19,93.88,134041,108200
2011-08-22,93.87,94.64,93.63,94.19,81713,107981
2011-08-23,93.95,95.2,93.86,94.94,94047,112068
2011-08-24,95.14,95.16,94.43,94.58,88041,112852
2011-08-25,94.62,95.07,94.25,94.32,114613,115990
2011-08-26,94.32,95.8,94.23,95.49,128724,116781
2011-08-29,95.56,96.43,95.53,96.22,65698,117214
2011-08-30,96.47,96.98,96.08,96.9,84372,120394
2011-08-31,96.6,96.99,96.37,96.73,82236,122241
2011-09-01,96.76,97.45,96.47,97.25,102403,127591
2011-09-02,97.06,97.16,96.18,96.3,104050,125900
2011-09-06,95.98,96.23,94.86,94.96,222211,131598
2011-09-07,95.0,96.57,94.91,96.42,92665,132231
2011-09-08,96.54,96.56,95.7,95.84,118547,130407
2011-09-09,95.85,96.34,94.39,94.58,156765,135207
2011-09-12,94.57,94.6,92.96,93.02,172335,127403
2011-09-13,93.8,94.06,93.02,93.58,159775,125386
2011-09-14,93.45,94.02,92.28,92.94,213680,125441
2011-09-15,93.05,93.84,92.33,93.61,185282,128313
2011-09-16,93.69,94.28,93.33,94.1,107927,128294
2011-09-19,93.38,93.55,92.18,92.3,118918,78846
2011-09-20,92.63,93.52,92.05,93.18,123253,78616
2011-09-21,93.11,93.35,90.98,91.89,152162,81542
2011-09-22,91.18,91.43,87.91,88.14,246524,81759
2011-09-23,88.42,89.54,87.73,88.33,220223,82205
2011-09-26,88.79,89.28,87.31,88.54,166191,83527
2011-09-27,89.3,90.64,88.73,90.43,155516,82580
2011-09-28,89.91,90.37,88.73,89.16,138512,89247
2011-09-29,88.58,89.72,88.11,88.31,143487,88452
2011-09-30,88.75,89.1,87.72,88.11,133817,90203
2011-10-03,87.9,88.11,86.49,86.93,168701,100620
2011-10-04,86.56,87.18,85.27,85.46,234370,100016
2011-10-05,86.81,87.81,86.2,87.69,166968,105005
2011-10-06,87.77,88.77,87.45,88.69,202566,106685
2011-10-07,88.48,89.79,88.43,88.92,171730,112315
2011-10-10,88.74,91.03,88.66,91.01,104226,113759
2011-10-11,90.84,90.95,90.05,90.78,123515,118182
2011-10-12,90.59,92.8,89.69,92.62,169323,119473
2011-10-13,92.18,93.09,91.86,92.77,151700,121596
2011-10-14,92.65,94.15,92.27,94.04,135396,124079
2011-10-17,93.95,94.35,92.49,92.79,127644,122842
2011-10-18,92.51,93.95,92.05,93.18,161501,121691
2011-10-19,93.39,94.2,92.85,93.02,125659,120606
2011-10-20,93.16,93.77,92.36,93.36,207042,121900
2011-10-21,93.09,94.55,92.88,94.1,139581,122135
2011-10-24,94.06,95.6,93.77,95.48,115734,122735
2011-10-25,95.3,95.6,94.67,95.27,164995,126816
2011-10-26,95.0,95.04,94.0,94.63,150928,125556
2011-10-27,94.74,97.97,94.65,97.7,186726,131868
2011-10-28,97.65,97.79,97.09,97.62,105701,132734
2011-10-31,97.6,97.64,95.75,96.54,129131,131738
2011-11-01,96.08,96.32,93.61,94.3,193874,139057
2011-11-02,94.15,95.07,93.72,94.26,136846,141104
2011-11-03,94.24,95.27,93.05,94.99,196528,142908
2011-11-04,94.88,95.22,94.07,94.82,110318,148008
2011-11-07,94.94,95.14,93.73,94.67,102401,148582
2011-11-08,94.68,94.93,93.8,94.8,94097,147684
2011-11-09,94.78,94.91,92.53,92.61,157829,145090
2011-11-10,92.41,93.18,91.74,92.45,145827,142146
2011-11-11,92.68,94.06,92.24,93.91,84217,140622
2011-11-14,94.13,94.41,92.75,92.85,90190,137864
2011-11-15,93.15,93.38,92.32,93.06,92274,136465
2011-11-16,92.87,93.0,91.85,92.68,111531,135774
2011-11-17,92.02,92.42,91.09,91.19,145812,134190
2011-11-18,91.37,92.34,91.03,91.41,114747,133548
2011-11-21,91.34,91.35,89.62,89.84,124919,130734
2011-11-22,89.88,90.47,89.67,89.91,117068,128192
2011-11-23,89.95,90.08,88.31,88.48,149382,135153
2011-11-25,88.55,89.47,88.39,88.71,117401,136579
2011-11-28,89.64,91.22,89.61,90.41,118147,132797
2011-11-29,90.53,92.18,90.2,91.68,150966,124760
2011-11-30,91.79,94.56,90.95,93.86,206299,128754
2011-12-01,93.97,93.99,92.88,93.69,137221,132211
2011-12-02,93.51,94.5,93.3,93.62,117960,134959
2011-12-05,93.65,94.31,93.35,94.09,120974,140453
2011-12-06,93.93,94.0,92.96,93.93,102406,142807
2011-12-07,93.74,94.35,93.69,94.11,111655,145481
2011-12-08,94.2,95.06,92.91,93.14,185291,148714
2011-12-09,93.13,93.65,92.05,93.57,156463,153331
2011-12-12,93.39,93.51,92.06,92.18,125518,151800
2011-12-13,92.21,93.11,91.43,91.84,190449,153296
2011-12-14,91.7,92.03,90.55,90.65,187382,149918
2011-12-15,90.79,91.56,90.37,90.87,161184,144585
2011-12-16,90.99,91.92,90.92,91.27,125263,142833
2011-12-19,91.28,91.44,90.57,90.91,80427,104359
2011-12-20,90.69,92.54,90.69,92.26,96934,104817
2011-12-21,92.29,93.68,92.14,92.38,107056,105171
2011-12-22,92.55,93.09,92.28,92.95,61276,106529
2011-12-23,92.91,93.42,92.89,93.28,33560,107923
2011-12-27,93.22,93.37,93.07,93.35,21265,111210
2011-12-28,93.02,93.63,92.4,92.6,54877,109848
2011-12-29,92.63,93.16,92.18,92.96,53713,109098
2011-12-30,93.01,94.28,92.95,94.17,68197,109098
2012-01-03,94.76,95.82,94.76,95.35,90081,117247
2012-01-04,95.21,95.26,94.62,95.19,121450,121337
2012-01-05,95.17,95.19,93.98,94.3,94860,120274
2012-01-06,94.2,94.38,93.67,94.02,83709,120907
2012-01-09,93.76,94.23,93.18,94.0,93126,121517
2012-01-10,94.11,95.11,94.07,94.89,89392,125914
2012-01-11,94.7,94.91,94.3,94.68,117460,128383
2012-01-12,94.71,95.41,94.55,94.99,125040,129622
2012-01-13,94.95,95.3,94.05,94.64,156050,129622
2012-01-17,94.64,96.08,94.26,95.36,126630,135321
2012-01-18,95.37,95.92,95.24,95.8,98542,136589
2012-01-19,95.8,95.97,95.39,95.67,121400,137118
2012-01-20,95.82,96.49,95.5,96.37,101830,139682
2012-01-23,96.33,97.29,96.21,96.91,117420,138991
2012-01-24,96.84,96.92,95.96,96.48,152370,139724
2012-01-25,96.51,97.77,96.15,97.49,116340,144246
2012-01-26,97.52,98.4,97.47,97.81,118670,147612
2012-01-27,97.82,98.24,97.53,98.07,114340,151218
2012-01-30,97.92,98.11,96.92,97.57,135980,147293
2012-01-31,97.56,98.41,97.41,97.78,134300,150115
2012-02-01,97.85,98.93,97.35,98.52,106950,150836
2012-02-02,98.64,99.11,98.39,98.67,124840,149559
2012-02-03,98.63,99.47,98.32,99.39,88522,148073
2012-02-06,99.18,99.18,98.44,98.9,117010,147702
2012-02-07,98.79,99.73,98.63,99.45,98090,148879
2012-02-08,99.56,99.94,99.24,99.49,116110,150402
2012-02-09,99.45,99.8,99.0,99.48,110900,153866
2012-02-10,99.44,99.47,98.08,98.31,88718,151128
2012-02-13,98.79,99.4,98.54,99.09,130600,153828
2012-02-14,98.89,98.99,98.03,98.1,151590,151885
2012-02-15,98.62,99.41,98.41,98.56,149160,152040
2012-02-16,98.59,99.43,98.24,99.27,102070,153623
2012-02-17,99.18,99.66,98.63,98.91,163700,153623
2012-02-21,99.41,99.83,98.33,98.49,119460,149840
2012-02-22,98.32,98.65,97.89,98.26,117670,150227
2012-02-23,98.18,98.95,97.85,98.65,98423,153973
2012-02-24,99.1,99.32,98.71,98.83,116090,154361
2012-02-27,98.92,99.6,98.37,99.38,89294,157720
2012-02-28,99.3,99.64,99.11,99.34,176650,161219
2012-02-29,99.49,100.29,99.0,99.43,119580,164971
2012-03-01,99.15,99.92,99.11,99.74,99238,167787
2012-03-02,99.9,99.98,99.14,99.24,124450,172162
2012-03-05,99.19,99.28,98.5,98.61,174480,168595
2012-03-06,98.63,98.83,97.29,97.3,142850,164007
2012-03-07,97.54,97.93,97.17,97.77,165400,164108
2012-03-08,97.89,98.67,97.42,98.57,168560,185835
2012-03-09,98.46,98.63,97.71,97.8,165280,198175
2012-03-12,97.74,97.83,96.9,97.13,195760,202384
2012-03-13,97.28,97.72,97.01,97.22,227680,200719
2012-03-14,97.55,97.68,96.48,96.64,223580,204324
2012-03-15,96.7,97.71,96.48,97.61,130670,222135
2012-03-16,97.45,98.1,97.28,98.0,104220,211826
2012-03-19,98.11,98.49,97.74,98.32,147405,224178
2012-03-20,98.25,98.38,96.82,96.97,133220,160387
2012-03-21,97.0,97.5,96.5,96.71,151250,153333
2012-03-22,96.8,97.12,95.75,96.12,122240,150409
2012-03-23,96.25,97.13,96.09,96.92,117870,146895
2012-03-26,97.01,97.74,96.62,97.56,100150,145822
2012-03-27,97.7,97.85,96.94,97.17,138840,147373
2012-03-28,96.93,96.96,95.98,96.21,128351,152333
2012-03-29,96.33,96.48,95.54,96.05,94272,151518
2012-03-30,96.25,96.6,95.97,96.06,111540,150466
2012-04-02,96.86,96.94,96.14,96.84,145410,149844
2012-04-03,96.53,97.09,95.53,95.58,139990,151825
2012-04-04,95.84,95.89,95.06,95.19,107280,153883
2012-04-05,95.26,95.82,95.16,95.51,21782,153521
2012-04-06,95.63,95.95,95.32,95.72,51309,154145
2012-04-09,95.55,95.91,95.19,95.87,132270,152354
2012-04-10,95.73,96.14,95.13,95.19,111770,154070
2012-04-11,95.19,95.94,94.94,95.59,155640,150642
2012-04-12,95.64,97.06,95.64,96.98,137300,150464
2012-04-13,96.92,97.09,96.19,96.45,118140,153451
2012-04-16,96.3,96.43,95.77,96.24,108690,148997
2012-04-17,96.21,96.79,95.74,96.75,102130,148796
2012-04-18,96.59,96.78,96.08,96.26,139410,147701
2012-04-19,96.26,96.59,95.86,96.0,101170,148499
2012-04-20,96.06,96.53,95.84,96.4,132300,149785
2012-04-23,96.43,96.55,95.5,95.82,121770,148423
2012-04-24,95.97,96.02,95.24,95.66,111780,146739
2012-04-25,95.98,96.36,95.86,96.3,115460,147061
2012-04-26,96.39,96.76,96.3,96.75,131910,149547
2012-04-27,96.5,97.49,96.34,97.43,90053,154087
2012-04-30,97.3,97.44,96.83,96.98,105230,153505
2012-05-01,97.06,97.2,95.92,96.21,106757,147749
2012-05-02,96.21,96.4,95.74,96.14,134590,149001
2012-05-03,96.16,96.18,95.35,95.49,156820,151820
2012-05-04,95.62,95.73,94.81,94.85,107610,153747
2012-05-07,94.66,95.19,94.15,95.06,151770,154351
2012-05-08,95.05,95.19,93.98,94.31,170610,152108
2012-05-09,94.19,94.24,93.36,93.74,145370,149639
2012-05-10,93.6,94.53,93.56,94.1,141910,147769
2012-05-11,93.78,93.97,93.37,93.45,130750,148410
2012-05-14,93.25,93.55,92.81,92.92,151170,144922
2012-05-15,92.85,93.36,92.48,92.74,173230,144001
2012-05-16,92.62,92.93,92.02,92.48,156530,141976
2012-05-17,92.44,92.92,92.17,92.59,191520,141683
2012-05-18,92.23,92.32,91.35,91.55,115090,135604
2012-05-21,91.83,92.53,91.44,92.14,152340,135522
2012-05-22,92.45,92.69,91.31,91.82,183589,139963
2012-05-23,91.4,91.44,90.41,90.81,167760,140351
2012-05-24,91.04,91.6,90.66,90.77,116970,138578
2012-05-25,91.17,91.47,90.78,91.24,203350,136873
2012-05-29,91.53,92.41,91.44,91.91,142540,142616
2012-05-30,91.85,91.91,90.62,90.7,174440,148860
2012-05-31,90.68,91.26,90.34,90.99,175467,148860
2012-06-01,90.85,90.9,89.46,90.46,230415,158041
2012-06-04,90.65,91.05,89.95,90.85,145260,156765
2012-06-05,90.82,91.59,90.72,91.02,217410,158833
2012-06-06,91.05,92.77,90.98,92.61,215010,168297
2012-06-07,92.71,93.49,92.3,92.97,158950,181707
2012-06-08,92.51,92.93,91.81,92.59,171790,184923
2012-06-11,93.37,93.53,92.21,92.46,178280,187757
2012-06-12,92.18,93.18,92.08,92.9,219380,195475
2012-06-13,93.06,93.53,92.86,93.2,208200,206766
2012-06-14,92.99,93.84,92.78,93.26,134840,220795
2012-06-15,93.71,94.35,93.46,94.32,152880,220015
2012-06-18,94.7,94.84,94.03,94.67,149492,220428
2012-06-19,94.65,95.41,94.51,95.34,169970,130234
2012-06-20,95.34,95.63,94.76,95.19,182200,125696
2012-06-21,95.28,95.47,93.81,93.98,146310,128716
2012-06-22,94.02,94.29,93.64,94.25,120630,120106
2012-06-25,94.06,94.07,93.29,93.48,126670,121091
2012-06-26,93.67,94.37,93.59,94.29,99740,122384
2012-06-27,94.15,94.43,93.97,94.27,143290,123515
2012-06-28,94.35,94.8,93.57,93.7,144158,123515
2012-06-29,94.02,96.03,93.8,95.88,113500,122002
2012-07-02,96.06,96.24,95.62,96.07,82021,122607
2012-07-03,96.01,96.4,95.79,96.32,182480,125887
2012-07-05,96.27,96.75,95.93,96.4,124310,126777
2012-07-06,96.36,96.38,95.34,95.46,99586,129612
2012-07-09,95.4,95.67,95.13,95.53,119090,127059
2012-07-10,95.63,96.0,95.18,95.44,132590,121235
2012-07-11,95.47,96.33,95.37,95.81,168170,120563
2012-07-12,96.07,96.16,94.67,95.0,136240,125891
2012-07-13,95.01,95.89,94.88,95.83,93019,121021
2012-07-16,96.03,96.18,95.63,96.12,147590,121047
2012-07-17,96.04,96.75,95.96,96.7,119910,122934
2012-07-18,96.64,97.26,96.47,97.07,136500,124391
2012-07-19,97.18,97.96,97.14,97.84,122260,130842
2012-07-20,97.71,97.81,97.18,97.31,151390,132978
2012-07-23,97.19,97.23,96.09,96.3,171770,131331
2012-07-24,96.25,96.8,95.83,95.96,158710,131295
2012-07-25,95.93,96.98,95.47,96.9,173730,132691
2012-07-26,96.76,97.81,96.6,97.58,152070,136308
2012-07-27,97.56,98.43,97.46,98.3,103850,141210
2012-07-30,98.37,98.64,98.08,98.6,116760,142534
2012-07-31,98.49,98.93,98.46,98.7,148050,144498
2012-08-01,98.53,98.97,98.09,98.27,210740,148644
2012-08-02,98.22,99.39,98.02,98.15,147900,150543
2012-08-03,98.26,99.3,98.12,99.14,86785,159453
2012-08-06,99.36,99.49,98.97,99.38,87466,156479
2012-08-07,99.26,99.61,99.08,99.15,106560,162436
2012-08-08,99.17,99.42,98.93,99.26,107480,165968
2012-08-09,99.33,99.74,99.17,99.4,120070,165842
2012-08-10,99.39,99.42,98.64,99.3,90619,168813
2012-08-13,99.25,99.38,98.65,98.81,108120,169382
2012-08-14,98.87,99.08,98.49,98.69,90096,176287
2012-08-15,98.61,98.84,98.28,98.79,93463,183078
2012-08-16,98.75,98.98,98.49,98.93,112560,183723
2012-08-17,98.86,99.0,97.9,98.0,93081,179522
2012-08-20,98.13,98.46,97.98,98.31,112390,188196
2012-08-21,98.2,98.96,98.19,98.57,166880,195293
2012-08-22,98.59,98.93,97.93,98.87,150760,190454
2012-08-23,98.86,99.22,98.18,98.27,135820,191422
2012-08-24,98.23,98.28,97.63,97.94,71404,186698
2012-08-27,98.11,98.12,97.56,97.67,88941,188046
2012-08-28,97.52,97.81,97.36,97.65,87964,190631
2012-08-29,97.57,97.87,97.42,97.53,111060,191669
2012-08-30,97.41,97.43,96.76,96.98,139700,190594
2012-08-31,96.92,97.5,96.77,97.22,169560,190815
2012-09-04,96.97,96.99,96.2,96.32,145540,189241
2012-09-05,96.32,96.35,95.75,96.0,181540,193790
2012-09-06,96.01,97.04,95.77,96.98,179030,210195
2012-09-07,96.88,97.99,96.82,97.93,95297,212182
2012-09-10,97.7,97.85,97.37,97.43,171260,210614
2012-09-11,97.39,98.48,97.29,98.36,238220,218910
2012-09-12,98.31,99.03,98.28,98.55,258730,230510
2012-09-13,98.64,99.65,97.86,99.44,198920,249514
2012-09-14,99.4,100.17,99.27,99.61,99435,252101
2012-09-17,99.56,99.57,98.57,98.63,109860,249812
2012-09-18,98.75,98.9,98.18,98.45,113230,174458
2012-09-19,98.6,99.01,98.27,99.0,129750,176168
2012-09-20,98.8,98.88,97.82,98.55,114740,173556
2012-09-21,98.46,99.27,98.41,98.65,87694,176217
2012-09-24,98.65,98.66,98.02,98.44,109560,173655
2012-09-25,98.41,98.76,97.99,98.19,114920,178886
2012-09-26,98.05,98.06,97.5,97.76,116420,175478
2012-09-27,97.93,98.77,97.88,98.64,127050,174457
2012-09-28,98.65,98.93,97.9,97.95,104940,170847
2012-10-01,97.91,98.26,97.52,98.01,152740,169775
2012-10-02,97.83,97.99,96.83,96.85,129260,162699
2012-10-03,96.97,96.99,96.32,96.38,142380,158598
2012-10-04,96.56,97.09,96.22,96.79,127670,157885
2012-10-05,96.83,97.09,95.94,96.09,92185,159650
2012-10-08,96.08,96.6,95.91,96.58,127620,161758
2012-10-09,96.34,96.86,96.19,96.53,103380,162802
2012-10-10,96.51,97.03,96.26,96.76,112850,160145
2012-10-11,96.66,97.34,96.55,97.04,100210,158591
2012-10-12,97.06,97.31,96.62,96.74,92893,162540
2012-10-15,96.96,97.03,96.49,96.88,105550,162275
2012-10-16,96.98,97.33,96.89,97.13,133730,162167
2012-10-17,97.51,98.29,97.35,98.17,129410,170087
2012-10-18,98.15,98.52,97.99,98.09,106860,170075
2012-10-19,98.13,98.26,97.63,97.76,77814,169915
2012-10-22,97.7,97.86,97.44,97.49,78502,169915
2012-10-23,97.75,97.86,96.88,97.1,136500,168663
2012-10-24,97.2,98.16,97.1,97.93,105730,169515
2012-10-25,97.99,98.44,97.81,98.13,121760,171075
2012-10-26,98.03,98.35,97.58,98.14,51648,175460
2012-10-29,98.18,98.18,97.79,97.88,43872,173920
2012-10-30,97.85,98.35,97.8,98.21,98466,174957
2012-10-31,98.17,98.5,98.05,98.3,102352,176308
2012-11-01,98.28,98.69,98.1,98.52,100058,178879
2012-11-02,98.53,98.72,97.87,97.99,106330,176309
2012-11-05,98.01,98.26,97.92,98.16,69238,175200
2012-11-06,98.27,98.99,98.21,98.89,109250,178421
2012-11-07,98.79,99.31,98.56,98.7,135547,177776
2012-11-08,98.61,99.0,98.47,98.69,124089,180303
2012-11-09,98.6,98.92,98.18,98.51,129605,179757
2012-11-12,98.55,98.98,98.46,98.88,73796,184375
2012-11-13,98.85,99.05,98.57,98.97,111940,183439
2012-11-14,98.92,99.17,98.3,98.44,132069,181408
2012-11-15,98.32,98.51,97.75,97.97,137470,175757
2012-11-16,98.02,98.18,97.57,98.0,131466,173495
2012-11-19,98.18,98.82,98.15,98.75,108095,183952
2012-11-20,98.73,98.9,98.25,98.39,103655,180364
2012-11-21,98.54,98.6,98.07,98.33,78202,176907
2012-11-23,98.37,99.4,98.22,99.32,120147,196306
2012-11-26,99.25,99.34,99.07,99.26,88210,196055
2012-11-27,99.34,99.56,99.05,99.17,102691,196520
2012-11-28,99.14,99.51,98.98,99.45,117248,197330
2012-11-29,99.48,99.51,98.91,99.06,104402,197305
2012-11-30,99.07,99.21,98.77,98.96,104227,197374
2012-12-03,99.03,99.2,98.7,98.92,110212,198478
2012-12-04,99.0,99.58,98.85,99.47,123816,212072
2012-12-05,99.38,99.59,99.17,99.35,132066,216418
2012-12-06,99.31,99.9,99.18,99.5,139735,220406
2012-12-07,99.49,99.72,99.37,99.64,94407,223507
2012-12-10,99.64,99.82,99.45,99.63,108094,225219
2012-12-11,99.63,100.11,99.42,99.98,166342,229394
2012-12-12,100.11,100.62,100.03,100.41,206490,253714
2012-12-13,100.27,100.43,99.91,99.97,251485,264876
2012-12-14,100.06,100.58,99.93,100.42,168609,261537
2012-12-17,100.43,100.71,100.09,100.27,66793,202473
2012-12-18,100.28,100.4,99.99,100.13,76381,204312
2012-12-19,100.04,100.18,99.63,99.79,85776,197852
2012-12-20,99.67,99.88,99.51,99.73,75169,193032
2012-12-21,99.69,99.75,98.89,98.98,95535,178392
2012-12-24,99.05,99.11,98.5,98.61,32079,173118
2012-12-26,98.61,98.83,98.42,98.66,32515,171648
2012-12-27,98.72,98.87,98.46,98.75,55328,171593
2012-12-28,98.69,98.95,98.62,98.7,50258,173444
2012-12-31,98.81,99.08,98.67,98.84,44100,170157
2013-01-02,99.72,100.19,99.71,99.86,78991,179646
2013-01-03,100.01,100.25,99.61,99.76,87485,181250
2013-01-04,99.62,99.88,98.99,99.74,110567,181149
2013-01-07,100.07,100.12,99.69,99.95,77243,183039
2013-01-08,100.06,100.16,99.72,99.96,71249,184083
2013-01-09,100.05,100.35,99.88,100.09,84596,192869
2013-01-10,100.11,100.97,99.97,100.94,122832,206652
2013-01-11,100.9,100.95,100.32,100.39,87026,204631
2013-01-14,100.37,100.79,100.24,100.67,66806,205028
2013-01-15,100.6,100.71,100.29,100.6,74818,203425
2013-01-16,100.64,100.83,100.37,100.73,76358,202691
2013-01-17,100.72,100.73,100.03,100.48,100784,200511
2013-01-18,100.54,100.65,99.95,100.19,81948,198319
2013-01-22,100.13,100.86,100.03,100.74,124759,208776
2013-01-23,100.7,100.75,100.37,100.59,63493,205326
2013-01-24,100.47,100.61,99.61,99.88,112662,194118
2013-01-25,99.74,99.86,99.23,99.32,100167,186574
2013-01-28,99.36,99.49,99.06,99.34,72165,184302
2013-01-29,99.27,99.96,99.26,99.82,86313,183507
2013-01-30,99.84,99.93,99.2,99.32,84109,184966
2013-01-31,99.39,99.73,99.05,99.56,91589,182203
2013-02-01,99.53,99.68,98.86,99.34,112461,181422
2013-02-04,99.47,99.66,99.34,99.57,66912,180895
2013-02-05,99.57,99.9,98.96,99.4,107003,180781
2013-02-06,99.14,99.27,98.27,98.46,122382,172164
2013-02-07,98.44,98.69,98.07,98.15,113011,167520
2013-02-08,98.22,98.79,97.91,98.47,87652,164968
2013-02-11,98.45,98.58,97.87,98.19,62503,163670
2013-02-12,97.97,98.56,97.65,98.37,84381,163745
2013-02-13,98.44,99.04,98.39,98.76,74492,163607
2013-02-14,98.96,99.02,98.63,98.87,69461,162852
2013-02-15,98.99,99.11,98.27,98.32,77338,161986
2013-02-19,98.27,99.06,98.15,98.99,112088,159346
2013-02-20,98.89,99.06,97.81,97.89,129433,158372
2013-02-21,98.0,98.1,97.69,97.8,120149,157789
2013-02-22,98.35,98.84,98.16,98.65,108372,155764
2013-02-25,98.4,98.72,97.98,98.29,121792,155471
2013-02-26,98.09,98.39,97.49,97.82,147859,157363
2013-02-27,97.75,97.94,97.34,97.94,113406,155933
2013-02-28,97.73,98.39,97.51,97.72,102811,153385
2013-03-01,97.72,97.94,97.36,97.47,104681,155299
2013-03-04,97.53,97.61,96.73,97.49,113898,158900
2013-03-05,97.49,98.16,97.48,97.97,99071,157595
2013-03-06,98.07,98.54,97.87,97.97,107243,159223
2013-03-07,97.85,98.44,97.76,98.32,95993,165293
2013-03-08,98.29,98.45,97.69,97.93,150582,161776
2013-03-11,97.76,98.4,97.62,98.27,138226,169982
2013-03-12,98.33,98.9,98.23,98.73,168632,183095
2013-03-13,98.76,98.89,98.39,98.65,135165,188886
2013-03-14,98.6,99.55,98.46,99.36,195954,199988
2013-03-15,99.36,99.71,99.17,99.6,107126,200475
2013-03-18,99.19,99.66,99.02,99.52,86110,157250
2013-03-19,99.57,99.62,99.1,99.25,77952,158807
2013-03-20,99.24,99.64,99.15,99.44,78647,169096
2013-03-21,99.39,100.17,99.24,100.07,107930,178009
2013-03-22,99.93,100.19,99.8,100.02,77012,190194
2013-03-25,100.09,100.38,99.93,100.18,78356,196279
2013-03-26,100.17,100.55,100.07,100.49,66636,202150
2013-03-27,100.42,100.45,99.82,100.08,79628,200468
2013-03-28,100.09,100.23,99.64,99.79,92404,194593
2013-04-01,99.8,99.98,99.54,99.92,37490,195188
2013-04-02,99.89,100.44,99.89,100.12,73703,197264
2013-04-03,100.18,100.61,100.13,100.28,84211,193619
2013-04-04,100.24,100.59,99.56,99.96,135107,184419
2013-04-05,100.02,100.08,99.26,99.58,126502,176821
2013-04-08,99.47,99.96,99.22,99.82,84785,175168
2013-04-09,99.85,100.78,99.77,100.72,115110,186911
2013-04-10,100.56,101.2,100.45,101.1,106030,195553
2013-04-11,101.1,101.51,100.71,101.2,98936,199367
2013-04-12,101.11,101.31,100.52,100.76,90978,201852
2013-04-15,100.75,100.96,98.7,99.0,212824,178690
2013-04-16,98.93,99.75,98.9,99.6,152924,169445
2013-04-17,99.65,99.74,98.6,98.75,143203,168821
2013-04-18,98.9,99.21,98.55,98.67,121930,164652
2013-04-19,98.87,99.43,98.61,98.66,105345,163288
2013-04-22,98.61,98.94,98.24,98.56,100519,160693
2013-04-23,98.59,98.63,98.12,98.44,107212,161752
2013-04-24,98.59,98.89,98.25,98.76,93739,162044
2013-04-25,98.72,99.29,98.63,98.88,83199,159945
2013-04-26,98.84,99.26,98.55,98.75,71413,156271
2013-04-29,98.78,99.48,98.65,99.47,72523,155916
2013-04-30,99.34,99.76,99.2,99.52,78409,158954
2013-05-01,99.59,99.73,98.61,98.87,100878,159701
2013-05-02,98.76,98.81,98.21,98.52,106765,159485
2013-05-03,98.46,99.2,98.4,99.11,107522,153753
2013-05-06,99.05,99.06,98.22,98.43,79314,153806
2013-05-07,98.54,98.55,97.6,97.88,130273,157170
2013-05-08,97.89,98.14,97.61,97.78,105765,165263
2013-05-09,97.8,98.94,96.57,96.66,177130,172109
2013-05-10,97.01,97.07,95.76,96.24,168626,181747
2013-05-13,96.23,96.27,95.57,95.72,113414,184158
2013-05-14,95.72,96.2,94.96,94.97,138102,190884
2013-05-15,95.15,95.39,94.72,94.92,131140,200286
2013-05-16,95.11,95.34,94.23,94.59,163936,204413
2013-05-17,94.44,94.56,93.41,93.65,149998,208061
2013-05-20,93.85,94.54,93.66,94.44,122168,203485
2013-05-21,94.36,94.69,93.81,94.31,149377,205301
2013-05-22,94.32,94.55,92.96,93.2,207280,201773
2013-05-23,93.24,94.11,92.32,93.7,210054,198879
2013-05-24,93.72,93.76,92.72,92.8,142000,207645
2013-05-28,92.88,93.33,92.37,92.79,163932,209027
2013-05-29,92.49,93.09,91.72,92.73,142798,209450
2013-05-30,92.76,93.37,92.2,93.1,148015,208770
2013-05-31,93.0,93.26,91.94,92.17,155208,212575
2013-06-03,92.5,94.29,92.36,93.93,166437,214591
2013-06-04,94.07,94.08,92.54,92.8,170934,212222
2013-06-05,92.92,93.02,91.6,91.73,171674,218945
2013-06-06,91.83,93.2,90.89,92.58,236816,224599
2013-06-07,92.12,92.25,90.83,91.51,189535,226967
2013-06-10,90.6,91.34,90.54,91.3,242050,222720
2013-06-11,91.17,91.19,89.84,90.99,242815,240067
2013-06-12,90.94,92.14,90.71,91.41,260680,260795
2013-06-13,91.31,93.06,90.85,92.55,256069,279496
2013-06-14,93.02,93.06,92.19,92.51,175648,279536
2013-06-17,92.24,92.92,91.64,91.82,91237,175555
2013-06-18,92.06,92.28,90.99,91.47,102268,180895
2013-06-19,91.46,92.15,89.51,90.03,145183,178695
2013-06-20,89.5,89.8,88.32,88.43,185246,179023
2013-06-21,88.72,89.25,88.52,89.15,121021,177659
2013-06-24,89.03,89.65,88.2,89.4,148975,174758
2013-06-25,89.18,89.65,88.67,89.31,116883,174012
2013-06-26,89.28,90.11,89.05,89.34,136288,175317
2013-06-27,89.49,90.09,89.33,89.49,110785,179985
2013-06-28,89.52,89.56,87.9,88.34,146714,187775
2013-07-01,88.13,89.27,87.99,89.04,95350,180160
2013-07-02,89.1,89.25,88.08,88.24,103747,182925
2013-07-03,88.24,88.67,87.18,87.65,116765,180962
2013-07-05,87.68,88.6,87.31,87.48,170781,185914
2013-07-08,87.36,88.26,87.25,88.23,77329,179810
2013-07-09,88.13,88.82,87.66,88.71,111953,178595
2013-07-10,88.55,89.15,87.77,87.99,140905,189638
2013-07-11,89.01,89.85,88.06,88.6,149267,187530
2013-07-12,88.59,88.73,86.89,87.46,108840,193015
2013-07-15,87.69,88.09,87.26,87.87,89749,193586
2013-07-16,87.91,89.45,87.75,89.27,109575,186264
2013-07-17,89.25,89.76,88.78,89.12,124585,184929
2013-07-18,89.23,89.29,88.27,88.57,87186,186979
2013-07-19,88.61,89.23,88.45,88.83,76940,186202
2013-07-22,88.68,89.57,88.62,89.31,77963,185505
2013-07-23,89.34,89.88,89.12,89.83,83016,185349
2013-07-24,89.78,90.06,88.23,88.49,124246,187813
2013-07-25,88.62,89.73,88.23,89.07,97321,186193
2013-07-26,89.3,89.86,89.19,89.51,76035,183677
2013-07-29,89.51,89.79,88.83,88.96,71658,187325
2013-07-30,89.03,89.04,87.43,87.62,129393,198272
2013-07-31,87.7,87.77,86.34,87.09,160729,197104
2013-08-01,86.57,87.0,86.16,86.44,113277,195707
2013-08-02,86.44,86.77,85.79,86.18,111900,200948
2013-08-05,86.21,86.42,85.59,86.21,73432,200136
2013-08-06,86.41,87.12,86.16,86.92,97823,201885
2013-08-07,86.9,87.32,86.28,86.97,78658,201391
2013-08-08,87.04,88.4,86.8,88.25,114350,192330
2013-08-09,88.07,89.18,87.9,89.18,102339,187574
2013-08-12,88.86,89.24,88.41,88.61,79442,186631
2013-08-13,88.49,88.55,87.82,88.11,82806,184822
2013-08-14,88.1,88.68,87.9,88.5,77920,184320
2013-08-15,88.33,88.98,87.68,88.49,113705,183905
2013-08-16,88.51,89.22,88.34,89.07,87695,187347
2013-08-19,88.98,89.41,88.13,88.36,80932,184270
2013-08-20,88.29,88.44,87.41,88.05,94208,184178
2013-08-21,87.83,87.84,86.81,87.4,128842,188488
2013-08-22,86.97,87.6,86.51,87.17,112921,184565
2013-08-23,87.33,87.67,86.91,87.49,91940,185807
2013-08-26,87.44,87.88,87.22,87.48,67084,183649
2013-08-27,87.48,87.49,86.55,87.0,107709,186664
2013-08-28,87.02,87.06,86.15,86.64,91107,187469
2013-08-29,86.65,87.01,86.4,86.57,93637,188652
2013-08-30,86.48,86.81,86.17,86.26,67122,197464
2013-09-03,86.56,87.93,86.49,87.75,172165,189334
2013-09-04,87.79,89.06,87.58,88.87,129997,180670
2013-09-05,88.83,89.09,88.38,88.42,109766,181309
2013-09-06,88.5,89.37,88.38,89.1,121567,178958
2013-09-09,89.24,89.61,88.89,89.51,99291,176290
2013-09-10,89.45,90.37,89.38,90.29,134593,183606
2013-09-11,90.32,90.55,89.96,90.51,146169,182521
2013-09-12,90.44,90.74,89.49,89.89,147810,191896
2013-09-13,89.87,89.94,89.46,89.73,92463,194006
2013-09-16,90.64,91.06,90.26,90.3,78902,131588
2013-09-17,90.39,90.86,90.08,90.76,64717,129806
2013-09-18,90.76,92.47,90.57,92.2,102172,128336
2013-09-19,92.17,92.43,91.49,91.61,99377,131233
2013-09-20,91.63,91.79,91.01,91.28,83406,129455
2013-09-23,91.03,91.79,90.92,91.66,59955,127271
2013-09-24,91.5,91.51,90.89,91.18,66638,126462
2013-09-25,91.12,91.19,90.65,90.88,64135,125864
2013-09-26,90.91,91.28,90.68,90.85,63113,123097
2013-09-27,90.92,91.03,90.27,90.48,56878,122639
2013-09-30,90.4,90.84,90.12,90.55,71993,118923
2013-10-01,90.54,91.63,90.19,91.16,99213,113676
2013-10-02,91.23,91.36,90.63,91.16,82227,123255
2013-10-03,91.16,91.46,90.98,91.32,65649,123244
2013-10-04,91.22,91.88,91.2,91.62,65633,118021
2013-10-07,91.61,91.79,91.2,91.69,52571,121049
2013-10-08,91.55,92.13,91.43,91.58,69468,117075
2013-10-09,91.5,91.96,91.45,91.79,69723,117885
2013-10-10,91.81,92.06,91.24,91.92,87143,122734
2013-10-11,91.92,92.18,91.65,92.03,41600,121192
2013-10-14,91.71,92.41,91.63,92.12,68858,122178
2013-10-15,92.26,92.81,92.11,92.41,69750,124276
2013-10-16,92.6,92.9,92.33,92.87,62869,124461
2013-10-17,92.91,93.81,92.62,93.67,78154,124445
2013-10-18,93.63,94.16,93.38,93.99,62187,123184
2013-10-21,94.0,94.11,93.75,93.9,56325,124363
2013-10-22,93.87,94.61,93.77,94.38,77475,125592
2013-10-23,94.39,94.9,93.42,93.54,99607,126465
2013-10-24,93.52,94.06,93.09,93.49,86502,127636
2013-10-25,93.53,93.61,93.11,93.22,61011,127966
2013-10-28,93.26,93.61,92.95,93.19,53606,128346
2013-10-29,93.12,93.15,92.15,92.24,84178,129053
2013-10-30,92.24,92.58,91.85,92.1,81344,128564
2013-10-31,92.26,92.7,91.96,92.04,98249,130068
2013-11-01,92.05,92.35,91.68,91.82,74890,130269
2013-11-04,91.9,92.6,91.9,92.52,54021,128636
2013-11-05,92.53,92.83,92.1,92.39,88697,129497
2013-11-06,92.45,92.88,92.33,92.79,57112,129396
2013-11-07,92.69,92.75,91.89,92.08,116928,133671
2013-11-08,92.06,92.32,91.04,91.27,118399,136660
2013-11-11,91.35,91.42,90.98,90.98,53259,135898
2013-11-12,91.08,91.22,90.24,90.52,78435,137241
2013-11-13,90.56,91.26,90.36,90.78,75763,137109
2013-11-14,91.07,91.43,90.4,90.74,89008,138555
2013-11-15,90.72,91.31,90.64,91.18,64727,135240
2013-11-18,91.31,91.75,91.17,91.32,65645,135538
2013-11-19,91.3,92.04,91.11,91.73,70469,136699
2013-11-20,91.83,92.04,90.76,90.88,99299,138638
2013-11-21,90.89,90.95,89.62,89.83,146234,135203
2013-11-22,89.94,90.13,89.1,89.32,104669,122361
2013-11-25,89.33,89.55,88.88,89.23,81946,112139
2013-11-26,89.44,89.71,88.58,89.03,98439,111673
2013-11-27,88.95,89.07,88.36,88.46,77264,112934
2013-11-29,88.48,89.2,88.27,88.73,98241,114056
2013-12-02,88.9,89.39,88.62,88.73,87292,119505
2013-12-03,88.77,89.19,88.31,89.1,90888,121078
2013-12-04,89.03,89.14,87.74,88.02,117444,129257
2013-12-05,88.07,88.53,87.81,88.41,99955,127641
2013-12-06,88.39,88.93,87.66,88.74,131442,127949
2013-12-09,88.9,89.05,88.49,88.83,74682,129089
2013-12-10,88.58,89.42,88.57,89.33,151866,126620
2013-12-11,89.19,89.3,88.26,88.43,170719,152408
2013-12-12,88.21,88.64,87.0,87.2,196732,160208
2013-12-13,87.09,87.53,86.93,87.46,119353,154271
2013-12-16,87.35,87.54,87.04,87.33,59624,114415
2013-12-17,87.24,87.43,86.67,86.83,72704,113118
2013-12-18,87.01,87.3,86.08,86.72,108801,115542
2013-12-19,86.29,86.65,86.12,86.45,65704,118379
2013-12-20,86.47,87.21,86.41,87.06,70622,115724
2013-12-23,87.12,87.49,87.1,87.23,37434,116630
2013-12-24,87.18,87.27,87.0,87.17,20578,117884
2013-12-26,86.88,86.95,86.68,86.85,12541,120678
2013-12-27,86.74,87.21,86.56,86.6,48084,118666
2013-12-30,86.46,87.24,86.29,87.06,45031,118659
2013-12-31,86.98,87.47,86.97,87.2,32424,120071
2014-01-02,86.66,87.4,86.41,87.03,59433,117619
2014-01-03,87.04,88.01,86.82,87.71,86442,114652
2014-01-06,87.47,87.79,87.32,87.6,71424,116721
2014-01-07,87.63,87.68,86.92,87.19,81019,122121
2014-01-08,87.12,87.53,86.96,87.08,90224,118322
2014-01-09,86.89,87.14,86.66,86.9,72612,120771
2014-01-10,86.94,88.04,86.77,87.91,130842,116923
2014-01-13,87.88,88.84,87.85,88.57,96563,110371
2014-01-14,88.55,88.56,87.56,87.59,96368,112341
2014-01-15,87.58,87.73,86.9,87.12,90464,120343
2014-01-16,87.09,87.16,85.84,86.22,120777,134447
2014-01-17,86.22,86.34,85.71,85.78,70790,134008
2014-01-21,85.81,86.46,85.65,86.11,113053,137503
2014-01-22,86.12,86.97,85.97,86.54,84250,135008
2014-01-23,86.55,86.6,85.44,85.72,125479,139985
2014-01-24,85.69,85.87,84.75,85.26,120208,138904
2014-01-27,85.08,85.74,84.92,85.64,82856,137671
2014-01-28,85.48,86.33,85.41,85.84,82294,136426
2014-01-29,86.04,86.4,85.38,85.59,103241,138580
2014-01-30,85.51,86.15,85.25,86.0,81586,134909
2014-01-31,86.02,86.38,85.12,85.62,91960,135281
2014-02-03,85.78,86.57,85.56,85.71,91348,130710
2014-02-04,85.66,87.57,85.47,87.46,130734,125394
2014-02-05,87.32,87.53,86.9,87.22,84851,121129
2014-02-06,87.37,87.96,87.34,87.78,73195,118266
2014-02-07,87.68,88.15,87.39,87.75,86352,118140
2014-02-10,87.7,87.75,87.25,87.62,48712,116060
2014-02-11,87.61,88.63,87.61,88.52,94292,110523
2014-02-12,88.5,88.83,88.24,88.48,71240,109184
2014-02-13,88.34,88.59,87.48,88.08,81862,108167
2014-02-14,87.93,88.63,87.91,88.54,65505,104840
2014-02-18,88.69,89.0,88.22,88.53,102794,103049
2014-02-19,88.41,88.65,88.11,88.25,73541,101040
2014-02-20,88.21,88.44,87.61,88.21,91203,100758
2014-02-21,88.32,88.38,87.75,87.96,66080,98391
2014-02-24,87.95,88.73,87.63,88.62,68881,101414
2014-02-25,88.58,88.69,88.28,88.41,62585,98643
2014-02-26,88.4,88.5,87.7,87.85,89239,100075
2014-02-27,87.87,87.99,87.32,87.9,106412,102679
2014-02-28,87.92,88.18,87.45,87.58,91889,106266
2014-03-03,87.38,87.76,87.2,87.58,76204,106409
2014-03-04,87.63,88.01,87.4,87.73,74074,105792
2014-03-05,87.82,88.45,87.66,88.13,75052,108979
2014-03-06,88.12,89.42,88.04,89.25,113628,111947
2014-03-07,89.13,89.68,88.92,88.97,105937,115577
2014-03-10,88.79,88.93,88.44,88.47,100240,114123
2014-03-11,88.54,88.82,87.94,88.01,121270,122241
2014-03-12,88.08,88.26,87.58,88.18,154724,127204
2014-03-13,88.23,89.37,88.23,88.55,227492,122723
2014-03-14,88.72,88.83,88.32,88.58,106106,126924
2014-03-17,88.6,89.32,88.46,89.21,60773,79228
2014-03-18,89.23,89.7,88.99,89.58,78494,81737
2014-03-19,89.6,89.73,88.56,88.85,94335,80745
2014-03-20,88.72,88.89,88.34,88.76,74406,81377
2014-03-21,88.75,89.38,88.72,89.25,72325,78833
2014-03-24,89.35,89.87,88.86,89.65,83769,80688
2014-03-25,89.65,90.12,89.57,90.02,73855,84232
2014-03-26,89.98,90.82,89.93,90.64,98378,90280
2014-03-27,90.6,91.11,90.52,90.97,82337,91337
2014-03-28,91.01,91.34,90.76,90.92,65444,94240
2014-03-31,90.91,91.18,90.59,91.13,71088,92708
2014-04-01,91.08,91.44,90.7,90.85,62805,93999
2014-04-02,90.82,91.04,90.63,90.87,50601,95823
2014-04-03,90.92,90.94,90.48,90.7,61344,95955
2014-04-04,90.72,91.49,90.7,91.28,81526,99077
2014-04-07,91.28,91.37,90.97,91.14,47753,96176
2014-04-08,91.12,92.09,91.06,91.99,74921,96887
2014-04-09,92.0,92.43,91.79,92.37,65486,98292
2014-04-10,92.28,93.04,92.16,92.7,89012,98042
2014-04-11,92.58,92.72,92.08,92.43,62695,97911
2014-04-14,92.39,92.71,92.22,92.6,49223,99836
2014-04-15,92.64,92.7,91.84,92.01,68959,98933
2014-04-16,92.06,92.38,91.83,92.33,67528,101365
2014-04-17,92.19,92.41,91.72,91.78,54713,101497
2014-04-21,91.83,91.98,91.67,91.82,26217,103652
2014-04-22,91.76,92.3,91.75,92.13,54222,107696
2014-04-23,92.16,92.3,91.22,91.39,88686,108261
2014-04-24,91.44,91.56,91.09,91.16,59282,109762
2014-04-25,91.18,91.54,91.11,91.25,50570,109368
2014-04-28,91.28,91.73,91.01,91.11,66182,109655
2014-04-29,91.17,91.39,90.86,91.31,58238,109934
2014-04-30,91.24,91.58,91.1,91.54,69914,108937
2014-05-01,91.44,91.72,91.19,91.31,39288,107446
2014-05-02,91.28,91.4,90.63,91.27,92977,104683
2014-05-05,91.41,91.5,91.14,91.39,43522,102185
2014-05-06,91.38,92.29,91.32,92.17,84708,104936
2014-05-07,92.07,92.15,91.81,92.0,59999,104268
2014-05-08,91.9,92.57,91.82,92.38,79273,107768
2014-05-09,92.34,92.43,92.1,92.18,46296,105490
2014-05-12,92.2,92.5,92.13,92.28,38999,106373
2014-05-13,92.28,92.47,91.99,92.22,52708,107302
2014-05-14,92.23,92.74,92.22,92.44,56674,109175
2014-05-15,92.43,92.6,91.94,92.24,63567,107986
2014-05-16,92.24,92.39,92.02,92.33,39727,108967
2014-05-19,92.34,92.37,91.94,91.97,38108,108731
2014-05-20,91.97,92.04,91.11,91.25,86706,107613
2014-05-21,91.15,91.16,90.8,91.07,77309,108448
2014-05-22,91.18,91.47,90.89,90.91,67770,106495
2014-05-23,91.0,91.22,90.88,91.12,43189,107504
2014-05-27,91.1,91.54,91.05,91.34,64876,109139
2014-05-28,91.33,91.45,90.9,91.01,63055,108973
2014-05-29,91.1,91.9,90.88,91.66,86741,113883
2014-05-30,91.83,92.06,91.66,91.82,61183,114472
2014-06-02,91.88,91.92,91.13,91.24,63438,112124
2014-06-03,91.21,91.66,91.09,91.36,65588,110911
2014-06-04,91.45,91.82,91.31,91.57,62927,111094
2014-06-05,91.58,92.28,91.4,92.18,92123,119454
2014-06-06,92.19,92.41,92.0,92.2,77023,118119
2014-06-09,92.22,92.45,92.17,92.31,59951,118097
2014-06-10,92.34,92.67,92.24,92.53,82162,128984
2014-06-11,92.56,92.89,92.47,92.67,152138,146115
2014-06-12,92.7,93.22,92.34,93.07,193912,167294
2014-06-13,93.07,93.12,92.6,92.83,95423,163807
2014-06-16,92.9,93.03,92.58,92.83,46333,103404
2014-06-17,92.86,92.87,92.16,92.23,66183,99400
2014-06-18,92.22,92.99,92.06,92.48,72652,99730
2014-06-19,92.86,93.19,92.78,92.9,65854,101306
2014-06-20,92.86,93.03,92.66,92.75,46846,100743
2014-06-23,92.68,93.34,92.66,93.05,56872,104027
2014-06-24,93.12,93.21,92.55,92.68,62615,101998
2014-06-25,92.59,92.99,92.45,92.9,64022,100813
2014-06-26,92.94,93.12,92.89,93.01,47800,101878
2014-06-27,93.06,93.36,92.99,93.17,56505,104426
2014-06-30,93.18,93.33,92.81,93.21,61760,105746
2014-07-01,93.27,93.98,93.09,93.9,92047,114918
2014-07-02,93.89,93.92,93.26,93.34,72705,111613
2014-07-03,93.38,93.41,92.15,92.54,105221,105644
2014-07-07,92.61,92.76,92.41,92.71,70262,101521
2014-07-08,92.7,93.15,92.65,92.98,60281,101860
2014-07-09,92.99,93.25,92.83,93.22,66159,102682
2014-07-10,93.11,93.61,92.64,92.97,80199,103688
2014-07-11,92.95,93.12,92.79,92.91,55313,104087
2014-07-14,92.87,93.07,92.84,92.95,34918,105200
2014-07-15,92.97,93.07,92.53,92.78,82316,105209
2014-07-16,92.74,92.79,92.34,92.68,60271,104308
2014-07-17,92.7,92.99,92.54,92.85,58432,105251
2014-07-18,92.57,93.2,92.44,93.06,75172,105415
2014-07-21,93.07,93.1,92.79,92.89,40359,104924
2014-07-22,92.83,93.32,92.7,93.02,100322,109341
2014-07-23,93.05,93.7,92.91,93.6,86738,117179
2014-07-24,93.56,93.82,93.24,93.26,81091,113600
2014-07-25,93.28,93.37,93.05,93.08,62725,111016
2014-07-28,93.1,93.27,92.98,93.18,67472,109875
2014-07-29,93.2,93.31,92.88,93.0,67740,106836
2014-07-30,92.98,93.02,92.17,92.41,129242,106097
2014-07-31,92.43,92.48,91.96,92.1,94930,104055
2014-08-01,92.11,92.54,91.93,92.3,128233,101234
2014-08-04,92.27,92.54,92.23,92.49,50341,99670
2014-08-05,92.52,92.62,92.13,92.18,86119,98196
2014-08-06,92.22,92.95,92.11,92.7,91079,96931
2014-08-07,92.69,92.8,91.8,91.91,105283,98143
2014-08-08,91.89,92.1,91.62,91.98,92214,96951
2014-08-11,91.98,92.09,91.81,91.84,43568,96090
2014-08-12,91.86,92.0,91.72,91.99,48585,94030
2014-08-13,91.9,92.43,91.87,92.27,78822,94902
2014-08-14,92.26,92.53,92.13,92.42,55114,95202
2014-08-15,92.42,92.61,92.24,92.51,64761,96926
2014-08-18,92.48,92.63,92.36,92.52,43878,101068
2014-08-19,92.51,92.72,92.29,92.37,64657,103432
2014-08-20,92.28,92.46,92.03,92.18,113439,101676
2014-08-21,92.14,92.41,91.67,92.33,79703,102920
2014-08-22,92.34,92.6,92.24,92.47,76733,103758
2014-08-25,92.38,92.55,92.21,92.3,44152,102816
2014-08-26,92.3,92.63,92.03,92.39,79727,107819
2014-08-27,92.4,92.84,92.38,92.73,72550,114739
2014-08-28,92.68,93.09,92.67,92.9,85364,120338
2014-08-29,92.92,92.98,92.67,92.7,66500,120094
2014-09-02,92.63,92.88,92.04,92.1,136282,114146
2014-09-03,92.12,92.89,92.0,92.83,130172,118814
2014-09-04,92.8,93.32,92.7,92.9,122285,120114
2014-09-05,92.84,93.43,92.73,93.16,93307,118736
2014-09-08,93.07,93.14,92.18,92.31,133296,115984
2014-09-09,92.2,92.3,91.3,91.37,235445,126831
2014-09-10,91.46,91.59,90.54,90.99,243536,141178
2014-09-11,91.06,91.6,90.32,90.39,241668,142574
2014-09-12,90.49,90.52,89.74,89.87,143924,140372
2014-09-15,89.62,89.96,89.31,89.73,105480,99422
2014-09-16,89.79,90.59,89.35,90.38,138070,97839
2014-09-17,90.34,90.34,88.97,89.52,160295,101491
2014-09-18,89.05,89.46,88.76,89.27,125687,100850
2014-09-19,89.34,89.45,88.69,88.81,131617,104480
2014-09-22,88.8,89.01,88.03,88.22,117898,105529
2014-09-23,88.2,88.76,87.8,87.91,142802,105756
2014-09-24,87.94,88.47,87.89,88.27,114946,109343
2014-09-25,88.31,88.33,87.27,87.38,151967,113546
2014-09-26,87.43,87.67,87.01,87.13,120458,116731
2014-09-29,87.09,87.12,86.39,86.81,126756,117710
2014-09-30,86.71,87.23,86.48,87.0,140169,118488
2014-10-01,87.02,87.05,86.2,86.83,155365,124839
2014-10-02,86.9,87.86,86.88,87.63,151540,126259
2014-10-03,87.62,87.65,86.01,86.31,143984,132468
2014-10-06,86.34,87.44,86.13,87.1,121317,125558
2014-10-07,87.21,87.93,86.85,87.69,137998,129561
2014-10-08,87.67,88.11,86.94,87.93,161410,132350
2014-10-09,87.93,88.61,87.26,87.35,147485,127212
2014-10-10,87.36,87.48,86.44,86.71,124261,122142
2014-10-13,86.46,87.51,86.16,87.2,98843,117422
2014-10-14,87.26,87.77,86.59,86.74,100745,115941
2014-10-15,86.84,88.25,86.41,87.36,190220,113769
2014-10-16,87.78,87.82,86.53,87.33,142209,115027
2014-10-17,87.19,87.8,87.02,87.28,90117,116654
2014-10-20,87.33,87.7,87.16,87.59,51856,115409
2014-10-21,87.5,88.01,87.27,87.49,94708,115985
2014-10-22,87.47,87.85,87.12,87.5,81685,117138
2014-10-23,87.36,87.78,87.2,87.28,90083,119900
2014-10-24,87.31,87.96,86.91,87.68,85736,121447
2014-10-27,87.75,87.98,87.61,87.8,53426,122225
2014-10-28,87.74,88.55,87.68,88.29,76850,120071
2014-10-29,88.27,88.86,87.49,87.78,117110,120130
2014-10-30,87.68,88.16,87.31,88.06,104907,120722
2014-10-31,88.16,88.21,87.41,87.72,136700,120519
2014-11-03,87.37,87.39,86.55,86.64,112797,127449
2014-11-04,86.67,87.28,86.23,87.2,115401,123342
2014-11-05,87.31,87.4,85.43,85.59,154739,130393
2014-11-06,85.53,86.07,85.33,85.52,123481,130717
2014-11-07,85.41,86.41,85.23,86.18,139254,130751
2014-11-10,86.26,86.64,85.9,85.96,74757,124572
2014-11-11,86.02,87.01,85.73,86.54,113096,123726
2014-11-12,86.73,87.28,86.47,86.98,93335,121570
2014-11-13,86.96,87.49,86.56,87.08,85540,122067
2014-11-14,86.96,87.61,86.34,87.42,105447,120729
2014-11-17,87.42,87.81,86.81,86.95,83023,118646
2014-11-18,86.88,87.33,86.68,87.15,83654,117859
2014-11-19,87.03,87.06,85.89,86.04,112777,118514
2014-11-20,85.91,86.3,85.55,86.25,106948,120455
2014-11-21,86.08,87.12,85.95,86.51,124571,120909
2014-11-24,86.6,86.9,85.93,86.0,59324,121898
2014-11-25,86.04,86.09,85.05,85.12,131358,127008
2014-11-26,85.25,85.57,84.72,85.45,122489,127010
2014-11-28,85.34,86.09,84.8,85.01,130124,133587
2014-12-01,84.75,85.27,84.12,85.06,135552,131752
2014-12-02,84.88,85.39,84.28,84.42,103199,133675
2014-12-03,84.43,84.64,83.84,83.98,111375,134779
2014-12-04,83.86,84.28,83.53,83.79,111353,135905
2014-12-05,83.79,83.99,83.14,83.23,90247,139565
2014-12-08,82.99,83.23,82.59,82.96,104170,144508
2014-12-09,82.96,83.71,82.24,83.02,214742,159287
2014-12-10,82.91,83.47,82.63,82.93,199039,185651
2014-12-11,83.16,83.78,82.16,82.55,201947,191946
2014-12-12,82.65,83.01,82.29,82.5,95436,195467
2014-12-15,82.51,82.72,82.03,82.24,76066,117015
2014-12-16,82.13,82.77,82.01,82.14,81157,116787
2014-12-17,82.24,82.46,81.1,81.15,105440,119467
2014-12-18,81.35,82.08,81.23,81.61,75418,119553
2014-12-19,81.78,81.98,81.28,81.51,59563,116357
2014-12-22,81.41,81.8,81.33,81.44,35449,118137
2014-12-23,81.31,81.53,80.97,81.04,40144,118773
2014-12-24,81.15,81.34,81.13,81.19,18500,118914
2014-12-26,81.26,81.42,81.15,81.26,17743,119751
2014-12-29,81.28,81.74,81.21,81.4,35381,120131
2014-12-30,81.44,82.16,81.33,81.9,44369,120316
2014-12-31,81.94,82.3,81.71,81.78,34377,119285
