,Open,High,Low,Close,Volume,OpenInterest
1982-02-01,66.8842,66.9559,66.6613,66.6613,535,2579
1982-02-02,66.6852,66.9479,66.6852,66.7728,941,2553
1982-02-03,66.8365,66.9479,66.6375,66.6534,759,2709
1982-02-04,66.7728,66.8763,66.6693,66.7489,611,2788
1982-02-05,66.7887,66.8604,66.6693,66.7489,365,2830
1982-02-08,66.6693,66.8126,66.534,66.534,334,1820
1982-02-09,66.526,66.534,66.335,66.3827,613,2806
1982-02-10,66.4703,66.4942,66.3827,66.4783,428,1739
1982-02-11,66.4862,66.5419,66.2872,66.4146,304,2843
1982-02-12,66.3588,66.4066,66.3111,66.3588,213,2838
1982-02-16,66.0325,66.3031,65.9449,66.3031,608,2912
1982-02-17,66.3031,66.4225,66.1917,66.4146,701,2841
1982-02-18,66.4862,66.9479,66.4862,66.9002,575,2848
1982-02-19,66.932,67.0673,66.8604,66.8683,484,2970
1982-02-22,67.4636,67.5826,67.3525,67.5271,932,3012
1982-02-23,67.5033,67.543,67.3683,67.5112,1167,2906
1982-02-24,67.543,67.6382,67.4636,67.6064,1330,2879
1982-02-25,67.5826,67.6064,67.5033,67.5112,508,2875
1982-02-26,67.3842,67.4239,67.1937,67.2017,471,2916
1982-03-01,67.4001,67.6144,67.4001,67.5826,413,2902
1982-03-02,67.6382,67.7017,67.5509,67.6382,549,2897
1982-03-03,67.6223,67.7969,67.5033,67.7969,549,2837
1982-03-04,67.9239,67.9557,67.8049,67.9557,799,2615
1982-03-05,68.0588,68.0747,67.8207,67.9477,269,2642
1982-03-08,68.2176,68.3049,67.9874,68.035,582,2623
1982-03-09,67.9477,67.9477,67.7176,67.8128,579,2710
1982-03-10,67.7176,67.789,67.6461,67.7017,557,2814
1982-03-11,67.543,67.6223,67.4556,67.4715,654,2928
1982-03-12,67.3445,67.5271,67.1858,67.289,756,3060
1982-03-15,67.3683,67.3921,67.0985,67.2572,831,3210
1982-03-16,67.1302,67.2969,67.1223,67.2096,662,3284
1982-03-17,67.3048,67.4477,67.2652,67.289,564,3326
1982-03-18,67.289,67.408,67.162,67.1699,671,3485
1982-03-19,67.1382,67.1382,66.9636,66.9715,632,3694
1982-03-22,67.1064,67.2969,67.1064,67.2969,608,3815
1982-03-23,67.3445,67.535,67.3445,67.4477,732,3962
1982-03-24,67.5112,67.6064,67.2652,67.2652,886,4068
1982-03-25,67.162,67.2572,67.1461,67.1858,570,4147
1982-03-26,67.0985,67.154,66.9715,67.0429,662,4225
1982-03-29,67.0271,67.0271,66.8048,66.8286,544,4405
1982-03-30,66.8604,66.9953,66.781,66.7969,557,4571
1982-03-31,66.7651,67.035,66.7096,67.035,721,4657
1982-04-01,67.035,67.1382,67.0271,67.0985,781,4709
1982-04-02,67.0747,67.0747,66.9001,66.9556,517,4781
1982-04-05,67.0826,67.1302,66.9556,66.9794,746,4966
1982-04-06,67.0509,67.0747,66.9001,66.9477,495,5126
1982-04-07,67.0112,67.0191,66.8128,66.8604,452,5256
1982-04-08,66.8128,66.9953,66.7572,66.9794,387,5185
1982-04-12,67.1302,67.4001,67.0747,67.3763,411,5167
1982-04-13,67.3604,67.3763,67.2413,67.2652,713,5204
1982-04-14,67.154,67.2255,67.1223,67.2096,750,5349
1982-04-15,67.1302,67.2255,67.0985,67.2096,468,5323
1982-04-16,67.2175,67.4874,67.1858,67.4398,725,5341
1982-04-19,67.4636,67.6461,67.3842,67.5826,858,5440
1982-04-20,67.6461,67.7017,67.5191,67.5906,1007,5627
1982-04-21,67.7811,67.8763,67.5985,67.6541,1397,5902
1982-04-22,67.5588,67.6858,67.5112,67.6382,901,6015
1982-04-23,67.7414,67.8842,67.6779,67.789,1373,6526
1982-04-26,67.9398,67.9398,67.6938,67.789,1330,6890
1982-04-27,67.789,67.8287,67.6699,67.7017,893,7117
1982-04-28,67.7017,67.7255,67.5985,67.5985,629,7322
1982-04-29,67.5033,67.662,67.4556,67.662,1069,7549
1982-04-30,67.7652,67.8049,67.6779,67.7969,760,7726
1982-05-03,67.7334,67.7652,67.5271,67.5271,510,7930
1982-05-04,67.4795,67.5906,67.3604,67.5747,814,8135
1982-05-05,67.6461,67.7493,67.6382,67.7096,740,8231
1982-05-06,67.916,68.0747,67.8684,68.0588,1308,8576
1982-05-07,68.1779,68.2255,68.1144,68.2176,1206,8659
1982-05-10,68.2573,68.2573,68.1462,68.2176,1226,8939
1982-05-11,68.1462,68.2335,68.0985,68.2176,957,8884
1982-05-12,68.2731,68.289,68.0747,68.0906,1307,8937
1982-05-13,68.0192,68.0747,67.9557,67.9715,781,8918
1982-05-14,68.0192,68.1382,68.0112,68.1144,815,8874
1982-05-17,68.2176,68.2176,67.9874,67.9874,998,8954
1982-05-18,67.9398,68.0112,67.8525,68.0112,1525,9157
1982-05-19,67.9557,68.035,67.9398,67.9636,1413,9607
1982-05-20,68.0271,68.4478,68.0192,68.4239,1629,9675
1982-05-21,68.4319,68.5192,68.297,68.3128,1422,9587
1982-05-24,68.2731,68.3605,68.2652,68.3128,606,9671
1982-05-25,68.3049,68.3049,68.1937,68.2096,1401,10050
1982-05-26,68.2652,68.3049,68.1223,68.1223,1728,10651
1982-05-27,68.154,68.154,68.0746,68.1143,812,10567
1982-05-28,68.0746,68.2175,68.0667,68.154,706,10593
1982-06-01,68.0905,68.0905,67.6379,67.6458,1727,10855
1982-06-02,67.6617,67.7649,67.622,67.749,1702,11133
1982-06-03,67.7014,67.8443,67.6061,67.6935,1183,11092
1982-06-04,67.7093,67.7093,67.4552,67.4552,1816,11475
1982-06-07,67.4155,67.6379,67.4155,67.622,1158,11551
1982-06-08,67.5108,67.5505,67.4473,67.4473,1463,11671
1982-06-09,67.4314,67.6061,67.3997,67.5982,1071,11649
1982-06-10,67.5426,67.5902,67.4711,67.4791,865,11528
1982-06-11,67.6379,67.6617,67.5585,67.5982,1023,11440
1982-06-14,67.2726,67.3838,67.1376,67.1535,1236,11450
1982-06-15,67.09,67.1773,67.0503,67.1456,1509,10776
1982-06-16,67.1614,67.2011,67.1059,67.1059,715,11045
1982-06-17,66.8915,66.8994,66.7565,66.8121,1206,11306
1982-06-18,66.7327,66.82,66.6771,66.6929,904,11537
1982-06-21,66.7009,66.82,66.6612,66.7247,1007,11773
1982-06-22,66.7485,66.82,66.5977,66.6056,1152,12093
1982-06-23,66.5818,66.6612,66.4786,66.6532,969,12295
1982-06-24,66.6771,66.685,66.3991,66.4468,773,12406
1982-06-25,66.3515,66.4309,66.2959,66.3039,686,12553
1982-06-28,66.3356,66.4706,66.2959,66.4468,980,12701
1982-06-29,66.5659,66.7803,66.5421,66.7724,1060,12780
1982-06-30,66.9391,67.0582,66.8438,66.8756,1265,13244
1982-07-01,66.9232,67.0423,66.8359,67.0106,617,13223
1982-07-02,66.9788,66.9788,66.8438,66.8756,648,13236
1982-07-06,67.1217,67.1217,66.9073,66.9391,729,13343
1982-07-07,66.8676,67.0106,66.7724,67.0106,963,13406
1982-07-08,67.0423,67.487,67.0423,67.4235,1216,13327
1982-07-09,67.5029,67.6696,67.4949,67.5267,1156,13311
1982-07-12,67.9714,67.9714,67.622,67.6617,1759,13315
1982-07-13,67.5823,67.6617,67.3838,67.4394,1258,13161
1982-07-14,67.3838,67.5505,67.36,67.3917,488,13169
1982-07-15,67.4552,67.6061,67.4473,67.5347,706,13048
1982-07-16,67.5426,67.9873,67.5188,67.9714,1051,12997
1982-07-19,68.0905,68.1223,67.8999,67.9396,877,13012
1982-07-20,68.0905,68.3446,68.0508,68.1778,1246,13150
1982-07-21,68.2493,68.3525,68.0111,68.0111,1225,13128
1982-07-22,67.9873,68.3367,67.9158,68.3208,1266,13307
1982-07-23,68.424,68.5113,68.4081,68.424,1553,13190
1982-07-26,68.3049,68.3287,68.1699,68.2017,1536,13227
1982-07-27,68.0905,68.1699,68.0349,68.1064,1404,13191
1982-07-28,67.9873,68.0826,67.9476,67.9793,1012,12951
1982-07-29,68.0111,68.1937,68.0111,68.1461,830,12946
1982-07-30,68.289,68.4081,68.289,68.3764,917,12995
1982-08-02,68.8846,68.9798,68.7734,68.9481,1729,12901
1982-08-03,69.0037,69.0037,68.6622,68.6781,1651,13150
1982-08-04,68.6463,68.8369,68.6146,68.821,1175,13284
1982-08-05,68.821,68.821,68.6622,68.7654,958,13469
1982-08-06,68.7019,68.7257,68.5431,68.559,1489,13468
1982-08-09,68.4716,68.7337,68.3446,68.7257,1876,13399
1982-08-10,68.7654,68.7813,68.6305,68.6305,1335,13641
1982-08-11,68.6066,68.7019,68.5907,68.6146,862,13708
1982-08-12,68.6384,68.964,68.5987,68.9481,1226,13722
1982-08-13,69.0275,69.2339,69.0037,69.1625,2182,14150
1982-08-16,69.4404,69.9089,69.4404,69.6389,2503,14380
1982-08-17,69.5992,70.1153,69.5595,70.0518,2845,14510
1982-08-18,70.4488,70.7426,70.3059,70.433,2710,14186
1982-08-19,70.433,70.6394,70.2821,70.5124,2128,14502
1982-08-20,70.7029,70.9888,70.6712,70.8935,1936,14634
1982-08-23,70.845,70.845,70.6912,70.6912,1426,14577
1982-08-24,70.6912,70.8692,70.6022,70.8611,1341,14570
1982-08-25,70.7559,70.8611,70.6588,70.6588,891,14719
1982-08-26,70.6507,70.8288,70.5455,70.5455,1587,14957
1982-08-27,70.5212,70.5212,69.9305,69.9709,1606,15186
1982-08-30,69.8576,70.1247,69.8414,70.0923,1170,15425
1982-08-31,70.068,70.1247,69.9143,69.9547,1028,15524
1982-09-01,69.9547,69.9952,69.7848,69.801,1929,15739
1982-09-02,69.8819,70.0357,69.8819,69.9224,1602,16328
1982-09-03,70.0114,70.3999,69.9628,70.1409,2227,16247
1982-09-07,70.1409,70.2299,70.0923,70.1409,2233,16858
1982-09-08,70.1733,70.2056,70.0357,70.1813,2431,17157
1982-09-09,70.2056,70.2056,70.0438,70.1166,2474,17392
1982-09-10,69.9062,69.9062,69.6229,69.6229,3406,17258
1982-09-13,69.4206,69.8819,69.4206,69.8738,2252,16825
1982-09-14,69.9224,70.0195,69.8576,69.9709,1603,16116
1982-09-15,70.149,70.1733,69.7039,69.8253,2172,16594
1982-09-16,69.8253,69.9871,69.7848,69.9386,1549,16951
1982-09-17,69.8981,70.327,69.8981,70.2866,1314,17178
1982-09-20,70.1894,70.5617,70.1004,70.4403,2496,17384
1982-09-21,70.327,70.7802,70.2866,70.7398,2345,17732
1982-09-22,70.9744,70.9744,70.7155,70.7398,2097,17969
1982-09-23,70.6912,70.9421,70.6588,70.8369,1582,18255
1982-09-24,70.7478,70.9259,70.6426,70.9097,1529,18518
1982-09-27,70.7964,70.9016,70.7721,70.8854,832,18509
1982-09-28,70.9502,71.193,70.9421,71.1201,2377,18379
1982-09-29,71.2658,71.2658,71.0877,71.1039,2286,18652
1982-09-30,71.1039,71.2415,70.9744,71.201,2069,18787
1982-10-01,71.1444,71.4276,71.1363,71.4196,1619,18984
1982-10-04,71.1039,71.1687,70.8773,70.934,2186,19001
1982-10-05,70.934,71.0877,70.934,71.023,2585,18878
1982-10-06,71.2091,71.2496,71.1444,71.1606,1643,18974
1982-10-07,71.4438,71.9456,71.4438,71.9051,2813,18546
1982-10-08,71.9618,72.334,71.7918,72.1236,3670,18256
1982-10-11,72.6578,72.9329,72.6092,72.9248,1981,18011
1982-10-12,72.8358,73.0138,72.7872,72.8358,3684,17827
1982-10-13,72.6739,72.8358,72.5202,72.8277,2712,17803
1982-10-14,72.7387,72.8277,72.5445,72.593,1534,17755
1982-10-15,72.5526,72.6739,72.5283,72.5768,1536,17866
1982-10-18,72.7549,72.852,72.6982,72.8358,1308,17885
1982-10-19,72.9491,73.0462,72.763,72.7792,2794,17682
1982-10-20,72.8358,72.8439,72.6901,72.8115,1737,17922
1982-10-21,72.7953,72.9329,72.7953,72.8844,1636,17964
1982-10-22,72.941,72.941,72.6739,72.7144,1881,18207
1982-10-25,72.4312,72.5445,72.3745,72.5121,1878,18407
1982-10-26,72.4797,72.6497,72.4393,72.5606,1493,18409
1982-10-27,72.6335,72.6739,72.5526,72.5687,1191,18356
1982-10-28,72.5687,72.6659,72.5687,72.5768,905,18565
1982-10-29,72.6739,72.6739,72.5768,72.6254,1256,18599
1982-11-01,72.7468,73.03,72.7063,73.0138,2448,18302
1982-11-02,73.0948,73.2485,73.0543,73.1838,1834,18322
1982-11-03,73.1191,73.2404,73.0462,73.1191,2209,18306
1982-11-04,73.1191,73.2243,73.0381,73.1514,1408,18405
1982-11-05,73.1757,73.2,72.9167,73.0786,1825,18819
1982-11-08,73.0138,73.0624,72.9653,73.0219,1105,18877
1982-11-09,73.0624,73.1029,73.03,73.0543,1078,18892
1982-11-10,73.1757,73.1757,73.0381,73.0462,1344,18900
1982-11-11,72.9572,72.9653,72.8763,72.8925,705,19033
1982-11-12,72.8763,72.9167,72.6901,72.7063,1829,19230
1982-11-15,72.6659,72.7387,72.6254,72.6982,1621,19308
1982-11-16,72.5121,72.6416,72.4231,72.5445,2927,19462
1982-11-17,72.7711,72.8277,72.6982,72.7063,2665,19845
1982-11-18,72.7063,72.9005,72.6497,72.8925,1395,19790
1982-11-19,73.0381,73.0381,72.8844,72.9329,2047,19883
1982-11-22,73.0956,73.1443,73.0061,73.063,1636,20098
1982-11-23,73.0224,73.1362,72.9817,73.0468,1645,19883
1982-11-24,73.0874,73.2094,73.0874,73.1606,2182,19811
1982-11-26,73.0793,73.1362,72.9492,73.0061,2357,19491
1982-11-29,72.998,73.0224,72.689,72.689,2114,19725
1982-11-30,72.689,72.8679,72.6727,72.7052,2870,19879
1982-12-01,72.8272,72.9248,72.7622,72.7865,2527,20014
1982-12-02,72.9167,72.998,72.876,72.9817,2260,20336
1982-12-03,73.2338,73.3883,73.1443,73.3395,3138,19900
1982-12-06,73.307,73.3964,73.2826,73.3232,2174,19540
1982-12-07,73.5103,73.5103,73.3476,73.3476,2432,19338
1982-12-08,73.3883,73.3883,73.2338,73.2501,2453,19692
1982-12-09,73.2257,73.2907,73.1281,73.2826,2766,19283
1982-12-10,73.2094,73.2257,73.0142,73.0305,2914,19114
1982-12-13,72.9736,73.185,72.9492,73.1525,2458,18749
1982-12-14,73.4777,73.5265,73.3639,73.4777,2635,16751
1982-12-15,73.372,73.4777,73.3476,73.4777,1924,16831
1982-12-16,73.4127,73.4289,73.2907,73.3232,1919,16978
1982-12-17,73.2826,73.3476,73.2338,73.2907,1252,17080
1982-12-20,73.2744,73.3639,73.2744,73.3558,826,17167
1982-12-21,73.4208,73.5428,73.3964,73.5265,1405,17135
1982-12-22,73.5916,73.6566,73.5184,73.5347,1557,17158
1982-12-23,73.5672,73.6078,73.5509,73.5672,455,17098
1982-12-27,73.5509,73.7136,73.5509,73.6241,656,17289
1982-12-28,73.5997,73.616,73.5428,73.5834,922,17570
1982-12-29,73.6729,73.6973,73.5834,73.5916,1217,17775
1982-12-30,73.6729,73.6729,73.5997,73.6566,1394,18010
1982-12-31,73.6648,73.7542,73.6648,73.7542,707,18012
1983-01-03,73.7867,73.8355,73.7542,73.8111,996,18206
1983-01-04,73.803,73.8355,73.6973,73.7136,1750,18545
1983-01-05,73.7542,73.8193,73.7542,73.7867,1369,18868
1983-01-06,73.8111,73.8843,73.803,73.8111,1947,19234
1983-01-07,73.8274,73.9412,73.8274,73.9006,1743,19230
1983-01-10,73.9575,73.9656,73.9087,73.9494,1664,19534
1983-01-11,73.99,74.0063,73.9656,73.9738,1735,19799
1983-01-12,73.9494,73.9494,73.8925,73.9168,1609,19935
1983-01-13,73.9331,73.9982,73.9168,73.9412,1426,20002
1983-01-14,73.9412,74.0388,73.9331,73.9819,1162,19848
1983-01-17,73.9819,74.0226,73.9656,73.9656,1116,20053
1983-01-18,73.9331,73.9982,73.9168,73.9819,1239,20183
1983-01-19,73.9331,73.9412,73.8274,73.8437,2349,19968
1983-01-20,73.8193,73.8355,73.7867,73.8111,1596,19994
1983-01-21,73.8355,73.8762,73.5916,73.616,4001,20494
1983-01-24,73.4452,73.494,73.3558,73.3883,2696,20856
1983-01-25,73.4696,73.4696,73.3639,73.3883,2633,21404
1983-01-26,73.5103,73.5265,73.3802,73.4371,3840,21863
1983-01-27,73.3883,73.4777,73.3558,73.4696,2628,21887
1983-01-28,73.4533,73.4777,73.4046,73.4127,1761,21934
1983-01-31,73.3639,73.3802,73.2744,73.2826,2028,22165
1983-02-01,73.2175,73.2907,73.2175,73.2338,2679,21922
1983-02-02,73.2013,73.3314,73.1443,73.307,2909,21958
1983-02-03,73.4046,73.4289,73.3232,73.3232,2573,22331
1983-02-04,73.2663,73.2907,73.2338,73.2663,1286,22388
1983-02-07,73.2501,73.372,73.2501,73.3639,2086,22232
1983-02-08,73.4452,73.5103,73.4289,73.4371,3340,22249
1983-02-09,73.494,73.494,73.4127,73.4615,2256,22563
1983-02-10,73.4859,73.6404,73.4859,73.6322,2292,22422
1983-02-11,73.7054,73.803,73.6566,73.6566,3210,22421
1983-02-14,73.5672,73.6404,73.5672,73.6241,1746,22568
1983-02-15,73.6729,73.6973,73.5753,73.5834,2409,23039
1983-02-16,73.5591,73.8193,73.5184,73.6973,4064,23213
1983-02-17,73.6892,73.7867,73.6892,73.7705,2418,23085
1983-02-18,73.8193,73.8843,73.8111,73.8193,2773,22947
1983-02-22,73.8845,73.9172,73.8682,73.8845,2782,22533
1983-02-23,73.8682,73.9253,73.8274,73.8356,2012,22392
1983-02-24,73.8193,73.9579,73.8193,73.9335,1971,22021
1983-02-25,73.9824,74.1863,73.9824,74.1619,3071,21528
1983-02-28,74.1863,74.1945,74.1292,74.1374,2543,21506
1983-03-01,74.1374,74.17,74.1129,74.1129,2996,21234
1983-03-02,74.1455,74.17,74.1048,74.1211,2732,21137
1983-03-03,74.17,74.2353,74.1619,74.1863,2832,20939
1983-03-04,74.1945,74.2108,74.1211,74.1292,1942,21043
1983-03-07,74.064,74.0721,73.9661,73.9742,3019,20656
1983-03-08,73.9742,73.9742,73.7459,73.7459,4995,20449
1983-03-09,73.803,73.8193,73.6969,73.7214,3934,20408
1983-03-10,73.8274,73.8356,73.6561,73.7214,5142,20764
1983-03-11,73.6724,73.7051,73.6153,73.6235,5036,20057
1983-03-14,73.7132,73.7703,73.6643,73.7622,2681,19511
1983-03-15,73.7377,73.754,73.6888,73.7214,1749,17322
1983-03-16,73.6643,73.7295,73.6398,73.6398,1930,17387
1983-03-17,73.599,73.6317,73.5419,73.5419,3129,18213
1983-03-18,73.5338,73.5664,73.4685,73.5012,2099,18518
1983-03-21,73.4196,73.5093,73.4196,73.4685,2462,18749
1983-03-22,73.4685,73.493,73.3462,73.4114,4115,19188
1983-03-23,73.4522,73.5501,73.4441,73.5419,2406,19287
1983-03-24,73.5909,73.6235,73.493,73.5012,3189,19988
1983-03-25,73.5093,73.5338,73.3217,73.3299,3498,20330
1983-03-28,73.3543,73.3706,73.2972,73.3135,3017,20646
1983-03-29,73.3217,73.4277,73.3135,73.4277,2912,21257
1983-03-30,73.4848,73.5256,73.4114,73.4114,2948,21649
1983-03-31,73.3788,73.4522,73.3462,73.3543,1544,21906
1983-04-04,73.3543,73.4441,73.3543,73.4359,583,21882
1983-04-05,73.4522,73.6561,73.4522,73.648,3736,21194
1983-04-06,73.7051,73.7622,73.6561,73.7459,3307,21311
1983-04-07,73.7948,73.803,73.648,73.6643,2966,21628
1983-04-08,73.6561,73.7214,73.6317,73.7051,1922,21759
1983-04-11,73.7948,73.9172,73.7703,73.9172,4483,22160
1983-04-12,73.9416,73.9742,73.8356,73.8437,3651,22451
1983-04-13,73.8927,73.9416,73.8437,73.9008,2058,22428
1983-04-14,73.8845,73.9661,73.8682,73.9579,2344,22443
1983-04-15,74.015,74.015,73.9253,73.9579,2749,22899
1983-04-18,74.0232,74.0313,73.9824,74.015,1794,22594
1983-04-19,73.9742,73.9742,73.8437,73.8927,2500,22874
1983-04-20,73.8519,73.9335,73.8519,73.9172,2895,23182
1983-04-21,73.9498,73.9579,73.8437,73.8519,1974,23124
1983-04-22,73.8274,73.8927,73.8193,73.8845,1829,22973
1983-04-25,73.9824,73.9987,73.9253,73.9498,2163,22813
1983-04-26,73.9661,74.0069,73.9416,73.9987,1673,22908
1983-04-27,73.9906,74.1455,73.9661,74.1048,3927,23071
1983-04-28,74.064,74.17,74.0395,74.1619,3143,23057
1983-04-29,74.1863,74.219,74.17,74.1863,2331,22920
1983-05-02,74.2434,74.2842,74.219,74.2271,1808,22989
1983-05-03,74.2271,74.2516,74.1945,74.2434,1653,22962
1983-05-04,74.3005,74.325,74.2842,74.3168,2015,23014
1983-05-05,74.3495,74.3495,74.2434,74.2516,2556,22661
1983-05-06,74.2597,74.3984,74.2597,74.3576,1850,22539
1983-05-09,74.3168,74.3168,74.2516,74.3005,2449,22625
1983-05-10,74.3005,74.3739,74.3005,74.3658,1837,22487
1983-05-11,74.4473,74.4473,74.3658,74.3658,3220,22434
1983-05-12,74.325,74.3413,74.2761,74.2842,1941,22312
1983-05-13,74.2679,74.3087,74.2434,74.2924,2327,22179
1983-05-16,74.1455,74.1537,74.1292,74.1374,2455,22426
1983-05-17,74.0803,74.1211,74.0395,74.0721,3482,22418
1983-05-18,74.1048,74.1455,74.0803,74.0884,1899,22591
1983-05-19,74.0477,74.0721,73.9416,73.9579,3449,22359
1983-05-20,73.9661,73.9987,73.909,73.9335,2870,22805
1983-05-23,73.8108,73.8271,73.6963,73.8026,3710,23352
1983-05-24,73.8271,73.8353,73.7699,73.8271,3779,23762
1983-05-25,73.8435,73.8762,73.7699,73.7781,3080,23733
1983-05-26,73.7535,73.7699,73.6717,73.6881,3872,23440
1983-05-27,73.7208,73.7535,73.7044,73.729,2325,23461
1983-05-31,73.6308,73.6308,73.4754,73.4836,3691,23355
1983-06-01,73.4509,73.5899,73.4018,73.5736,5255,22785
1983-06-02,73.6717,73.7617,73.6308,73.6472,4951,23362
1983-06-03,73.6308,73.6635,73.5654,73.5818,4261,23898
1983-06-06,73.4509,73.5,73.3691,73.41,5593,24389
1983-06-07,73.4509,73.4509,73.1973,73.2055,6997,24977
1983-06-08,73.2219,73.2382,73.0419,73.0992,6493,25837
1983-06-09,73.2546,73.3282,73.1891,73.2546,4835,26105
1983-06-10,73.3446,73.3691,73.1646,73.2055,4041,26115
1983-06-13,73.4672,73.4836,73.2791,73.4672,6677,26347
1983-06-14,73.4182,73.4263,73.3364,73.3936,3056,23592
1983-06-15,73.2464,73.41,73.2464,73.3773,3688,23762
1983-06-16,73.4345,73.5081,73.3936,73.5,2998,24061
1983-06-17,73.5409,73.5572,73.3936,73.4263,4114,24341
1983-06-20,73.3609,73.4018,73.1891,73.1973,4472,25055
1983-06-21,73.1237,73.32,73.0828,73.3118,5458,25459
1983-06-22,73.3527,73.3854,73.2873,73.3118,3906,25743
1983-06-23,73.32,73.4263,73.3037,73.3854,3541,26126
1983-06-24,73.3773,73.3854,73.2464,73.2628,3105,26303
1983-06-27,73.32,73.32,73.2137,73.2464,2260,26380
1983-06-28,73.2955,73.3936,73.2873,73.3609,3592,26981
1983-06-29,73.3936,73.4672,73.3527,73.4427,2976,27063
1983-06-30,73.5163,73.6308,73.5081,73.6145,4249,27398
1983-07-01,73.5654,73.6145,73.5409,73.6145,1460,27330
1983-07-05,73.3037,73.3282,73.2464,73.2546,3766,27818
1983-07-06,73.2955,73.3527,73.2709,73.3118,3469,28468
1983-07-07,73.181,73.23,73.1074,73.1319,5301,28847
1983-07-08,73.1401,73.1891,73.091,73.091,3704,29061
1983-07-11,73.1728,73.1728,73.1074,73.1237,3726,29205
1983-07-12,73.1319,73.1319,73.001,73.001,4755,30315
1983-07-13,72.9683,73.0828,72.9519,73.0501,3684,30528
1983-07-14,73.1401,73.1973,73.0501,73.0583,5822,30764
1983-07-15,72.9847,73.0256,72.9519,73.001,4343,31158
1983-07-18,73.0828,73.1155,73.0256,73.1155,2331,31544
1983-07-19,73.1564,73.181,73.1074,73.1564,3190,31740
1983-07-20,73.32,73.3773,73.3037,73.3118,4205,31600
1983-07-21,73.2955,73.3364,73.2546,73.2873,4038,31794
1983-07-22,73.2628,73.2791,73.1646,73.1728,2375,32190
1983-07-25,73.0665,73.2873,73.0501,73.2791,3220,32217
1983-07-26,73.2464,73.2464,73.181,73.1973,3329,32036
1983-07-27,73.1973,73.2464,73.1973,73.2137,2008,31930
1983-07-28,73.1973,73.2219,73.0992,73.0992,3306,32094
1983-07-29,73.091,73.1237,73.001,73.0665,4020,31929
1983-08-01,73.001,73.0419,72.9274,72.9601,4170,32174
1983-08-02,72.9029,72.9438,72.862,72.9192,4253,32286
1983-08-03,72.9519,73.0828,72.9192,73.0665,3880,31949
1983-08-04,73.1237,73.1319,72.9438,72.9601,3608,32183
1983-08-05,72.9519,72.9519,72.8701,72.911,4124,32268
1983-08-08,72.8947,72.911,72.8129,72.8865,4062,32230
1983-08-09,72.8538,72.9192,72.8538,72.8947,2747,32606
1983-08-10,72.8538,72.862,72.8293,72.862,3042,32377
1983-08-11,72.9029,72.9438,72.862,72.8701,3252,32100
1983-08-12,72.9438,72.9519,72.9029,72.9356,3651,32278
1983-08-15,73.0992,73.1564,73.0583,73.1401,4261,31711
1983-08-16,73.1564,73.2709,73.1237,73.2464,4605,31791
1983-08-17,73.2791,73.3364,73.2709,73.32,4187,31955
1983-08-18,73.3282,73.3609,73.2709,73.2791,3980,32360
1983-08-19,73.2055,73.2955,73.2055,73.2546,4856,31900
1983-08-22,73.4355,73.4931,73.419,73.4602,4034,31977
1983-08-23,73.4684,73.4848,73.3944,73.4026,3470,31832
1983-08-24,73.3944,73.5177,73.3944,73.4602,3865,31873
1983-08-25,73.4355,73.526,73.3286,73.345,5313,32077
1983-08-26,73.3204,73.3533,73.2875,73.3286,4089,32027
1983-08-29,73.2299,73.2299,73.0901,73.0901,2963,31971
1983-08-30,73.123,73.2135,73.0737,73.123,4574,32224
1983-08-31,73.0572,73.197,73.049,73.1394,4521,31826
1983-09-01,73.1641,73.2217,73.123,73.1641,3151,31948
1983-09-02,73.1394,73.1641,73.123,73.123,1706,31860
1983-09-06,73.3615,73.3615,73.3039,73.3204,3170,32338
1983-09-07,73.2875,73.4848,73.2792,73.4766,4140,31676
1983-09-08,73.5013,73.5342,73.4108,73.4108,3010,31735
1983-09-09,73.4437,73.4684,73.4273,73.4437,1587,31785
1983-09-12,73.8467,73.8549,73.6164,73.6246,5987,31656
1983-09-13,73.6329,73.6904,73.6,73.6329,4619,32087
1983-09-14,73.6493,73.6493,73.5506,73.5671,4320,32610
1983-09-15,73.5177,73.5917,73.5095,73.5342,3359,32212
1983-09-16,73.5753,73.6822,73.5671,73.6657,3049,32333
1983-09-19,73.7562,73.8796,73.6822,73.7644,7054,32580
1983-09-20,73.8302,73.8878,73.8302,73.8467,4647,30328
1983-09-21,73.8878,73.9125,73.8138,73.8384,4385,30671
1983-09-22,73.7891,73.896,73.7398,73.8878,3663,30738
1983-09-23,73.9618,73.9865,73.9453,73.9536,2720,30997
1983-09-26,74.1098,74.1098,74.0276,74.0851,3165,31597
1983-09-27,74.0523,74.0687,74.0111,74.0358,3740,32031
1983-09-28,74.0934,74.1016,73.9782,73.9865,5072,33334
1983-09-29,73.9536,74.0194,73.9371,74.0111,3164,34128
1983-09-30,74.0358,74.1016,74.0194,74.0851,2645,34005
1983-10-03,74.118,74.118,74.044,74.0605,3009,34419
1983-10-04,74.0276,74.1016,74.0029,74.0605,4106,35373
1983-10-05,74.1098,74.1509,74.0769,74.1345,3879,36183
1983-10-06,74.1509,74.1838,74.1263,74.1592,4514,36910
1983-10-07,74.1674,74.1674,74.1016,74.1345,2844,37310
1983-10-10,74.0687,74.0687,73.9947,74.0029,1645,37280
1983-10-11,73.9782,74.0111,73.8878,73.8878,4734,38008
1983-10-12,73.8549,73.9371,73.8467,73.9125,4167,38827
1983-10-13,73.9618,73.97,73.8631,73.8878,4900,39632
1983-10-14,73.9289,73.9947,73.9042,73.9947,3868,39914
1983-10-17,74.1098,74.1921,74.0523,74.1838,3869,39980
1983-10-18,74.1592,74.2414,74.118,74.1509,5035,40133
1983-10-19,74.1427,74.2167,74.1098,74.1756,4774,40296
1983-10-20,74.1509,74.1756,74.1098,74.1427,4896,40880
1983-10-21,74.1263,74.1674,74.1098,74.1345,4501,41091
1983-10-24,74.0194,74.0194,73.9782,73.9865,4205,41851
1983-10-25,74.0111,74.0276,73.9536,74.0029,3135,42494
1983-10-26,74.0605,74.0605,73.9947,74.0605,4399,43174
1983-10-27,74.0358,74.0769,74.0194,74.0687,2064,43034
1983-10-28,74.0605,74.0769,74.0111,74.0276,2999,43199
1983-10-31,74.044,74.0851,74.0276,74.0358,3784,43118
1983-11-01,73.9865,74.0358,73.97,74.0358,4037,43470
1983-11-02,74.0358,74.044,73.9947,74.0029,3336,44101
1983-11-03,74.0029,74.0029,73.9042,73.9207,5690,45555
1983-11-04,73.8796,73.8796,73.7973,73.8055,6312,46580
1983-11-07,73.7727,73.8549,73.7727,73.8549,4650,47231
1983-11-08,73.8713,73.9042,73.8631,73.9042,1695,47288
1983-11-09,73.9125,73.9371,73.896,73.9207,5359,47898
1983-11-10,73.9782,74.0358,73.9453,74.0276,5291,48072
1983-11-11,74.044,74.1098,74.044,74.1098,4314,47372
1983-11-14,74.0934,74.0934,74.0111,74.0194,3873,47395
1983-11-15,73.9618,74.0111,73.9536,73.9947,4317,46917
1983-11-16,73.9865,74.0276,73.9618,73.9618,4365,46825
1983-11-17,73.9207,73.9371,73.9042,73.9289,5883,47026
1983-11-18,73.9125,73.9289,73.9125,73.9289,2879,47310
1983-11-21,73.97,74.0358,73.9371,74.0358,3051,47434
1983-11-22,74.0523,74.1102,74.0523,74.0936,5368,46778
1983-11-23,74.0688,74.0771,74.0523,74.0606,3665,46352
1983-11-28,74.011,74.0193,73.9532,73.9697,4418,46258
1983-11-29,73.9697,74.0441,73.9449,74.0358,4079,45767
1983-11-30,74.0606,74.0688,74.0028,74.011,4493,45377
1983-12-01,74.0193,74.0275,73.9862,74.0028,4213,45575
1983-12-02,74.011,74.011,73.8706,73.8788,6267,46340
1983-12-05,73.8293,73.9119,73.8293,73.9119,5609,46472
1983-12-06,73.9119,73.9367,73.8954,73.9119,4335,46348
1983-12-07,73.8788,73.8871,73.8293,73.8623,5557,46191
1983-12-08,73.8293,73.8293,73.7301,73.7467,7605,45829
1983-12-09,73.7301,73.7797,73.7219,73.7301,7480,45470
1983-12-12,73.7632,73.7797,73.7384,73.7467,6496,45261
1983-12-13,73.6888,73.6888,73.6062,73.6145,9163,46939
1983-12-14,73.6145,73.6393,73.5897,73.5897,6764,47573
1983-12-15,73.5897,73.6062,73.5401,73.5732,6682,47879
1983-12-16,73.6227,73.7219,73.6227,73.7136,6442,48242
1983-12-19,73.7301,73.7467,73.6888,73.7219,5199,48756
1983-12-20,73.7714,73.8045,73.7467,73.7467,4764,44622
1983-12-21,73.7384,73.8954,73.7384,73.8623,6589,44540
1983-12-22,73.9449,73.9862,73.8871,73.978,4821,44552
1983-12-23,73.978,73.978,73.9201,73.9449,1968,44604
1983-12-27,73.9945,74.0854,73.978,74.0606,3365,44588
1983-12-28,74.0936,74.0936,74.011,74.0441,5255,45842
1983-12-29,74.0606,74.1267,74.0606,74.0688,5001,45571
1983-12-30,74.0523,74.0771,74.0523,74.0606,1756,45602
1984-01-03,73.9862,74.011,73.9697,73.9862,3259,46426
1984-01-04,73.9201,74.0854,73.9036,74.0688,5704,45597
1984-01-05,74.0771,74.1349,74.0606,74.0854,7077,45500
1984-01-06,74.1019,74.1102,74.0523,74.1019,3705,45302
1984-01-09,74.0606,74.1184,74.0358,74.0606,4846,45692
1984-01-10,74.1019,74.1515,74.0936,74.1267,5392,45790
1984-01-11,74.0936,74.1184,74.0771,74.0936,4385,46127
1984-01-12,74.0606,74.0854,74.0441,74.0523,3689,46534
1984-01-13,74.0854,74.391,74.0854,74.3249,12793,47452
1984-01-16,74.2754,74.3415,74.2589,74.2754,6710,47219
1984-01-17,74.3084,74.3332,74.2423,74.2506,5111,47768
1984-01-18,74.2423,74.2671,74.1928,74.2341,5631,48158
1984-01-19,74.2341,74.2671,74.201,74.2671,5042,48718
1984-01-20,74.2258,74.2506,74.201,74.2258,3647,48837
1984-01-23,74.201,74.2423,74.1928,74.2341,2176,48749
1984-01-24,74.2341,74.2836,74.2175,74.2423,3395,48475
1984-01-25,74.2589,74.3002,74.2341,74.2671,5313,48971
1984-01-26,74.2589,74.3084,74.2589,74.2836,4835,49329
1984-01-27,74.3002,74.3332,74.2919,74.3084,3807,49312
1984-01-30,74.3662,74.3828,74.3167,74.3249,4357,50042
1984-01-31,74.3415,74.3415,74.3002,74.3167,3919,50314
1984-02-01,74.3002,74.3415,74.2919,74.3332,4854,50986
1984-02-02,74.3662,74.391,74.3497,74.3662,6232,52011
1984-02-03,74.3745,74.391,74.358,74.3662,3954,52386
1984-02-06,74.3084,74.3084,74.2506,74.2836,8362,53805
1984-02-07,74.2671,74.3002,74.2589,74.3002,6267,54430
1984-02-08,74.2919,74.3167,74.2671,74.3084,5850,54335
1984-02-09,74.2836,74.3249,74.2671,74.3084,4853,55347
1984-02-10,74.2836,74.2836,74.2423,74.2589,6255,56558
1984-02-13,74.2589,74.2589,74.2258,74.2341,2252,56726
1984-02-14,74.2341,74.2341,74.1762,74.2175,5796,57166
1984-02-15,74.2093,74.2506,74.1928,74.2258,4496,57308
1984-02-16,74.2506,74.2671,74.201,74.2093,5344,58401
1984-02-17,74.168,74.1928,74.1432,74.1432,6314,58225
1984-02-21,74.1184,74.1597,74.1102,74.1515,5972,57473
1984-02-22,74.1681,74.1847,74.1265,74.1348,4253,57552
1984-02-23,74.0933,74.1016,74.0102,74.0186,11501,58570
1984-02-24,74.0684,74.1265,74.0601,74.1182,6518,57945
1984-02-27,74.1515,74.1515,74.0352,74.0435,8267,58964
1984-02-28,74.0352,74.0518,74.0019,74.0352,10022,60537
1984-02-29,74.0767,74.1182,74.0518,74.085,10022,60557
1984-03-01,74.0352,74.0518,74.0102,74.0518,8778,61511
1984-03-02,74.1099,74.1515,74.1099,74.1515,7719,61401
1984-03-05,74.1681,74.1764,74.0684,74.0767,9334,62231
1984-03-06,74.0518,74.1265,74.0435,74.0767,6335,62633
1984-03-07,74.085,74.1099,73.9853,74.0019,12271,62993
1984-03-08,73.9687,73.9936,73.9438,73.9521,12166,63696
1984-03-09,73.9023,73.9272,73.8441,73.9272,13009,64012
1984-03-12,73.9438,73.9521,73.8857,73.9189,10433,63753
1984-03-13,73.9355,73.9936,73.9189,73.9272,14296,63915
1984-03-14,73.9023,73.9023,73.8275,73.869,13400,63490
1984-03-15,73.8441,73.8773,73.8109,73.869,10069,63044
1984-03-16,73.9853,73.9853,73.8275,73.8275,11299,62766
1984-03-19,73.8109,73.8109,73.7278,73.7444,13464,62724
1984-03-20,73.7611,73.7611,73.6198,73.678,17082,57468
1984-03-21,73.6946,73.6946,73.6448,73.6614,9021,58342
1984-03-22,73.5866,73.6614,73.57,73.6365,13638,59436
1984-03-23,73.6531,73.6863,73.6282,73.6365,8821,59912
1984-03-26,73.6946,73.7278,73.6863,73.7112,8522,60877
1984-03-27,73.7777,73.7943,73.6946,73.7029,10801,61366
1984-03-28,73.7444,73.7777,73.7029,73.7694,7581,61686
1984-03-29,73.8109,73.8109,73.7444,73.7611,8520,62252
1984-03-30,73.7029,73.7361,73.678,73.6946,8304,61988
1984-04-02,73.7444,73.786,73.6697,73.7029,12017,64000
1984-04-03,73.6697,73.6697,73.5534,73.5949,14328,64834
1984-04-04,73.5534,73.5949,73.5285,73.5617,13900,66673
1984-04-05,73.5949,73.6282,73.5036,73.5534,13707,69109
1984-04-06,73.6115,73.7029,73.6032,73.6697,13005,69953
1984-04-09,73.678,73.7278,73.6448,73.7195,10931,70478
1984-04-10,73.7444,73.7611,73.7112,73.7195,8822,70553
1984-04-11,73.7278,73.7361,73.7029,73.7278,6015,70662
1984-04-12,73.7195,73.8109,73.7195,73.8026,9288,69789
1984-04-13,73.8441,73.8441,73.6531,73.6614,10200,70299
1984-04-16,73.6531,73.6531,73.5866,73.6282,8380,70319
1984-04-17,73.6531,73.7195,73.6365,73.7112,6977,70165
1984-04-18,73.6946,73.6946,73.6115,73.6365,7708,70304
1984-04-19,73.5949,73.5949,73.5202,73.5368,10895,70785
1984-04-23,73.5534,73.6032,73.5368,73.5368,6653,71261
1984-04-24,73.5451,73.5949,73.5368,73.5866,10943,71872
1984-04-25,73.6032,73.6365,73.5783,73.6282,11083,73267
1984-04-26,73.6448,73.678,73.6198,73.6614,7424,72122
1984-04-27,73.6198,73.6365,73.5451,73.5534,8878,71680
1984-04-30,73.5451,73.5783,73.4869,73.5451,11000,74163
1984-05-01,73.5285,73.57,73.5119,73.5368,7314,74644
1984-05-02,73.5036,73.5368,73.4703,73.5202,9412,74916
1984-05-03,73.5451,73.57,73.4953,73.5036,9117,74578
1984-05-04,73.4869,73.4869,73.3374,73.3457,21046,76805
1984-05-07,73.3291,73.3707,73.2627,73.271,14036,79082
1984-05-08,73.2128,73.2544,73.1048,73.2294,25229,79434
1984-05-09,73.2045,73.2045,73.0633,73.0716,17539,79959
1984-05-10,73.0052,73.0799,72.9387,72.9886,27820,79709
1984-05-11,72.8557,73.1547,72.756,72.8557,35779,84124
1984-05-14,72.9803,73.0052,72.864,72.8806,21711,84371
1984-05-15,72.8723,72.9803,72.8141,72.9304,20926,84997
1984-05-16,72.9719,73.0467,72.9221,72.9969,19781,85851
1984-05-17,72.9969,73.0135,72.9221,72.9304,17871,86830
1984-05-18,72.864,73.1132,72.864,73.0882,20923,84854
1984-05-21,73.1381,73.2294,73.1132,73.1381,16830,85095
1984-05-22,73.0626,73.1129,72.9284,72.9284,21750,86192
1984-05-23,72.9871,72.9871,72.8446,72.8529,17712,87226
1984-05-24,72.7607,72.7691,72.5343,72.5846,32383,88596
1984-05-25,72.6684,72.7775,72.593,72.6684,22546,88397
1984-05-29,72.7439,72.7523,72.6097,72.6349,14104,89544
1984-05-30,72.5426,72.5678,72.4252,72.4756,20730,89260
1984-05-31,72.4756,72.6265,72.4588,72.5343,20163,90253
1984-06-01,72.7439,72.8446,72.5846,72.811,26994,91110
1984-06-04,72.9284,73.0961,72.8697,73.0878,22655,88474
1984-06-05,73.1213,73.1297,73.0039,73.0961,19503,88344
1984-06-06,73.0458,73.0878,72.962,72.9787,17095,88064
1984-06-07,72.8949,72.9368,72.8278,72.9284,17415,88396
1984-06-08,72.9284,72.9536,72.8781,72.9284,10899,88990
1984-06-11,72.9368,72.9368,72.7775,72.7859,16409,90529
1984-06-12,72.7523,72.8865,72.7439,72.8781,19429,91112
1984-06-13,72.8949,73.1297,72.8949,73.1213,21634,90065
1984-06-14,73.071,73.2387,73.0291,73.2052,22060,89346
1984-06-15,73.2387,73.3645,73.1968,73.2387,21707,88978
1984-06-18,73.1549,73.2974,73.0542,73.2807,22813,89588
1984-06-19,73.3226,73.3561,73.18,73.2052,22012,77645
1984-06-20,73.1297,73.1297,72.8026,72.8613,35197,81578
1984-06-21,72.8446,72.9033,72.7607,72.7691,22159,81097
1984-06-22,72.7104,72.8446,72.6517,72.8194,29048,84990
1984-06-25,72.9116,72.9787,72.8529,72.92,21232,84951
1984-06-26,72.9284,72.9787,72.8949,72.92,19858,87719
1984-06-27,72.9871,73.0961,72.9871,72.9955,21946,88653
1984-06-28,72.9787,73.0458,72.8529,72.8613,23308,88455
1984-06-29,72.8613,72.9452,72.8194,72.8529,14660,89253
1984-07-02,72.8194,72.8949,72.7942,72.8865,12715,89981
1984-07-03,72.8278,72.962,72.811,72.9536,15362,89856
1984-07-05,72.9284,73.0374,72.8949,72.9536,16182,90311
1984-07-06,72.9536,72.9536,72.8362,72.9536,16830,92487
1984-07-09,72.9871,73.1129,72.962,73.1045,18524,92537
1984-07-10,73.1045,73.1632,73.0542,73.071,21632,92296
1984-07-11,73.0039,73.0961,73.0039,73.0794,18194,93646
1984-07-12,73.0794,73.2807,73.0794,73.2639,20234,95350
1984-07-13,73.3058,73.5071,73.3058,73.4484,26145,94455
1984-07-16,73.44,73.44,73.289,73.3226,21918,94750
1984-07-17,73.2387,73.2807,73.2219,73.2723,18238,94401
1984-07-18,73.289,73.3561,73.1968,73.3477,16614,94309
1984-07-19,73.3561,73.3981,73.3226,73.3645,13525,94791
1984-07-20,73.3729,73.4652,73.3394,73.3561,17520,96318
1984-07-23,73.3394,73.4819,73.2219,73.4735,25549,98228
1984-07-24,73.4568,73.6245,73.4568,73.5322,24005,98006
1984-07-25,73.5322,73.809,73.5322,73.7838,41264,96199
1984-07-26,73.7503,73.9935,73.7084,73.9432,34069,95224
1984-07-27,73.8929,73.9516,73.7754,73.809,25538,95002
1984-07-30,73.7671,73.7838,73.7251,73.7503,15117,94966
1984-07-31,73.7587,73.8342,73.7419,73.7754,19457,95066
1984-08-01,73.7922,73.9096,73.7503,73.7671,23919,93192
1984-08-02,73.7922,73.8509,73.7419,73.7922,18558,92822
1984-08-03,73.9683,74.0522,73.9264,73.9516,22629,91776
1984-08-06,73.8929,73.8929,73.7335,73.7419,19312,91764
1984-08-07,73.6664,73.8761,73.6497,73.8342,22197,91027
1984-08-08,73.8845,73.9516,73.8593,73.8845,21655,90938
1984-08-09,73.8677,73.9432,73.8342,73.918,17377,90663
1984-08-10,74.0857,74.0857,73.8593,73.8677,18780,90618
1984-08-13,73.7838,73.8677,73.7671,73.8677,13242,90803
1984-08-14,73.8425,73.9683,73.809,73.9348,21787,91374
1984-08-15,73.9516,73.9851,73.8761,73.918,18104,91437
1984-08-16,73.8677,73.9096,73.8425,73.9096,12628,91251
1984-08-17,73.8929,73.9264,73.8593,73.8929,8999,91157
1984-08-20,73.8761,73.9096,73.8258,73.8677,10158,91550
1984-08-21,73.8342,73.918,73.8174,73.9096,11006,92003
1984-08-22,73.9349,73.9854,73.8759,73.9181,15537,92260
1984-08-23,73.9096,73.9518,73.8928,73.9096,9276,92521
1984-08-24,73.9433,73.9518,73.9181,73.9181,7533,91736
1984-08-27,73.9012,73.9012,73.7243,73.7327,14315,92451
1984-08-28,73.758,73.8085,73.7159,73.7496,15683,93678
1984-08-29,73.7833,73.8085,73.7243,73.7496,15290,95025
1984-08-30,73.758,73.7833,73.7412,73.7664,9394,95405
1984-08-31,73.7496,73.8338,73.7496,73.8085,7159,94629
1984-09-04,73.7496,73.758,73.6653,73.6738,16938,93158
1984-09-05,73.6316,73.6906,73.5811,73.6738,22205,94551
1984-09-06,73.6822,73.8085,73.6653,73.8001,20141,95037
1984-09-07,73.8085,73.9854,73.8085,73.9265,25106,94828
1984-09-10,73.8844,74.1286,73.8844,74.1202,24705,93366
1984-09-11,74.1708,74.2803,74.1623,74.1708,30853,93533
1984-09-12,74.1118,74.1455,74.036,74.1118,22223,92972
1984-09-13,74.1876,74.2466,74.1792,74.2382,18762,92461
1984-09-14,74.3898,74.4656,74.3308,74.3308,27484,91283
1984-09-17,74.314,74.4151,74.2803,74.3645,21889,90827
1984-09-18,74.4151,74.5246,74.4066,74.5161,20279,77125
1984-09-19,74.5161,74.6678,74.4909,74.6172,30437,76929
1984-09-20,74.6509,74.7099,74.5414,74.6509,28125,77186
1984-09-21,74.6088,74.6088,74.5077,74.5246,26514,78784
1984-09-24,74.474,74.5161,74.4572,74.4656,19000,78986
1984-09-25,74.4572,74.533,74.4319,74.4403,19504,78625
1984-09-26,74.5161,74.5667,74.4909,74.5246,21767,78636
1984-09-27,74.592,74.6762,74.5667,74.6593,20451,77072
1984-09-28,74.592,74.6004,74.474,74.4993,17617,78146
1984-10-01,74.474,74.4909,74.3898,74.3982,15872,77799
1984-10-02,74.3645,74.4572,74.3561,74.4235,15070,78921
1984-10-03,74.4993,74.5077,74.3561,74.3645,17035,79501
1984-10-04,74.4235,74.4993,74.4066,74.4824,14671,79585
1984-10-05,74.5246,74.6256,74.4909,74.592,15409,80166
1984-10-08,74.6004,74.6256,74.592,74.6172,3217,79739
1984-10-09,74.6509,74.7604,74.6341,74.6425,24607,82637
1984-10-10,74.7436,74.7689,74.6172,74.6593,21983,83145
1984-10-11,74.6593,74.7267,74.6004,74.7183,20622,84051
1984-10-12,74.7267,74.8278,74.7099,74.8025,23393,83388
1984-10-15,74.7604,74.8194,74.7352,74.752,22390,85585
1984-10-16,74.752,74.8025,74.7436,74.7773,13968,85002
1984-10-17,74.811,74.9457,74.811,74.9121,20349,86036
1984-10-18,74.9626,75.1311,74.9373,75.1142,29726,86875
1984-10-19,75.2406,75.3164,75.1985,75.1985,32946,86959
1984-10-22,75.1732,75.2827,75.1563,75.2322,18692,86826
1984-10-23,75.3248,75.4427,75.3248,75.4006,27505,86680
1984-10-24,75.4933,75.5607,75.4175,75.5523,24112,89243
1984-10-25,75.5354,75.5691,75.4006,75.4175,27154,88656
1984-10-26,75.2911,75.3248,75.2153,75.249,27325,88785
1984-10-29,75.2237,75.2995,75.2069,75.2574,16007,89119
1984-10-30,75.2995,75.527,75.2911,75.5186,31344,90117
1984-10-31,75.5523,75.5859,75.4596,75.5438,27688,89927
1984-11-01,75.527,75.687,75.4933,75.6786,32786,90269
1984-11-02,75.7292,75.7628,75.5775,75.7207,36092,91974
1984-11-05,75.7713,75.9734,75.7544,75.9397,34170,92866
1984-11-06,75.9313,75.965,75.9145,75.9397,7407,92795
1984-11-07,76.0324,76.0408,75.8892,75.8976,29232,93301
1984-11-08,75.7797,75.8724,75.7628,75.8302,29934,94363
1984-11-09,75.7965,76.0156,75.7965,75.9061,31927,95913
1984-11-12,76.0156,76.0156,75.965,76.0071,7544,95339
1984-11-13,76.0071,76.0071,75.8387,75.8471,17735,94923
1984-11-14,75.8302,75.8976,75.746,75.7965,25959,94361
1984-11-15,75.746,76.0156,75.7207,75.9734,35469,94690
1984-11-16,75.9734,76.0661,75.9397,75.9566,28989,94561
1984-11-19,75.9734,76.0998,75.9566,76.0408,19837,94347
1984-11-20,76.0914,76.1503,76.0324,76.0998,27724,93702
1984-11-21,76.0914,76.243,76.0914,76.2262,28664,93458
1984-11-23,76.353,76.4207,76.3107,76.3361,18611,92977
1984-11-26,76.3699,76.4038,76.3276,76.3361,20499,93080
1984-11-27,76.3023,76.3446,76.2684,76.3107,21234,92998
1984-11-28,76.3699,76.4038,76.3192,76.3276,21898,94104
1984-11-29,76.4122,76.4122,76.2515,76.26,24541,94875
1984-11-30,76.2008,76.2092,76.0401,76.057,32110,96184
1984-12-03,76.0824,76.1839,76.057,76.1331,25679,95594
1984-12-04,76.2008,76.2769,76.1754,76.2684,23815,94777
1984-12-05,76.3276,76.3361,76.1839,76.1923,22845,95578
1984-12-06,76.1754,76.1923,76.0824,76.0908,20810,93906
1984-12-07,76.1839,76.1839,76.0147,76.0401,21282,93730
1984-12-10,76.0316,76.1754,76.0232,76.1669,15730,93962
1984-12-11,76.1923,76.26,76.1754,76.2092,18132,92580
1984-12-12,76.2515,76.3192,76.2515,76.2769,16927,92111
1984-12-13,76.3615,76.3615,76.1247,76.1331,25147,91405
1984-12-14,76.2092,76.5306,76.15,76.4122,41114,91140
1984-12-17,76.4122,76.5898,76.4038,76.5137,28827,91094
1984-12-18,76.5898,76.7674,76.5898,76.6744,29685,81055
1984-12-19,76.6575,76.6913,76.5475,76.6321,28382,82387
1984-12-20,76.5475,76.7167,76.5475,76.5983,19346,83022
1984-12-21,76.6575,76.6744,76.5814,76.6236,9867,84656
1984-12-24,76.6828,76.8182,76.6744,76.7505,4784,84173
1984-12-26,76.742,76.7505,76.6152,76.6236,7432,84915
1984-12-27,76.5983,76.6913,76.5729,76.6067,12149,85266
1984-12-28,76.6236,76.6406,76.5729,76.5898,10221,85064
1984-12-31,76.5644,76.6236,76.5052,76.5222,5989,85128
1985-01-02,76.5391,76.5814,76.5137,76.5222,12755,86654
1985-01-03,76.4883,76.6236,76.4799,76.556,20679,87105
1985-01-04,76.6321,76.6575,76.5306,76.5475,19950,87228
1985-01-07,76.649,76.759,76.6406,76.7336,28673,89340
1985-01-08,76.7505,76.8013,76.7336,76.7759,21786,89204
1985-01-09,76.9197,76.9197,76.8351,76.8689,29994,92072
1985-01-10,76.8435,76.852,76.8013,76.8435,24773,91413
1985-01-11,76.8097,76.8351,76.6998,76.7167,27476,90774
1985-01-14,76.7167,76.7759,76.6913,76.742,17000,90560
1985-01-15,76.8013,76.9027,76.8013,76.8605,24631,91562
1985-01-16,76.852,76.8943,76.8266,76.8605,17922,90566
1985-01-17,76.8605,76.9535,76.8605,76.9197,20594,91529
1985-01-18,77.0211,77.0803,77.0042,77.0719,22970,92521
1985-01-21,77.0719,77.0888,77.055,77.0634,4769,92929
1985-01-22,77.0634,77.1649,77.0211,77.148,20642,93952
1985-01-23,77.1987,77.2157,77.148,77.148,24366,93665
1985-01-24,77.1649,77.2833,77.1311,77.2664,34308,97006
1985-01-25,77.241,77.2749,77.1818,77.1987,29057,99241
1985-01-28,77.1565,77.1987,77.0888,77.1649,29170,99410
1985-01-29,77.1142,77.1903,77.055,77.148,28734,102017
1985-01-30,77.2326,77.2495,77.1057,77.1226,31394,103931
1985-01-31,77.0888,77.1649,76.9958,77.0211,33070,105524
1985-02-01,76.9619,76.9619,76.759,76.7759,52603,105364
1985-02-04,76.759,76.8689,76.7336,76.8351,31466,105461
1985-02-05,76.9112,76.9197,76.8266,76.8605,29665,106729
1985-02-06,76.8943,76.9366,76.759,76.7674,29483,108005
1985-02-07,76.8182,76.8182,76.6575,76.6744,41752,106538
1985-02-08,76.6152,76.7505,76.556,76.7167,54605,105922
1985-02-11,76.759,76.7928,76.6236,76.649,33987,105459
1985-02-12,76.5983,76.6406,76.5814,76.6321,9339,104355
1985-02-13,76.5814,76.6913,76.5814,76.649,39769,104768
1985-02-14,76.7167,76.8097,76.6828,76.8013,36147,103720
1985-02-15,76.7759,76.8266,76.6998,76.7167,35836,103820
1985-02-19,76.7082,76.7843,76.6744,76.7759,26270,104768
1985-02-20,76.759,76.759,76.649,76.6575,43520,105035
1985-02-21,76.5898,76.6067,76.5137,76.556,50509,106613
1985-02-22,76.5816,76.6498,76.428,76.4707,52846,104125
1985-02-25,76.5133,76.5389,76.4195,76.5304,29063,104252
1985-02-26,76.5645,76.6157,76.5048,76.5901,37042,102656
1985-02-27,76.5304,76.5475,76.3172,76.3257,49478,104780
1985-02-28,76.3598,76.3769,76.266,76.2916,40182,105487
1985-03-01,76.2745,76.3001,76.0869,76.1466,54286,110061
1985-03-04,76.2063,76.2319,75.9931,76.0187,43400,113153
1985-03-05,76.0784,76.1807,76.0784,76.1551,42380,110889
1985-03-06,76.2063,76.2234,75.9419,75.9845,55021,115151
1985-03-07,75.9845,76.0101,75.8822,75.976,44237,116818
1985-03-08,76.0442,76.2831,76.0272,76.2745,52026,114053
1985-03-11,76.3769,76.411,76.3001,76.3939,33449,114169
1985-03-12,76.3428,76.3513,76.266,76.3428,30716,114202
1985-03-13,76.3683,76.3683,76.1295,76.1466,46478,115751
1985-03-14,76.1039,76.1722,76.0357,76.1466,42487,116644
1985-03-15,76.0528,76.3001,76.0528,76.266,52916,117347
1985-03-18,76.2916,76.3172,76.1466,76.1892,43262,118168
1985-03-19,76.1551,76.2063,76.121,76.1978,34272,101873
1985-03-20,76.3172,76.5048,76.3172,76.4963,45151,97715
1985-03-21,76.4878,76.6498,76.4878,76.556,46719,96739
1985-03-22,76.5901,76.6498,76.4707,76.4878,27153,97923
1985-03-25,76.4536,76.5986,76.4195,76.573,26318,98805
1985-03-26,76.6413,76.7948,76.5986,76.7863,38060,98876
1985-03-27,76.7095,76.8886,76.6839,76.7948,41251,98223
1985-03-28,76.7266,76.9227,76.7095,76.863,46096,95679
1985-03-29,76.9739,76.9739,76.863,76.9568,31503,98417
1985-04-01,76.9227,76.9654,76.8801,76.8971,23289,99599
1985-04-02,76.8374,76.9142,76.7863,76.9057,31412,99532
1985-04-03,76.9398,76.9483,76.8716,76.9142,19281,100737
1985-04-04,76.9142,76.9398,76.8119,76.9142,21872,100958
1985-04-08,76.9142,77.0677,76.8716,76.9739,30713,102317
1985-04-09,76.9739,77.1701,76.9398,77.153,35636,102371
1985-04-10,77.153,77.2468,77.1445,77.1615,42775,103892
1985-04-11,77.1871,77.4515,77.1871,77.4345,50058,103683
1985-04-12,77.4345,77.4856,77.3833,77.4089,27463,103539
1985-04-15,77.4515,77.4601,77.3918,77.4174,22787,102421
1985-04-16,77.5539,77.6903,77.4601,77.6818,55068,105666
1985-04-17,77.6477,77.6989,77.5368,77.5795,46528,109119
1985-04-18,77.7415,77.878,77.7415,77.8012,57407,110317
1985-04-19,77.7756,77.8524,77.6562,77.6989,38572,108974
1985-04-22,77.7671,77.8524,77.7415,77.8268,26856,109789
1985-04-23,77.75,77.8097,77.588,77.6392,45400,110438
1985-04-24,77.6562,77.75,77.6136,77.7074,40695,110684
1985-04-25,77.6903,77.6903,77.5624,77.6477,44277,108222
1985-04-26,77.588,77.6903,77.5283,77.6818,31532,107606
1985-04-29,77.588,77.5965,77.5368,77.5453,32785,109853
1985-04-30,77.5453,77.7245,77.5453,77.6562,40261,110046
1985-05-01,77.6306,77.7842,77.6136,77.7586,37124,109552
1985-05-02,77.7415,77.7586,77.6733,77.75,27004,110942
1985-05-03,77.8524,77.9462,77.8439,77.895,44488,112694
1985-05-06,77.9036,77.9462,77.8865,77.9291,23743,112505
1985-05-07,77.9206,78.04,77.9036,77.9377,50423,114588
1985-05-08,77.9633,77.9633,77.8353,77.8865,44155,117767
1985-05-09,77.9036,77.9803,77.8609,77.9718,35280,118399
1985-05-10,78.0315,78.0997,77.9889,77.9974,35255,119803
1985-05-13,78.023,78.0315,77.9803,77.9974,16287,119798
1985-05-14,78.023,78.1168,77.9974,78.0997,40565,121587
1985-05-15,78.1338,78.2191,78.0827,78.0997,50207,123296
1985-05-16,78.1083,78.2021,78.0571,78.1765,42772,124085
1985-05-17,78.1424,78.1935,78.1083,78.168,26187,124032
1985-05-20,78.3812,78.4324,78.3556,78.3897,35877,126954
1985-05-21,78.3982,78.4238,78.3471,78.3982,25863,128665
1985-05-22,78.4068,78.4412,78.3553,78.3811,30577,131701
1985-05-23,78.3038,78.3467,78.2781,78.3296,26135,129562
1985-05-24,78.3639,78.4326,78.3467,78.4154,21871,129676
1985-05-28,78.4927,78.5614,78.4755,78.4927,35652,133348
1985-05-29,78.4755,78.5184,78.4498,78.5098,29710,133857
1985-05-30,78.5785,78.6043,78.5184,78.5785,38659,131422
1985-05-31,78.5442,78.7416,78.5442,78.7245,35884,130730
1985-06-03,78.8017,78.9391,78.7932,78.8876,40511,129912
1985-06-04,78.8447,78.9305,78.8103,78.9219,34172,128412
1985-06-05,79.0936,79.2052,79.0679,79.1795,46847,127102
1985-06-06,79.0679,79.1881,79.0335,79.1366,43626,125723
1985-06-07,79.128,79.128,78.776,78.7846,54782,128864
1985-06-10,78.8189,78.8361,78.7588,78.8103,35750,129523
1985-06-11,78.8532,78.9563,78.8447,78.9391,32395,129857
1985-06-12,78.9992,79.0421,78.8532,78.9048,51005,126826
1985-06-13,78.8447,78.9992,78.8017,78.8876,58588,125621
1985-06-14,78.9649,79.2224,78.9649,79.2052,58202,125913
1985-06-17,79.2224,79.3168,79.1451,79.1537,51027,123188
1985-06-18,79.2567,79.3426,79.2052,79.3083,43252,107532
1985-06-19,79.2911,79.3683,79.1022,79.1194,40736,107407
1985-06-20,79.1366,79.1537,78.9133,78.9992,61926,108398
1985-06-21,78.8361,78.879,78.7245,78.7846,50025,111102
1985-06-24,78.7331,78.7588,78.6386,78.7502,35797,111477
1985-06-25,78.7245,78.7846,78.5871,78.7416,47209,111743
1985-06-26,78.7331,78.8704,78.7331,78.7932,38171,114228
1985-06-27,78.8618,78.9305,78.8361,78.9133,32753,114559
1985-06-28,78.8704,79.0507,78.8704,79.0421,34084,116274
1985-07-01,79.1194,79.128,79.0078,79.0164,24326,114366
1985-07-02,78.982,79.0765,78.9305,79.0249,26688,114674
1985-07-03,79.0507,79.1022,78.982,79.0164,21212,112991
1985-07-05,79.0421,79.334,79.0421,79.3168,34049,113877
1985-07-08,79.2567,79.2825,79.1795,79.1966,24345,113728
1985-07-09,79.1623,79.231,79.1366,79.1795,28054,115080
1985-07-10,79.1709,79.231,79.1108,79.1194,24781,115601
1985-07-11,79.0765,79.085,78.879,78.8962,47251,114811
1985-07-12,78.9219,79.0421,78.7932,78.9048,45642,118081
1985-07-15,78.9048,78.982,78.8532,78.9563,24158,117441
1985-07-16,78.9477,79.085,78.9477,79.0765,30131,116857
1985-07-17,79.2052,79.2653,78.9563,79.0765,62282,113923
1985-07-18,79.0765,79.1623,78.8361,78.8447,65299,116694
1985-07-19,78.8618,78.8876,78.7416,78.8103,50686,120097
1985-07-22,78.7674,78.7674,78.6558,78.7416,44910,118871
1985-07-23,78.6815,78.7932,78.673,78.776,45533,122206
1985-07-24,78.8447,78.8618,78.7416,78.7502,35711,124636
1985-07-25,78.7416,78.8189,78.7159,78.8017,29183,123998
1985-07-26,78.7674,78.7846,78.7159,78.7331,30875,124774
1985-07-29,78.6901,78.6901,78.6129,78.6644,29569,126381
1985-07-30,78.6558,78.7245,78.5871,78.63,45555,127980
1985-07-31,78.6644,78.6901,78.6043,78.673,27724,128862
1985-08-01,78.7416,78.7674,78.6987,78.7159,34164,127679
1985-08-02,78.7073,78.7073,78.6215,78.63,26806,127473
1985-08-05,78.6558,78.6815,78.6215,78.673,19550,129226
1985-08-06,78.7331,78.7588,78.6901,78.6901,21273,129277
1985-08-07,78.7159,78.8189,78.6901,78.8103,32392,129116
1985-08-08,78.8189,78.9048,78.8189,78.879,39658,127120
1985-08-09,78.8447,78.9477,78.8447,78.9219,38617,125520
1985-08-12,78.9563,79.0078,78.8962,78.9305,34424,126223
1985-08-13,78.879,78.9391,78.8361,78.879,37124,127716
1985-08-14,78.8361,78.9305,78.8189,78.9219,34047,128174
1985-08-15,78.9391,78.9906,78.8361,78.8532,37757,127254
1985-08-16,78.7846,78.9133,78.7846,78.9048,37093,132046
1985-08-19,78.9133,78.9477,78.8876,78.9305,23127,130847
1985-08-20,78.8876,78.9734,78.8275,78.9649,48752,130383
1985-08-21,78.9906,79.0335,78.9563,79.0249,44409,130406
1985-08-22,79.0249,79.0594,78.956,78.9647,30560,128857
1985-08-23,78.956,79.0077,78.9388,78.9474,19507,129754
1985-08-26,78.9216,78.9302,78.8527,78.8958,18319,129985
1985-08-27,78.8871,78.956,78.8699,78.9474,21996,130554
1985-08-28,78.956,78.9733,78.913,78.9216,26310,131279
1985-08-29,78.9905,79.0249,78.9647,78.9905,27343,130840
1985-08-30,78.9302,78.9474,78.8096,78.8183,44217,131447
1985-09-03,78.7924,78.8355,78.7494,78.8269,27192,130831
1985-09-04,78.8527,78.9302,78.8441,78.8785,34283,131278
1985-09-05,78.9044,78.9302,78.7838,78.8183,39188,131793
1985-09-06,78.7838,78.7838,78.5857,78.5943,64867,135750
1985-09-09,78.5685,78.6288,78.5513,78.5685,44415,134204
1985-09-10,78.6116,78.646,78.5513,78.5943,29552,133182
1985-09-11,78.5685,78.5857,78.5082,78.5685,49886,134885
1985-09-12,78.5341,78.5599,78.5168,78.5341,26454,134774
1985-09-13,78.4824,78.7924,78.4824,78.7407,70083,136756
1985-09-16,78.7235,78.7752,78.7235,78.7407,24206,136408
1985-09-17,78.758,78.8183,78.6805,78.6891,31191,112907
1985-09-18,78.7149,78.7407,78.6632,78.6891,21820,111551
1985-09-19,78.6632,78.6805,78.6288,78.6805,28287,110702
1985-09-20,78.801,78.8699,78.758,78.8269,46855,112066
1985-09-23,79.0077,79.0163,78.9302,78.9474,43933,115220
1985-09-24,78.8958,79.068,78.8785,79.0508,53704,118294
1985-09-25,79.0508,79.18,79.0249,79.1197,38305,121561
1985-09-26,79.1627,79.18,79.0336,79.1025,45872,121808
1985-09-27,79.0594,79.0594,78.9647,78.9819,20360,122665
1985-09-30,78.9474,79.0422,78.913,79.0336,28545,122028
1985-10-01,79.0163,79.0938,78.9905,79.0766,30192,123168
1985-10-02,79.1025,79.1627,78.9819,78.9905,49390,124168
1985-10-03,79.0336,79.0508,78.9647,79.0077,35557,123816
1985-10-04,79.0422,79.1455,78.9819,78.9991,43972,125415
1985-10-07,78.9474,78.956,78.9044,78.9302,29963,125484
1985-10-08,78.9302,78.9647,78.9044,78.956,23093,124443
1985-10-09,78.9733,78.9733,78.8958,78.913,28465,125768
1985-10-10,78.8785,78.913,78.8699,78.9044,26486,124103
1985-10-11,78.8699,79.0766,78.8699,78.9216,25365,124745
1985-10-14,78.9302,78.9388,78.913,78.9216,3302,125073
1985-10-15,78.9388,78.956,78.9302,78.9388,10370,125626
1985-10-16,78.9388,78.9905,78.9388,78.9819,18243,124086
1985-10-17,78.9905,79.0508,78.913,79.0422,27370,125857
1985-10-18,79.0594,79.1025,79.0508,79.0594,25029,125865
1985-10-21,79.068,79.068,79.0249,79.0508,15115,125706
1985-10-22,79.0422,79.1197,79.0336,79.0852,31307,126750
1985-10-23,79.0766,79.1197,79.0336,79.0766,32069,128059
1985-10-24,79.0422,79.0422,78.9991,79.0163,29356,131269
1985-10-25,79.0163,79.0508,78.9991,79.0422,22721,131527
1985-10-28,79.0336,79.0766,79.0336,79.0508,22397,131381
1985-10-29,79.0852,79.1886,79.0852,79.18,44449,135597
1985-10-30,79.378,79.378,79.2489,79.2489,80621,140307
1985-10-31,79.2661,79.3178,79.2402,79.2747,39517,141184
1985-11-01,79.3178,79.3436,79.2144,79.2919,59539,143512
1985-11-04,79.2661,79.2747,79.2316,79.2489,21799,143438
1985-11-05,79.223,79.2747,79.1972,79.2489,36213,144943
1985-11-06,79.2489,79.2919,79.223,79.2316,35070,146788
1985-11-07,79.2919,79.3005,79.1886,79.2316,43081,150733
1985-11-08,79.2489,79.3608,79.2489,79.3522,43468,152838
1985-11-11,79.3005,79.335,79.2833,79.3264,7203,152363
1985-11-12,79.3178,79.3436,79.3005,79.3264,28867,152478
1985-11-13,79.3091,79.3091,79.2575,79.2661,37303,154490
1985-11-14,79.2575,79.2919,79.223,79.2402,30872,153880
1985-11-15,79.1369,79.2058,79.1025,79.18,47968,155467
1985-11-18,79.1627,79.2919,79.1627,79.2833,48666,157351
1985-11-19,79.3091,79.3522,79.2402,79.2919,55616,155937
1985-11-20,79.3178,79.3178,79.1972,79.2402,50255,159053
1985-11-21,79.3091,79.3091,79.2402,79.2489,35988,159290
1985-11-22,79.2316,79.2747,79.2058,79.2316,23968,160686
1985-11-25,79.223,79.223,79.1886,79.2058,15628,160631
1985-11-26,79.1886,79.2316,79.1714,79.1886,25621,162468
1985-11-27,79.18,79.2489,79.1541,79.2144,31471,165870
1985-11-29,79.2144,79.2402,79.1886,79.2316,16829,165256
1985-12-02,79.1972,79.2058,79.068,79.0766,45179,166271
1985-12-03,79.0766,79.0938,79.0336,79.0852,40482,166820
1985-12-04,79.1111,79.1369,79.0766,79.1283,34853,169376
1985-12-05,79.1111,79.1197,79.0766,79.0852,27086,166137
1985-12-06,79.0766,79.1197,79.0422,79.0852,36320,165262
1985-12-09,79.1111,79.2144,79.1111,79.2058,37685,160861
1985-12-10,79.2489,79.3264,79.2402,79.2919,48653,157794
1985-12-11,79.335,79.5244,79.3091,79.4986,79183,159311
1985-12-12,79.4642,79.5331,79.3953,79.4642,69699,157064
1985-12-13,79.4986,79.5589,79.4814,79.5072,39316,156469
1985-12-16,79.5331,79.5417,79.4814,79.5158,36056,157204
1985-12-17,79.5072,79.5675,79.5072,79.5503,26475,124537
1985-12-18,79.5331,79.5417,79.4211,79.4469,37737,127282
1985-12-19,79.4211,79.5589,79.4039,79.5158,42340,128281
1985-12-20,79.49,79.6106,79.4039,79.5331,45545,127703
1985-12-23,79.49,79.5072,79.4556,79.4642,17826,126387
1985-12-24,79.4383,79.5158,79.4383,79.4728,7488,125334
1985-12-26,79.4642,79.5331,79.4556,79.49,5704,124424
1985-12-27,79.49,79.5417,79.49,79.4986,8798,122841
1985-12-30,79.49,79.5244,79.4383,79.4469,14808,121912
1985-12-31,79.4469,79.4814,79.4383,79.4469,9314,121537
1986-01-02,79.4469,79.4556,79.3867,79.4039,18855,122617
1986-01-03,79.3608,79.4039,79.3522,79.378,23559,121221
1986-01-06,79.3694,79.4125,79.3522,79.3694,15321,121858
1986-01-07,79.4125,79.4728,79.4125,79.4642,24599,122166
1986-01-08,79.4814,79.49,79.2058,79.2144,80182,128128
1986-01-09,79.1714,79.1886,79.0938,79.1627,77358,132365
1986-01-10,79.1455,79.18,79.0938,79.1025,39318,133106
1986-01-13,79.0249,79.0852,79.0077,79.0336,38662,133653
1986-01-14,79.0594,79.1111,79.0508,79.0938,42855,135458
1986-01-15,79.1369,79.3005,79.1111,79.1886,74199,138244
1986-01-16,79.2575,79.2919,79.1455,79.223,54007,138451
1986-01-17,79.2489,79.2661,79.1972,79.223,34271,139444
1986-01-20,79.0938,79.1541,79.0938,79.1541,9802,139578
1986-01-21,79.1714,79.2402,79.1714,79.1972,36056,141046
1986-01-22,79.1541,79.2575,79.1369,79.1455,54595,141678
1986-01-23,79.1714,79.2144,79.1369,79.2058,34705,142939
1986-01-24,79.1972,79.2661,79.1369,79.2402,42038,141044
1986-01-27,79.2575,79.3091,79.2575,79.3005,25183,141652
1986-01-28,79.3436,79.3522,79.3005,79.3436,30799,140589
1986-01-29,79.3436,79.3953,79.2661,79.2833,41803,140347
1986-01-30,79.2661,79.335,79.223,79.2833,48324,144606
1986-01-31,79.2747,79.378,79.2489,79.335,41998,145278
1986-02-03,79.335,79.3522,79.3005,79.335,25923,143790
1986-02-04,79.378,79.3953,79.3005,79.3264,37190,144633
1986-02-05,79.3436,79.3608,79.2919,79.3005,46691,146115
1986-02-06,79.3178,79.3178,79.1886,79.2316,54436,146798
1986-02-07,79.223,79.223,79.068,79.1714,70154,151777
1986-02-10,79.1972,79.2058,79.1369,79.18,30104,153097
1986-02-11,79.1886,79.2316,79.1541,79.1714,44589,155131
1986-02-12,79.1714,79.18,79.1455,79.1714,24949,153133
1986-02-13,79.1714,79.2144,79.1714,79.1972,26861,153426
1986-02-14,79.2661,79.3178,79.2489,79.3178,43082,152879
1986-02-18,79.3436,79.3694,79.3091,79.3436,40797,151417
1986-02-19,79.2833,79.3694,79.2402,79.2833,59157,153852
1986-02-20,79.2747,79.3091,79.2402,79.2661,39325,154116
1986-02-21,79.2747,79.3264,79.2747,79.3178,35166,154759
1986-02-24,79.3178,79.4296,79.3005,79.3866,50811,153834
1986-02-25,79.3608,79.3866,79.3264,79.3522,33438,152913
1986-02-26,79.3178,79.3694,79.3178,79.3608,30621,153054
1986-02-27,79.421,79.5157,79.4124,79.5071,54263,155213
1986-02-28,79.5157,79.6448,79.4727,79.5071,77530,155284
1986-03-03,79.5329,79.5931,79.5071,79.5845,40223,154799
1986-03-04,79.662,79.748,79.6448,79.6706,58470,157294
1986-03-05,79.6276,79.662,79.5587,79.5931,52780,157523
1986-03-06,79.7308,79.7739,79.6792,79.7308,60032,156515
1986-03-07,79.748,79.8169,79.7222,79.7566,44678,156464
1986-03-10,79.7825,79.8341,79.7825,79.8083,30565,158297
1986-03-11,79.8513,79.8513,79.7997,79.8255,28379,157854
1986-03-12,79.8427,79.8513,79.7911,79.8255,28439,159524
1986-03-13,79.7997,79.8169,79.7566,79.8169,32994,159813
1986-03-14,79.8169,79.8599,79.8169,79.8341,27838,160011
1986-03-17,79.8771,79.8771,79.7997,79.8083,29054,159168
1986-03-18,79.7825,79.8341,79.748,79.8083,31571,131721
1986-03-19,79.8083,79.8255,79.7825,79.8083,20934,133555
1986-03-20,79.8169,79.8427,79.8169,79.8255,17113,134262
1986-03-21,79.8427,79.8771,79.8169,79.8255,19928,134872
1986-03-24,79.8341,79.8771,79.8341,79.8685,19746,134790
1986-03-25,79.8685,79.9029,79.8427,79.8599,22019,136260
1986-03-26,79.8685,79.8943,79.8599,79.8857,15873,136454
1986-03-27,79.9546,80.0062,79.9374,79.9976,28494,140401
1986-03-31,79.989,80.0664,79.989,80.0578,18634,142707
1986-04-01,80.1095,80.1611,80.0578,80.0578,48250,145477
1986-04-02,80.0062,80.0923,79.989,80.0837,44326,144931
1986-04-03,80.075,80.1181,80.0234,80.032,31077,145052
1986-04-04,80.0234,80.1697,80.0062,80.1439,61322,149835
1986-04-07,80.1353,80.2041,80.1353,80.1525,36192,151342
1986-04-08,80.2299,80.2988,80.2213,80.2902,44555,154886
1986-04-09,80.3418,80.3676,80.3074,80.3504,42756,152549
1986-04-10,80.316,80.3848,80.2902,80.3504,28602,153659
1986-04-11,80.359,80.3935,80.3074,80.316,27509,155750
1986-04-14,80.3418,80.4279,80.3418,80.4193,21430,153410
1986-04-15,80.3935,80.4623,80.3848,80.4193,32822,153508
1986-04-16,80.4881,80.6258,80.4795,80.6172,36699,157666
1986-04-17,80.6172,80.6258,80.4881,80.5656,60435,161224
1986-04-18,80.5484,80.5914,80.5311,80.5398,23424,161116
1986-04-21,80.5053,80.5053,80.4537,80.4709,30389,163661
1986-04-22,80.4709,80.5053,80.316,80.3246,52668,165096
1986-04-23,80.2816,80.316,80.2127,80.2558,67171,167377
1986-04-24,80.273,80.2988,80.1009,80.1181,66303,166566
1986-04-25,80.1697,80.2127,80.075,80.0923,47786,165094
1986-04-28,80.1181,80.2386,80.1095,80.2213,42348,165077
1986-04-29,80.2558,80.2902,80.1697,80.2299,49253,163025
1986-04-30,80.2299,80.2644,80.1869,80.2472,38222,164042
1986-05-01,80.2558,80.2558,80.1611,80.1869,30946,164906
1986-05-02,80.1783,80.2041,80.1181,80.1955,37819,167076
1986-05-05,80.1869,80.3418,80.1869,80.3332,31008,165453
1986-05-06,80.3074,80.3504,80.2816,80.3332,44486,165732
1986-05-07,80.316,80.3418,80.2558,80.3332,36034,167267
1986-05-08,80.3418,80.3935,80.3418,80.3762,35332,168204
1986-05-09,80.2988,80.2988,80.1955,80.2213,57832,169272
1986-05-12,80.1611,80.1697,80.0923,80.1009,53859,172626
1986-05-13,80.0406,80.1783,80.0234,80.1525,69222,172125
1986-05-14,80.1783,80.2041,80.1009,80.1095,46341,174312
1986-05-15,80.1181,80.1181,79.9374,79.9718,83917,177615
1986-05-16,79.946,79.9976,79.9029,79.9288,62331,176624
1986-05-19,79.9632,79.9976,79.9288,79.9374,38258,175362
1986-05-20,79.9201,80.0148,79.8685,79.9976,68741,175534
1986-05-21,80.0148,80.0492,79.9718,79.9976,60245,173435
1986-05-22,80.0234,80.0751,79.9804,79.9976,44777,173004
1986-05-23,80.0234,80.0665,80.0062,80.0579,19402,171249
1986-05-27,80.1095,80.144,80.1009,80.1353,25023,170027
1986-05-28,80.144,80.1526,80.032,80.0493,36925,171151
1986-05-29,80.0406,80.0406,79.9115,79.9287,55016,172840
1986-05-30,79.9201,79.9976,79.8943,79.9287,45098,173888
1986-06-02,79.9373,79.9632,79.7738,79.7824,54400,174250
1986-06-03,79.8168,79.8771,79.7393,79.8685,67955,174683
1986-06-04,79.9115,79.9287,79.6963,79.7738,84310,176641
1986-06-05,79.8082,79.8685,79.7479,79.791,60228,176240
1986-06-06,79.8254,80.0062,79.8254,79.9976,52730,175704
1986-06-09,80.0234,80.0234,79.8426,79.8685,53399,177899
1986-06-10,79.8943,79.9115,79.834,79.8943,50662,180033
1986-06-11,79.9201,79.9201,79.8254,79.8943,48068,178124
1986-06-12,79.8771,80.0062,79.8512,79.9632,64492,177365
1986-06-13,80.0062,80.1956,79.9804,80.187,63244,173038
1986-06-16,80.1956,80.2645,80.1612,80.2214,55048,173609
1986-06-17,80.2387,80.3075,80.2214,80.2817,50873,148265
1986-06-18,80.3075,80.3678,80.2559,80.2903,40198,150908
1986-06-19,80.2645,80.2817,80.1956,80.2128,41700,153465
1986-06-20,80.1784,80.2989,80.1698,80.2903,43805,152031
1986-06-23,80.2645,80.3248,80.2559,80.3075,26589,152512
1986-06-24,80.3334,80.3764,80.3248,80.3248,36504,151065
1986-06-25,80.385,80.4022,80.3334,80.342,32977,151934
1986-06-26,80.3161,80.385,80.3075,80.3678,34571,154355
1986-06-27,80.4108,80.4367,80.385,80.4195,29422,155261
1986-06-30,80.4539,80.4711,80.4281,80.4539,25720,155916
1986-07-01,80.4883,80.4969,80.4367,80.4539,30369,156251
1986-07-02,80.4281,80.4625,80.4022,80.4539,22066,155917
1986-07-03,80.4539,80.5486,80.4539,80.54,27207,158772
1986-07-07,80.5572,80.5658,80.5055,80.5142,25606,159711
1986-07-08,80.4969,80.4969,80.3936,80.4022,51671,162179
1986-07-09,80.3936,80.5314,80.385,80.5228,44815,161500
1986-07-10,80.5228,80.5486,80.4711,80.5055,36640,162522
1986-07-11,80.5314,80.583,80.5228,80.5572,40189,162944
1986-07-14,80.5486,80.6089,80.5314,80.5916,26757,164062
1986-07-15,80.6089,80.6433,80.5658,80.6175,42365,165106
1986-07-16,80.6089,80.6261,80.5658,80.5744,31994,164111
1986-07-17,80.5572,80.6002,80.5314,80.5744,28954,160720
1986-07-18,80.5486,80.6261,80.5486,80.6002,18008,159984
1986-07-21,80.6347,80.6433,80.6089,80.6175,12814,158328
1986-07-22,80.5916,80.6089,80.5228,80.5572,40413,160237
1986-07-23,80.5228,80.5228,80.4453,80.4539,47720,162259
1986-07-24,80.4797,80.4969,80.4195,80.4367,44079,167443
1986-07-25,80.4453,80.4625,80.4281,80.4367,17034,167656
1986-07-28,80.4108,80.4195,80.342,80.3506,35889,167940
1986-07-29,80.3678,80.4367,80.3506,80.4281,49749,172771
1986-07-30,80.4367,80.4797,80.4195,80.4625,35567,171705
1986-07-31,80.5055,80.5658,80.4883,80.5572,44385,171476
1986-08-01,80.6002,80.6175,80.5055,80.5314,42868,176043
1986-08-04,80.5142,80.5658,80.4969,80.5572,26461,174450
1986-08-05,80.5142,80.5572,80.4969,80.5228,38086,175674
1986-08-06,80.5228,80.5314,80.4883,80.5228,37454,177800
1986-08-07,80.5142,80.5572,80.4883,80.5486,38586,181036
1986-08-08,80.5572,80.6002,80.5572,80.5916,32753,180582
1986-08-11,80.6261,80.6347,80.6089,80.6175,35173,181443
1986-08-12,80.6605,80.6863,80.6605,80.6777,40133,180428
1986-08-13,80.7122,80.8069,80.6863,80.7983,61249,185361
1986-08-14,80.7724,80.781,80.7122,80.7638,48881,186732
1986-08-15,80.781,80.7983,80.738,80.7466,34605,185797
1986-08-18,80.7466,80.7724,80.7294,80.7638,22319,185349
1986-08-19,80.781,80.8499,80.781,80.8413,51686,186765
1986-08-20,80.8671,80.9016,80.8585,80.8757,45865,189650
1986-08-21,80.9188,80.9791,80.9188,80.9704,44707,194126
1986-08-22,80.9532,80.9532,80.9016,80.9188,40063,192746
1986-08-25,80.9188,81.0049,80.9102,80.9963,26474,192382
1986-08-26,81.0307,81.0823,81.0221,81.0651,35512,195784
1986-08-27,81.0651,81.0651,81.0135,81.0307,37456,198959
1986-08-28,81.0221,81.134,80.9963,81.0996,51473,200620
1986-08-29,81.1082,81.2459,81.0996,81.2201,55420,203503
1986-09-02,81.2287,81.2631,81.1426,81.1512,53758,208423
1986-09-03,81.0996,81.1082,81.0049,81.0565,96109,211986
1986-09-04,81.1082,81.1426,81.0307,81.0651,73135,212067
1986-09-05,81.0565,81.0651,80.9188,80.9618,85661,217904
1986-09-08,80.8672,80.936,80.8499,80.8844,68588,218840
1986-09-09,80.9274,80.9705,80.9102,80.9188,52915,215086
1986-09-10,80.936,80.9705,80.9188,80.9446,44808,216815
1986-09-11,80.8758,80.8758,80.7639,80.7725,73369,217718
1986-09-12,80.7639,80.9102,80.7553,80.7811,98975,222076
1986-09-15,80.8499,80.8844,80.8327,80.8499,50957,223814
1986-09-16,80.8327,80.8844,80.7897,80.8499,51183,199465
1986-09-17,80.8241,80.8758,80.8155,80.8499,42946,201620
1986-09-18,80.8758,80.9188,80.695,80.7036,88902,208083
1986-09-19,80.7294,80.738,80.6606,80.7036,61109,211387
1986-09-22,80.7294,80.7897,80.7294,80.7811,29922,211777
1986-09-23,80.8069,80.8586,80.7725,80.7897,48161,213036
1986-09-24,80.8069,80.9274,80.7811,80.9188,57351,213434
1986-09-25,80.9188,80.9705,80.8586,80.9016,63499,216274
1986-09-26,80.8758,80.936,80.8069,80.9188,49379,212748
1986-09-29,80.7897,80.8586,80.7897,80.8413,43638,214286
1986-09-30,80.8499,80.9274,80.8069,80.9188,53688,216633
1986-10-01,80.9618,80.9963,80.9188,80.936,57131,217542
1986-10-02,80.9274,80.9446,80.893,80.9102,33867,219543
1986-10-03,80.9188,81.091,80.9016,81.0823,74375,219797
1986-10-06,81.1168,81.1254,81.091,81.1082,40228,220351
1986-10-07,81.1168,81.1512,81.0737,81.1426,39167,216067
1986-10-08,81.1168,81.1856,81.0823,81.1168,53447,218535
1986-10-09,81.1082,81.1426,81.0823,81.1254,35839,223277
1986-10-10,81.134,81.134,81.0479,81.0651,38133,221339
1986-10-13,81.0307,81.0479,81.0221,81.0393,7419,219868
1986-10-14,81.0479,81.0651,80.9618,80.9705,39900,217753
1986-10-15,80.9705,81.0049,80.936,80.9963,53486,218250
1986-10-16,81.0049,81.0135,80.9446,80.9532,41555,220721
1986-10-17,80.9188,80.9532,80.8413,80.8672,61495,220839
1986-10-20,80.8327,80.8327,80.7897,80.8069,45339,220448
1986-10-21,80.8413,80.8758,80.8241,80.8413,32677,215339
1986-10-22,80.8499,80.9188,80.7897,80.9016,57727,214474
1986-10-23,80.9274,80.9618,80.8844,80.9446,54667,217778
1986-10-24,80.9446,80.9446,80.893,80.9016,22439,218913
1986-10-27,80.8844,80.9532,80.8672,80.936,24764,219883
1986-10-28,80.9446,80.9705,80.9274,80.936,42505,224252
1986-10-29,80.9016,80.9791,80.9016,80.9532,45570,224226
1986-10-30,81.0823,81.0996,81.0049,81.0307,88713,223333
1986-10-31,81.0737,81.0737,80.9791,81.0049,56251,227364
1986-11-03,81.0135,81.0565,81.0135,81.0135,37896,224457
1986-11-04,80.9963,81.0135,80.9705,80.9963,37550,226069
1986-11-05,80.9705,81.0049,80.9532,80.9705,36188,225352
1986-11-06,80.9618,80.9618,80.9188,80.9274,38701,226634
1986-11-07,80.8758,80.893,80.8155,80.8413,68623,230128
1986-11-10,80.8069,80.8155,80.7553,80.7983,53189,229872
1986-11-11,80.8241,80.8327,80.7983,80.8069,12414,229149
1986-11-12,80.8241,80.8499,80.7983,80.8327,39366,227684
1986-11-13,80.8499,80.8672,80.8327,80.8327,40140,226947
1986-11-14,80.8499,80.893,80.8069,80.8844,40363,224797
1986-11-17,80.8758,80.9102,80.8672,80.893,40053,225642
1986-11-18,80.8844,80.893,80.8586,80.8672,47985,226110
1986-11-19,80.8586,80.9791,80.8327,80.9705,58206,224234
1986-11-20,80.9446,80.9705,80.9188,80.9532,62351,226159
1986-11-21,80.9274,80.9877,80.9188,80.9532,56329,225621
1986-11-24,80.979,80.9876,80.9618,80.9618,40759,230596
1986-11-25,80.9704,81.0134,80.9188,80.9274,64779,234803
1986-11-26,80.936,80.9532,80.9102,80.9446,44164,236432
1986-11-28,80.936,80.936,80.9102,80.9188,17224,234299
1986-12-01,80.893,80.893,80.85,80.8758,36535,231586
1986-12-02,80.8672,80.936,80.8414,80.9274,44291,229697
1986-12-03,80.9532,80.9704,80.9274,80.9274,47737,228386
1986-12-04,80.9532,81.0048,80.9446,80.979,49440,227954
1986-12-05,80.9962,81.0307,80.8672,80.8758,89315,230852
1986-12-08,80.8844,80.9016,80.8328,80.8844,56311,232183
1986-12-09,80.893,80.9102,80.8758,80.8844,39743,230881
1986-12-10,80.8758,80.893,80.8586,80.8844,29493,231998
1986-12-11,80.8844,80.893,80.7984,80.807,46231,233243
1986-12-12,80.8242,80.85,80.7812,80.807,59352,234019
1986-12-15,80.7726,80.7812,80.7382,80.7726,50223,234868
1986-12-16,80.7898,80.8156,80.764,80.7726,33778,204769
1986-12-17,80.7898,80.807,80.7812,80.7984,26802,205459
1986-12-18,80.8328,80.8414,80.7984,80.807,28505,206999
1986-12-19,80.807,80.8242,80.7984,80.807,17373,206557
1986-12-22,80.7726,80.7984,80.764,80.7984,20558,206188
1986-12-23,80.8156,80.8242,80.7898,80.807,21326,206567
1986-12-24,80.8242,80.8328,80.8156,80.8242,5635,207472
1986-12-26,80.8328,80.8414,80.8242,80.8328,2130,207121
1986-12-29,80.8328,80.8328,80.764,80.7726,18487,209443
1986-12-30,80.7726,80.7726,80.7296,80.7382,27759,211000
1986-12-31,80.7468,80.807,80.7382,80.764,23345,214401
1987-01-02,80.7812,80.8242,80.7812,80.8156,22409,216288
1987-01-05,80.8414,80.8844,80.8414,80.8758,39905,213213
1987-01-06,80.8758,80.893,80.8672,80.8844,37842,219141
1987-01-07,80.8758,80.9274,80.8586,80.9188,49858,217766
1987-01-08,80.936,80.9532,80.9188,80.9274,46102,220890
1987-01-09,80.9188,80.9618,80.8758,80.9446,70688,226510
1987-01-12,80.9446,80.9532,80.893,80.9016,53439,228447
1987-01-13,80.85,80.8844,80.8414,80.8844,56059,229709
1987-01-14,80.85,80.9102,80.8242,80.8586,65053,232301
1987-01-15,80.9016,80.9102,80.8586,80.8758,48669,232240
1987-01-16,80.9188,80.9188,80.8844,80.9102,36773,232580
1987-01-19,80.8844,80.9188,80.8758,80.9102,20315,231341
1987-01-20,80.9274,80.9446,80.9016,80.9102,41320,235990
1987-01-21,80.9274,80.9274,80.8844,80.9016,38526,237693
1987-01-22,80.8758,80.9188,80.85,80.8758,63892,237253
1987-01-23,80.8758,80.8758,80.7984,80.8156,57171,240042
1987-01-26,80.7984,80.807,80.7554,80.764,49511,240655
1987-01-27,80.764,80.7812,80.721,80.7382,55395,245002
1987-01-28,80.7038,80.7382,80.6866,80.7296,70165,249318
1987-01-29,80.7554,80.764,80.7124,80.721,45030,253425
1987-01-30,80.7296,80.7468,80.5834,80.592,107802,256641
1987-02-02,80.6092,80.6264,80.5834,80.6006,61644,258816
1987-02-03,80.6092,80.6264,80.5834,80.6006,45599,260630
1987-02-04,80.635,80.6522,80.5661,80.6006,76554,265420
1987-02-05,80.635,80.6608,80.6178,80.6436,58797,262763
1987-02-06,80.6522,80.6608,80.5403,80.5747,98126,272727
1987-02-09,80.5661,80.5661,80.4801,80.5059,81388,275939
1987-02-10,80.4887,80.5059,80.3855,80.4543,109585,280483
1987-02-11,80.4457,80.4629,80.3339,80.3597,138829,283496
1987-02-12,80.4027,80.4715,80.3941,80.4285,91616,281715
1987-02-13,80.4543,80.5059,80.4285,80.4285,75451,279428
1987-02-17,80.3253,80.3511,80.2909,80.3511,74986,276834
1987-02-18,80.3683,80.3855,80.3425,80.3511,64254,276623
1987-02-19,80.4457,80.5317,80.4199,80.5231,112057,266781
1987-02-20,80.4973,80.5403,80.4801,80.5145,88593,262799
1987-02-23,80.4973,80.5317,80.4629,80.5231,54811,259997
1987-02-24,80.5231,80.5747,80.5231,80.5403,68227,258301
1987-02-25,80.5231,80.5489,80.4801,80.4887,55924,255410
1987-02-26,80.4887,80.5231,80.4715,80.4887,60693,255077
1987-02-27,80.4973,80.5489,80.4887,80.5231,55550,255573
1987-03-02,80.5575,80.5833,80.5489,80.5489,41316,252232
1987-03-03,80.5575,80.5747,80.4973,80.5059,50178,247686
1987-03-04,80.5059,80.5833,80.4973,80.5747,62450,241458
1987-03-05,80.5919,80.6177,80.5575,80.5747,67227,238944
1987-03-06,80.5833,80.5919,80.4544,80.4629,99185,241127
1987-03-09,80.4372,80.4458,80.4114,80.4372,43312,237997
1987-03-10,80.4286,80.4372,80.3942,80.4114,45957,237556
1987-03-11,80.3684,80.4028,80.3512,80.3942,55601,236853
1987-03-12,80.4114,80.4372,80.3684,80.4028,47083,236493
1987-03-13,80.3942,80.4801,80.377,80.4458,63353,236055
1987-03-16,80.4286,80.4372,80.4028,80.4286,31021,237448
1987-03-17,80.4286,80.4544,80.3942,80.4458,33114,203133
1987-03-18,80.4629,80.4801,80.42,80.4372,42143,206563
1987-03-19,80.4372,80.4629,80.4114,80.4372,33757,208290
1987-03-20,80.4458,80.4629,80.42,80.4286,27393,210515
1987-03-23,80.4028,80.4028,80.334,80.3426,45646,212719
1987-03-24,80.3082,80.334,80.2738,80.3254,66401,220277
1987-03-25,80.334,80.3598,80.3082,80.3254,57872,220826
1987-03-26,80.3598,80.377,80.3426,80.3598,39456,223179
1987-03-27,80.3254,80.3426,80.2222,80.2566,65965,230307
1987-03-30,80.2051,80.2137,80.1535,80.1793,88140,232957
1987-03-31,80.2137,80.2566,80.1879,80.248,89898,235989
1987-04-01,80.1535,80.2137,80.1363,80.1965,94657,243857
1987-04-02,80.2308,80.248,80.1449,80.1535,91425,245122
1987-04-03,80.1449,80.248,80.1363,80.2137,114801,242048
1987-04-06,80.2566,80.2738,80.2394,80.248,48804,244504
1987-04-07,80.2051,80.2566,80.1879,80.1965,75368,245329
1987-04-08,80.2308,80.248,80.2051,80.2137,61209,246989
1987-04-09,80.1965,80.2137,79.9901,80.0589,161535,250580
1987-04-10,79.9214,80.0159,79.8956,79.9729,175472,258442
1987-04-13,79.9729,79.9987,79.8612,79.8956,116858,257555
1987-04-14,79.8182,79.8526,79.6205,79.7494,215212,257676
1987-04-15,79.8956,79.93,79.801,79.8526,159414,269180
1987-04-16,79.9386,79.9901,79.887,79.8956,95920,268480
1987-04-20,79.9128,79.9558,79.6893,79.7752,98742,266949
1987-04-21,79.7237,79.844,79.6463,79.8354,157357,275225
1987-04-22,79.801,79.8698,79.7408,79.7752,133088,271695
1987-04-23,79.7322,79.7666,79.6549,79.7065,153294,279474
1987-04-24,79.6205,79.6549,79.5689,79.6033,131853,283582
1987-04-27,79.5431,79.6635,79.5087,79.6463,127060,278864
1987-04-28,79.6033,79.6635,79.5775,79.6291,106724,278250
1987-04-29,79.6979,79.7237,79.5947,79.6033,111254,279511
1987-04-30,79.5603,79.6893,79.5259,79.6119,131561,281504
1987-05-01,79.5947,79.6119,79.5173,79.5345,91987,285830
1987-05-04,79.5173,79.5431,79.4314,79.44,79687,286094
1987-05-05,79.4572,79.4915,79.4314,79.4744,77062,281975
1987-05-06,79.5001,79.5345,79.4658,79.483,73025,286440
1987-05-07,79.5087,79.6033,79.4915,79.5775,85416,285247
1987-05-08,79.6205,79.6463,79.5603,79.6377,90189,283775
1987-05-11,79.6807,79.6979,79.5603,79.5689,86245,281686
1987-05-12,79.5775,79.6291,79.5431,79.6119,91226,283918
1987-05-13,79.6463,79.6549,79.5947,79.6377,67822,285947
1987-05-14,79.6377,79.6635,79.6033,79.6377,74506,286909
1987-05-15,79.6119,79.6205,79.5087,79.5173,123308,291053
1987-05-18,79.4744,79.5087,79.44,79.5087,86606,293728
1987-05-19,79.4744,79.5087,79.354,79.3626,112154,299374
1987-05-20,79.3196,79.4056,79.3196,79.3712,135379,303441
1987-05-21,79.4142,79.4486,79.4142,79.44,89702,302585
1987-05-22,79.4226,79.5526,79.414,79.5439,73652,301389
1987-05-26,79.6739,79.8385,79.6652,79.8299,111952,301002
1987-05-27,79.8125,79.8299,79.7259,79.7692,98015,299593
1987-05-28,79.7519,79.7605,79.6133,79.7345,92382,300948
1987-05-29,79.8125,79.8905,79.8125,79.8645,84313,294668
1987-06-01,79.9685,79.9685,79.8472,79.8558,73784,290429
1987-06-02,79.8039,79.8039,79.6046,79.6133,165543,297261
1987-06-03,79.7086,79.7865,79.6826,79.7605,102721,296576
1987-06-04,79.8212,79.8385,79.7432,79.7952,62818,296958
1987-06-05,79.7692,79.9165,79.7692,79.8818,80913,295146
1987-06-08,79.8299,79.9165,79.7692,79.8992,85554,288490
1987-06-09,79.8385,79.8732,79.8125,79.8558,66693,286403
1987-06-10,79.8125,80.0551,79.8039,79.8992,124490,287234
1987-06-11,79.8905,80.0118,79.8905,79.9771,93316,286234
1987-06-12,80.0291,80.2111,80.0118,80.2024,123073,287985
1987-06-15,80.263,80.2717,80.1158,80.1851,98246,289483
1987-06-16,80.1418,80.1851,80.1158,80.1677,67725,244505
1987-06-17,80.2111,80.2457,80.1764,80.2371,59620,244578
1987-06-18,80.1937,80.2024,80.1504,80.2024,49675,242981
1987-06-19,80.1331,80.2197,80.1331,80.2024,43524,241913
1987-06-22,80.2457,80.3324,80.2371,80.2977,62501,245741
1987-06-23,80.3237,80.3584,80.2371,80.2717,95550,247673
1987-06-24,80.1764,80.2197,80.1504,80.1591,63224,250611
1987-06-25,80.2371,80.263,80.2197,80.2371,47241,250277
1987-06-26,80.1937,80.2024,80.0811,80.1418,76704,253197
1987-06-29,80.0898,80.2024,80.0811,80.1937,50098,252119
1987-06-30,80.2284,80.2717,80.1677,80.2111,66751,253004
1987-07-01,80.2371,80.315,80.2197,80.289,62827,253873
1987-07-02,80.3324,80.4017,80.3237,80.393,59975,256783
1987-07-06,80.471,80.471,80.3757,80.3843,54922,260740
1987-07-07,80.3757,80.445,80.3324,80.4363,60872,263630
1987-07-08,80.4623,80.471,80.3757,80.4363,58716,266051
1987-07-09,80.3757,80.4017,80.341,80.367,51710,268583
1987-07-10,80.3584,80.5143,80.3584,80.4883,76308,272810
1987-07-13,80.4623,80.4883,80.4103,80.4363,43314,273284
1987-07-14,80.445,80.5056,80.4103,80.497,50661,271711
1987-07-15,80.4883,80.497,80.367,80.393,90506,278494
1987-07-16,80.419,80.445,80.4017,80.4363,48961,281090
1987-07-17,80.4883,80.5316,80.4623,80.4796,56964,281817
1987-07-20,80.471,80.4883,80.445,80.471,28662,281673
1987-07-21,80.4363,80.4537,80.3757,80.393,62465,282218
1987-07-22,80.4103,80.4363,80.3324,80.3757,85068,284805
1987-07-23,80.3584,80.3757,80.3064,80.315,94505,291502
1987-07-24,80.315,80.3237,80.2544,80.2804,71950,294833
1987-07-27,80.263,80.315,80.263,80.2804,37337,293594
1987-07-28,80.3237,80.341,80.2717,80.2804,56222,292925
1987-07-29,80.315,80.315,80.2804,80.3064,44451,294404
1987-07-30,80.3324,80.341,80.2804,80.3324,59703,298067
1987-07-31,80.3237,80.3324,80.289,80.3237,36242,301926
1987-08-03,80.2371,80.2457,80.1937,80.2284,62904,303507
1987-08-04,80.2197,80.2544,80.2111,80.2457,57098,304995
1987-08-05,80.2804,80.367,80.2717,80.3584,58267,303342
1987-08-06,80.341,80.3757,80.315,80.3584,50013,302585
1987-08-07,80.3584,80.4103,80.2977,80.393,78770,305442
1987-08-10,80.3843,80.4363,80.367,80.4277,51921,306178
1987-08-11,80.4363,80.497,80.4363,80.4537,65473,305441
1987-08-12,80.4796,80.5056,80.4623,80.4883,37807,307777
1987-08-13,80.4883,80.5576,80.471,80.5403,82736,313259
1987-08-14,80.549,80.575,80.445,80.5403,110649,315373
1987-08-17,80.5403,80.5403,80.497,80.5316,50858,310847
1987-08-18,80.4796,80.497,80.445,80.4537,89463,313482
1987-08-19,80.4623,80.471,80.419,80.4363,78187,318723
1987-08-20,80.4537,80.471,80.4017,80.4623,80225,320939
1987-08-21,80.4277,80.471,80.4017,80.4277,72349,321043
1987-08-24,80.4538,80.4538,80.4015,80.4102,43104,324401
1987-08-25,80.4364,80.4712,80.4277,80.4538,46325,326873
1987-08-26,80.4799,80.4886,80.4102,80.419,49870,330825
1987-08-27,80.3667,80.3754,80.2622,80.2796,118495,336595
1987-08-28,80.3144,80.3144,80.1663,80.2012,119863,338594
1987-08-31,80.1751,80.2186,80.1054,80.2012,109201,344227
1987-09-01,80.2012,80.2273,80.1402,80.1489,88562,346434
1987-09-02,80.0792,80.0967,79.9834,80.0008,142001,360290
1987-09-03,80.0705,80.0967,79.9486,80.0008,129269,367324
1987-09-04,80.027,80.0879,79.8266,79.8353,168708,381327
1987-09-08,79.8179,79.8266,79.6524,79.6785,156335,385797
1987-09-09,79.635,79.8266,79.6176,79.7308,169387,385330
1987-09-10,79.8527,79.8963,79.8092,79.8092,123538,378665
1987-09-11,79.8615,79.9486,79.6437,79.8876,188269,383133
1987-09-14,79.966,80.0008,79.8615,79.8702,126769,384087
1987-09-15,79.8266,79.8527,79.7482,79.7831,116313,341653
1987-09-16,79.7744,79.8963,79.6698,79.8005,165723,352979
1987-09-17,79.8179,79.8702,79.7831,79.8092,83584,351119
1987-09-18,79.8266,79.9311,79.7831,79.905,72839,355102
1987-09-21,79.9573,79.9921,79.8615,79.8702,78763,354072
1987-09-22,79.8789,79.966,79.844,79.9573,97282,349437
1987-09-23,80.0095,80.0357,79.8615,79.9486,117165,345669
1987-09-24,79.9137,79.9137,79.8092,79.8266,55609,346481
1987-09-25,79.844,79.8527,79.7569,79.7831,71221,350984
1987-09-28,79.8266,79.8266,79.7482,79.7744,73386,353775
1987-09-29,79.7918,79.8092,79.6263,79.635,143102,355410
1987-09-30,79.5566,79.6524,79.5566,79.6176,126058,360993
1987-10-01,79.6611,79.6611,79.5653,79.6088,73141,360883
1987-10-02,79.5653,79.6872,79.4956,79.6611,131682,367129
1987-10-05,79.635,79.6524,79.5653,79.574,82617,369928
1987-10-06,79.5043,79.5304,79.4433,79.4956,105863,372407
1987-10-07,79.4172,79.5392,79.3998,79.4085,132006,382436
1987-10-08,79.4085,79.4085,79.1907,79.2256,191359,387120
1987-10-09,79.1994,79.2343,79.121,79.1385,155898,386624
1987-10-12,79.121,79.1646,79.1036,79.1297,39598,383746
1987-10-13,79.2081,79.2256,79.1733,79.2169,82120,377259
1987-10-14,79.1994,79.2343,78.9381,78.9642,184925,390838
1987-10-15,78.8423,78.9555,78.5287,78.8684,259943,396061
1987-10-16,78.8074,78.9381,78.729,78.7813,158840,395923
1987-10-19,78.6942,79.0078,78.5548,78.9555,209940,398927
1987-10-20,80.5758,81.1855,79.6611,79.966,188486,385790
1987-10-21,80.3841,80.3841,79.9224,80.1925,142061,374548
1987-10-22,80.2273,80.75,80.2273,80.4886,132246,372321
1987-10-23,80.75,80.8022,80.2709,80.3406,156173,375046
1987-10-26,80.5496,80.6716,80.4451,80.6106,91951,372363
1987-10-27,80.4015,80.5235,80.3231,80.4538,92150,372917
1987-10-28,80.419,80.5932,80.3754,80.4364,95269,376733
1987-10-29,80.5845,80.6193,80.4886,80.5496,70931,373403
1987-10-30,80.5845,80.6106,80.4364,80.5061,71608,369736
1987-11-02,80.4712,80.4886,80.3493,80.3928,55215,365264
1987-11-03,80.3493,80.5496,80.2883,80.5061,96513,363861
1987-11-04,80.6193,80.6542,80.5409,80.5758,84771,362274
1987-11-05,80.7238,80.7935,80.7151,80.7413,103128,362701
1987-11-06,80.7238,80.7238,80.5148,80.689,100976,358319
1987-11-09,80.6542,80.6716,80.5758,80.628,50899,356003
1987-11-10,80.5583,80.6454,80.5409,80.6106,55268,354615
1987-11-11,80.5845,80.5932,80.5496,80.5583,13318,353931
1987-11-12,80.6019,80.6542,80.5322,80.5758,71686,354113
1987-11-13,80.5409,80.567,80.4974,80.5061,46198,353826
1987-11-16,80.5061,80.5148,80.4364,80.4625,45887,352710
1987-11-17,80.4102,80.5235,80.3928,80.5148,63822,354337
1987-11-18,80.5235,80.5496,80.4974,80.5322,43167,350949
1987-11-19,80.5148,80.628,80.4974,80.6019,51641,349423
1987-11-20,80.628,80.6716,80.5583,80.567,59165,348543
1987-11-23,80.567,80.5845,80.5322,80.567,31558,347677
1987-11-24,80.6804,80.6804,80.5409,80.567,50441,349430
1987-11-25,80.5758,80.5758,80.4798,80.4886,45086,352503
1987-11-27,80.3839,80.4362,80.2967,80.3142,36303,353051
1987-11-30,80.2619,80.5322,80.2357,80.506,96908,354329
1987-12-01,80.4711,80.4798,80.3752,80.445,77474,355247
1987-12-02,80.4101,80.4537,80.3926,80.4362,43417,351454
1987-12-03,80.4886,80.5234,80.4624,80.506,58849,350624
1987-12-04,80.5496,80.5496,80.445,80.4973,63347,350925
1987-12-07,80.4362,80.4362,80.3055,80.3229,57977,350257
1987-12-08,80.3229,80.3491,80.288,80.2967,54864,350931
1987-12-09,80.288,80.3491,80.2793,80.3316,49066,353161
1987-12-10,80.3316,80.3926,80.1485,80.1921,151458,363071
1987-12-11,80.1136,80.1921,80.1136,80.1398,79385,362282
1987-12-14,80.0962,80.1398,80.07,80.1398,67163,361358
1987-12-15,80.1659,80.3665,80.1659,80.3491,63268,304108
1987-12-16,80.3578,80.3752,80.288,80.3578,62504,305151
1987-12-17,80.4101,80.4537,80.3055,80.3142,66389,301283
1987-12-18,80.3316,80.5234,80.3229,80.5147,61087,299460
1987-12-21,80.506,80.5234,80.4711,80.5147,31580,299060
1987-12-22,80.4798,80.4798,80.4362,80.4624,27261,298480
1987-12-23,80.4624,80.567,80.4624,80.5583,26557,295228
1987-12-24,80.5583,80.6106,80.5409,80.5496,14911,294050
1987-12-28,80.4973,80.5234,80.4624,80.5234,19806,293550
1987-12-29,80.5322,80.6019,80.5147,80.5932,29826,293871
1987-12-30,80.6455,80.7327,80.6194,80.724,43980,291185
1987-12-31,80.6542,80.6891,80.5932,80.6019,24123,292326
1988-01-04,80.6717,80.724,80.567,80.5758,62240,294065
1988-01-05,80.6804,80.7065,80.5758,80.6019,86445,301681
1988-01-06,80.6106,80.6455,80.5234,80.5583,76763,299960
1988-01-07,80.506,80.5758,80.4886,80.567,69797,302321
1988-01-08,80.5496,80.567,80.4101,80.4188,110152,308915
1988-01-11,80.4886,80.5496,80.4275,80.5409,84917,308536
1988-01-12,80.5322,80.5758,80.5147,80.5234,64165,311363
1988-01-13,80.4886,80.567,80.4798,80.5583,59447,310933
1988-01-14,80.5409,80.5758,80.5234,80.5322,44679,310776
1988-01-15,80.5409,80.7153,80.5322,80.7065,107228,318321
1988-01-18,80.6891,80.7065,80.6717,80.6978,23355,318686
1988-01-19,80.6804,80.6891,80.6455,80.6804,41344,319070
1988-01-20,80.6368,80.7676,80.6281,80.6978,73335,323707
1988-01-21,80.7589,80.8112,80.724,80.7589,93746,325272
1988-01-22,80.8025,80.8286,80.7763,80.8199,65240,328952
1988-01-25,80.8548,80.8548,80.8112,80.8199,50946,327252
1988-01-26,80.7937,80.7937,80.7327,80.7501,66372,327956
1988-01-27,80.7676,80.942,80.7414,80.9332,103418,333545
1988-01-28,80.9943,81.0553,80.9681,80.9943,115295,336772
1988-01-29,81.064,81.0728,81.0292,81.0553,67591,339608
1988-02-01,81.1251,81.1338,81.0117,81.0292,81286,339306
1988-02-02,81.0379,81.16,80.9943,81.1512,115269,348088
1988-02-03,81.1774,81.221,81.0815,81.0902,116213,351154
1988-02-04,81.0989,81.1687,81.064,81.1425,82250,348406
1988-02-05,81.1076,81.3256,81.1076,81.282,141449,350623
1988-02-08,81.2384,81.2384,81.2036,81.221,52974,351303
1988-02-09,81.2559,81.282,81.2384,81.2471,55027,354312
1988-02-10,81.2907,81.2995,81.2559,81.2907,61967,357702
1988-02-11,81.3082,81.3082,81.2036,81.221,80820,356126
1988-02-12,81.2471,81.3082,81.0815,81.1164,178766,369713
1988-02-16,81.1076,81.1251,81.0117,81.1076,107014,362232
1988-02-17,81.0902,81.1338,81.0553,81.0815,90288,360281
1988-02-18,81.0728,81.1251,81.0379,81.1164,74007,365794
1988-02-19,81.1251,81.16,81.0989,81.1164,49052,362339
1988-02-22,81.1164,81.1426,81.0814,81.1338,34183,362984
1988-02-23,81.1426,81.2299,81.1164,81.2211,73783,366232
1988-02-24,81.2561,81.2735,81.2124,81.2211,59052,365144
1988-02-25,81.1862,81.291,81.1338,81.1688,124544,366261
1988-02-26,81.1688,81.2037,81.1513,81.1949,54266,368176
1988-02-29,81.2299,81.2648,81.2037,81.2124,48818,363758
1988-03-01,81.2386,81.2735,81.2037,81.2299,70099,369186
1988-03-02,81.2561,81.2997,81.2386,81.2561,72618,372849
1988-03-03,81.2823,81.2823,81.2386,81.2561,36507,371931
1988-03-04,81.2473,81.2561,81.0727,81.0902,150144,375324
1988-03-07,81.1076,81.1251,81.0727,81.0814,57067,370850
1988-03-08,81.0814,81.0902,81.0378,81.0727,74541,367368
1988-03-09,81.0902,81.1076,81.0727,81.0814,36758,361434
1988-03-10,81.0727,81.0727,81.0028,81.0116,88264,360848
1988-03-11,80.9766,81.1164,80.9679,81.0814,110841,358134
1988-03-14,81.0727,81.0989,81.064,81.0727,56215,363248
1988-03-15,81.0902,81.0989,81.0814,81.0814,27935,296238
1988-03-16,81.064,81.0727,81.0116,81.0203,58096,301589
1988-03-17,81.0028,81.1164,80.9941,81.0989,102918,310706
1988-03-18,81.0989,81.1164,80.9941,81.0028,58912,315409
1988-03-21,80.9417,80.9592,80.9068,80.9417,90098,319336
1988-03-22,80.9592,80.9854,80.9242,80.9504,72575,320126
1988-03-23,80.9592,80.9679,80.898,80.9242,63062,322338
1988-03-24,80.8631,80.9417,80.8456,80.9242,114011,325196
1988-03-25,80.9592,81.0203,80.9242,80.9854,71107,327348
1988-03-28,81.0028,81.0116,80.933,80.9417,70096,329203
1988-03-29,80.9504,80.9504,80.9068,80.9417,57034,330590
1988-03-30,80.9592,80.9592,80.9155,80.9242,48272,333512
1988-03-31,80.9155,80.9766,80.898,80.9679,47435,336921
1988-04-04,80.8456,80.8544,80.7933,80.8194,82960,338654
1988-04-05,80.8282,80.8456,80.7845,80.8107,60358,342667
1988-04-06,80.8107,80.8369,80.7583,80.8194,103525,347941
1988-04-07,80.8282,80.8369,80.7933,80.8107,62858,355108
1988-04-08,80.7933,80.8806,80.7845,80.8631,57505,359529
1988-04-11,80.8806,80.8806,80.8194,80.8369,63606,363746
1988-04-12,80.8282,80.9242,80.8194,80.9068,63545,369796
1988-04-13,80.9155,80.9504,80.8718,80.9242,92414,367616
1988-04-14,80.9242,80.9504,80.7758,80.898,181110,376074
1988-04-15,80.8456,80.8456,80.7409,80.7671,140632,377602
1988-04-18,80.7409,80.7496,80.7059,80.7234,79839,379927
1988-04-19,80.7321,80.7583,80.7234,80.7234,60473,380088
1988-04-20,80.7059,80.7321,80.6797,80.7234,97505,387051
1988-04-21,80.7409,80.7496,80.7147,80.7234,43426,387171
1988-04-22,80.7234,80.7758,80.7147,80.7496,55030,389768
1988-04-25,80.7583,80.7671,80.7321,80.7409,31544,388956
1988-04-26,80.7147,80.7933,80.6972,80.7496,92753,397503
1988-04-27,80.7758,80.7845,80.7496,80.7671,45992,396822
1988-04-28,80.7496,80.7496,80.7059,80.7147,73357,404453
1988-04-29,80.6885,80.7234,80.6623,80.6972,87013,408563
1988-05-02,80.6972,80.7059,80.6448,80.6535,69794,405186
1988-05-03,80.671,80.6885,80.6535,80.671,36439,405610
1988-05-04,80.7059,80.7059,80.671,80.671,38496,406549
1988-05-05,80.671,80.7059,80.6535,80.6885,67037,409857
1988-05-06,80.7059,80.7758,80.6361,80.6535,134611,415614
1988-05-09,80.6448,80.6797,80.6273,80.6623,84847,417355
1988-05-10,80.6448,80.6448,80.6011,80.6099,92617,418737
1988-05-11,80.5837,80.6623,80.5837,80.6186,119073,415643
1988-05-12,80.6448,80.6885,80.6186,80.6797,105047,413512
1988-05-13,80.6797,80.7496,80.671,80.7321,116983,415750
1988-05-16,80.7496,80.7496,80.7059,80.7321,71650,411911
1988-05-17,80.7234,80.7758,80.6623,80.671,153533,426652
1988-05-18,80.6535,80.6797,80.6361,80.6623,106334,425168
1988-05-19,80.6797,80.6972,80.6273,80.6448,90068,423155
1988-05-20,80.6448,80.671,80.6361,80.6448,55013,427268
1988-05-23,80.6009,80.6272,80.5833,80.6097,59321,427722
1988-05-24,80.6009,80.636,80.5921,80.6097,59886,429763
1988-05-25,80.6448,80.6624,80.5833,80.6097,72802,434872
1988-05-26,80.5921,80.6097,80.5131,80.5482,135034,446636
1988-05-27,80.5043,80.5394,80.4692,80.5219,92393,449705
1988-05-31,80.5043,80.5394,80.4779,80.5219,69042,449264
1988-06-01,80.557,80.6272,80.557,80.6185,113025,453618
1988-06-02,80.6448,80.6624,80.5921,80.6097,89340,458493
1988-06-03,80.5921,80.759,80.5921,80.7502,161939,464956
1988-06-06,80.7502,80.7677,80.6975,80.759,90075,461734
1988-06-07,80.7151,80.7502,80.6975,80.7414,69762,462068
1988-06-08,80.7238,80.8468,80.7151,80.8292,118596,464711
1988-06-09,80.8117,80.838,80.7853,80.8029,97930,460315
1988-06-10,80.7941,80.8643,80.759,80.8117,105827,464153
1988-06-13,80.8468,80.8643,80.8292,80.8292,69397,457268
1988-06-14,80.838,81.0312,80.8292,81.0136,177117,383298
1988-06-15,80.9961,81.04,80.9697,80.9873,89576,379250
1988-06-16,80.917,80.917,80.8643,80.8907,104067,382461
1988-06-17,80.8643,80.8643,80.7151,80.7414,142296,393388
1988-06-20,80.7414,80.7414,80.6448,80.7414,111183,395703
1988-06-21,80.7063,80.7677,80.6711,80.6975,132450,395780
1988-06-22,80.7941,80.8643,80.7765,80.8468,133256,397609
1988-06-23,80.8907,80.9522,80.838,80.8468,101827,397568
1988-06-24,80.8819,80.8995,80.8204,80.838,94944,407742
1988-06-27,80.8117,80.8117,80.7414,80.7502,63091,407589
1988-06-28,80.7151,80.8117,80.6887,80.8029,76185,411825
1988-06-29,80.8204,80.838,80.7677,80.8029,89083,411619
1988-06-30,80.8117,80.838,80.7765,80.8292,55865,410653
1988-07-01,80.8292,80.8819,80.8204,80.8556,51494,411335
1988-07-05,80.8029,80.8292,80.7853,80.8292,42333,410829
1988-07-06,80.7765,80.8029,80.759,80.7677,56351,414414
1988-07-07,80.7063,80.7414,80.6887,80.7238,83074,414667
1988-07-08,80.7151,80.7238,80.5394,80.557,146594,429974
1988-07-11,80.557,80.5921,80.5394,80.5745,68271,429800
1988-07-12,80.5745,80.5833,80.5394,80.5482,48429,431702
1988-07-13,80.5131,80.5745,80.4955,80.5219,118897,435742
1988-07-14,80.5219,80.5482,80.434,80.4692,127206,438369
1988-07-15,80.4604,80.5219,80.4077,80.4779,97348,442200
1988-07-18,80.4604,80.4604,80.4252,80.4516,60785,442889
1988-07-19,80.4692,80.5043,80.4516,80.4955,72541,443830
1988-07-20,80.5131,80.5219,80.4779,80.4955,42354,444134
1988-07-21,80.4428,80.4428,80.4077,80.434,60144,451986
1988-07-22,80.3901,80.4779,80.3813,80.4692,87281,458109
1988-07-25,80.4604,80.4779,80.434,80.4692,53636,455284
1988-07-26,80.4516,80.4516,80.3901,80.4428,69904,457356
1988-07-27,80.4165,80.4604,80.3374,80.3462,139973,467599
1988-07-28,80.3374,80.3726,80.3111,80.3462,102439,465041
1988-07-29,80.3638,80.3901,80.3638,80.3638,45412,466081
1988-08-01,80.3813,80.3989,80.3638,80.3638,41611,471337
1988-08-02,80.3813,80.4165,80.3638,80.4077,76755,472888
1988-08-03,80.4165,80.434,80.3989,80.4077,43050,470681
1988-08-04,80.4077,80.4516,80.3989,80.434,58941,473236
1988-08-05,80.4604,80.4779,80.2672,80.2847,147923,481798
1988-08-08,80.2584,80.3023,80.2496,80.2847,72334,479716
1988-08-09,80.2935,80.3286,80.153,80.2145,175676,485212
1988-08-10,80.1881,80.1881,80.153,80.1794,119616,491526
1988-08-11,80.153,80.1706,80.1354,80.153,90992,497111
1988-08-12,80.1442,80.1706,80.1179,80.153,98567,503278
1988-08-15,80.1091,80.153,80.1003,80.1354,67645,505307
1988-08-16,80.1091,80.1442,80.0564,80.1354,134768,515040
1988-08-17,80.1618,80.1794,80.1354,80.1442,86087,519178
1988-08-18,80.1267,80.153,80.1091,80.1442,43010,514238
1988-08-19,80.1618,80.1706,80.1267,80.1354,45456,517005
1988-08-22,80.1354,80.1443,80.1001,80.109,53254,522331
1988-08-23,80.0648,80.1619,80.056,80.1354,92995,532827
1988-08-24,80.1266,80.1619,80.1266,80.1354,68409,535540
1988-08-25,80.0648,80.0913,79.9942,80.0648,126808,547379
1988-08-26,80.0472,80.0737,80.0383,80.0648,60413,546966
1988-08-29,80.0648,80.109,80.056,80.1001,42618,549323
1988-08-30,80.1266,80.1443,80.1001,80.1266,76553,550916
1988-08-31,80.1796,80.1972,80.1531,80.1619,69944,551505
1988-09-01,80.1531,80.1884,80.1443,80.1796,63126,553224
1988-09-02,80.1443,80.5239,80.1443,80.4885,243330,554596
1988-09-06,80.515,80.5239,80.4621,80.4974,100789,551805
1988-09-07,80.5503,80.5856,80.4797,80.4885,116482,546265
1988-09-08,80.4621,80.5062,80.4532,80.4974,65705,541521
1988-09-09,80.5327,80.5945,80.4268,80.5856,117550,540012
1988-09-12,80.5856,80.5945,80.5592,80.568,56906,538364
1988-09-13,80.5592,80.5856,80.5327,80.5768,61368,535353
1988-09-14,80.5945,80.7622,80.5945,80.6651,183629,538009
1988-09-15,80.6651,80.7269,80.6121,80.621,123855,532189
1988-09-16,80.6033,80.6121,80.5768,80.6121,68174,529913
1988-09-19,80.6298,80.6474,80.5856,80.5945,60712,533518
1988-09-20,80.6121,80.621,80.5503,80.6033,66893,463937
1988-09-21,80.621,80.6827,80.621,80.6474,75669,468863
1988-09-22,80.6827,80.7004,80.621,80.6298,68149,472077
1988-09-23,80.621,80.6298,80.5415,80.5945,78604,473556
1988-09-26,80.6033,80.6121,80.5415,80.5503,43759,473175
1988-09-27,80.5062,80.5327,80.4709,80.4797,78843,468783
1988-09-28,80.4621,80.4709,80.4091,80.4356,84821,467879
1988-09-29,80.4532,80.4974,80.4091,80.4797,90345,467859
1988-09-30,80.4974,80.5768,80.4621,80.5239,107597,469784
1988-10-03,80.5592,80.5768,80.515,80.5239,64543,467078
1988-10-04,80.5415,80.5415,80.5062,80.5239,38230,463705
1988-10-05,80.5415,80.5592,80.515,80.5239,45581,463968
1988-10-06,80.515,80.5239,80.4885,80.515,49487,462353
1988-10-07,80.515,80.7269,80.5062,80.7092,198168,474491
1988-10-10,80.6916,80.7269,80.6739,80.6827,41507,439610
1988-10-11,80.6651,80.6916,80.6563,80.6827,37700,468996
1988-10-12,80.6298,80.6474,80.6121,80.6386,62789,468341
1988-10-13,80.6386,80.6827,80.5503,80.621,133543,478664
1988-10-14,80.6563,80.7181,80.6386,80.6563,121897,482021
1988-10-17,80.6474,80.6651,80.6298,80.6563,42044,478596
1988-10-18,80.6474,80.6739,80.6298,80.6563,40410,481208
1988-10-19,80.6651,80.6739,80.5945,80.6033,70993,482173
1988-10-20,80.5856,80.6298,80.568,80.621,89277,484051
1988-10-21,80.6033,80.6386,80.5768,80.5856,67797,484222
1988-10-24,80.5856,80.6033,80.5239,80.5503,71936,486223
1988-10-25,80.5592,80.5768,80.5327,80.5503,68445,487813
1988-10-26,80.5415,80.6563,80.5415,80.6033,101903,488558
1988-10-27,80.6033,80.7004,80.5856,80.6916,108283,490367
1988-10-28,80.6827,80.7181,80.6651,80.6916,83762,486529
1988-10-31,80.6739,80.7004,80.6563,80.6916,47882,486100
1988-11-01,80.7181,80.7445,80.6827,80.6916,87277,487631
1988-11-02,80.6739,80.6827,80.6386,80.6474,62106,486415
1988-11-03,80.6474,80.6739,80.6474,80.6651,39384,486636
1988-11-04,80.7092,80.7269,80.5062,80.515,193634,506410
1988-11-07,80.4885,80.4974,80.4444,80.4532,107439,508221
1988-11-08,80.4797,80.4885,80.4179,80.4532,103257,504814
1988-11-09,80.4268,80.4356,80.3826,80.4356,130960,508923
1988-11-10,80.4091,80.4532,80.365,80.3826,129100,511703
1988-11-11,80.3032,80.312,80.2679,80.2855,41390,509987
1988-11-14,80.3297,80.3473,80.312,80.3385,67757,513910
1988-11-15,80.3032,80.312,80.2502,80.2679,111308,519851
1988-11-16,80.2679,80.3032,80.1354,80.1708,229206,531532
1988-11-17,80.1531,80.2149,80.1354,80.1619,157588,529720
1988-11-18,80.1796,80.2149,80.1531,80.1619,85770,527609
1988-11-21,80.1972,80.2061,80.1443,80.1531,63231,528453
1988-11-22,80.1179,80.1355,80.0562,80.0914,134310,539829
1988-11-23,80.1091,80.1091,80.0738,80.0914,64356,531171
1988-11-25,79.9769,79.9769,79.9064,79.9769,65791,538015
1988-11-28,79.9416,80.0033,79.924,79.9769,93068,541507
1988-11-29,79.9681,80.0474,79.9505,80.0298,105237,546811
1988-11-30,80.0738,80.2236,80.0386,80.206,163815,557574
1988-12-01,80.1972,80.2148,80.1355,80.1795,115493,548784
1988-12-02,80.1884,80.1884,79.8976,79.9152,245375,578017
1988-12-05,79.9328,79.9681,79.9064,79.9505,100343,579598
1988-12-06,79.9857,80.1531,79.9769,80.1443,146639,581194
1988-12-07,80.1179,80.1531,80.0298,80.0474,164800,584900
1988-12-08,80.0209,80.0298,79.9857,80.0121,91457,592362
1988-12-09,79.9945,80.0033,79.9505,79.9593,91457,592362
1988-12-12,79.9505,79.9769,79.9328,79.9416,51596,596537
1988-12-13,79.9505,79.9505,79.8623,79.88,116953,604529
1988-12-14,79.8712,79.9064,79.7742,79.8007,188105,611386
1988-12-15,79.783,79.8271,79.739,79.7742,122853,611454
1988-12-16,79.7742,79.8095,79.7566,79.783,97358,615721
1988-12-19,79.8095,79.8183,79.783,79.7919,97358,615721
1988-12-20,79.8359,79.924,79.8183,79.88,101743,526615
1988-12-21,79.8976,79.9328,79.8888,79.924,51936,527584
1988-12-22,79.9593,79.9681,79.924,79.9416,37943,525942
1988-12-23,79.9328,79.9769,79.924,79.9681,17764,523333
1988-12-27,79.9416,79.9416,79.8623,79.8712,22415,522632
1988-12-28,79.8888,79.8888,79.8007,79.8183,51657,524428
1988-12-29,79.8359,79.8623,79.8271,79.8359,38011,527292
1988-12-30,79.8447,79.8623,79.8271,79.8447,29301,528913
1989-01-03,79.783,79.783,79.739,79.7478,71022,540575
1989-01-04,79.7654,79.7742,79.6861,79.6949,101684,545184
1989-01-05,79.6597,79.6861,79.6333,79.6597,120692,556705
1989-01-06,79.6597,79.7037,79.6333,79.6597,113142,559764
1989-01-09,79.7214,79.7214,79.6685,79.6685,68515,561974
1989-01-10,79.6773,79.7037,79.6597,79.6685,76281,567351
1989-01-11,79.6773,79.6861,79.6597,79.6685,55188,567296
1989-01-12,79.6597,79.7214,79.6245,79.7126,101940,577425
1989-01-13,79.7037,79.8095,79.6861,79.7654,185676,579320
1989-01-16,79.7654,79.7919,79.7654,79.7742,35774,573836
1989-01-17,79.739,79.7654,79.7214,79.7302,57039,572759
1989-01-18,79.7302,79.8271,79.6421,79.783,191735,574654
1989-01-19,79.7919,79.8447,79.7742,79.7919,133372,579917
1989-01-20,79.8007,79.8271,79.7654,79.7742,71313,578528
1989-01-23,79.783,79.8007,79.7654,79.783,39370,578305
1989-01-24,79.783,79.8623,79.7478,79.8271,157550,580528
1989-01-25,79.8271,79.8447,79.7214,79.7302,149361,582276
1989-01-26,79.7302,79.739,79.6421,79.6861,167203,590645
1989-01-27,79.6861,79.783,79.6509,79.7214,198380,598824
1989-01-30,79.739,79.7478,79.6949,79.7126,86811,604334
1989-01-31,79.7037,79.7214,79.6773,79.7037,75008,600580
1989-02-01,79.6949,79.7126,79.6861,79.7037,53116,600947
1989-02-02,79.7126,79.7126,79.6861,79.7037,68567,610861
1989-02-03,79.6949,79.7037,79.5716,79.598,225602,642350
1989-02-06,79.598,79.598,79.554,79.5716,111457,651035
1989-02-07,79.5363,79.6245,79.5363,79.6156,141290,657515
1989-02-08,79.6156,79.6509,79.5804,79.598,103641,664443
1989-02-09,79.5628,79.6068,79.5363,79.5892,208146,649929
1989-02-10,79.5452,79.5716,79.4659,79.4835,246957,659004
1989-02-13,79.457,79.4835,79.457,79.4659,97878,663153
1989-02-14,79.4482,79.4923,79.413,79.4218,177706,670874
1989-02-15,79.3954,79.4394,79.3777,79.3954,196088,685630
1989-02-16,79.4306,79.457,79.3777,79.3866,143962,691418
1989-02-17,79.3954,79.413,79.3513,79.3689,104475,690860
1989-02-21,79.3866,79.4042,79.3249,79.3601,94710,685019
1989-02-22,79.316,79.3248,79.2453,79.263,189542,696490
1989-02-23,79.2189,79.2365,79.0246,79.0423,273104,705369
1989-02-24,79.0423,79.0511,78.9099,78.9275,262982,708377
1989-02-27,78.8392,78.9275,78.8392,78.9187,211569,718442
1989-02-28,78.9363,79.0158,78.9187,78.9893,196696,722287
1989-03-01,79.0335,79.0423,78.9275,78.9363,163301,732562
1989-03-02,78.9628,78.9893,78.9099,78.9717,135243,735604
1989-03-03,78.9893,79.0335,78.954,79.0246,149650,746288
1989-03-06,79.0776,79.1394,79.0688,79.1306,99249,738205
1989-03-07,79.1835,79.1835,79.0511,79.0776,163075,731641
1989-03-08,79.0688,79.1217,79.0423,79.1041,126539,736803
1989-03-09,79.0776,79.0953,79.0511,79.0688,85443,733643
1989-03-10,79.0688,79.0776,78.8039,78.8127,283469,759421
1989-03-13,78.8304,78.8569,78.7951,78.8039,182135,659365
1989-03-14,78.8216,78.8834,78.8039,78.8392,175850,659644
1989-03-15,78.8834,78.9452,78.8304,78.8834,217347,675666
1989-03-16,78.8745,78.9452,78.8657,78.9099,160115,685181
1989-03-17,78.9363,78.9628,78.5214,78.5567,394267,728350
1989-03-20,78.5391,78.5479,78.3801,78.4155,199775,740563
1989-03-21,78.3978,78.6185,78.3625,78.4596,267364,753243
1989-03-22,78.5126,78.6538,78.5126,78.6273,240363,744439
1989-03-23,78.6627,78.7333,78.6362,78.6538,156876,734480
1989-03-27,78.6273,78.6362,78.5744,78.6009,76863,736386
1989-03-28,78.592,78.6362,78.5655,78.6273,116740,737757
1989-03-29,78.6715,78.7333,78.645,78.7245,151225,739133
1989-03-30,78.7509,78.8039,78.698,78.7245,167638,741895
1989-03-31,78.7245,78.8392,78.7156,78.8304,104469,740914
1989-04-03,78.901,79.1041,78.8922,79.0335,291337,750213
1989-04-04,79.0158,79.1482,78.9893,79.1306,227733,757564
1989-04-05,79.1217,79.1659,79.0688,79.1041,187755,743521
1989-04-06,79.0335,79.0599,78.9893,79.0335,126299,732107
1989-04-07,79.007,79.1835,78.954,79.0335,246568,750038
1989-04-10,78.9805,79.0158,78.954,79.0158,114751,750437
1989-04-11,79.007,79.0335,78.9893,78.9981,80744,747429
1989-04-12,78.9981,79.0246,78.9717,79.007,67439,746828
1989-04-13,78.9981,79.0246,78.901,78.9099,161090,751057
1989-04-14,78.901,79.316,78.8834,79.3071,483708,773997
1989-04-17,79.2453,79.263,79.2277,79.2453,126635,758935
1989-04-18,79.2189,79.6073,79.21,79.5279,455300,753441
1989-04-19,79.4396,79.5897,79.3954,79.5014,321327,749870
1989-04-20,79.5102,79.572,79.2277,79.2718,369075,759222
1989-04-21,79.2983,79.3248,79.2718,79.316,127900,748080
1989-04-24,79.3071,79.316,79.2807,79.3071,59219,737306
1989-04-25,79.2807,79.4131,79.2807,79.3954,199253,736709
1989-04-26,79.4837,79.5279,79.4043,79.4749,231086,745361
1989-04-27,79.5632,79.678,79.5367,79.625,321562,748495
1989-04-28,79.6691,79.7662,79.5279,79.5897,272458,750192
1989-05-01,79.4131,79.4572,79.3778,79.3866,129481,749520
1989-05-02,79.4043,79.5014,79.3954,79.4925,101075,741808
1989-05-03,79.5102,79.5897,79.4661,79.5279,164954,737578
1989-05-04,79.4925,79.5455,79.4837,79.5367,77801,732336
1989-05-05,79.519,79.7662,79.5014,79.678,292402,744114
1989-05-08,79.625,79.6603,79.6073,79.6426,98113,742377
1989-05-09,79.5985,79.6073,79.5367,79.5455,129429,746234
1989-05-10,79.5455,79.5808,79.519,79.5455,137748,754394
1989-05-11,79.5014,79.6338,79.4925,79.6073,265273,756925
1989-05-12,79.6338,79.8987,79.625,79.8545,409851,776876
1989-05-15,79.881,79.8987,79.8192,79.8457,173504,768876
1989-05-16,79.8192,79.8634,79.7927,79.828,133041,763202
1989-05-17,79.8545,79.9163,79.7662,79.8722,264411,765597
1989-05-18,79.881,79.9252,79.8104,79.8369,204940,764589
1989-05-19,79.8369,79.881,79.828,79.8457,150110,761459
1989-05-22,79.9777,80.0393,79.9601,80.0305,183076,761664
1989-05-23,80.1537,80.1537,79.9953,80.0921,243287,774047
1989-05-24,80.0041,80.0569,79.9865,80.0569,138117,761696
1989-05-25,79.9777,80.0481,79.9161,79.9425,189565,764566
1989-05-26,79.8633,80.0393,79.8633,79.9865,136552,771199
1989-05-30,80.0921,80.1273,79.9865,79.9953,157270,759780
1989-05-31,79.9777,80.0305,79.9161,80.0129,161115,751866
1989-06-01,80.0129,80.0305,79.9513,79.9953,108499,750192
1989-06-02,79.9777,80.2858,79.9689,80.2682,352580,781973
1989-06-05,80.3298,80.3562,80.2946,80.3034,177021,768790
1989-06-06,80.2858,80.3122,80.2418,80.2682,121694,764858
1989-06-07,80.277,80.3562,80.2682,80.3474,115192,759531
1989-06-08,80.3826,80.409,80.365,80.3914,129674,758066
1989-06-09,80.4266,80.4882,80.1801,80.4794,329375,786011
1989-06-12,80.4706,80.497,80.4002,80.4266,146556,776704
1989-06-13,80.3474,80.4002,80.233,80.2858,190730,779143
1989-06-14,80.2858,80.3386,80.277,80.321,116020,775212
1989-06-15,80.365,80.4178,80.1185,80.1361,344909,774724
1989-06-16,80.1361,80.1625,79.9601,80.0745,298541,776891
1989-06-19,80.0657,80.1273,80.0481,80.0745,133627,638347
1989-06-20,80.0129,80.1625,80.0041,80.1537,129618,626534
1989-06-21,80.1537,80.1801,80.0305,80.0569,166341,634749
1989-06-22,80.0217,80.1009,79.9865,80.0041,160158,632840
1989-06-23,80.0217,80.2946,80.0217,80.2594,209386,653894
1989-06-26,80.2946,80.3474,80.2682,80.321,156156,647611
1989-06-27,80.3298,80.4002,80.2858,80.3386,173309,644322
1989-06-28,80.4002,80.4354,80.321,80.3826,155728,654814
1989-06-29,80.2946,80.5498,80.2946,80.5234,223844,664342
1989-06-30,80.5058,80.5938,80.4706,80.5058,161941,665014
1989-07-03,80.4882,80.5498,80.4794,80.5322,70706,664307
1989-07-05,80.5498,80.5938,80.5146,80.5586,101865,665907
1989-07-06,80.5586,80.5762,80.5322,80.5498,110736,665646
1989-07-07,80.5234,80.629,80.409,80.5498,299548,688890
1989-07-10,80.5498,80.6026,80.5058,80.5322,168769,683605
1989-07-11,80.5498,80.5762,80.4882,80.5146,162756,678770
1989-07-12,80.5498,80.5938,80.5234,80.585,150977,680605
1989-07-13,80.5938,80.6202,80.5586,80.6026,141801,676991
1989-07-14,80.6026,80.6642,80.4706,80.5234,304893,695939
1989-07-17,80.497,80.5146,80.4794,80.497,88224,691479
1989-07-18,80.4442,80.4618,80.3562,80.4002,216012,689549
1989-07-19,80.3738,80.4882,80.3738,80.4794,212829,690571
1989-07-20,80.5234,80.5762,80.5058,80.5146,161750,699651
1989-07-21,80.4794,80.4794,80.4002,80.4178,140917,700162
1989-07-24,80.409,80.453,80.3826,80.4442,82041,700429
1989-07-25,80.4618,80.5322,80.4442,80.5146,133456,699464
1989-07-26,80.541,80.5674,80.497,80.541,124278,699749
1989-07-27,80.5938,80.7082,80.5938,80.6994,233532,711106
1989-07-28,80.6994,80.7786,80.673,80.7522,163396,711166
1989-07-31,80.7962,80.8138,80.761,80.7874,124943,709810
1989-08-01,80.8226,80.8843,80.7962,80.8226,210617,721068
1989-08-02,80.805,80.8402,80.7786,80.8138,116984,729163
1989-08-03,80.8138,80.8138,80.7698,80.7786,118066,737278
1989-08-04,80.7698,80.7786,80.4706,80.4882,348917,758103
1989-08-07,80.4882,80.5322,80.4354,80.4882,174780,748023
1989-08-08,80.5146,80.5674,80.497,80.5146,190704,748443
1989-08-09,80.5146,80.5234,80.4706,80.4882,121981,747466
1989-08-10,80.4266,80.5322,80.409,80.5058,144538,744648
1989-08-11,80.5322,80.6378,80.3122,80.3738,518400,763004
1989-08-14,80.3474,80.3826,80.2506,80.277,259124,734544
1989-08-15,80.2682,80.321,80.1977,80.3034,287524,721410
1989-08-16,80.3298,80.3474,80.2682,80.3474,155067,713485
1989-08-17,80.3826,80.453,80.233,80.2946,282720,716658
1989-08-18,80.2682,80.3298,80.1713,80.3034,205594,706997
1989-08-21,80.2858,80.3034,80.2506,80.2594,65532,692443
1989-08-22,80.2418,80.2769,80.1539,80.1715,159038,691579
1989-08-23,80.1627,80.2682,80.1627,80.2594,106133,690678
1989-08-24,80.2945,80.3384,80.2594,80.2945,99902,688930
1989-08-25,80.3209,80.3472,80.2857,80.2945,53763,680233
1989-08-28,80.2682,80.2769,80.1891,80.2242,77097,673596
1989-08-29,80.1979,80.2857,80.1451,80.233,145572,675095
1989-08-30,80.2066,80.2506,80.2066,80.2418,62008,670460
1989-08-31,80.2418,80.2682,80.2066,80.2242,76082,668010
1989-09-01,80.1979,80.3297,80.0485,80.3209,262101,685052
1989-09-05,80.2242,80.3033,80.2242,80.2506,127582,691930
1989-09-06,80.2594,80.2857,80.2154,80.2506,101582,690823
1989-09-07,80.2857,80.3121,80.2594,80.2594,82457,691085
1989-09-08,80.2594,80.356,80.2506,80.3472,61159,693098
1989-09-11,80.3648,80.3912,80.3472,80.3824,97552,695181
1989-09-12,80.3648,80.4263,80.3472,80.4,110930,699857
1989-09-13,80.3912,80.4615,80.3648,80.3736,161490,699218
1989-09-14,80.3736,80.5054,80.3736,80.4439,232928,698378
1989-09-15,80.4527,80.5405,80.3472,80.4439,356372,709290
1989-09-18,80.4263,80.4439,80.3824,80.4,94691,564322
1989-09-19,80.3824,80.4527,80.3648,80.4,113750,555135
1989-09-20,80.3736,80.3736,80.2594,80.2682,148467,559939
1989-09-21,80.2682,80.2945,80.2154,80.2242,115821,562499
1989-09-22,80.2242,80.2682,80.1803,80.2242,130546,558412
1989-09-25,80.1803,80.1979,80.1188,80.1364,109500,563198
1989-09-26,80.1276,80.1803,80.0836,80.1715,167352,570352
1989-09-27,80.1364,80.1979,80.1276,80.1715,112827,567934
1989-09-28,80.1891,80.1891,80.0661,80.1012,128031,574577
1989-09-29,80.0221,80.0661,79.9167,80.0045,249575,579245
1989-10-02,79.9958,80.0573,79.9782,79.987,133831,581290
1989-10-03,80.0309,80.0924,80.0221,80.0748,150694,582470
1989-10-04,80.0836,80.1012,80.0397,80.0485,95496,572239
1989-10-05,80.0573,80.1539,79.9606,80.1451,198951,579119
1989-10-06,80.1539,80.4087,80.1451,80.3736,352628,585007
1989-10-09,80.4175,80.479,80.4175,80.4703,63497,578418
1989-10-10,80.479,80.5054,80.3648,80.3736,210122,586977
1989-10-11,80.3736,80.3912,80.3384,80.356,128043,584524
1989-10-12,80.3736,80.4615,80.3648,80.4527,158252,589041
1989-10-13,80.4878,80.4966,80.3209,80.4703,293946,602429
1989-10-16,80.8744,80.8744,80.4878,80.5581,348811,614631
1989-10-17,80.5669,80.7251,80.4878,80.6021,316383,598282
1989-10-18,80.5933,80.6899,80.5669,80.6021,220582,584924
1989-10-19,80.5757,80.646,80.523,80.5933,195472,556587
1989-10-20,80.5933,80.646,80.5405,80.5493,139904,583920
1989-10-23,80.5581,80.6108,80.5318,80.6021,81370,586576
1989-10-24,80.6284,80.7514,80.5933,80.6636,256538,592151
1989-10-25,80.6636,80.6811,80.6284,80.6548,129449,596476
1989-10-26,80.6284,80.6811,80.6108,80.6372,161849,604003
1989-10-27,80.646,80.646,80.5493,80.5581,127060,602871
1989-10-30,80.5581,80.5669,80.5318,80.5581,70788,603286
1989-10-31,80.5845,80.6108,80.5054,80.5142,135792,610289
1989-11-01,80.5318,80.5581,80.479,80.5318,158996,619351
1989-11-02,80.5405,80.5669,80.5318,80.5581,89934,620922
1989-11-03,80.5493,80.5581,80.3736,80.3824,221443,620693
1989-11-06,80.3648,80.3912,80.3209,80.3472,155891,626516
1989-11-07,80.3736,80.5405,80.356,80.5142,230143,642221
1989-11-08,80.5142,80.6021,80.5142,80.5669,178854,648220
1989-11-09,80.5757,80.5933,80.5142,80.523,179146,656181
1989-11-10,80.5318,80.5581,80.4966,80.5405,66427,654169
1989-11-13,80.5493,80.5669,80.5318,80.5581,60260,656527
1989-11-14,80.5669,80.6021,80.5493,80.5669,199227,670385
1989-11-15,80.5669,80.5757,80.5493,80.5581,124810,667462
1989-11-16,80.5669,80.5933,80.5405,80.5581,161132,676487
1989-11-17,80.5405,80.5493,80.5318,80.5405,89810,677539
1989-11-20,80.5581,80.5581,80.5054,80.5142,57709,676142
1989-11-21,80.5054,80.5493,80.4703,80.5405,143222,676989
1989-11-22,80.5406,80.6716,80.5143,80.6629,162056,676376
1989-11-24,80.6803,80.7066,80.6454,80.6629,77749,680767
1989-11-27,80.6716,80.6891,80.5143,80.5318,200734,688250
1989-11-28,80.5406,80.5406,80.4794,80.5231,142959,688191
1989-11-29,80.5056,80.5318,80.4881,80.5143,103585,690729
1989-11-30,80.5143,80.5755,80.5143,80.5668,107822,691572
1989-12-01,80.5755,80.6192,80.5755,80.5842,87257,691608
1989-12-04,80.593,80.6017,80.5668,80.593,57259,695016
1989-12-05,80.593,80.6017,80.5842,80.593,38180,693404
1989-12-06,80.593,80.593,80.4881,80.4969,87159,697382
1989-12-07,80.4969,80.5056,80.4008,80.4357,136410,696567
1989-12-08,80.4357,80.593,80.2959,80.558,226790,709860
1989-12-11,80.558,80.5755,80.5318,80.5493,77057,702341
1989-12-12,80.5318,80.5668,80.5231,80.5406,71837,702586
1989-12-13,80.5143,80.5406,80.4357,80.5231,157414,711332
1989-12-14,80.5056,80.5755,80.5056,80.558,130588,707001
1989-12-15,80.5755,80.6105,80.5143,80.5231,171070,703957
1989-12-18,80.4881,80.5493,80.4881,80.5406,84815,582133
1989-12-19,80.5231,80.5406,80.4444,80.4619,125795,591516
1989-12-20,80.4881,80.5755,80.4794,80.5493,133678,597493
1989-12-21,80.5493,80.5668,80.5318,80.5406,63050,590581
1989-12-22,80.5406,80.5406,80.4707,80.4794,57421,598100
1989-12-26,80.4707,80.4794,80.3309,80.3483,114180,603872
1989-12-27,80.4008,80.4095,80.3396,80.3658,96863,608366
1989-12-28,80.3833,80.4095,80.3658,80.3833,53196,606846
1989-12-29,80.392,80.427,80.3483,80.3658,49081,610104
1990-01-02,80.3571,80.3833,80.2959,80.3046,108925,617886
1990-01-03,80.2959,80.3134,80.2435,80.2522,153767,617190
1990-01-04,80.2522,80.3396,80.2435,80.2872,142504,618648
1990-01-05,80.3134,80.4008,80.2872,80.3309,228193,627433
1990-01-08,80.3046,80.3483,80.2959,80.3309,139974,629955
1990-01-09,80.3396,80.3571,80.3221,80.3396,84475,629010
1990-01-10,80.3483,80.3745,80.3309,80.3571,96484,623900
1990-01-11,80.3745,80.3833,80.3396,80.3483,90276,625483
1990-01-12,80.3134,80.4095,80.261,80.3658,232587,635700
1990-01-15,80.3396,80.3396,80.2959,80.3046,64621,630600
1990-01-16,80.3046,80.3483,80.226,80.2347,200758,643274
1990-01-17,80.2435,80.261,80.1911,80.2085,200562,641540
1990-01-18,80.0949,80.1299,80.0163,80.0251,305880,652398
1990-01-19,80.0862,80.1212,80.0687,80.1124,143495,645734
1990-01-22,80.1386,80.1561,80.1037,80.1386,94000,641285
1990-01-23,80.1124,80.1386,80.0862,80.1386,101258,643892
1990-01-24,80.0687,80.1386,80.0687,80.1299,141542,648928
1990-01-25,80.1212,80.1561,80.0862,80.0949,136602,657198
1990-01-26,80.1037,80.1386,80.0425,80.0862,214077,653621
1990-01-29,80.0949,80.1124,80.0687,80.0775,76476,651265
1990-01-30,80.0687,80.0949,80.0163,80.0687,163349,651760
1990-01-31,80.0513,80.0949,80.0163,80.0775,122817,648620
1990-02-01,80.0949,80.1124,80.0687,80.0862,124669,652383
1990-02-02,80.0775,80.0949,80.0425,80.0513,153205,656029
1990-02-05,80.0425,80.0513,80.0338,80.0513,55871,649604
1990-02-06,80.0425,80.0513,80.0163,80.0513,115767,652539
1990-02-07,80.0251,80.0425,80.0076,80.0425,127007,652611
1990-02-08,80.0425,80.0687,80.0338,80.0513,141251,659606
1990-02-09,80.0513,80.1037,80.0513,80.0862,184012,661720
1990-02-12,80.0949,80.1212,80.0687,80.0775,138148,660282
1990-02-13,80.0862,80.1212,80.0687,80.1124,190675,663521
1990-02-14,80.1124,80.1299,80.1037,80.1124,119487,666906
1990-02-15,80.1037,80.1124,80.0687,80.0775,112676,663271
1990-02-16,80.0862,80.0949,80.0687,80.0775,127534,662984
1990-02-20,80.06,80.06,79.9988,80.0076,171081,659390
1990-02-21,80.0251,80.0338,79.9901,80.0076,153959,668331
1990-02-22,79.9901,80.06,79.9639,80.0425,121966,670861
1990-02-23,80.0425,80.0863,80.0338,80.06,119470,672788
1990-02-26,80.0863,80.1125,80.0775,80.1037,79394,669475
1990-02-27,80.1037,80.1475,80.1037,80.13,124882,670343
1990-02-28,80.1212,80.1212,80.0688,80.0775,96249,665090
1990-03-01,80.06,80.0688,79.9813,79.9988,159630,662555
1990-03-02,79.9901,80.0425,79.9901,80.0076,103340,665815
1990-03-05,79.9988,80.0076,79.9289,79.9376,88556,672671
1990-03-06,79.9376,79.9901,79.8852,79.9813,160589,669737
1990-03-07,79.9813,79.9988,79.9551,79.9813,99617,664450
1990-03-08,79.9813,79.9901,79.9376,79.9639,74475,668498
1990-03-09,79.9551,79.9639,79.789,79.824,253111,690819
1990-03-12,79.8152,79.8327,79.7977,79.824,86176,694335
1990-03-13,79.7977,79.824,79.7191,79.7453,156432,706561
1990-03-14,79.7365,79.7977,79.7365,79.7977,128359,710435
1990-03-15,79.789,79.7977,79.7628,79.7715,71781,708798
1990-03-16,79.7628,79.8677,79.7278,79.8327,213623,709070
1990-03-19,79.8152,79.8152,79.7803,79.8065,97668,585926
1990-03-20,79.8065,79.8502,79.7365,79.824,214749,599093
1990-03-21,79.8152,79.8327,79.7977,79.8065,75162,600426
1990-03-22,79.8065,79.9114,79.7977,79.8589,178166,603874
1990-03-23,79.8677,79.9114,79.8415,79.8677,144194,602549
1990-03-26,79.8852,79.9027,79.8677,79.8677,63498,600942
1990-03-27,79.8677,79.8677,79.8502,79.8589,52654,601170
1990-03-28,79.8502,79.9027,79.8415,79.8852,93922,604248
1990-03-29,79.8852,79.8852,79.8502,79.8589,80962,603483
1990-03-30,79.8589,79.8764,79.7977,79.8327,117289,600178
1990-04-02,79.8415,79.8764,79.8327,79.8502,81376,603445
1990-04-03,79.8502,79.8764,79.8415,79.8677,44811,603206
1990-04-04,79.8589,79.9726,79.8502,79.9464,101843,605189
1990-04-05,79.9289,79.9639,79.9027,79.9464,108822,606434
1990-04-06,79.9289,80.0425,79.9289,79.9813,228787,608819
1990-04-09,79.9813,79.9813,79.9639,79.9726,67832,607402
1990-04-10,79.9639,79.9988,79.9464,79.9726,72753,607120
1990-04-11,79.9813,80.0163,79.9726,79.9813,97660,610860
1990-04-12,79.9901,80.0251,79.9813,79.9813,74863,609206
1990-04-16,80.0076,80.0251,79.9901,79.9901,46935,612467
1990-04-17,80.0163,80.0251,79.8852,79.9201,198023,615490
1990-04-18,79.9114,79.9289,79.8065,79.824,231304,625125
1990-04-19,79.7977,79.8415,79.789,79.824,154212,618970
1990-04-20,79.8415,79.8677,79.8152,79.824,110882,615320
1990-04-23,79.7977,79.8065,79.7715,79.789,113266,619734
1990-04-24,79.7803,79.789,79.7453,79.754,143982,624840
1990-04-25,79.7453,79.7628,79.7016,79.7103,129297,626991
1990-04-26,79.7103,79.7365,79.6404,79.6666,189259,636067
1990-04-27,79.6404,79.7715,79.6316,79.7278,299441,641237
1990-04-30,79.7365,79.754,79.7191,79.7278,69806,633156
1990-05-01,79.7453,79.7628,79.6404,79.6753,184962,643007
1990-05-02,79.6579,79.6753,79.6316,79.6753,163294,649771
1990-05-03,79.6841,79.7103,79.6841,79.6841,90854,653190
1990-05-04,79.7016,79.9551,79.6928,79.9376,420027,655904
1990-05-07,79.9201,79.9376,79.9114,79.9201,68458,641146
1990-05-08,79.9027,79.9376,79.8939,79.9289,89463,638931
1990-05-09,79.9376,79.9464,79.9201,79.9289,75740,639516
1990-05-10,79.9551,79.9988,79.9464,79.9901,159405,644253
1990-05-11,79.9901,80.1125,79.9813,80.095,325385,680881
1990-05-14,80.095,80.1212,80.0688,80.1125,132511,658481
1990-05-15,80.0863,80.095,80.0688,80.095,130917,660082
1990-05-16,80.0688,80.1037,80.0688,80.095,127885,663239
1990-05-17,80.0775,80.1212,80.0338,80.0513,213407,670188
1990-05-18,80.0425,80.0513,80.0163,80.0338,116600,662286
1990-05-21,80.0163,80.0425,80.0163,80.0338,57488,658836
1990-05-22,80.0513,80.1213,80.0513,80.1038,115176,657135
1990-05-23,80.1126,80.1563,80.0776,80.1301,183408,676026
1990-05-24,80.1476,80.1913,80.1213,80.1301,162858,687109
1990-05-25,80.0951,80.1126,80.0776,80.0863,71212,685942
1990-05-29,80.0951,80.1126,80.0863,80.1038,41210,680862
1990-05-30,80.1388,80.1563,80.1213,80.1388,87456,678008
1990-05-31,80.1563,80.1563,80.1126,80.1388,113086,678181
1990-06-01,80.1476,80.3576,80.1301,80.3138,296193,715713
1990-06-04,80.3226,80.3226,80.2963,80.3138,87099,710684
1990-06-05,80.3226,80.3401,80.2701,80.2876,113818,710339
1990-06-06,80.2351,80.2701,80.2351,80.2701,88870,705871
1990-06-07,80.2788,80.3051,80.2613,80.2876,78077,705707
1990-06-08,80.3051,80.3138,80.2788,80.2876,62400,706427
1990-06-11,80.2701,80.2788,80.2526,80.2701,49942,705376
1990-06-12,80.2701,80.2788,80.2613,80.2701,50678,704182
1990-06-13,80.2788,80.3488,80.2701,80.3401,145610,715894
1990-06-14,80.4013,80.4013,80.3313,80.3488,186684,721209
1990-06-15,80.3663,80.3926,80.2438,80.2701,256488,723867
1990-06-18,80.2526,80.2526,80.2088,80.2263,114124,602097
1990-06-19,80.2176,80.2438,80.2001,80.2263,98177,605133
1990-06-20,80.2176,80.2613,80.2088,80.2176,94096,615679
1990-06-21,80.2351,80.2613,80.2176,80.2526,98274,621777
1990-06-22,80.2788,80.2963,80.2613,80.2788,81992,624421
1990-06-25,80.2788,80.2876,80.2263,80.2351,61984,622663
1990-06-26,80.2263,80.2963,80.2088,80.2438,149301,628865
1990-06-27,80.2526,80.2876,80.2438,80.2788,91388,632521
1990-06-28,80.3138,80.3488,80.3051,80.3401,114827,641527
1990-06-29,80.3488,80.3838,80.3138,80.3663,144086,650425
1990-07-02,80.3488,80.3663,80.3313,80.3576,74704,649751
1990-07-03,80.3576,80.3838,80.3401,80.3751,65900,655816
1990-07-05,80.3663,80.3838,80.3401,80.3488,86508,654807
1990-07-06,80.3313,80.3488,80.2263,80.2438,195492,662624
1990-07-09,80.2263,80.2351,80.2176,80.2351,80264,657697
1990-07-10,80.2351,80.2526,80.2176,80.2351,75411,661047
1990-07-11,80.2526,80.2701,80.2438,80.2526,62735,663096
1990-07-12,80.2613,80.4363,80.2176,80.4101,319377,692870
1990-07-13,80.4101,80.4976,80.3313,80.4626,334412,699545
1990-07-16,80.4538,80.4626,80.4363,80.4538,104305,693263
1990-07-17,80.4276,80.4713,80.4276,80.4626,97358,692453
1990-07-18,80.4626,80.4888,80.4188,80.4538,220178,700957
1990-07-19,80.4538,80.4713,80.4188,80.4538,80906,695037
1990-07-20,80.4626,80.4888,80.4626,80.4801,55443,691595
1990-07-23,80.4538,80.6026,80.4363,80.5676,215226,707509
1990-07-24,80.5238,80.5588,80.5063,80.5151,137740,710207
1990-07-25,80.5238,80.5588,80.4713,80.5063,154536,720208
1990-07-26,80.5238,80.5238,80.4888,80.5063,85144,712862
1990-07-27,80.5063,80.5939,80.4976,80.5588,213585,728741
1990-07-30,80.5851,80.6114,80.5763,80.5939,137354,724339
1990-07-31,80.6114,80.6289,80.5851,80.6026,149855,724444
1990-08-01,80.6114,80.6639,80.6114,80.6376,192136,729315
1990-08-02,80.5939,80.6376,80.5763,80.5939,196854,734642
1990-08-03,80.5676,80.7164,80.5326,80.6551,346016,750646
1990-08-06,80.6551,80.7339,80.6201,80.6289,271882,746885
1990-08-07,80.6814,80.6814,80.5851,80.6289,275325,755326
1990-08-08,80.6289,80.6376,80.6026,80.6201,182019,743765
1990-08-09,80.6201,80.6376,80.6026,80.6289,131776,731002
1990-08-10,80.6464,80.6814,80.6026,80.6114,175665,734705
1990-08-13,80.6201,80.6376,80.6114,80.6114,63569,732326
1990-08-14,80.6201,80.6289,80.6026,80.6114,82362,731043
1990-08-15,80.6114,80.6201,80.5939,80.6026,76141,736722
1990-08-16,80.5851,80.5851,80.4713,80.4801,219910,738892
1990-08-17,80.4363,80.4713,80.4276,80.4538,136505,732581
1990-08-20,80.4451,80.4538,80.4363,80.4451,66418,725333
1990-08-21,80.3926,80.4363,80.3838,80.4188,167756,728049
1990-08-22,80.4013,80.4188,80.2876,80.3051,233345,732329
1990-08-23,80.2613,80.3663,80.2088,80.2876,277043,754504
1990-08-24,80.2701,80.3138,80.2263,80.2351,144349,755361
1990-08-27,80.3051,80.4013,80.3051,80.3926,130975,751818
1990-08-28,80.4276,80.4363,80.3576,80.3663,115956,742414
1990-08-29,80.4188,80.4801,80.3838,80.4713,119842,746399
1990-08-30,80.4538,80.5326,80.4451,80.5063,149585,742933
1990-08-31,80.5676,80.5938,80.5413,80.5676,91470,743431
1990-09-04,80.5588,80.5763,80.5413,80.5588,68800,742698
1990-09-05,80.6113,80.6376,80.5851,80.6201,118112,742274
1990-09-06,80.6201,80.6288,80.5588,80.5938,123571,744654
1990-09-07,80.6026,80.6638,80.5151,80.5938,232437,758132
1990-09-10,80.6026,80.6288,80.5063,80.5151,131489,760168
1990-09-11,80.4976,80.5151,80.4538,80.5151,152204,761978
1990-09-12,80.5501,80.5763,80.5326,80.5588,113783,755361
1990-09-13,80.5588,80.6288,80.5501,80.6026,153267,751684
1990-09-14,80.5851,80.6201,80.5413,80.5763,168968,751969
1990-09-17,80.5588,80.5763,80.5413,80.5501,85580,635832
1990-09-18,80.4888,80.5588,80.4626,80.5501,187824,636186
1990-09-19,80.5588,80.5763,80.4363,80.4976,201223,633135
1990-09-20,80.4713,80.4801,80.4363,80.4538,104259,630500
1990-09-21,80.4101,80.4363,80.3663,80.3751,146387,636358
1990-09-24,80.3401,80.3488,80.2788,80.3051,146665,638549
1990-09-25,80.3051,80.3576,80.2613,80.2963,160988,638243
1990-09-26,80.3313,80.3576,80.2876,80.2963,118125,637421
1990-09-27,80.3576,80.4101,80.3138,80.4101,167999,640411
1990-09-28,80.4188,80.4713,80.3926,80.4451,135612,643746
1990-10-01,80.5501,80.5676,80.5238,80.5501,151197,642205
1990-10-02,80.5676,80.6113,80.5501,80.5851,133564,641210
1990-10-03,80.5588,80.6288,80.5501,80.5851,161321,657282
1990-10-04,80.5851,80.6026,80.5676,80.5938,112483,659040
1990-10-05,80.5326,80.6288,80.5326,80.6113,237423,675327
1990-10-08,80.6201,80.6288,80.6026,80.6113,40323,674421
1990-10-09,80.5238,80.5501,80.4713,80.4801,149504,672623
1990-10-10,80.4188,80.4713,80.4188,80.4363,145354,671464
1990-10-11,80.4451,80.4801,80.4451,80.4538,113040,674593
1990-10-12,80.4713,80.5588,80.4451,80.5063,156226,672730
1990-10-15,80.5238,80.5326,80.4801,80.4976,83663,673359
1990-10-16,80.4888,80.4976,80.4626,80.4801,90141,678921
1990-10-17,80.5151,80.5151,80.4626,80.4801,108821,683887
1990-10-18,80.4713,80.5238,80.4451,80.4801,160245,687475
1990-10-19,80.5063,80.5413,80.5063,80.5326,138417,691984
1990-10-22,80.5413,80.5413,80.4976,80.5151,95958,683089
1990-10-23,80.5151,80.5326,80.4976,80.5151,74701,682645
1990-10-24,80.5238,80.5588,80.4888,80.5413,116059,684688
1990-10-25,80.5326,80.5851,80.5238,80.5676,133912,686901
1990-10-26,80.5676,80.6026,80.5501,80.5851,108495,689619
1990-10-29,80.6113,80.6463,80.5763,80.5851,134089,704715
1990-10-30,80.5676,80.5851,80.5413,80.5851,154887,705559
1990-10-31,80.5938,80.6026,80.5763,80.5938,98560,704107
1990-11-01,80.5851,80.6288,80.5851,80.6201,146339,711491
1990-11-02,80.6288,80.6463,80.5938,80.6026,146117,715017
1990-11-05,80.6026,80.6113,80.5763,80.5938,78868,712666
1990-11-06,80.5763,80.5851,80.5413,80.5413,79101,740133
1990-11-07,80.5763,80.5851,80.5151,80.5238,142891,722396
1990-11-08,80.5413,80.5501,80.5063,80.5151,121537,720323
1990-11-09,80.5326,80.5676,80.5326,80.5588,129560,720890
1990-11-12,80.5851,80.6026,80.5763,80.5851,69133,721625
1990-11-13,80.5938,80.6026,80.5588,80.5851,98554,721334
1990-11-14,80.5851,80.5938,80.5676,80.5851,75957,727656
1990-11-15,80.5851,80.5851,80.5676,80.5851,83744,727420
1990-11-16,80.5763,80.6026,80.5588,80.5676,163588,742477
1990-11-19,80.5676,80.5763,80.5063,80.5151,168409,744328
1990-11-20,80.5238,80.5238,80.4626,80.4713,136976,744018
1990-11-21,80.4801,80.5151,80.4801,80.5063,130688,745709
1990-11-23,80.4976,80.5237,80.4889,80.5063,54299,741370
1990-11-26,80.4628,80.4889,80.4367,80.4802,95174,739022
1990-11-27,80.4454,80.4454,80.3148,80.3235,273739,728969
1990-11-28,80.3235,80.367,80.219,80.2277,349026,733217
1990-11-29,80.2451,80.2974,80.2016,80.2539,248226,732067
1990-11-30,80.28,80.3931,80.2713,80.3583,189679,724558
1990-12-03,80.4193,80.428,80.3757,80.3757,116766,715583
1990-12-04,80.4106,80.5237,80.4106,80.4889,258207,717788
1990-12-05,80.5237,80.5412,80.4976,80.515,154676,715346
1990-12-06,80.5673,80.5673,80.5063,80.515,157350,700413
1990-12-07,80.515,80.6979,80.515,80.6892,322867,713939
1990-12-10,80.7501,80.7849,80.7153,80.7153,186528,718169
1990-12-11,80.7588,80.7762,80.7153,80.7327,135023,716992
1990-12-12,80.7675,80.7762,80.724,80.7675,108440,714555
1990-12-13,80.7762,80.8023,80.6543,80.6805,183421,720305
1990-12-14,80.6979,80.7066,80.6021,80.6456,200643,719709
1990-12-17,80.6282,80.7153,80.6108,80.7066,125853,598527
1990-12-18,80.7066,80.7501,80.6717,80.724,114036,600211
1990-12-19,80.8546,80.8633,80.7762,80.7936,162790,604546
1990-12-20,80.7675,80.811,80.7501,80.7675,103111,601698
1990-12-21,80.7414,80.7675,80.6805,80.6979,90399,601236
1990-12-24,80.6717,80.6717,80.6195,80.6456,38473,596577
1990-12-26,80.6282,80.7327,80.6282,80.724,42661,599195
1990-12-27,80.7501,80.811,80.7414,80.7675,79845,600262
1990-12-28,80.7936,80.8285,80.7414,80.7675,54525,600256
1990-12-31,80.7588,80.8023,80.7501,80.7936,28190,599602
1991-01-02,80.8023,80.8459,80.7936,80.8285,90897,603216
1991-01-03,80.8459,80.872,80.8285,80.8285,128085,612457
1991-01-04,80.8285,80.8372,80.6979,80.724,197270,623943
1991-01-07,80.663,80.6717,80.6369,80.6456,114074,622640
1991-01-08,80.6456,80.7936,80.6282,80.7327,215152,635241
1991-01-09,80.7762,80.8285,80.6369,80.6456,237627,627233
1991-01-10,80.6892,80.7762,80.6892,80.7414,137543,626776
1991-01-11,80.7588,80.7762,80.6979,80.7327,115109,628379
1991-01-14,80.6369,80.6805,80.5934,80.6543,118947,624428
1991-01-15,80.6456,80.6717,80.6282,80.6456,87188,618719
1991-01-16,80.6108,80.6108,80.5499,80.576,115840,613456
1991-01-17,80.7501,80.7501,80.6717,80.6892,158170,619929
1991-01-18,80.6717,80.7762,80.6717,80.7675,137801,622737
1991-01-21,80.7849,80.8285,80.7762,80.811,55015,622538
1991-01-22,80.8459,80.8546,80.7762,80.8023,154132,634466
1991-01-23,80.7762,80.8633,80.7762,80.8546,139322,636197
1991-01-24,80.9242,80.9329,80.8894,80.8894,126428,639999
1991-01-25,80.9068,80.9068,80.8198,80.8285,140325,650658
1991-01-28,80.8285,80.8459,80.8023,80.8198,82366,649624
1991-01-29,80.8372,80.8807,80.811,80.872,111742,653959
1991-01-30,80.8807,80.9068,80.8546,80.8894,90401,652908
1991-01-31,80.872,80.9329,80.872,80.9155,105865,659410
1991-02-01,80.9242,81.2202,80.9155,81.168,338390,699406
1991-02-04,81.2289,81.2377,81.1941,81.2115,174717,690570
1991-02-05,81.2289,81.2377,81.1941,81.2115,149283,703469
1991-02-06,81.2028,81.2115,81.1854,81.2115,98569,707590
1991-02-07,81.2202,81.2464,81.1941,81.2028,121668,719044
1991-02-08,81.2115,81.2551,81.1854,81.2377,109754,717491
1991-02-11,81.2638,81.2725,81.2464,81.2464,79503,717132
1991-02-12,81.2464,81.2638,81.2289,81.2551,102318,716714
1991-02-13,81.2812,81.2899,81.2551,81.2725,117094,716819
1991-02-14,81.2725,81.2899,81.2725,81.2812,82250,715458
1991-02-15,81.2638,81.2725,81.1854,81.2551,142699,724041
1991-02-19,81.2464,81.2464,81.1506,81.1767,131214,723702
1991-02-20,81.168,81.2377,81.1332,81.1941,196813,731808
1991-02-21,81.1941,81.2289,81.1854,81.1941,149822,732394
1991-02-22,81.168,81.1767,81.1245,81.1419,139350,735465
1991-02-25,81.0811,81.1593,81.0811,81.1506,118632,740654
1991-02-26,81.1593,81.1593,81.0985,81.1245,149512,743162
1991-02-27,81.1072,81.1332,81.0985,81.1245,113267,746863
1991-02-28,81.1419,81.1593,81.0985,81.1072,120451,750313
1991-03-01,81.0202,81.0637,80.9419,80.968,260859,753213
1991-03-04,80.9941,81.0115,80.9767,80.9767,109563,748376
1991-03-05,81.0376,81.055,81.0289,81.0376,116564,747387
1991-03-06,81.0637,81.0898,80.9854,81.0028,212272,755916
1991-03-07,81.0115,81.0811,81.0115,81.0724,165315,758758
1991-03-08,81.1072,81.2463,81.0724,81.2028,366298,783624
1991-03-11,81.2289,81.2637,81.2202,81.255,182460,781600
1991-03-12,81.2637,81.2724,81.1941,81.2202,140224,775088
1991-03-13,81.2202,81.2898,81.1941,81.2811,192498,785882
1991-03-14,81.2985,81.3507,81.2724,81.342,176642,790501
1991-03-15,81.3594,81.3594,81.255,81.2637,231980,793904
1991-03-18,81.2376,81.255,81.1593,81.1854,147873,680070
1991-03-19,81.1941,81.1941,81.0202,81.0637,250303,693038
1991-03-20,81.0724,81.1506,81.0637,81.1245,154182,695266
1991-03-21,81.168,81.2289,81.1593,81.1941,183286,693331
1991-03-22,81.2028,81.2115,81.168,81.2028,86604,688845
1991-03-25,81.2028,81.2463,81.1854,81.2115,90560,690695
1991-03-26,81.2202,81.2289,81.1419,81.2202,137495,693550
1991-03-27,81.2376,81.2985,81.2202,81.2898,126613,698997
1991-03-28,81.2724,81.3246,81.2637,81.2985,97798,696704
1991-04-01,81.255,81.342,81.255,81.3072,68788,696577
1991-04-02,81.2985,81.3594,81.2985,81.3507,96099,700578
1991-04-03,81.3507,81.3681,81.3159,81.3333,99659,701032
1991-04-04,81.3072,81.3942,81.3072,81.3681,165621,719067
1991-04-05,81.3768,81.4724,81.3594,81.4289,219238,735051
1991-04-08,81.455,81.4724,81.4463,81.4637,79925,732016
1991-04-09,81.4637,81.4724,81.4376,81.4637,88991,737904
1991-04-10,81.455,81.455,81.4289,81.4463,84620,746780
1991-04-11,81.455,81.5333,81.4289,81.4985,183142,764380
1991-04-12,81.5159,81.5942,81.5159,81.5681,198293,779641
1991-04-15,81.5855,81.5942,81.4637,81.4811,228768,791287
1991-04-16,81.4811,81.4985,81.4463,81.4724,153012,785440
1991-04-17,81.4898,81.5246,81.4898,81.5159,103926,787622
1991-04-18,81.4637,81.4637,81.3855,81.4115,211290,792074
1991-04-19,81.3942,81.4637,81.3681,81.4376,181090,791653
1991-04-22,81.4202,81.4463,81.4115,81.4376,102105,786051
1991-04-23,81.4202,81.4898,81.4115,81.4724,154542,793526
1991-04-24,81.4724,81.5246,81.4637,81.5072,138845,799614
1991-04-25,81.5072,81.542,81.4985,81.5159,143824,801033
1991-04-26,81.5159,81.5333,81.4724,81.5159,138973,806994
1991-04-29,81.542,81.5594,81.5159,81.5246,90976,807674
1991-04-30,81.5333,81.6985,81.5159,81.6811,275891,832178
1991-05-01,81.6898,81.7072,81.6638,81.6811,200231,834804
1991-05-02,81.6725,81.6898,81.6638,81.6811,148121,829390
1991-05-03,81.6898,81.6985,81.629,81.6638,204599,840597
1991-05-06,81.6377,81.6638,81.6377,81.6551,64526,832037
1991-05-07,81.6638,81.6725,81.629,81.6464,57426,831277
1991-05-08,81.6377,81.6551,81.6203,81.6464,93938,833828
1991-05-09,81.6464,81.6551,81.629,81.6464,154189,844546
1991-05-10,81.6638,81.6725,81.629,81.6377,154961,861117
1991-05-13,81.6377,81.6638,81.6377,81.6551,81709,850007
1991-05-14,81.6551,81.6638,81.629,81.6464,134487,846123
1991-05-15,81.6638,81.6638,81.6464,81.6551,70008,850205
1991-05-16,81.6551,81.6638,81.6551,81.6551,70704,851523
1991-05-17,81.6464,81.6551,81.6377,81.6551,87160,855021
1991-05-20,81.6551,81.6638,81.6464,81.6551,48447,857414
1991-05-21,81.6551,81.6811,81.6551,81.6725,90016,865068
1991-05-22,81.6812,81.7073,81.6725,81.6899,112391,869932
1991-05-23,81.6899,81.7073,81.6637,81.6899,145109,884500
1991-05-24,81.6899,81.6986,81.6725,81.6899,71134,887461
1991-05-28,81.6986,81.7073,81.6899,81.6899,64019,882918
1991-05-29,81.6986,81.7073,81.6899,81.6899,74801,877998
1991-05-30,81.6986,81.716,81.6899,81.7073,113832,880209
1991-05-31,81.716,81.7247,81.594,81.6202,214527,895726
1991-06-03,81.6027,81.6114,81.533,81.5417,214181,885868
1991-06-04,81.5417,81.5592,81.5243,81.5417,145065,887742
1991-06-05,81.4981,81.5243,81.4807,81.5069,132830,886671
1991-06-06,81.5243,81.533,81.4807,81.5069,142928,888022
1991-06-07,81.4894,81.4894,81.3848,81.4284,265965,900766
1991-06-10,81.4371,81.4546,81.4197,81.4284,121023,884244
1991-06-11,81.411,81.4371,81.3936,81.4284,95844,868674
1991-06-12,81.4197,81.4197,81.3674,81.3761,153184,877892
1991-06-13,81.3326,81.4371,81.2977,81.4023,274451,890489
1991-06-14,81.4284,81.4807,81.411,81.4633,216806,894833
1991-06-17,81.472,81.4807,81.4371,81.4459,98400,766373
1991-06-18,81.4197,81.4807,81.4023,81.4459,145083,760773
1991-06-19,81.4371,81.472,81.4284,81.4633,111696,762504
1991-06-20,81.4981,81.533,81.4894,81.5069,164369,767272
1991-06-21,81.5243,81.5243,81.4807,81.4981,85870,768590
1991-06-24,81.4807,81.4807,81.4459,81.472,77769,770448
1991-06-25,81.4459,81.4633,81.4197,81.4633,110047,772774
1991-06-26,81.4633,81.4807,81.4546,81.472,90793,774258
1991-06-27,81.4633,81.5069,81.4546,81.4894,122569,780862
1991-06-28,81.5156,81.5766,81.4981,81.5679,186506,777908
1991-07-01,81.5766,81.594,81.4981,81.5069,145138,783855
1991-07-02,81.5069,81.5156,81.4807,81.5069,93740,775237
1991-07-03,81.5156,81.5592,81.4981,81.533,108002,776335
1991-07-05,81.5504,81.5592,81.4894,81.4981,122622,783101
1991-07-08,81.4981,81.5766,81.4894,81.5679,99534,780399
1991-07-09,81.5679,81.6114,81.5504,81.5679,119559,782772
1991-07-10,81.5592,81.594,81.5592,81.5766,62903,788362
1991-07-11,81.5853,81.6202,81.5592,81.6114,140785,789154
1991-07-12,81.6202,81.6899,81.6114,81.6637,235610,790796
1991-07-15,81.655,81.6812,81.6463,81.6637,106055,789764
1991-07-16,81.6725,81.6899,81.655,81.6637,96683,788265
1991-07-17,81.6637,81.6725,81.6376,81.655,121546,795293
1991-07-18,81.6376,81.6899,81.6289,81.6725,106568,801539
1991-07-19,81.6899,81.7335,81.6899,81.716,137898,806073
1991-07-22,81.716,81.7247,81.7073,81.716,52848,804873
1991-07-23,81.716,81.716,81.6899,81.6986,85232,808703
1991-07-24,81.6899,81.7683,81.6812,81.7509,205101,814439
1991-07-25,81.7422,81.777,81.7422,81.7509,135147,812943
1991-07-26,81.7596,81.8032,81.7422,81.777,134976,819028
1991-07-29,81.7945,81.8032,81.7858,81.7858,81045,819612
1991-07-30,81.777,81.7858,81.7683,81.7858,77576,819583
1991-07-31,81.7945,81.838,81.777,81.8032,160680,824563
1991-08-01,81.8206,81.8293,81.7683,81.7858,147243,834457
1991-08-02,81.8032,81.9775,81.8032,81.9426,343516,848300
1991-08-05,81.9513,81.9688,81.9426,81.9426,97769,841847
1991-08-06,81.9426,82.0908,81.9252,82.0647,278139,862039
1991-08-07,82.0734,82.1257,82.0734,82.1082,200882,868875
1991-08-08,82.1344,82.1518,82.1169,82.1257,183348,869281
1991-08-09,82.0995,82.1605,82.0995,82.1344,185890,877046
1991-08-12,82.1257,82.1431,82.1169,82.1257,67935,879464
1991-08-13,82.1344,82.1344,82.0995,82.1257,146062,873426
1991-08-14,82.1431,82.1867,82.1344,82.178,220308,885514
1991-08-15,82.1692,82.2128,82.1518,82.1605,204762,894864
1991-08-16,82.178,82.1954,82.1692,82.1867,136792,889447
1991-08-19,82.3435,82.3435,82.2041,82.239,248109,895763
1991-08-20,82.2477,82.2738,82.2302,82.2651,154030,893159
1991-08-21,82.2215,82.2477,82.1867,82.2128,218461,900243
1991-08-22,82.2128,82.239,82.1953,82.2128,118419,901352
1991-08-23,82.239,82.2478,82.0205,82.0467,268736,899977
1991-08-26,82.0555,82.0642,82.0293,82.038,96369,894720
1991-08-27,82.0467,82.1167,82.038,82.1079,107591,895807
1991-08-28,82.1079,82.2478,82.1079,82.239,204207,898042
1991-08-29,82.2303,82.3002,82.2303,82.2653,208005,907716
1991-08-30,82.2216,82.2216,82.1254,82.1429,191935,916538
1991-09-03,82.1516,82.1779,82.1167,82.1604,138942,927474
1991-09-04,82.1866,82.2041,82.1516,82.1691,107221,939821
1991-09-05,82.1866,82.1953,82.1516,82.1691,146916,923824
1991-09-06,82.1079,82.2565,82.0817,82.239,239810,941381
1991-09-09,82.274,82.3177,82.2653,82.3002,151086,939324
1991-09-10,82.3352,82.3439,82.2827,82.3264,175724,949612
1991-09-11,82.3177,82.3264,82.2653,82.2915,141589,942922
1991-09-12,82.2915,82.3614,82.274,82.3439,181964,955126
1991-09-13,82.4051,82.4401,82.309,82.3352,321709,974902
1991-09-16,82.3439,82.3527,82.3177,82.3264,98998,851971
1991-09-17,82.3002,82.3177,82.2827,82.3177,133626,866646
1991-09-18,82.3177,82.3352,82.2915,82.3002,101409,874262
1991-09-19,82.274,82.3002,82.2565,82.274,116200,876880
1991-09-20,82.3002,82.3352,82.3002,82.309,107539,886677
1991-09-23,82.3177,82.3614,82.309,82.3439,92615,887603
1991-09-24,82.3701,82.3876,82.3527,82.3701,152140,889969
1991-09-25,82.3789,82.3876,82.3177,82.3701,143962,890965
1991-09-26,82.3789,82.4401,82.3789,82.4313,171228,892608
1991-09-27,82.4313,82.4663,82.4313,82.4575,150427,892072
1991-09-30,82.475,82.4838,82.4488,82.4663,109856,895755
1991-10-01,82.4838,82.4925,82.4401,82.4488,192654,903899
1991-10-02,82.4575,82.4663,82.4401,82.4488,148682,916253
1991-10-03,82.475,82.4925,82.475,82.4838,126946,924413
1991-10-04,82.5362,82.5712,82.5012,82.5624,240269,938808
1991-10-07,82.5712,82.5887,82.5624,82.5624,98986,939491
1991-10-08,82.5624,82.5799,82.545,82.5624,97488,941017
1991-10-09,82.5362,82.5712,82.5275,82.5362,144048,945675
1991-10-10,82.5275,82.5537,82.51,82.5362,177485,945412
1991-10-11,82.5537,82.6061,82.545,82.5887,171396,946808
1991-10-14,82.6149,82.6149,82.5974,82.6061,39722,941383
1991-10-15,82.6236,82.6324,82.5974,82.6149,85121,944543
1991-10-16,82.6324,82.6411,82.6324,82.6324,63709,942822
1991-10-17,82.6498,82.6498,82.5624,82.5712,221774,958939
1991-10-18,82.545,82.6061,82.545,82.5799,146016,958493
1991-10-21,82.5887,82.5974,82.5362,82.545,146632,954294
1991-10-22,82.5275,82.5624,82.5012,82.545,215236,957067
1991-10-23,82.545,82.5712,82.5362,82.5537,123464,953678
1991-10-24,82.5537,82.6411,82.5537,82.6324,188565,957620
1991-10-25,82.6236,82.6411,82.6061,82.6236,108181,952956
1991-10-28,82.5974,82.6761,82.5887,82.6673,118371,962103
1991-10-29,82.6848,82.7722,82.6761,82.7547,245980,970441
1991-10-30,82.7635,82.8159,82.7635,82.7984,233192,984888
1991-10-31,82.8246,82.8334,82.7984,82.8159,170855,997022
1991-11-01,82.8334,82.9033,82.7809,82.8771,224019,1009193
1991-11-04,82.8771,82.8858,82.8596,82.8771,110621,1001830
1991-11-05,82.8946,82.9033,82.8421,82.8596,153950,999286
1991-11-06,82.8596,82.9732,82.8596,82.9558,247132,1025004
1991-11-07,82.9732,82.9732,82.947,82.9558,141963,1026332
1991-11-08,82.9732,82.982,82.9208,82.9295,151342,1046464
1991-11-11,82.9383,82.9383,82.9295,82.9295,31782,1048648
1991-11-12,82.947,82.9558,82.9033,82.9208,130709,1053277
1991-11-13,82.9033,82.9121,82.8159,82.8596,327612,1065131
1991-11-14,82.8683,82.9208,82.8683,82.8946,227696,1065559
1991-11-15,82.9033,82.9295,82.8858,82.9121,194911,1059026
1991-11-18,82.9383,82.9732,82.9295,82.9295,159748,1055738
1991-11-19,82.947,83.0169,82.9295,82.9907,224967,1066065
1991-11-20,82.982,83.0082,82.9383,82.9995,189472,1080802
1991-11-21,82.9907,83.0694,82.9907,83.0519,183309,1082863
1991-11-22,83.0519,83.0693,83.0344,83.0519,140019,1078572
1991-11-25,83.0693,83.0781,83.0606,83.0693,90245,1082755
1991-11-26,83.0781,83.1217,83.0693,83.1042,156532,1080022
1991-11-27,83.113,83.1217,83.0344,83.1042,143895,1083903
1991-11-29,83.113,83.1304,83.113,83.1217,67303,1084373
1991-12-02,83.1566,83.1828,83.1391,83.1566,144301,1091785
1991-12-03,83.1653,83.2177,83.1304,83.2089,199347,1096966
1991-12-04,83.2089,83.2613,83.1915,83.2526,191925,1103228
1991-12-05,83.2787,83.2875,83.2177,83.2264,200594,1106103
1991-12-06,83.2351,83.3398,83.174,83.3049,315441,1121601
1991-12-09,83.3573,83.4271,83.3573,83.4183,169053,1156471
1991-12-10,83.4445,83.462,83.366,83.3747,226633,1130152
1991-12-11,83.4096,83.4183,83.3747,83.3834,165586,1116932
1991-12-12,83.4096,83.4183,83.366,83.3922,143406,1120144
1991-12-13,83.4009,83.4096,83.3485,83.366,159203,1131227
1991-12-16,83.3834,83.4009,83.366,83.3834,117071,986954
1991-12-17,83.4009,83.4445,83.3747,83.4358,166885,994183
1991-12-18,83.4445,83.4532,83.366,83.3834,183372,994252
1991-12-19,83.3922,83.4358,83.3834,83.4271,128085,990253
1991-12-20,83.4183,83.7673,83.4183,83.6626,261198,1013333
1991-12-23,83.6539,83.6975,83.6539,83.6801,113959,1016706
1991-12-24,83.6801,83.7063,83.6539,83.6626,73793,1018398
1991-12-26,83.6714,83.6801,83.6626,83.6626,24821,1017635
1991-12-27,83.6714,83.6888,83.6714,83.6714,47689,1022099
1991-12-30,83.6975,83.7063,83.6888,83.6975,67443,1018718
1991-12-31,83.7237,83.7499,83.7063,83.7237,74129,1023155
1992-01-02,83.7586,83.7586,83.6888,83.7063,150177,1036349
1992-01-03,83.715,83.715,83.6714,83.6801,127483,1046650
1992-01-06,83.6975,83.7237,83.6975,83.715,109886,1053394
1992-01-07,83.7412,83.7848,83.7324,83.7761,155957,1066095
1992-01-08,83.7935,83.811,83.7673,83.7761,155956,1080687
1992-01-09,83.8022,83.8197,83.6103,83.7063,338778,1105682
1992-01-10,83.7063,83.7412,83.6016,83.6975,521340,1150398
1992-01-13,83.6714,83.6801,83.6277,83.6626,323817,1138641
1992-01-14,83.6103,83.6626,83.5405,83.6103,453746,1139315
1992-01-15,83.5579,83.5841,83.5143,83.5405,417445,1138318
1992-01-16,83.5056,83.5667,83.4969,83.5318,302084,1129057
1992-01-17,83.5928,83.619,83.5667,83.5841,257240,1149665
1992-01-20,83.6016,83.6452,83.5928,83.6365,64605,1139081
1992-01-21,83.6277,83.6452,83.619,83.6365,126991,1135799
1992-01-22,83.6539,83.6539,83.6016,83.6365,212965,1154228
1992-01-23,83.619,83.6277,83.5667,83.5754,183168,1156067
1992-01-24,83.5318,83.5841,83.5318,83.5492,204704,1161826
1992-01-27,83.5667,83.5754,83.523,83.5405,146809,1165200
1992-01-28,83.5579,83.6277,83.5492,83.6103,231814,1168806
1992-01-29,83.6626,83.6801,83.5318,83.5492,389159,1185289
1992-01-30,83.5754,83.619,83.5405,83.5579,314340,1175125
1992-01-31,83.5667,83.6103,83.5579,83.6016,177230,1178979
1992-02-03,83.6016,83.6103,83.5667,83.5928,153829,1175763
1992-02-04,83.6103,83.6277,83.5841,83.619,163597,1175604
1992-02-05,83.6452,83.6626,83.619,83.6539,165206,1173959
1992-02-06,83.6714,83.6888,83.6452,83.6539,178460,1170113
1992-02-07,83.6452,83.7761,83.6365,83.7499,413413,1200377
1992-02-10,83.7761,83.7935,83.7586,83.7586,183969,1200153
1992-02-11,83.7673,83.7761,83.6975,83.7324,236237,1208321
1992-02-12,83.7237,83.7324,83.6975,83.7063,145680,1206500
1992-02-13,83.7237,83.7237,83.5928,83.6277,366040,1222274
1992-02-14,83.5754,83.6103,83.5667,83.6103,262979,1228125
1992-02-18,83.6277,83.6626,83.5841,83.6016,221819,1225947
1992-02-19,83.5579,83.5928,83.5492,83.5754,206715,1222918
1992-02-20,83.5754,83.5841,83.5405,83.5492,179248,1231048
1992-02-21,83.5056,83.5143,83.4358,83.4532,354344,1241685
1992-02-24,83.4095,83.4707,83.4007,83.4357,196622,1232522
1992-02-25,83.462,83.5845,83.4532,83.497,317407,1237963
1992-02-26,83.497,83.602,83.462,83.5933,254212,1235298
1992-02-27,83.5933,83.6458,83.5845,83.6195,224727,1233368
1992-02-28,83.6283,83.672,83.6195,83.6545,194017,1239121
1992-03-02,83.6633,83.6895,83.4532,83.462,317800,1243534
1992-03-03,83.4357,83.497,83.4007,83.4882,352500,1247454
1992-03-04,83.497,83.497,83.427,83.4795,242526,1250911
1992-03-05,83.462,83.462,83.3745,83.3832,250988,1262433
1992-03-06,83.392,83.4707,83.2957,83.4532,460125,1289268
1992-03-09,83.462,83.4882,83.4532,83.4795,141142,1289205
1992-03-10,83.4882,83.497,83.4445,83.462,158522,1283764
1992-03-11,83.4357,83.4445,83.3832,83.4095,220310,1289493
1992-03-12,83.3657,83.3832,83.3045,83.3132,324604,1296582
1992-03-13,83.2607,83.3657,83.2257,83.252,421474,1309386
1992-03-16,83.2607,83.2957,83.252,83.2607,203191,1168579
1992-03-17,83.2695,83.3482,83.217,83.3395,299448,1187327
1992-03-18,83.3395,83.357,83.3045,83.3482,229144,1201820
1992-03-19,83.3395,83.4007,83.3395,83.3745,212531,1206695
1992-03-20,83.392,83.4007,83.2957,83.3045,227146,1205352
1992-03-23,83.3132,83.3657,83.2957,83.3482,151567,1206219
1992-03-24,83.357,83.462,83.357,83.4532,245098,1208501
1992-03-25,83.4357,83.5232,83.4182,83.497,321775,1216051
1992-03-26,83.5232,83.532,83.4532,83.462,236255,1215397
1992-03-27,83.4532,83.5232,83.4357,83.5145,217898,1218238
1992-03-30,83.532,83.5583,83.5057,83.532,150195,1221004
1992-03-31,83.5408,83.5758,83.497,83.5495,181753,1219339
1992-04-01,83.5583,83.602,83.532,83.5845,226820,1223955
1992-04-02,83.5845,83.5933,83.5495,83.567,158911,1223508
1992-04-03,83.6108,83.6983,83.602,83.6895,384454,1255409
1992-04-06,83.6895,83.7158,83.672,83.6808,201331,1239689
1992-04-07,83.6808,83.7508,83.6545,83.742,248786,1239127
1992-04-08,83.777,83.8033,83.742,83.742,246318,1250920
1992-04-09,83.7595,83.9783,83.7333,83.9521,414099,1282331
1992-04-10,83.9258,83.9696,83.8996,83.9258,383254,1286879
1992-04-13,83.9346,83.9521,83.9083,83.9346,90560,1288713
1992-04-14,83.9433,83.9521,83.9171,83.9258,165080,1290674
1992-04-15,83.9171,83.9171,83.8821,83.8996,198638,1297231
1992-04-16,83.8821,83.8908,83.8383,83.8471,273782,1282679
1992-04-20,83.812,83.8383,83.7945,83.8208,186238,1271562
1992-04-21,83.8383,83.8558,83.8208,83.8295,193403,1266379
1992-04-22,83.8295,83.8821,83.8208,83.8383,162007,1266127
1992-04-23,83.8383,83.8646,83.7595,83.8558,301422,1274944
1992-04-24,83.8821,83.9083,83.8733,83.8996,243019,1279770
1992-04-27,83.8908,83.8996,83.8558,83.8646,149427,1275008
1992-04-28,83.8208,83.8996,83.8033,83.8908,324842,1277824
1992-04-29,83.8996,83.9083,83.8908,83.8908,182477,1278958
1992-04-30,83.8733,83.8908,83.8471,83.8821,207293,1299850
1992-05-01,83.8996,83.9958,83.8908,83.9696,246569,1314567
1992-05-04,83.9696,83.9783,83.9433,83.9608,118515,1314511
1992-05-05,83.9696,83.9958,83.9608,83.9871,173098,1319577
1992-05-06,83.9958,84.0133,83.9871,83.9958,195710,1325305
1992-05-07,84.0046,84.0133,83.9521,83.9608,259950,1332724
1992-05-08,84.0571,84.0571,83.9521,83.9958,425086,1364091
1992-05-11,84.0046,84.0308,83.9958,84.0133,163840,1347832
1992-05-12,84.0396,84.0921,84.0221,84.0571,235010,1357529
1992-05-13,84.0658,84.1096,84.0133,84.0833,390330,1372102
1992-05-14,84.0658,84.1008,84.0571,84.0746,258253,1375563
1992-05-15,84.0571,84.0746,84.0483,84.0746,201438,1376829
1992-05-18,84.0833,84.0921,84.0658,84.0746,114082,1372587
1992-05-19,84.0658,84.1446,84.0658,84.1358,268068,1377506
1992-05-20,84.1533,84.1621,84.0746,84.0921,286717,1388345
1992-05-21,84.0221,84.0483,83.9871,83.9958,381663,1424970
1992-05-22,84.0222,84.0485,84.0046,84.0397,172428,1426744
1992-05-26,84.0485,84.0485,83.9256,83.9344,278137,1437914
1992-05-27,83.9344,84.0134,83.9168,84.0046,252822,1441930
1992-05-28,84.0046,84.0485,83.987,84.0397,162865,1435085
1992-05-29,84.0573,84.0924,84.0222,84.0485,234467,1438888
1992-06-01,84.031,84.031,83.9431,83.9783,264496,1453731
1992-06-02,83.9958,84.0134,83.9607,84.0046,281421,1459354
1992-06-03,84.0134,84.0485,83.9783,84.0397,204623,1454969
1992-06-04,84.0222,84.031,83.9958,84.0134,141517,1455661
1992-06-05,84.0134,84.11,83.9958,84.0573,363033,1449949
1992-06-08,84.0661,84.0836,84.0485,84.0749,162538,1440121
1992-06-09,84.0836,84.1012,84.0749,84.0749,154887,1445174
1992-06-10,84.0749,84.0836,84.0485,84.0749,147322,1438104
1992-06-11,84.0573,84.11,84.0397,84.1012,220954,1438381
1992-06-12,84.11,84.1802,84.1012,84.1451,261228,1441823
1992-06-15,84.1451,84.1715,84.1451,84.1539,139429,1291668
1992-06-16,84.1627,84.1978,84.1188,84.189,216492,1304852
1992-06-17,84.1978,84.2066,84.1627,84.189,202472,1315761
1992-06-18,84.189,84.2417,84.1802,84.2154,275491,1315650
1992-06-19,84.1978,84.2241,84.1451,84.1715,265517,1322979
1992-06-22,84.1715,84.2154,84.1627,84.1978,135504,1310231
1992-06-23,84.1715,84.189,84.1627,84.1802,149430,1319933
1992-06-24,84.2066,84.2768,84.2066,84.2681,236470,1317352
1992-06-25,84.2768,84.3207,84.2593,84.3032,252015,1313127
1992-06-26,84.3295,84.3383,84.2944,84.312,173007,1318827
1992-06-29,84.3383,84.3822,84.3295,84.3647,160486,1324413
1992-06-30,84.3734,84.3734,84.3383,84.3647,182911,1320508
1992-07-01,84.3559,84.4086,84.3295,84.391,211971,1330235
1992-07-02,84.391,84.6632,84.3822,84.6281,508078,1366351
1992-07-06,84.6281,84.6632,84.6193,84.6457,246844,1364267
1992-07-07,84.672,84.6984,84.6544,84.672,218454,1371768
1992-07-08,84.7159,84.7159,84.6369,84.6632,282606,1382733
1992-07-09,84.6544,84.7071,84.6457,84.6984,229351,1385444
1992-07-10,84.7071,84.7335,84.6984,84.7071,236369,1388643
1992-07-13,84.6984,84.7159,84.6808,84.7071,152599,1397705
1992-07-14,84.6896,84.7335,84.6896,84.7247,204975,1392548
1992-07-15,84.7335,84.7862,84.7335,84.7774,223687,1406249
1992-07-16,84.7686,84.7862,84.7335,84.7774,325316,1420190
1992-07-17,84.7598,84.7862,84.7423,84.7686,243486,1428789
1992-07-20,84.7598,84.8037,84.751,84.7686,190380,1437516
1992-07-21,84.751,84.7862,84.7335,84.7686,219647,1464721
1992-07-22,84.7774,84.7774,84.751,84.7686,143534,1472095
1992-07-23,84.751,84.7774,84.751,84.7686,283162,1487272
1992-07-24,84.7686,84.7774,84.7423,84.7686,252290,1493986
1992-07-27,84.7598,84.7686,84.751,84.751,137992,1492697
1992-07-28,84.7598,84.7774,84.7423,84.7686,248191,1503218
1992-07-29,84.7686,84.7862,84.751,84.7598,193405,1512651
1992-07-30,84.751,84.7598,84.7247,84.7423,306373,1524743
1992-07-31,84.751,84.7598,84.7159,84.7247,299073,1526989
1992-08-03,84.7335,84.7774,84.7247,84.7686,229986,1515212
1992-08-04,84.7686,84.7862,84.7598,84.7774,173028,1506187
1992-08-05,84.7862,84.795,84.7686,84.7774,174892,1504259
1992-08-06,84.7862,84.795,84.7774,84.7862,158471,1497998
1992-08-07,84.7774,84.8476,84.7774,84.8301,335439,1519587
1992-08-10,84.8564,84.874,84.8389,84.8389,173253,1523670
1992-08-11,84.8564,84.8564,84.8213,84.8301,195853,1544235
1992-08-12,84.8389,84.8476,84.8213,84.8301,162499,1550437
1992-08-13,84.8389,84.8564,84.8213,84.8301,201566,1554354
1992-08-14,84.8213,84.8564,84.8213,84.8476,167364,1561455
1992-08-17,84.8476,84.8564,84.8301,84.8476,105990,1563060
1992-08-18,84.8564,84.9003,84.8564,84.874,192496,1559043
1992-08-19,84.874,84.8828,84.8564,84.874,129959,1571603
1992-08-20,84.874,84.8828,84.8564,84.8652,118403,1576783
1992-08-21,84.8476,84.8564,84.8213,84.8389,224127,1589478
1992-08-24,84.7949,84.7949,84.7333,84.7421,268757,1576488
1992-08-25,84.7069,84.7861,84.6981,84.7333,315541,1577719
1992-08-26,84.7245,84.7949,84.7245,84.7861,248548,1571928
1992-08-27,84.8301,84.8301,84.7597,84.7861,202722,1567283
1992-08-28,84.7949,84.8125,84.7773,84.7949,133704,1563600
1992-08-31,84.7685,84.8125,84.7685,84.8037,97556,1553343
1992-09-01,84.7949,84.8477,84.7861,84.8389,171887,1551162
1992-09-02,84.8389,84.8741,84.8389,84.8565,173029,1555426
1992-09-03,84.8565,84.8829,84.8301,84.8653,175425,1559229
1992-09-04,84.9181,85.1821,84.8917,85.1205,485638,1609503
1992-09-08,85.1469,85.1645,85.1381,85.1557,197221,1620424
1992-09-09,85.1469,85.1557,85.1205,85.1293,159222,1621807
1992-09-10,85.1293,85.1469,85.0941,85.1381,190268,1616613
1992-09-11,85.1293,85.1557,85.1117,85.1381,233307,1628457
1992-09-14,85.2173,85.2349,85.1997,85.2085,249266,1483991
1992-09-15,85.2085,85.2261,85.1557,85.1821,315120,1498330
1992-09-16,85.1557,85.2525,85.1205,85.2085,462861,1489303
1992-09-17,85.2085,85.2349,85.1997,85.2085,181812,1478957
1992-09-18,85.1997,85.2261,85.1645,85.2173,159141,1474978
1992-09-21,85.1909,85.2085,85.1733,85.1909,133554,1482091
1992-09-22,85.1469,85.1733,85.1117,85.1557,239253,1494429
1992-09-23,85.1029,85.1469,85.0941,85.1117,204783,1476961
1992-09-24,85.1205,85.1645,85.1117,85.1557,207169,1486524
1992-09-25,85.1645,85.2525,85.1469,85.2437,295037,1494506
1992-09-28,85.2525,85.2613,85.2349,85.2437,134842,1488779
1992-09-29,85.2525,85.2525,85.2261,85.2349,147710,1485726
1992-09-30,85.2437,85.2613,85.2261,85.2349,151218,1495020
1992-10-01,85.2525,85.3668,85.2525,85.3492,286889,1512802
1992-10-02,85.3492,85.358,85.0941,85.2789,420103,1530805
1992-10-05,85.2789,85.3668,85.2701,85.2876,300418,1527143
1992-10-06,85.3052,85.3052,85.2261,85.2349,214782,1529847
1992-10-07,85.2173,85.2173,85.1381,85.1469,341268,1532434
1992-10-08,85.1821,85.2261,85.1469,85.1997,327859,1534148
1992-10-09,85.1029,85.1381,85.0501,85.0677,450765,1555892
1992-10-12,85.1117,85.1117,85.0765,85.0853,102436,1544642
1992-10-13,85.0677,85.0941,85.0501,85.0677,219278,1540379
1992-10-14,84.9797,85.0413,84.9621,85.0061,325457,1543952
1992-10-15,85.0413,85.1029,85.0061,85.0149,308411,1546844
1992-10-16,85.0149,85.0325,84.9885,85.0149,234805,1558003
1992-10-19,84.9709,84.9709,84.9005,84.9181,232764,1550617
1992-10-20,84.8125,84.8653,84.7421,84.7509,471156,1539259
1992-10-21,84.7949,84.8741,84.7861,84.8653,395986,1528758
1992-10-22,84.8829,84.9269,84.7421,84.8653,488683,1532238
1992-10-23,84.8477,84.8565,84.7685,84.7773,242191,1531463
1992-10-26,84.7421,84.8037,84.7333,84.8037,201267,1526758
1992-10-27,84.7949,84.8565,84.7597,84.8389,357933,1531552
1992-10-28,84.8301,84.8565,84.8125,84.8213,280161,1544619
1992-10-29,84.8389,84.8477,84.8037,84.8213,228804,1542062
1992-10-30,84.8565,84.8653,84.7597,84.7685,250829,1543865
1992-11-02,84.7773,84.7773,84.6981,84.7333,218342,1536246
1992-11-03,84.7069,84.8125,84.6981,84.7685,279413,1533309
1992-11-04,84.8213,84.8213,84.7685,84.7773,167906,1532097
1992-11-05,84.7861,84.8213,84.7685,84.8125,195020,1523305
1992-11-06,84.8037,84.9093,84.7157,84.7245,387749,1537574
1992-11-09,84.7069,84.7245,84.6717,84.6805,230180,1523955
1992-11-10,84.6453,84.7069,84.6453,84.6893,280079,1533333
1992-11-11,84.6893,84.6981,84.6805,84.6893,59698,1526235
1992-11-12,84.7069,84.7157,84.6629,84.6893,257799,1530603
1992-11-13,84.6893,84.6893,84.5749,84.6101,427729,1539133
1992-11-16,84.5397,84.5485,84.4429,84.4605,377010,1553322
1992-11-17,84.4605,84.4781,84.3901,84.4341,335457,1557590
1992-11-18,84.4693,84.5661,84.4517,84.5573,306673,1568739
1992-11-19,84.5485,84.6013,84.5045,84.5221,353647,1558732
1992-11-20,84.4869,84.5221,84.4517,84.4869,269057,1577226
1992-11-23,84.4693,84.5044,84.4517,84.4693,193486,1565661
1992-11-24,84.4517,84.566,84.4165,84.5572,297153,1558950
1992-11-25,84.5396,84.5484,84.4605,84.4781,282521,1562340
1992-11-27,84.5044,84.5044,84.3902,84.399,144438,1562606
1992-11-30,84.399,84.4341,84.3638,84.4253,285900,1558354
1992-12-01,84.4253,84.4781,84.399,84.4341,268706,1536857
1992-12-02,84.4517,84.5044,84.4253,84.4869,268105,1547087
1992-12-03,84.4957,84.5484,84.4869,84.5132,282364,1541877
1992-12-04,84.5396,84.6099,84.4693,84.6011,476936,1557754
1992-12-07,84.6099,84.6627,84.5836,84.6187,335208,1558492
1992-12-08,84.6451,84.6715,84.6187,84.6627,228058,1545054
1992-12-09,84.6715,84.6891,84.6099,84.6539,230303,1533581
1992-12-10,84.6363,84.6539,84.6011,84.6363,237653,1524901
1992-12-11,84.6363,84.6539,84.5484,84.5572,297223,1526274
1992-12-14,84.5572,84.566,84.4693,84.4781,303721,1316503
1992-12-15,84.4869,84.566,84.4781,84.522,215216,1309260
1992-12-16,84.5572,84.6363,84.5484,84.6275,205650,1312207
1992-12-17,84.6363,84.6451,84.5572,84.5836,235627,1324073
1992-12-18,84.6011,84.6451,84.5924,84.6363,108129,1319133
1992-12-21,84.6451,84.6978,84.6363,84.6627,129477,1319677
1992-12-22,84.6451,84.6978,84.6275,84.6803,121408,1318618
1992-12-23,84.6891,84.7066,84.6627,84.6803,138386,1316304
1992-12-24,84.6627,84.6891,84.6539,84.6803,43797,1314701
1992-12-28,84.6715,84.6715,84.6451,84.6627,43848,1314236
1992-12-29,84.6363,84.6803,84.6187,84.6627,129421,1319804
1992-12-30,84.6803,84.7418,84.6803,84.733,142855,1322633
1992-12-31,84.733,84.7418,84.6891,84.7066,100047,1325487
1993-01-04,84.7066,84.7857,84.6978,84.777,209560,1347840
1993-01-05,84.777,84.777,84.733,84.7594,222635,1349294
1993-01-06,84.7418,84.7594,84.7242,84.7506,163292,1351976
1993-01-07,84.733,84.7418,84.6978,84.7242,315532,1354728
1993-01-08,84.7066,84.8121,84.6891,84.8033,501736,1388114
1993-01-11,84.7945,84.8297,84.7945,84.8121,251030,1376769
1993-01-12,84.8297,84.8473,84.7945,84.8121,249479,1384933
1993-01-13,84.8121,84.8297,84.7945,84.8209,205483,1390271
1993-01-14,84.8209,84.8737,84.8033,84.8561,343661,1418609
1993-01-15,84.8737,84.9791,84.8649,84.9528,496679,1443358
1993-01-18,84.944,84.9528,84.9352,84.9528,83494,1440960
1993-01-19,84.944,84.9616,84.9088,84.9176,276455,1453993
1993-01-20,84.9,84.9264,84.8824,84.9,213882,1465197
1993-01-21,84.8912,84.9264,84.8824,84.9176,219542,1471097
1993-01-22,84.9528,84.9704,84.9264,84.9616,227971,1477710
1993-01-25,84.9791,84.9879,84.9528,84.9704,226144,1483830
1993-01-26,84.9704,84.9879,84.9352,84.944,313031,1485629
1993-01-27,84.9352,84.9879,84.9264,84.9791,325767,1495343
1993-01-28,84.9879,85.0055,84.9616,84.9967,326935,1500106
1993-01-29,85.0143,85.0231,84.9616,84.9967,347595,1508803
1993-02-01,84.9967,85.0055,84.9704,84.9879,157504,1511787
1993-02-02,84.944,84.9704,84.944,84.9528,216788,1519246
1993-02-03,84.9352,84.9616,84.9352,84.9528,183471,1525181
1993-02-04,84.9704,84.9967,84.9616,84.9791,292660,1530372
1993-02-05,84.9879,85.0231,84.9616,85.0143,432931,1557908
1993-02-08,85.0055,85.0055,84.9791,84.9879,193429,1559222
1993-02-09,84.9791,84.9967,84.9704,84.9791,247017,1556655
1993-02-10,84.9791,84.9879,84.9528,84.9616,252796,1571133
1993-02-11,84.9616,85.0055,84.944,84.9879,276570,1579895
1993-02-12,84.9967,85.0143,84.9704,84.9879,223414,1582904
1993-02-16,84.9967,85.0231,84.9879,84.9879,242145,1599070
1993-02-17,84.9967,85.0231,84.9967,85.0143,210260,1605993
1993-02-18,85.0583,85.0846,85.0407,85.0671,412547,1624321
1993-02-19,85.0583,85.0846,85.0495,85.0671,276453,1619429
1993-02-22,85.0494,85.0758,85.0318,85.067,168585,1630977
1993-02-23,85.0847,85.1375,85.0582,85.1199,376439,1631838
1993-02-24,85.1287,85.1287,85.067,85.0847,309208,1641496
1993-02-25,85.0847,85.1199,85.0582,85.0847,277491,1642170
1993-02-26,85.067,85.1111,85.0494,85.0935,236636,1657518
1993-03-01,85.0935,85.1287,85.0847,85.1111,197762,1644027
1993-03-02,85.1023,85.1199,85.0847,85.1111,198430,1639537
1993-03-03,85.1023,85.1463,85.1023,85.1287,194499,1645922
1993-03-04,85.1551,85.1903,85.1375,85.1639,380223,1673867
1993-03-05,85.1903,85.2167,84.9878,85.067,761443,1702509
1993-03-08,85.0935,85.1111,85.0318,85.0494,398245,1711961
1993-03-09,85.0142,85.0318,84.9966,85.0142,346466,1719808
1993-03-10,85.023,85.0406,85.0054,85.023,263885,1733502
1993-03-11,85.0494,85.067,85.0318,85.0582,255646,1734068
1993-03-12,85.0494,85.0758,85.023,85.0494,323901,1753447
1993-03-15,85.0406,85.067,85.0318,85.0494,241232,1766306
1993-03-16,85.0494,85.0847,85.0494,85.0758,244850,1574752
1993-03-17,85.0758,85.0935,85.0406,85.0847,310471,1575341
1993-03-18,85.1023,85.1287,85.0935,85.1199,265085,1577902
1993-03-19,85.1375,85.1463,85.0935,85.1023,239175,1580850
1993-03-22,85.1023,85.1287,85.0935,85.1199,148275,1583359
1993-03-23,85.1287,85.1463,85.1199,85.1287,141061,1584373
1993-03-24,85.1287,85.1375,85.1111,85.1287,149750,1589268
1993-03-25,85.1199,85.1463,85.1111,85.1375,143612,1595158
1993-03-26,85.1199,85.1199,85.1111,85.1111,208641,1600037
1993-03-29,85.0935,85.1287,85.0847,85.1199,183502,1605712
1993-03-30,85.1287,85.1375,85.1199,85.1287,198461,1603227
1993-03-31,85.1375,85.1375,85.1111,85.1199,206748,1600629
1993-04-01,85.1287,85.1375,85.1111,85.1199,208968,1597155
1993-04-02,85.1287,85.1727,85.1199,85.1287,399285,1625265
1993-04-05,85.1199,85.1375,85.1199,85.1287,121503,1620482
1993-04-06,85.1287,85.1375,85.1199,85.1287,129628,1626463
1993-04-07,85.1287,85.1375,85.1287,85.1375,129870,1627175
1993-04-08,85.1375,85.1815,85.1287,85.1639,298370,1640077
1993-04-12,85.1903,85.1991,85.1727,85.1815,181127,1645125
1993-04-13,85.1903,85.2079,85.1815,85.1903,254753,1648893
1993-04-14,85.1991,85.2079,85.1991,85.1991,155660,1641577
1993-04-15,85.1991,85.2079,85.1903,85.1991,200243,1637533
1993-04-16,85.1903,85.2079,85.1903,85.2079,173291,1638187
1993-04-19,85.1991,85.1991,85.1903,85.1991,99709,1645043
1993-04-20,85.1991,85.2079,85.1903,85.1991,100876,1651551
1993-04-21,85.1991,85.2167,85.1991,85.2079,111483,1658492
1993-04-22,85.2079,85.2167,85.1991,85.2079,168254,1665999
1993-04-23,85.2167,85.2343,85.2079,85.2167,309206,1671810
1993-04-26,85.2167,85.2255,85.2079,85.2167,129862,1672039
1993-04-27,85.2079,85.2079,85.1903,85.1991,231561,1687735
1993-04-28,85.1903,85.1991,85.1903,85.1991,207877,1706115
1993-04-29,85.1991,85.2255,85.1991,85.2167,257993,1712692
1993-04-30,85.2255,85.2255,85.2167,85.2167,183987,1702699
1993-05-03,85.2167,85.2519,85.2167,85.2431,186043,1710358
1993-05-04,85.2431,85.2607,85.2343,85.2431,217706,1680200
1993-05-05,85.2519,85.2519,85.2343,85.2431,187785,1719990
1993-05-06,85.2431,85.2431,85.2343,85.2431,168540,1729580
1993-05-07,85.2519,85.2607,85.2431,85.2519,226472,1747122
1993-05-10,85.2431,85.2519,85.2431,85.2519,73858,1744397
1993-05-11,85.2519,85.2519,85.2431,85.2519,71956,1743627
1993-05-12,85.2519,85.2519,85.2255,85.2431,211288,1767026
1993-05-13,85.2431,85.2431,85.1815,85.1815,468069,1800518
1993-05-14,85.1815,85.1815,85.1463,85.1639,517916,1829563
1993-05-17,85.1375,85.1551,85.1287,85.1375,361371,1848251
1993-05-18,85.1463,85.1639,85.1287,85.1287,363979,1852565
1993-05-19,85.1375,85.1639,85.1199,85.1551,386030,1849945
1993-05-20,85.1551,85.1727,85.1463,85.1551,288499,1846426
1993-05-21,85.1375,85.1463,85.1199,85.1287,372067,1815124
1993-05-24,85.0493,85.0934,85.0493,85.0669,381592,1800349
1993-05-25,85.0846,85.1199,85.0758,85.0758,367731,1800200
1993-05-26,85.0758,85.111,85.0669,85.1022,269552,1793339
1993-05-27,85.1287,85.1551,85.014,85.0228,494083,1784730
1993-05-28,85.0228,85.0669,85.014,85.014,348396,1791707
1993-06-01,85.0493,85.0934,85.0405,85.0846,288912,1780204
1993-06-02,85.0846,85.111,85.0493,85.0669,352216,1780219
1993-06-03,85.0758,85.1022,85.0669,85.0934,203180,1777050
1993-06-04,85.0934,85.1022,84.9258,84.9435,618738,1811510
1993-06-07,84.9523,84.9699,84.9523,84.9523,223081,1812304
1993-06-08,84.9699,84.9787,84.9435,84.9435,190797,1806707
1993-06-09,84.9523,84.9699,84.9346,84.9611,155981,1805320
1993-06-10,84.9611,84.9787,84.9523,84.9611,186615,1811130
1993-06-11,84.9699,85.1022,84.9435,85.0934,507762,1844407
1993-06-14,85.0758,85.1199,85.0758,85.111,267045,1836882
1993-06-15,85.1022,85.1728,85.0758,85.1463,432462,1666103
1993-06-16,85.1375,85.164,85.111,85.1463,224805,1662382
1993-06-17,85.1463,85.164,85.1463,85.1463,155128,1661924
1993-06-18,85.1375,85.1375,85.0934,85.111,234205,1669834
1993-06-21,85.1022,85.1287,85.1022,85.111,121850,1668696
1993-06-22,85.1199,85.1287,85.111,85.1199,118295,1667256
1993-06-23,85.0405,85.111,85.0405,85.0846,297786,1694689
1993-06-24,85.0846,85.1375,85.0846,85.1022,205693,1703920
1993-06-25,85.111,85.1375,85.111,85.1287,232143,1701402
1993-06-28,85.1463,85.164,85.1375,85.1551,182513,1691750
1993-06-29,85.1551,85.1904,85.1551,85.1728,313297,1703064
1993-06-30,85.1728,85.1816,85.1551,85.1728,149102,1704338
1993-07-01,85.1816,85.2169,85.1728,85.1992,283311,1711596
1993-07-02,85.2081,85.2698,85.1904,85.2345,339664,1735202
1993-07-06,85.2522,85.261,85.1904,85.1904,266369,1731834
1993-07-07,85.1816,85.2169,85.1728,85.1992,261933,1737275
1993-07-08,85.1992,85.2257,85.1816,85.2169,244981,1736903
1993-07-09,85.2257,85.2345,85.2081,85.2257,187062,1747080
1993-07-12,85.2257,85.2345,85.2169,85.2257,104799,1751562
1993-07-13,85.2257,85.2257,85.1904,85.1992,222256,1754494
1993-07-14,85.1904,85.2345,85.1816,85.2257,277678,1762515
1993-07-15,85.2345,85.2433,85.2169,85.2257,169343,1763157
1993-07-16,85.2257,85.2522,85.2169,85.2345,205668,1766271
1993-07-19,85.2433,85.2433,85.2257,85.2345,109138,1762561
1993-07-20,85.2257,85.2345,85.1904,85.2081,397887,1780414
1993-07-21,85.1992,85.2081,85.1816,85.1904,333324,1790003
1993-07-22,85.1904,85.2081,85.1375,85.1463,505426,1798999
1993-07-23,85.1551,85.1816,85.1463,85.1551,326974,1815052
1993-07-26,85.164,85.1816,85.164,85.1728,216155,1823816
1993-07-27,85.1816,85.1904,85.1551,85.1728,220701,1829803
1993-07-28,85.164,85.1904,85.1375,85.1904,332100,1842828
1993-07-29,85.2169,85.2786,85.1992,85.2522,447306,1854310
1993-07-30,85.2433,85.2522,85.2257,85.2433,195022,1856544
1993-08-02,85.2257,85.2345,85.2081,85.2169,164690,1853709
1993-08-03,85.2169,85.2433,85.2169,85.2257,141575,1850361
1993-08-04,85.2257,85.2345,85.2169,85.2257,107786,1849333
1993-08-05,85.2257,85.2522,85.2169,85.2345,194758,1853847
1993-08-06,85.2433,85.261,85.2345,85.2522,274264,1861139
1993-08-09,85.261,85.2786,85.2522,85.2698,182686,1881580
1993-08-10,85.261,85.2786,85.2522,85.261,153711,1882857
1993-08-11,85.2522,85.2786,85.2522,85.261,136995,1889314
1993-08-12,85.2698,85.2874,85.2698,85.2698,248870,1902432
1993-08-13,85.261,85.3139,85.261,85.3051,387579,1928574
1993-08-16,85.3051,85.3139,85.3051,85.3051,189217,1922212
1993-08-17,85.3139,85.3139,85.2963,85.3051,138348,1930146
1993-08-18,85.3051,85.3139,85.3051,85.3051,127554,1933080
1993-08-19,85.3139,85.3227,85.3051,85.3139,218924,1952765
1993-08-20,85.3139,85.3315,85.3051,85.3227,199387,1944329
1993-08-23,85.3139,85.3227,85.2962,85.305,92995,1939340
1993-08-24,85.2962,85.3758,85.2873,85.367,251220,1967610
1993-08-25,85.3581,85.3847,85.3404,85.367,327386,1962124
1993-08-26,85.3758,85.3935,85.3493,85.3847,212763,1959062
1993-08-27,85.3493,85.367,85.3404,85.3493,200660,1981364
1993-08-30,85.3316,85.3758,85.3227,85.3581,140612,1980739
1993-08-31,85.367,85.3847,85.3139,85.3493,395351,1979750
1993-09-01,85.3404,85.3581,85.3227,85.3493,211200,1993261
1993-09-02,85.3581,85.4112,85.3493,85.4024,249953,1981250
1993-09-03,85.4024,85.482,85.3935,85.4732,517889,2040753
1993-09-07,85.4643,85.482,85.4466,85.4643,247501,2036733
1993-09-08,85.4378,85.4466,85.4024,85.4289,326672,2036986
1993-09-09,85.4201,85.4289,85.3493,85.367,435198,2021052
1993-09-10,85.3581,85.4732,85.3493,85.4378,527912,2051623
1993-09-13,85.4466,85.4643,85.4201,85.4289,240517,2052520
1993-09-14,85.4201,85.4378,85.3316,85.367,476752,1831766
1993-09-15,85.3581,85.4201,85.3227,85.4112,498091,1845690
1993-09-16,85.4024,85.4201,85.3847,85.4024,233629,1847215
1993-09-17,85.367,85.4112,85.367,85.4024,214914,1859838
1993-09-20,85.3935,85.4112,85.3847,85.4024,118845,1854152
1993-09-21,85.3847,85.4378,85.3581,85.4201,343542,1880456
1993-09-22,85.4112,85.4201,85.4024,85.4201,185319,1889996
1993-09-23,85.4201,85.4378,85.4024,85.4112,226509,1896297
1993-09-24,85.4112,85.4289,85.4024,85.4112,186998,1917078
1993-09-27,85.4466,85.4643,85.4466,85.4466,301599,1920223
1993-09-28,85.4466,85.4555,85.4289,85.4466,264946,1917128
1993-09-29,85.4289,85.4466,85.4201,85.4289,255523,1926578
1993-09-30,85.4112,85.4289,85.3935,85.4024,259507,1938218
1993-10-01,85.4112,85.4466,85.3935,85.4201,339037,1965878
1993-10-04,85.4289,85.4378,85.4201,85.4201,118379,1964341
1993-10-05,85.4289,85.4378,85.4201,85.4289,102556,1971364
1993-10-06,85.4289,85.4378,85.4201,85.4289,99682,1981050
1993-10-07,85.4289,85.4555,85.4289,85.4378,168150,1982951
1993-10-08,85.4466,85.4909,85.4289,85.4643,430528,2012251
1993-10-11,85.482,85.482,85.4555,85.4643,60448,2007836
1993-10-12,85.4732,85.4732,85.4466,85.4555,167417,2005348
1993-10-13,85.4466,85.4555,85.4378,85.4466,142029,2001466
1993-10-14,85.4466,85.4732,85.4289,85.4555,214148,2013614
1993-10-15,85.4643,85.4732,85.4555,85.4555,216729,2017942
1993-10-18,85.4643,85.4643,85.4378,85.4466,213409,2031800
1993-10-19,85.4466,85.4466,85.3935,85.4289,301693,2046106
1993-10-20,85.4378,85.4466,85.4024,85.4112,189333,2040106
1993-10-21,85.4201,85.4289,85.3847,85.4024,373573,2053478
1993-10-22,85.3847,85.4112,85.3758,85.3847,255311,2049384
1993-10-25,85.3847,85.3847,85.367,85.3758,266167,2061691
1993-10-26,85.3758,85.3935,85.3581,85.3758,281531,2064621
1993-10-27,85.3758,85.3847,85.3581,85.3758,305622,2070489
1993-10-28,85.3581,85.3758,85.3404,85.3758,441276,2078207
1993-10-29,85.3847,85.3847,85.367,85.3758,182686,2082863
1993-11-01,85.3493,85.3581,85.3404,85.3493,334617,2099837
1993-11-02,85.3316,85.3404,85.2962,85.3227,594883,2113296
1993-11-03,85.3316,85.3316,85.3139,85.3227,270100,2111061
1993-11-04,85.3316,85.3404,85.3227,85.3316,242074,2110335
1993-11-05,85.3316,85.3404,85.305,85.3227,608554,2143304
1993-11-08,85.3227,85.367,85.3139,85.3581,255795,2135692
1993-11-09,85.367,85.4201,85.3581,85.367,565791,2140607
1993-11-10,85.3847,85.3847,85.3581,85.367,296675,2135139
1993-11-11,85.3581,85.367,85.3404,85.3493,55842,2131437
1993-11-12,85.3404,85.3847,85.3227,85.3758,334582,2130973
1993-11-15,85.3758,85.3758,85.3581,85.3758,159283,2125030
1993-11-16,85.3935,85.4112,85.3758,85.4024,221828,2133676
1993-11-17,85.4024,85.4201,85.3935,85.4024,227111,2133509
1993-11-18,85.3935,85.4024,85.3847,85.3935,296062,2153015
1993-11-19,85.3581,85.3758,85.3404,85.3581,391855,2168206
1993-11-22,85.3493,85.367,85.3404,85.3493,206280,2163467
1993-11-23,85.3404,85.3935,85.3404,85.3847,250194,2170177
1993-11-24,85.3847,85.4024,85.367,85.3847,219107,2178788
1993-11-26,85.4201,85.4201,85.3935,85.4113,114243,2178683
1993-11-29,85.429,85.4378,85.3935,85.4024,203433,2184171
1993-11-30,85.3758,85.3935,85.3315,85.367,392367,2186609
1993-12-01,85.3581,85.3935,85.3493,85.3758,252773,2201919
1993-12-02,85.3758,85.4113,85.367,85.3758,211200,2191710
1993-12-03,85.3758,85.4378,85.3315,85.3758,558048,2219393
1993-12-06,85.3935,85.4201,85.3847,85.4113,209957,2209693
1993-12-07,85.4113,85.4201,85.3847,85.4113,278561,2213649
1993-12-08,85.4201,85.4555,85.3935,85.4378,258035,2227857
1993-12-09,85.4467,85.4555,85.4024,85.4378,340174,2252836
1993-12-10,85.4378,85.4644,85.4201,85.429,309013,2264537
1993-12-13,85.4201,85.429,85.4113,85.429,213596,2286114
1993-12-14,85.4201,85.4378,85.4201,85.429,229443,2051935
1993-12-15,85.4378,85.4467,85.429,85.429,187674,2063661
1993-12-16,85.4378,85.4467,85.429,85.4378,196617,2060727
1993-12-17,85.4821,85.4998,85.4733,85.4733,198975,2083815
1993-12-20,85.4821,85.4821,85.4555,85.4644,120373,2086578
1993-12-21,85.4555,85.4555,85.4378,85.4555,153640,2080265
1993-12-22,85.4555,85.4821,85.4467,85.4733,156879,2087984
1993-12-23,85.4733,85.4821,85.4644,85.4733,133092,2090757
1993-12-27,85.4644,85.4821,85.4555,85.4733,58165,2092612
1993-12-28,85.4644,85.4821,85.4555,85.4733,59847,2093729
1993-12-29,85.4644,85.4821,85.4644,85.4733,95999,2097103
1993-12-30,85.4733,85.4733,85.4555,85.4644,161271,2110496
1993-12-31,85.4555,85.4733,85.4555,85.4644,71650,2116982
1994-01-03,85.4733,85.4733,85.429,85.4378,217378,2128265
1994-01-04,85.4201,85.4467,85.4201,85.4378,255603,2153105
1994-01-05,85.4467,85.4644,85.4378,85.4378,214983,2171067
1994-01-06,85.4467,85.4733,85.4467,85.4555,358773,2211682
1994-01-07,85.4644,85.5618,85.4644,85.553,770776,2263976
1994-01-10,85.553,85.5618,85.5353,85.553,300745,2258593
1994-01-11,85.553,85.5707,85.5441,85.553,269417,2263532
1994-01-12,85.5795,85.5973,85.5707,85.5795,318259,2275550
1994-01-13,85.5884,85.5884,85.5441,85.5707,463661,2275730
1994-01-14,85.5618,85.5707,85.5264,85.553,402757,2286363
1994-01-17,85.5441,85.5618,85.5441,85.553,96603,2283626
1994-01-18,85.553,85.5795,85.553,85.5707,176438,2302246
1994-01-19,85.5795,85.5884,85.5618,85.5707,182091,2308669
1994-01-20,85.5795,85.6061,85.5618,85.5973,293044,2316411
1994-01-21,85.5973,85.615,85.5884,85.5973,290440,2316977
1994-01-24,85.5973,85.615,85.5884,85.6061,194189,2337730
1994-01-25,85.6061,85.615,85.5884,85.6061,256302,2339077
1994-01-26,85.5973,85.6061,85.5884,85.6061,217167,2353669
1994-01-27,85.6061,85.6061,85.5884,85.6061,302744,2372742
1994-01-28,85.6061,85.6415,85.5795,85.615,512958,2409651
1994-01-31,85.6061,85.615,85.5884,85.5973,404317,2415027
1994-02-01,85.5795,85.5795,85.5441,85.553,581958,2456051
1994-02-02,85.5441,85.553,85.4998,85.5175,468626,2453955
1994-02-03,85.4998,85.5175,85.4378,85.4555,770171,2454419
1994-02-04,85.4555,85.6415,85.367,85.3758,1402616,2516395
1994-02-07,85.3935,85.4113,85.367,85.3758,647759,2503580
1994-02-08,85.3758,85.3758,85.3493,85.3581,496433,2457820
1994-02-09,85.3404,85.3581,85.3404,85.3581,303841,2455984
1994-02-10,85.3581,85.367,85.3404,85.3493,308392,2474443
1994-02-11,85.3315,85.3581,85.3227,85.3493,431493,2485917
1994-02-14,85.3581,85.367,85.3493,85.3581,213207,2488685
1994-02-15,85.3493,85.3581,85.3404,85.3581,189786,2472917
1994-02-16,85.3493,85.3581,85.3493,85.3581,158763,2488385
1994-02-17,85.3581,85.3847,85.3227,85.3404,523882,2496315
1994-02-18,85.3315,85.3404,85.2873,85.3138,408013,2528167
1994-02-22,85.3049,85.3316,85.2783,85.3138,422353,2541582
1994-02-23,85.3049,85.3138,85.2249,85.2338,461015,2559521
1994-02-24,85.2071,85.2516,85.1538,85.1894,742783,2603711
1994-02-25,85.216,85.2427,85.1538,85.1894,452916,2611048
1994-02-28,85.2249,85.2516,85.1983,85.2071,368600,2596708
1994-03-01,85.2338,85.2338,85.0916,85.1005,779560,2652324
1994-03-02,85.0738,85.1271,85.056,85.1005,784333,2652836
1994-03-03,85.1182,85.136,85.0738,85.0916,486705,2639235
1994-03-04,85.1005,85.1005,84.9938,85.0471,809010,2669990
1994-03-07,85.0649,85.0916,85.0649,85.0649,364918,2645829
1994-03-08,85.0916,85.1005,85.0204,85.0382,421538,2642909
1994-03-09,85.0382,85.0382,84.976,85.0204,485122,2651261
1994-03-10,85.0293,85.056,84.9849,85.0116,434810,2659273
1994-03-11,85.0027,85.056,84.9938,85.0471,483225,2696835
1994-03-14,85.056,85.0649,85.0204,85.0382,332872,2712578
1994-03-15,85.0382,85.0738,85.0293,85.056,473336,2450902
1994-03-16,85.0738,85.1005,85.056,85.0916,394664,2454522
1994-03-17,85.0916,85.1182,85.0649,85.0827,357013,2446159
1994-03-18,85.056,85.056,85.0027,85.0116,356778,2441574
1994-03-21,85.0027,85.0116,84.976,84.9938,310373,2444655
1994-03-22,84.9849,85.0649,84.9493,85.056,588652,2462227
1994-03-23,85.056,85.0827,85.056,85.0738,379321,2438233
1994-03-24,85.0471,85.056,85.0204,85.0382,439760,2447827
1994-03-25,85.0382,85.056,85.0293,85.0382,265433,2444426
1994-03-28,85.056,85.0649,85.0293,85.0382,246116,2450079
1994-03-29,85.0382,85.0382,85.0116,85.0204,355384,2449731
1994-03-30,85.0116,85.0382,85.0027,85.0204,330101,2460986
1994-03-31,85.0293,85.0382,85.0027,85.0204,378640,2484882
1994-04-01,85.0293,85.0382,84.8604,84.8782,535138,2531711
1994-04-04,84.9138,84.9138,84.8248,84.8337,551259,2525913
1994-04-05,84.8782,84.9226,84.8337,84.9049,716802,2537810
1994-04-06,84.9849,84.9849,84.896,84.9493,672779,2533533
1994-04-07,84.9493,84.9849,84.9315,84.9671,440492,2546998
1994-04-08,84.9671,84.9671,84.9138,84.9226,332369,2554441
1994-04-11,84.9315,84.9404,84.9138,84.9226,274641,2562830
1994-04-12,84.9404,84.9582,84.9226,84.9404,372480,2568161
1994-04-13,84.9315,84.976,84.9049,84.9226,547966,2577838
1994-04-14,84.9138,84.9226,84.896,84.9226,333938,2577286
1994-04-15,84.8693,84.9226,84.8604,84.9226,486929,2601464
1994-04-18,84.9226,84.9226,84.7626,84.7804,673069,2637424
1994-04-19,84.7448,84.7626,84.7271,84.7626,593975,2640414
1994-04-20,84.7537,84.7715,84.7359,84.7537,446115,2642950
1994-04-21,84.7537,84.7982,84.7537,84.7804,719360,2648494
1994-04-22,84.7804,84.7893,84.7448,84.7626,585326,2656526
1994-04-25,84.7537,84.7537,84.7271,84.7537,298814,2657109
1994-04-26,84.7448,84.7715,84.7359,84.7537,460294,2652532
1994-04-28,84.7804,84.816,84.7093,84.7182,876622,2662161
1994-04-29,84.7271,84.7271,84.6915,84.7004,577633,2652984
1994-05-02,84.7004,84.7093,84.6648,84.6737,300751,2655960
1994-05-03,84.6648,84.6648,84.6204,84.6293,444011,2655832
1994-05-04,84.6381,84.6559,84.567,84.6115,585883,2653402
1994-05-05,84.5848,84.6026,84.5759,84.5848,363488,2655632
1994-05-06,84.5759,84.5759,84.4337,84.4603,1069436,2735224
1994-05-09,84.407,84.407,84.3181,84.327,671897,2747613
1994-05-10,84.3803,84.4426,84.3536,84.4337,718671,2761737
1994-05-11,84.4159,84.4337,84.327,84.3448,697129,2757828
1994-05-12,84.3181,84.4781,84.2914,84.3803,1009228,2756836
1994-05-13,84.4248,84.4959,84.3892,84.4603,641723,2747619
1994-05-16,84.4781,84.5048,84.4603,84.487,462339,2729459
1994-05-17,84.5048,84.6204,84.4603,84.6204,668756,2726635
1994-05-18,84.647,84.6559,84.6204,84.647,936658,2731476
1994-05-19,84.6559,84.7093,84.6293,84.7004,792308,2704075
1994-05-20,84.7004,84.7093,84.6826,84.7004,577460,2689951
1994-05-23,84.6557,84.6736,84.5574,84.5663,517021,2677853
1994-05-24,84.5663,84.6199,84.5663,84.5842,437259,2670891
1994-05-25,84.5842,84.6289,84.5484,84.6021,525456,2649119
1994-05-26,84.6199,84.6557,84.6199,84.6199,382250,2637976
1994-05-27,84.6289,84.6468,84.5395,84.5931,461845,2667561
1994-05-31,84.5484,84.5574,84.5038,84.5395,389338,2653001
1994-06-01,84.5216,84.5753,84.4859,84.5663,422249,2652835
1994-06-02,84.5663,84.6199,84.5663,84.611,434077,2636275
1994-06-03,84.6557,84.7361,84.5306,84.7183,1021526,2668526
1994-06-06,84.7451,84.8166,84.7451,84.7898,545457,2628772
1994-06-07,84.7629,84.7898,84.7451,84.7808,391924,2632186
1994-06-08,84.8344,84.8434,84.7987,84.7987,420960,2636040
1994-06-09,84.7987,84.8166,84.7808,84.7987,305324,2622298
1994-06-10,84.7898,84.8166,84.7629,84.7808,498588,2617107
1994-06-13,84.754,84.7629,84.7272,84.7629,461938,2647386
1994-06-14,84.754,84.8702,84.7451,84.8434,591167,2373874
1994-06-15,84.8523,84.8881,84.7898,84.8076,509337,2380844
1994-06-16,84.8166,84.8613,84.7898,84.8523,493245,2393052
1994-06-17,84.8613,84.8791,84.8076,84.8255,335633,2421306
1994-06-20,84.8076,84.8344,84.7987,84.8166,300769,2412442
1994-06-21,84.7719,84.7898,84.7183,84.7451,659077,2439442
1994-06-22,84.754,84.7898,84.7272,84.7629,467742,2441125
1994-06-23,84.7719,84.8076,84.7629,84.7808,345943,2435507
1994-06-24,84.754,84.7719,84.7093,84.7183,456112,2457029
1994-06-27,84.6468,84.7183,84.6378,84.7093,441656,2478086
1994-06-28,84.6914,84.7004,84.6289,84.6468,422153,2482396
1994-06-29,84.6199,84.6468,84.611,84.6378,373324,2489664
1994-06-30,84.6378,84.6646,84.5753,84.5842,413892,2495246
1994-07-01,84.6021,84.6199,84.5842,84.5842,275616,2492305
1994-07-05,84.6199,84.6289,84.6021,84.6199,252927,2499555
1994-07-06,84.611,84.6557,84.5931,84.6468,278315,2485931
1994-07-07,84.6736,84.7004,84.6646,84.6736,280947,2492003
1994-07-08,84.6736,84.6736,84.5395,84.5663,669904,2548431
1994-07-11,84.5574,84.5663,84.5216,84.5306,262750,2545845
1994-07-12,84.5306,84.611,84.5306,84.5753,468450,2568289
1994-07-13,84.5931,84.6021,84.5663,84.5931,314676,2573956
1994-07-14,84.5931,84.7719,84.5931,84.7629,770728,2577914
1994-07-15,84.7451,84.8523,84.7093,84.7898,726502,2551442
1994-07-18,84.7719,84.8434,84.754,84.8255,314475,2541556
1994-07-19,84.8166,84.8702,84.7987,84.8613,505068,2538571
1994-07-20,84.8523,84.8791,84.7451,84.7808,717791,2536083
1994-07-21,84.754,84.7719,84.7272,84.7451,469312,2547137
1994-07-22,84.754,84.7719,84.6825,84.7093,325346,2555441
1994-07-25,84.7004,84.7361,84.6914,84.7272,170742,2559959
1994-07-26,84.7451,84.7451,84.7093,84.7272,207269,2567254
1994-07-27,84.7272,84.7272,84.6825,84.6914,312006,2580249
1994-07-28,84.6825,84.7093,84.6557,84.7004,361150,2578627
1994-07-29,84.7093,84.8702,84.6914,84.8523,687328,2608256
1994-08-01,84.8255,84.8344,84.7987,84.8255,285849,2601647
1994-08-02,84.8434,84.897,84.8434,84.8434,406780,2607498
1994-08-03,84.8434,84.8613,84.8166,84.8523,268512,2592101
1994-08-04,84.8702,84.9059,84.8523,84.8702,363435,2594866
1994-08-05,84.8613,84.9059,84.7183,84.7272,774481,2637081
1994-08-08,84.7272,84.754,84.7272,84.7361,216754,2624232
1994-08-09,84.7272,84.7361,84.7004,84.7361,287469,2624829
1994-08-10,84.7361,84.7808,84.7272,84.7719,280391,2619618
1994-08-11,84.7719,84.7898,84.7272,84.754,499500,2640836
1994-08-12,84.7361,84.8166,84.7272,84.7808,478871,2663201
1994-08-15,84.7629,84.7808,84.754,84.7719,228250,2646442
1994-08-16,84.7629,84.897,84.7004,84.7719,689916,2682855
1994-08-17,84.8076,84.8166,84.7898,84.7987,593345,2668227
1994-08-18,84.7987,84.7987,84.7808,84.7898,383478,2653262
1994-08-19,84.7808,84.7987,84.7808,84.7898,252550,2639848
1994-08-22,84.7808,84.7808,84.7628,84.7808,166654,2648251
1994-08-23,84.7898,84.8168,84.7808,84.7988,207848,2643206
1994-08-24,84.8078,84.8618,84.8078,84.8528,275789,2645818
1994-08-25,84.8528,84.8528,84.8258,84.8348,224432,2661903
1994-08-26,84.8168,84.8708,84.8168,84.8438,315865,2681489
1994-08-29,84.8528,84.8708,84.8348,84.8438,151293,2689402
1994-08-30,84.8528,84.8798,84.8528,84.8618,188967,2703304
1994-08-31,84.8798,84.8798,84.8528,84.8708,214680,2705783
1994-09-01,84.8798,84.8888,84.8618,84.8798,255405,2713464
1994-09-02,84.8888,84.9608,84.8798,84.8798,474285,2724748
1994-09-06,84.8618,84.8798,84.8618,84.8708,249435,2713880
1994-09-07,84.8708,84.8798,84.8618,84.8708,243094,2705144
1994-09-08,84.8708,84.9068,84.8708,84.8888,228363,2723859
1994-09-09,84.9068,84.9158,84.8168,84.8348,631435,2738964
1994-09-12,84.8078,84.8258,84.8078,84.8258,245339,2723329
1994-09-13,84.8168,84.8618,84.7808,84.8258,528917,2711071
1994-09-14,84.8348,84.8528,84.8168,84.8438,273180,2706948
1994-09-15,84.8528,84.8798,84.8438,84.8708,264945,2715994
1994-09-16,84.8708,84.8798,84.7808,84.7898,588548,2744533
1994-09-19,84.7988,84.8168,84.7988,84.8078,317856,2748674
1994-09-20,84.7808,84.7808,84.7358,84.7538,469090,2480054
1994-09-21,84.7628,84.7718,84.6548,84.6818,590059,2480184
1994-09-22,84.6638,84.7088,84.6368,84.6908,555219,2497335
1994-09-23,84.7178,84.7268,84.6638,84.6908,295955,2488694
1994-09-26,84.6908,84.7088,84.6728,84.6818,209888,2479022
1994-09-27,84.6908,84.7358,84.6728,84.7088,357607,2486266
1994-09-28,84.7088,84.7538,84.6728,84.7178,423667,2514313
1994-09-29,84.7178,84.7358,84.6458,84.6728,586851,2540590
1994-09-30,84.6638,84.6728,84.6368,84.6458,396003,2510807
1994-10-03,84.6278,84.6458,84.5558,84.5648,413982,2519951
1994-10-04,84.5558,84.5918,84.5468,84.5558,418091,2519123
1994-10-05,84.5468,84.5648,84.5108,84.5378,506589,2507592
1994-10-06,84.5378,84.5558,84.5288,84.5378,321087,2488457
1994-10-07,84.5198,84.6368,84.4838,84.6278,802795,2511362
1994-10-10,84.6188,84.6278,84.5918,84.6188,103403,2496065
1994-10-11,84.6278,84.6818,84.6188,84.6548,381859,2482157
1994-10-12,84.6368,84.6458,84.6188,84.6278,305547,2471075
1994-10-13,84.6098,84.7088,84.6098,84.6638,523883,2466721
1994-10-14,84.6638,84.7448,84.6008,84.7178,599250,2478708
1994-10-17,84.6998,84.7178,84.6908,84.7088,312024,2488512
1994-10-18,84.7268,84.7358,84.6998,84.7088,231858,2493448
1994-10-19,84.6818,84.6908,84.6728,84.6818,326222,2494338
1994-10-20,84.6728,84.6908,84.5918,84.6008,612761,2512096
1994-10-21,84.5918,84.6278,84.5738,84.6008,439558,2496724
1994-10-24,84.6008,84.6098,84.5648,84.5738,253865,2501549
1994-10-25,84.5378,84.5918,84.5288,84.5738,514805,2494256
1994-10-26,84.5738,84.6008,84.5558,84.5738,369258,2493794
1994-10-27,84.5738,84.6008,84.5648,84.5918,271866,2479475
1994-10-28,84.6008,84.6728,84.5468,84.6548,654492,2518930
1994-10-31,84.6368,84.6458,84.6278,84.6458,250200,2511170
1994-11-01,84.6368,84.6368,84.5918,84.6008,435167,2521467
1994-11-02,84.6008,84.6098,84.5648,84.5828,507394,2518869
1994-11-03,84.5918,84.5918,84.5378,84.5648,434675,2511183
1994-11-04,84.5738,84.6278,84.5018,84.5108,648054,2538345
1994-11-07,84.5018,84.5198,84.4928,84.5018,246699,2533725
1994-11-08,84.5018,84.5378,84.4928,84.5288,343257,2548232
1994-11-09,84.5558,84.5648,84.5288,84.5468,405293,2554097
1994-11-10,84.5378,84.6188,84.5198,84.5468,736486,2554402
1994-11-11,84.5468,84.5558,84.5378,84.5468,134854,2544031
1994-11-14,84.5738,84.5828,84.5558,84.5738,259640,2560653
1994-11-15,84.5828,84.5918,84.5018,84.5108,568509,2576511
1994-11-16,84.5378,84.5468,84.4838,84.5018,758573,2577216
1994-11-17,84.4928,84.5108,84.4568,84.4928,761497,2609913
1994-11-18,84.4928,84.5108,84.4748,84.5018,498903,2615479
1994-11-21,84.5108,84.5108,84.4928,84.5018,345815,2633040
1994-11-22,84.5108,84.547,84.4927,84.5199,391138,2653880
1994-11-23,84.5923,84.6467,84.5652,84.6014,556199,2673388
1994-11-25,84.5923,84.6014,84.5742,84.6014,192642,2659865
1994-11-28,84.5561,84.5652,84.4655,84.4746,519938,2683859
1994-11-29,84.4474,84.4565,84.3206,84.3387,777322,2687551
1994-11-30,84.3115,84.3478,84.2391,84.2934,933923,2716550
1994-12-01,84.3025,84.3206,84.1666,84.1938,879237,2724276
1994-12-02,84.1213,84.1666,84.0307,84.1304,1073023,2745788
1994-12-05,84.1394,84.1394,83.9492,83.9583,771442,2727983
1994-12-06,84.0217,84.0941,83.9764,84.0851,766904,2706777
1994-12-07,84.1304,84.1666,83.9854,84.067,970060,2662466
1994-12-08,84.0398,84.0398,83.9673,83.9945,605106,2654537
1994-12-09,84.0217,84.0489,83.9854,84.0126,385460,2637609
1994-12-12,84.0036,84.0036,83.913,83.922,406484,2645262
1994-12-13,83.8677,83.922,83.8405,83.8858,640481,2641305
1994-12-14,83.8768,84.0579,83.8586,83.9673,844519,2639409
1994-12-15,83.9945,84.0941,83.9854,84.0851,592587,2628155
1994-12-16,84.0941,84.1213,84.0307,84.0579,433961,2611379
1994-12-19,84.0489,84.1213,84.0307,84.1032,353774,2618668
1994-12-20,84.0941,84.1847,84.0851,84.1575,394885,2344568
1994-12-21,84.1666,84.1847,84.1394,84.1757,328996,2340388
1994-12-22,84.1757,84.1847,84.067,84.076,366731,2351858
1994-12-23,84.0941,84.0941,84.0398,84.0489,366731,2351858
1994-12-27,84.076,84.1123,84.0489,84.067,170529,2343213
1994-12-28,84.067,84.0851,84.0307,84.0398,231857,2322816
1994-12-29,84.0489,84.0579,84.0126,84.0398,199184,2320567
1994-12-30,84.0398,84.067,84.0217,84.0307,122768,2316686
1995-01-03,84.0217,84.0489,83.9945,84.0398,268828,2336562
1995-01-04,84.0489,84.1485,84.0489,84.1394,490618,2365161
1995-01-05,84.1123,84.1213,84.0941,84.1213,396514,2374742
1995-01-06,84.1485,84.221,84.076,84.1757,905848,2385062
1995-01-09,84.1575,84.1757,84.1485,84.1757,354501,2373179
1995-01-10,84.1847,84.2572,84.1757,84.23,508275,2384524
1995-01-11,84.2572,84.3478,84.2391,84.3387,580283,2400680
1995-01-12,84.384,84.4021,84.3206,84.3749,665170,2381245
1995-01-13,84.3931,84.5742,84.3749,84.5289,957902,2386306
1995-01-16,84.5289,84.5289,84.5108,84.5199,157398,2382329
1995-01-17,84.5108,84.5108,84.4202,84.4565,610925,2375003
1995-01-18,84.4112,84.4293,84.384,84.4202,420798,2355310
1995-01-19,84.3659,84.4293,84.3478,84.4112,525638,2377237
1995-01-20,84.4474,84.4565,84.4021,84.4112,407507,2372847
1995-01-23,84.4383,84.4565,84.4112,84.4474,300216,2367218
1995-01-24,84.4383,84.4474,84.4202,84.4383,208327,2366832
1995-01-25,84.4021,84.5561,84.3931,84.538,707902,2396341
1995-01-26,84.5108,84.547,84.4746,84.5289,768136,2388812
1995-01-27,84.538,84.6014,84.5289,84.5833,750123,2379234
1995-01-30,84.5742,84.6376,84.547,84.6286,441711,2357250
1995-01-31,84.6376,84.6829,84.6014,84.6467,628924,2364638
1995-02-01,84.6648,84.6829,84.5742,84.5833,608738,2399880
1995-02-02,84.6014,84.6195,84.5742,84.6014,611255,2397992
1995-02-03,84.6104,84.7644,84.6104,84.7463,993458,2456877
1995-02-06,84.7373,84.7463,84.7191,84.7373,325524,2411331
1995-02-07,84.7373,84.7644,84.7282,84.7463,364764,2418023
1995-02-08,84.7644,84.7735,84.7463,84.7644,280514,2417734
1995-02-09,84.7825,84.7916,84.7282,84.7463,321821,2418820
1995-02-10,84.7463,84.7825,84.7101,84.7463,773418,2459087
1995-02-13,84.7282,84.7463,84.7191,84.7463,338707,2465248
1995-02-14,84.7825,84.7825,84.7463,84.7735,598185,2482071
1995-02-15,84.7916,84.846,84.7463,84.8007,1066416,2482611
1995-02-16,84.8007,84.855,84.8007,84.846,747543,2454720
1995-02-17,84.8369,84.855,84.8097,84.846,339920,2440405
1995-02-21,84.8369,84.855,84.8278,84.8369,265426,2444033
1995-02-22,84.846,85.0554,84.8187,85.0372,886013,2476392
1995-02-23,85.0827,85.2102,85.0281,85.0372,1179233,2541810
1995-02-24,85.0736,85.11,85.0008,85.0645,599506,2542736
1995-02-27,85.1556,85.1738,85.11,85.1282,428611,2510408
1995-02-28,85.1191,85.1465,85.0372,85.1191,585537,2527184
1995-03-01,85.11,85.1465,85.0554,85.0918,488430,2538859
1995-03-02,85.0827,85.1009,85.0372,85.0736,488155,2528815
1995-03-03,85.0554,85.0554,84.9735,85.0372,567914,2531646
1995-03-06,84.9735,85.0099,84.9371,85.0008,466377,2526711
1995-03-07,84.9644,85.0008,84.9097,84.9371,540690,2515156
1995-03-08,84.9826,85.0281,84.9462,84.9917,589023,2516399
1995-03-09,84.9917,85.0827,84.9826,85.0736,556500,2517323
1995-03-10,85.0736,85.0827,84.9462,85.0645,945839,2553695
1995-03-13,85.11,85.1374,85.0918,85.1191,498804,2569762
1995-03-14,85.1282,85.192,85.1282,85.1647,493514,2261361
1995-03-15,85.1465,85.1556,85.0736,85.1374,543504,2262638
1995-03-16,85.1282,85.2011,85.11,85.1738,533420,2268422
1995-03-17,85.1647,85.1647,85.1282,85.1465,295268,2265833
1995-03-20,85.1556,85.1647,85.1374,85.1465,145417,2262914
1995-03-21,85.1465,85.1738,85.1282,85.1465,186412,2269587
1995-03-22,85.1465,85.1465,85.1191,85.1374,271249,2272705
1995-03-23,85.1374,85.1647,85.1282,85.1374,241628,2261009
1995-03-24,85.1647,85.2193,85.1556,85.2102,315895,2270083
1995-03-27,85.2284,85.2557,85.2193,85.2284,222211,2282194
1995-03-28,85.2284,85.2375,85.1556,85.1647,379638,2303516
1995-03-29,85.1465,85.2193,85.1374,85.192,474546,2317652
1995-03-30,85.2557,85.2557,85.1647,85.192,429114,2337898
1995-03-31,85.1556,85.1647,85.0736,85.1282,622997,2360393
1995-04-03,85.11,85.1647,85.1009,85.1465,394474,2341558
1995-04-04,85.1647,85.1829,85.1647,85.1647,295785,2345782
1995-04-05,85.1647,85.192,85.1556,85.1738,247190,2341784
1995-04-06,85.1829,85.2375,85.1829,85.2284,258460,2345758
1995-04-07,85.2284,85.2648,85.2102,85.2284,571991,2362194
1995-04-10,85.2193,85.2466,85.2011,85.2284,220813,2356749
1995-04-11,85.2375,85.2739,85.2284,85.2466,369378,2353854
1995-04-12,85.2557,85.2648,85.2375,85.2557,247769,2344501
1995-04-13,85.2557,85.3377,85.2557,85.3194,483935,2353340
1995-04-17,85.3468,85.3468,85.3194,85.3194,322651,2352264
1995-04-18,85.3103,85.3468,85.3103,85.3286,455355,2356394
1995-04-19,85.3194,85.3286,85.3012,85.3194,413986,2361638
1995-04-20,85.3194,85.3468,85.3103,85.3377,377965,2358238
1995-04-21,85.3468,85.3559,85.3377,85.3468,203172,2352804
1995-04-24,85.3468,85.3468,85.3286,85.3468,164114,2355436
1995-04-25,85.3468,85.3468,85.3194,85.3377,319109,2363785
1995-04-26,85.3286,85.3468,85.3194,85.3377,320086,2362888
1995-04-27,85.3286,85.3377,85.3103,85.3194,305667,2365704
1995-04-28,85.3194,85.3377,85.3012,85.3194,599029,2389331
1995-05-01,85.3103,85.3194,85.3103,85.3194,181663,2374881
1995-05-02,85.3194,85.3377,85.3103,85.3286,272519,2362030
1995-05-03,85.3468,85.3832,85.3377,85.3741,383599,2379436
1995-05-04,85.3923,85.4196,85.3832,85.4105,529197,2400387
1995-05-05,85.4014,85.5471,85.3741,85.5197,1046867,2435967
1995-05-08,85.4833,85.5106,85.4833,85.5015,398153,2413724
1995-05-09,85.5015,85.5471,85.4924,85.5289,1201817,2439811
1995-05-10,85.5653,85.6017,85.5106,85.5289,852551,2432598
1995-05-11,85.5197,85.5197,85.4742,85.4924,830020,2420852
1995-05-12,85.456,85.4833,85.4196,85.4742,737087,2427202
1995-05-15,85.4833,85.5015,85.4742,85.4833,282815,2395567
1995-05-16,85.5015,85.5197,85.4924,85.5106,491654,2394577
1995-05-17,85.5197,85.5289,85.5015,85.5106,314796,2389366
1995-05-18,85.5015,85.5015,85.4742,85.4833,358514,2389207
1995-05-19,85.4742,85.4924,85.4651,85.4833,241648,2365060
1995-05-22,85.4833,85.4833,85.4469,85.4651,138907,2367769
1995-05-23,85.456,85.5379,85.456,85.5288,458306,2395417
1995-05-24,85.5652,85.6562,85.5652,85.638,626233,2418674
1995-05-25,85.6744,85.7289,85.6107,85.638,719576,2418731
1995-05-26,85.6289,85.638,85.6016,85.638,219583,2407833
1995-05-30,85.6926,85.7107,85.6653,85.6926,295500,2396213
1995-05-31,85.7017,85.7198,85.6653,85.6926,450669,2394240
1995-06-01,85.7107,85.8472,85.6744,85.8381,597727,2417783
1995-06-02,85.8108,86.1838,85.7744,85.9837,1021252,2454838
1995-06-05,86.0291,86.0473,85.92,85.9564,494168,2442120
1995-06-06,85.92,85.9655,85.8836,85.92,499912,2445630
1995-06-07,85.9109,85.9291,85.6835,85.7289,576241,2438270
1995-06-08,85.6926,85.738,85.6653,85.7107,695271,2418366
1995-06-09,85.6562,85.7562,85.5743,85.6107,865573,2378820
1995-06-12,85.6562,85.6835,85.6198,85.6562,455299,2345495
1995-06-13,85.7198,85.9291,85.7107,85.9109,783556,2367371
1995-06-14,85.8654,85.9018,85.8472,85.8654,415234,2352363
1995-06-15,85.8745,85.9018,85.7744,85.8017,566259,2353523
1995-06-16,85.7835,85.8017,85.7289,85.8017,430789,2342060
1995-06-19,85.8381,85.8836,85.8381,85.8563,286952,2362414
1995-06-20,85.8563,85.8745,85.7926,85.8108,313055,2104466
1995-06-21,85.8745,85.8745,85.829,85.8381,396522,2113875
1995-06-22,85.8654,85.9291,85.8563,85.92,379505,2132216
1995-06-23,85.9382,85.9382,85.8472,85.9018,356976,2140053
1995-06-26,85.8654,85.8745,85.829,85.8381,202517,2140438
1995-06-27,85.8017,85.8927,85.8017,85.829,422495,2155645
1995-06-28,85.8472,85.8745,85.829,85.8654,261269,2150509
1995-06-29,85.8745,85.8836,85.6926,85.7198,711989,2161302
1995-06-30,85.7198,85.829,85.7198,85.8108,455010,2149797
1995-07-03,85.7926,85.8381,85.7926,85.8108,156959,2143028
1995-07-05,85.8108,85.829,85.8017,85.8108,153178,2138470
1995-07-06,85.8017,85.9655,85.738,85.9564,443578,2157941
1995-07-07,85.9928,86.0018,85.8745,85.9473,688241,2171411
1995-07-10,85.92,85.9473,85.9109,85.9382,247337,2160981
1995-07-11,85.9109,85.9291,85.8836,85.8927,214393,2164439
1995-07-12,85.8836,85.9018,85.8654,85.8927,222524,2155432
1995-07-13,85.9109,85.92,85.8836,85.8927,296088,2153845
1995-07-14,85.8927,85.9018,85.8108,85.8472,546494,2220200
1995-07-17,85.8381,85.8381,85.8017,85.8199,268502,2206880
1995-07-18,85.8017,85.8472,85.8017,85.8199,386665,2214962
1995-07-19,85.8017,85.8472,85.7471,85.7744,698479,2236526
1995-07-20,85.7835,85.8108,85.7471,85.7744,570413,2233411
1995-07-21,85.7835,85.7926,85.7107,85.7471,280238,2216623
1995-07-24,85.7107,85.738,85.6926,85.738,367226,2235102
1995-07-25,85.7289,85.738,85.6562,85.7198,492372,2239664
1995-07-26,85.7289,85.7289,85.7017,85.7107,330446,2245428
1995-07-27,85.7107,85.7562,85.6926,85.7471,402032,2258953
1995-07-28,85.7653,85.7653,85.7198,85.7289,381120,2244725
1995-07-31,85.7289,85.738,85.7107,85.7289,213768,2252371
1995-08-01,85.7289,85.738,85.6926,85.7107,319439,2256158
1995-08-02,85.7289,85.738,85.7107,85.7198,346634,2237980
1995-08-03,85.7289,85.7289,85.6835,85.7017,357765,2249342
1995-08-04,85.6835,85.738,85.6744,85.7107,432355,2259394
1995-08-07,85.7017,85.7198,85.7017,85.7107,117353,2245454
1995-08-08,85.7289,85.738,85.7017,85.7107,236842,2253659
1995-08-09,85.7107,85.7107,85.7017,85.7107,204350,2262430
1995-08-10,85.7107,85.7198,85.6926,85.7017,287755,2271965
1995-08-11,85.6926,85.7017,85.638,85.6471,637855,2307705
1995-08-14,85.638,85.6471,85.6289,85.6471,337727,2288383
1995-08-15,85.6016,85.6289,85.5925,85.6289,509408,2308741
1995-08-16,85.6198,85.638,85.6016,85.6289,427449,2316582
1995-08-17,85.6289,85.638,85.6107,85.6198,336737,2318690
1995-08-18,85.6198,85.6289,85.6107,85.6198,142502,2321637
1995-08-21,85.6289,85.6562,85.6289,85.6471,223519,2338807
1995-08-22,85.6653,85.6744,85.6107,85.6289,267086,2365429
1995-08-23,85.6471,85.6471,85.6198,85.6289,156422,2378316
1995-08-24,85.6471,85.7563,85.6289,85.7381,484868,2395316
1995-08-25,85.7472,85.8291,85.7199,85.82,493445,2392093
1995-08-28,85.8291,85.8746,85.82,85.82,363326,2374055
1995-08-29,85.8109,85.8109,85.729,85.7654,405348,2376898
1995-08-30,85.8018,85.8109,85.7563,85.7927,300110,2370808
1995-08-31,85.7745,85.82,85.7472,85.7927,279817,2371955
1995-09-01,85.8018,85.8746,85.7017,85.8473,770277,2410330
1995-09-05,85.8109,85.8473,85.8109,85.8382,330067,2402108
1995-09-06,85.8291,85.8473,85.8018,85.8291,288367,2396516
1995-09-07,85.82,85.8291,85.7745,85.7836,259155,2379078
1995-09-08,85.7927,85.8291,85.7654,85.7836,381743,2369647
1995-09-11,85.7836,85.8109,85.7654,85.7836,181151,2365533
1995-09-12,85.8018,85.8382,85.7927,85.8291,343493,2366379
1995-09-13,85.82,85.8382,85.7927,85.8109,280288,2365226
1995-09-14,85.8291,85.9201,85.82,85.9019,669577,2391686
1995-09-15,85.8928,85.9019,85.8473,85.8746,516862,2393333
1995-09-18,85.8564,85.8655,85.8382,85.8564,315813,2399372
1995-09-19,85.8564,85.8928,85.8473,85.8655,268785,2157803
1995-09-20,85.8655,85.8837,85.8564,85.8655,213579,2158441
1995-09-21,85.8655,85.8746,85.7654,85.8018,611989,2184961
1995-09-22,85.8018,85.82,85.7563,85.7927,528745,2184726
1995-09-25,85.7745,85.7745,85.7563,85.7745,206487,2178899
1995-09-26,85.7745,85.7927,85.7017,85.729,393992,2199273
1995-09-27,85.7199,85.7199,85.6653,85.7108,489600,2208561
1995-09-28,85.7108,85.729,85.6835,85.6926,314763,2206413
1995-09-29,85.6744,85.7381,85.6562,85.729,452241,2201219
1995-10-02,85.729,85.7472,85.7017,85.7108,345340,2193014
1995-10-03,85.7017,85.7381,85.7017,85.7199,266488,2197415
1995-10-04,85.7199,85.7472,85.7199,85.7381,234502,2190664
1995-10-05,85.7472,85.7745,85.729,85.7563,367151,2187782
1995-10-06,85.7563,85.82,85.729,85.7563,481660,2203142
1995-10-09,85.7472,85.7472,85.729,85.7472,45586,2194896
1995-10-10,85.7381,85.7836,85.7381,85.7472,208683,2185544
1995-10-11,85.7381,85.7472,85.729,85.7472,177368,2177854
1995-10-12,85.7472,85.7563,85.729,85.7472,281049,2193255
1995-10-13,85.7563,85.7745,85.7472,85.7654,410331,2192641
1995-10-16,85.7563,85.7654,85.7472,85.7654,205269,2193898
1995-10-17,85.7563,85.7836,85.7563,85.7745,373367,2208054
1995-10-18,85.7745,85.7836,85.7563,85.7654,193368,2203201
1995-10-19,85.7472,85.7654,85.7381,85.7654,319821,2206633
1995-10-20,85.7381,85.7381,85.7108,85.729,324961,2217337
1995-10-23,85.7017,85.7108,85.6926,85.7017,211545,2219506
1995-10-24,85.6926,85.729,85.6835,85.7199,385727,2223409
1995-10-25,85.7199,85.7654,85.7108,85.7381,439104,2235252
1995-10-26,85.7472,85.7654,85.7199,85.7472,501876,2258899
1995-10-27,85.7472,85.7472,85.6744,85.7472,702658,2285463
1995-10-30,85.7563,85.7654,85.7199,85.7381,246870,2278083
1995-10-31,85.729,85.7472,85.7199,85.7381,292175,2276616
1995-11-01,85.729,85.7927,85.729,85.7745,567110,2284094
1995-11-02,85.7745,85.8018,85.7654,85.7836,585484,2297326
1995-11-03,85.8018,85.82,85.7654,85.7836,478348,2310485
1995-11-06,85.7654,85.7836,85.7654,85.7745,162882,2297595
1995-11-07,85.7836,85.7836,85.7563,85.7654,295342,2309916
1995-11-08,85.7745,85.8018,85.7654,85.7927,272350,2316012
1995-11-09,85.8018,85.8018,85.7836,85.7927,388953,2331633
1995-11-10,85.7836,85.7927,85.7745,85.7836,224556,2333115
1995-11-13,85.7654,85.7927,85.7563,85.7836,274569,2347633
1995-11-14,85.7836,85.8018,85.7836,85.7927,280830,2329468
1995-11-15,85.8109,85.8291,85.7472,85.7654,410059,2359837
1995-11-16,85.7836,85.8018,85.7745,85.7836,413904,2346919
1995-11-17,85.7836,85.7927,85.7745,85.7836,241147,2340909
1995-11-20,85.8018,85.8109,85.7836,85.7836,275814,2343598
1995-11-21,85.7836,85.7927,85.7745,85.7836,243122,2352280
1995-11-22,85.7836,85.8017,85.7654,85.7745,223025,2345495
1995-11-24,85.7926,85.8017,85.7836,85.7926,111673,2353203
1995-11-27,85.8108,85.8198,85.8017,85.8017,173253,2355450
1995-11-28,85.8017,85.8108,85.7654,85.7926,314779,2374739
1995-11-29,85.8017,85.8108,85.7926,85.8017,239163,2384539
1995-11-30,85.8108,85.8561,85.8017,85.838,404864,2388983
1995-12-01,85.8561,85.8742,85.838,85.8561,353863,2401359
1995-12-04,85.8561,85.8833,85.8561,85.8652,316466,2415151
1995-12-05,85.8561,85.8742,85.838,85.8561,300038,2432526
1995-12-06,85.8561,85.9014,85.847,85.8561,474562,2456215
1995-12-07,85.847,85.8561,85.7836,85.8108,428487,2477444
1995-12-08,85.8198,85.8561,85.7201,85.7382,844492,2509316
1995-12-11,85.7654,85.7745,85.7473,85.7564,247308,2490506
1995-12-12,85.7654,85.7836,85.711,85.7382,359525,2493830
1995-12-13,85.7292,85.7473,85.711,85.7292,297740,2478430
1995-12-14,85.7382,85.7745,85.7382,85.7473,306397,2491119
1995-12-15,85.7654,85.7926,85.7564,85.7745,275235,2500546
1995-12-18,85.7564,85.7654,85.7201,85.7292,393980,2558929
1995-12-19,85.7382,85.838,85.702,85.8198,537518,2324114
1995-12-20,85.8289,85.8289,85.7926,85.8017,358357,2327962
1995-12-21,85.7926,85.8017,85.7654,85.7836,220446,2341199
1995-12-22,85.7836,85.8017,85.7745,85.7836,147533,2336267
1995-12-26,85.7836,85.7926,85.7836,85.7836,41041,2333381
1995-12-27,85.8017,85.8108,85.7926,85.8017,159617,2330819
1995-12-28,85.8108,85.8289,85.8108,85.8198,190310,2332117
1995-12-29,85.838,85.847,85.7926,85.838,221988,2327932
1996-01-02,85.838,85.847,85.8108,85.838,189635,2330642
1996-01-03,85.8289,85.8561,85.8289,85.838,255761,2342491
1996-01-04,85.847,85.8652,85.8198,85.838,382337,2370195
1996-01-05,85.838,85.838,85.7836,85.8198,449869,2383353
1996-01-08,85.7926,85.8108,85.7926,85.8108,133858,2376978
1996-01-09,85.8198,85.8198,85.8017,85.8108,214719,2381410
1996-01-10,85.8017,85.8108,85.7654,85.7836,403895,2403834
1996-01-11,85.7836,85.8017,85.7745,85.7926,323427,2390810
1996-01-12,85.8017,85.8289,85.7926,85.8017,343420,2399218
1996-01-15,85.8108,85.8198,85.8108,85.8108,83608,2404007
1996-01-16,85.8289,85.838,85.8108,85.8198,469297,2418494
1996-01-17,85.8289,85.8561,85.8108,85.847,481803,2437900
1996-01-18,85.847,85.8924,85.838,85.8742,448702,2469776
1996-01-19,85.8833,85.8924,85.847,85.8742,550622,2499817
1996-01-22,85.8561,85.8652,85.838,85.847,237652,2507649
1996-01-23,85.838,85.8652,85.8289,85.847,381770,2516621
1996-01-24,85.847,85.8742,85.8108,85.847,525037,2542932
1996-01-25,85.8561,85.8652,85.8108,85.8289,629236,2552222
1996-01-26,85.8198,85.847,85.7926,85.838,509907,2563719
1996-01-29,85.838,85.8561,85.8198,85.838,302203,2558410
1996-01-30,85.8561,85.8833,85.847,85.8742,358052,2570507
1996-01-31,85.8924,85.9377,85.8833,85.9286,528792,2588400
1996-02-01,85.9196,85.9377,85.9105,85.9286,434804,2602966
1996-02-02,85.9377,85.983,85.9377,85.9558,667958,2596954
1996-02-05,85.9468,85.9558,85.9377,85.9558,346393,2596912
1996-02-06,85.9649,85.9649,85.9468,85.9558,222191,2579215
1996-02-07,85.9649,85.9649,85.9558,85.9558,208734,2581476
1996-02-08,85.9558,85.9649,85.9468,85.9558,234152,2597423
1996-02-09,85.9558,85.974,85.9468,85.9558,336200,2620012
1996-02-12,85.974,85.983,85.9649,85.974,200546,2627318
1996-02-13,85.983,86.0011,85.974,85.983,361401,2598603
1996-02-14,85.974,85.983,85.9649,85.983,238552,2588399
1996-02-15,85.983,85.983,85.9558,85.9649,384304,2596737
1996-02-16,85.974,85.974,85.9468,85.9558,317319,2613735
1996-02-20,85.9468,85.9468,85.8108,85.8289,884501,2602113
1996-02-21,85.8561,85.9014,85.847,85.8833,1139531,2542218
1996-02-22,85.9376,85.9919,85.9286,85.9648,521825,2499838
1996-02-23,86.0372,86.0644,85.9014,85.9648,784167,2504121
1996-02-26,85.9557,85.9557,85.8923,85.9376,464342,2507004
1996-02-27,85.9467,85.9648,85.8652,85.8833,598507,2517562
1996-02-28,85.8923,85.9105,85.7837,85.8018,837583,2545384
1996-02-29,85.8018,85.8561,85.7565,85.8018,918786,2571358
1996-03-01,85.8561,85.9829,85.8561,85.9557,744510,2598416
1996-03-04,85.9557,86.001,85.9467,85.9919,361934,2580196
1996-03-05,85.9738,85.9738,85.8923,85.9467,548066,2592798
1996-03-06,85.8923,85.9105,85.8742,85.9014,466853,2584480
1996-03-07,85.8833,85.8923,85.8561,85.8833,409920,2560717
1996-03-08,85.8833,85.9014,85.5936,85.6207,1272169,2596013
1996-03-11,85.5845,85.666,85.5483,85.6479,823988,2558230
1996-03-12,85.6298,85.6479,85.6026,85.6298,529590,2542181
1996-03-13,85.6298,85.6479,85.6207,85.6298,443368,2529918
1996-03-14,85.6479,85.6751,85.6388,85.6388,378411,2508941
1996-03-15,85.6388,85.6479,85.5393,85.5664,612502,2530493
1996-03-18,85.5845,85.5936,85.5483,85.5574,404954,2525868
1996-03-19,85.5755,85.5936,85.5574,85.5664,324477,2295529
1996-03-20,85.5574,85.6569,85.5483,85.6298,597845,2312398
1996-03-21,85.6388,85.6569,85.6207,85.6479,363025,2299462
1996-03-22,85.6479,85.6569,85.6207,85.6388,173755,2283344
1996-03-25,85.6569,85.6751,85.6388,85.6569,282908,2299059
1996-03-26,85.6569,85.666,85.6388,85.6569,321269,2318199
1996-03-27,85.6479,85.666,85.6298,85.6388,468890,2336791
1996-03-28,85.6207,85.6298,85.5845,85.6117,468735,2358174
1996-03-29,85.6207,85.6479,85.6117,85.6388,313114,2339088
1996-04-01,85.6388,85.6479,85.6207,85.6388,213741,2340943
1996-04-02,85.6388,85.6569,85.6298,85.6388,263562,2348154
1996-04-03,85.6207,85.6388,85.6117,85.6298,268926,2353331
1996-04-04,85.6298,85.6298,85.6117,85.6207,268926,2353331
1996-04-05,85.6117,85.6207,85.503,85.5302,497654,2407519
1996-04-08,85.503,85.5483,85.503,85.5302,462190,2440322
1996-04-09,85.5393,85.5483,85.5302,85.5393,345628,2438646
1996-04-10,85.5483,85.5483,85.5211,85.5393,342164,2439907
1996-04-11,85.5121,85.5393,85.4759,85.5121,641569,2447871
1996-04-12,85.5302,85.5755,85.5121,85.5574,645618,2459193
1996-04-15,85.5664,85.5845,85.5664,85.5755,277055,2445149
1996-04-16,85.5845,85.5936,85.5664,85.5845,329331,2429913
1996-04-17,85.5664,85.5845,85.5574,85.5845,303764,2438471
1996-04-18,85.5845,85.5936,85.5664,85.5755,379070,2453547
1996-04-19,85.5845,85.5936,85.5755,85.5845,240656,2454181
1996-04-22,85.6026,85.6117,85.5936,85.6026,292235,2459691
1996-04-23,85.5936,85.6026,85.5845,85.6026,292425,2472057
1996-04-24,85.6026,85.6117,85.5845,85.5936,246797,2474519
1996-04-25,85.5845,85.5936,85.5755,85.5936,304497,2472012
1996-04-26,85.6026,85.6026,85.5936,85.5936,240810,2468727
1996-04-29,85.5936,85.5936,85.5845,85.5936,191159,2460397
1996-04-30,85.5845,85.5936,85.5483,85.5664,461127,2456682
1996-05-01,85.5574,85.5664,85.5393,85.5664,390885,2477602
1996-05-02,85.5664,85.5664,85.5121,85.5211,689167,2488962
1996-05-03,85.4759,85.5574,85.4759,85.5302,693608,2506427
1996-05-06,85.5393,85.5483,85.5302,85.5302,173890,2500097
1996-05-07,85.5393,85.5483,85.5302,85.5302,266964,2501157
1996-05-08,85.5302,85.5483,85.5211,85.5393,345679,2497567
1996-05-09,85.5483,85.5483,85.5393,85.5393,318712,2505317
1996-05-10,85.5393,85.5845,85.5302,85.5664,656460,2516689
1996-05-13,85.5755,85.5755,85.5574,85.5664,224720,2515421
1996-05-14,85.5755,85.5845,85.5664,85.5755,399519,2510752
1996-05-15,85.5755,85.5845,85.5664,85.5755,291646,2503717
1996-05-16,85.5664,85.5664,85.5483,85.5664,399581,2511954
1996-05-17,85.5574,85.5755,85.5574,85.5664,231385,2510782
1996-05-20,85.5755,85.5845,85.5664,85.5664,191192,2508288
1996-05-21,85.5664,85.5755,85.5574,85.5664,254785,2527402
1996-05-22,85.5573,85.5755,85.5392,85.5664,202887,2525860
1996-05-23,85.5846,85.5936,85.5392,85.5483,317350,2540218
1996-05-24,85.5483,85.5755,85.5483,85.5664,197946,2536304
1996-05-28,85.5755,85.5936,85.5573,85.5664,164059,2543201
1996-05-29,85.5755,85.5755,85.4757,85.4848,375589,2548743
1996-05-30,85.4757,85.4938,85.4485,85.4848,650972,2600815
1996-05-31,85.4757,85.4938,85.4122,85.4394,571968,2602856
1996-06-03,85.3941,85.4576,85.3941,85.4303,432527,2588408
1996-06-04,85.4485,85.4666,85.4303,85.4303,302157,2594197
1996-06-05,85.4394,85.4485,85.4303,85.4394,248505,2590061
1996-06-06,85.4666,85.5029,85.4666,85.4848,572292,2586481
1996-06-07,85.512,85.512,85.3215,85.3306,907002,2648661
1996-06-10,85.3306,85.3396,85.3034,85.3215,340648,2641178
1996-06-11,85.3124,85.3669,85.2943,85.3396,490184,2670049
1996-06-12,85.3306,85.3759,85.3306,85.3396,460413,2689010
1996-06-13,85.3215,85.3669,85.3124,85.3487,459927,2693151
1996-06-14,85.3578,85.3941,85.3396,85.385,496423,2689077
1996-06-17,85.3759,85.4394,85.3759,85.4213,315403,2684047
1996-06-18,85.4122,85.4485,85.3941,85.4213,426626,2391495
1996-06-19,85.4122,85.4213,85.3759,85.4031,436122,2395608
1996-06-20,85.4031,85.4122,85.3759,85.3941,321207,2405653
1996-06-21,85.4031,85.4213,85.4031,85.4031,218609,2409888
1996-06-24,85.4122,85.4213,85.4031,85.4122,136186,2415056
1996-06-25,85.4122,85.4394,85.4122,85.4213,278564,2431916
1996-06-26,85.4213,85.4303,85.4031,85.4213,287978,2448801
1996-06-27,85.4122,85.4938,85.4122,85.4848,319288,2455007
1996-06-28,85.4757,85.5392,85.4666,85.512,754498,2461684
1996-07-01,85.5029,85.5029,85.4757,85.4938,363297,2472376
1996-07-02,85.4757,85.4938,85.4394,85.4576,523371,2477984
1996-07-03,85.4485,85.5301,85.4394,85.5029,379168,2462847
1996-07-05,85.4938,85.4938,85.3306,85.3487,779912,2489020
1996-07-08,85.3034,85.3396,85.2852,85.3306,464289,2482719
1996-07-09,85.3487,85.3578,85.3215,85.3396,296078,2475434
1996-07-10,85.3669,85.385,85.3487,85.3669,385456,2470387
1996-07-11,85.3578,85.4394,85.3396,85.4031,561907,2464148
1996-07-12,85.3941,85.4303,85.3759,85.3941,496834,2463320
1996-07-15,85.3759,85.4031,85.3669,85.3941,340737,2478902
1996-07-16,85.3759,85.512,85.3669,85.4576,724432,2473924
1996-07-17,85.4303,85.4485,85.4213,85.4485,365578,2461957
1996-07-18,85.4485,85.4938,85.3941,85.4848,706649,2444789
1996-07-19,85.4666,85.4757,85.4666,85.4757,319346,2426312
1996-07-22,85.4576,85.4848,85.4485,85.4576,233839,2418518
1996-07-23,85.4576,85.4666,85.4303,85.4576,258218,2422993
1996-07-24,85.4757,85.4938,85.4485,85.4576,447008,2442891
1996-07-25,85.4485,85.4666,85.4394,85.4576,285606,2439854
1996-07-26,85.4576,85.4666,85.4394,85.4576,162357,2427368
1996-07-29,85.4394,85.4394,85.4122,85.4213,215075,2436011
1996-07-30,85.4213,85.4576,85.3941,85.4303,408567,2448291
1996-07-31,85.4394,85.4757,85.4213,85.4666,317904,2446245
1996-08-01,85.4666,85.5664,85.4576,85.5483,725205,2452638
1996-08-02,85.5664,85.6753,85.5573,85.6571,839208,2444836
1996-08-05,85.6481,85.6662,85.639,85.6571,274983,2427397
1996-08-06,85.6481,85.6571,85.639,85.6571,222050,2420922
1996-08-07,85.6753,85.6753,85.6571,85.6571,301954,2426358
1996-08-08,85.6662,85.6662,85.6481,85.6571,277361,2427042
1996-08-09,85.6571,85.6843,85.6571,85.6662,318271,2437066
1996-08-12,85.6843,85.6934,85.6662,85.6843,170515,2438897
1996-08-13,85.6934,85.6934,85.6481,85.6662,361355,2442405
1996-08-14,85.6481,85.6662,85.6481,85.6662,231181,2446241
1996-08-15,85.6662,85.6753,85.6481,85.6571,264570,2440904
1996-08-16,85.6662,85.6662,85.6571,85.6571,244472,2435235
1996-08-19,85.6571,85.6662,85.6571,85.6571,212443,2421955
1996-08-20,85.6571,85.6843,85.6571,85.6753,248662,2425260
1996-08-21,85.6843,85.6843,85.6662,85.6753,196220,2419720
1996-08-22,85.6935,85.7025,85.6571,85.6844,250091,2432827
1996-08-23,85.6844,85.6844,85.6025,85.6207,455390,2433623
1996-08-26,85.5843,85.6025,85.5298,85.5479,359663,2424845
1996-08-27,85.5752,85.5843,85.5389,85.557,355723,2443449
1996-08-28,85.5752,85.5843,85.5479,85.557,227957,2446912
1996-08-29,85.5752,85.5752,85.5116,85.5298,412903,2466490
1996-08-30,85.5207,85.5298,85.4115,85.4297,594011,2486425
1996-09-03,85.3388,85.4024,85.3115,85.4024,618813,2450731
1996-09-04,85.4024,85.4206,85.3479,85.3661,413167,2447587
1996-09-05,85.3661,85.3752,85.3297,85.3479,442356,2449247
1996-09-06,85.3206,85.4388,85.2387,85.4115,792320,2479629
1996-09-09,85.4206,85.4479,85.4024,85.4388,261847,2489305
1996-09-10,85.4388,85.457,85.3933,85.4297,416277,2483445
1996-09-11,85.4024,85.4388,85.3933,85.4297,366080,2472233
1996-09-12,85.4388,85.5025,85.4206,85.4752,575973,2479890
1996-09-13,85.4843,85.6662,85.4752,85.6025,908732,2469980
1996-09-16,85.6116,85.6298,85.6025,85.6207,347576,2455072
1996-09-17,85.6116,85.6207,85.5207,85.5479,623296,2198455
1996-09-18,85.5298,85.5479,85.5207,85.5479,339469,2202668
1996-09-19,85.5479,85.5661,85.5116,85.5389,364526,2207576
1996-09-20,85.5298,85.5479,85.5207,85.5389,185748,2212184
1996-09-23,85.5207,85.5479,85.5207,85.5389,145282,2212684
1996-09-24,85.5389,85.6662,85.5207,85.648,524562,2261130
1996-09-25,85.6389,85.7025,85.6389,85.6844,529677,2266793
1996-09-26,85.6753,85.7207,85.6753,85.7025,450081,2258135
1996-09-27,85.7116,85.7298,85.6844,85.6935,347772,2255828
1996-09-30,85.7025,85.7116,85.6662,85.6753,251560,2252838
1996-10-01,85.6753,85.7298,85.6662,85.7207,374907,2265930
1996-10-02,85.7389,85.7662,85.7298,85.7571,363799,2272411
1996-10-03,85.7662,85.7753,85.7389,85.748,347779,2270538
1996-10-04,85.7571,85.8662,85.7571,85.839,901604,2342631
1996-10-07,85.8208,85.8299,85.8026,85.8117,259805,2319862
1996-10-08,85.8026,85.839,85.7935,85.8117,218118,2318310
1996-10-09,85.8208,85.839,85.7935,85.8026,321616,2330375
1996-10-10,85.7935,85.8026,85.7571,85.7662,330049,2325150
1996-10-11,85.7571,85.8208,85.748,85.8026,499292,2346676
1996-10-14,85.8026,85.8117,85.8026,85.8026,75612,2339650
1996-10-15,85.8208,85.8299,85.7935,85.8026,183127,2309051
1996-10-16,85.7935,85.8299,85.7844,85.8026,408688,2310172
1996-10-17,85.8117,85.8481,85.8117,85.8299,411692,2307291
1996-10-18,85.839,85.8571,85.8299,85.839,235958,2295652
1996-10-21,85.839,85.8481,85.8299,85.839,155738,2288882
1996-10-22,85.8299,85.839,85.8208,85.8299,198056,2286132
1996-10-23,85.8208,85.8299,85.8117,85.8299,202325,2285015
1996-10-24,85.839,85.839,85.8208,85.8299,194484,2294723
1996-10-25,85.8299,85.8571,85.8117,85.839,278184,2306709
1996-10-28,85.839,85.8481,85.8299,85.839,116585,2307443
1996-10-29,85.839,85.9117,85.8208,85.9026,553088,2309029
1996-10-30,85.9299,85.9481,85.8935,85.9026,583768,2304538
1996-10-31,85.9026,85.9208,85.9026,85.9117,324162,2300169
1996-11-01,85.9208,85.9481,85.9026,85.9117,602482,2318753
1996-11-04,85.9117,85.9299,85.9117,85.9208,168405,2312022
1996-11-05,85.939,85.939,85.9208,85.9208,280177,2305136
1996-11-06,85.9299,85.939,85.9208,85.9208,278966,2310706
1996-11-07,85.9117,85.9299,85.9117,85.9208,375621,2333471
1996-11-08,85.9208,85.9299,85.9117,85.9208,248236,2342191
1996-11-11,85.9299,85.9299,85.9208,85.9208,25846,2340524
1996-11-12,85.9299,85.939,85.9208,85.9299,157498,2333103
1996-11-13,85.9299,85.939,85.9208,85.9299,362976,2348614
1996-11-14,85.9299,85.9481,85.9208,85.939,437703,2338427
1996-11-15,85.939,85.9572,85.939,85.939,385163,2336540
1996-11-18,85.939,85.9481,85.9299,85.939,223308,2327147
1996-11-19,85.939,85.9572,85.939,85.939,284623,2320024
1996-11-20,85.9481,85.9572,85.9299,85.9481,351247,2339441
1996-11-21,85.9481,85.9572,85.939,85.9481,255219,2349371
1996-11-22,85.9481,85.9481,85.9299,85.939,161162,2353148
1996-11-25,85.939,85.9572,85.9299,85.9481,113214,2344484
1996-11-26,85.9481,85.9754,85.9481,85.9572,279690,2339578
1996-11-27,85.9663,85.9845,85.9481,85.9572,264890,2343217
1996-11-29,85.9754,86.0208,85.9663,85.9936,207668,2348774
1996-12-02,85.9845,85.9936,85.9663,85.9845,207043,2340630
1996-12-03,85.9845,86.0118,85.9845,85.9845,302793,2339175
1996-12-04,85.9845,85.9936,85.9572,85.9663,228824,2357326
1996-12-05,85.9663,85.9663,85.9208,85.9299,467845,2349531
1996-12-06,85.8389,85.9299,85.8389,85.9208,742720,2344954
1996-12-09,85.939,85.9481,85.9299,85.9299,207331,2337309
1996-12-10,85.939,85.939,85.9117,85.9299,189709,2327063
1996-12-11,85.9026,85.9117,85.8844,85.8935,537623,2337348
1996-12-12,85.8935,85.9208,85.8753,85.8935,405010,2336782
1996-12-13,85.8935,85.939,85.8935,85.9208,385465,2333214
1996-12-16,85.9299,85.9299,85.8935,85.9026,392980,2346389
1996-12-17,85.8844,85.8935,85.848,85.8844,431793,2015824
1996-12-18,85.8753,85.8935,85.8571,85.8753,263263,2020303
1996-12-19,85.8662,85.9117,85.8571,85.9026,347783,2030881
1996-12-20,85.9117,85.9208,85.8935,85.9026,204891,2023640
1996-12-23,85.8935,85.9117,85.8844,85.9026,71002,2021396
1996-12-24,85.8935,85.9026,85.8935,85.9026,32877,2014679
1996-12-26,85.9026,85.9117,85.8935,85.9026,23246,2015352
1996-12-27,85.9117,85.9299,85.9026,85.9208,88479,2015544
1996-12-30,85.9208,85.9299,85.9117,85.9208,110339,2008948
1996-12-31,85.9117,85.9208,85.8844,85.8935,169934,2013155
1997-01-02,85.9026,85.9117,85.8117,85.8389,460297,2036776
1997-01-03,85.848,85.8662,85.8389,85.8389,307926,2044879
1997-01-06,85.848,85.848,85.8208,85.8389,233161,2054138
1997-01-07,85.8299,85.848,85.8299,85.8389,311424,2070523
1997-01-08,85.848,85.8571,85.8299,85.8389,297375,2074566
1997-01-09,85.8389,85.8571,85.8208,85.848,418921,2096963
1997-01-10,85.848,85.8753,85.7662,85.8026,855509,2152240
1997-01-13,85.8026,85.8117,85.7844,85.7935,353421,2155403
1997-01-14,85.7844,85.8389,85.7844,85.8208,527616,2142806
1997-01-15,85.8389,85.8389,85.8208,85.8299,327446,2147036
1997-01-16,85.8389,85.8571,85.8026,85.8208,456735,2143314
1997-01-17,85.8208,85.848,85.8208,85.8389,456735,2143314
1997-01-21,85.8208,85.848,85.8026,85.8389,393029,2164878
1997-01-22,85.8389,85.8571,85.8389,85.8389,336438,2159377
1997-01-23,85.8389,85.848,85.8299,85.8389,269724,2171325
1997-01-24,85.8208,85.8389,85.8208,85.8299,324894,2187772
1997-01-27,85.8208,85.8299,85.8117,85.8208,258560,2191287
1997-01-28,85.8117,85.8662,85.8117,85.848,605745,2227545
1997-01-29,85.8389,85.8662,85.8208,85.848,451909,2230464
1997-01-30,85.8571,85.8662,85.848,85.848,319531,2244621
1997-01-31,85.8571,85.8935,85.8389,85.8662,512766,2271987
1997-02-03,85.8753,85.8844,85.8662,85.8753,425968,2269470
1997-02-04,85.8844,85.8844,85.8753,85.8753,293685,2265874
1997-02-05,85.8753,85.8844,85.8571,85.8753,355700,2259546
1997-02-06,85.8844,85.8844,85.8753,85.8753,250047,2254776
1997-02-07,85.8753,85.9117,85.8753,85.9026,598352,2274077
1997-02-10,85.9117,85.9208,85.9026,85.9117,165282,2270351
1997-02-11,85.9208,85.9299,85.9117,85.9208,182055,2266470
1997-02-12,85.9208,85.9299,85.9117,85.9299,228069,2268831
1997-02-13,85.9299,85.939,85.9208,85.9299,312629,2282379
1997-02-14,85.939,85.9663,85.9299,85.9572,524698,2284482
1997-02-18,85.9663,85.9754,85.9572,85.9572,351710,2270341
1997-02-19,85.9663,85.9663,85.9572,85.9572,341487,2294363
1997-02-20,85.9572,85.9572,85.9481,85.9572,356781,2303448
1997-02-21,85.9572,85.9572,85.9481,85.9572,187486,2307122
1997-02-24,85.939,85.9481,85.9299,85.9481,200560,2317136
1997-02-25,85.9481,85.9572,85.9208,85.9299,322189,2336246
1997-02-26,85.9299,85.9299,85.7933,85.8206,1007234,2350420
1997-02-27,85.8297,85.8297,85.7751,85.7933,697322,2345800
1997-02-28,85.7933,85.8024,85.7569,85.7842,555325,2344721
1997-03-03,85.7614,85.7705,85.7386,85.7614,421906,2355226
1997-03-04,85.7751,85.7887,85.7478,85.7569,424141,2353495
1997-03-05,85.7386,85.7614,85.7386,85.7569,397164,2376367
1997-03-06,85.7796,85.7796,85.7295,85.7386,425869,2412221
1997-03-07,85.7386,85.7933,85.684,85.7751,828537,2432919
1997-03-10,85.7842,85.7887,85.7523,85.766,306497,2438129
1997-03-11,85.7705,85.7887,85.7432,85.7751,460259,2417747
1997-03-12,85.7523,85.7751,85.7432,85.766,374974,2429054
1997-03-13,85.7614,85.766,85.7113,85.7204,725026,2462430
1997-03-14,85.7295,85.7569,85.725,85.7432,591502,2463601
1997-03-17,85.7341,85.7341,85.7068,85.7295,506232,2498098
1997-03-18,85.7113,85.7295,85.6931,85.725,400051,2243022
1997-03-19,85.7295,85.7478,85.6931,85.7068,457344,2259766
1997-03-20,85.6931,85.7022,85.643,85.6612,598905,2307893
1997-03-21,85.6567,85.6612,85.6385,85.6567,341395,2307674
1997-03-24,85.6476,85.6612,85.6476,85.6567,274205,2303281
1997-03-25,85.6704,85.7022,85.6157,85.6203,529596,2320660
1997-03-26,85.6339,85.6339,85.6021,85.6203,612365,2366402
1997-03-27,85.6248,85.6294,85.5793,85.5884,488688,2367573
1997-03-31,85.5793,85.6157,85.5793,85.5975,343309,2354078
1997-04-01,85.6021,85.6203,85.593,85.6157,456166,2351441
1997-04-02,85.6248,85.6339,85.6021,85.6248,309382,2351676
1997-04-03,85.6203,85.6476,85.6203,85.6339,299424,2372462
1997-04-04,85.6339,85.6476,85.6021,85.6203,587233,2405403
1997-04-07,85.6294,85.6385,85.6248,85.6294,231936,2402658
1997-04-08,85.6339,85.6339,85.6112,85.6203,270030,2407623
1997-04-09,85.6157,85.6294,85.6157,85.6203,291350,2427708
1997-04-10,85.6203,85.6203,85.6066,85.6203,334958,2443448
1997-04-11,85.6203,85.6294,85.5656,85.5838,745333,2531717
1997-04-14,85.5656,85.5793,85.5565,85.5611,425848,2538740
1997-04-15,85.5611,85.6021,85.5565,85.593,593140,2519911
1997-04-16,85.5884,85.5975,85.5702,85.593,478491,2525284
1997-04-17,85.5975,85.6294,85.593,85.6066,655979,2513037
1997-04-18,85.6112,85.6248,85.6112,85.6157,390229,2522736
1997-04-21,85.6203,85.6248,85.6021,85.6066,267312,2510091
1997-04-22,85.6066,85.6112,85.5975,85.6066,293645,2510004
1997-04-23,85.6157,85.6157,85.593,85.6021,333109,2538476
1997-04-24,85.5975,85.6021,85.5656,85.5793,476774,2558633
1997-04-25,85.5702,85.5747,85.5656,85.5702,330791,2561077
1997-04-28,85.5702,85.5793,85.5565,85.5747,293330,2558807
1997-04-29,85.5656,85.6749,85.5611,85.6612,984531,2563228
1997-04-30,85.6476,85.6704,85.6112,85.6567,949998,2544138
1997-05-01,85.6567,85.6658,85.643,85.6567,560649,2524350
1997-05-02,85.6658,85.7022,85.6476,85.6612,748578,2564238
1997-05-05,85.6658,85.6658,85.6521,85.6612,225889,2562352
1997-05-06,85.6567,85.6612,85.6521,85.6567,264273,2564073
1997-05-07,85.6476,85.6567,85.6294,85.6385,394441,2586926
1997-05-08,85.6203,85.643,85.6157,85.6385,443334,2600908
1997-05-09,85.6704,85.7068,85.6658,85.6977,707237,2609844
1997-05-12,85.6931,85.7204,85.6886,85.7113,286723,2608779
1997-05-13,85.7022,85.7204,85.6567,85.6658,559592,2624737
1997-05-14,85.6704,85.7068,85.6704,85.684,439589,2640060
1997-05-15,85.684,85.7068,85.6476,85.6886,513596,2656209
1997-05-16,85.7022,85.7068,85.6749,85.684,405841,2681075
1997-05-19,85.6749,85.6795,85.6704,85.6749,271591,2640310
1997-05-20,85.6658,85.7478,85.6567,85.7432,517184,2644075
1997-05-21,85.7523,85.7569,85.7432,85.7478,436852,2651248
1997-05-22,85.7432,85.7477,85.7067,85.7432,507006,2654227
1997-05-23,85.766,85.7843,85.7477,85.7569,195764,2650188
1997-05-27,85.7569,85.7569,85.7158,85.7295,352196,2671775
1997-05-28,85.7204,85.7341,85.7067,85.7158,481614,2676105
1997-05-29,85.7204,85.7432,85.7158,85.7386,290678,2677818
1997-05-30,85.7432,85.8071,85.7386,85.7888,621122,2697040
1997-06-02,85.8025,85.8116,85.7614,85.7797,370197,2696272
1997-06-03,85.7843,85.8071,85.7797,85.7979,275272,2705747
1997-06-04,85.7979,85.8025,85.7843,85.7979,274056,2694656
1997-06-05,85.7888,85.8116,85.7797,85.7979,367377,2708757
1997-06-06,85.7979,85.8481,85.7477,85.839,1009800,2782418
1997-06-09,85.8208,85.8299,85.8025,85.8116,402387,2778130
1997-06-10,85.8116,85.8299,85.7934,85.8071,363864,2792904
1997-06-11,85.8116,85.8208,85.8071,85.8116,266868,2797356
1997-06-12,85.8071,85.9029,85.8071,85.8938,849720,2825070
1997-06-13,85.9029,85.9394,85.8983,85.912,628231,2835004
1997-06-16,85.9166,85.9303,85.912,85.9211,403329,2850665
1997-06-17,85.9166,85.9211,85.8892,85.9166,449823,2528348
1997-06-18,85.9029,85.9257,85.8938,85.9211,323688,2533912
1997-06-19,85.9211,85.9257,85.8938,85.912,446576,2527524
1997-06-20,85.9075,85.9211,85.9075,85.9166,200987,2526135
1997-06-23,85.9166,85.9166,85.9029,85.912,165873,2527431
1997-06-24,85.9166,85.9166,85.9029,85.912,246216,2530200
1997-06-25,85.9029,85.9257,85.9029,85.912,423870,2562203
1997-06-26,85.912,85.912,85.8983,85.9029,407395,2582909
1997-06-27,85.9029,85.9166,85.9029,85.912,308559,2590415
1997-06-30,85.9166,85.9166,85.8846,85.8938,415084,2604862
1997-07-01,85.8938,85.9211,85.8846,85.912,425759,2623110
1997-07-02,85.9166,85.9348,85.912,85.9257,322381,2621033
1997-07-03,85.9303,85.9805,85.8983,85.9668,687575,2648612
1997-07-07,85.9759,85.9941,85.9759,85.9805,296285,2643938
1997-07-08,85.9805,85.9941,85.9759,85.985,235053,2636251
1997-07-09,85.985,86.0033,85.985,85.9941,246632,2632307
1997-07-10,85.9941,85.9941,85.9805,85.9941,223295,2630452
1997-07-11,85.9987,86.0033,85.985,85.9941,310811,2634801
1997-07-14,85.9896,85.9941,85.9805,85.985,224255,2652209
1997-07-15,85.9759,85.9896,85.9668,85.985,366187,2643220
1997-07-16,85.9896,86.0033,85.9896,85.9941,373241,2656273
1997-07-17,85.9987,86.0078,85.9941,85.9941,328689,2671011
1997-07-18,85.9941,85.9987,85.9896,85.9941,216820,2662749
1997-07-21,85.9941,85.9941,85.985,85.9941,138661,2655470
1997-07-22,85.9896,86.0261,85.985,86.0215,423530,2669080
1997-07-23,86.0307,86.0398,86.0261,86.0352,399232,2676006
1997-07-24,86.0352,86.0398,86.0307,86.0352,255793,2686327
1997-07-25,86.0307,86.0352,86.0261,86.0307,250318,2687162
1997-07-28,86.0307,86.0352,86.0261,86.0307,219945,2667137
1997-07-29,86.0352,86.0398,86.0307,86.0307,320992,2671093
1997-07-30,86.0352,86.058,86.0352,86.0489,312455,2666606
1997-07-31,86.0489,86.0672,86.0443,86.0626,550907,2673504
1997-08-01,86.0672,86.0717,86.017,86.0261,969635,2719899
1997-08-04,86.0261,86.0261,86.0124,86.0215,401316,2715711
1997-08-05,86.017,86.0215,86.0124,86.017,354542,2701849
1997-08-06,86.0124,86.0261,86.0124,86.017,273957,2707407
1997-08-07,86.0215,86.0307,86.017,86.017,360246,2718793
1997-08-08,86.0124,86.017,85.9805,85.9896,828799,2779786
1997-08-11,85.9896,85.9987,85.985,85.9941,383375,2773174
1997-08-12,85.9987,86.0033,85.985,85.9896,317552,2764615
1997-08-13,85.9805,86.0307,85.9759,86.0033,850855,2765539
1997-08-14,86.017,86.0215,86.0078,86.017,433434,2741119
1997-08-15,86.017,86.0398,86.0078,86.0352,389964,2729197
1997-08-18,86.0443,86.0672,86.0352,86.0535,422239,2737595
1997-08-19,86.0443,86.0489,86.0398,86.0443,363376,2725880
1997-08-20,86.0443,86.0489,86.0307,86.0398,250363,2720370
1997-08-21,86.0352,86.0398,86.0261,86.0352,334462,2729102
1997-08-22,86.0078,86.0627,86.0032,86.0398,475714,2744116
1997-08-25,86.0398,86.0444,86.0169,86.0215,184384,2743994
1997-08-26,86.0124,86.0261,85.9941,86.0169,421284,2753875
1997-08-27,86.0306,86.0352,85.9941,86.0078,268969,2753768
1997-08-28,86.0169,86.0627,86.0078,86.0535,456866,2760318
1997-08-29,86.0764,86.0764,86.0124,86.0352,391374,2764272
1997-09-02,86.0032,86.0535,85.9986,86.0444,442393,2770918
1997-09-03,86.0444,86.0535,86.0306,86.0398,262233,2757445
1997-09-04,86.0306,86.0352,86.0215,86.0306,284927,2753723
1997-09-05,86.0352,86.0901,86.0261,86.0306,601600,2800830
1997-09-08,86.0398,86.0444,86.0124,86.0306,240966,2812637
1997-09-09,86.0261,86.0352,86.0124,86.0306,236327,2818265
1997-09-10,86.0261,86.0306,86.0124,86.0261,333934,2854848
1997-09-11,86.0215,86.0215,86.0078,86.0169,363714,2861442
1997-09-12,86.0078,86.0627,86.0078,86.0535,665606,2900109
1997-09-15,86.0627,86.0627,86.0535,86.0581,231223,2905439
1997-09-16,86.0627,86.1312,86.0581,86.1267,703892,2553994
1997-09-17,86.1221,86.1495,86.1175,86.1312,520049,2560352
1997-09-18,86.1267,86.1358,86.1175,86.1221,357748,2574134
1997-09-19,86.1175,86.1221,86.1038,86.1221,207782,2573847
1997-09-22,86.1312,86.1358,86.1267,86.1267,150988,2579774
1997-09-23,86.1267,86.1312,86.1175,86.1221,201283,2585500
1997-09-24,86.1221,86.1358,86.1084,86.1267,269107,2610857
1997-09-25,86.1312,86.1312,86.0947,86.1038,501928,2647583
1997-09-26,86.1038,86.1129,86.0992,86.1084,297434,2645119
1997-09-29,86.1084,86.1175,86.0992,86.1084,191673,2651998
1997-09-30,86.1129,86.1175,86.0947,86.1084,429204,2666911
1997-10-01,86.1129,86.1358,86.1084,86.1267,440947,2691037
1997-10-02,86.1312,86.1449,86.1267,86.1358,370828,2703061
1997-10-03,86.1404,86.1907,86.1358,86.1632,997543,2780799
1997-10-06,86.1769,86.1861,86.1724,86.1769,330312,2758038
1997-10-07,86.1815,86.1907,86.1724,86.1861,333354,2748762
1997-10-08,86.1907,86.1907,86.1175,86.1267,955787,2795090
1997-10-09,86.1038,86.1312,86.0992,86.1221,769358,2806459
1997-10-10,86.1175,86.1312,86.0627,86.0809,769358,2806459
1997-10-14,86.0901,86.0992,86.0855,86.0947,290163,2793053
1997-10-15,86.0992,86.1038,86.0627,86.0764,446759,2791051
1997-10-16,86.0672,86.1038,86.0581,86.0764,464634,2800871
1997-10-17,86.0764,86.0809,86.0169,86.0444,678922,2809292
1997-10-20,86.0489,86.0489,86.0306,86.0398,253187,2769892
1997-10-21,86.0398,86.0535,86.0306,86.0398,311289,2764674
1997-10-22,86.0352,86.0444,86.0261,86.0352,272129,2771777
1997-10-23,86.0901,86.1312,86.0718,86.0809,873082,2759438
1997-10-24,86.0535,86.1129,86.0535,86.1084,448769,2752138
1997-10-27,86.1358,86.2135,86.1221,86.2044,674276,2758192
1997-10-28,86.2821,86.2821,86.1358,86.1404,1043762,2788448
1997-10-29,86.1587,86.1907,86.1358,86.1724,659425,2747770
1997-10-30,86.2227,86.2272,86.1724,86.1952,520836,2748713
1997-10-31,86.1769,86.209,86.1632,86.1952,434633,2754778
1997-11-03,86.1769,86.1769,86.1541,86.1724,274878,2733535
1997-11-04,86.1724,86.1815,86.1495,86.1587,320922,2749152
1997-11-05,86.1587,86.1678,86.1495,86.1587,292865,2735460
1997-11-06,86.1541,86.1632,86.1495,86.1587,293384,2752061
1997-11-07,86.1769,86.1815,86.1175,86.1404,698671,2772754
1997-11-10,86.1084,86.1221,86.1084,86.1175,698671,2772754
1997-11-12,86.0855,86.1038,86.0672,86.1038,528030,2803048
1997-11-13,86.0855,86.1129,86.0718,86.0901,535795,2796992
1997-11-14,86.0809,86.0947,86.0764,86.0809,529259,2788799
1997-11-17,86.0627,86.0855,86.0581,86.0809,307264,2770820
1997-11-18,86.0809,86.0901,86.0718,86.0809,287437,2725668
1997-11-19,86.0855,86.0992,86.0809,86.0901,278697,2698857
1997-11-20,86.0855,86.0901,86.0764,86.0809,245004,2693760
1997-11-21,86.0764,86.1267,86.0718,86.1084,402382,2726895
1997-11-24,86.0947,86.0947,86.0672,86.0718,240979,2720420
1997-11-25,86.0672,86.0901,86.0627,86.0855,288001,2730993
1997-11-26,86.0718,86.0764,86.0627,86.0672,217263,2746092
1997-11-28,86.0535,86.0581,86.0353,86.0398,155782,2743455
1997-12-01,86.0261,86.0398,86.017,86.0307,273343,2731843
1997-12-02,86.0215,86.0353,86.017,86.0307,194919,2733606
1997-12-03,86.0307,86.0672,86.0261,86.0581,337958,2737065
1997-12-04,86.0627,86.081,86.0535,86.0581,393780,2739605
1997-12-05,86.0764,86.0764,85.889,85.9713,973465,2785188
1997-12-08,85.9667,85.9667,85.9393,85.9439,460062,2739983
1997-12-09,85.953,85.9759,85.9484,85.9621,334084,2748734
1997-12-10,85.9759,86.0124,85.9713,86.0078,354018,2749464
1997-12-11,85.9987,86.0672,85.9896,86.0535,561730,2730539
1997-12-12,86.0535,86.0901,86.0535,86.0855,506517,2716905
1997-12-15,86.0901,86.0901,86.0672,86.0718,317220,2773700
1997-12-16,86.0672,86.0764,86.0535,86.0672,247902,2409442
1997-12-17,86.0627,86.0672,86.0353,86.0581,239890,2417803
1997-12-18,86.0672,86.0947,86.0627,86.0764,244163,2420280
1997-12-19,86.0947,86.1404,86.0764,86.0947,366487,2438825
1997-12-22,86.0992,86.1038,86.0764,86.0855,207366,2444399
1997-12-23,86.0855,86.0992,86.0764,86.081,209833,2458638
1997-12-24,86.0855,86.1266,86.081,86.1084,58485,2457772
1997-12-26,86.0901,86.1084,86.0855,86.1038,31146,2460778
1997-12-29,86.1084,86.1175,86.0992,86.1038,103626,2471414
1997-12-30,86.0992,86.0992,86.0353,86.081,246724,2456090
1997-12-31,86.0855,86.1266,86.081,86.1129,187241,2455185
1998-01-02,86.1038,86.1312,86.0992,86.1221,218400,2480347
1998-01-05,86.1495,86.2089,86.1449,86.2043,564113,2569720
1998-01-06,86.2043,86.2455,86.1815,86.2409,537355,2599804
1998-01-07,86.2363,86.2546,86.2089,86.2226,537295,2648445
1998-01-08,86.25,86.314,86.2455,86.2957,673835,2678137
1998-01-09,86.2774,86.3962,86.2455,86.378,931236,2690560
1998-01-12,86.4008,86.4465,86.3094,86.346,841714,2693723
1998-01-13,86.314,86.3368,86.2911,86.3094,608372,2672288
1998-01-14,86.2729,86.3368,86.2637,86.3094,602305,2661072
1998-01-15,86.3186,86.3277,86.2911,86.3094,484191,2644955
1998-01-16,86.282,86.3003,86.2774,86.2911,484191,2644955
1998-01-20,86.3003,86.3094,86.282,86.2866,282310,2620656
1998-01-21,86.2911,86.3186,86.2729,86.3049,412618,2632810
1998-01-22,86.3094,86.3368,86.3094,86.3323,478127,2662324
1998-01-23,86.3003,86.3186,86.282,86.2866,488081,2658124
1998-01-26,86.2957,86.3003,86.2866,86.2911,307270,2658313
1998-01-27,86.2866,86.2911,86.2546,86.2592,509838,2664478
1998-01-28,86.2683,86.2774,86.25,86.2592,490719,2680126
1998-01-29,86.2592,86.314,86.2455,86.2866,817291,2731817
1998-01-30,86.2911,86.3003,86.2729,86.2866,469984,2735962
1998-02-02,86.2774,86.282,86.2637,86.2683,321614,2736314
1998-02-03,86.2729,86.2866,86.2683,86.2774,362458,2741331
1998-02-04,86.282,86.2957,86.2774,86.2774,352308,2741962
1998-02-05,86.2774,86.282,86.2637,86.2729,413756,2740220
1998-02-06,86.2729,86.2729,86.2546,86.2637,496434,2756132
1998-02-09,86.2546,86.2592,86.25,86.2546,233772,2734296
1998-02-10,86.2546,86.2592,86.2455,86.2546,283712,2742583
1998-02-11,86.2592,86.2592,86.25,86.2546,284292,2729827
1998-02-12,86.2546,86.2683,86.25,86.2546,517227,2760057
1998-02-13,86.2592,86.2637,86.2592,86.2592,194584,2754542
1998-02-17,86.2683,86.2729,86.2637,86.2637,229927,2759070
1998-02-18,86.2637,86.2729,86.2546,86.2592,373013,2787180
1998-02-19,86.2546,86.2546,86.2455,86.2546,294765,2788845
1998-02-20,86.2546,86.2546,86.2455,86.25,190546,2779813
1998-02-23,86.2592,86.2637,86.1998,86.2044,463304,2764232
1998-02-24,86.2181,86.2318,86.1131,86.1268,1111575,2774996
1998-02-25,86.145,86.1679,86.1405,86.1633,526081,2771701
1998-02-26,86.1587,86.1633,86.1359,86.145,488963,2782228
1998-02-27,86.145,86.1542,86.1085,86.1496,523840,2801635
1998-03-02,86.145,86.1496,86.1222,86.1313,362807,2796146
1998-03-03,86.1313,86.1359,86.1039,86.1268,618206,2825127
1998-03-04,86.1131,86.1496,86.1131,86.1313,416348,2834159
1998-03-05,86.1633,86.1679,86.1313,86.1359,456709,2853536
1998-03-06,86.1313,86.1633,86.0857,86.1587,624629,2876093
1998-03-09,86.1587,86.1724,86.1542,86.1679,313371,2854406
1998-03-10,86.1724,86.1724,86.1587,86.1679,296351,2843182
1998-03-11,86.1724,86.1816,86.1679,86.1724,303802,2829527
1998-03-12,86.1679,86.1907,86.1542,86.1861,545052,2834165
1998-03-13,86.1816,86.1816,86.1633,86.177,382679,2823901
1998-03-16,86.1816,86.1907,86.177,86.1816,279367,2498126
1998-03-17,86.1816,86.1861,86.1633,86.1679,373816,2530751
1998-03-18,86.1679,86.1724,86.1542,86.1587,281993,2536618
1998-03-19,86.1542,86.1587,86.1268,86.1496,455148,2554549
1998-03-20,86.145,86.1587,86.145,86.1496,201335,2551824
1998-03-23,86.1405,86.1496,86.1359,86.145,187938,2559008
1998-03-24,86.1405,86.145,86.1359,86.1405,213048,2566535
1998-03-25,86.1496,86.1496,86.1176,86.1268,542888,2620754
1998-03-26,86.1268,86.1268,86.0994,86.1039,550820,2684987
1998-03-27,86.1085,86.1176,86.0766,86.0948,507247,2735339
1998-03-30,86.0994,86.1039,86.0766,86.0857,305931,2733663
1998-03-31,86.0766,86.1039,86.0766,86.0948,324542,2727892
1998-04-01,86.1039,86.1039,86.0811,86.0948,378353,2743761
1998-04-02,86.0994,86.1268,86.0994,86.1222,447763,2784249
1998-04-03,86.1085,86.2089,86.1085,86.1679,993278,2801790
1998-04-06,86.1679,86.177,86.145,86.1496,342403,2787701
1998-04-07,86.1542,86.1542,86.1405,86.1496,275122,2783660
1998-04-08,86.1496,86.1587,86.1405,86.145,306154,2760949
1998-04-09,86.145,86.1542,86.1222,86.1359,525740,2743892
1998-04-13,86.1313,86.1313,86.0629,86.0857,533263,2725133
1998-04-14,86.0994,86.1085,86.0857,86.0948,456812,2735715
1998-04-15,86.1039,86.1085,86.0811,86.1039,411394,2758081
1998-04-16,86.1085,86.1268,86.0948,86.0994,355107,2776830
1998-04-17,86.1131,86.1176,86.1039,86.1039,212029,2789162
1998-04-20,86.1039,86.1039,86.0948,86.0994,197221,2787292
1998-04-21,86.0994,86.0994,86.0811,86.0902,351883,2800803
1998-04-22,86.0857,86.0948,86.0811,86.0902,278684,2831435
1998-04-23,86.0857,86.0902,86.072,86.0857,353267,2883314
1998-04-24,86.0629,86.0811,86.0583,86.0811,373149,2918763
1998-04-27,86.0446,86.0446,86.0081,86.0172,741759,2975162
1998-04-28,86.0355,86.04,86.0263,86.0263,445113,2988629
1998-04-29,86.0263,86.04,86.0218,86.0309,439846,2980529
1998-04-30,86.0309,86.0948,86.0172,86.0902,816864,2975040
1998-05-01,86.0902,86.1085,86.0811,86.0857,445818,2950506
1998-05-04,86.0811,86.0857,86.0766,86.0811,155710,2938628
1998-05-05,86.0674,86.0811,86.0629,86.072,337559,2930607
1998-05-06,86.072,86.0994,86.0674,86.0902,502044,2947405
1998-05-07,86.0811,86.0948,86.0766,86.0902,427799,2969420
1998-05-08,86.0857,86.0902,86.0629,86.0766,578402,3000513
1998-05-11,86.072,86.0766,86.0537,86.0583,318547,3017924
1998-05-12,86.0629,86.0902,86.0629,86.0857,388525,3013714
1998-05-13,86.0811,86.0902,86.0674,86.0857,385023,3025295
1998-05-14,86.0857,86.0857,86.0629,86.0674,304834,3028985
1998-05-15,86.0674,86.072,86.0629,86.0674,166056,3026484
1998-05-18,86.072,86.0766,86.0674,86.0674,190781,3022092
1998-05-19,86.0674,86.0994,86.0629,86.0902,291417,3030248
1998-05-20,86.0902,86.1039,86.0902,86.0948,304013,3052398
1998-05-21,86.0902,86.0994,86.072,86.0857,406965,3059257
1998-05-22,86.0902,86.0948,86.072,86.0811,240987,3075033
1998-05-26,86.104,86.1131,86.0994,86.1085,265621,3061714
1998-05-27,86.1542,86.1633,86.1405,86.1542,640967,3072622
1998-05-28,86.1496,86.1496,86.1314,86.1359,318126,3070109
1998-05-29,86.1451,86.1588,86.1405,86.1496,256850,3086615
1998-06-01,86.1725,86.1862,86.1633,86.1725,339619,3086419
1998-06-02,86.1679,86.1679,86.1451,86.1588,264472,3093513
1998-06-03,86.1359,86.1496,86.1359,86.1496,248969,3100587
1998-06-04,86.1862,86.1953,86.1177,86.1314,420598,3092558
1998-06-05,86.1222,86.1359,86.0765,86.1177,636217,3115509
1998-06-08,86.1131,86.1177,86.1085,86.1177,226485,3111282
1998-06-09,86.1085,86.1177,86.104,86.1131,256549,3130023
1998-06-10,86.1359,86.1451,86.1222,86.1359,486809,3144252
1998-06-11,86.1451,86.209,86.1314,86.2044,793307,3167919
1998-06-12,86.1953,86.2319,86.177,86.2136,663622,3208466
1998-06-15,86.2273,86.2364,86.2136,86.2136,430614,2869629
1998-06-16,86.1999,86.1999,86.1679,86.1725,475025,2876668
1998-06-17,86.1451,86.1588,86.1222,86.1451,750235,2881634
1998-06-18,86.1496,86.1588,86.1451,86.1542,333875,2883811
1998-06-19,86.1451,86.1633,86.1405,86.1588,288044,2875367
1998-06-22,86.1633,86.1679,86.1588,86.1588,185240,2875985
1998-06-23,86.1633,86.1633,86.1496,86.1588,209119,2892060
1998-06-24,86.1588,86.1633,86.1542,86.1588,242048,2880320
1998-06-25,86.1542,86.1588,86.1451,86.1542,266364,2879786
1998-06-26,86.1405,86.1679,86.1405,86.1588,219046,2890993
1998-06-29,86.1542,86.1588,86.1496,86.1588,110327,2876364
1998-06-30,86.1451,86.1633,86.1451,86.1542,219863,2876335
1998-07-01,86.1496,86.177,86.1496,86.1588,408003,2904999
1998-07-02,86.177,86.1953,86.1679,86.1679,331770,2934786
1998-07-06,86.177,86.1816,86.1725,86.177,113686,2933801
1998-07-07,86.1679,86.1725,86.1679,86.1725,170294,2939564
1998-07-08,86.177,86.177,86.1679,86.1725,140038,2941428
1998-07-09,86.1725,86.177,86.1679,86.1725,204619,2951297
1998-07-10,86.1725,86.177,86.1633,86.1725,218961,2975871
1998-07-13,86.1725,86.177,86.1588,86.1679,266851,2953964
1998-07-14,86.1679,86.1725,86.1588,86.1633,357953,2948387
1998-07-15,86.1633,86.1679,86.1633,86.1633,159459,2947728
1998-07-16,86.1633,86.1633,86.1588,86.1633,257444,2950527
1998-07-17,86.1588,86.1633,86.1588,86.1633,162873,2951583
1998-07-20,86.1588,86.1679,86.1588,86.1633,162930,2940748
1998-07-21,86.1679,86.177,86.1588,86.1633,411457,2953199
1998-07-22,86.1588,86.1679,86.1588,86.1633,228965,2948644
1998-07-23,86.1679,86.1725,86.1633,86.1633,197466,2949243
1998-07-24,86.1633,86.1725,86.1633,86.1679,204647,2961164
1998-07-27,86.1725,86.1725,86.1633,86.1679,160428,2962080
1998-07-28,86.1633,86.1725,86.1633,86.1679,223649,2957823
1998-07-29,86.1633,86.1679,86.1588,86.1633,272789,2967983
1998-07-30,86.1588,86.1633,86.1542,86.1633,390827,2977456
1998-07-31,86.1633,86.1679,86.1588,86.1633,236532,2966605
1998-08-03,86.1633,86.1725,86.1633,86.1679,310296,2961719
1998-08-04,86.1725,86.1816,86.1633,86.1725,443778,2944473
1998-08-05,86.177,86.1816,86.1725,86.177,395917,2944940
1998-08-06,86.177,86.1816,86.1725,86.177,244050,2941919
1998-08-07,86.1816,86.1862,86.1725,86.1816,368628,2969161
1998-08-10,86.1816,86.1907,86.177,86.1816,264906,2999718
1998-08-11,86.2136,86.2136,86.1953,86.1999,456410,3052665
1998-08-12,86.1907,86.2044,86.1816,86.1999,354152,3085706
1998-08-13,86.1999,86.1999,86.1862,86.1907,414692,3102893
1998-08-14,86.1862,86.1953,86.1816,86.1907,321253,3102765
1998-08-17,86.1999,86.2022,86.1907,86.1907,221408,3115208
1998-08-18,86.1953,86.1953,86.177,86.1885,369236,3149558
1998-08-19,86.1839,86.1862,86.1793,86.1816,254327,3152848
1998-08-20,86.1793,86.1907,86.177,86.1793,387065,3166770
1998-08-21,86.1885,86.2159,86.1862,86.1907,744216,3275115
1998-08-24,86.1999,86.2044,86.177,86.1907,435884,3292032
1998-08-25,86.1999,86.1999,86.1725,86.1953,473223,3308165
1998-08-26,86.2044,86.2318,86.1999,86.2227,604809,3346744
1998-08-27,86.2546,86.4007,86.2455,86.3003,1016046,3367023
1998-08-28,86.3277,86.3779,86.2866,86.3414,834180,3369268
1998-08-31,86.3231,86.3779,86.3048,86.3733,504634,3367106
1998-09-01,86.3779,86.4463,86.3642,86.3824,838870,3381713
1998-09-02,86.3459,86.3642,86.3277,86.3596,571684,3373609
1998-09-03,86.3824,86.3961,86.3505,86.3733,508384,3371866
1998-09-04,86.3414,86.3916,86.3185,86.387,481069,3389263
1998-09-08,86.3779,86.4007,86.3551,86.387,565957,3413081
1998-09-09,86.4509,86.4737,86.4326,86.4692,701215,3428300
1998-09-10,86.4783,86.6152,86.4783,86.6107,924708,3463069
1998-09-11,86.597,86.7156,86.5696,86.5741,990919,3421141
1998-09-14,86.5696,86.5696,86.5194,86.5604,533456,3022737
1998-09-15,86.5924,86.6015,86.5285,86.5513,493528,3052809
1998-09-16,86.5285,86.5376,86.4555,86.5102,686340,3066012
1998-09-17,86.5422,86.5468,86.4874,86.492,585634,3109184
1998-09-18,86.492,86.5102,86.4829,86.5011,342726,3089795
1998-09-21,86.5422,86.5604,86.4829,86.4965,484030,3123077
1998-09-22,86.492,86.5239,86.4829,86.5057,490607,3123650
1998-09-23,86.5422,86.6198,86.5331,86.6152,658890,3154714
1998-09-24,86.6289,86.7019,86.6198,86.6882,743368,3159304
1998-09-25,86.7476,86.7476,86.638,86.6837,627060,3185968
1998-09-28,86.6974,86.6974,86.6563,86.6654,439579,3193469
1998-09-29,86.6791,86.6791,86.5833,86.6198,689716,3258895
1998-09-30,86.6426,86.6928,86.6289,86.6745,721183,3262115
1998-10-01,86.7293,86.7841,86.6974,86.7795,843443,3261827
1998-10-02,86.7567,86.8252,86.7476,86.7887,684314,3260764
1998-10-05,86.7932,86.8297,86.7887,86.8206,524688,3224995
1998-10-06,86.7658,86.7932,86.7476,86.7704,544210,3200599
1998-10-07,86.7384,86.775,86.7065,86.7384,764810,3211231
1998-10-08,86.8115,86.8708,86.7841,86.8069,896732,3211720
1998-10-09,86.8206,86.8617,86.8115,86.8343,595040,3185432
1998-10-13,86.8206,86.8206,86.7978,86.8023,472380,3182539
1998-10-14,86.8069,86.8252,86.7658,86.775,467233,3189250
1998-10-15,86.7795,86.7932,86.6928,86.7156,614571,3248301
1998-10-16,86.921,86.994,86.9073,86.953,840820,3193436
1998-10-19,86.9484,86.9575,86.9256,86.9347,344063,3147213
1998-10-20,86.9256,86.9256,86.8799,86.9119,514910,3158750
1998-10-21,86.8936,86.9028,86.8662,86.8708,350190,3161682
1998-10-22,86.8799,86.8891,86.8571,86.8617,337503,3164689
1998-10-23,86.8526,86.8617,86.8252,86.8343,286935,3185319
1998-10-26,86.816,86.8297,86.7613,86.775,402606,3193855
1998-10-27,86.7795,86.8206,86.775,86.8115,433820,3218983
1998-10-28,86.816,86.8206,86.7795,86.7978,415355,3246911
1998-10-29,86.7978,86.7978,86.775,86.7841,325323,3257919
1998-10-30,86.7521,86.7658,86.7019,86.7065,612956,3302723
1998-11-02,86.6745,86.6882,86.6107,86.6335,595578,3319480
1998-11-03,86.6289,86.6609,86.6107,86.6517,470582,3310750
1998-11-04,86.6061,86.6107,86.5741,86.597,812784,3288142
1998-11-05,86.6061,86.6563,86.5696,86.5833,880791,3319845
1998-11-06,86.5787,86.5787,86.492,86.5148,786314,3318707
1998-11-09,86.5057,86.5468,86.5011,86.5285,516611,3306950
1998-11-10,86.5513,86.5696,86.5468,86.5559,460546,3288049
1998-11-11,86.5285,86.5468,86.5011,86.5285,98569,3273329
1998-11-12,86.5559,86.5559,86.5331,86.5376,401072,3258190
1998-11-13,86.5422,86.5513,86.5057,86.5239,502820,3215976
1998-11-16,86.5171,86.5308,86.5034,86.5262,335151,3168938
1998-11-17,86.5399,86.6289,86.5376,86.5901,643494,3174151
1998-11-18,86.565,86.5901,86.5536,86.581,560724,3155664
1998-11-19,86.565,86.565,86.5422,86.5468,446129,3142444
1998-11-20,86.5376,86.5604,86.5331,86.5445,538133,3100530
1998-11-23,86.5308,86.5399,86.5081,86.5172,266753,3082982
1998-11-24,86.5081,86.5172,86.4853,86.5035,441962,3090766
1998-11-25,86.5126,86.5263,86.499,86.5035,196309,3075509
1998-11-27,86.5126,86.5217,86.5081,86.5172,65594,3063126
1998-11-30,86.5308,86.5718,86.5308,86.5627,343713,3057610
1998-12-01,86.5945,86.6218,86.5627,86.5763,557565,3084905
1998-12-02,86.59,86.6218,86.5854,86.6036,519666,3085119
1998-12-03,86.6172,86.6627,86.6172,86.6445,503346,3086026
1998-12-04,86.6491,86.6582,86.5718,86.59,557853,3095582
1998-12-07,86.59,86.5945,86.5308,86.5354,350055,3093570
1998-12-08,86.5445,86.5763,86.5354,86.5718,321191,3116307
1998-12-09,86.5945,86.6036,86.5763,86.5945,283097,3107728
1998-12-10,86.599,86.6263,86.5809,86.6172,359119,3115366
1998-12-11,86.6309,86.64,86.5945,86.6127,432119,3082187
1998-12-14,86.6127,86.6172,86.6036,86.6081,240103,2727475
1998-12-15,86.5945,86.6036,86.5763,86.5809,187198,2721204
1998-12-16,86.5763,86.6081,86.5672,86.599,266970,2718977
1998-12-17,86.5945,86.5945,86.5718,86.5809,196582,2722064
1998-12-18,86.5672,86.5718,86.5445,86.549,156055,2722708
1998-12-21,86.5399,86.5399,86.4899,86.5081,285839,2738374
1998-12-22,86.499,86.5217,86.4944,86.5035,206027,2736009
1998-12-23,86.499,86.499,86.3898,86.4126,301701,2748561
1998-12-24,86.4035,86.408,86.3716,86.3762,161742,2762696
1998-12-28,86.3762,86.4035,86.3762,86.3989,100357,2756896
1998-12-29,86.408,86.4353,86.3989,86.4262,183866,2767920
1998-12-30,86.4444,86.4762,86.4444,86.4581,161339,2768420
1998-12-31,86.449,86.4671,86.449,86.4581,61249,2763798
1999-01-04,86.4717,86.4717,86.4217,86.449,252747,2764526
1999-01-05,86.4262,86.449,86.4262,86.4444,242093,2774081
1999-01-06,86.4353,86.4353,86.4126,86.4308,324461,2790055
1999-01-07,86.449,86.4626,86.4262,86.4353,385750,2797683
1999-01-08,86.4444,86.4444,86.3898,86.4126,545001,2862660
1999-01-11,86.3944,86.3989,86.3762,86.3989,365809,2863877
1999-01-12,86.3944,86.4308,86.3944,86.4171,443795,2870110
1999-01-13,86.4944,86.5081,86.4308,86.4444,790665,2884234
1999-01-14,86.449,86.4899,86.4399,86.4853,511286,2837917
1999-01-15,86.4808,86.499,86.4671,86.4808,511286,2837917
1999-01-19,86.4762,86.4853,86.4626,86.4717,281154,2794980
1999-01-20,86.4535,86.4581,86.4262,86.4535,444404,2823365
1999-01-21,86.4581,86.4808,86.4535,86.4762,446925,2818227
1999-01-22,86.4853,86.4944,86.4808,86.4808,297755,2821230
1999-01-25,86.4899,86.4899,86.4762,86.4808,295422,2815988
1999-01-26,86.4853,86.4899,86.4717,86.4762,228555,2823714
1999-01-27,86.4671,86.4808,86.4626,86.4762,244864,2826022
1999-01-28,86.4671,86.4717,86.4581,86.4671,281322,2832661
1999-01-29,86.4581,86.4581,86.4444,86.4535,396390,2855222
1999-02-01,86.4444,86.4444,86.4262,86.4308,313597,2846904
1999-02-02,86.4217,86.4353,86.4217,86.4308,341304,2854511
1999-02-03,86.4171,86.4308,86.4126,86.4217,289437,2855458
1999-02-04,86.4171,86.4171,86.3898,86.4126,536485,2890259
1999-02-05,86.4035,86.4126,86.3853,86.4035,524680,2919390
1999-02-08,86.3898,86.4035,86.3853,86.3989,284754,2916036
1999-02-09,86.3989,86.408,86.3989,86.4035,276043,2909714
1999-02-10,86.408,86.4126,86.3944,86.4035,265416,2902477
1999-02-11,86.4035,86.4126,86.3944,86.4035,303632,2902721
1999-02-12,86.3989,86.4035,86.3807,86.3853,446237,2940474
1999-02-16,86.4012,86.4035,86.3876,86.3944,373504,2957496
1999-02-17,86.3989,86.4035,86.3944,86.4012,266633,2956253
1999-02-18,86.4035,86.408,86.3989,86.4035,285425,2958593
1999-02-19,86.4035,86.4057,86.4012,86.4035,263332,2957303
1999-02-22,86.3989,86.4126,86.3898,86.4035,196285,2955094
1999-02-23,86.4126,86.4262,86.3534,86.3625,650739,3000936
1999-02-24,86.358,86.3671,86.317,86.3215,553441,3038555
1999-02-25,86.3306,86.3352,86.2942,86.3261,753807,3102712
1999-02-26,86.3079,86.3352,86.2988,86.3079,458328,3113917
1999-03-01,86.317,86.317,86.2715,86.2806,479469,3131348
1999-03-02,86.2806,86.3261,86.2806,86.3033,609512,3135618
1999-03-03,86.317,86.3261,86.2988,86.317,401878,3128272
1999-03-04,86.317,86.3215,86.3033,86.3124,317480,3114315
1999-03-05,86.3079,86.408,86.3033,86.3716,793618,3113632
1999-03-08,86.3762,86.3898,86.3534,86.3671,361450,3071354
1999-03-09,86.3534,86.4262,86.3489,86.4171,501618,3082328
1999-03-10,86.4126,86.4262,86.4035,86.4126,373016,3070654
1999-03-11,86.4035,86.4262,86.3898,86.4126,460086,3070675
1999-03-12,86.4171,86.4399,86.408,86.4353,378669,3036044
1999-03-15,86.4399,86.4399,86.4217,86.4353,301311,2678175
1999-03-16,86.4308,86.4353,86.4217,86.4353,342583,2676982
1999-03-17,86.4353,86.4399,86.4217,86.4308,274400,2662912
1999-03-18,86.4308,86.4399,86.4308,86.4353,242947,2661506
1999-03-19,86.4353,86.4399,86.4308,86.4353,216929,2696065
1999-03-22,86.4217,86.4308,86.4171,86.4262,194042,2696410
1999-03-23,86.4217,86.4535,86.4217,86.449,345273,2727820
1999-03-24,86.4626,86.4717,86.4535,86.4535,326840,2747653
1999-03-25,86.4581,86.4626,86.449,86.4535,185861,2739794
1999-03-26,86.4535,86.5127,86.4535,86.4763,440977,2744413
1999-03-29,86.4763,86.4763,86.4581,86.4672,242671,2720555
1999-03-30,86.449,86.4763,86.449,86.4717,298085,2723550
1999-03-31,86.4717,86.4763,86.4535,86.4672,324851,2727397
1999-04-01,86.4763,86.4763,86.4535,86.4672,324851,2727397
1999-04-02,86.4626,86.4763,86.4535,86.4717,288107,2715037
1999-04-05,86.4717,86.4854,86.4672,86.4808,158820,2730240
1999-04-06,86.4854,86.4899,86.4717,86.4808,266518,2728009
1999-04-07,86.4808,86.4808,86.4717,86.4763,219172,2736337
1999-04-08,86.4808,86.5036,86.4763,86.4945,403061,2765907
1999-04-09,86.4991,86.5082,86.4945,86.4945,362176,2781561
1999-04-12,86.5127,86.5127,86.4854,86.4945,266322,2784295
1999-04-13,86.4991,86.4991,86.4854,86.4945,337511,2804911
1999-04-14,86.4899,86.4945,86.4854,86.4945,200099,2787112
1999-04-15,86.4854,86.4899,86.4763,86.4854,413883,2826838
1999-04-16,86.4763,86.4808,86.4581,86.4672,610761,2868294
1999-04-19,86.4672,86.4763,86.4581,86.4672,355668,2887984
1999-04-20,86.4717,86.4808,86.4672,86.4717,364009,2846675
1999-04-21,86.4763,86.4808,86.4717,86.4717,213177,2845876
1999-04-22,86.4763,86.4763,86.4672,86.4717,326665,2869806
1999-04-23,86.4763,86.4763,86.4717,86.4717,227173,2876341
1999-04-26,86.4763,86.4763,86.4626,86.4717,220602,2894148
1999-04-27,86.4763,86.4763,86.4672,86.4717,269715,2922628
1999-04-28,86.4672,86.4717,86.4672,86.4717,213563,2939353
1999-04-29,86.4626,86.4899,86.4626,86.4854,563781,2966283
1999-04-30,86.4854,86.4945,86.4581,86.4672,673012,2991933
1999-05-03,86.4535,86.4672,86.4444,86.4626,306364,2983400
1999-05-04,86.4581,86.4672,86.4535,86.4626,345319,2983582
1999-05-05,86.4626,86.4626,86.4535,86.4626,289110,2984274
1999-05-06,86.4626,86.4626,86.4308,86.4353,674990,3044865
1999-05-07,86.4353,86.4535,86.4262,86.449,584012,3052881
1999-05-10,86.4444,86.4581,86.4444,86.449,282472,3055003
1999-05-11,86.4535,86.4581,86.4444,86.449,269307,3070501
1999-05-12,86.4444,86.4581,86.4444,86.449,388032,3054006
1999-05-13,86.449,86.4626,86.449,86.4581,420138,3080483
1999-05-14,86.4535,86.4581,86.3989,86.4171,952549,3161116
1999-05-17,86.4103,86.4103,86.3989,86.4012,377037,3125907
1999-05-18,86.3989,86.408,86.3671,86.383,582548,3139281
1999-05-19,86.3944,86.3989,86.3807,86.383,463859,3153936
1999-05-20,86.3898,86.3921,86.3853,86.3898,305283,3158563
1999-05-21,86.3898,86.4103,86.3898,86.4012,396633,3155317
1999-05-24,86.4012,86.4286,86.3921,86.4103,262251,3174797
1999-05-25,86.4194,86.424,86.4058,86.4103,252653,3176834
1999-05-26,86.4103,86.4194,86.3875,86.3966,347271,3212901
1999-05-27,86.3875,86.3966,86.3054,86.3145,753057,3295464
1999-05-28,86.31,86.3465,86.2735,86.3282,477375,3306440
1999-06-01,86.3054,86.3237,86.2461,86.2598,530026,3307620
1999-06-02,86.2689,86.2963,86.2552,86.2689,612856,3323136
1999-06-03,86.2917,86.3008,86.2735,86.2826,387153,3301827
1999-06-04,86.2735,86.3008,86.237,86.2735,484791,3301507
1999-06-07,86.2735,86.2963,86.2735,86.2826,233642,3295665
1999-06-08,86.2963,86.3054,86.2689,86.2735,295220,3305831
1999-06-09,86.2689,86.2735,86.2279,86.2507,345979,3308924
1999-06-10,86.2142,86.2324,86.2005,86.2279,411354,3317731
1999-06-11,86.2187,86.2643,86.2096,86.2142,536285,3340262
1999-06-14,86.2279,86.2461,86.2279,86.2324,320994,2985801
1999-06-15,86.2507,86.2643,86.2415,86.2461,357296,2984384
1999-06-16,86.2552,86.2963,86.2461,86.2735,565280,3026298
1999-06-17,86.2826,86.3282,86.2643,86.3237,825567,3016435
1999-06-18,86.3191,86.3191,86.2826,86.2917,273527,2953189
1999-06-21,86.3054,86.3145,86.278,86.2917,349296,2952247
1999-06-22,86.2826,86.2826,86.2552,86.2689,331606,2965051
1999-06-23,86.2507,86.2598,86.2324,86.2507,442025,2996706
1999-06-24,86.2461,86.2507,86.2187,86.2233,417148,3004862
1999-06-25,86.237,86.2415,86.2187,86.2233,305009,3009244
1999-06-28,86.2187,86.237,86.2187,86.2324,272406,3000923
1999-06-29,86.2279,86.2324,86.2142,86.2279,412776,3012160
1999-06-30,86.2096,86.3191,86.1457,86.3054,665583,3064287
1999-07-01,86.2872,86.2963,86.2598,86.2963,665583,3064287
1999-07-02,86.2963,86.3054,86.2552,86.2963,351063,3058202
1999-07-06,86.2735,86.2917,86.2643,86.2826,250317,3053417
1999-07-07,86.2735,86.2735,86.2598,86.2689,254590,3052057
1999-07-08,86.2643,86.2917,86.2507,86.2872,308778,3035602
1999-07-09,86.2917,86.2917,86.2598,86.2735,267798,3016922
1999-07-12,86.2735,86.3008,86.2643,86.2917,258613,3034577
1999-07-13,86.3008,86.3191,86.2872,86.2917,440985,3059528
1999-07-14,86.2872,86.31,86.278,86.2917,361040,3042325
1999-07-15,86.2826,86.31,86.278,86.2872,452020,3014064
1999-07-16,86.3008,86.3145,86.2917,86.31,325896,2969932
1999-07-19,86.3191,86.3282,86.3145,86.3191,206493,2946232
1999-07-20,86.3145,86.351,86.3054,86.3465,601822,2946826
1999-07-21,86.3419,86.3465,86.3328,86.3373,283374,2923625
1999-07-22,86.3373,86.3465,86.2552,86.278,621178,2976400
1999-07-23,86.2552,86.2735,86.2415,86.2689,390705,2958291
1999-07-26,86.2552,86.2643,86.2461,86.2598,257814,2964287
1999-07-27,86.2689,86.2735,86.2643,86.2643,216459,2968778
1999-07-28,86.2643,86.2735,86.2598,86.2689,202389,2962387
1999-07-29,86.2598,86.2735,86.2233,86.2507,612163,3020786
1999-07-30,86.2324,86.2415,86.2233,86.2279,359951,3029004
1999-08-02,86.1914,86.2142,86.1822,86.2096,419632,3066666
1999-08-03,86.205,86.2233,86.2005,86.2096,296283,3059315
1999-08-04,86.2142,86.2415,86.2096,86.2233,360067,3062009
1999-08-05,86.2187,86.2598,86.2142,86.2507,592998,3046355
1999-08-06,86.2461,86.2461,86.164,86.1822,618552,3054467
1999-08-09,86.1457,86.1549,86.1321,86.1366,381981,3075065
1999-08-10,86.1321,86.1503,86.1275,86.1457,418639,3092731
1999-08-11,86.1549,86.164,86.1412,86.1503,307547,3106785
1999-08-12,86.1503,86.164,86.1366,86.1503,319310,3098246
1999-08-13,86.1275,86.1731,86.1229,86.164,459350,3069268
1999-08-16,86.1549,86.1549,86.1435,86.1503,333942,3050916
1999-08-17,86.1435,86.1731,86.1435,86.1663,500582,3053877
1999-08-18,86.1685,86.1754,86.1617,86.1708,294304,3059768
1999-08-19,86.1754,86.1959,86.1617,86.1868,409025,3058869
1999-08-20,86.1868,86.2005,86.1822,86.1936,184716,3046893
1999-08-23,86.1845,86.1982,86.1753,86.1936,206156,3034513
1999-08-24,86.1616,86.2303,86.157,86.2028,460549,3037506
1999-08-25,86.2211,86.2303,86.2074,86.2257,593087,2999628
1999-08-26,86.2074,86.212,86.1341,86.1479,453251,2998321
1999-08-27,86.0883,86.1112,86.0563,86.1067,379659,2988719
1999-08-30,86.07,86.0929,86.0563,86.0609,271396,2989703
1999-08-31,86.0746,86.0883,86.0471,86.0609,447868,3003164
1999-09-01,86.0517,86.0746,86.0426,86.0563,359976,3011719
1999-09-02,86.038,86.0563,86.038,86.0471,392536,3028611
1999-09-03,86.0517,86.1387,86.0471,86.1112,401906,3046156
1999-09-07,86.1021,86.1021,86.07,86.0746,255834,3062393
1999-09-08,86.0426,86.1845,86.038,86.157,525797,3080181
1999-09-09,86.1479,86.1524,86.1204,86.1433,250082,3071362
1999-09-10,86.1524,86.1936,86.1204,86.1799,440602,3083073
1999-09-13,86.1662,86.1753,86.1479,86.1524,269910,2666117
1999-09-14,86.1524,86.1616,86.1021,86.1112,422884,2699367
1999-09-15,86.1021,86.1479,86.1021,86.1112,476252,2691989
1999-09-16,86.1158,86.1387,86.1158,86.1295,283670,2685133
1999-09-17,86.1524,86.1662,86.1341,86.1479,287836,2674279
1999-09-20,86.1662,86.1662,86.1204,86.125,211501,2667027
1999-09-21,86.1067,86.1295,86.0929,86.125,320169,2683123
1999-09-22,86.1341,86.1387,86.1204,86.125,250025,2681178
1999-09-23,86.1204,86.1341,86.1112,86.125,256786,2713263
1999-09-24,86.1616,86.1936,86.1524,86.1845,509979,2707128
1999-09-27,86.1616,86.1616,86.1295,86.1387,293818,2707531
1999-09-28,86.1433,86.1433,86.0746,86.0975,444554,2719015
1999-09-29,86.0746,86.1112,86.0746,86.0883,431627,2733244
1999-09-30,86.0929,86.1067,86.0792,86.0975,356046,2736246
1999-10-01,86.0792,86.0883,86.0151,86.0288,642122,2786299
1999-10-04,86.0334,86.0426,86.0288,86.038,234322,2792746
1999-10-05,86.038,86.0426,85.9647,85.9785,488050,2814471
1999-10-06,85.9876,85.9968,85.9693,85.9739,486627,2834053
1999-10-07,85.9693,85.9876,85.9647,85.9831,309803,2827895
1999-10-08,85.9922,86.038,85.9922,86.0151,309803,2827895
1999-10-12,85.9876,85.9968,85.9785,85.9922,247454,2842132
1999-10-13,85.9968,86.0014,85.9831,85.9922,426891,2867368
1999-10-14,85.9876,85.9876,85.9556,85.9693,473065,2881016
1999-10-15,85.9831,86.0059,85.9419,86.0014,532025,2883398
1999-10-18,86.0059,86.0151,85.9876,86.0014,254336,2860372
1999-10-19,85.9739,85.9876,85.9098,85.9144,409536,2880968
1999-10-20,85.9052,85.9144,85.8823,85.9144,280818,2878288
1999-10-21,85.9235,85.9327,85.9007,85.919,246668,2888370
1999-10-22,86.0334,86.038,85.9876,86.0105,309996,2880746
1999-10-25,85.9739,85.9739,85.9647,85.9739,197189,2883409
1999-10-26,85.9739,85.9831,85.951,85.9556,226299,2891613
1999-10-27,85.9602,85.9602,85.9281,85.9373,247043,2903936
1999-10-28,85.9693,86.0105,85.9693,86.0059,383283,2920312
1999-10-29,86.0334,86.0609,86.0288,86.0471,522666,2896466
1999-11-01,86.0334,86.0746,86.0334,86.0655,280349,2862644
1999-11-02,86.0609,86.0792,86.0471,86.0655,238991,2839492
1999-11-03,86.0563,86.0975,86.0517,86.0746,297900,2808442
1999-11-04,86.1067,86.157,86.1067,86.1433,404650,2816170
1999-11-05,86.1341,86.2074,86.125,86.1799,548688,2813692
1999-11-08,86.1616,86.1845,86.1616,86.1662,177166,2782570
1999-11-09,86.1799,86.1799,86.1524,86.1616,279138,2785271
1999-11-10,86.1707,86.1753,86.1158,86.1341,279138,2785271
1999-11-12,86.1479,86.1707,86.125,86.1479,320514,2774485
1999-11-15,86.1364,86.1456,86.1341,86.1456,201423,2769492
1999-11-16,86.1479,86.1662,86.0929,86.0975,416775,2808631
1999-11-17,86.0975,86.1341,86.0929,86.1273,404089,2824351
1999-11-18,86.1204,86.1341,86.1181,86.1273,295197,2816458
1999-11-19,86.1158,86.1158,86.0906,86.1021,208403,2815527
1999-11-22,86.0746,86.0884,86.0655,86.0884,189957,2819669
1999-11-23,86.0701,86.0975,86.0701,86.0884,232784,2832748
1999-11-24,86.0701,86.0838,86.0517,86.0792,225812,2846064
1999-11-26,86.0701,86.0701,86.0563,86.0609,121139,2869131
1999-11-29,86.0609,86.0609,86.0151,86.0289,359547,2887178
1999-11-30,86.0334,86.0517,86.0151,86.0426,334318,2909606
1999-12-01,86.0106,86.0517,85.9968,86.0243,343907,2918843
1999-12-02,86.0197,86.0243,86.0014,86.006,286574,2924557
1999-12-03,86.0014,86.0517,85.9923,86.0197,471198,2945354
1999-12-06,86.0289,86.038,86.0106,86.0197,191866,2934655
1999-12-07,86.0243,86.0334,86.0197,86.0243,217058,2940351
1999-12-08,86.0197,86.0243,86.0106,86.0197,215098,2933587
1999-12-09,86.0197,86.0426,86.0151,86.0334,231587,2950427
1999-12-10,86.0289,86.0609,86.0289,86.0563,349807,2959636
1999-12-13,86.0472,86.0517,86.0334,86.038,216156,2581133
1999-12-14,86.0197,86.0243,85.9785,85.9831,428637,2597142
1999-12-15,85.9739,85.9877,85.9602,85.9739,365874,2632702
1999-12-16,85.9648,85.9739,85.9328,85.9373,466447,2668612
1999-12-17,85.9511,85.9602,85.9145,85.9373,361207,2696540
1999-12-20,85.9373,85.9419,85.9053,85.9145,202849,2685049
1999-12-21,85.9145,85.9602,85.9053,85.9145,277749,2685171
1999-12-22,85.9099,85.9145,85.8916,85.9053,246747,2695744
1999-12-23,85.9099,85.9236,85.9007,85.9053,116313,2701032
1999-12-27,85.8962,85.9053,85.8916,85.9053,72799,2701391
1999-12-28,85.9007,85.9145,85.8916,85.9007,100397,2702322
1999-12-29,85.9007,85.919,85.9007,85.9099,113898,2711113
1999-12-30,85.919,85.9236,85.9053,85.9099,99804,2715032
1999-12-31,85.9099,85.9145,85.8733,85.8824,59083,2720223
2000-01-03,85.8458,85.8504,85.8184,85.8321,302033,2755299
2000-01-04,85.8412,85.8595,85.8184,85.8458,426702,2821676
2000-01-05,85.8367,85.855,85.8275,85.8412,426715,2837695
2000-01-06,85.8458,85.8504,85.8367,85.8412,323247,2836619
2000-01-07,85.8412,85.855,85.8046,85.8458,430808,2881886
2000-01-10,85.8321,85.8458,85.8321,85.8412,179816,2867864
2000-01-11,85.8275,85.8275,85.8046,85.8092,451801,2890769
2000-01-12,85.8092,85.8184,85.7955,85.8001,432964,2911371
2000-01-13,85.8046,85.8229,85.8046,85.8184,500028,2926193
2000-01-14,85.8138,85.855,85.8138,85.8229,500028,2926193
2000-01-18,85.8184,85.8275,85.8138,85.8229,331964,2897947
2000-01-19,85.8367,85.8458,85.8321,85.8367,342124,2908335
2000-01-20,85.8321,85.855,85.8275,85.8367,403392,2908174
2000-01-21,85.8412,85.8504,85.8367,85.8458,318855,2929523
2000-01-24,85.8458,85.8595,85.8458,85.8504,348949,2943643
2000-01-25,85.8458,85.8504,85.8367,85.8458,312639,2967638
2000-01-26,85.8504,85.855,85.8412,85.8458,335257,2983256
2000-01-27,85.8458,85.8504,85.8275,85.8458,400587,2969002
2000-01-28,85.8367,85.8412,85.7726,85.7772,837582,3019685
2000-01-31,85.7726,85.7772,85.7406,85.7451,479696,3008233
2000-02-01,85.7589,85.7726,85.7497,85.7589,413609,3016980
2000-02-02,85.7543,85.7863,85.7268,85.7589,591466,3050846
2000-02-03,85.768,85.8275,85.7543,85.7817,787863,3091559
2000-02-04,85.7817,85.7955,85.7543,85.7772,524161,3106506
2000-02-07,85.7726,85.7817,85.768,85.7772,327399,3138780
2000-02-08,85.7863,85.7955,85.7817,85.7863,384408,3169638
2000-02-09,85.7909,85.7909,85.7817,85.7863,409335,3162335
2000-02-10,85.7909,85.8001,85.7863,85.8001,364249,3184288
2000-02-11,85.8001,85.8138,85.8001,85.8046,411094,3211927
2000-02-14,85.8092,85.8229,85.8069,85.8206,271060,3224330
2000-02-15,85.8092,85.8206,85.8092,85.8184,296399,3231309
2000-02-16,85.8092,85.8161,85.8069,85.8138,287395,3226331
2000-02-17,85.8115,85.8161,85.768,85.784,652131,3279849
2000-02-18,85.7772,85.7863,85.7703,85.7817,370689,3282245
2000-02-22,85.8093,85.8783,85.8047,85.8691,606623,3307236
2000-02-23,85.8323,85.8507,85.8277,85.8369,377000,3279400
2000-02-24,85.8461,85.9105,85.8369,85.8967,681342,3289431
2000-02-25,85.8783,85.9748,85.8599,85.9518,863925,3250300
2000-02-28,85.9381,85.9427,85.9105,85.9197,491230,3225173
2000-02-29,85.9105,85.9151,85.8921,85.9059,369941,3203453
2000-03-01,85.9059,85.9243,85.9013,85.9197,473777,3207055
2000-03-02,85.9059,85.9151,85.8967,85.9105,441943,3215182
2000-03-03,85.9105,85.9656,85.8967,85.9243,734251,3227522
2000-03-06,85.9059,85.9151,85.8875,85.9059,387917,3222963
2000-03-07,85.8967,85.9289,85.8829,85.9151,563615,3234653
2000-03-08,85.9105,85.9289,85.9013,85.9151,408666,3228684
2000-03-09,85.9243,85.9335,85.9151,85.9197,337223,3243890
2000-03-10,85.9013,85.9105,85.8875,85.8967,356486,3216268
2000-03-13,85.9289,85.9335,85.9013,85.9013,358660,2803885
2000-03-14,85.8921,85.9105,85.8691,85.9013,419642,2848050
2000-03-15,85.8967,85.9059,85.8875,85.8921,437133,2892864
2000-03-16,85.8829,85.8921,85.8691,85.8921,357378,2903737
2000-03-17,85.8829,85.9105,85.8737,85.8921,398017,2910565
2000-03-20,85.8875,85.8875,85.8737,85.8829,204001,2904207
2000-03-21,85.8875,85.8967,85.8691,85.8829,303569,2896822
2000-03-22,85.8921,85.9013,85.8921,85.8967,317701,2926987
2000-03-23,85.9059,85.9243,85.8507,85.8691,630047,2972819
2000-03-24,85.8231,85.8415,85.7909,85.8001,744702,3013636
2000-03-27,85.7863,85.7955,85.7771,85.7863,502648,3031611
2000-03-28,85.7863,85.8093,85.7863,85.7955,430448,3051930
2000-03-29,85.8047,85.8093,85.7955,85.8001,355472,3043274
2000-03-30,85.8231,85.8369,85.8139,85.8323,404542,3045788
2000-03-31,85.8231,85.8369,85.8139,85.8277,320497,3031795
2000-04-03,85.8323,85.8369,85.8093,85.8277,319231,3068285
2000-04-04,85.8185,85.9702,85.8093,85.9381,997874,3114255
2000-04-05,85.9289,85.9518,85.8415,85.8691,867791,3084020
2000-04-06,85.8507,85.8691,85.8415,85.8645,454936,3006671
2000-04-07,85.8461,85.8691,85.8415,85.8645,363525,3000460
2000-04-10,85.8645,85.8829,85.8599,85.8783,183491,2990255
2000-04-11,85.8967,85.9289,85.8783,85.8875,563777,3003405
2000-04-12,85.8829,85.9059,85.8691,85.8783,376937,3011662
2000-04-13,85.8829,85.8921,85.8645,85.8829,494985,3023901
2000-04-14,85.8829,85.9105,85.8507,85.8967,494985,3023901
2000-04-17,85.9013,85.9197,85.8921,85.8967,631469,3127474
2000-04-18,85.9013,85.9059,85.8875,85.8967,412891,3125185
2000-04-19,85.8875,85.8967,85.8737,85.8921,341494,3120940
2000-04-20,85.8875,85.8875,85.8691,85.8829,227204,3117936
2000-04-24,85.8875,85.9013,85.8875,85.8875,172975,3127445
2000-04-25,85.8737,85.8737,85.8139,85.8277,456886,3144580
2000-04-26,85.8277,85.8415,85.8185,85.8277,461222,3139839
2000-04-27,85.8139,85.8185,85.7358,85.745,1016770,3177359
2000-04-28,85.7174,85.7266,85.6852,85.7128,702301,3221573
2000-05-01,85.699,85.7128,85.6944,85.699,252940,3223320
2000-05-02,85.6852,85.699,85.6806,85.6898,353519,3225098
2000-05-03,85.6668,85.6806,85.6484,85.653,509261,3239730
2000-05-04,85.6392,85.676,85.63,85.653,699843,3259415
2000-05-05,85.6622,85.6714,85.6254,85.6392,797802,3271381
2000-05-08,85.6438,85.6438,85.6208,85.6254,332151,3266663
2000-05-09,85.63,85.6438,85.6254,85.6438,383132,3257618
2000-05-10,85.6392,85.6622,85.6392,85.6484,450225,3252870
2000-05-11,85.653,85.6668,85.6346,85.6484,446299,3232175
2000-05-12,85.6346,85.6346,85.5933,85.6116,553766,3236832
2000-05-15,85.607,85.6116,85.591,85.6047,277109,3193644
2000-05-16,85.6162,85.63,85.5519,85.5542,571931,3228603
2000-05-17,85.5243,85.5473,85.522,85.545,650382,3272333
2000-05-18,85.545,85.545,85.5243,85.5404,523134,3270611
2000-05-19,85.5519,85.5726,85.5519,85.568,411418,3129873
2000-05-22,85.5818,85.6603,85.5772,85.6234,511795,3278896
2000-05-23,85.5957,85.6141,85.5818,85.6049,388745,3285250
2000-05-24,85.6141,85.6418,85.5864,85.6003,448010,3295378
2000-05-25,85.5772,85.6326,85.5634,85.6234,394105,3329802
2000-05-26,85.6049,85.6326,85.6003,85.628,322871,3339223
2000-05-30,85.591,85.6095,85.568,85.5726,276011,3349024
2000-05-31,85.5634,85.6095,85.5541,85.5864,478198,3360393
2000-06-01,85.5957,85.6649,85.5864,85.6464,730536,3370204
2000-06-02,85.651,85.808,85.6418,85.771,1173684,3329622
2000-06-05,85.7849,85.831,85.7803,85.8264,494447,3300468
2000-06-06,85.808,85.8172,85.7757,85.8126,446025,3283084
2000-06-07,85.7987,85.8126,85.7895,85.7941,299631,3286587
2000-06-08,85.7618,85.7803,85.7434,85.7757,451715,3280004
2000-06-09,85.771,85.7941,85.7618,85.7757,277246,3284247
2000-06-12,85.7757,85.8218,85.7757,85.8126,203216,3304100
2000-06-13,85.8126,85.8818,85.8034,85.868,772059,3319300
2000-06-14,85.868,85.9003,85.8633,85.891,593949,3337236
2000-06-15,85.8726,85.8957,85.8541,85.8864,506382,3382835
2000-06-16,85.8818,85.9418,85.8818,85.9326,607319,3378836
2000-06-19,85.9326,85.9372,85.9049,85.9141,275146,2994543
2000-06-20,85.9095,85.9095,85.8864,85.891,360957,3029887
2000-06-21,85.8772,85.8818,85.8633,85.868,362836,3021815
2000-06-22,85.8633,85.891,85.8587,85.8633,326259,3020956
2000-06-23,85.8726,85.8772,85.8541,85.8633,284238,3015403
2000-06-26,85.868,85.8772,85.8587,85.868,202202,3015964
2000-06-27,85.868,85.8772,85.8633,85.868,211725,3018909
2000-06-28,85.868,85.891,85.8633,85.8864,404578,3037801
2000-06-29,85.8957,85.9187,85.891,85.9049,399280,3057585
2000-06-30,85.9141,85.9187,85.8957,85.9049,236313,3092171
2000-07-03,85.9003,85.9695,85.8957,85.9649,263433,3052723
2000-07-05,85.9926,86.0203,85.988,86.0018,492516,3145437
2000-07-06,85.988,85.9926,85.9787,85.988,396970,3141144
2000-07-07,85.9833,86.048,85.9787,86.0295,670326,3168557
2000-07-10,86.0203,86.0203,86.0018,86.011,223485,3154720
2000-07-11,85.9972,86.0249,85.9926,86.0018,288635,3151620
2000-07-12,85.9972,86.0064,85.988,86.0018,298392,3170956
2000-07-13,86.0064,86.0157,86.0018,86.011,277483,3192393
2000-07-14,86.0157,86.0572,85.9741,85.9833,615390,3181801
2000-07-17,85.9833,85.988,85.9557,85.9649,353042,3129742
2000-07-18,85.9695,85.9833,85.9557,85.9649,361563,3137256
2000-07-19,85.9557,85.9649,85.9464,85.9557,243065,3134950
2000-07-20,85.951,86.0387,85.951,86.0341,684071,3146743
2000-07-21,86.0295,86.048,86.0249,86.0387,307743,3074992
2000-07-24,86.0295,86.0341,86.0203,86.0295,113932,3124668
2000-07-25,86.0341,86.0433,86.0295,86.0341,202276,3130533
2000-07-26,86.0387,86.0433,86.0295,86.0341,202273,3124481
2000-07-27,86.0387,86.0526,86.011,86.048,456719,3157891
2000-07-28,86.0433,86.0433,85.9926,86.0249,585301,3182948
2000-07-31,86.011,86.0157,86.0064,86.011,225450,3185403
2000-08-01,86.011,86.0295,86.0064,86.0249,297689,3193521
2000-08-02,86.0295,86.0572,86.0249,86.0526,332515,3203111
2000-08-03,86.0664,86.0895,86.0664,86.071,430616,3213868
2000-08-04,86.071,86.1172,86.0618,86.108,548772,3246444
2000-08-07,86.1033,86.1126,86.0987,86.1033,185873,3214058
2000-08-08,86.0987,86.1218,86.0987,86.1172,317173,3214250
2000-08-09,86.108,86.1218,86.1033,86.1172,282271,3227687
2000-08-10,86.1218,86.1218,86.1126,86.1172,279012,3235841
2000-08-11,86.1172,86.1218,86.0987,86.108,506075,3235404
2000-08-14,86.1033,86.108,86.0964,86.108,211721,3218453
2000-08-15,86.101,86.1057,86.0987,86.101,266747,3226308
2000-08-16,86.1033,86.108,86.101,86.101,329224,3230922
2000-08-17,86.1033,86.108,86.101,86.1057,186119,3218682
2000-08-18,86.1057,86.1126,86.1033,86.1103,244684,3231878
2000-08-21,86.1126,86.1149,86.1103,86.1103,124493,3215040
2000-08-22,86.1103,86.1149,86.0871,86.1056,255356,3157615
2000-08-23,86.1195,86.1426,86.1195,86.138,294759,3223747
2000-08-24,86.1565,86.175,86.1473,86.1565,340710,3214756
2000-08-25,86.1426,86.1611,86.138,86.1565,234947,3227648
2000-08-28,86.1565,86.1565,86.1288,86.1334,148642,3172135
2000-08-29,86.1288,86.1334,86.1056,86.1103,318854,3180235
2000-08-30,86.1056,86.1288,86.101,86.1195,293791,3180008
2000-08-31,86.1195,86.175,86.1149,86.1657,440872,3212801
2000-09-01,86.1704,86.2305,86.1657,86.2166,739172,3266684
2000-09-05,86.1935,86.2166,86.1889,86.212,329241,3311443
2000-09-06,86.1981,86.2027,86.1796,86.1889,308408,3265631
2000-09-07,86.1842,86.2074,86.175,86.1889,360427,3273097
2000-09-08,86.1981,86.2212,86.1935,86.212,245027,3293786
2000-09-11,86.1981,86.212,86.1889,86.212,230534,3284103
2000-09-12,86.2074,86.2212,86.2074,86.2166,289810,3357015
2000-09-13,86.212,86.2351,86.212,86.2258,399019,3375656
2000-09-14,86.2258,86.249,86.2166,86.2305,570318,3371338
2000-09-15,86.2351,86.2582,86.2258,86.249,547869,3345633
2000-09-18,86.2536,86.2767,86.2443,86.2675,409741,2876016
2000-09-19,86.286,86.286,86.2536,86.2675,460558,2897354
2000-09-20,86.2582,86.2767,86.2443,86.249,530824,2935754
2000-09-21,86.2536,86.2582,86.2351,86.249,401464,2959643
2000-09-22,86.286,86.286,86.2582,86.2582,368654,2978288
2000-09-25,86.2443,86.249,86.2351,86.2397,266389,2961769
2000-09-26,86.2397,86.2443,86.2305,86.2397,337821,2973337
2000-09-27,86.2166,86.2258,86.2027,86.2166,448138,3019519
2000-09-28,86.2166,86.2351,86.2074,86.2212,359337,3039662
2000-09-29,86.2397,86.2536,86.2305,86.2351,412322,3041473
2000-10-02,86.2397,86.249,86.2351,86.2397,299287,3057016
2000-10-03,86.2397,86.2536,86.2258,86.2351,425247,3058442
2000-10-04,86.2443,86.2443,86.2351,86.2351,412942,3045908
2000-10-05,86.2305,86.2397,86.2258,86.2351,391128,3036662
2000-10-06,86.2397,86.2397,86.212,86.2351,666722,3021531
2000-10-10,86.2258,86.2397,86.2258,86.2351,272438,3063190
2000-10-11,86.249,86.2628,86.2397,86.249,465060,3059174
2000-10-12,86.2443,86.3183,86.2351,86.2952,782537,3097159
2000-10-13,86.3183,86.3183,86.2813,86.2906,488750,3053646
2000-10-16,86.2675,86.286,86.2675,86.2813,218511,3020478
2000-10-17,86.2767,86.3044,86.2628,86.2998,375708,3041214
2000-10-18,86.3044,86.3738,86.3044,86.3044,693466,3053799
2000-10-19,86.286,86.3183,86.2813,86.3044,483532,3060110
2000-10-20,86.3044,86.3091,86.2952,86.3044,274144,3053680
2000-10-23,86.3137,86.3183,86.3044,86.3091,271151,3051347
2000-10-24,86.3044,86.3044,86.286,86.2998,320529,3064189
2000-10-25,86.3137,86.3183,86.2813,86.2906,464672,3067309
2000-10-26,86.2721,86.2998,86.2675,86.2813,453132,3096292
2000-10-27,86.2721,86.2906,86.2582,86.2675,583635,3104292
2000-10-30,86.2675,86.2721,86.2536,86.2628,317573,3096996
2000-10-31,86.2675,86.2767,86.2582,86.2628,418500,3113620
2000-11-01,86.2767,86.2813,86.2675,86.2767,376318,3120560
2000-11-02,86.2813,86.286,86.2721,86.2767,316919,3128240
2000-11-03,86.2767,86.286,86.2536,86.2628,519195,3141308
2000-11-06,86.2582,86.2628,86.249,86.2536,343740,3152862
2000-11-07,86.2536,86.2582,86.2443,86.249,370507,3148432
2000-11-08,86.2443,86.2536,86.2443,86.249,370507,3148432
2000-11-09,86.2536,86.2813,86.2536,86.2675,487032,3182053
2000-11-10,86.2721,86.2767,86.2675,86.2675,353801,3170888
2000-11-13,86.279,86.2906,86.2698,86.2698,363477,3163867
2000-11-14,86.2675,86.2698,86.2582,86.2605,305837,3157877
2000-11-15,86.2605,86.2675,86.2536,86.2582,331744,3167050
2000-11-16,86.2559,86.2628,86.2536,86.2605,296122,3190925
2000-11-17,86.2628,86.2651,86.2513,86.2536,292012,3197818
2000-11-20,86.2513,86.2582,86.2513,86.2559,192683,3218923
2000-11-21,86.2536,86.2582,86.249,86.2513,214802,3214866
2000-11-22,86.2697,86.2743,86.2559,86.2697,236543,3221957
2000-11-24,86.2513,86.2605,86.2467,86.2605,77502,3229081
2000-11-27,86.242,86.2605,86.2374,86.2559,199091,3232833
2000-11-28,86.2651,86.302,86.2651,86.2974,430142,3293133
2000-11-29,86.3158,86.3573,86.302,86.3389,571957,3334431
2000-11-30,86.385,86.4357,86.3666,86.4173,857063,3352685
2000-12-01,86.3804,86.4035,86.3758,86.3896,524161,3340457
2000-12-04,86.4081,86.4357,86.4035,86.4173,391839,3379506
2000-12-05,86.4127,86.5187,86.4127,86.5095,769737,3429185
2000-12-06,86.5234,86.5695,86.5141,86.5603,691061,3442682
2000-12-07,86.5649,86.5695,86.5187,86.5556,574621,3450848
2000-12-08,86.5603,86.5649,86.5003,86.5234,634296,3466688
2000-12-11,86.5049,86.5095,86.4865,86.4957,286396,3465559
2000-12-12,86.4911,86.5095,86.4772,86.5049,352097,3476440
2000-12-13,86.528,86.5741,86.5234,86.5695,612464,3496103
2000-12-14,86.611,86.6202,86.5787,86.5787,769645,3521606
2000-12-15,86.5649,86.6064,86.5234,86.5971,633750,3487287
2000-12-18,86.6386,86.6663,86.6202,86.6294,560406,3121643
2000-12-19,86.6248,86.6294,86.5787,86.6156,602099,3143739
2000-12-20,86.6755,86.7263,86.6663,86.7217,583423,3160849
2000-12-21,86.7401,86.8185,86.7355,86.8093,625082,3204971
2000-12-22,86.7816,86.8416,86.777,86.8323,292997,3204852
2000-12-26,86.8185,86.8323,86.8093,86.8231,156720,3196340
2000-12-27,86.8047,86.8139,86.777,86.7908,336230,3211948
2000-12-28,86.7816,86.7862,86.7586,86.7724,331198,3219989
2000-12-29,86.7816,86.8047,86.7816,86.8001,178732,3218218
2001-01-02,86.8277,86.9292,86.8231,86.92,748985,3306331
2001-01-03,86.9384,87.0814,86.8923,87.0768,1256957,3353825
2001-01-04,87.1736,87.2981,87.169,87.2889,1200295,3429571
2001-01-05,87.3673,87.4411,87.252,87.4365,1119843,3493152
2001-01-08,87.3857,87.4411,87.3811,87.4365,833839,3495000
2001-01-09,87.3903,87.395,87.3212,87.3396,787587,3552563
2001-01-10,87.3442,87.3442,87.2612,87.2843,871598,3570234
2001-01-11,87.3258,87.335,87.2935,87.3119,773426,3582749
2001-01-12,87.3073,87.3073,87.1874,87.2013,871327,3547571
2001-01-16,87.2474,87.2566,87.2197,87.2243,533008,3522138
2001-01-17,87.2059,87.2704,87.1736,87.2612,894965,3562375
2001-01-18,87.3212,87.3811,87.2843,87.3765,850347,3599593
2001-01-19,87.3581,87.4272,87.3535,87.3719,786963,3658745
2001-01-22,87.3811,87.4134,87.3811,87.3857,489867,3662075
2001-01-23,87.3811,87.4134,87.2935,87.3027,754717,3693889
2001-01-24,87.2658,87.3535,87.2474,87.3027,740960,3698765
2001-01-25,87.2935,87.3442,87.2428,87.3304,969697,3666223
2001-01-26,87.3765,87.3903,87.3627,87.3765,499589,3659103
2001-01-29,87.4088,87.4272,87.3996,87.4042,380065,3676998
2001-01-30,87.4272,87.4826,87.4226,87.4687,869570,3692993
2001-01-31,87.5056,87.5149,87.4365,87.4826,826270,3675136
2001-02-01,87.5056,87.5287,87.4918,87.4918,804834,3691769
2001-02-02,87.4734,87.4826,87.4318,87.4411,885889,3721582
2001-02-05,87.4457,87.4641,87.4272,87.4411,475678,3733217
2001-02-06,87.4365,87.4503,87.4226,87.4365,424338,3738895
2001-02-07,87.4641,87.4687,87.4503,87.4549,439416,3759359
2001-02-08,87.4411,87.4595,87.4318,87.4549,467992,3780987
2001-02-09,87.4595,87.4964,87.4595,87.4872,491884,3869578
2001-02-12,87.4964,87.501,87.4734,87.478,401877,3858737
2001-02-13,87.478,87.4918,87.4272,87.4411,727580,3953631
2001-02-14,87.4272,87.4411,87.4042,87.4088,737292,3895612
2001-02-15,87.3903,87.3996,87.3765,87.395,974510,3929506
2001-02-16,87.4088,87.4641,87.3442,87.4595,839980,3890101
2001-02-20,87.4457,87.478,87.4388,87.471,378758,3841544
2001-02-21,87.4757,87.501,87.4641,87.4987,678771,3884029
2001-02-22,87.5309,87.5815,87.5125,87.5493,630148,3917405
2001-02-23,87.5815,87.6552,87.5769,87.6459,726506,3976061
2001-02-26,87.6413,87.7104,87.6367,87.6966,625022,3999183
2001-02-27,87.7242,87.7518,87.6828,87.6966,817374,4065091
2001-02-28,87.7242,87.7288,87.5815,87.6782,983127,4141699
2001-03-01,87.6828,87.7288,87.6459,87.6782,844019,4161436
2001-03-02,87.6552,87.7012,87.6183,87.6505,704641,4163429
2001-03-05,87.6552,87.6552,87.6321,87.6505,383172,4162254
2001-03-06,87.6229,87.6782,87.6183,87.6736,480278,4166957
2001-03-07,87.6736,87.7058,87.6598,87.6966,502151,4168964
2001-03-08,87.715,87.7334,87.7012,87.7104,554115,4184982
2001-03-09,87.7196,87.7242,87.6275,87.6598,892943,4187770
2001-03-12,87.6736,87.7012,87.6736,87.692,477498,4250716
2001-03-13,87.6966,87.738,87.6874,87.6966,681711,4311486
2001-03-14,87.7932,87.8346,87.7748,87.8254,877815,4338283
2001-03-15,87.8162,87.922,87.8116,87.9036,826937,4344881
2001-03-16,87.899,87.9634,87.8622,87.8944,1025086,4323252
2001-03-19,87.8898,87.8944,87.8346,87.8438,477735,3856505
2001-03-20,87.8438,87.9036,87.784,87.899,662287,3913092
2001-03-21,87.968,87.9864,87.9266,87.9588,746139,3950546
2001-03-22,88.0002,88.0462,87.9726,88.0186,814072,3963351
2001-03-23,87.9312,87.9818,87.9266,87.9358,670116,3953682
2001-03-26,87.9036,87.9358,87.899,87.9312,381176,3954759
2001-03-27,87.945,87.991,87.7978,87.8254,991121,3954705
2001-03-28,87.8622,87.876,87.8438,87.8576,633673,3916507
2001-03-29,87.8852,87.899,87.8622,87.8898,528151,3930859
2001-03-30,87.8622,87.9864,87.8484,87.9588,778589,3993968
2001-04-02,87.9956,87.9956,87.899,87.9404,628072,4002792
2001-04-03,87.9312,88.0048,87.922,87.991,488626,4020506
2001-04-04,87.9864,88.0646,87.9772,88.0554,656539,4074968
2001-04-05,88.0002,88.037,88.0002,88.0048,610674,4076406
2001-04-06,88.014,88.106,88.0094,88.0784,979253,4142591
2001-04-09,88.0646,88.083,88.0554,88.0646,416985,4093760
2001-04-10,88.037,88.037,87.922,87.9496,730769,4118587
2001-04-11,87.922,87.9266,87.8116,87.899,999617,4153555
2001-04-12,87.876,87.9496,87.8668,87.8714,634415,4129913
2001-04-16,87.8714,87.8852,87.7564,87.7748,697579,4085518
2001-04-17,87.8438,87.8576,87.7932,87.8392,746290,4103342
2001-04-18,87.7518,88.1474,87.692,88.1244,1574175,4116864
2001-04-19,88.1612,88.1658,88.1152,88.1198,993587,4100641
2001-04-20,88.1244,88.1842,88.1152,88.175,729288,4078927
2001-04-23,88.2026,88.2349,88.198,88.2257,614573,4092360
2001-04-24,88.2211,88.2441,88.1934,88.2257,618408,4120002
2001-04-25,88.2395,88.2533,88.1934,88.198,744201,4149980
2001-04-26,88.2026,88.2441,88.1796,88.2257,350603,4154972
2001-04-27,88.2211,88.2257,88.1474,88.1612,854809,4201495
2001-04-30,88.1336,88.1612,88.1152,88.1612,554810,4168327
2001-05-01,88.1612,88.2303,88.1612,88.2211,513440,4174509
2001-05-02,88.2211,88.2211,88.1796,88.1842,428720,4179373
2001-05-03,88.198,88.2303,88.1934,88.2257,682585,4214104
2001-05-04,88.2395,88.3407,88.2349,88.3315,1228817,4312075
2001-05-07,88.3407,88.3499,88.3223,88.3453,431354,4319062
2001-05-08,88.3453,88.3775,88.3407,88.3499,729047,4303662
2001-05-09,88.3775,88.3775,88.3637,88.3683,520705,4320892
2001-05-10,88.3683,88.3683,88.3085,88.3131,657228,4362337
2001-05-11,88.3039,88.3039,88.2165,88.2211,1082231,4389946
2001-05-14,88.2418,88.2809,88.2234,88.2694,655573,4372981
2001-05-15,88.2809,88.3706,88.2372,88.366,1118777,4337617
2001-05-16,88.3798,88.3913,88.3545,88.3568,898786,4327651
2001-05-17,88.3499,88.3522,88.3085,88.32,828541,4333138
2001-05-18,88.32,88.3223,88.2901,88.3154,792533,4350154
2001-05-21,88.2993,88.3085,88.2947,88.3062,488408,4316006
2001-05-22,88.3154,88.3522,88.3154,88.3476,529823,4282820
2001-05-23,88.3522,88.3844,88.3522,88.3706,555838,4301390
2001-05-24,88.3752,88.4304,88.32,88.366,757819,4341211
2001-05-25,88.412,88.4304,88.366,88.4258,664871,4317330
2001-05-29,88.4442,88.4581,88.4166,88.4258,444114,4319262
2001-05-30,88.4442,88.4489,88.4258,88.435,480412,4339644
2001-05-31,88.4442,88.5041,88.4396,88.4949,850582,4401889
2001-06-01,88.4995,88.5179,88.4396,88.4627,1069794,4472621
2001-06-04,88.4719,88.4857,88.4581,88.4719,398401,4465471
2001-06-05,88.4719,88.5133,88.4581,88.5041,603040,4502064
2001-06-06,88.4949,88.5041,88.4719,88.4949,653480,4525032
2001-06-07,88.4995,88.5317,88.4903,88.5041,695985,4547325
2001-06-08,88.4903,88.5179,88.4857,88.5041,424701,4569667
2001-06-11,88.5179,88.5409,88.5133,88.5225,334974,4599648
2001-06-12,88.5271,88.5501,88.5271,88.5455,556024,4599485
2001-06-13,88.5363,88.5685,88.5087,88.5639,635188,4610801
2001-06-14,88.5547,88.6007,88.5547,88.5823,751940,4640721
2001-06-15,88.5915,88.6422,88.5823,88.6284,757294,4650957
2001-06-18,88.6698,88.679,88.656,88.6606,504727,4209034
2001-06-19,88.656,88.6744,88.633,88.6698,535053,4258677
2001-06-20,88.6882,88.6974,88.6744,88.6882,551876,4297116
2001-06-21,88.6974,88.7066,88.6698,88.6882,647175,4321885
2001-06-22,88.6836,88.7342,88.6836,88.7296,444593,4333708
2001-06-25,88.725,88.7342,88.7112,88.725,368892,4349555
2001-06-26,88.7342,88.7342,88.679,88.6928,659149,4348518
2001-06-27,88.6882,88.7204,88.61,88.6146,950808,4398348
2001-06-28,88.61,88.61,88.4949,88.5317,1299286,4430096
2001-06-29,88.5087,88.5501,88.4949,88.5455,1098579,4409882
2001-07-02,88.5455,88.5777,88.5363,88.5731,537521,4357940
2001-07-03,88.5685,88.5731,88.5455,88.5547,312753,4343205
2001-07-05,88.5731,88.5823,88.5547,88.5731,488210,4380000
2001-07-06,88.5823,88.6238,88.5777,88.6146,783986,4415391
2001-07-09,88.6238,88.6284,88.6146,88.6192,372694,4394953
2001-07-10,88.6192,88.6606,88.6192,88.6468,587067,4391927
2001-07-11,88.6698,88.7066,88.656,88.6652,756673,4401430
2001-07-12,88.6606,88.6928,88.6468,88.6744,679775,4444285
2001-07-13,88.656,88.679,88.6422,88.6468,611580,4430980
2001-07-16,88.6514,88.6698,88.6468,88.6606,366430,4380427
2001-07-17,88.656,88.6652,88.6514,88.656,485634,4406180
2001-07-18,88.6652,88.7434,88.6422,88.7388,1228251,4500349
2001-07-19,88.7204,88.7342,88.7066,88.7342,724786,4459802
2001-07-20,88.7434,88.7526,88.7342,88.7342,449090,4455287
2001-07-23,88.7112,88.7296,88.7112,88.7296,328049,4461235
2001-07-24,88.7342,88.7434,88.7204,88.7296,597054,4493713
2001-07-25,88.725,88.7342,88.7158,88.7296,482182,4514067
2001-07-26,88.7204,88.7434,88.7112,88.7342,691013,4538483
2001-07-27,88.7342,88.7803,88.7342,88.7757,802770,4571359
2001-07-30,88.7664,88.7757,88.7526,88.7757,371901,4592951
2001-07-31,88.7664,88.8079,88.7618,88.8033,371901,4592951
2001-08-01,88.7987,88.8125,88.7895,88.8033,625077,4637759
2001-08-02,88.7895,88.7941,88.7664,88.7711,647371,4641196
2001-08-03,88.7757,88.7849,88.7434,88.7711,775211,4668396
2001-08-06,88.7895,88.7895,88.7711,88.7711,260464,4658058
2001-08-07,88.7803,88.7849,88.7711,88.7711,379502,4661940
2001-08-08,88.7849,88.8263,88.7803,88.8217,620918,4712932
2001-08-09,88.8355,88.8769,88.8355,88.8401,952866,4757500
2001-08-10,88.8493,88.8861,88.8447,88.8677,657688,4762419
2001-08-13,88.8746,88.8953,88.87,88.8792,564742,4755477
2001-08-14,88.8631,88.8723,88.8539,88.8654,669933,4772696
2001-08-15,88.8608,88.8631,88.8332,88.8355,894929,4785904
2001-08-16,88.847,88.8769,88.8263,88.87,941665,4772368
2001-08-17,88.8792,88.9022,88.8631,88.8953,631361,4773290
2001-08-20,88.8884,88.8907,88.8723,88.8769,367125,4760356
2001-08-21,88.8792,88.8999,88.8539,88.8953,721924,4806171
2001-08-22,88.8723,88.8953,88.8539,88.8769,741925,4804607
2001-08-23,88.8861,88.9045,88.8677,88.8815,442034,4785535
2001-08-24,88.8585,88.8769,88.8401,88.8631,465020,4735749
2001-08-27,88.8539,88.8585,88.8401,88.8493,175053,4734797
2001-08-28,88.8585,88.9276,88.8539,88.9091,755844,4789255
2001-08-29,88.9368,88.946,88.9045,88.9322,735144,4831109
2001-08-30,88.9414,88.992,88.9368,88.9736,914937,4836702
2001-08-31,88.969,88.9828,88.9322,88.9644,652951,4862876
2001-09-04,88.946,88.9598,88.7756,88.7894,1365601,4858124
2001-09-05,88.8309,88.8631,88.8124,88.8355,875108,4858746
2001-09-06,88.8631,88.9414,88.8585,88.9322,1004967,4860187
2001-09-07,88.9322,89.1072,88.9276,89.0749,1425276,4905518
2001-09-10,89.1026,89.1394,89.0703,89.0795,764618,4910390
2001-09-11,89.0657,89.2776,89.0519,89.2407,281592,4921601
2001-09-13,89.4434,89.4802,89.3697,89.4618,1094988,4905788
2001-09-14,89.5539,89.5539,89.4618,89.5216,1012247,4879821
2001-09-17,89.5355,89.646,89.517,89.6322,996317,4342417
2001-09-18,89.6506,89.6828,89.6414,89.6736,942229,4321527
2001-09-19,89.7289,89.8394,89.7243,89.821,1024345,4313277
2001-09-20,89.8164,89.821,89.7611,89.7841,1110548,4303137
2001-09-21,89.8624,89.8763,89.7841,89.8394,877131,4315582
2001-09-24,89.798,89.8394,89.7934,89.8302,571033,4326062
2001-09-25,89.8486,89.8855,89.8394,89.867,672577,4351404
2001-09-26,89.8716,89.8809,89.8486,89.8716,694452,4366954
2001-09-27,89.8809,89.9085,89.8809,89.8809,647760,4372635
2001-09-28,89.8763,89.8901,89.8118,89.8394,795636,4427512
2001-10-01,89.844,89.867,89.8302,89.8532,450741,4422154
2001-10-02,89.8578,89.9591,89.8532,89.9545,705685,4471375
2001-10-03,89.9822,89.9914,89.9407,89.9499,851425,4538802
2001-10-04,89.9638,90.0052,89.9545,89.9776,716318,4520668
2001-10-05,89.9868,90.0282,89.9776,90.019,613322,4530022
2001-10-09,90.0236,90.0236,89.996,90.0052,386165,4538184
2001-10-10,89.9914,90.0052,89.9684,90.0006,562515,4577951
2001-10-11,89.9868,89.9914,89.8993,89.9269,941123,4561336
2001-10-12,89.9315,89.9914,89.9177,89.9591,917059,4525269
2001-10-15,89.9868,90.0006,89.9684,89.9914,385825,4441775
2001-10-16,90.0006,90.0098,89.9868,89.9914,569725,4440219
2001-10-17,89.9776,90.0144,89.9591,89.996,618877,4462261
2001-10-18,90.0006,90.0374,89.996,90.0328,486325,4453122
2001-10-19,90.0466,90.0559,90.0236,90.0282,501343,4458359
2001-10-22,90.0374,90.0374,90.0236,90.0282,315111,4456001
2001-10-23,90.0098,90.0513,90.0052,90.042,458711,4493591
2001-10-24,90.0605,90.0881,90.0513,90.0789,573573,4509802
2001-10-25,90.0927,90.148,90.0881,90.1249,856536,4565628
2001-10-26,90.1249,90.1341,90.1111,90.1249,564335,4597810
2001-10-29,90.1526,90.171,90.1341,90.1572,466145,4585083
2001-10-30,90.1802,90.2216,90.1802,90.2124,757907,4623869
2001-10-31,90.2032,90.2032,90.1341,90.1848,1053248,4673480
2001-11-01,90.1664,90.2032,90.1526,90.1756,1083723,4715322
2001-11-02,90.171,90.217,90.1618,90.1802,1072608,4814664
2001-11-05,90.2078,90.217,90.194,90.2078,567180,4814836
2001-11-06,90.2032,90.346,90.171,90.3414,984437,4898732
2001-11-07,90.3552,90.3736,90.346,90.3552,823641,4959115
2001-11-08,90.3506,90.3506,90.3045,90.3091,737080,4984754
2001-11-09,90.3276,90.3552,90.3045,90.3091,629405,5011875
2001-11-13,90.2999,90.3091,90.2769,90.2999,733054,4994003
2001-11-14,90.2769,90.2907,90.2309,90.2539,1211740,5028883
2001-11-15,90.1986,90.2216,90.1618,90.171,1679521,5048650
2001-11-16,90.1756,90.2263,90.0927,90.1341,1694595,5030328
2001-11-19,90.1549,90.1894,90.1457,90.1802,1108515,4971647
2001-11-20,90.2014,90.217,90.1503,90.1802,1108515,4971647
2001-11-21,90.1784,90.1894,90.1434,90.1687,1018672,5011039
2001-11-23,90.1779,90.1918,90.1133,90.1548,415675,5003560
2001-11-26,90.1548,90.2333,90.1317,90.1456,871538,4969757
2001-11-27,90.0948,90.3164,90.0625,90.3026,1522669,4976697
2001-11-28,90.3257,90.3903,90.2887,90.3072,1383024,4902319
2001-11-29,90.3488,90.4503,90.3488,90.4457,969741,4909003
2001-11-30,90.4457,90.5011,90.4273,90.455,886944,4879702
2001-12-03,90.4781,90.4919,90.418,90.4688,753059,4840634
2001-12-04,90.4688,90.4919,90.4411,90.4688,683256,4818589
2001-12-05,90.4411,90.4457,90.2657,90.3164,1295547,4825371
2001-12-06,90.2518,90.3441,90.2195,90.298,1030855,4862896
2001-12-07,90.3395,90.4642,90.3395,90.3996,1321781,4944579
2001-12-10,90.4642,90.5104,90.4457,90.4873,842283,4907760
2001-12-11,90.5242,90.5889,90.5011,90.5519,1035348,4899949
2001-12-12,90.5473,90.5704,90.5242,90.5335,990958,4887789
2001-12-13,90.5058,90.5242,90.418,90.4688,1035906,4897051
2001-12-14,90.4642,90.4734,90.4042,90.4273,639045,4846656
2001-12-17,90.4319,90.4365,90.4134,90.4273,558654,4125332
2001-12-18,90.4596,90.4827,90.4319,90.4642,545496,4142705
2001-12-19,90.4965,90.5196,90.4827,90.4919,549168,4198401
2001-12-20,90.4873,90.4919,90.4457,90.4827,406828,4205263
2001-12-21,90.5011,90.5058,90.4688,90.4827,297552,4195426
2001-12-24,90.4873,90.5104,90.4827,90.4827,37057,4187805
2001-12-26,90.4734,90.4873,90.4411,90.4503,126645,4209004
2001-12-27,90.455,90.5011,90.455,90.4965,294613,4222665
2001-12-28,90.4919,90.5196,90.4781,90.5011,286349,4229780
2001-12-31,90.4965,90.5288,90.4919,90.5242,168925,4247427
2002-01-02,90.5011,90.5104,90.4642,90.4688,555925,4297094
2002-01-03,90.4873,90.5104,90.4873,90.5011,619373,4306372
2002-01-04,90.4919,90.5242,90.4734,90.5011,929370,4376932
2002-01-07,90.5104,90.5704,90.5104,90.5658,812110,4412118
2002-01-08,90.5519,90.575,90.5427,90.5565,915438,4449621
2002-01-09,90.5473,90.5565,90.5335,90.5565,673865,4474588
2002-01-10,90.5612,90.5843,90.5473,90.575,1130770,4514925
2002-01-11,90.5704,90.7182,90.5612,90.7089,1234318,4563086
2002-01-14,90.732,90.7366,90.7089,90.7089,913786,4550944
2002-01-15,90.7135,90.7182,90.6858,90.7089,900930,4563554
2002-01-16,90.7228,90.7228,90.6489,90.6535,1220533,4641993
2002-01-17,90.6581,90.672,90.5935,90.612,1077690,4681008
2002-01-18,90.635,90.6397,90.5935,90.6258,673085,4687130
2002-01-22,90.575,90.6073,90.5704,90.5981,645006,4712467
2002-01-23,90.5889,90.5981,90.575,90.5796,772208,4693150
2002-01-24,90.5843,90.5935,90.5381,90.5427,1310462,4762102
2002-01-25,90.515,90.5335,90.5058,90.5335,1010517,4730811
2002-01-28,90.5196,90.5381,90.515,90.5288,578993,4691842
2002-01-29,90.515,90.5658,90.5104,90.5612,937189,4724853
2002-01-30,90.5612,90.5658,90.5288,90.5381,1012540,4771431
2002-01-31,90.5104,90.5242,90.4919,90.4965,933476,4779125
2002-02-01,90.4734,90.5242,90.4596,90.5196,1133122,4864582
2002-02-04,90.5242,90.5473,90.5196,90.5381,631692,4831911
2002-02-05,90.5473,90.5612,90.5288,90.5427,818261,4883410
2002-02-06,90.5519,90.5565,90.5381,90.5519,727961,4898441
2002-02-07,90.5381,90.5519,90.5288,90.5427,643411,4878401
2002-02-08,90.5427,90.5704,90.5381,90.5612,788017,4917022
2002-02-11,90.5519,90.5612,90.5427,90.5565,360927,4918115
2002-02-12,90.5658,90.575,90.5381,90.5473,723131,4949987
2002-02-13,90.5427,90.5427,90.515,90.5381,1011097,4963548
2002-02-14,90.5242,90.5335,90.5104,90.5288,593794,4955351
2002-02-15,90.5288,90.5519,90.5242,90.5473,669679,4928014
2002-02-19,90.5496,90.5496,90.5358,90.5404,614577,4957843
2002-02-20,90.5358,90.5473,90.5335,90.5404,606470,4963734
2002-02-21,90.5312,90.5427,90.5312,90.5404,537713,4966059
2002-02-22,90.5728,90.5774,90.5404,90.5404,566157,4980276
2002-02-25,90.5497,90.5497,90.5172,90.5404,440957,4969045
2002-02-26,90.5358,90.5774,90.5172,90.5311,981105,4973724
2002-02-27,90.5219,90.6052,90.4987,90.6006,1120863,4978814
2002-02-28,90.5867,90.5913,90.5404,90.5728,934857,4993644
2002-03-01,90.5543,90.5589,90.4987,90.508,1200170,4968816
2002-03-04,90.4895,90.4941,90.457,90.4895,888437,4930811
2002-03-05,90.4709,90.4895,90.4154,90.4895,943154,4955992
2002-03-06,90.508,90.5358,90.508,90.508,801286,4956042
2002-03-07,90.4941,90.5033,90.3829,90.3876,1502286,5011650
2002-03-08,90.3459,90.3598,90.2903,90.295,1385439,5103238
2002-03-11,90.332,90.3366,90.3042,90.3181,713077,4992107
2002-03-12,90.3505,90.369,90.3227,90.332,732365,4961198
2002-03-13,90.2857,90.3876,90.2579,90.3737,1115933,4972584
2002-03-14,90.3366,90.3598,90.2903,90.295,762185,4967286
2002-03-15,90.2625,90.3042,90.2347,90.2764,1033301,4902904
2002-03-18,90.2764,90.2857,90.2533,90.2672,513617,4310613
2002-03-19,90.2718,90.332,90.2486,90.3088,791439,4351415
2002-03-20,90.3413,90.3505,90.2255,90.244,1023887,4371671
2002-03-21,90.2162,90.2579,90.1931,90.2347,946209,4393555
2002-03-22,90.1977,90.2301,90.1884,90.2162,579486,4372494
2002-03-25,90.1977,90.2116,90.1931,90.207,352193,4343472
2002-03-26,90.2394,90.2857,90.2116,90.2718,883062,4434102
2002-03-27,90.2857,90.2996,90.2718,90.2857,523816,4434476
2002-03-28,90.2764,90.3042,90.2347,90.2764,622341,4385444
2002-04-01,90.295,90.3135,90.2625,90.2718,448588,4417394
2002-04-02,90.2672,90.332,90.2625,90.3227,602681,4416514
2002-04-03,90.3088,90.3783,90.3088,90.3737,789692,4441836
2002-04-04,90.369,90.4246,90.3644,90.3876,919388,4410981
2002-04-05,90.3829,90.4802,90.3737,90.4617,1028510,4412805
2002-04-08,90.4802,90.508,90.457,90.4663,886397,4414008
2002-04-09,90.4478,90.4987,90.4431,90.4941,727364,4395987
2002-04-10,90.508,90.508,90.4802,90.4895,665200,4381226
2002-04-11,90.4848,90.5126,90.4756,90.4941,719697,4380940
2002-04-12,90.4848,90.545,90.4756,90.5358,1052978,4409013
2002-04-15,90.5543,90.5774,90.5358,90.5589,629266,4367940
2002-04-16,90.5311,90.5589,90.5126,90.5589,997477,4404048
2002-04-17,90.5543,90.6376,90.5404,90.6099,1193233,4418195
2002-04-18,90.633,90.7025,90.6284,90.6376,1193333,4426918
2002-04-19,90.6145,90.6423,90.6006,90.633,627800,4384504
2002-04-22,90.6469,90.6562,90.6376,90.6515,320793,4372609
2002-04-23,90.6515,90.6562,90.633,90.6469,516969,4383392
2002-04-24,90.6423,90.6793,90.633,90.6701,854431,4410905
2002-04-25,90.7025,90.7071,90.6747,90.6978,1012314,4441960
2002-04-26,90.7025,90.7303,90.684,90.721,893145,4455177
2002-04-29,90.7164,90.721,90.7025,90.7071,455894,4442510
2002-04-30,90.7025,90.7256,90.6978,90.7071,748977,4437387
2002-05-01,90.7117,90.7488,90.7071,90.721,998468,4453837
2002-05-02,90.7256,90.7256,90.7025,90.7117,753256,4412414
2002-05-03,90.7117,90.7719,90.7071,90.758,1137363,4437981
2002-05-06,90.758,90.7627,90.7534,90.758,320999,4405029
2002-05-07,90.7951,90.8044,90.7766,90.7997,881671,4433204
2002-05-08,90.7812,90.7905,90.7488,90.7534,1225657,4381899
2002-05-09,90.7627,90.7951,90.7627,90.7905,1063620,4409922
2002-05-10,90.7812,90.809,90.7719,90.7997,847547,4400339
2002-05-13,90.7951,90.7997,90.7812,90.7835,559370,4368802
2002-05-14,90.7743,90.7766,90.721,90.7534,1358855,4387156
2002-05-15,90.7511,90.7673,90.7303,90.765,895347,4364064
2002-05-16,90.758,90.7905,90.758,90.7882,791740,4379701
2002-05-17,90.7812,90.7835,90.7442,90.7604,864067,4353096
2002-05-20,90.7719,90.7812,90.7673,90.7766,553951,4360231
2002-05-21,90.7812,90.7951,90.7766,90.7928,553951,4360231
2002-05-22,90.83,90.8579,90.7974,90.8253,738940,4424238
2002-05-23,90.7649,90.83,90.723,90.7742,863765,4461432
2002-05-24,90.7649,90.8021,90.7556,90.7835,454601,4430537
2002-05-28,90.7323,90.7974,90.7277,90.7881,531918,4456681
2002-05-29,90.8067,90.8393,90.8021,90.8253,589153,4475526
2002-05-30,90.8532,90.8904,90.8486,90.8672,984820,4556229
2002-05-31,90.8625,90.8951,90.816,90.8532,815359,4483795
2002-06-03,90.816,90.8718,90.7974,90.8625,646393,4486000
2002-06-04,90.909,90.9183,90.8718,90.8951,739985,4525043
2002-06-05,90.8765,90.9044,90.8439,90.8858,661108,4531050
2002-06-06,90.8858,90.9183,90.8579,90.8997,819614,4522248
2002-06-07,90.9369,90.9648,90.8904,90.923,1002178,4517192
2002-06-10,90.909,90.9509,90.909,90.9369,557198,4537994
2002-06-11,90.9369,91.0021,90.9276,90.9974,701086,4550419
2002-06-12,90.9974,91.0207,90.9881,91.0021,892881,4579178
2002-06-13,90.9928,91.0718,90.9928,91.0393,1222044,4618387
2002-06-14,91.0858,91.1044,91.0625,91.0718,1032646,4587157
2002-06-17,91.0625,91.0672,91.0486,91.0532,691151,4057037
2002-06-18,91.0858,91.0951,91.0625,91.0718,674746,4022029
2002-06-19,91.1044,91.1183,91.0997,91.1137,838273,4025535
2002-06-20,91.123,91.1276,91.0672,91.0718,1127364,4014767
2002-06-21,91.0858,91.1183,91.0765,91.1044,690022,4001956
2002-06-24,91.1276,91.1276,91.109,91.109,782120,4026737
2002-06-25,91.1183,91.1276,91.1044,91.123,835346,4043457
2002-06-26,91.2485,91.2671,91.202,91.216,1571316,4065878
2002-06-27,91.1741,91.2113,91.1602,91.1927,1135233,4020513
2002-06-28,91.1834,91.202,91.1788,91.1927,663701,3979485
2002-07-01,91.202,91.2067,91.1834,91.1881,521377,3977306
2002-07-02,91.216,91.2206,91.202,91.2113,686897,4009370
2002-07-03,91.2206,91.2253,91.2113,91.2206,563722,3998370
2002-07-05,91.1881,91.2113,91.1834,91.1881,602959,3996524
2002-07-08,91.1974,91.2067,91.1927,91.202,712438,3994026
2002-07-09,91.2113,91.2253,91.2067,91.2206,780660,4048603
2002-07-10,91.216,91.2532,91.2113,91.2485,1188990,4053994
2002-07-11,91.2485,91.2718,91.2392,91.2532,1279603,4074213
2002-07-12,91.2346,91.2764,91.2299,91.2671,1072907,4056647
2002-07-15,91.2764,91.3369,91.2671,91.3043,1101945,4110323
2002-07-16,91.3043,91.309,91.2671,91.2718,1275639,4118173
2002-07-17,91.2485,91.2718,91.2439,91.2671,999005,4144688
2002-07-18,91.2578,91.2764,91.2532,91.2718,755575,4120397
2002-07-19,91.2904,91.295,91.2718,91.2857,754924,4133189
2002-07-22,91.309,91.3322,91.295,91.3183,710986,4149537
2002-07-23,91.3043,91.3555,91.2997,91.3508,783303,4164362
2002-07-24,91.4206,91.4718,91.3508,91.3508,1385762,4228685
2002-07-25,91.3276,91.402,91.3183,91.3741,912974,4213179
2002-07-26,91.388,91.402,91.3648,91.3741,678224,4219234
2002-07-29,91.3276,91.3415,91.3043,91.309,821977,4281924
2002-07-30,91.3183,91.3415,91.2997,91.309,1003006,4281487
2002-07-31,91.309,91.3648,91.3043,91.3462,1011575,4347503
2002-08-01,91.3555,91.3927,91.3462,91.3787,1018586,4408495
2002-08-02,91.388,91.4578,91.388,91.4346,1203778,4464441
2002-08-05,91.4578,91.4671,91.4392,91.4578,794304,4471891
2002-08-06,91.4206,91.4346,91.3973,91.4253,973308,4496838
2002-08-07,91.4253,91.4904,91.4253,91.4718,1106141,4505123
2002-08-08,91.4485,91.4764,91.4299,91.4392,728002,4491119
2002-08-09,91.4392,91.4439,91.416,91.4346,726252,4494105
2002-08-12,91.4346,91.4392,91.416,91.4253,584917,4498242
2002-08-13,91.4346,91.4764,91.4206,91.4485,1088350,4565598
2002-08-14,91.4532,91.4578,91.3973,91.4067,1116290,4632329
2002-08-15,91.3601,91.416,91.3508,91.4067,1354481,4585001
2002-08-16,91.3927,91.4206,91.3601,91.3648,790140,4486882
2002-08-19,91.3578,91.3694,91.3532,91.3578,461671,4481506
2002-08-20,91.3787,91.3834,91.3741,91.3811,680998,4490422
2002-08-21,91.3485,91.3694,91.3462,91.3648,694237,4481258
2002-08-22,91.3323,91.3509,91.309,91.323,537087,4430576
2002-08-23,91.3323,91.3462,91.323,91.3323,353585,4402521
2002-08-26,91.309,91.3462,91.3044,91.3323,340591,4412805
2002-08-27,91.3276,91.3323,91.2579,91.2811,806938,4449354
2002-08-28,91.2904,91.3137,91.2904,91.3044,480512,4435704
2002-08-29,91.3276,91.3602,91.323,91.3416,691282,4451667
2002-08-30,91.3509,91.3602,91.3044,91.3276,566379,4477144
2002-09-03,91.3648,91.4392,91.3509,91.4345,877819,4537907
2002-09-04,91.4299,91.4578,91.4113,91.4299,644594,4558996
2002-09-05,91.4671,91.495,91.4299,91.4857,805938,4614445
2002-09-06,91.4764,91.4764,91.3648,91.3787,988732,4600237
2002-09-09,91.3369,91.3741,91.3137,91.323,569610,4542948
2002-09-10,91.2997,91.3462,91.2858,91.3323,924752,4506927
2002-09-11,91.2858,91.309,91.2718,91.3044,571191,4484182
2002-09-12,91.3137,91.3509,91.309,91.3323,790232,4465663
2002-09-13,91.3369,91.3602,91.3183,91.3416,800960,4427981
2002-09-16,91.3323,91.3416,91.323,91.3369,384884,4255298
2002-09-17,91.2951,91.3369,91.2951,91.3369,624519,3890152
2002-09-18,91.3648,91.3694,91.3462,91.3509,589386,3913488
2002-09-19,91.3694,91.4113,91.3694,91.4066,961485,3976262
2002-09-20,91.3927,91.4345,91.3834,91.4252,555012,4008989
2002-09-23,91.4438,91.4531,91.4299,91.4345,543156,4029732
2002-09-24,91.4717,91.5136,91.4392,91.4531,1004381,4102057
2002-09-25,91.4392,91.481,91.4299,91.4345,732605,4115468
2002-09-26,91.4578,91.4717,91.4299,91.4531,709564,4111932
2002-09-27,91.4671,91.5136,91.4578,91.5043,723060,4155890
2002-09-30,91.5136,91.6112,91.5089,91.5973,941290,4209150
2002-10-01,91.5601,91.5973,91.5415,91.5647,738076,4246598
2002-10-02,91.5368,91.5694,91.5229,91.5647,686155,4229470
2002-10-03,91.5787,91.588,91.5368,91.5647,710073,4228568
2002-10-04,91.5694,91.5694,91.4485,91.4996,1338138,4236734
2002-10-07,91.5322,91.5322,91.4857,91.495,509881,4221851
2002-10-08,91.4857,91.4996,91.4485,91.4671,710001,4218399
2002-10-09,91.4857,91.5089,91.4764,91.5043,656835,4278892
2002-10-10,91.495,91.5182,91.4578,91.4717,766030,4295167
2002-10-11,91.4485,91.4764,91.3973,91.402,774335,4223153
2002-10-15,91.3509,91.3602,91.323,91.3276,900386,4138343
2002-10-16,91.3416,91.3648,91.3323,91.3509,784557,4164320
2002-10-17,91.323,91.3741,91.3137,91.3509,972977,4189424
2002-10-18,91.3555,91.3694,91.3323,91.3602,779967,4202560
2002-10-21,91.3555,91.3694,91.3276,91.3323,557660,4219354
2002-10-22,91.3416,91.3462,91.3183,91.3323,708280,4218224
2002-10-23,91.3462,91.4066,91.3416,91.3602,939627,4250955
2002-10-24,91.3694,91.3973,91.3602,91.3927,594539,4252996
2002-10-25,91.3834,91.4671,91.3834,91.4531,766485,4259691
2002-10-28,91.5089,91.5415,91.4903,91.5275,781663,4337388
2002-10-29,91.5461,91.6437,91.5368,91.6112,1118877,4401382
2002-10-30,91.5926,91.6159,91.588,91.6112,915896,4444114
2002-10-31,91.6066,91.6577,91.5787,91.6298,1088647,4517197
2002-11-01,91.6252,91.6484,91.588,91.6298,937627,4515872
2002-11-04,91.6252,91.6298,91.6112,91.6252,446713,4536785
2002-11-05,91.6252,91.6298,91.6112,91.6252,564531,4589960
2002-11-06,91.6205,91.7739,91.6159,91.7135,1125776,4662172
2002-11-07,91.7042,91.7181,91.6809,91.7042,1068883,4708750
2002-11-08,91.7042,91.7088,91.6995,91.7042,628226,4674660
2002-11-12,91.7042,91.7135,91.6995,91.7042,522942,4685972
2002-11-13,91.7042,91.7042,91.6856,91.6902,757387,4640604
2002-11-14,91.6856,91.6902,91.667,91.6716,972605,4656169
2002-11-15,91.653,91.6763,91.6344,91.6716,913074,4562572
2002-11-18,91.6623,91.6693,91.66,91.667,363582,4538448
2002-11-19,91.6693,91.674,91.667,91.667,526282,4507197
2002-11-20,91.6716,91.6763,91.6577,91.6623,579709,4460668
2002-11-21,91.6693,91.6693,91.6484,91.6554,795114,4476572
2002-11-22,91.6647,91.6833,91.6554,91.6554,505584,4462350
2002-11-25,91.6461,91.6879,91.6461,91.6786,407754,4469056
2002-11-26,91.6786,91.7345,91.6693,91.7298,694586,4484024
2002-11-27,91.7019,91.7066,91.6461,91.6554,716178,4455776
2002-11-29,91.6693,91.6972,91.6647,91.6879,235948,4438449
2002-12-02,91.6507,91.6879,91.6321,91.674,807161,4425106
2002-12-03,91.6833,91.6972,91.674,91.674,670632,4384027
2002-12-04,91.6926,91.7112,91.6693,91.6926,656140,4394174
2002-12-05,91.6879,91.7112,91.66,91.7019,712299,4412024
2002-12-06,91.6972,91.7531,91.6972,91.7391,929923,4398438
2002-12-09,91.7438,91.7484,91.7252,91.7438,467754,4373550
2002-12-10,91.7438,91.7531,91.7345,91.7438,461749,4373387
2002-12-11,91.7345,91.7577,91.7345,91.7484,473856,4407478
2002-12-12,91.7531,91.7764,91.7252,91.7577,744991,4450531
2002-12-13,91.7577,91.7764,91.7438,91.7531,517942,4432531
2002-12-16,91.7531,91.7531,91.7345,91.7438,362092,4116746
2002-12-17,91.7438,91.7624,91.7391,91.7577,459152,3722767
2002-12-18,91.7624,91.7996,91.7577,91.7903,513015,3743506
2002-12-19,91.7857,91.8043,91.7764,91.7996,462006,3731556
2002-12-20,91.7903,91.7903,91.781,91.7903,347298,3742733
2002-12-23,91.7903,91.7903,91.7764,91.7903,201286,3745456
2002-12-24,91.7996,91.8089,91.795,91.8043,144149,3752367
2002-12-26,91.8043,91.8182,91.7996,91.8136,108058,3765454
2002-12-27,91.8182,91.8275,91.8182,91.8229,275635,3769129
2002-12-30,91.8182,91.8368,91.8182,91.8322,287989,3778092
2002-12-31,91.8322,91.8555,91.8275,91.8368,257981,3788138
2003-01-02,91.8182,91.8275,91.781,91.795,704345,3812530
2003-01-03,91.781,91.7996,91.7764,91.795,407682,3780226
2003-01-06,91.7903,91.795,91.781,91.7903,566944,3784686
2003-01-07,91.795,91.8043,91.7857,91.795,658381,3847225
2003-01-08,91.7996,91.8229,91.795,91.8089,642423,3876926
2003-01-09,91.795,91.8043,91.7857,91.7903,789523,3881165
2003-01-10,91.7857,91.8229,91.7857,91.8043,1093359,3949836
2003-01-13,91.795,91.8089,91.795,91.8043,494524,3985358
2003-01-14,91.8043,91.8229,91.7996,91.8089,708400,3954258
2003-01-15,91.8136,91.8275,91.8089,91.8136,698671,4010577
2003-01-16,91.8136,91.8229,91.8089,91.8182,699083,4030674
2003-01-17,91.8322,91.8462,91.8275,91.8368,507131,4049383
2003-01-21,91.8415,91.8462,91.8275,91.8415,449784,4084842
2003-01-22,91.8508,91.8648,91.8508,91.8601,553056,4126263
2003-01-23,91.8508,91.8694,91.8462,91.8601,628512,4091069
2003-01-24,91.8694,91.888,91.8648,91.8787,478013,4134694
2003-01-27,91.888,91.888,91.8601,91.8787,508594,4165981
2003-01-28,91.8694,91.8787,91.8601,91.8694,522236,4197313
2003-01-29,91.8648,91.8834,91.8415,91.8462,613508,4250469
2003-01-30,91.8368,91.8508,91.8322,91.8462,673056,4277456
2003-01-31,91.8555,91.8601,91.8368,91.8462,489802,4267221
2003-02-03,91.8462,91.8462,91.8322,91.8415,341073,4284852
2003-02-04,91.8508,91.8555,91.8462,91.8462,507529,4337465
2003-02-05,91.8415,91.8508,91.8368,91.8462,655407,4382646
2003-02-06,91.8508,91.8648,91.8462,91.8508,673556,4426136
2003-02-07,91.8555,91.8555,91.8368,91.8508,970007,4457877
2003-02-10,91.8462,91.8462,91.8368,91.8415,498424,4462196
2003-02-11,91.8322,91.8462,91.8322,91.8415,714767,4507998
2003-02-12,91.8508,91.8508,91.8415,91.8462,682662,4545970
2003-02-13,91.8555,91.8555,91.8462,91.8462,858816,4552512
2003-02-14,91.8508,91.8555,91.8462,91.8462,681071,4534764
2003-02-18,91.8415,91.8438,91.8322,91.8345,487680,4495358
2003-02-19,91.8368,91.8415,91.8345,91.8392,553662,4505005
2003-02-20,91.8368,91.8392,91.8322,91.8392,563121,4521559
2003-02-21,91.8368,91.8392,91.8322,91.8345,552668,4533260
2003-02-24,91.8485,91.8578,91.8299,91.8345,455536,4551814
2003-02-25,91.8531,91.8717,91.8392,91.8438,647501,4581070
2003-02-26,91.8485,91.8531,91.8392,91.8485,553814,4598979
2003-02-27,91.8624,91.8624,91.8299,91.8485,755811,4572246
2003-02-28,91.8531,91.8764,91.8392,91.8717,690222,4624183
2003-03-03,91.8624,91.881,91.8624,91.8717,551192,4622563
2003-03-04,91.881,91.881,91.8717,91.8717,645155,4653498
2003-03-05,91.895,91.9182,91.8903,91.9089,645155,4653498
2003-03-06,91.8996,91.9276,91.8996,91.9136,701971,4684568
2003-03-07,91.9369,92.0113,91.9322,91.9973,1368430,4732598
2003-03-10,92.0438,92.0625,92.0392,92.0485,786267,4713759
2003-03-11,92.0252,92.0392,92.0206,92.0252,697084,4723662
2003-03-12,92.0252,92.0252,91.9787,91.9927,885689,4786331
2003-03-13,91.9322,91.9601,91.8996,91.9043,1421511,4756902
2003-03-14,91.9043,91.9648,91.8996,91.9322,1156575,4716668
2003-03-17,91.9834,91.988,91.9089,91.9276,1107243,4655949
2003-03-18,91.9369,91.9601,91.8717,91.9043,1260648,4293535
2003-03-19,91.8903,91.9136,91.8857,91.9043,883174,4271556
2003-03-20,91.9089,91.9462,91.8857,91.8903,804208,4296789
2003-03-21,91.8903,91.895,91.8392,91.8531,925602,4308453
2003-03-24,91.8857,91.895,91.8764,91.8857,925602,4308453
2003-03-25,91.895,91.9089,91.8764,91.8903,812611,4298498
2003-03-26,91.895,91.9043,91.8857,91.8996,477967,4297941
2003-03-27,91.9229,91.9369,91.9182,91.9229,598726,4323061
2003-03-28,91.9415,91.9648,91.9415,91.9462,480123,4348060
2003-03-31,91.9834,91.9973,91.9601,91.9648,552760,4371838
2003-04-01,91.9787,92.0066,91.9648,91.988,792196,4407913
2003-04-02,91.9648,91.9741,91.9508,91.9741,683729,4405825
2003-04-03,91.9648,91.9927,91.9555,91.9834,817239,4395008
2003-04-04,91.988,92.002,91.9741,91.9834,703805,4404731
2003-04-07,91.9276,91.9276,91.9136,91.9229,712680,4418117
2003-04-08,91.9229,91.9462,91.9229,91.9415,572325,4419748
2003-04-09,91.9555,91.9648,91.9322,91.9601,717905,4453391
2003-04-10,91.9601,91.9648,91.9369,91.9415,624300,4476262
2003-04-11,91.9229,91.9229,91.8717,91.8903,964425,4464127
2003-04-14,91.8578,91.8624,91.8392,91.8438,612369,4447214
2003-04-15,91.8392,91.8578,91.8345,91.8392,650301,4386275
2003-04-16,91.8299,91.8485,91.8252,91.8438,537284,4396016
2003-04-17,91.8485,91.8624,91.8438,91.8438,424888,4391179
2003-04-21,91.8345,91.8438,91.8299,91.8438,369419,4378305
2003-04-22,91.8485,91.8671,91.8392,91.8438,589261,4386870
2003-04-23,91.8392,91.8531,91.8345,91.8485,499629,4405283
2003-04-24,91.8717,91.895,91.8624,91.881,1027830,4487872
2003-04-25,91.8764,91.9229,91.8764,91.9089,931084,4557360
2003-04-28,91.9043,91.9136,91.8903,91.895,573602,4562919
2003-04-29,91.8764,91.8857,91.8531,91.8717,767425,4581364
2003-04-30,91.8717,91.9229,91.8671,91.9136,1116244,4670316
2003-05-01,91.9182,91.9415,91.9136,91.9229,1120255,4705122
2003-05-02,91.9322,91.9369,91.881,91.895,1040367,4734288
2003-05-05,91.8903,91.8996,91.881,91.895,434970,4755993
2003-05-06,91.8903,91.9276,91.8764,91.9229,1015739,4852480
2003-05-07,91.9089,91.9229,91.8903,91.9043,1458541,4922643
2003-05-08,91.9043,91.9043,91.8857,91.895,1256449,4985500
2003-05-09,91.881,91.8903,91.8764,91.8857,689293,4994823
2003-05-12,91.8996,91.9043,91.8857,91.8857,653163,5028820
2003-05-13,91.8857,91.8903,91.8764,91.8857,693112,5045468
2003-05-14,91.8857,91.8996,91.881,91.895,922935,5109036
2003-05-15,91.895,91.8996,91.881,91.8903,998278,5157354
2003-05-16,91.8903,91.9089,91.8903,91.9043,977613,5148755
2003-05-19,91.9299,91.9508,91.9252,91.9392,745805,5219020
2003-05-20,91.9276,91.9834,91.9276,91.981,969413,5241657
2003-05-21,91.9624,91.9624,91.902,91.9043,1250785,5267517
2003-05-22,91.9322,91.9415,91.9043,91.9182,722621,5268960
2003-05-23,91.9229,91.9368,91.9089,91.9136,511196,5290204
2003-05-27,91.9275,91.9322,91.8904,91.9182,761587,5291836
2003-05-28,91.8764,91.8904,91.8625,91.8904,851179,5305960
2003-05-29,91.8857,91.9229,91.8857,91.9182,785845,5356296
2003-05-30,91.9136,91.9182,91.8625,91.895,764357,5423127
2003-06-02,91.8764,91.8764,91.8578,91.8718,867692,5470685
2003-06-03,91.8811,91.9601,91.8671,91.9461,1195046,5513365
2003-06-04,91.9368,91.974,91.9322,91.9647,973072,5542332
2003-06-05,91.974,91.9972,91.9461,91.9554,1186703,5631393
2003-06-06,91.9879,91.9972,91.9229,91.9554,1239113,5649543
2003-06-09,91.9833,92.0019,91.9786,91.9926,610499,5651019
2003-06-10,91.9972,92.0576,91.9972,92.0298,1039958,5704984
2003-06-11,92.053,92.0576,92.0298,92.0437,816618,5731080
2003-06-12,92.0298,92.0855,92.0205,92.0623,911396,5772077
2003-06-13,92.0669,92.1041,92.0623,92.0948,805942,5744657
2003-06-16,92.0948,92.0948,92.0762,92.0809,665914,5617704
2003-06-17,92.0716,92.0762,92.0158,92.0251,1109797,5285191
2003-06-18,92.0158,92.0437,92.0112,92.0391,1095691,5358914
2003-06-19,92.0902,92.0902,92.0716,92.0809,1063342,5465518
2003-06-20,92.0437,92.0576,92.0298,92.0437,779269,5461464
2003-06-23,92.0623,92.0669,92.053,92.0623,469262,5432591
2003-06-24,92.0576,92.0716,92.0576,92.0623,605031,5440284
2003-06-25,92.0762,92.0855,91.9322,91.9415,1348989,5446258
2003-06-26,91.9229,91.9368,91.9136,91.9229,1623837,5346276
2003-06-27,91.9322,91.9415,91.9182,91.9229,998245,5286021
2003-06-30,91.9275,91.9415,91.9229,91.9368,681779,5226105
2003-07-01,91.9368,91.9461,91.9275,91.9368,826265,5198411
2003-07-02,91.9275,91.9415,91.9229,91.9368,656915,5162282
2003-07-03,91.9322,91.9601,91.9229,91.9415,940151,5186426
2003-07-07,91.9322,91.9415,91.9275,91.9368,483884,5183243
2003-07-08,91.9322,91.9368,91.9229,91.9275,644317,5204390
2003-07-09,91.9275,91.9322,91.9229,91.9275,472336,5184840
2003-07-10,91.9322,91.9461,91.9322,91.9415,628474,5207755
2003-07-11,91.9368,91.9508,91.9275,91.9461,500983,5194623
2003-07-14,91.9461,91.9461,91.9368,91.9461,302701,5107390
2003-07-15,91.9368,91.9461,91.9229,91.9275,1330421,5138975
2003-07-16,91.9182,91.9322,91.9136,91.9275,1006825,5139135
2003-07-17,91.9322,91.9322,91.9229,91.9275,836996,5131315
2003-07-18,91.9229,91.9322,91.9229,91.9275,394133,5114584
2003-07-21,91.9229,91.9275,91.9089,91.9182,616182,5126525
2003-07-22,91.9229,91.9322,91.9182,91.9229,907987,5161648
2003-07-23,91.9275,91.9368,91.9229,91.9275,1064955,5240424
2003-07-24,91.9275,91.9322,91.9182,91.9275,721310,5244791
2003-07-25,91.9229,91.9322,91.9229,91.9275,722231,5280290
2003-07-28,91.9229,91.9275,91.9089,91.9182,639831,5318358
2003-07-29,91.9089,91.9275,91.895,91.9043,1347305,5387400
2003-07-30,91.8997,91.9136,91.8997,91.9043,939735,5422443
2003-07-31,91.9089,91.9089,91.8532,91.8625,1943267,5509046
2003-08-01,91.7928,91.8625,91.7881,91.8346,1740346,5616803
2003-08-04,91.8485,91.8578,91.8392,91.8485,1023784,5527298
2003-08-05,91.8485,91.8578,91.8392,91.8485,1305857,5503704
2003-08-06,91.8439,91.8625,91.8439,91.8578,978489,5407363
2003-08-07,91.8671,91.8811,91.8578,91.8718,866602,5378199
2003-08-08,91.8718,91.8857,91.8718,91.8718,811938,5306380
2003-08-11,91.8718,91.8811,91.8671,91.8718,584242,5271080
2003-08-12,91.8718,91.8904,91.8718,91.8764,849068,5276201
2003-08-13,91.8718,91.8718,91.8578,91.8671,978470,5294465
2003-08-14,91.8578,91.8671,91.8532,91.8625,1132452,5288070
2003-08-15,91.8718,91.8764,91.8671,91.8671,378194,5247919
2003-08-18,91.8648,91.8718,91.8602,91.8694,378194,5247919
2003-08-19,91.8671,91.8741,91.8625,91.8694,769850,5192513
2003-08-20,91.8694,91.8741,91.8671,91.8694,740569,5189833
2003-08-21,91.8694,91.8718,91.8462,91.8555,1123765,5215116
2003-08-22,91.8695,91.8881,91.8555,91.8741,867333,5221349
2003-08-25,91.8788,91.8881,91.8555,91.8648,454080,5212872
2003-08-26,91.8462,91.8834,91.8369,91.8788,774631,5217792
2003-08-27,91.8788,91.8927,91.8648,91.8788,563331,5223809
2003-08-28,91.8788,91.9113,91.8788,91.9067,845924,5219366
2003-08-29,91.9067,91.9067,91.8834,91.902,452175,5195521
2003-09-02,91.8695,91.8927,91.8602,91.8695,778427,5226399
2003-09-03,91.8741,91.8834,91.8695,91.8741,627620,5250659
2003-09-04,91.8788,91.916,91.8788,91.8974,958574,5258059
2003-09-05,91.9113,91.9532,91.8974,91.9486,1534839,5254129
2003-09-08,91.9393,91.9579,91.93,91.9486,1534839,5254129
2003-09-09,91.9393,91.9532,91.93,91.9486,690328,5223969
2003-09-10,91.9439,91.9579,91.9393,91.9532,938237,5274149
2003-09-11,91.9439,91.9486,91.9346,91.9393,778421,5306179
2003-09-12,91.9393,91.9672,91.9346,91.9439,1178797,5266118
2003-09-15,91.9393,91.9625,91.9346,91.9439,750501,4786398
2003-09-16,91.9393,91.9672,91.9393,91.9532,998470,4785498
2003-09-17,91.9532,91.9672,91.9532,91.9579,825864,4805946
2003-09-18,91.9625,91.9625,91.9486,91.9579,1017414,4859912
2003-09-19,91.9532,91.9625,91.9532,91.9579,545843,4827225
2003-09-22,91.9532,91.9625,91.9532,91.9579,685608,4809574
2003-09-23,91.9579,91.9672,91.9532,91.9579,608723,4833737
2003-09-24,91.9579,91.9718,91.9532,91.9672,608723,4833737
2003-09-25,91.9625,91.9718,91.9579,91.9672,893224,4825432
2003-09-26,91.9718,91.9765,91.9672,91.9718,833932,4884607
2003-09-29,91.9718,91.9765,91.9672,91.9718,359938,4864311
2003-09-30,91.9765,92.0044,91.9718,91.9997,359938,4864311
2003-10-01,91.9951,92.0184,91.9951,92.009,1028917,4909446
2003-10-02,91.9997,92.009,91.9904,92.0044,810289,4913698
2003-10-03,91.9997,91.9997,91.9718,91.9765,1559946,4925869
2003-10-06,91.9811,91.9858,91.9765,91.9811,472549,4892905
2003-10-07,91.9858,91.9858,91.9718,91.9811,507680,4906283
2003-10-08,91.9811,91.9858,91.9765,91.9811,571328,4889292
2003-10-09,91.9811,91.9811,91.9718,91.9765,749664,4884011
2003-10-10,91.9765,91.9811,91.9718,91.9765,513844,4879102
2003-10-14,91.9672,91.9718,91.9532,91.9672,608399,4864571
2003-10-15,91.9579,91.9625,91.9486,91.9579,1089496,4908978
2003-10-16,91.9625,91.9625,91.9113,91.9206,1618081,4952226
2003-10-17,91.9206,91.9346,91.9113,91.9253,1053975,4926621
2003-10-20,91.9067,91.93,91.902,91.9206,769611,4933720
2003-10-21,91.9206,91.9346,91.9206,91.9253,742786,4930260
2003-10-22,91.93,91.9439,91.9253,91.9346,878651,4965302
2003-10-23,91.9486,91.9532,91.93,91.9393,759259,4946757
2003-10-24,91.9439,91.9579,91.9439,91.9532,555545,4952086
2003-10-27,91.9486,91.9486,91.9393,91.9486,528852,4965472
2003-10-28,91.9393,91.9625,91.93,91.9579,1246148,5001332
2003-10-29,91.9579,91.9625,91.9486,91.9532,925528,5003515
2003-10-30,91.9532,91.9579,91.9393,91.9486,1113265,5044559
2003-10-31,91.9532,91.9579,91.9486,91.9486,704003,5027419
2003-11-03,91.9439,91.9486,91.9393,91.9486,635618,5010722
2003-11-04,91.9439,91.9532,91.9439,91.9486,546564,5026378
2003-11-05,91.9439,91.9486,91.9393,91.9439,646680,5013021
2003-11-06,91.9346,91.9439,91.9253,91.9346,1127227,5011516
2003-11-07,91.93,91.9346,91.9113,91.9346,1503766,5084879
2003-11-10,91.93,91.9346,91.93,91.9346,455118,5059879
2003-11-12,91.9346,91.9393,91.9346,91.9346,706467,5061846
2003-11-13,91.9346,91.9486,91.9346,91.9439,1272746,5076291
2003-11-14,91.9439,91.9532,91.9439,91.9486,1225235,5020861
2003-11-17,91.9532,91.9555,91.9509,91.9532,829333,4990748
2003-11-18,91.9532,91.9532,91.9439,91.9509,897566,5003190
2003-11-19,91.9532,91.9555,91.9509,91.9509,834633,5007277
2003-11-20,91.9555,91.9672,91.9532,91.9602,765675,4993564
2003-11-21,91.9648,91.9672,91.9625,91.9625,430487,4984715
2003-11-24,91.9485,91.9485,91.9206,91.9299,543476,4961106
2003-11-25,91.9206,91.9439,91.9066,91.9392,689207,5013753
2003-11-26,91.9346,91.9439,91.9066,91.9113,748161,5027305
2003-11-28,91.8787,91.888,91.8694,91.874,351245,5100938
2003-12-01,91.8554,91.8787,91.8321,91.8554,1004220,5147493
2003-12-02,91.8461,91.8647,91.8461,91.8554,736582,5170497
2003-12-03,91.8647,91.874,91.8554,91.8554,832780,5148053
2003-12-04,91.8507,91.9113,91.8507,91.8973,1019887,5161139
2003-12-05,91.9113,91.9858,91.9066,91.9718,1822710,5252250
2003-12-08,91.9672,91.9718,91.9485,91.9579,813333,5203120
2003-12-09,91.9532,92.0044,91.9439,91.9485,1153254,5208172
2003-12-10,91.9579,91.9718,91.9532,91.9625,836632,5193801
2003-12-11,91.9579,92.0138,91.9485,92.0044,1147657,5248935
2003-12-12,91.9998,92.0231,91.9858,91.9951,1140728,5168427
2003-12-15,91.9858,92.0044,91.9765,91.9951,645255,4656707
2003-12-16,91.9998,92.0138,91.9951,91.9998,614586,4641846
2003-12-17,92.0091,92.0138,92.0044,92.0091,616854,4643618
2003-12-18,92.0138,92.0138,91.9998,92.0091,677980,4652398
2003-12-19,92.0091,92.0091,91.9951,92.0044,658442,4665565
2003-12-22,92.0091,92.0184,91.9998,92.0044,318392,4684270
2003-12-23,92.0138,92.0138,91.9951,91.9998,399557,4685668
2003-12-24,92.0044,92.0138,91.9998,92.0091,232966,4692903
2003-12-26,92.0138,92.0231,92.0091,92.0184,110169,4692994
2003-12-29,92.0184,92.0231,92.0138,92.0184,282014,4721554
2003-12-30,92.0184,92.0277,92.0138,92.0184,414488,4752893
2003-12-31,92.0277,92.0277,92.0138,92.0184,187840,4770643
2004-01-02,92.0184,92.0231,91.9951,92.0044,490956,4811749
2004-01-05,92.0138,92.0184,92.0044,92.0091,757799,4836315
2004-01-06,92.0231,92.037,92.0231,92.0277,992412,4894589
2004-01-07,92.0231,92.037,92.0231,92.0324,735315,4954483
2004-01-08,92.0324,92.037,92.0277,92.0324,668026,4968227
2004-01-09,92.037,92.0836,92.0324,92.0696,1836778,5057519
2004-01-12,92.0836,92.0836,92.0696,92.0743,1192372,5075468
2004-01-13,92.079,92.0836,92.0743,92.079,794878,5131770
2004-01-14,92.0836,92.0836,92.0743,92.079,846389,5137277
2004-01-15,92.0836,92.0836,92.0696,92.079,1222897,5154961
2004-01-16,92.0836,92.0836,92.0743,92.079,754811,5135064
2004-01-20,92.079,92.079,92.0743,92.079,514785,5098220
2004-01-21,92.0836,92.0836,92.079,92.079,517522,5130760
2004-01-22,92.0836,92.0883,92.079,92.079,996022,5216714
2004-01-23,92.0836,92.0883,92.079,92.079,1041295,5281069
2004-01-26,92.0836,92.0883,92.079,92.079,750836,5276597
2004-01-27,92.0836,92.0836,92.079,92.079,802891,5345501
2004-01-28,92.0836,92.0883,92.0557,92.0603,1506690,5408819
2004-01-29,92.0464,92.0557,92.037,92.0557,1615793,5336413
2004-01-30,92.0557,92.065,92.0464,92.0603,791446,5356310
2004-02-02,92.0603,92.0743,92.0603,92.0696,570704,5363896
2004-02-03,92.0836,92.0836,92.079,92.079,660130,5375781
2004-02-04,92.0836,92.0836,92.0743,92.079,649915,5376557
2004-02-05,92.079,92.0836,92.065,92.0696,1046390,5439404
2004-02-06,92.0696,92.0883,92.0603,92.079,1395705,5521872
2004-02-09,92.0836,92.0836,92.0743,92.079,474623,5535183
2004-02-10,92.0743,92.079,92.0696,92.079,604092,5543075
2004-02-11,92.0696,92.0976,92.0696,92.0929,1445608,5644603
2004-02-12,92.0929,92.0976,92.0929,92.0929,671037,5629928
2004-02-13,92.0976,92.1069,92.0976,92.0976,595863,5604868
2004-02-17,92.1023,92.1046,92.0999,92.0999,385819,5611177
2004-02-18,92.1023,92.1069,92.1023,92.1023,733443,5644060
2004-02-19,92.1046,92.1046,92.0999,92.1023,709431,5678809
2004-02-20,92.1023,92.1046,92.0976,92.0999,732433,5707396
2004-02-23,92.0953,92.1279,92.0953,92.1233,543466,5772944
2004-02-24,92.1279,92.1466,92.1279,92.1279,615872,5824955
2004-02-25,92.1326,92.1419,92.1233,92.1326,600399,5872215
2004-02-26,92.1279,92.1372,92.1186,92.1279,650988,5843002
2004-02-27,92.1372,92.1466,92.1279,92.1279,479478,5868585
2004-03-01,92.1279,92.1419,92.1186,92.1279,722711,5992892
2004-03-02,92.1233,92.1233,92.0953,92.0999,923892,5935902
2004-03-03,92.0906,92.0999,92.072,92.0953,980698,5946102
2004-03-04,92.0859,92.1139,92.0859,92.1046,737662,5906034
2004-03-05,92.0999,92.1885,92.0906,92.1699,1771362,6016584
2004-03-08,92.1792,92.1885,92.1746,92.1792,901985,6013063
2004-03-09,92.1792,92.1839,92.1699,92.1792,1021736,6039977
2004-03-10,92.1792,92.1792,92.1652,92.1699,890686,6015101
2004-03-11,92.1839,92.1885,92.1606,92.1699,1045756,6002896
2004-03-12,92.1792,92.1839,92.1699,92.1746,701458,5902902
2004-03-15,92.1792,92.1792,92.1652,92.1699,794581,5258475
2004-03-16,92.1699,92.1932,92.1512,92.1885,898375,5297360
2004-03-17,92.1885,92.1979,92.1885,92.1932,747930,5347589
2004-03-18,92.1885,92.2025,92.1839,92.1932,688505,5320213
2004-03-19,92.1885,92.1979,92.1839,92.1932,366691,5320849
2004-03-22,92.1979,92.1979,92.1932,92.1932,393015,5356525
2004-03-23,92.1932,92.1979,92.1932,92.1932,389399,5398896
2004-03-24,92.1979,92.2025,92.1932,92.1979,506701,5419034
2004-03-25,92.1979,92.2025,92.1932,92.1979,490014,5433007
2004-03-26,92.1979,92.2025,92.1839,92.1932,763240,5427439
2004-03-29,92.1839,92.1932,92.1792,92.1839,745247,5324929
2004-03-30,92.1885,92.1932,92.1792,92.1839,535612,5299293
2004-03-31,92.1839,92.1885,92.1746,92.1839,603632,5291850
2004-04-01,92.1839,92.1885,92.1699,92.1746,849169,5346337
2004-04-02,92.1606,92.1699,92.044,92.1093,1932314,5401970
2004-04-05,92.0999,92.1046,92.0953,92.1046,1166976,5465175
2004-04-06,92.1279,92.1279,92.1186,92.1233,666526,5450160
2004-04-07,92.1372,92.1372,92.1233,92.1279,666293,5478473
2004-04-08,92.1279,92.1372,92.1233,92.1326,502179,5479244
2004-04-12,92.1279,92.1279,92.1233,92.1279,382796,5525434
2004-04-13,92.1186,92.1186,92.0999,92.1093,940939,5581490
2004-04-14,92.0906,92.0953,92.044,92.0486,1573722,5684045
2004-04-15,92.058,92.0673,92.044,92.0626,949872,5666714
2004-04-16,92.0859,92.1093,92.0813,92.0953,816465,5609446
2004-04-19,92.1046,92.1046,92.0906,92.0906,531342,5629363
2004-04-20,92.0906,92.0953,92.0813,92.0859,739149,5570400
2004-04-21,92.0207,92.072,92.0207,92.0533,1433190,5735311
2004-04-22,92.044,92.072,92.0393,92.0626,773107,5725699
2004-04-23,92.072,92.072,92.0346,92.0393,1030158,5762667
2004-04-26,92.0346,92.044,92.03,92.0393,561358,5772675
2004-04-27,92.044,92.0486,92.0346,92.044,660063,5761788
2004-04-28,92.0393,92.044,92.0346,92.0393,633962,5753779
2004-04-29,92.0113,92.044,92.0113,92.0253,1067912,5828498
2004-04-30,92.0207,92.044,92.0207,92.0346,689932,5809765
2004-05-03,92.0253,92.044,92.0207,92.0346,464573,5790940
2004-05-04,92.0346,92.0626,92.0207,92.0346,902570,5870141
2004-05-05,92.044,92.0533,92.0113,92.0207,790007,5912192
2004-05-06,92.0207,92.0253,91.988,92.002,1014231,5910343
2004-05-07,91.9973,92.0346,91.8854,91.8994,2080941,6099644
2004-05-10,91.9134,91.9227,91.9041,91.9087,803441,6087739
2004-05-11,91.918,91.9227,91.9087,91.918,637204,6116082
2004-05-12,91.9227,91.932,91.918,91.9227,730779,6110044
2004-05-13,91.8994,91.9134,91.8901,91.9041,728983,6137342
2004-05-14,91.8947,91.9227,91.8714,91.918,1064712,6130579
2004-05-17,91.932,91.9414,91.9297,91.9344,780880,6131775
2004-05-18,91.918,91.9227,91.9111,91.918,548414,6118091
2004-05-19,91.9087,91.918,91.9041,91.9111,639183,6140294
2004-05-20,91.9157,91.9274,91.9157,91.925,524563,6145285
2004-05-21,91.932,91.9344,91.9204,91.925,589039,6141630
2004-05-24,91.9438,91.9438,91.925,91.9391,332677,6156206
2004-05-25,91.9532,91.9626,91.9344,91.9391,566198,6147599
2004-05-26,91.9672,91.986,91.9626,91.9813,626399,6102511
2004-05-27,91.9672,92.0329,91.9672,92.0282,1057327,6026115
2004-05-28,91.9954,92.0188,91.9579,91.9672,666139,6012961
2004-06-01,91.9579,91.9672,91.9157,91.9438,853575,6093887
2004-06-02,91.925,91.9391,91.8969,91.9063,759595,6160994
2004-06-03,91.9016,91.9204,91.8875,91.9016,764553,6198734
2004-06-04,91.8782,91.911,91.8031,91.8594,862271,6337599
2004-06-07,91.8547,91.8828,91.8453,91.8782,552410,6328250
2004-06-08,91.8688,91.8875,91.8407,91.8641,759550,6418136
2004-06-09,91.8313,91.8313,91.775,91.8078,796461,6474158
2004-06-10,91.7797,91.7844,91.7516,91.775,645385,6439448
2004-06-14,91.6765,91.7,91.6625,91.6672,689017,5739573
2004-06-15,91.6812,91.7985,91.6765,91.7656,1108690,5831765
2004-06-16,91.775,91.7797,91.7422,91.7656,807206,5828979
2004-06-17,91.7609,91.8031,91.7281,91.7985,739029,5901730
2004-06-18,91.8125,91.8172,91.7891,91.8031,424025,5909944
2004-06-21,91.8172,91.8407,91.8031,91.8313,321163,5890855
2004-06-22,91.8172,91.8266,91.8031,91.8266,418835,5967095
2004-06-23,91.8172,91.8313,91.8125,91.8266,343128,5962480
2004-06-24,91.8407,91.8735,91.836,91.8453,699428,6028484
2004-06-25,91.8594,91.8641,91.836,91.8407,384223,5978521
2004-06-28,91.85,91.85,91.7797,91.7891,600531,6041654
2004-06-29,91.7938,91.8078,91.7656,91.7985,641865,6112250
2004-06-30,91.8078,91.8969,91.7985,91.8782,713648,6123051
2004-07-01,91.8735,91.9063,91.8641,91.9016,943245,6070554
2004-07-02,91.8735,91.9766,91.8641,91.9485,1131661,6009471
2004-07-06,91.9532,91.9626,91.9391,91.9532,471439,6002844
2004-07-07,91.9485,91.9719,91.9391,91.9579,350193,5987624
2004-07-08,91.9485,91.9719,91.9297,91.9626,386875,5960241
2004-07-09,91.9672,91.9766,91.9579,91.9672,315492,5964032
2004-07-12,91.9719,91.986,91.9672,91.9719,284187,5958792
2004-07-13,91.9579,91.9626,91.9438,91.9579,388363,6002529
2004-07-14,91.9626,91.9672,91.9485,91.9579,397059,6013000
2004-07-15,91.9626,91.9719,91.9438,91.9579,397059,6013000
2004-07-16,91.9532,91.9907,91.9485,91.986,734602,6036525
2004-07-19,91.9907,92.0001,91.986,91.9907,349315,6035024
2004-07-20,91.9813,91.9954,91.9485,91.9532,466906,5994079
2004-07-21,91.9391,91.9438,91.9204,91.9344,749827,6003146
2004-07-22,91.9485,91.9532,91.9344,91.9438,420974,5985911
2004-07-23,91.9485,91.9579,91.9438,91.9485,228745,5969339
2004-07-26,91.9485,91.9485,91.925,91.9344,325545,6033134
2004-07-27,91.9204,91.9344,91.9063,91.911,583601,6089637
2004-07-28,91.9016,91.925,91.9016,91.9157,542553,6138197
2004-07-29,91.9157,91.9344,91.9063,91.925,464561,6152310
2004-07-30,91.925,91.9579,91.9204,91.9532,600158,6159789
2004-08-02,91.9672,91.9766,91.9579,91.9719,410883,6165171
2004-08-03,91.9626,91.9813,91.9579,91.9719,376387,6174279
2004-08-04,91.9766,91.9907,91.9672,91.9719,512435,6235142
2004-08-05,91.9813,91.9907,91.9766,91.9813,364106,6196973
2004-08-06,92.0001,92.1079,91.9813,92.061,1062232,6191538
2004-08-09,92.0563,92.061,92.0469,92.0516,434101,6169049
2004-08-10,92.0516,92.061,92.0141,92.0188,659425,6196008
2004-08-11,92.0188,92.0235,92.0141,92.0188,391799,6222400
2004-08-12,92.0188,92.0188,92.0001,92.0094,486893,6273699
2004-08-13,92.0141,92.0235,92.0048,92.0141,436919,6214526
2004-08-16,92.0118,92.0141,91.9977,92.0048,344628,6196725
2004-08-17,92.0001,92.0212,91.9977,92.0188,349531,6188781
2004-08-18,92.0305,92.0352,92.0165,92.0212,547793,6285957
2004-08-19,92.0212,92.0235,92.0165,92.0212,308292,6290514
2004-08-20,92.0235,92.0259,92.0141,92.0141,254601,6269265
2004-08-23,91.9953,92.0,91.9718,91.9812,239527,6212044
2004-08-24,91.9577,91.9765,91.9389,91.9718,357546,6223154
2004-08-25,91.953,91.9953,91.9483,91.9671,394305,6274419
2004-08-26,91.9577,91.9812,91.9483,91.9718,295413,6230935
2004-08-27,91.9859,91.9906,91.9671,91.9765,267823,6302113
2004-08-30,91.9765,92.0,91.9765,91.9859,150857,6301730
2004-08-31,91.9859,92.0376,91.9812,92.0141,460841,6384664
2004-09-01,92.0376,92.0471,91.9953,92.0329,433455,6441338
2004-09-02,92.0235,92.0282,91.9859,91.9906,450910,6421879
2004-09-03,91.9906,92.0047,91.8777,91.8824,688504,6443635
2004-09-07,91.8871,91.8966,91.8777,91.8919,406110,6393530
2004-09-08,91.8777,91.9436,91.8636,91.9389,722548,6352357
2004-09-09,91.9577,91.9624,91.9248,91.9389,609196,6352538
2004-09-10,91.953,91.9953,91.9436,91.9812,852357,6350273
2004-09-13,91.9765,91.9953,91.9718,91.9812,477624,5679095
2004-09-14,92.0,92.0047,91.9765,92.0,617071,5691013
2004-09-15,91.9953,91.9953,91.9812,91.9906,452613,5704218
2004-09-16,91.9859,92.0282,91.9765,92.0141,681581,5822175
2004-09-17,92.0235,92.0235,91.9718,91.9765,458045,5746587
2004-09-20,91.9718,91.9906,91.9718,91.9812,363693,5764766
2004-09-21,91.9765,91.9765,91.9389,91.9577,481874,5742955
2004-09-22,91.9624,91.9624,91.9342,91.9483,496044,5752174
2004-09-23,91.9577,91.9718,91.9201,91.9295,590383,5792787
2004-09-24,91.9154,91.9201,91.8824,91.8966,549581,5731852
2004-09-27,91.8966,91.9154,91.8919,91.8966,333382,5696656
2004-09-28,91.9107,91.9201,91.9013,91.9107,415815,5765585
2004-09-29,91.8919,91.9013,91.8824,91.8919,484068,5772487
2004-09-30,91.8919,91.9013,91.8683,91.8919,457068,5783334
2004-10-01,91.8777,91.9013,91.873,91.8919,543186,5786465
2004-10-04,91.873,91.8824,91.8683,91.8777,360621,5747169
2004-10-05,91.8777,91.8871,91.873,91.8777,381522,5756274
2004-10-06,91.8777,91.8824,91.8636,91.8683,349883,5768985
2004-10-07,91.8636,91.873,91.8542,91.8683,508662,5772400
2004-10-08,91.873,91.9154,91.8683,91.9107,514437,5858130
2004-10-12,91.9295,91.9436,91.9248,91.9248,311281,5879202
2004-10-13,91.906,91.953,91.906,91.9389,374032,5947350
2004-10-14,91.9483,91.9577,91.9389,91.953,357530,5979193
2004-10-15,91.953,91.9577,91.9295,91.9483,472382,6006419
2004-10-18,91.9483,91.953,91.9389,91.9436,198322,6025546
2004-10-19,91.9295,91.9342,91.906,91.9342,380483,5984630
2004-10-20,91.9389,91.9483,91.9342,91.9389,309304,6022549
2004-10-21,91.9436,91.953,91.9154,91.9201,319565,6064220
2004-10-22,91.9107,91.9248,91.9107,91.9201,267712,6068650
2004-10-25,91.9389,91.9436,91.9201,91.9201,253028,6105475
2004-10-26,91.9107,91.9248,91.9107,91.9154,230466,6178974
2004-10-27,91.9154,91.9154,91.8636,91.8777,470897,6168828
2004-10-28,91.8683,91.8777,91.8589,91.873,412865,6180046
2004-10-29,91.8589,91.8824,91.8495,91.873,320737,6164648
2004-11-01,91.8589,91.873,91.8495,91.8542,345661,6209382
2004-11-02,91.8495,91.8589,91.8448,91.8542,300847,6198336
2004-11-03,91.8401,91.8636,91.8354,91.8589,361268,6268097
2004-11-04,91.8589,91.8683,91.8542,91.8589,347119,6295921
2004-11-05,91.8495,91.8542,91.7461,91.7837,712007,6426561
2004-11-08,91.7696,91.7743,91.7602,91.7696,392980,6399045
2004-11-09,91.7743,91.779,91.7649,91.7696,251250,6418403
2004-11-10,91.7649,91.779,91.7649,91.7696,391650,6451060
2004-11-12,91.7743,91.779,91.7696,91.7743,239393,6384160
2004-11-15,91.7743,91.7766,91.7625,91.7649,279075,6485813
2004-11-16,91.7625,91.7649,91.7367,91.7508,402202,6588033
2004-11-17,91.739,91.7555,91.739,91.7531,442731,6645568
2004-11-18,91.7461,91.7508,91.7414,91.7484,289477,6619605
2004-11-19,91.7484,91.7531,91.7225,91.739,532334,6697483
2004-11-22,91.7296,91.7343,91.7201,91.7296,314855,6686241
2004-11-23,91.7154,91.7485,91.7107,91.7201,345133,6721600
2004-11-24,91.7201,91.7296,91.706,91.7201,237333,6735659
2004-11-26,91.7107,91.7248,91.706,91.7201,113501,6781846
2004-11-29,91.7343,91.7343,91.6918,91.7012,390431,6818688
2004-11-30,91.7107,91.7248,91.6965,91.7107,504932,6848975
2004-12-01,91.7296,91.7437,91.7154,91.7248,482494,6872890
2004-12-02,91.706,91.7201,91.6965,91.7154,604192,6901057
2004-12-03,91.7154,91.8429,91.7107,91.7721,736618,6930743
2004-12-06,91.7768,91.7862,91.7673,91.7721,245863,7014616
2004-12-07,91.7673,91.7721,91.7485,91.7673,278955,6959343
2004-12-08,91.7485,91.791,91.7485,91.7721,356713,7012318
2004-12-09,91.7673,91.7862,91.7626,91.7673,397792,7066935
2004-12-10,91.7673,91.7721,91.7343,91.7485,365910,6912577
2004-12-13,91.7437,91.7485,91.7012,91.7201,318178,6243422
2004-12-14,91.706,91.7248,91.6965,91.7201,381506,6328083
2004-12-15,91.7201,91.7248,91.7107,91.7201,291049,6348283
2004-12-16,91.7201,91.7248,91.6965,91.706,299959,6428100
2004-12-17,91.706,91.706,91.6823,91.6871,265755,6461094
2004-12-20,91.6918,91.7012,91.6682,91.6729,157621,6503948
2004-12-21,91.6776,91.6823,91.6729,91.6776,205920,6541563
2004-12-22,91.6776,91.6871,91.6729,91.6823,169840,6548994
2004-12-23,91.6918,91.706,91.6871,91.7012,177466,6569238
2004-12-27,91.6965,91.7012,91.6823,91.6918,101913,6597808
2004-12-28,91.6871,91.6965,91.6776,91.6918,166745,6626943
2004-12-29,91.6918,91.6965,91.6823,91.6918,155960,6655615
2004-12-30,91.6871,91.6965,91.6776,91.6918,160176,6655586
2004-12-31,91.6918,91.706,91.6871,91.6965,160176,6655586
2005-01-03,91.6823,91.706,91.6776,91.6918,222101,6662301
2005-01-04,91.6918,91.6965,91.6635,91.6682,310628,6781109
2005-01-05,91.654,91.6635,91.6446,91.6587,389726,6863329
2005-01-06,91.6493,91.6729,91.6446,91.6682,524707,6898257
2005-01-07,91.6682,91.6965,91.654,91.6587,558344,7062495
2005-01-10,91.654,91.654,91.6351,91.6446,310550,7081570
2005-01-11,91.6398,91.6493,91.6351,91.6446,389461,7163292
2005-01-12,91.6398,91.6493,91.6398,91.6446,360048,7204617
2005-01-13,91.6446,91.654,91.6398,91.6446,244499,7182223
2005-01-14,91.6351,91.6446,91.6257,91.6351,253819,7082391
2005-01-18,91.6304,91.6398,91.6257,91.6304,312800,7140460
2005-01-19,91.6351,91.6351,91.6257,91.6304,295160,7231301
2005-01-20,91.6351,91.6446,91.6304,91.6304,389780,7225212
2005-01-21,91.6398,91.654,91.6351,91.6493,438734,7275756
2005-01-24,91.6493,91.6493,91.6422,91.6446,303630,7261974
2005-01-25,91.6398,91.6446,91.6304,91.6398,360198,7326266
2005-01-26,91.6351,91.6398,91.6304,91.6351,267977,7327300
2005-01-27,91.6304,91.6351,91.6257,91.6351,324501,7397702
2005-01-28,91.6304,91.6398,91.6304,91.6351,377202,7503033
2005-01-31,91.6257,91.6304,91.6162,91.6257,329940,7519397
2005-02-01,91.6257,91.6351,91.621,91.6304,331764,7573472
2005-02-02,91.6257,91.6304,91.621,91.621,289130,7572144
2005-02-03,91.6257,91.6304,91.6162,91.6257,329746,7616264
2005-02-04,91.6304,91.6398,91.621,91.6304,463357,7680170
2005-02-07,91.6304,91.6351,91.6257,91.6304,277509,7664490
2005-02-08,91.6257,91.6304,91.6257,91.6304,349888,7722120
2005-02-09,91.6304,91.6398,91.6257,91.6351,458609,7780134
2005-02-10,91.6398,91.6398,91.6304,91.6351,380548,7733388
2005-02-11,91.6304,91.6351,91.6257,91.6304,327026,7694355
2005-02-14,91.628,91.628,91.621,91.6233,260069,7725195
2005-02-15,91.621,91.6233,91.621,91.6233,267825,7745755
2005-02-16,91.6257,91.628,91.6115,91.6115,529355,7906532
2005-02-17,91.6139,91.6257,91.6068,91.6233,336372,7908150
2005-02-18,91.6186,91.6186,91.6068,91.6139,370217,7975767
2005-02-22,91.5997,91.6186,91.5997,91.6091,240946,7994628
2005-02-23,91.6091,91.6328,91.5949,91.6091,329335,8151610
2005-02-24,91.6091,91.6139,91.5902,91.5949,380675,8215112
2005-02-25,91.5902,91.5997,91.5759,91.5854,360383,8297842
2005-02-28,91.5807,91.5854,91.5522,91.5617,387979,8354272
2005-03-01,91.5617,91.5759,91.5475,91.5617,491049,8314107
2005-03-02,91.557,91.5854,91.557,91.5759,404406,8319646
2005-03-03,91.5759,91.5997,91.5712,91.5759,403429,8287147
2005-03-04,91.5854,91.6139,91.5807,91.5854,416459,8399936
2005-03-07,91.5807,91.5949,91.5759,91.5854,284914,8416276
2005-03-08,91.5759,91.5854,91.5617,91.5807,438252,8471252
2005-03-09,91.557,91.5665,91.5522,91.5617,433607,8631676
2005-03-10,91.5522,91.5665,91.5427,91.5617,507680,8553456
2005-03-11,91.557,91.557,91.5333,91.538,445525,8359700
2005-03-14,91.5238,91.5333,91.519,91.5238,345159,7660072
2005-03-15,91.5285,91.5333,91.5048,91.5096,450523,7682587
2005-03-16,91.5048,91.538,91.5048,91.5143,479445,7771487
2005-03-17,91.538,91.5475,91.5285,91.5333,342257,7827295
2005-03-18,91.5238,91.5333,91.5238,91.5285,198531,7832207
2005-03-21,91.519,91.5238,91.5096,91.5143,172668,7859191
2005-03-22,91.519,91.5333,91.4716,91.4811,340217,8073726
2005-03-23,91.4764,91.4811,91.4242,91.4764,616371,8021014
2005-03-24,91.4764,91.4906,91.4716,91.4811,261206,7966000
2005-03-28,91.4669,91.4764,91.4621,91.4716,196617,7962409
2005-03-29,91.4811,91.4811,91.4716,91.4764,300331,8023087
2005-03-30,91.4811,91.4858,91.4716,91.4811,383262,8089955
2005-03-31,91.4811,91.5143,91.4811,91.5048,431842,8204617
2005-04-01,91.5096,91.5475,91.5096,91.538,433319,8345922
2005-04-04,91.5333,91.538,91.5285,91.5333,226181,8304490
2005-04-05,91.5285,91.538,91.5238,91.5285,234205,8257196
2005-04-06,91.5333,91.5475,91.5333,91.538,384695,8252269
2005-04-07,91.5427,91.557,91.538,91.538,393420,8205848
2005-04-08,91.5285,91.538,91.5238,91.5333,306641,8139012
2005-04-11,91.5285,91.5333,91.5238,91.5285,158817,8148667
2005-04-12,91.5238,91.538,91.5096,91.5285,410084,8223516
2005-04-13,91.538,91.557,91.538,91.5522,573844,8172651
2005-04-14,91.5617,91.5854,91.557,91.5807,840301,8129697
2005-04-15,91.6186,91.6328,91.5949,91.6186,587633,8030754
2005-04-18,91.6423,91.6471,91.6234,91.6328,297765,8030025
2005-04-19,91.6139,91.6518,91.6044,91.6471,470898,8082645
2005-04-20,91.6423,91.6423,91.5902,91.6376,499026,8185972
2005-04-21,91.6186,91.6234,91.5902,91.5997,487537,8274433
2005-04-22,91.6091,91.6139,91.5949,91.6044,276967,8274570
2005-04-25,91.6091,91.6091,91.5902,91.5997,268836,8290326
2005-04-26,91.6044,91.6091,91.5807,91.5902,232186,8302013
2005-04-27,91.5902,91.6044,91.5854,91.5949,305236,8435186
2005-04-28,91.6044,91.6234,91.5997,91.6091,392278,8585004
2005-04-29,91.5997,91.6139,91.5902,91.5902,266490,8515014
2005-05-02,91.5902,91.6044,91.5902,91.5902,261120,8498518
2005-05-03,91.5949,91.5997,91.5807,91.5854,282192,8550044
2005-05-04,91.5997,91.6091,91.5949,91.5997,301891,8529148
2005-05-05,91.6044,91.6328,91.6044,91.6186,387160,8602826
2005-05-06,91.6139,91.6186,91.557,91.5665,562395,8583314
2005-05-09,91.5617,91.5665,91.5617,91.5665,260263,8518962
2005-05-10,91.5712,91.5854,91.5712,91.5807,315498,8483004
2005-05-11,91.5854,91.5997,91.5759,91.5807,365334,8459746
2005-05-12,91.5759,91.5854,91.5712,91.5807,314468,8524562
2005-05-13,91.5807,91.5949,91.5807,91.5949,264117,8507960
2005-05-16,91.5902,91.602,91.5878,91.5973,246611,8595162
2005-05-17,91.5902,91.5973,91.5878,91.5925,205082,8634328
2005-05-18,91.5925,91.6091,91.5902,91.5973,246841,8677626
2005-05-19,91.5925,91.5973,91.5878,91.5925,241751,8647530
2005-05-20,91.5925,91.5925,91.5854,91.5878,242596,8626078
2005-05-23,91.5878,91.6306,91.5878,91.6116,214387,8680280
2005-05-24,91.6402,91.6497,91.6116,91.6354,261451,8696410
2005-05-25,91.6449,91.6687,91.6259,91.6449,300606,8729924
2005-05-26,91.6306,91.6402,91.6068,91.6164,331852,8724008
2005-05-27,91.6211,91.6211,91.6021,91.6116,186150,8697962
2005-05-31,91.6354,91.6544,91.6306,91.6402,255816,8795782
2005-06-01,91.6544,91.7544,91.6497,91.6925,580168,9027508
2005-06-02,91.6735,91.6925,91.6687,91.6878,330045,8985442
2005-06-03,91.683,91.7592,91.664,91.6782,611079,9043350
2005-06-06,91.6735,91.6782,91.6544,91.6687,198315,8990792
2005-06-07,91.6973,91.6973,91.6782,91.6878,267925,8953500
2005-06-08,91.6782,91.6782,91.6544,91.664,247600,8795106
2005-06-09,91.6402,91.6449,91.5878,91.6354,384508,8733932
2005-06-10,91.6068,91.6116,91.5688,91.5735,393712,8441760
2005-06-13,91.5783,91.5878,91.5688,91.5735,310071,7377467
2005-06-14,91.583,91.6068,91.5688,91.5735,329199,7409695
2005-06-15,91.583,91.5926,91.5497,91.564,267753,7443452
2005-06-16,91.5735,91.583,91.5592,91.5783,225114,7433874
2005-06-17,91.5783,91.583,91.5688,91.5783,133710,7402561
2005-06-20,91.5783,91.5783,91.564,91.5688,167501,7430103
2005-06-21,91.5592,91.583,91.5592,91.5688,175186,7507371
2005-06-22,91.5878,91.6116,91.583,91.6068,217192,7575374
2005-06-23,91.6021,91.6068,91.583,91.5973,207819,7556313
2005-06-24,91.6021,91.6164,91.5926,91.6116,248177,7595130
2005-06-27,91.6116,91.6116,91.5973,91.6021,114721,7600921
2005-06-28,91.583,91.5926,91.564,91.5735,188490,7560507
2005-06-29,91.5688,91.5783,91.5545,91.5592,296576,7587211
2005-06-30,91.564,91.5735,91.5259,91.5307,305039,7656144
2005-07-01,91.5259,91.5259,91.4926,91.4974,302881,7574707
2005-07-05,91.4831,91.4878,91.4688,91.4736,268680,7560214
2005-07-06,91.4831,91.4878,91.4783,91.4783,231595,7456284
2005-07-07,91.545,91.545,91.5069,91.5212,249905,7439367
2005-07-08,91.4974,91.5116,91.4736,91.4783,203496,7377976
2005-07-11,91.4736,91.4783,91.4545,91.4688,143765,7325096
2005-07-12,91.4688,91.4688,91.4545,91.4545,197756,7330642
2005-07-13,91.4498,91.4545,91.4402,91.445,197211,7368204
2005-07-14,91.4402,91.4545,91.4307,91.445,244952,7345591
2005-07-15,91.445,91.4498,91.4355,91.445,155265,7233658
2005-07-18,91.4402,91.4402,91.426,91.4307,133307,7224929
2005-07-19,91.426,91.4402,91.426,91.4355,243501,7318861
2005-07-20,91.445,91.445,91.4117,91.4355,318141,7364819
2005-07-21,91.4307,91.4402,91.4212,91.426,241104,7399897
2005-07-22,91.4355,91.4402,91.4307,91.4307,193451,7382632
2005-07-25,91.4307,91.4307,91.426,91.426,130043,7406082
2005-07-26,91.426,91.4307,91.4212,91.426,207731,7461846
2005-07-27,91.4307,91.4307,91.4164,91.426,216768,7507329
2005-07-28,91.4212,91.426,91.4164,91.426,261142,7585973
2005-07-29,91.4212,91.4212,91.4069,91.4117,245794,7656502
2005-08-01,91.4022,91.4069,91.3974,91.4069,320825,7705635
2005-08-02,91.4022,91.4069,91.3974,91.4069,242520,7727059
2005-08-03,91.4069,91.4069,91.3974,91.4069,218832,7740378
2005-08-04,91.4022,91.4117,91.4022,91.4069,266229,7749925
2005-08-05,91.4069,91.4069,91.3927,91.3974,315038,7836676
2005-08-08,91.3831,91.3927,91.3831,91.3879,261230,7860103
2005-08-09,91.3784,91.3927,91.3784,91.3879,310427,7869826
2005-08-10,91.3927,91.3927,91.3879,91.3879,203608,7939980
2005-08-11,91.3879,91.3974,91.3879,91.3879,300775,7994653
2005-08-12,91.3879,91.3927,91.3879,91.3879,292563,7947112
2005-08-15,91.3903,91.3927,91.3903,91.3927,182359,8031872
2005-08-16,91.3903,91.395,91.3879,91.3927,252746,8020359
2005-08-17,91.3974,91.3974,91.3927,91.395,251001,8032808
2005-08-18,91.395,91.4022,91.395,91.3998,190630,8065170
2005-08-19,91.4022,91.4046,91.3974,91.3998,263293,8089732
2005-08-22,91.3902,91.4093,91.3711,91.3998,158077,8098563
2005-08-23,91.3902,91.4237,91.3902,91.4141,222634,8143069
2005-08-24,91.4189,91.4475,91.4046,91.4141,252753,8153376
2005-08-25,91.4093,91.4237,91.395,91.4093,195060,8208418
2005-08-26,91.395,91.4046,91.3664,91.3711,287419,8271107
2005-08-29,91.3855,91.3902,91.3616,91.3711,185216,8381231
2005-08-30,91.3711,91.4762,91.3711,91.4714,382532,8518050
2005-08-31,91.4619,91.5955,91.4523,91.5955,589055,8676750
2005-09-01,91.5908,91.7627,91.5908,91.7579,906668,8471944
2005-09-02,91.7865,91.7913,91.6672,91.7149,549684,8371726
2005-09-06,91.6672,91.691,91.6433,91.6576,373961,8296784
2005-09-07,91.6528,91.6528,91.586,91.6003,378447,8220309
2005-09-08,91.6194,91.6337,91.5717,91.586,339014,8280322
2005-09-09,91.6003,91.6146,91.586,91.5908,282321,8277067
2005-09-12,91.5669,91.5765,91.5526,91.5669,304847,8224335
2005-09-13,91.5574,91.6003,91.5574,91.5812,304742,8266773
2005-09-14,91.6003,91.6099,91.5717,91.586,319997,8331754
2005-09-15,91.5955,91.6099,91.5717,91.586,301809,8288390
2005-09-16,91.5717,91.5812,91.5096,91.5096,386501,8170282
2005-09-19,91.5144,91.5526,91.4953,91.5478,286334,7380794
2005-09-20,91.5287,91.5287,91.4523,91.4571,410685,7460909
2005-09-21,91.4905,91.4953,91.4762,91.4762,409782,7613556
2005-09-22,91.5287,91.5287,91.4762,91.4905,232296,7700710
2005-09-23,91.4714,91.4857,91.4332,91.438,240548,7699629
2005-09-26,91.4093,91.4093,91.395,91.4046,270505,7761344
2005-09-27,91.3807,91.3998,91.3616,91.3759,421004,7857468
2005-09-28,91.3664,91.3759,91.352,91.3616,421911,7886673
2005-09-29,91.3759,91.3759,91.3473,91.3568,369091,7948755
2005-09-30,91.3473,91.3473,91.2995,91.3043,389921,7972772
2005-10-03,91.3186,91.3186,91.2661,91.29,340015,8054932
2005-10-04,91.2804,91.3043,91.2804,91.2852,381903,8172516
2005-10-05,91.2948,91.3138,91.2852,91.29,306520,8199449
2005-10-06,91.3043,91.3138,91.2948,91.2948,330103,8207647
2005-10-07,91.2804,91.3091,91.2566,91.2995,240901,8324209
2005-10-11,91.2852,91.2948,91.2757,91.2948,220198,8351996
2005-10-12,91.2757,91.2852,91.2661,91.2804,323926,8409306
2005-10-13,91.2566,91.2757,91.2566,91.2709,399652,8519290
2005-10-14,91.2709,91.29,91.2518,91.2661,542168,8333375
2005-10-17,91.2661,91.2804,91.2613,91.2661,345947,8376473
2005-10-18,91.2661,91.2804,91.2613,91.2661,316338,8426842
2005-10-19,91.2852,91.29,91.2661,91.2661,281739,8515276
2005-10-20,91.2566,91.2709,91.2566,91.2661,237602,8609328
2005-10-21,91.2709,91.29,91.2709,91.2804,478012,8665700
2005-10-24,91.2709,91.2757,91.2566,91.2613,243058,8648458
2005-10-25,91.2566,91.2613,91.2422,91.247,267301,8686852
2005-10-26,91.2231,91.2327,91.2231,91.2279,450089,8755398
2005-10-27,91.2279,91.2327,91.2184,91.2279,308925,8718364
2005-10-28,91.2231,91.2327,91.2088,91.2136,274850,8693084
2005-10-31,91.204,91.2184,91.204,91.2136,296211,8770604
2005-11-01,91.2184,91.2184,91.204,91.2088,374058,8897364
2005-11-02,91.1993,91.2136,91.1993,91.204,295918,8935680
2005-11-03,91.204,91.2088,91.1897,91.1993,579482,8014581
2005-11-04,91.1897,91.204,91.1897,91.1945,359595,9053622
2005-11-07,91.1945,91.1993,91.1945,91.1945,220857,9101506
2005-11-08,91.1945,91.204,91.1945,91.1993,364167,9194734
2005-11-09,91.1993,91.204,91.1849,91.1897,302380,9246998
2005-11-10,91.1945,91.1993,91.1897,91.1945,287432,9244544
2005-11-14,91.1897,91.1897,91.1825,91.1849,178078,9241070
2005-11-15,91.1849,91.1873,91.1778,91.1825,293232,9335484
2005-11-16,91.1802,91.1921,91.1802,91.1873,398139,9366254
2005-11-17,91.1897,91.1969,91.1873,91.1921,581629,9438220
2005-11-18,91.1897,91.1897,91.1825,91.1849,303193,9438982
2005-11-21,91.1873,91.1945,91.1849,91.1897,183062,9471050
2005-11-22,91.1706,91.2998,91.1658,91.2615,457735,9455020
2005-11-23,91.2328,91.2424,91.2136,91.2232,259760,9328164
2005-11-25,91.228,91.252,91.2232,91.2424,58322,9336386
2005-11-28,91.228,91.2567,91.2136,91.2424,277787,9347456
2005-11-29,91.2472,91.2472,91.1801,91.1993,321993,9399440
2005-11-30,91.1993,91.2089,91.1658,91.1706,371507,9534092
2005-12-01,91.1753,91.1993,91.1275,91.1466,475656,9646498
2005-12-02,91.1466,91.1658,91.1418,91.161,259983,9690444
2005-12-05,91.1418,91.1514,91.137,91.1514,207215,9746506
2005-12-06,91.1562,91.2184,91.1562,91.1897,295334,9691226
2005-12-07,91.1849,91.1945,91.1753,91.1849,301664,9644244
2005-12-08,91.1945,91.2232,91.1897,91.2184,295795,9539644
2005-12-09,91.2136,91.2184,91.1849,91.1897,254681,9476208
2005-12-12,91.1897,91.1945,91.161,91.1753,190909,9484378
2005-12-13,91.1753,91.1993,91.1514,91.1753,313390,9477672
2005-12-14,91.1801,91.2136,91.1801,91.2041,281138,9474728
2005-12-15,91.2041,91.2136,91.1753,91.1945,269231,9482010
2005-12-16,91.2089,91.2136,91.2041,91.2041,294008,9421476
2005-12-19,91.1993,91.1993,91.1849,91.1897,181791,8400612
2005-12-20,91.1753,91.1849,91.1706,91.1753,209245,8467968
2005-12-21,91.1706,91.1706,91.1466,91.1562,193214,8521004
2005-12-22,91.1562,91.1801,91.1562,91.1658,193799,8556386
2005-12-23,91.161,91.1897,91.161,91.1849,122749,8505770
2005-12-27,91.1801,91.2041,91.1658,91.1993,154147,8505756
2005-12-28,91.1993,91.2089,91.1849,91.2041,124798,8488552
2005-12-29,91.1993,91.2041,91.1753,91.1897,174665,8501418
2005-12-30,91.1993,91.2041,91.1753,91.1801,104981,8504160
2006-01-03,91.1562,91.228,91.1514,91.2089,352692,8667974
2006-01-04,91.2328,91.2472,91.2184,91.2328,301760,8789794
2006-01-05,91.2328,91.2424,91.2232,91.2328,278108,8901684
2006-01-06,91.2472,91.2711,91.2089,91.2184,322870,8895428
2006-01-09,91.2328,91.2328,91.2089,91.2184,154071,8919178
2006-01-10,91.2136,91.2136,91.1897,91.1945,240200,8909050
2006-01-11,91.1897,91.2041,91.1753,91.1801,211128,8928462
2006-01-12,91.1945,91.1993,91.1849,91.1945,216482,8881754
2006-01-13,91.1945,91.2184,91.1897,91.2136,268607,8902738
2006-01-17,91.2184,91.2232,91.2041,91.2136,334742,8902568
2006-01-18,91.2376,91.2376,91.2089,91.2184,453932,8878196
2006-01-19,91.2136,91.2136,91.1993,91.2041,303844,8740150
2006-01-20,91.2089,91.2136,91.1993,91.2041,370338,8712168
2006-01-23,91.2041,91.2136,91.1993,91.2041,205226,8721238
2006-01-24,91.1993,91.2089,91.1993,91.2041,187907,8717958
2006-01-25,91.1993,91.1993,91.1706,91.1753,306995,8752238
2006-01-26,91.1753,91.1753,91.1562,91.1658,459810,8775806
2006-01-27,91.161,91.1849,91.1466,91.1562,336256,8809064
2006-01-30,91.1418,91.1514,91.1418,91.1418,188593,8898132
2006-01-31,91.1466,91.1562,91.1227,91.1323,250896,9001028
2006-02-01,91.1227,91.1275,91.1035,91.1131,285353,9035638
2006-02-02,91.1179,91.1227,91.1035,91.1131,360787,9062942
2006-02-03,91.1179,91.1275,91.0796,91.1035,398818,9191354
2006-02-06,91.0987,91.0987,91.0844,91.094,184881,9223574
2006-02-07,91.0987,91.0987,91.0844,91.094,212130,9319974
2006-02-08,91.094,91.0987,91.0796,91.0844,222681,9433888
2006-02-09,91.0796,91.0892,91.0748,91.0796,243171,9469444
2006-02-10,91.0796,91.0844,91.07,91.0748,291648,9346896
2006-02-13,91.0676,91.0772,91.0676,91.0748,154990,9496548
2006-02-14,91.0724,91.0724,91.0628,91.07,291417,9590342
2006-02-15,91.0724,91.0772,91.0628,91.0676,384248,9690968
2006-02-16,91.0676,91.0748,91.0652,91.07,302235,9705860
2006-02-17,91.0772,91.0796,91.0748,91.0772,229275,9747770
2006-02-21,91.0748,91.0772,91.07,91.0724,189163,9825046
2006-02-22,91.0532,91.0916,91.0484,91.082,257065,9912416
2006-02-23,91.0772,91.0772,91.058,91.0628,260128,9916758
2006-02-24,91.0772,91.082,91.0628,91.0676,243358,9919618
2006-02-27,91.0676,91.082,91.0628,91.0724,264307,10064543
2006-02-28,91.0772,91.1108,91.0772,91.106,336904,10033891
2006-03-01,91.1108,91.13,91.0724,91.0868,499448,10079147
2006-03-02,91.0916,91.1012,91.058,91.0772,299186,10089014
2006-03-03,91.0724,91.0772,91.0532,91.0676,247512,10098772
2006-03-06,91.058,91.0628,91.0436,91.0484,285796,10180690
2006-03-07,91.0196,91.0436,91.0148,91.034,366670,10190490
2006-03-08,91.034,91.0484,91.0292,91.0436,292281,10196392
2006-03-09,91.0436,91.0532,91.0388,91.0436,244395,10234778
2006-03-10,91.0436,91.0484,90.9956,91.0196,282202,10176810
2006-03-13,91.0004,91.0148,90.9956,91.0052,224493,9199994
2006-03-14,91.0196,91.082,91.0148,91.0724,432278,9285746
2006-03-15,91.0772,91.082,91.0484,91.0628,492045,9248818
2006-03-16,91.0676,91.1588,91.0628,91.1252,477543,9251648
2006-03-17,91.1108,91.1156,91.0916,91.1156,298597,9133708
2006-03-20,91.106,91.1252,91.1012,91.1108,243152,9087796
2006-03-21,91.0916,91.0964,91.0532,91.058,306077,9165424
2006-03-22,91.058,91.0724,91.0484,91.0532,232490,9195200
2006-03-23,91.0724,91.0724,91.034,91.0436,222320,9215740
2006-03-24,91.0436,91.106,91.0436,91.0868,261800,9146342
2006-03-27,91.0868,91.0964,91.0676,91.082,199276,9112934
2006-03-28,91.0676,91.0724,91.01,91.0196,288108,9233062
2006-03-29,91.0052,91.01,90.9908,91.0052,330654,9289508
2006-03-30,91.01,91.01,90.9716,90.9764,353586,9447164
2006-03-31,90.9764,91.0004,90.9621,90.9764,259821,9464042
2006-04-03,90.9525,90.9621,90.9381,90.9525,330490,9528984
2006-04-04,90.9621,90.9812,90.9573,90.9669,199634,9531748
2006-04-05,90.9812,90.9908,90.9764,90.986,302230,9543678
2006-04-06,90.9764,90.9908,90.9621,90.9716,238839,9513844
2006-04-07,90.9621,90.9764,90.9333,90.9381,293400,9581712
2006-04-10,90.9189,90.9237,90.9141,90.9237,122460,9558952
2006-04-11,90.9285,90.9333,90.9237,90.9285,145493,9600388
2006-04-12,90.9381,90.9381,90.9189,90.9237,243859,9632334
2006-04-13,90.9189,90.9189,90.8997,90.8997,241031,9568720
2006-04-17,90.9141,90.9237,90.8997,90.9189,184756,9665172
2006-04-18,90.9285,90.9812,90.9285,90.9764,372315,9713818
2006-04-19,90.986,90.9908,90.9381,90.9621,414360,9718736
2006-04-20,90.9525,90.9621,90.9477,90.9525,246393,9768016
2006-04-21,90.9573,90.9621,90.9333,90.9429,261974,9833434
2006-04-24,90.9429,90.9621,90.9429,90.9525,246478,9850466
2006-04-25,90.9477,90.9525,90.9093,90.9237,268009,9886880
2006-04-26,90.9141,90.9189,90.8901,90.8949,187691,9877818
2006-04-27,90.8661,90.9764,90.8661,90.9621,399377,9809212
2006-04-28,90.9669,91.0004,90.9621,90.9908,288911,9763144
2006-05-01,90.986,90.986,90.9573,90.9669,258267,9772662
2006-05-02,90.9333,90.9621,90.9333,90.9573,263320,9714548
2006-05-03,90.9333,90.9333,90.9189,90.9285,290964,9875604
2006-05-04,90.9141,90.9285,90.9093,90.9285,234152,9936844
2006-05-05,90.9285,90.9669,90.9237,90.9573,224932,9980062
2006-05-08,90.9429,90.9525,90.9333,90.9381,156322,9970584
2006-05-09,90.9381,90.9429,90.9333,90.9381,256427,10052416
2006-05-10,90.9525,90.9669,90.8949,90.9333,321256,10078274
2006-05-11,90.9285,90.9429,90.9285,90.9333,324956,10110880
2006-05-12,90.9333,90.9381,90.9237,90.9285,319118,10011564
2006-05-15,90.9333,90.9381,90.9285,90.9333,203818,10129884
2006-05-16,90.9285,90.9501,90.9285,90.9453,350402,10200844
2006-05-17,90.9429,90.9453,90.9045,90.9165,302014,10272826
2006-05-18,90.9261,90.9381,90.8997,90.9141,412598,10626964
2006-05-19,90.9021,90.9093,90.8853,90.8901,300141,10348522
2006-05-22,90.9141,90.9237,90.8901,90.8901,315208,10296288
2006-05-23,90.8853,90.8949,90.8805,90.8853,242170,10310656
2006-05-24,90.9285,90.9429,90.8949,90.8997,389769,10261548
2006-05-25,90.8949,90.9141,90.8853,90.8949,186960,10246876
2006-05-26,90.8949,90.9141,90.8901,90.9045,126980,10216034
2006-05-30,90.8949,90.9045,90.8805,90.8853,166280,10155382
2006-05-31,90.8901,90.8997,90.8229,90.8277,280579,10207290
2006-06-01,90.8132,90.8373,90.8132,90.8277,394230,10276604
2006-06-02,90.8373,90.9477,90.8373,90.9381,473238,10180132
2006-06-05,90.9429,90.9477,90.8613,90.8613,271985,10141420
2006-06-06,90.8421,90.8613,90.8325,90.8373,314987,10281744
2006-06-07,90.8229,90.8325,90.8132,90.8229,304651,10279554
2006-06-08,90.8277,90.8613,90.8084,90.8277,372251,10300342
2006-06-09,90.8277,90.8373,90.8036,90.8229,228651,10255098
2006-06-12,90.8036,90.8181,90.7988,90.8181,233451,10298524
2006-06-13,90.8277,90.8325,90.8036,90.8132,360856,10319080
2006-06-14,90.7988,90.7988,90.722,90.7268,392284,10430212
2006-06-15,90.6932,90.6932,90.6596,90.6836,369362,10626828
2006-06-16,90.7028,90.7028,90.6692,90.674,315069,10472752
2006-06-19,90.6644,90.6692,90.6452,90.6644,393475,9362798
2006-06-20,90.6692,90.6692,90.65,90.6596,279399,9400264
2006-06-21,90.6596,90.6644,90.65,90.6548,230612,9521582
2006-06-22,90.6452,90.6452,90.6116,90.6212,258154,9576870
2006-06-23,90.6212,90.6308,90.5876,90.5972,232361,9556994
2006-06-26,90.5972,90.5972,90.5828,90.5876,150667,9599158
2006-06-27,90.5972,90.6164,90.5924,90.602,214623,9602898
2006-06-28,90.6116,90.6116,90.5876,90.5924,245218,9606382
2006-06-29,90.5972,90.6596,90.5924,90.6548,330243,9560912
2006-06-30,90.65,90.6836,90.6452,90.6788,261204,9516802
2006-07-03,90.6596,90.6644,90.6548,90.6596,118498,9525106
2006-07-05,90.6068,90.6212,90.5876,90.602,190680,9570988
2006-07-06,90.6068,90.6308,90.6068,90.6116,154719,9504222
2006-07-07,90.6164,90.6788,90.6164,90.6452,241826,9508664
2006-07-10,90.626,90.6452,90.626,90.6452,97062,9543860
2006-07-11,90.65,90.6692,90.65,90.6548,156082,9541048
2006-07-12,90.6404,90.6548,90.6356,90.6548,166057,9610892
2006-07-13,90.6692,90.698,90.6596,90.6932,275934,9582916
2006-07-14,90.7028,90.7316,90.698,90.7124,279537,9352934
2006-07-17,90.698,90.7076,90.6788,90.7076,109937,9429034
2006-07-18,90.6836,90.6836,90.6548,90.6596,255785,9567114
2006-07-19,90.6404,90.7028,90.5972,90.6932,388633,9589674
2006-07-20,90.6788,90.7364,90.6692,90.7316,320952,9542148
2006-07-21,90.7652,90.77,90.722,90.7316,332367,9594792
2006-07-24,90.722,90.7364,90.722,90.722,176340,9587114
2006-07-25,90.722,90.7268,90.7028,90.7076,177999,9576708
2006-07-26,90.698,90.7508,90.698,90.7364,201224,9601694
2006-07-27,90.7412,90.7652,90.7316,90.7412,291644,9595562
2006-07-28,90.722,90.794,90.722,90.7844,286956,9748096
2006-07-31,90.7748,90.7844,90.7604,90.7748,236674,9876106
2006-08-01,90.7604,90.77,90.746,90.7652,310475,9899198
2006-08-02,90.7652,90.7652,90.7412,90.7556,427063,10005342
2006-08-03,90.746,90.746,90.7268,90.7316,391409,9898766
2006-08-04,90.7268,90.8132,90.7268,90.8036,443862,9919916
2006-08-07,90.7892,90.794,90.7844,90.7892,187111,9940486
2006-08-08,90.7796,90.8277,90.7748,90.8229,444316,10129210
2006-08-09,90.8229,90.8277,90.8181,90.8229,354409,10095458
2006-08-10,90.8325,90.8325,90.8084,90.8181,214746,10079440
2006-08-11,90.8084,90.8084,90.7892,90.8036,188001,9953798
2006-08-14,90.7868,90.7892,90.7724,90.7772,216844,9992602
2006-08-15,90.7844,90.8108,90.7844,90.806,232539,10049686
2006-08-16,90.8084,90.8445,90.8084,90.8349,359285,10126282
2006-08-17,90.8397,90.8421,90.8229,90.8253,570789,10220546
2006-08-18,90.8277,90.8325,90.8253,90.8301,483158,10249706
2006-08-21,90.8325,90.8349,90.8301,90.8325,471826,10290148
2006-08-22,90.8421,90.8517,90.8325,90.8325,273030,10303874
2006-08-23,90.8373,90.8469,90.818,90.8469,293530,10251538
2006-08-24,90.8517,90.8517,90.8373,90.8469,255268,10234376
2006-08-25,90.8421,90.8661,90.8373,90.8613,205220,10305476
2006-08-28,90.8565,90.8613,90.8469,90.8517,154206,10325254
2006-08-29,90.8373,90.8661,90.8132,90.8613,202206,10279090
2006-08-30,90.8613,90.8949,90.8565,90.8901,243078,10444638
2006-08-31,90.8949,90.9285,90.8901,90.9237,341640,10544882
2006-09-01,90.9237,90.9573,90.8997,90.9237,222604,10596946
2006-09-05,90.9141,90.9189,90.8997,90.9093,206378,10587568
2006-09-06,90.8949,90.9045,90.8805,90.8949,372356,10661122
2006-09-07,90.8901,90.9093,90.8805,90.8949,189514,10645258
2006-09-08,90.8997,90.9141,90.8949,90.8997,214221,10570088
2006-09-11,90.8901,90.8949,90.8709,90.8805,231740,10554468
2006-09-12,90.8709,90.8901,90.8661,90.8853,238497,10512660
2006-09-13,90.8901,90.8997,90.8853,90.8949,327822,10548378
2006-09-14,90.8949,90.8949,90.8709,90.8757,314856,10521050
2006-09-15,90.8613,90.8901,90.8613,90.8709,355486,10311546
2006-09-18,90.8613,90.8613,90.8421,90.8613,318484,9060000
2006-09-19,90.8565,90.8949,90.8565,90.8901,360662,9146972
2006-09-20,90.8949,90.9093,90.8805,90.8901,269361,9222968
2006-09-21,90.8853,90.9477,90.8853,90.9381,407703,9260608
2006-09-22,90.9669,90.9669,90.9525,90.9525,385243,9355790
2006-09-25,90.9573,90.991,90.9573,90.9765,288997,9369204
2006-09-26,90.9621,90.9717,90.9477,90.9525,306287,9431004
2006-09-27,90.9573,90.9813,90.9429,90.9477,298710,9472014
2006-09-28,90.9429,90.9477,90.9333,90.9381,334452,9519856
2006-09-29,90.9525,90.9525,90.9189,90.9333,309476,9638570
2006-10-02,90.9285,90.9477,90.9285,90.9429,314889,9756254
2006-10-03,90.9381,90.9477,90.9333,90.9381,211706,9814830
2006-10-04,90.9429,90.9573,90.9381,90.9477,343797,9886850
2006-10-05,90.9477,90.9477,90.9285,90.9285,359271,9940598
2006-10-06,90.9381,90.9429,90.9045,90.9093,359271,9940598
2006-10-10,90.9045,90.9045,90.8949,90.8997,337314,9698650
2006-10-11,90.9045,90.9093,90.8805,90.8901,333448,9765130
2006-10-12,90.8949,90.8997,90.8853,90.8901,343293,9783022
2006-10-13,90.8901,90.8949,90.8757,90.8853,284648,9670302
2006-10-16,90.8805,90.8853,90.8757,90.8805,123765,9680488
2006-10-17,90.8901,90.8949,90.8805,90.8805,157549,9731162
2006-10-18,90.8805,90.8805,90.8709,90.8805,216264,9712074
2006-10-19,90.8805,90.8805,90.8709,90.8757,178764,9717066
2006-10-20,90.8757,90.8805,90.8757,90.8805,148771,9784738
2006-10-23,90.8709,90.8709,90.8613,90.8613,228541,9759824
2006-10-24,90.8613,90.8613,90.8517,90.8565,153348,9778642
2006-10-25,90.8517,90.8757,90.8517,90.8709,313157,9800456
2006-10-26,90.8757,90.8901,90.8757,90.8853,299041,9840536
2006-10-27,90.8853,90.8949,90.8853,90.8949,295271,9934878
2006-10-30,90.8997,90.8997,90.8949,90.8949,181749,10035882
2006-10-31,90.8997,90.9093,90.8949,90.9045,280052,10095468
2006-11-01,90.9045,90.9237,90.8997,90.9189,277453,10208268
2006-11-02,90.9141,90.9141,90.9045,90.9093,368890,10283702
2006-11-03,90.9093,90.9141,90.8757,90.8805,374424,10236920
2006-11-06,90.8757,90.8853,90.8709,90.8805,223770,10205162
2006-11-07,90.8853,90.8949,90.8853,90.8853,237535,10257566
2006-11-08,90.8853,90.8901,90.8805,90.8853,194760,10257654
2006-11-09,90.8901,90.8901,90.8853,90.8853,179410,10284240
2006-11-10,90.8901,90.8949,90.8853,90.8901,164055,10292186
2006-11-13,90.8925,90.8925,90.8877,90.8901,128809,10312822
2006-11-14,90.8901,90.8997,90.8877,90.8973,259183,10409454
2006-11-15,90.8973,90.8973,90.8853,90.8853,293180,10361440
2006-11-16,90.8877,90.8997,90.8853,90.8901,292383,10269564
2006-11-17,90.8925,90.8997,90.8925,90.8973,277692,10278618
2006-11-20,90.9021,90.9021,90.8973,90.8973,134655,10339630
2006-11-21,90.8997,90.9021,90.8997,90.8997,202487,10327340
2006-11-22,90.8901,90.9093,90.8901,90.8997,216431,10358024
2006-11-24,90.9093,90.9237,90.9093,90.9093,56884,10401442
2006-11-27,90.8949,90.9285,90.8805,90.9189,157503,10408760
2006-11-28,90.9237,90.9669,90.9237,90.9381,315823,10563406
2006-11-29,90.9381,90.9573,90.9237,90.9333,251189,10570912
2006-11-30,90.9381,90.9621,90.9285,90.9573,292299,10628622
2006-12-01,90.9525,91.0628,90.9429,91.0292,556116,10891852
2006-12-04,91.01,91.0148,91.0052,91.0148,359922,10912176
2006-12-05,91.0292,91.0388,90.986,91.01,332774,10945554
2006-12-06,90.9716,90.9764,90.9573,90.9669,233917,10943612
2006-12-07,90.9669,90.9669,90.9285,90.9477,197436,10956298
2006-12-08,90.9381,90.9381,90.8757,90.8805,370445,10794242
2006-12-11,90.8709,90.8757,90.8661,90.8661,206797,10790122
2006-12-12,90.8709,90.8949,90.8661,90.8805,295170,10842616
2006-12-13,90.8949,90.8949,90.8469,90.8517,412150,10782154
2006-12-14,90.8421,90.8469,90.8277,90.8325,283359,10698868
2006-12-15,90.8277,90.8853,90.8277,90.8421,352772,10498958
2006-12-18,90.8469,90.8517,90.8421,90.8469,223190,9267962
2006-12-19,90.8517,90.8517,90.8277,90.8469,259402,9323738
2006-12-20,90.8421,90.8517,90.8373,90.8469,157304,9304888
2006-12-21,90.8421,90.8661,90.8373,90.8613,197389,9327090
2006-12-22,90.8517,90.8613,90.8469,90.8517,137249,9293210
2006-12-26,90.8469,90.8565,90.8421,90.8517,73477,9302972
2006-12-27,90.8565,90.8613,90.8325,90.8373,176480,9372222
2006-12-28,90.8421,90.8517,90.8277,90.8325,189215,9370424
2006-12-29,90.8325,90.8373,90.8277,90.8325,178100,9457640
2007-01-02,90.8373,90.8421,90.8373,90.8373,117929,9499720
2007-01-03,90.8469,90.8565,90.8373,90.8421,182483,9499720
2007-01-04,90.8421,90.8517,90.8421,90.8469,248029,9581448
2007-01-05,90.8613,90.8661,90.8182,90.8277,343590,9603354
2007-01-08,90.8229,90.8229,90.8134,90.8182,212992,9613672
2007-01-09,90.8182,90.8182,90.8134,90.8182,242213,9575944
2007-01-10,90.8134,90.8182,90.8086,90.8182,316189,9557938
2007-01-11,90.8038,90.8086,90.7942,90.799,430115,9625106
2007-01-12,90.8038,90.8038,90.7894,90.799,206186,9590460
2007-01-16,90.7942,90.799,90.7942,90.799,218346,9654826
2007-01-17,90.799,90.799,90.7894,90.799,268506,9673348
2007-01-18,90.7942,90.799,90.7846,90.799,326050,9665956
2007-01-19,90.7942,90.799,90.7894,90.7942,272234,9677850
2007-01-22,90.7942,90.7942,90.7894,90.7942,169395,9651960
2007-01-23,90.7942,90.7942,90.7846,90.7894,220356,9726982
2007-01-24,90.7894,90.7942,90.7846,90.7894,206085,9737092
2007-01-25,90.7894,90.7942,90.7846,90.7894,369090,9806788
2007-01-26,90.7846,90.7894,90.7798,90.7894,244443,9796528
2007-01-29,90.7894,90.7894,90.7798,90.7846,212707,9833078
2007-01-30,90.7846,90.7846,90.7798,90.7846,245347,9903936
2007-01-31,90.7846,90.7894,90.7798,90.7846,283987,9987774
2007-02-01,90.7894,90.7894,90.7798,90.7846,331721,9976416
2007-02-02,90.7846,90.7894,90.7798,90.7846,242304,10099388
2007-02-05,90.7846,90.7894,90.7846,90.7846,161327,10160728
2007-02-06,90.7846,90.7894,90.7846,90.7846,211260,10139524
2007-02-07,90.7894,90.7894,90.7846,90.7846,352165,10097036
2007-02-08,90.7894,90.7894,90.7846,90.7846,244343,10048972
2007-02-09,90.7894,90.7894,90.7846,90.7894,243382,10117542
2007-02-12,90.7894,90.7894,90.7846,90.7894,187287,10180554
2007-02-13,90.7894,90.7894,90.7846,90.7894,181133,10301750
2007-02-14,90.7894,90.7942,90.7894,90.7894,331866,10472020
2007-02-15,90.7942,90.799,90.7894,90.7942,314126,10469258
2007-02-16,90.7942,90.799,90.7942,90.7942,190950,10406168
2007-02-20,90.7942,90.7966,90.7942,90.7942,145009,10461166
2007-02-21,90.7942,90.7966,90.7918,90.7942,210846,10573310
2007-02-22,90.7894,90.7894,90.775,90.7798,230254,10734588
2007-02-23,90.7846,90.8181,90.7846,90.8038,284691,10742042
2007-02-26,90.8133,90.8277,90.8133,90.8229,244314,10722892
2007-02-27,90.8469,90.9524,90.8469,90.9428,406174,11053310
2007-02-28,90.914,90.938,90.8805,90.9236,474987,10852976
2007-03-01,90.9572,90.9956,90.9236,90.9236,343394,10970522
2007-03-02,90.9716,90.9956,90.9476,90.9812,303706,11042114
2007-03-05,91.0147,91.0147,90.9668,90.9716,200740,11070232
2007-03-06,90.9476,90.986,90.9476,90.9716,256036,11156596
2007-03-07,90.9812,90.9956,90.962,90.9908,291417,11247986
2007-03-08,90.9764,90.9764,90.9428,90.962,257928,11299582
2007-03-09,90.9428,90.9476,90.8565,90.8709,390088,11270914
2007-03-12,90.8757,90.8997,90.8757,90.8901,241472,11370902
2007-03-13,90.914,90.9428,90.8997,90.9332,380949,11498802
2007-03-14,90.9476,90.9524,90.914,90.9236,355580,11526274
2007-03-15,90.9044,90.9092,90.8853,90.9044,268072,11462844
2007-03-16,90.8805,90.8805,90.8565,90.8757,302244,11290166
2007-03-19,90.8565,90.8661,90.8517,90.8565,151048,10195684
2007-03-20,90.8613,90.8709,90.8517,90.8565,218376,10237376
2007-03-21,90.8517,90.938,90.8373,90.8997,281307,10415070
2007-03-22,90.8853,90.8853,90.8613,90.8709,204315,10228626
2007-03-23,90.8853,90.8853,90.8469,90.8565,276906,10192702
2007-03-26,90.8469,90.8757,90.8469,90.8565,139388,10210766
2007-03-27,90.8613,90.8661,90.8565,90.8565,135676,10211762
2007-03-28,90.8661,90.8949,90.8565,90.8613,223498,10252270
2007-03-29,90.8661,90.8661,90.8469,90.8517,185219,10266390
2007-03-30,90.8517,90.8709,90.8325,90.8517,243677,10282682
2007-04-02,90.8517,90.8517,90.8421,90.8469,144352,10310866
2007-04-03,90.8421,90.8469,90.8277,90.8325,146672,10321128
2007-04-04,90.8325,90.8421,90.8325,90.8325,189949,10354080
2007-04-05,90.8373,90.8373,90.8229,90.8277,2147049,10437854
2007-04-06,90.8325,90.8325,90.7894,90.7942,2147049,10437854
2007-04-09,90.7942,90.7942,90.7846,90.7894,164317,10462228
2007-04-10,90.799,90.8038,90.7942,90.7942,184926,10436048
2007-04-11,90.799,90.8038,90.7846,90.7894,209462,10458628
2007-04-12,90.7894,90.7894,90.7846,90.7846,202374,10527956
2007-04-13,90.7798,90.7894,90.7798,90.7846,191011,10475280
2007-04-16,90.775,90.7894,90.775,90.7846,167658,10595920
2007-04-17,90.7798,90.7942,90.7798,90.7894,289414,10720422
2007-04-18,90.7942,90.8038,90.7942,90.799,195571,10881708
2007-04-19,90.8038,90.8133,90.7942,90.799,181524,11063334
2007-04-20,90.7942,90.799,90.7846,90.7894,181781,11163304
2007-04-23,90.7894,90.8038,90.7894,90.7942,143944,11240050
2007-04-24,90.7942,90.8085,90.7942,90.799,247877,11372806
2007-04-25,90.7942,90.799,90.7894,90.799,155135,11385630
2007-04-26,90.7942,90.7942,90.7846,90.7894,178727,11518544
2007-04-27,90.7894,90.7942,90.7846,90.7894,208763,11574234
2007-04-30,90.7894,90.799,90.7894,90.7942,168458,11610960
2007-05-01,90.7942,90.8038,90.7846,90.7894,384398,11710364
2007-05-02,90.7846,90.7894,90.7846,90.7894,202579,11691924
2007-05-03,90.7846,90.7894,90.775,90.7846,357666,11800698
2007-05-04,90.7846,90.7846,90.775,90.7846,278217,11828052
2007-05-07,90.775,90.7846,90.775,90.7846,121464,11851886
2007-05-08,90.7798,90.7846,90.775,90.7798,169491,11859298
2007-05-09,90.7798,90.7846,90.7702,90.775,221223,11865090
2007-05-10,90.775,90.7798,90.7702,90.775,232024,11900898
2007-05-11,90.7798,90.7798,90.7702,90.775,180585,11738952
2007-05-14,90.7726,90.7726,90.7702,90.7726,134095,11872690
2007-05-15,90.7702,90.775,90.7702,90.7726,226171,11978740
2007-05-16,90.775,90.7774,90.7726,90.7726,168235,11956666
2007-05-17,90.7726,90.7726,90.7678,90.7702,284351,12032902
2007-05-18,90.7678,90.7702,90.7654,90.7678,220595,11948362
2007-05-21,90.7654,90.7702,90.763,90.7654,214105,11860332
2007-05-22,90.7654,90.7702,90.7462,90.751,203696,11879098
2007-05-23,90.7462,90.7558,90.7366,90.7462,260279,11904022
2007-05-24,90.7462,90.7558,90.7318,90.7462,351497,11912186
2007-05-25,90.751,90.7558,90.7462,90.751,147971,11949588
2007-05-29,90.7414,90.7414,90.7318,90.7366,206111,12027472
2007-05-30,90.7462,90.7558,90.7366,90.7414,298285,12122732
2007-05-31,90.7366,90.7366,90.7127,90.7271,291458,12048948
2007-06-01,90.7223,90.7318,90.7031,90.7127,413856,12094894
2007-06-04,90.7127,90.7223,90.7127,90.7175,200313,12071482
2007-06-05,90.7175,90.7223,90.7079,90.7127,276735,12017378
2007-06-06,90.7127,90.7318,90.7079,90.7223,159716,11959920
2007-06-07,90.7175,90.7223,90.7079,90.7079,342670,11937406
2007-06-08,90.7031,90.7127,90.6983,90.7127,267872,11843970
2007-06-11,90.7079,90.7127,90.7031,90.7079,242513,11792692
2007-06-12,90.6983,90.7031,90.6935,90.6983,377911,11887504
2007-06-13,90.6887,90.6935,90.6791,90.6935,295095,11925946
2007-06-14,90.6887,90.6983,90.6791,90.6935,221647,11796038
2007-06-15,90.6839,90.7031,90.6791,90.6983,248916,11493420
2007-06-18,90.6983,90.7079,90.6983,90.7031,200160,10425212
2007-06-19,90.7127,90.7223,90.7079,90.7127,260631,10466832
2007-06-20,90.7127,90.7127,90.7079,90.7127,161573,10435382
2007-06-21,90.7223,90.7271,90.7175,90.7175,174020,10509556
2007-06-22,90.7223,90.7366,90.7223,90.7318,183478,10542262
2007-06-25,90.7462,90.7462,90.7366,90.7414,166028,10519746
2007-06-26,90.7462,90.7462,90.7271,90.7318,188970,10547060
2007-06-27,90.7414,90.751,90.7366,90.7366,228311,10515944
2007-06-28,90.7318,90.7318,90.7175,90.7223,138181,10528692
2007-06-29,90.7223,90.7366,90.7223,90.7318,158418,10561182
2007-07-02,90.7318,90.7366,90.7223,90.7271,189566,10596884
2007-07-03,90.7318,90.7366,90.7223,90.7271,106631,10584984
2007-07-05,90.7175,90.7223,90.7127,90.7175,186395,10798402
2007-07-06,90.7127,90.7175,90.7031,90.7127,293887,10968332
2007-07-09,90.7127,90.7175,90.7079,90.7127,127294,10969898
2007-07-10,90.7223,90.7271,90.7175,90.7223,163183,11019942
2007-07-11,90.7271,90.7318,90.7175,90.7223,169065,11055662
2007-07-12,90.7223,90.7223,90.7175,90.7223,161771,11192804
2007-07-13,90.7223,90.7318,90.7175,90.7223,129042,11088000
2007-07-16,90.7175,90.7271,90.7175,90.7223,128918,11107826
2007-07-17,90.7175,90.7223,90.7175,90.7175,167867,11259688
2007-07-18,90.7223,90.7271,90.7175,90.7223,191100,11268154
2007-07-19,90.7175,90.7223,90.7175,90.7223,135492,11268222
2007-07-20,90.7271,90.7414,90.7223,90.7271,210588,11350862
2007-07-23,90.7318,90.7318,90.7223,90.7271,86175,11380968
2007-07-24,90.7223,90.7318,90.7223,90.7271,165492,11425256
2007-07-25,90.7271,90.7366,90.7271,90.7318,226889,11447824
2007-07-26,90.7462,90.8085,90.7462,90.8037,466184,11582580
2007-07-27,90.8037,90.8085,90.7654,90.8037,335358,11359996
2007-07-30,90.8037,90.8085,90.7654,90.7846,247346,11444166
2007-07-31,90.7606,90.7941,90.7558,90.7846,198596,11534824
2007-08-01,90.7941,90.8037,90.7846,90.8037,299689,11609032
2007-08-02,90.7798,90.7989,90.7702,90.7989,204508,11610794
2007-08-03,90.7893,90.8516,90.7893,90.8373,214623,11767638
2007-08-06,90.8804,90.8804,90.8229,90.8277,349087,11871200
2007-08-07,90.8085,90.8133,90.7558,90.7654,236494,11750648
2007-08-08,90.7318,90.7414,90.7223,90.7318,359173,11767838
2007-08-09,90.7893,90.8325,90.7654,90.8181,272993,11725858
2007-08-10,90.8516,90.8708,90.7941,90.8229,272033,11584076
2007-08-13,90.775,90.7989,90.775,90.7917,160762,11469334
2007-08-14,90.7606,90.7989,90.751,90.7846,222803,11518182
2007-08-15,90.7582,90.8013,90.7486,90.7965,273604,11512384
2007-08-16,90.8301,90.8828,90.7989,90.8612,363983,11513938
2007-08-17,90.9403,90.9714,90.9044,90.9403,322311,11420258
2007-08-20,90.9307,90.9762,90.9091,90.9619,217774,11321974
2007-08-21,90.9954,91.005,90.8924,90.9331,298850,11222090
2007-08-22,90.8473,90.8663,90.771,90.8044,257859,11216800
2007-08-23,90.6995,90.7757,90.6899,90.7281,289876,11144358
2007-08-24,90.7138,90.7185,90.6184,90.6279,9170668,11068710
2007-08-27,90.6041,90.6947,90.6041,90.6851,161844,11055950
2007-08-28,90.7281,90.7853,90.7042,90.7757,202539,11107054
2007-08-29,90.771,90.7805,90.6995,90.7138,210552,11217528
2007-08-30,90.6995,90.7138,90.6422,90.7042,257183,11109150
2007-08-31,90.647,90.6851,90.6279,90.6613,185747,11095826
2007-09-04,90.6708,90.6708,90.6136,90.6232,200428,11207918
2007-09-05,90.6089,90.7042,90.6089,90.6899,198667,11302632
2007-09-06,90.6661,90.6708,90.6184,90.6565,225766,11353448
2007-09-07,90.6232,90.8473,90.6232,90.8473,295987,11611370
2007-09-10,90.8091,90.8377,90.7901,90.8044,221018,11695930
2007-09-11,90.7471,90.7471,90.6661,90.6661,252616,11591340
2007-09-12,90.6708,90.6708,90.6136,90.6279,153155,11604328
2007-09-13,90.6947,90.7138,90.6279,90.6518,226401,11533356
2007-09-14,90.7042,90.7376,90.6661,90.7042,232975,11353480
2007-09-17,90.6899,90.6947,90.6613,90.6851,211090,9952262
2007-09-18,90.6708,90.8711,90.6422,90.8711,268189,10039766
2007-09-19,90.9283,90.9426,90.8997,90.9283,261433,10071292
2007-09-20,90.8902,90.895,90.8425,90.852,157503,9996786
2007-09-21,90.8377,90.8473,90.7996,90.8473,219480,9965238
2007-09-24,90.7996,90.7996,90.7185,90.7424,205501,10037880
2007-09-25,90.7281,90.7519,90.709,90.7233,139136,10097296
2007-09-26,90.7471,90.7662,90.7376,90.7614,166017,10138174
2007-09-27,90.8044,90.8091,90.7662,90.7853,190137,10146300
2007-09-28,90.7853,90.7901,90.7424,90.7471,175441,10161572
2007-10-01,90.7281,90.7376,90.6995,90.6995,209837,10111744
2007-10-02,90.6613,90.6899,90.6565,90.6708,147614,10066940
2007-10-03,90.6661,90.6661,90.6375,90.6422,149175,10025726
2007-10-04,90.6232,90.647,90.6089,90.6422,167745,10007038
2007-10-05,90.647,90.647,90.5707,90.5802,167745,10007038
2007-10-09,90.5802,90.585,90.5469,90.5516,87007,9832614
2007-10-10,90.5373,90.5707,90.5326,90.5516,151870,9866870
2007-10-11,90.5707,90.6375,90.5707,90.6327,164438,9859330
2007-10-12,90.6565,90.6565,90.6279,90.6327,112532,9682848
2007-10-15,90.6136,90.647,90.5898,90.6422,121390,9619182
2007-10-16,90.6565,90.6756,90.6518,90.6708,132705,9654126
2007-10-17,90.647,90.7376,90.647,90.7185,148222,9752304
2007-10-18,90.7662,90.7805,90.7424,90.7805,114882,9848400
2007-10-19,90.7996,90.8854,90.7948,90.8807,140982,9994452
2007-10-22,90.8902,90.8902,90.8473,90.8711,116269,10091284
2007-10-23,90.8473,90.8807,90.8473,90.8711,143879,10116486
2007-10-24,90.895,90.9808,90.895,90.9474,127645,10198074
2007-10-25,90.9426,90.9569,90.9331,90.9379,150770,10285634
2007-10-26,90.9283,90.9522,90.914,90.9379,139360,10365298
2007-10-29,90.914,90.9188,90.8997,90.8997,73186,10399540
2007-10-30,90.8807,90.895,90.8711,90.8854,112566,10442314
2007-10-31,90.8663,90.8759,90.833,90.8377,114683,10499904
2007-11-01,90.8282,90.8711,90.8187,90.8425,161968,10507484
2007-11-02,90.852,90.852,90.7901,90.8187,187839,10562540
2007-11-05,90.7948,90.7948,90.7233,90.7424,109304,10545412
2007-11-06,90.7281,90.7519,90.7233,90.7328,78065,10504504
2007-11-07,90.7614,90.771,90.7424,90.771,144066,10514136
2007-11-08,90.7805,90.8616,90.7662,90.8377,180362,10558580
2007-11-09,90.8568,90.8663,90.8234,90.852,180362,10558580
2007-11-13,90.852,90.8568,90.8044,90.8139,181006,10595174
2007-11-14,90.7948,90.7948,90.7662,90.7805,73176,10667258
2007-11-15,90.7281,90.7567,90.6995,90.709,155319,10710606
2007-11-16,90.6756,90.7185,90.6756,90.7138,146102,10629730
2007-11-19,90.6875,90.7161,90.6637,90.7018,155344,10590130
2007-11-20,90.6899,90.7352,90.6828,90.7328,171889,10571476
2007-11-21,90.7972,90.821,90.771,90.7948,132840,10574474
2007-11-23,90.7901,90.7948,90.7759,90.7853,36485,10614170
2007-11-26,90.7427,90.8517,90.719,90.8469,1770751,10725102
2007-11-27,90.809,90.8232,90.719,90.7522,170943,10688792
2007-11-28,90.7238,90.7522,90.6953,90.7238,155315,10715030
2007-11-29,90.7711,90.8138,90.7617,90.7806,2983134,9809098
2007-11-30,90.7759,90.8185,90.7332,90.7996,2190353,11016498
2007-12-03,90.8138,90.8469,90.7569,90.7711,170613,11081292
2007-12-04,90.7853,90.809,90.7711,90.7853,221226,11168202
2007-12-05,90.7853,90.7901,90.7238,90.7664,109525,11186612
2007-12-06,90.738,90.7522,90.6764,90.6859,125766,11248810
2007-12-07,90.648,90.6622,90.5722,90.5769,3139452,10279996
2007-12-10,90.5816,90.6148,90.5437,90.5627,154192,11167660
2007-12-11,90.6053,90.6906,90.5153,90.5437,169615,11204182
2007-12-12,90.5911,90.6764,90.5769,90.6432,193994,11241336
2007-12-13,90.6195,90.6195,90.5579,90.5911,112592,11204364
2007-12-14,90.539,90.5579,90.5106,90.5532,202696,11020100
2007-12-17,90.5106,90.5674,90.4774,90.5579,149625,9709314
2007-12-18,90.5911,90.6385,90.5911,90.6337,127943,9927482
2007-12-19,90.629,90.7048,90.6006,90.6622,454636,9784012
2007-12-20,90.6622,90.6906,90.6574,90.6811,98528,9797954
2007-12-21,90.648,90.6811,90.6337,90.648,414224,9706438
2007-12-24,90.6385,90.6385,90.6243,90.6337,25106,9658722
2007-12-26,90.6243,90.629,90.6053,90.6053,41022,9620526
2007-12-27,90.6337,90.6669,90.6337,90.6337,81911,9651220
2007-12-28,90.6669,90.719,90.6574,90.7048,101315,9752874
2007-12-31,90.7332,90.7522,90.7285,90.738,47208,9796630
2008-01-02,90.7427,90.8801,90.738,90.8611,117558,9876908
2008-01-03,90.8896,90.899,90.8706,90.8754,165943,9944236
2008-01-04,90.8564,90.9938,90.8564,90.9843,235009,10077022
2008-01-07,90.9701,91.0175,90.9606,91.0127,151928,10141876
2008-01-08,90.9985,91.0364,90.9938,91.0364,140675,10308246
2008-01-09,91.1028,91.1312,91.098,91.117,116509,10486246
2008-01-10,91.117,91.2117,91.0838,91.1833,294152,10804242
2008-01-11,91.2402,91.3681,91.2354,91.3633,208644,10903344
2008-01-14,91.4202,91.4344,91.3823,91.406,171702,11011628
2008-01-15,91.4297,91.4628,91.3254,91.3681,176043,11303688
2008-01-16,91.406,91.406,91.3444,91.3586,215047,11342410
2008-01-17,91.3396,91.4012,91.297,91.387,141755,11476076
2008-01-18,91.3965,91.4865,91.387,91.4439,115438,11542184
2008-01-22,91.9413,91.9413,91.785,91.875,251127,11808886
2008-01-23,92.1071,92.1403,91.9792,91.9792,277823,11805052
2008-01-24,91.9318,91.946,91.7518,91.7944,324451,11713090
2008-01-25,91.7613,91.856,91.7044,91.8323,4065157,11410950
2008-01-28,91.8797,91.9271,91.8702,91.9034,2587354,11472186
2008-01-29,91.8797,91.8892,91.8466,91.8797,147139,11442278
2008-01-30,91.8466,91.9697,91.8371,91.9508,192754,11391510
2008-01-31,92.0218,92.0834,91.9934,91.9982,246893,11435150
2008-02-01,91.9792,92.0645,91.9224,91.9271,197254,11438246
2008-02-04,91.8845,91.9271,91.875,91.9129,2928154,11425162
2008-02-05,91.8939,91.9934,91.8939,91.9839,221704,11397010
2008-02-06,92.0313,92.0408,92.0029,92.0218,181894,11257004
2008-02-07,92.0692,92.074,91.965,92.0218,154767,11400766
2008-02-08,92.0313,92.0597,92.0266,92.0503,108407,11319928
2008-02-11,92.0455,92.0787,92.0313,92.0597,76058,11372366
2008-02-12,92.0124,92.055,92.0076,92.0361,187724,11278244
2008-02-13,92.0361,92.0503,92.0171,92.0218,131845,11359574
2008-02-14,92.0218,92.0218,91.9887,92.0029,207569,11298634
2008-02-15,92.0171,92.0266,92.0076,92.0124,129082,11253210
2008-02-19,92.0005,92.0076,91.9555,91.9745,148999,11084408
2008-02-20,91.9697,91.9745,91.9437,91.9531,180372,11024434
2008-02-21,91.9366,91.9768,91.9342,91.9674,145892,11007392
2008-02-22,91.9721,91.9721,91.8871,91.8871,150711,10872166
2008-02-25,91.8541,91.8777,91.8022,91.8305,116644,10944480
2008-02-26,91.8305,91.9154,91.8163,91.9107,140870,10939690
2008-02-27,91.9862,91.9957,91.9485,91.9768,181006,11062266
2008-02-28,92.057,92.0806,92.0004,92.0098,223301,11256496
2008-02-29,92.0853,92.1609,92.0759,92.1609,2641735,11249874
2008-03-03,92.1514,92.1514,92.0759,92.1231,183784,11307894
2008-03-04,92.1089,92.1514,92.0995,92.1089,142219,11321430
2008-03-05,92.0901,92.0901,91.9957,92.0193,672040,11213652
2008-03-06,92.0806,92.1042,92.0523,92.0712,147155,11236920
2008-03-07,92.1703,92.2883,92.1325,92.2128,134530,11231486
2008-03-10,92.1797,92.2552,92.1514,92.2505,3495394,11239198
2008-03-11,92.1892,92.1892,92.0806,92.0853,181081,11133056
2008-03-12,92.1278,92.1656,92.1184,92.1514,141877,11046016
2008-03-13,92.2033,92.2411,92.1514,92.2411,199775,11227702
2008-03-14,92.2411,92.4251,92.2364,92.4204,284299,11337606
2008-03-17,92.5998,92.6092,92.5243,92.562,186956,9833226
2008-03-18,92.5195,92.529,92.3402,92.3496,879370,9885646
2008-03-19,92.3874,92.3968,92.2694,92.3591,2148937,9848698
2008-03-20,92.2977,92.3166,92.2269,92.2647,2399966,8700798
2008-03-24,92.2269,92.2364,92.1042,92.1656,1854680,9622206
2008-03-25,92.1703,92.2222,92.1703,92.1986,199069,9469210
2008-03-26,92.1986,92.2411,92.1939,92.2128,157492,9502236
2008-03-27,92.2364,92.26,92.2033,92.2269,105195,9584326
2008-03-28,92.2269,92.2411,92.2222,92.2364,106701,9527400
2008-03-31,92.2458,92.2647,92.2458,92.2458,73745,8238622
2008-04-01,92.1939,92.1986,92.1373,92.1467,148021,9445070
2008-04-02,92.0995,92.1042,92.0193,92.0523,125690,9395526
2008-04-03,92.057,92.1089,92.0523,92.0523,129690,9389184
2008-04-04,92.0618,92.1561,92.0618,92.1514,104981,9401050
2008-04-07,92.1137,92.1278,92.0853,92.1137,64928,9389766
2008-04-08,92.142,92.142,92.0476,92.057,122775,9418906
2008-04-09,92.0712,92.0948,92.0523,92.0712,122775,9418906
2008-04-10,92.0759,92.0759,92.024,92.0287,112376,9497834
2008-04-11,92.0382,92.0712,92.0334,92.0665,117233,9411252
2008-04-14,92.0618,92.0618,92.0146,92.024,72286,9256886
2008-04-15,92.024,92.024,91.9485,91.9721,559585,9269274
2008-04-16,91.9013,91.9154,91.8258,91.8305,163679,9255260
2008-04-17,91.7408,91.7739,91.6228,91.67,182748,9066190
2008-04-18,91.5898,91.6417,91.5568,91.6417,186505,8973536
2008-04-21,91.6559,91.7125,91.6512,91.6748,119065,8890076
2008-04-22,91.6748,91.7078,91.67,91.6748,109234,8994572
2008-04-23,91.722,91.722,91.6842,91.6842,209744,9070778
2008-04-24,91.7314,91.7314,91.6512,91.6936,153593,9170374
2008-04-25,91.6464,91.6936,91.6464,91.6842,140627,9053066
2008-04-28,91.7078,91.7408,91.7078,91.7408,53141,9042156
2008-04-29,91.788,91.8163,91.7833,91.788,110853,9085096
2008-04-30,91.7833,91.8683,91.7739,91.8635,144212,9116196
2008-05-01,91.8541,91.9013,91.8352,91.8683,165187,9179168
2008-05-02,91.9249,91.9485,91.9013,91.9013,1348525,9169862
2008-05-05,91.8919,91.9013,91.873,91.8871,76594,9151670
2008-05-06,91.8683,91.9107,91.8683,91.9013,107026,9213866
2008-05-07,91.8966,91.9013,91.8871,91.9013,85198,9263968
2008-05-08,91.9154,91.9485,91.9154,91.9438,140198,9269810
2008-05-09,91.9674,91.9674,91.9107,91.9154,125873,9204868
2008-05-12,91.8919,91.9013,91.8777,91.8824,74217,9185262
2008-05-13,91.8211,91.8258,91.7927,91.7975,131889,9247994
2008-05-14,91.7361,91.788,91.7361,91.7644,110208,9252932
2008-05-15,91.8022,91.8494,91.8022,91.8447,111077,9277200
2008-05-16,91.8635,91.906,91.8588,91.873,109386,9222872
2008-05-19,91.9037,91.9225,91.8989,91.9178,100931,9215882
2008-05-20,91.9225,91.9532,91.9202,91.9438,87991,9230316
2008-05-21,91.9414,91.9438,91.9296,91.9296,80209,9232628
2008-05-22,91.8824,91.8918,91.7974,91.8257,1451548,9373334
2008-05-23,91.8588,91.8918,91.8588,91.8871,68433,9342464
2008-05-27,91.8446,91.854,91.8163,91.821,62212,9358114
2008-05-28,91.7974,91.8115,91.7454,91.7785,89985,9478188
2008-05-29,91.7312,91.7596,91.6887,91.7596,125513,9565994
2008-05-30,91.769,91.8021,91.7643,91.7738,79079,9468216
2008-06-02,91.8115,91.8446,91.8115,91.821,71269,9439672
2008-06-03,91.8351,91.8635,91.7832,91.8399,93441,9482336
2008-06-04,91.821,91.8399,91.8068,91.8163,70968,9552150
2008-06-05,91.7974,91.7974,91.7454,91.7738,111138,9651902
2008-06-06,91.6935,91.8068,91.684,91.7832,107812,9640954
2008-06-09,91.7076,91.7124,91.5093,91.514,101771,9759942
2008-06-10,91.4715,91.4951,91.3912,91.4384,154456,9733416
2008-06-11,91.5093,91.5612,91.4479,91.5093,143959,9686120
2008-06-12,91.4668,91.4668,91.3723,91.3723,225010,9825824
2008-06-13,91.259,91.4479,91.2542,91.3251,258356,9810662
2008-06-16,91.3298,91.3581,91.2967,91.2967,84993,8778070
2008-06-17,91.3912,91.4337,91.3865,91.4243,91874,8908122
2008-06-18,91.4904,91.5093,91.4715,91.4904,125066,8887850
2008-06-19,91.4668,91.4904,91.4479,91.462,123451,8975260
2008-06-20,91.4715,91.5282,91.4573,91.514,1966921,8972744
2008-06-23,91.4809,91.5234,91.4526,91.4762,1633719,9023334
2008-06-24,91.4904,91.5282,91.4668,91.5234,2029026,9064790
2008-06-25,91.5234,91.5848,91.4432,91.5707,2275359,9074120
2008-06-26,91.5754,91.6604,91.5565,91.6368,2837275,9126418
2008-06-27,91.6273,91.7124,91.5801,91.7029,2644550,9120038
2008-06-30,91.7124,91.7312,91.651,91.6887,1783608,9161120
2008-07-01,91.6793,91.736,91.651,91.6746,2692420,9262408
2008-07-02,91.6699,91.6935,91.6368,91.6887,2120344,9297018
2008-07-03,91.6793,91.7218,91.6699,91.6982,2133289,9322455
2008-07-04,91.7029,91.7076,91.684,91.6982,2133289,9355277
2008-07-07,91.6935,91.736,91.6651,91.7076,2443918,9404418
2008-07-08,91.7218,91.736,91.6935,91.7218,2544553,9461104
2008-07-09,91.6982,91.7454,91.684,91.7265,2321180,9503982
2008-07-10,91.7312,91.7407,91.684,91.7076,2990908,9557514
2008-07-11,91.7076,91.736,91.684,91.6887,3468625,9569502
2008-07-14,91.6935,91.7454,91.6651,91.7218,2351748,9604336
2008-07-15,91.7265,91.8257,91.7171,91.7643,2960400,9675260
2008-07-16,91.7643,91.7879,91.7407,91.7596,2301222,9701068
2008-07-17,91.7549,91.7596,91.7171,91.7312,3126761,9727092
2008-07-18,91.7549,91.7596,91.6746,91.6935,3006890,9671574
2008-07-21,91.684,91.7171,91.6462,91.6935,2079071,9677256
2008-07-22,91.7029,91.7218,91.6557,91.6651,2344817,9714044
2008-07-23,91.6651,91.684,91.6368,91.651,2373987,9707544
2008-07-24,91.6746,91.736,91.6746,91.7265,2625815,9649010
2008-07-25,91.7171,91.7171,91.6935,91.7029,2328530,9629278
2008-07-28,91.7029,91.7454,91.6935,91.7312,1536588,9677346
2008-07-29,91.736,91.7501,91.7076,91.7218,1822640,9676538
2008-07-30,91.7312,91.8163,91.7029,91.8021,2327796,9718810
2008-07-31,91.8021,91.8257,91.7643,91.8021,2250944,9756718
2008-08-01,91.8068,91.8115,91.7643,91.7738,2316851,9741424
2008-08-04,91.7926,91.8021,91.7549,91.7643,1395624,9736372
2008-08-05,91.7643,91.7832,91.7454,91.7785,1786704,9721638
2008-08-06,91.7738,91.7974,91.7738,91.7785,1813363,9742124
2008-08-07,91.7832,91.8021,91.7785,91.7926,2111193,9815090
2008-08-08,91.7926,91.7974,91.7785,91.7879,1910043,9833086
2008-08-11,91.7926,91.8021,91.7643,91.7879,1404574,9830516
2008-08-12,91.7832,91.7879,91.7785,91.7832,1848385,9846110
2008-08-13,91.7879,91.7926,91.7643,91.7738,2003672,9867888
2008-08-14,91.769,91.7785,91.7501,91.769,1766142,9842984
2008-08-15,91.7549,91.7596,91.7454,91.7596,1974146,9907604
2008-08-18,91.7549,91.7549,91.7478,91.7501,1299752,9969924
2008-08-19,91.7454,91.769,91.7454,91.7619,1800184,9972318
2008-08-20,91.7667,91.7974,91.7572,91.7856,1982773,10062260
2008-08-21,91.7856,91.7926,91.7738,91.7856,1636158,10044234
2008-08-22,91.795,91.8092,91.7146,91.7193,1867423,9903950
2008-08-25,91.7383,91.7997,91.7241,91.7761,1265346,9989896
2008-08-26,91.7714,91.795,91.7524,91.7714,1461173,9965412
2008-08-27,91.7808,91.8187,91.7383,91.8092,1831481,10006336
2008-08-28,91.8092,91.8092,91.7572,91.795,1671052,10017474
2008-08-29,91.7997,91.8139,91.7524,91.795,1374735,9986824
2008-09-02,91.7761,91.8471,91.7572,91.8376,2259138,10100744
2008-09-03,91.8376,91.8376,91.7997,91.8234,1873415,10129930
2008-09-04,91.8234,91.8565,91.795,91.8423,2139990,10030258
2008-09-05,91.8565,91.9133,91.7903,91.8329,3495559,10038976
2008-09-08,91.8045,91.8991,91.7241,91.8849,4005306,10012470
2008-09-09,91.8754,91.9322,91.8234,91.9086,2843582,9986740
2008-09-10,91.9133,91.9322,91.8612,91.8896,2977822,9937102
2008-09-11,91.8707,91.9038,91.8707,91.8754,3050872,10024116
2008-09-12,91.866,91.9086,91.8234,91.8329,2980535,9961198
2008-09-15,92.0694,92.1167,92.0315,92.112,4422501,8695860
2008-09-16,92.1451,92.1593,91.7383,91.8518,4749414,8598682
2008-09-17,91.8518,91.8565,91.3645,91.6342,4720729,8551790
2008-09-18,91.5585,91.5963,91.3645,91.3929,2908447,8467034
2008-09-19,91.4402,91.7051,91.4402,91.5585,2481237,8320561
2008-09-22,91.5869,91.62,91.5443,91.5821,1546300,8204397
2008-09-23,91.5727,91.5869,91.3267,91.4024,1867657,8143085
2008-09-24,91.3787,91.3977,91.0476,91.1091,1874896,8145029
2008-09-25,91.1233,91.4355,91.0523,91.322,2325375,8139224
2008-09-26,91.4308,91.5159,91.251,91.4875,1744133,8024037
2008-09-29,91.4592,91.6578,91.4592,91.5538,2067617,7977455
2008-09-30,91.5538,91.5916,91.3172,91.3409,2103812,7974426
2008-10-01,91.3835,91.568,91.3504,91.4686,1863136,7933606
2008-10-02,91.4592,91.5727,91.4166,91.4544,1716249,7938562
2008-10-03,91.4875,91.7193,91.4402,91.6768,2116855,8018129
2008-10-06,91.6909,92.0079,91.6909,91.9937,2210737,8104359
2008-10-07,91.9511,92.1309,91.918,92.0174,2332598,8196644
2008-10-08,92.0268,92.2113,91.6105,91.8991,2607923,8228652
2008-10-09,91.7477,91.9464,91.7477,91.8234,1954748,8263240
2008-10-10,91.8234,91.9795,91.7714,91.9086,1727895,8196963
2008-10-13,92.0268,92.1167,91.9606,91.9984,411326,8061204
2008-10-14,92.0268,92.235,91.9606,92.1356,1792172,8096374
2008-10-15,92.0883,92.1451,91.918,92.0268,1941324,8115891
2008-10-16,92.0315,92.0694,91.9748,92.0221,1602146,8086431
2008-10-17,91.9984,92.2728,91.9795,92.2066,1691870,8106038
2008-10-20,92.2633,92.3674,92.216,92.2255,1500857,8121526
2008-10-21,92.2633,92.4194,92.2633,92.3958,1816143,8139379
2008-10-22,92.4053,92.4053,92.2255,92.3059,2213119,8097071
2008-10-23,92.3296,92.3343,92.0741,92.1876,1871931,8164740
2008-10-24,92.164,92.2586,92.0694,92.1545,1494776,8211521
2008-10-27,92.1593,92.287,92.1356,92.2113,1485805,8231307
2008-10-28,92.2208,92.339,92.2066,92.3248,1684031,8263953
2008-10-29,92.3343,92.4809,92.3248,92.4005,1566584,8254890
2008-10-30,92.4053,92.4857,92.3721,92.4242,1471440,8233807
2008-10-31,92.41,92.5945,92.41,92.4857,1603542,8248719
2008-11-03,92.5046,92.5803,92.4857,92.5566,1200685,8267291
2008-11-04,92.5755,92.6938,92.5614,92.6654,1393465,8252139
2008-11-05,92.6702,92.7127,92.6323,92.6843,1449295,8188986
2008-11-06,92.6891,92.779,92.6512,92.6985,1353227,8217241
2008-11-07,92.6985,92.7317,92.6512,92.6843,938428,8214283
2008-11-10,92.6938,92.8121,92.6843,92.7979,207148,8293173
2008-11-11,92.8026,92.8736,92.7979,92.8546,233398,8290694
2008-11-12,92.8594,92.8783,92.7222,92.76,1922301,8354858
2008-11-13,92.7458,92.7695,92.4857,92.533,1417499,8350174
2008-11-14,92.4999,92.4999,92.3201,92.4384,1043300,8230943
2008-11-17,92.4147,92.5897,92.3958,92.5472,1060819,8270854
2008-11-18,92.5803,92.682,92.5566,92.6678,1405497,8276547
2008-11-19,92.6796,92.7222,92.6229,92.7033,1429121,8302930
2008-11-20,92.7056,92.8594,92.6702,92.7813,1995306,8322206
2008-11-21,92.7955,92.8026,92.5992,92.7151,1564193,8309009
2008-11-24,92.7387,92.7671,92.5686,92.6158,1362644,8306929
2008-11-25,92.5639,92.8994,92.5639,92.7718,1896920,8336819
2008-11-26,92.7435,92.8333,92.6962,92.7529,1085051,8302407
2008-11-28,92.7293,92.7624,92.6206,92.7104,494899,8261136
2008-12-01,92.7056,92.8143,92.6537,92.7765,1447184,8283794
2008-12-02,92.7765,92.8474,92.7624,92.8238,0,0
2008-12-03,92.838,92.8663,92.7718,92.8333,1661780,8222353
2008-12-04,92.8474,92.8616,92.682,92.7907,1704082,8182661
2008-12-05,92.8002,92.8191,92.63,92.6726,0,0
2008-12-08,92.6631,92.7624,92.6017,92.7387,1376062,8103028
2008-12-09,92.7435,92.9041,92.7245,92.8947,1368467,8147862
2008-12-10,92.8947,93.0176,92.8663,92.975,1654127,8214145
2008-12-11,93.0034,93.1168,92.9798,93.0932,1705950,8184052
2008-12-12,93.1263,93.1594,93.0176,93.0648,0,0
2008-12-15,93.0885,93.1216,93.0176,93.079,0,0
2008-12-16,93.0885,93.4099,93.0459,93.3768,1797795,6761626
2008-12-17,93.4004,93.476,93.3248,93.3579,1932035,6768041
2008-12-18,93.3673,93.4524,93.3531,93.3909,0,0
2008-12-19,93.3815,93.4288,93.3437,93.4004,1392001,6780672
2008-12-22,93.4004,93.4051,93.3484,93.3768,714734,6705667
2008-12-23,93.339,93.424,93.339,93.4146,585781,6725566
2008-12-24,93.4382,93.4382,93.3957,93.4193,141865,6716176
2008-12-26,93.424,93.4335,93.4146,93.4193,0,0
2008-12-29,93.4382,93.5186,93.4146,93.4902,538389,6698525
2008-12-30,93.5044,93.5516,93.4997,93.5422,529041,6685336
2008-12-31,93.5516,93.5705,93.4949,93.5233,378822,6667317
2009-01-02,93.5044,93.5705,93.3909,93.424,0,0
2009-01-05,93.4288,93.528,93.4099,93.4997,0,0
2009-01-06,93.5044,93.5091,93.424,93.4855,0,0
2009-01-07,93.4949,93.5564,93.4618,93.5327,1372888,6692543
2009-01-08,93.528,93.6367,93.528,93.6036,1845056,6732516
2009-01-09,93.6036,93.7407,93.6036,93.6887,1748908,6779129
2009-01-12,93.6934,93.7832,93.6934,93.7643,1358752,6834851
2009-01-13,93.7691,93.7691,93.7029,93.7501,1542541,6843889
2009-01-14,93.736,93.7407,93.6414,93.6556,1944817,6873204
2009-01-15,93.6509,93.6651,93.4524,93.5186,1903821,6897283
2009-01-16,93.5091,93.6225,93.4713,93.58,1339855,6882375
2009-01-20,93.5895,93.6414,93.5753,93.6036,1596432,6920692
2009-01-21,93.5895,93.6036,93.4666,93.476,1618982,6814042
2009-01-22,93.4997,93.5658,93.4524,93.476,1941787,6800941
2009-01-23,93.4855,93.5044,93.4004,93.424,1675322,6792897
2009-01-26,93.4193,93.4713,93.4051,93.4429,1544201,6725421
2009-01-27,93.4477,93.5186,93.424,93.5044,1506399,6717923
2009-01-28,93.5138,93.5753,93.4949,93.5564,1571799,6787586
2009-01-29,93.528,93.5611,93.4807,93.5044,2041800,6818910
2009-01-30,93.4949,93.528,93.3342,93.3484,1760699,6802183
2009-02-02,93.3531,93.372,93.2397,93.2775,1582304,6842836
2009-02-03,93.3059,93.3862,93.2822,93.3484,1286797,6772837
2009-02-04,93.3484,93.3815,93.3059,93.3437,1304000,6754008
2009-02-05,93.3437,93.3909,93.3342,93.3768,1915798,6779891
2009-02-06,93.3862,93.5091,93.339,93.4902,1173801,6812546
2009-02-09,93.476,93.4855,93.424,93.476,2026499,6803010
2009-02-10,93.476,93.4997,93.3579,93.3815,1343000,6792910
2009-02-11,93.3909,93.4288,93.3815,93.3862,1274001,6846704
2009-02-12,93.4004,93.424,93.3768,93.3957,1214202,6887428
2009-02-13,93.3862,93.4004,93.339,93.3437,1646700,6882053
2009-02-17,93.3437,93.3484,93.2397,93.2964,1649255,6939393
2009-02-18,93.2917,93.3059,93.2492,93.2775,1540801,6857969
2009-02-19,93.2822,93.3437,93.2586,93.3201,1606500,6876125
2009-02-20,93.3106,93.3862,93.3012,93.3531,1361401,6910272
2009-02-23,93.3579,93.4004,93.3295,93.3768,1438797,6936761
2009-02-24,93.391,93.391,93.3059,93.3106,1735098,6934216
2009-02-25,93.3248,93.3295,93.2539,93.2634,1725100,6965661
2009-02-26,93.2775,93.3153,93.2681,93.2917,1522402,6928536
2009-02-27,93.2917,93.339,93.2445,93.2823,1699499,6937238
2009-03-02,93.287,93.3201,93.2681,93.3106,1639301,6984667
2009-03-03,93.3012,93.339,93.2728,93.2964,1464900,6995799
2009-03-04,93.3106,93.3201,93.2114,93.2634,1787203,6900470
2009-03-05,93.2775,93.287,93.2256,93.2445,1806779,6837731
2009-03-06,93.2397,93.2492,93.1121,93.1641,1828502,6916379
2009-03-09,93.1547,93.183,93.046,93.0743,1630004,6891332
2009-03-10,93.0791,93.1358,93.0176,93.1216,1737801,6919059
2009-03-11,93.1358,93.2019,93.1074,93.1688,1969303,6905239
2009-03-12,93.1783,93.2208,93.1594,93.1925,1622298,6868003
2009-03-13,93.1925,93.2208,93.1688,93.1925,1485599,6856484
2009-03-16,93.2303,93.2303,93.1736,93.1925,1719872,5726695
2009-03-17,93.1783,93.2634,93.1783,93.2161,2330402,5778414
2009-03-18,93.2256,93.4618,93.2208,93.4004,2113870,5860248
2009-03-19,93.391,93.4524,93.3579,93.391,1122901,5922776
2009-03-20,93.3862,93.4099,93.339,93.3673,931611,5929926
2009-03-23,93.3768,93.4051,93.3484,93.3721,1287398,5950381
2009-03-24,93.3626,93.3721,93.3295,93.3531,1297499,5970242
2009-03-25,93.3579,93.3579,93.3106,93.3295,1360099,5959572
2009-03-26,93.3201,93.391,93.3106,93.3768,1151101,5968228
2009-03-27,93.3673,93.4335,93.3626,93.4193,998957,5981228
2009-03-30,93.424,93.4524,93.3957,93.4429,1124297,6014102
2009-03-31,93.4429,93.4902,93.424,93.476,1504199,6043324
2009-04-01,93.476,93.5044,93.4429,93.4713,1493604,6009831
2009-04-02,93.4713,93.476,93.424,93.4524,2281800,6032156
2009-04-03,93.4382,93.4713,93.4193,93.4524,1131602,6044881
2009-04-06,93.4571,93.4807,93.4288,93.4524,1290200,6085073
2009-04-07,93.4524,93.4949,93.4524,93.4713,1209502,5989079
2009-04-08,93.476,93.5185,93.4713,93.4949,1036700,6001410
2009-04-09,93.4949,93.5091,93.476,93.4855,1048525,5993106
2009-04-13,93.4949,93.5044,93.4618,93.4949,1211301,5927345
2009-04-14,93.4996,93.5327,93.4902,93.5233,1070399,5986195
2009-04-15,93.5185,93.5469,93.5091,93.5422,1147598,6017249
2009-04-16,93.5422,93.5516,93.5233,93.5375,1720200,6015756
2009-04-17,93.5233,93.5375,93.4713,93.5044,1344498,6046190
2009-04-20,93.4996,93.5233,93.4382,93.4855,1480796,6020295
2009-04-21,93.476,93.4902,93.4288,93.4382,1550996,6030338
2009-04-22,93.4382,93.4902,93.424,93.4855,1395301,6111967
2009-04-23,93.4807,93.5327,93.476,93.5185,1604202,6098659
2009-04-24,93.5185,93.5705,93.5044,93.5469,1561200,6107971
2009-04-27,93.5611,93.6083,93.5469,93.58,1660898,6156498
2009-04-28,93.5847,93.5894,93.5516,93.5658,1243296,6233299
2009-04-29,93.5658,93.6131,93.5564,93.6083,1518301,6206718
2009-04-30,93.5989,93.632,93.5894,93.6225,1106800,6255942
2009-05-01,93.6178,93.632,93.5989,93.6083,820447,6255371
2009-05-04,93.6131,93.6272,93.6036,93.6178,1408400,6283624
2009-05-05,93.6225,93.665,93.6225,93.6461,1670400,6275535
2009-05-06,93.6603,93.6792,93.6461,93.6745,1944399,6322147
2009-05-07,93.6745,93.7123,93.665,93.7029,1816102,6362179
2009-05-08,93.7076,93.7501,93.7029,93.7312,1346702,6351336
2009-05-11,93.7359,93.7737,93.7359,93.7548,1451800,6389935
2009-05-12,93.7548,93.7596,93.7265,93.7548,1487997,6425482
2009-05-13,93.7548,93.7974,93.7359,93.7832,1318303,6425827
2009-05-14,93.7879,93.8068,93.7737,93.7832,1096201,6468453
2009-05-15,93.7785,93.8163,93.7785,93.8068,1344665,6408388
2009-05-18,93.8021,93.8635,93.8021,93.8399,1661000,6413833
2009-05-19,93.8399,93.8966,93.8399,93.8824,1650293,6478628
2009-05-20,93.8872,93.9486,93.8777,93.9439,2628003,6568980
2009-05-21,93.9486,93.9864,93.8872,93.9013,2117301,6649884
2009-05-22,93.9013,93.9344,93.8304,93.8588,2143389,6712145
2009-05-26,93.8588,93.9061,93.7879,93.821,2852598,6723071
2009-05-27,93.8068,93.8635,93.7831,93.8304,2649702,6737125
2009-05-28,93.821,93.8588,93.8115,93.8351,1630298,6714321
2009-05-29,93.8541,93.8872,93.8446,93.873,2349998,6710718
2009-06-01,93.873,93.8824,93.8162,93.8257,1876301,6728392
2009-06-02,93.8257,93.8824,93.8162,93.8635,1973699,6742026
2009-06-03,93.8635,93.9203,93.8635,93.9108,1903301,6767258
2009-06-04,93.9061,93.9155,93.8446,93.8588,5935497,6757691
2009-06-05,93.8588,93.8777,93.6082,93.6744,3266102,6815237
2009-06-08,93.6744,93.7595,93.6507,93.7169,3096000,6800822
2009-06-09,93.7169,93.8304,93.7027,93.8162,2427300,6753293
2009-06-10,93.7973,93.8351,93.7879,93.821,2656602,6718414
2009-06-11,93.8068,93.8635,93.7831,93.8493,2073901,6722561
2009-06-12,93.8399,93.8872,93.8399,93.873,1726199,6676509
2009-06-15,93.873,93.9013,93.8541,93.873,1850312,6582168
2009-06-16,93.873,93.8872,93.8399,93.8682,1918200,5970700
2009-06-17,93.873,93.8824,93.8399,93.8588,3003903,5986324
2009-06-18,93.8541,93.8682,93.7358,93.7879,2082100,6049279
2009-06-19,93.7973,93.8399,93.7879,93.8257,1448399,6054154
2009-06-22,93.8304,93.8777,93.8304,93.8635,1837296,5986744
2009-06-23,93.8588,93.8872,93.8493,93.8824,2230097,6069197
2009-06-24,93.8824,93.9061,93.8541,93.8872,2064904,6185743
2009-06-25,93.8966,93.9486,93.8777,93.9439,1617101,6196657
2009-06-26,93.925,93.9581,93.925,93.9297,1248400,6171504
2009-06-29,93.9344,93.9486,93.925,93.9392,1669897,6149716
2009-06-30,93.9392,93.9486,93.9203,93.9344,1983796,6167107
2009-07-01,93.925,93.9723,93.925,93.9581,2394202,6269263
2009-07-02,93.9581,94.0054,93.9581,93.9912,1322901,6359205
2009-07-06,93.9912,94.029,93.9912,94.0101,1587602,6407381
2009-07-07,94.0101,94.0243,94.0006,94.0195,1854898,6412619
2009-07-08,94.0195,94.0621,94.0148,94.0526,1508601,6487880
2009-07-09,94.0526,94.0574,94.029,94.0479,1340303,6557380
2009-07-10,94.0526,94.0668,94.0432,94.0526,1358102,6451935
2009-07-13,94.0432,94.0621,94.0006,94.0195,2027404,6576461
2009-07-14,94.0148,94.0243,93.9959,94.0148,2214297,6528465
2009-07-15,94.0101,94.029,94.0006,94.0148,1624500,6601607
2009-07-16,94.0148,94.0526,93.9959,94.0432,1615906,6569543
2009-07-17,94.0432,94.0668,94.0432,94.0621,1420198,6544801
2009-07-20,94.0574,94.081,94.0479,94.0716,2412500,6512641
2009-07-21,94.0763,94.0857,94.0574,94.0716,1480098,6578682
2009-07-22,94.0621,94.0763,94.0574,94.0668,1992498,6607538
2009-07-23,94.0668,94.0716,94.0479,94.0526,1257201,6653687
2009-07-24,94.0526,94.0668,94.0479,94.0621,1531696,6643934
2009-07-27,94.0526,94.0857,94.0526,94.0857,2050103,6687454
2009-07-28,94.081,94.0952,94.0716,94.081,2087699,6650615
2009-07-29,94.0857,94.0952,94.0763,94.0857,2065201,6642802
2009-07-30,94.0857,94.1047,94.0857,94.0905,2160402,6692948
2009-07-31,94.0952,94.1047,94.0905,94.0999,1902300,6675941
2009-08-03,94.1047,94.133,94.0999,94.1047,1800198,6644463
2009-08-04,94.1047,94.1236,94.1047,94.1141,1831364,6599391
2009-08-05,94.1094,94.1236,94.0905,94.1094,2377745,6611157
2009-08-06,94.1094,94.1188,94.0999,94.1047,2788300,6618667
2009-08-07,94.1047,94.1141,94.0716,94.0952,2809543,6665064
2009-08-10,94.0952,94.1188,94.0857,94.1141,1529138,6667641
2009-08-11,94.1188,94.133,94.1094,94.1283,1811425,6691260
2009-08-12,94.133,94.1472,94.1283,94.1425,2371395,6682218
2009-08-13,94.1378,94.1614,94.1378,94.1519,2785652,6795690
2009-08-14,94.1472,94.1661,94.1472,94.1519,1753664,6746035
2009-08-17,94.1519,94.1567,94.133,94.1401,1344999,6718907
2009-08-18,94.1378,94.1519,94.133,94.1449,1498626,6714227
2009-08-19,94.1472,94.1614,94.1401,94.159,1761439,6777877
2009-08-20,94.159,94.185,94.1543,94.1732,1322740,6801563
2009-08-21,94.178,94.1921,94.1756,94.1827,1712279,6785121
2009-08-24,94.1732,94.23,94.1685,94.2206,1592408,6864030
2009-08-25,94.2253,94.2395,94.2158,94.23,1344302,6865967
2009-08-26,94.2348,94.2537,94.2158,94.2395,1269074,6840420
2009-08-27,94.249,94.2822,94.2395,94.2774,1386910,6880559
2009-08-28,94.2727,94.3106,94.2585,94.2916,1314193,6868010
2009-08-31,94.2964,94.3153,94.2916,94.3058,1029712,6880086
2009-09-01,94.3058,94.339,94.2537,94.3011,2734332,6898481
2009-09-02,94.2964,94.32,94.2869,94.3153,2082048,6915921
2009-09-03,94.3058,94.32,94.2822,94.3153,1330615,6920811
2009-09-04,94.3058,94.3248,94.2537,94.3106,1595000,6960848
2009-09-08,94.3248,94.3437,94.2964,94.3343,1614881,7049734
2009-09-09,94.3343,94.3579,94.3343,94.3437,1512915,7051311
2009-09-10,94.3485,94.3579,94.3295,94.3343,1934105,7135774
2009-09-11,94.339,94.3485,94.3343,94.339,2468854,7109139
2009-09-14,94.339,94.3437,94.3058,94.3248,1591492,6269834
2009-09-15,94.3153,94.3343,94.2916,94.3106,2034695,6384711
2009-09-16,94.3058,94.339,94.2916,94.3058,2576857,6360616
2009-09-17,94.3106,94.3153,94.2774,94.3058,2024757,6349089
2009-09-18,94.3058,94.3153,94.2727,94.2822,1186098,6347336
2009-09-21,94.2822,94.3248,94.2822,94.3106,1194584,6365700
2009-09-22,94.32,94.3437,94.3106,94.3295,1592543,6447456
2009-09-23,94.3248,94.3769,94.3153,94.3722,2103453,6458224
2009-09-24,94.3627,94.3864,94.3579,94.3674,1992135,6523308
2009-09-25,94.3674,94.3864,94.3437,94.3532,2529544,6570974
2009-09-28,94.3579,94.3816,94.3485,94.3722,1266145,6583226
2009-09-29,94.3769,94.3864,94.3627,94.3816,1866475,6552232
2009-09-30,94.3816,94.4053,94.3722,94.3911,1775351,6596031
2009-10-01,94.3958,94.4148,94.3911,94.3958,2156002,6653533
2009-10-02,94.4006,94.4195,94.3911,94.3958,2439483,6745135
2009-10-05,94.3958,94.4101,94.3958,94.4006,1114444,6801874
2009-10-06,94.4101,94.4101,94.3816,94.3958,1516434,6876309
2009-10-07,94.3911,94.4006,94.3816,94.3864,1358957,6920310
2009-10-08,94.3911,94.3958,94.3816,94.3911,1534845,6914314
2009-10-09,94.3911,94.3911,94.3627,94.3722,2752124,6868289
2009-10-12,94.3722,94.3958,94.3627,94.3816,355809,6850041
2009-10-13,94.3911,94.4101,94.3864,94.4006,1566630,6899812
2009-10-14,94.3911,94.4101,94.3911,94.4006,2122561,6979360
2009-10-15,94.4053,94.4148,94.4006,94.4053,2229391,6999178
2009-10-16,94.4053,94.4101,94.3864,94.3958,2197135,6894391
2009-10-19,94.3911,94.4053,94.3864,94.3958,1529733,6839256
2009-10-20,94.3958,94.4053,94.3958,94.4006,1753691,6945812
2009-10-21,94.4006,94.4101,94.4006,94.4053,1634057,6934875
2009-10-22,94.4053,94.4195,94.4006,94.4101,1759923,7005082
2009-10-23,94.4148,94.4148,94.4006,94.4101,1759923,7005082
2009-10-26,94.4101,94.4195,94.4053,94.4101,1794241,6952040
2009-10-27,94.4101,94.4385,94.4101,94.4337,2142798,7009504
2009-10-28,94.429,94.448,94.4243,94.4385,2628702,7165306
2009-10-29,94.4432,94.448,94.429,94.4385,1826717,7176481
2009-10-30,94.4385,94.448,94.429,94.4385,1892424,7211047
2009-11-02,94.4337,94.4432,94.429,94.4385,1742452,7210372
2009-11-03,94.4432,94.4432,94.4337,94.4385,1905177,7223151
2009-11-04,94.4385,94.4574,94.429,94.4527,2281764,7237015
2009-11-05,94.448,94.4669,94.448,94.4574,1864891,7290242
2009-11-06,94.4622,94.4669,94.4574,94.4622,2341823,7269237
2009-11-09,94.4669,94.4669,94.4622,94.4622,1208361,7270899
2009-11-10,94.4669,94.4716,94.4622,94.4622,1398523,7333248
2009-11-11,94.4716,94.4764,94.4622,94.4764,609501,7326335
2009-11-12,94.4764,94.4764,94.4669,94.4764,1813070,7406615
2009-11-13,94.4764,94.4811,94.4716,94.4764,1084857,7360635
2009-11-16,94.4764,94.4811,94.4716,94.4764,1805719,7412499
2009-11-17,94.4787,94.4811,94.4764,94.4787,1640125,7434627
2009-11-18,94.4787,94.4858,94.4787,94.4835,2163784,7435390
2009-11-19,94.4811,94.4953,94.4811,94.4906,1582925,7471227
2009-11-20,94.4906,94.4977,94.4882,94.4906,1488298,7491897
2009-11-23,94.4953,94.4953,94.4811,94.4858,1167928,7508838
2009-11-24,94.4858,94.4953,94.4764,94.4811,1558697,7511687
2009-11-25,94.4811,94.4906,94.4574,94.4621,1735410,7514997
2009-11-27,94.4621,94.4858,94.3863,94.4195,2046273,7461738
2009-11-30,94.4242,94.4527,94.4195,94.4432,1474550,7485902
2009-12-01,94.4479,94.4669,94.4432,94.4574,1689409,7540131
2009-12-02,94.4574,94.4669,94.4195,94.4242,2163174,7496951
2009-12-03,94.4337,94.4432,94.4005,94.4337,2603758,7499839
2009-12-04,94.4384,94.4432,94.3342,94.391,3597255,7422508
2009-12-07,94.3958,94.4384,94.3816,94.429,1702417,7387918
2009-12-08,94.4384,94.4527,94.429,94.4384,2329485,7395806
2009-12-09,94.4432,94.4479,94.4337,94.4432,1697006,7410893
2009-12-10,94.4432,94.4479,94.4147,94.429,1753448,7452882
2009-12-11,94.429,94.4337,94.4053,94.4242,2438108,7407441
2009-12-14,94.4242,94.4384,94.4053,94.429,1564741,6482067
2009-12-15,94.429,94.4337,94.4005,94.4147,2106500,6489822
2009-12-16,94.4242,94.4479,94.4195,94.4337,2050419,6535188
2009-12-17,94.4337,94.4716,94.4337,94.4669,1867652,6626620
2009-12-18,94.4669,94.4811,94.4527,94.4669,1298412,6627873
2009-12-21,94.4669,94.4716,94.4527,94.4621,1148103,6595925
2009-12-22,94.4716,94.4764,94.4574,94.4669,1400979,6519423
2009-12-23,94.4716,94.4764,94.4621,94.4669,1075837,6481330
2009-12-24,94.4716,94.4764,94.4527,94.4621,481521,6447215
2009-12-28,94.4669,94.4669,94.4337,94.4432,724244,6420258
2009-12-29,94.4384,94.4574,94.4337,94.4527,1072939,6356552
2009-12-30,94.4574,94.4811,94.4527,94.4716,903668,6325046
2009-12-31,94.4811,94.4811,94.4621,94.4716,966575,6358746
2010-01-04,94.4764,94.4858,94.4574,94.4811,1668611,6411951
2010-01-05,94.4811,94.5001,94.4764,94.4906,1867663,6509938
2010-01-06,94.4906,94.5238,94.4906,94.5143,2091244,6485440
2010-01-07,94.5143,94.5238,94.5095,94.519,1949323,6562692
2010-01-08,94.519,94.5332,94.5048,94.5285,2949498,6672643
2010-01-11,94.5238,94.538,94.519,94.5332,1401607,6713974
2010-01-12,94.5332,94.5427,94.5285,94.5332,1796031,6786350
2010-01-13,94.5332,94.538,94.519,94.5285,1879943,6861027
2010-01-14,94.5238,94.538,94.5238,94.5332,1888772,6954890
2010-01-15,94.5332,94.5427,94.5285,94.538,1799905,6875750
2010-01-19,94.5427,94.5427,94.5332,94.538,1942269,6974400
2010-01-20,94.5427,94.5475,94.5332,94.5427,1468396,7060141
2010-01-21,94.5475,94.5475,94.5332,94.5427,2173737,7130524
2010-01-22,94.5475,94.5475,94.519,94.5285,1985792,7210960
2010-01-25,94.5238,94.538,94.519,94.5332,1331050,7263659
2010-01-26,94.5332,94.538,94.5285,94.5332,1599800,7343987
2010-01-27,94.5285,94.5427,94.5285,94.5332,2344224,7404559
2010-01-28,94.538,94.5427,94.5332,94.5332,2285504,7481619
2010-01-29,94.538,94.538,94.5238,94.5332,2130214,7480818
2010-02-01,94.5332,94.538,94.5285,94.5332,1495849,7502488
2010-02-02,94.5332,94.538,94.5285,94.5332,1385255,7542362
2010-02-03,94.5332,94.538,94.5332,94.5332,1330249,7510089
2010-02-04,94.5332,94.5475,94.5332,94.5332,2321242,7573446
2010-02-05,94.538,94.5427,94.5048,94.5238,3304074,7691905
2010-02-08,94.519,94.5332,94.5143,94.5238,1520763,7654827
2010-02-09,94.5238,94.538,94.519,94.5285,1975554,7600103
2010-02-10,94.5285,94.5427,94.5285,94.5332,2688296,7506791
2010-02-11,94.5332,94.538,94.5285,94.5332,1648461,7528038
2010-02-12,94.5332,94.538,94.5285,94.5332,1589335,7403906
2010-02-16,94.5332,94.5475,94.5332,94.5427,1110205,7512633
2010-02-17,94.5451,94.5498,94.5427,94.5451,1822655,7535995
2010-02-18,94.5451,94.5498,94.5285,94.5451,2286996,7532512
2010-02-19,94.5309,94.5427,94.5214,94.538,3132846,7571696
2010-02-22,94.538,94.5522,94.5332,94.5475,1334984,7564402
2010-02-23,94.5475,94.5807,94.5427,94.5665,3124944,7679246
2010-02-24,94.5665,94.5902,94.5617,94.5854,2259756,7822195
2010-02-25,94.5807,94.6044,94.5807,94.5949,1943747,7878788
2010-02-26,94.5949,94.6044,94.5854,94.5997,1467092,7914348
2010-03-01,94.5997,94.6139,94.5902,94.6092,1113116,7929875
2010-03-02,94.6139,94.6187,94.6044,94.6139,1451062,8064422
2010-03-03,94.6139,94.6187,94.6044,94.6139,1795195,8124545
2010-03-04,94.6187,94.6187,94.5807,94.5902,2545502,8085406
2010-03-05,94.5854,94.5949,94.5617,94.576,3220950,8152983
2010-03-08,94.5807,94.5854,94.5617,94.5854,1525432,8088587
2010-03-09,94.5807,94.6044,94.5807,94.5854,1640276,8119253
2010-03-10,94.5854,94.5902,94.576,94.5807,1711528,8152302
2010-03-11,94.5807,94.5807,94.5617,94.5665,2423466,8122976
2010-03-12,94.5665,94.576,94.5475,94.5665,3514106,8025182
2010-03-15,94.5712,94.576,94.557,94.5665,1733180,7078949
2010-03-16,94.5665,94.5949,94.557,94.5854,2525861,7208591
2010-03-17,94.5949,94.5997,94.576,94.5854,1704900,7310754
2010-03-18,94.5902,94.5949,94.5427,94.557,2308275,7325974
2010-03-19,94.5522,94.5617,94.519,94.538,2518695,7301431
2010-03-22,94.5332,94.5617,94.5285,94.557,1360412,7288651
2010-03-23,94.557,94.5807,94.5522,94.5712,1779614,7351430
2010-03-24,94.5665,94.576,94.557,94.5617,2845358,7329087
2010-03-25,94.557,94.5712,94.5522,94.5617,2848231,7298543
2010-03-26,94.5665,94.5712,94.557,94.5617,1645056,7309964
2010-03-29,94.5665,94.576,94.557,94.5665,1319019,7311022
2010-03-30,94.5665,94.576,94.5617,94.5712,1408618,7333532
2010-03-31,94.5712,94.5854,94.5617,94.5807,2514919,7489207
2010-04-01,94.5807,94.5902,94.5807,94.5854,2514919,7489207
2010-04-02,94.5854,94.5854,94.5712,94.576,1200000,7515890
2010-04-05,94.576,94.5854,94.5617,94.5665,2171259,7520858
2010-04-06,94.5665,94.5807,94.5617,94.576,2324482,7525907
2010-04-07,94.576,94.5997,94.576,94.5902,2876115,7644023
2010-04-08,94.5949,94.5949,94.5807,94.5902,2478699,7754037
2010-04-09,94.5902,94.5902,94.576,94.5854,1534974,7744430
2010-04-12,94.576,94.5854,94.576,94.5807,1762243,7830844
2010-04-13,94.5807,94.5902,94.5807,94.5807,2567240,7899735
2010-04-14,94.5854,94.5902,94.576,94.5807,2123566,7980729
2010-04-15,94.5854,94.5902,94.5807,94.5854,1847412,8051120
2010-04-16,94.5854,94.5997,94.5854,94.5902,3169236,8043934
2010-04-19,94.5902,94.5997,94.5854,94.5902,1997946,8018470
2010-04-20,94.5949,94.5997,94.5807,94.5902,2086455,7997854
2010-04-21,94.5902,94.5902,94.5665,94.576,2487978,8002356
2010-04-22,94.5712,94.5807,94.5427,94.5522,2767979,8004823
2010-04-23,94.5427,94.557,94.538,94.5475,2601132,7927020
2010-04-26,94.5475,94.5522,94.5427,94.5475,1922602,7898652
2010-04-27,94.5475,94.5475,94.4763,94.4953,4056308,7927905
2010-04-28,94.4953,94.5143,94.4715,94.5,3168443,7912997
2010-04-29,94.5048,94.5332,94.5048,94.5095,1947544,7904511
2010-04-30,94.5095,94.5237,94.462,94.4858,3152949,7944889
2010-05-03,94.4858,94.5048,94.4668,94.4858,1897874,7963743
2010-05-04,94.481,94.5048,94.4383,94.4525,2912669,7898046
2010-05-05,94.4525,94.462,94.3719,94.4336,3771042,7893919
2010-05-06,94.4193,94.4336,94.144,94.2579,4816659,7857673
2010-05-07,94.2959,94.3386,94.22,94.3149,4468364,7805529
2010-05-10,94.3386,94.4905,94.3386,94.4478,3506287,7762975
2010-05-11,94.4573,94.462,94.3719,94.4193,2462200,7712085
2010-05-12,94.4146,94.4525,94.4051,94.4431,2074630,7733496
2010-05-13,94.4431,94.4525,94.4003,94.4098,1811248,7724723
2010-05-14,94.4051,94.4098,94.3434,94.3576,3297772,7604950
2010-05-17,94.3624,94.3742,94.3268,94.3624,1951848,7567157
2010-05-18,94.3624,94.4027,94.3291,94.3457,2345749,7622681
2010-05-19,94.3481,94.3624,94.3149,94.3529,2275089,7702507
2010-05-20,94.3505,94.3671,94.3101,94.3457,3116714,7759445
2010-05-21,94.3339,94.3434,94.2745,94.3054,3519798,7774241
2010-05-24,94.3054,94.3292,94.215,94.2388,2233510,7774954
2010-05-25,94.2197,94.2578,94.077,94.2293,3524488,7708165
2010-05-26,94.2245,94.3435,94.196,94.2531,3076321,7614452
2010-05-27,94.2293,94.3768,94.2197,94.3672,2661949,7540426
2010-05-28,94.3768,94.4434,94.3435,94.353,2080881,7540797
2010-06-01,94.3672,94.4053,94.3006,94.3863,1764483,7511710
2010-06-02,94.3768,94.4053,94.372,94.3958,1405151,7519896
2010-06-03,94.4005,94.4481,94.3958,94.4386,1932487,7521402
2010-06-04,94.4481,94.4624,94.3815,94.3958,2597432,7611179
2010-06-07,94.4053,94.4291,94.3577,94.4148,1474110,7625447
2010-06-08,94.4053,94.4672,94.4005,94.4576,1961644,7620858
2010-06-09,94.4672,94.5005,94.4386,94.4957,1715868,7670093
2010-06-10,94.4814,94.5147,94.4767,94.5052,1544069,7759620
2010-06-11,94.5052,94.5195,94.4814,94.4957,2158654,7842396
2010-06-14,94.4862,94.5005,94.4672,94.4957,1447127,6864981
2010-06-15,94.4957,94.5005,94.4386,94.4814,1461485,6922716
2010-06-16,94.4814,94.4909,94.4624,94.4814,1200578,6921892
2010-06-17,94.4719,94.4957,94.4624,94.4814,1708199,7060539
2010-06-18,94.4814,94.5052,94.4767,94.4957,1366892,7076757
2010-06-21,94.4957,94.5385,94.4957,94.529,1352530,7090582
2010-06-22,94.5243,94.5338,94.4957,94.51,1657482,7073204
2010-06-23,94.51,94.5195,94.4481,94.4814,2133272,7030944
2010-06-24,94.4672,94.4957,94.4529,94.4624,1669042,7075085
2010-06-25,94.4624,94.5052,94.4624,94.4957,1238949,7102139
2010-06-28,94.5052,94.5433,94.4957,94.5385,1676626,7124333
2010-06-29,94.5338,94.548,94.5052,94.5243,1602079,7209512
2010-06-30,94.5243,94.548,94.5147,94.5338,1743102,7277617
2010-07-01,94.5433,94.5528,94.5243,94.5433,1495309,7321177
2010-07-02,94.5433,94.5671,94.5338,94.5623,1636723,7345893
2010-07-06,94.5671,94.5956,94.5671,94.5813,1175662,7400405
2010-07-07,94.5861,94.6099,94.5766,94.5956,1519285,7469703
2010-07-08,94.5956,94.6337,94.5909,94.6242,1539717,7527042
2010-07-09,94.6242,94.6432,94.6242,94.6337,1300124,7574249
2010-07-12,94.6432,94.6432,94.6099,94.6194,1046585,7557953
2010-07-13,94.6194,94.6337,94.6099,94.6194,1316442,7683002
2010-07-14,94.6194,94.6337,94.6147,94.6289,1615497,7770016
2010-07-15,94.6289,94.6432,94.6289,94.6337,2092617,7849523
2010-07-16,94.6337,94.6717,94.6337,94.6432,2133158,7694917
2010-07-19,94.6527,94.6765,94.6432,94.667,1451382,7787476
2010-07-20,94.6717,94.7051,94.667,94.7003,1496223,7745244
2010-07-21,94.7051,94.7241,94.6908,94.7051,1781574,7657407
2010-07-22,94.7051,94.7288,94.7051,94.7241,1289157,7693517
2010-07-23,94.7241,94.7288,94.6908,94.7098,1539421,7715891
2010-07-26,94.7051,94.7193,94.7003,94.7098,1209572,7786577
2010-07-27,94.7146,94.7336,94.7098,94.7241,1339617,7794894
2010-07-28,94.7288,94.7574,94.7288,94.7526,1327629,7887487
2010-07-29,94.7526,94.7764,94.7526,94.7621,1901475,7826642
2010-07-30,94.7669,94.7859,94.7574,94.7669,1734456,7844181
2010-08-02,94.7669,94.7812,94.7669,94.7717,1149922,7821192
2010-08-03,94.7812,94.7954,94.7717,94.7859,1487745,7842871
2010-08-04,94.7907,94.7954,94.7669,94.7812,1466212,7844164
2010-08-05,94.7764,94.7859,94.7621,94.7764,1619115,7876885
2010-08-06,94.7717,94.7859,94.7621,94.7764,1585310,7903200
2010-08-09,94.7812,94.7859,94.7764,94.7812,1213476,7878166
2010-08-10,94.7859,94.8097,94.7812,94.805,1763033,7980578
2010-08-11,94.805,94.824,94.805,94.8145,1921893,7923528
2010-08-12,94.8145,94.8145,94.7526,94.7859,2413200,7917687
2010-08-13,94.7859,94.7954,94.7717,94.7812,1343176,7894614
2010-08-16,94.7764,94.8002,94.7764,94.7978,1063972,7880265
2010-08-17,94.8002,94.8192,94.7978,94.8169,1277674,7871222
2010-08-18,94.8169,94.8288,94.8121,94.824,1320095,7898731
2010-08-19,94.8264,94.8335,94.824,94.8288,1543430,7891869
2010-08-20,94.8288,94.843,94.8288,94.8406,1302472,7919611
2010-08-23,94.8454,94.8787,94.8407,94.8645,997859,7856159
2010-08-24,94.874,94.8787,94.8168,94.8216,2104422,7853491
2010-08-25,94.8264,94.8311,94.7454,94.7692,2527140,7871137
2010-08-26,94.7835,94.8264,94.7788,94.793,1883301,7886719
2010-08-27,94.7883,94.8121,94.7788,94.8026,2227771,7895512
2010-08-30,94.8073,94.8359,94.8073,94.8264,1304550,7834822
2010-08-31,94.8264,94.8311,94.8073,94.8216,1203706,7896793
2010-09-01,94.8216,94.8311,94.7978,94.8168,1787837,7875606
2010-09-02,94.8121,94.8264,94.8121,94.8216,1299289,7871289
2010-09-03,94.8264,94.8502,94.8168,94.8407,2148097,7864026
2010-09-07,94.8454,94.8597,94.7883,94.7883,2073627,7933258
2010-09-08,94.8026,94.8121,94.7407,94.774,2556211,7921911
2010-09-09,94.774,94.7978,94.7692,94.7835,2211165,7884478
2010-09-10,94.7883,94.8121,94.7835,94.793,2626069,7667430
2010-09-13,94.793,94.8311,94.793,94.8216,1852666,6980539
2010-09-14,94.8311,94.8407,94.8216,94.8359,2165312,7060635
2010-09-15,94.8311,94.8454,94.8311,94.8359,1908182,7163172
2010-09-16,94.8359,94.8454,94.8216,94.8407,1792325,7185997
2010-09-17,94.8407,94.8454,94.8026,94.8264,1723929,7254812
2010-09-20,94.8311,94.8502,94.8216,94.8407,984119,7292747
2010-09-21,94.8407,94.874,94.8359,94.8692,1957445,7128457
2010-09-22,94.8692,94.874,94.8549,94.8692,1579822,7394428
2010-09-23,94.8692,94.874,94.8502,94.8645,1563366,7421873
2010-09-24,94.8597,94.8645,94.8407,94.8597,1417328,7458142
2010-09-27,94.8597,94.8692,94.8549,94.8645,1069250,7580350
2010-09-28,94.8645,94.8692,94.8502,94.8645,2045286,7667541
2010-09-29,94.8645,94.8835,94.8597,94.874,1640979,7763881
2010-09-30,94.8787,94.8835,94.8692,94.874,1837052,7733632
2010-10-01,94.874,94.8787,94.8597,94.8645,1886210,7716443
2010-10-04,94.8645,94.8787,94.8645,94.8692,950156,7744752
2010-10-05,94.874,94.8883,94.8692,94.8835,1250363,7769907
2010-10-06,94.8835,94.9073,94.8787,94.8978,1672856,7813081
2010-10-07,94.9025,94.9121,94.9025,94.9025,1402893,7781807
2010-10-08,94.9073,94.9168,94.9025,94.9073,1874482,7773871
2010-10-11,94.9073,94.9168,94.9073,94.9073,121948,7746952
2010-10-12,94.9121,94.9168,94.9025,94.9073,1169588,7781612
2010-10-13,94.9073,94.9121,94.9025,94.9073,1477088,7815981
2010-10-14,94.9073,94.9121,94.8787,94.8883,1934588,7847074
2010-10-15,94.8883,94.9073,94.8787,94.8835,2066424,7857926
2010-10-18,94.8835,94.8883,94.8597,94.8692,1798235,7885699
2010-10-19,94.8692,94.893,94.8597,94.8645,1981804,7980361
2010-10-20,94.874,94.8883,94.8692,94.8787,1740197,8049834
2010-10-21,94.8835,94.8978,94.8787,94.8883,1467208,8089939
2010-10-22,94.8883,94.8978,94.8883,94.893,1236298,8092088
2010-10-25,94.893,94.9073,94.8883,94.8978,1323077,8157371
2010-10-26,94.9025,94.9025,94.8883,94.893,2504488,8167894
2010-10-27,94.893,94.8978,94.8883,94.893,2306082,8242019
2010-10-28,94.893,94.9073,94.893,94.9025,2140726,8352959
2010-10-29,94.9025,94.9121,94.8978,94.9073,1564192,8376759
2010-11-01,94.9073,94.9121,94.8978,94.9073,2081284,8501000
2010-11-02,94.9025,94.9121,94.8978,94.9121,1265524,8388202
2010-11-03,94.9121,94.9216,94.9073,94.9168,2021126,8417750
2010-11-04,94.9168,94.9263,94.9168,94.9168,2479759,8517774
2010-11-05,94.9168,94.9263,94.893,94.9025,2479759,8500663
2010-11-08,94.9025,94.9168,94.8835,94.893,3180436,8521819
2010-11-09,94.9025,94.9073,94.8835,94.893,3632744,8448168
2010-11-10,94.8978,94.9121,94.874,94.893,4660529,8343609
2010-11-11,94.8978,94.9073,94.8692,94.8787,1046919,8291535
2010-11-12,94.8787,94.9025,94.8787,94.8978,3459076,8164147
2010-11-15,94.8978,94.9168,94.893,94.9097,3484825,8147939
2010-11-16,94.9073,94.9168,94.9025,94.9073,2792389,8072688
2010-11-17,94.9073,94.9192,94.9049,94.9144,2066608,8099079
2010-11-18,94.9121,94.924,94.9097,94.9192,2494502,8043829
2010-11-19,94.9216,94.924,94.9168,94.9192,1394486,8017118
2010-11-22,94.9144,94.924,94.8906,94.9097,2262249,8059195
2010-11-23,94.9144,94.9144,94.8763,94.8906,2872763,8204151
2010-11-24,94.8763,94.8906,94.7763,94.8144,4138578,8132799
2010-11-26,94.8001,94.8096,94.7238,94.7763,2297353,8115832
2010-11-29,94.7667,94.8239,94.7667,94.781,2040876,8091659
2010-11-30,94.8001,94.8096,94.7191,94.7477,2993339,8083590
2010-12-01,94.7191,94.8001,94.7048,94.7858,3732437,8059269
2010-12-02,94.7763,94.8382,94.7667,94.8239,2920139,8045713
2010-12-03,94.8287,94.8859,94.8191,94.8716,3704626,8088031
2010-12-06,94.8763,94.8906,94.8573,94.8811,2053641,8149538
2010-12-07,94.8811,94.9049,94.8668,94.8763,2662073,8170084
2010-12-08,94.8668,94.8859,94.843,94.862,4887949,8023826
2010-12-09,94.862,94.8954,94.862,94.8906,3437536,7965711
2010-12-10,94.8906,94.9049,94.8716,94.8811,2600824,7805708
2010-12-13,94.8763,94.9097,94.8668,94.9001,2323064,7059877
2010-12-14,94.9049,94.9097,94.8906,94.9001,2678552,7064066
2010-12-15,94.8954,94.9001,94.8239,94.8477,2806263,7135015
2010-12-16,94.843,94.8954,94.843,94.8859,2939724,7122943
2010-12-17,94.8859,94.9049,94.8763,94.8954,1703535,7101882
2010-12-20,94.9049,94.9049,94.8811,94.8954,1214978,7067084
2010-12-21,94.8954,94.9097,94.8906,94.9049,1249775,7063589
2010-12-22,94.9049,94.9144,94.9001,94.9049,1206926,7069563
2010-12-23,94.9097,94.9144,94.8954,94.9049,935283,7055682
2010-12-27,94.9049,94.9144,94.9001,94.9049,795735,7055990
2010-12-28,94.9049,94.9144,94.9001,94.9097,856922,7051004
2010-12-29,94.9144,94.943,94.9049,94.9287,1290686,7109383
2010-12-30,94.9383,94.943,94.924,94.9383,975754,7110130
2010-12-31,94.943,94.9526,94.9335,94.9478,641066,7150931
2011-01-03,94.9478,94.9573,94.9383,94.9478,1286659,7257827
2011-01-04,94.9478,94.9573,94.9383,94.9478,2199367,7257558
2011-01-05,94.9478,94.9573,94.9335,94.943,3235585,7308107
2011-01-06,94.943,94.9526,94.9049,94.9192,2864519,7431225
2011-01-07,94.9192,94.9335,94.9049,94.9144,3039775,7488030
2011-01-10,94.9192,94.9287,94.9097,94.9192,1753880,7496818
2011-01-11,94.9287,94.943,94.924,94.9287,1679038,7506868
2011-01-12,94.9335,94.9526,94.9287,94.9478,1945611,7545825
2011-01-13,94.9478,94.9621,94.943,94.9573,2126266,7607645
2011-01-14,94.9573,94.9621,94.9526,94.9573,2111219,7511683
2011-01-18,94.9573,94.9621,94.9526,94.9621,2090306,7598467
2011-01-19,94.9621,94.9669,94.9526,94.9621,1575552,7715309
2011-01-20,94.9621,94.9716,94.9573,94.9621,2383511,7728875
2011-01-21,94.9669,94.9716,94.9621,94.9669,1470529,7787834
2011-01-24,94.9716,94.9716,94.9621,94.9669,1308458,7868722
2011-01-25,94.9716,94.9764,94.9621,94.9669,2555321,7933028
2011-01-26,94.9669,94.9716,94.9621,94.9669,1996973,7999565
2011-01-27,94.9621,94.9764,94.9478,94.9716,2375669,8106236
2011-01-28,94.9716,94.9764,94.9621,94.9669,2334942,8135787
2011-01-31,94.9669,94.9716,94.9526,94.9669,1868090,8224780
2011-02-01,94.9669,94.9716,94.9573,94.9669,2164370,8341997
2011-02-02,94.9716,94.9764,94.9669,94.9716,3306349,8416020
2011-02-03,94.9716,94.9764,94.9669,94.9716,3298348,8458243
2011-02-04,94.9764,94.9811,94.9716,94.9764,3955264,8520095
2011-02-07,94.9716,94.9811,94.9716,94.9764,2150133,8582863
2011-02-08,94.9716,94.9764,94.9716,94.9764,2928109,8684020
2011-02-09,94.9716,94.9859,94.9716,94.9811,3552990,8805133
2011-02-10,94.9764,94.9811,94.9764,94.9811,2645272,8852779
2011-02-11,94.9811,94.9811,94.9716,94.9811,1967938,8863400
2011-02-14,94.9764,94.9811,94.9764,94.9811,1385402,8824243
2011-02-15,94.9811,94.9835,94.9788,94.9811,2670052,8886901
2011-02-16,94.9811,94.9859,94.9788,94.9811,3176445,8969656
2011-02-17,94.9859,94.9883,94.974,94.9859,3219799,8977776
2011-02-18,94.9859,94.9883,94.9716,94.9788,2656365,8959957
2011-02-22,94.9883,94.9883,94.9692,94.9835,3521972,8970365
2011-02-23,94.9788,94.9978,94.974,94.9883,2568319,9064558
2011-02-24,94.9883,94.9978,94.9835,94.9978,2345621,9091158
2011-02-25,94.9978,95.0074,94.9883,95.0026,1782769,9121523
2011-02-28,95.0026,95.0169,94.9978,95.0121,1819446,9198115
2011-03-01,95.0169,95.0265,95.0074,95.0217,2997808,9326908
2011-03-02,95.0169,95.0217,95.0026,95.0074,2293056,9382349
2011-03-03,95.0074,95.0121,94.9931,94.9978,3301403,9419991
2011-03-04,95.0074,95.0217,94.9835,95.0169,4191568,9419138
2011-03-07,95.0169,95.0217,95.0121,95.0169,1818419,9455024
2011-03-08,95.0169,95.0169,95.0074,95.0121,2028493,9524222
2011-03-09,95.0121,95.0169,95.0026,95.0121,1865410,9622043
2011-03-10,95.0121,95.0169,95.0026,95.0121,3274718,9661334
2011-03-11,95.0169,95.0217,95.0074,95.0169,3523543,9688849
2011-03-14,95.0217,95.0312,95.0169,95.0169,2614408,8735939
2011-03-15,95.0217,95.0312,94.9978,95.0074,4477570,8702082
2011-03-16,95.0121,95.0169,94.9788,94.9883,4219418,8710821
2011-03-17,94.9883,95.0074,94.974,94.9978,3101875,8725846
2011-03-18,95.0026,95.0121,94.9978,95.0074,1993515,8795532
2011-03-21,95.0074,95.0121,94.9978,95.0026,2086308,8826337
2011-03-22,95.0026,95.0074,94.9931,94.9978,1546687,8866971
2011-03-23,94.9978,95.0074,94.9883,94.9978,2091765,8888362
2011-03-24,94.9931,95.0026,94.9883,94.9978,1994687,8894936
2011-03-25,94.9978,95.0026,94.9835,94.9978,2695214,8877598
2011-03-28,94.9931,94.9978,94.9835,94.9931,2353576,8836937
2011-03-29,94.9931,95.0026,94.9883,94.9931,2291688,8793701
2011-03-30,95.0026,95.0121,94.9978,95.0074,2140708,8818542
2011-03-31,95.0074,95.0265,94.9978,95.0169,3963193,9025337
2011-04-01,95.0074,95.0408,94.9978,95.0312,4801857,9147335
2011-04-04,95.036,95.0598,95.0312,95.0551,2129356,9200659
2011-04-05,95.0598,95.0694,95.0455,95.0503,2926404,9254557
2011-04-06,95.0503,95.0646,95.0503,95.0551,2186922,9236183
2011-04-07,95.0598,95.0741,95.0551,95.0694,2530139,9244195
2011-04-08,95.0741,95.0837,95.0694,95.0789,2061820,9301534
2011-04-11,95.0789,95.0837,95.0741,95.0789,1395997,9312470
2011-04-12,95.0789,95.0837,95.0741,95.0789,3076715,9389824
2011-04-13,95.0789,95.0932,95.0789,95.0837,2806241,9438626
2011-04-14,95.0884,95.0932,95.0741,95.0789,3160938,9467190
2011-04-15,95.0789,95.0884,95.0741,95.0837,2578088,9529813
2011-04-18,95.0837,95.0884,95.0503,95.0741,3535412,9415107
2011-04-19,95.0741,95.0741,95.0646,95.0694,2147528,9501170
2011-04-20,95.0694,95.0789,95.0646,95.0741,1947128,9602336
2011-04-21,95.0694,95.0741,95.0694,95.0741,1714086,9614987
2011-04-25,95.0694,95.0741,95.0598,95.0694,1234289,9658979
2011-04-26,95.0694,95.0741,95.0646,95.0694,2401031,9773496
2011-04-27,95.0741,95.0837,95.0598,95.0694,2534635,9864640
2011-04-28,95.0741,95.0837,95.0741,95.0789,2866362,9947493
2011-04-29,95.0789,95.0837,95.0789,95.0789,1711423,9995835
2011-05-02,95.0837,95.0884,95.0789,95.0789,1432934,10061081
2011-05-03,95.0884,95.0932,95.0837,95.0884,1792150,10119301
2011-05-04,95.0932,95.1027,95.0884,95.0932,2317481,10160387
2011-05-05,95.1027,95.1075,95.0932,95.1027,3101484,10143387
2011-05-06,95.098,95.1075,95.0837,95.0884,3448696,10151251
2011-05-09,95.0884,95.098,95.0884,95.0932,1890185,9933165
2011-05-10,95.098,95.1075,95.0932,95.1027,2022578,9973664
2011-05-11,95.1027,95.1123,95.098,95.1075,2329431,10037500
2011-05-12,95.1075,95.1123,95.1027,95.1075,2103848,10084204
2011-05-13,95.1075,95.1123,95.1027,95.1075,2664005,10034761
2011-05-16,95.1075,95.1099,95.1027,95.1075,1335073,10001336
2011-05-17,95.1075,95.1099,95.1051,95.1075,1893588,10031981
2011-05-18,95.1075,95.1099,95.0932,95.098,2646232,10017398
2011-05-19,95.098,95.1051,95.0908,95.1027,3581272,10146085
2011-05-20,95.1051,95.1075,95.0956,95.1004,1976184,10169922
2011-05-23,95.1004,95.1004,95.0765,95.0813,1719192,10035318
2011-05-24,95.0765,95.086,95.0717,95.0813,1719751,10168262
2011-05-25,95.0813,95.086,95.0717,95.0765,1754825,10206284
2011-05-26,95.0717,95.0908,95.067,95.0813,2594869,10238517
2011-05-27,95.086,95.0956,95.0813,95.0908,1718252,10216452
2011-05-31,95.0908,95.1004,95.0908,95.0956,2156759,10202720
2011-06-01,95.1004,95.1051,95.0908,95.1004,3165247,10213040
2011-06-02,95.1004,95.1051,95.086,95.0908,2419398,10238793
2011-06-03,95.086,95.1051,95.086,95.0908,2802748,10351943
2011-06-06,95.0956,95.1004,95.0908,95.0908,1456421,10377389
2011-06-07,95.0908,95.0956,95.086,95.0908,2756894,10507948
2011-06-08,95.0908,95.1051,95.0908,95.0956,3475212,10691143
2011-06-09,95.0956,95.1004,95.086,95.0908,2857105,10658839
2011-06-10,95.0956,95.1004,95.0908,95.1004,2512531,10637056
2011-06-13,95.1004,95.1051,95.0956,95.1004,2046564,9902716
2011-06-14,95.1004,95.1051,95.086,95.0956,3376223,9884096
2011-06-15,95.0908,95.0956,95.0383,95.0431,4077479,9944537
2011-06-16,95.0431,95.0526,94.9859,95.0002,4472256,9873578
2011-06-17,95.0002,95.0574,95.0002,95.0336,2276501,9812956
2011-06-20,95.0383,95.0622,95.024,95.0288,2337141,9834038
2011-06-21,95.0336,95.0574,95.0336,95.0526,1870155,9901104
2011-06-22,95.0622,95.0765,95.0479,95.0574,2363883,10014590
2011-06-23,95.0574,95.0622,95.0097,95.0336,3238762,10162858
2011-06-24,95.0336,95.0431,94.9668,94.9954,2672099,10090547
2011-06-27,94.9906,95.0193,94.9715,95.0145,2699757,10064629
2011-06-28,95.0145,95.0431,95.0097,95.0288,3395507,9932668
2011-06-29,95.0288,95.067,95.024,95.0622,3015168,9782837
2011-06-30,95.067,95.0908,95.0622,95.0813,3135997,9706000
2011-07-01,95.0813,95.0908,95.0765,95.086,1822152,9702757
2011-07-05,95.086,95.086,95.0622,95.067,1588160,9713587
2011-07-06,95.067,95.0813,95.0431,95.0574,2035791,9775003
2011-07-07,95.0622,95.0765,95.0574,95.0717,1615844,9784470
2011-07-08,95.0765,95.0765,95.0526,95.067,3248419,9915709
2011-07-11,95.0717,95.0717,95.0097,95.0193,2937050,10097905
2011-07-12,95.0193,95.0288,94.9715,95.0193,3818617,10107489
2011-07-13,95.0097,95.0479,95.0049,95.0336,3233944,10123431
2011-07-14,95.024,95.0574,95.0002,95.0336,2710930,10168904
2011-07-15,95.0383,95.0431,95.0049,95.0145,2810342,10180651
2011-07-18,95.0097,95.0145,94.9906,95.0145,2007912,10010187
2011-07-19,95.0145,95.0336,95.0049,95.0193,2493829,10025499
2011-07-20,95.0288,95.0574,95.024,95.0479,1949783,9970354
2011-07-21,95.0526,95.0765,95.0431,95.067,2429006,9942991
2011-07-22,95.0717,95.086,95.067,95.0813,1706764,9977640
2011-07-25,95.0717,95.0765,95.0622,95.0717,1507510,10047968
2011-07-26,95.0717,95.0908,95.0622,95.0813,1806059,10110078
2011-07-27,95.0765,95.0813,95.0479,95.0574,2264897,10189209
2011-07-28,95.0526,95.0622,95.0383,95.0574,1637498,10265783
2011-07-29,95.0574,95.0574,95.0383,95.0526,2837097,10359339
2011-08-01,95.0622,95.086,95.0526,95.0622,2511659,10406339
2011-08-02,95.0574,95.067,95.0097,95.0193,3021340,10415536
2011-08-03,95.0145,95.0479,94.9954,95.0383,3054330,10442519
2011-08-04,95.0479,95.0956,95.0431,95.0908,3932794,10337018
2011-08-05,95.0765,95.086,95.0526,95.0813,4014907,10304326
2011-08-08,95.0622,95.0765,95.0002,95.024,3633429,10209829
2011-08-09,95.0288,95.0813,95.0097,95.0479,5303945,10197865
2011-08-10,95.0622,95.0956,95.0145,95.0431,5484881,10171446
2011-08-11,95.0288,95.0622,94.9811,95.0193,4257460,10101326
2011-08-12,95.0145,95.0193,94.9859,95.0002,2166118,10107276
2011-08-15,94.9906,95.0383,94.9882,95.0312,1541838,9946910
2011-08-16,95.0359,95.067,95.0264,95.0526,1963582,9930485
2011-08-17,95.0622,95.0646,95.0407,95.0526,1640596,9923204
2011-08-18,95.055,95.055,95.0288,95.0336,2458372,9902445
2011-08-19,95.0383,95.0407,95.0002,95.0216,1710019,9899325
2011-08-22,95.0264,95.0264,94.9739,94.9882,1915219,9793420
2011-08-23,94.9786,94.9834,94.9404,94.95,2209163,9791079
2011-08-24,94.95,95.0312,94.95,95.0169,2310179,9722203
2011-08-25,95.0216,95.0503,95.0073,95.0169,2432207,9694296
2011-08-26,95.0264,95.0646,95.0216,95.0408,1809281,9710277
2011-08-29,95.0408,95.0599,95.0408,95.0503,949159,9681224
2011-08-30,95.0599,95.0694,95.0408,95.0599,1276506,9673431
2011-08-31,95.0694,95.0981,95.0551,95.0646,2142230,9576664
2011-09-01,95.0599,95.079,95.0312,95.0551,2124674,9658747
2011-09-02,95.0551,95.0646,95.0025,95.0169,2200031,9774075
2011-09-06,95.0121,95.0216,94.9548,95.0169,2213197,9701993
2011-09-07,95.0169,95.0503,95.0073,95.036,1649630,9640858
2011-09-08,95.0455,95.0694,95.036,95.0599,1309008,9643013
2011-09-09,95.0599,95.0646,94.9834,95.0073,2206931,9668530
2011-09-12,95.0025,95.0121,94.9643,94.9978,1642538,9630306
2011-09-13,94.9978,95.0121,94.9691,94.9978,1722139,9600667
2011-09-14,95.0025,95.0121,94.9739,95.0025,1583659,9573237
2011-09-15,95.0073,95.122,95.0073,95.0885,2686403,9539309
2011-09-16,95.0885,95.0981,95.0599,95.079,1828498,9601866
2011-09-19,95.0742,95.0981,95.0503,95.0885,1814396,8491931
2011-09-20,95.0933,95.1172,95.0742,95.1076,1567236,8484343
2011-09-21,95.1076,95.1315,95.0503,95.0742,2398759,8518370
2011-09-22,95.0551,95.0694,95.0264,95.0503,2721496,8467115
2011-09-23,95.0551,95.079,95.0408,95.0694,1866563,8416916
2011-09-26,95.0742,95.0933,95.0455,95.0837,1584119,8368337
2011-09-27,95.0837,95.0885,95.0646,95.0742,1254970,8378721
2011-09-28,95.0694,95.0742,95.0503,95.0599,1606630,8355015
2011-09-29,95.0551,95.0646,95.0455,95.0503,1367484,8391371
2011-09-30,95.0599,95.0646,95.036,95.0408,1502098,8373629
2011-10-03,95.036,95.0408,95.0025,95.0121,1589418,8339484
2011-10-04,95.0025,95.0169,94.9548,94.9882,2705271,8328105
2011-10-05,95.0073,95.0121,94.993,95.0073,1869029,8295006
2011-10-06,95.0073,95.0455,95.0073,95.0216,1658084,8256302
2011-10-07,95.0216,95.0312,94.9882,94.993,2015064,8239842
2011-10-10,95.0025,95.0264,94.9978,95.0169,514089,8197738
2011-10-11,95.0073,95.0312,95.0073,95.0216,1719492,8199656
2011-10-12,95.0264,95.0408,95.0216,95.036,1829828,8260883
2011-10-13,95.0408,95.0455,95.0121,95.0264,1946771,8295534
2011-10-14,95.0264,95.0455,95.0216,95.036,1225653,8278565
2011-10-17,95.0408,95.0455,95.0312,95.036,1187065,8132367
2011-10-18,95.036,95.0455,95.0216,95.036,1863702,8135836
2011-10-19,95.0408,95.0599,95.036,95.0408,1415666,8149213
2011-10-20,95.0408,95.0503,95.0216,95.036,1455431,8147879
2011-10-21,95.0312,95.0408,95.0216,95.0312,1185835,8168216
2011-10-24,95.0312,95.0455,95.0312,95.0408,980615,8179620
2011-10-25,95.0408,95.0455,95.0264,95.036,1681255,8223952
2011-10-26,95.0312,95.0408,95.0169,95.0264,1835440,8297950
2011-10-27,95.0264,95.0694,95.0216,95.0646,2047689,8279632
2011-10-28,95.0646,95.079,95.0503,95.0694,1602418,8306199
2011-10-31,95.0742,95.0885,95.0551,95.0646,1858890,8349004
2011-11-01,95.0646,95.0694,95.0216,95.0551,2417538,8490494
2011-11-02,95.0408,95.0694,95.036,95.0503,1837479,8492869
2011-11-03,95.0503,95.0646,95.0312,95.0455,1547954,8631484
2011-11-04,95.0503,95.0551,95.036,95.0455,1608964,8587494
2011-11-07,95.0455,95.0551,95.0312,95.0408,1186835,8592479
2011-11-08,95.0408,95.0455,95.0264,95.036,1448619,8588952
2011-11-09,95.036,95.0408,94.9978,94.9978,2184503,8621474
2011-11-10,95.0025,95.0216,94.9691,94.993,2663887,8645294
2011-11-11,94.993,95.0073,94.9739,94.993,699084,8654345
2011-11-14,94.9978,95.0121,94.981,94.9858,1994208,8609738
2011-11-15,94.9882,94.9978,94.9667,94.9763,1926818,8620542
2011-11-16,94.9739,94.9739,94.9189,94.9333,2190601,8692562
2011-11-17,94.9261,94.9428,94.8783,94.8855,3270636,8681814
2011-11-18,94.9022,94.9333,94.8831,94.9165,2148501,8652962
2011-11-21,94.9165,94.9189,94.8974,94.9022,1210618,8651679
2011-11-22,94.9166,94.9644,94.907,94.9309,1858941,8641460
2011-11-23,94.9357,94.9357,94.8926,94.907,1423980,8655546
2011-11-25,94.907,94.9405,94.8783,94.907,905489,8650662
2011-11-28,94.9118,94.9548,94.907,94.9309,1382853,8682623
2011-11-29,94.9357,94.9788,94.9309,94.9644,1842202,8721607
2011-11-30,94.9644,95.1606,94.9548,95.1175,3590265,8564469
2011-12-01,95.1175,95.151,95.1032,95.1271,2555552,8495644
2011-12-02,95.1175,95.1271,95.0649,95.0888,2060865,8509390
2011-12-05,95.1032,95.1175,95.0888,95.1032,1313687,8471388
2011-12-06,95.0984,95.1079,95.0697,95.0888,1399961,8495479
2011-12-07,95.0936,95.1223,95.0888,95.0984,1563226,8500523
2011-12-08,95.1032,95.1366,95.084,95.1079,1693434,8547317
2011-12-09,95.1079,95.1127,95.0888,95.1079,1441285,8601561
2011-12-12,95.1032,95.1079,95.0792,95.0888,1114039,8632349
2011-12-13,95.0936,95.0984,95.0649,95.0744,1408087,8677126
2011-12-14,95.0792,95.0792,95.0122,95.017,1846927,8741145
2011-12-15,95.0266,95.0505,95.0027,95.041,1475722,8726159
2011-12-16,95.0457,95.0649,95.0362,95.0505,2543526,8618297
2011-12-19,95.0553,95.0792,95.041,95.0457,1598306,7606235
2011-12-20,95.0505,95.0649,95.0505,95.0505,1206356,7560266
2011-12-21,95.0553,95.0792,95.0457,95.0553,1353767,7525012
2011-12-22,95.0601,95.0649,95.041,95.0505,924033,7487669
2011-12-23,95.0505,95.0553,95.0122,95.0314,630372,7478580
2011-12-27,95.017,95.0457,95.017,95.041,349470,7467044
2011-12-28,95.0362,95.0553,95.0362,95.041,721268,7473108
2011-12-29,95.041,95.0649,95.0362,95.0553,800861,7472650
2011-12-30,95.0601,95.084,95.0505,95.0744,1209401,7472650
2012-01-03,95.0744,95.0888,95.0697,95.0744,1448298,7589974
2012-01-04,95.0697,95.0936,95.0697,95.0888,1703702,7640275
2012-01-05,95.084,95.0984,95.0792,95.0936,2243900,7590903
2012-01-06,95.0936,95.1366,95.0888,95.1223,1562200,7583412
2012-01-09,95.1271,95.1654,95.1271,95.1558,1863801,7593633
2012-01-10,95.1558,95.1654,95.1366,95.1606,2419101,7662714
2012-01-11,95.1606,95.1988,95.1462,95.1893,2572500,7769000
2012-01-12,95.1988,95.2371,95.1893,95.2276,2906098,7771672
2012-01-13,95.2323,95.2658,95.2036,95.2323,1982201,7771672
2012-01-17,95.2323,95.2563,95.218,95.2371,1597860,7833803
2012-01-18,95.2323,95.2371,95.1988,95.2084,1964402,7774141
2012-01-19,95.2084,95.218,95.1893,95.2084,1669799,7817150
2012-01-20,95.2084,95.218,95.1941,95.2084,1897101,7828571
2012-01-23,95.2036,95.2228,95.1988,95.2084,1539300,7830179
2012-01-24,95.2084,95.218,95.2036,95.2132,4337301,7864081
2012-01-25,95.2132,95.2276,95.2036,95.218,2532702,7907331
2012-01-26,95.218,95.2515,95.218,95.2419,1551002,7972041
2012-01-27,95.2467,95.2515,95.2276,95.2371,1626803,8039861
2012-01-30,95.2419,95.2467,95.218,95.2371,2026501,8030114
2012-01-31,95.2371,95.2658,95.2371,95.2563,2286599,8056074
2012-02-01,95.261,95.2898,95.261,95.2802,1585501,8128923
2012-02-02,95.2802,95.2993,95.2754,95.2898,2945100,8138078
2012-02-03,95.2898,95.2898,95.2706,95.2802,1929199,8201541
2012-02-06,95.2802,95.2898,95.2658,95.2706,2202398,8211917
2012-02-07,95.2658,95.2754,95.2563,95.2658,1824100,8287842
2012-02-08,95.2658,95.2802,95.261,95.2658,1796395,8332869
2012-02-09,95.2706,95.2802,95.2658,95.2706,1975601,8393043
2012-02-10,95.2754,95.2754,95.2467,95.2658,1884505,8400955
2012-02-13,95.2658,95.2754,95.2515,95.261,1722565,8414888
2012-02-14,95.2515,95.2658,95.2467,95.2563,1965199,8349156
2012-02-15,95.261,95.2706,95.2515,95.2563,2351697,8425957
2012-02-16,95.2563,95.261,95.2323,95.2419,1899606,8453780
2012-02-17,95.2419,95.2515,95.2276,95.2419,1680000,8453780
2012-02-21,95.2419,95.2467,95.2276,95.2419,1264101,8445006
2012-02-22,95.2419,95.2515,95.2323,95.2371,1271702,8457742
2012-02-23,95.2419,95.2419,95.218,95.2228,1085501,8498486
2012-02-24,95.2276,95.2323,95.2084,95.2132,1330597,8513024
2012-02-27,95.2132,95.2467,95.2084,95.2371,1779397,8543761
2012-02-28,95.2467,95.2658,95.2419,95.2611,2368699,8567848
2012-02-29,95.2611,95.2946,95.2611,95.285,2313899,8613763
2012-03-01,95.285,95.3041,95.2754,95.2993,1704698,8663674
2012-03-02,95.3041,95.3281,95.2898,95.3185,1625300,8708512
2012-03-05,95.3185,95.3233,95.285,95.2898,1410999,8706863
2012-03-06,95.2946,95.2993,95.2658,95.2802,1114097,8722939
2012-03-07,95.2802,95.285,95.2658,95.2802,1900101,8714472
2012-03-08,95.285,95.2993,95.2802,95.2898,2279002,8824457
2012-03-09,95.2898,95.2946,95.2658,95.2754,1048098,8874056
2012-03-12,95.2754,95.285,95.2658,95.2754,2676898,8921422
2012-03-13,95.2706,95.2706,95.2467,95.2563,4063299,8870995
2012-03-14,95.2563,95.2658,95.2419,95.2611,2972300,8898269
2012-03-15,95.2611,95.2754,95.2563,95.2658,3273998,8816171
2012-03-16,95.2706,95.2946,95.2658,95.2754,2900500,8851415
2012-03-19,95.2754,95.285,95.2611,95.2706,2586732,8018102
2012-03-20,95.2658,95.2706,95.2371,95.2467,2069201,7996487
2012-03-21,95.2467,95.2563,95.2419,95.2467,1679400,8077906
2012-03-22,95.2515,95.2515,95.2323,95.2467,1335501,8087108
2012-03-23,95.2467,95.2658,95.2467,95.2611,1577700,8113746
2012-03-26,95.2611,95.2802,95.2563,95.2754,1936798,8163351
2012-03-27,95.2754,95.2946,95.2706,95.2898,1617499,8259216
2012-03-28,95.285,95.2946,95.2802,95.285,1722300,8289842
2012-03-29,95.285,95.2898,95.2611,95.2706,1459599,8308030
2012-03-30,95.2658,95.2706,95.2563,95.2658,1116301,8318770
2012-04-02,95.2658,95.2706,95.2611,95.2658,2249901,8385420
2012-04-03,95.2658,95.2706,95.2371,95.2467,2134700,8438012
2012-04-04,95.2467,95.2515,95.2276,95.2419,1649700,8483194
2012-04-05,95.2419,95.2467,95.218,95.2323,1336600,8489271
2012-04-06,95.2371,95.2371,95.218,95.2276,1313902,8561214
2012-04-09,95.218,95.2371,95.218,95.2276,2489500,8555781
2012-04-10,95.2276,95.2371,95.218,95.2228,1597499,8548758
2012-04-11,95.2228,95.2467,95.218,95.2419,1785498,8522999
2012-04-12,95.2419,95.2658,95.2419,95.2563,1514101,8546249
2012-04-13,95.2611,95.2658,95.2419,95.2563,1538499,8573567
2012-04-16,95.2515,95.2563,95.2371,95.2563,1442701,8589915
2012-04-17,95.2515,95.2658,95.2467,95.2611,1090299,8517016
2012-04-18,95.2611,95.2658,95.2515,95.2611,1274899,8557376
2012-04-19,95.2563,95.2611,95.2515,95.2515,851329,8612953
2012-04-20,95.2515,95.2563,95.2467,95.2515,1372003,8674424
2012-04-23,95.2515,95.2563,95.2419,95.2467,1126198,8682670
2012-04-24,95.2467,95.2563,95.2419,95.2515,2548698,8698761
2012-04-25,95.2563,95.2658,95.2467,95.2611,1575801,8734310
2012-04-26,95.2563,95.2658,95.2515,95.2611,1360200,8757256
2012-04-27,95.2515,95.2611,95.2419,95.2611,790722,8795231
2012-04-30,95.2563,95.2611,95.2515,95.2611,1057702,8778015
2012-05-01,95.2611,95.2658,95.2563,95.2611,1072256,8815768
2012-05-02,95.2611,95.2658,95.2563,95.2611,814459,8848261
2012-05-03,95.2658,95.2658,95.2563,95.2611,1372402,8875113
2012-05-04,95.2611,95.2658,95.2563,95.2611,957042,8919452
2012-05-07,95.2611,95.2611,95.2467,95.2611,1842705,8901657
2012-05-08,95.2611,95.2611,95.2371,95.2515,2924800,8944252
2012-05-09,95.2515,95.2515,95.2228,95.2371,1915298,9085841
2012-05-10,95.2323,95.2467,95.2276,95.2419,1912601,9023426
2012-05-11,95.2276,95.2419,95.2228,95.2371,2926399,9072882
2012-05-14,95.2323,95.2371,95.218,95.2323,2606843,8915046
2012-05-15,95.2276,95.2419,95.2276,95.2323,3544198,8834239
2012-05-16,95.2276,95.2419,95.218,95.2371,1935099,8797514
2012-05-17,95.2371,95.2419,95.2323,95.2371,1702800,8721053
2012-05-18,95.2371,95.2371,95.2228,95.2371,1285502,8620209
2012-05-21,95.2371,95.2563,95.2371,95.2467,1746597,8602033
2012-05-22,95.2515,95.2659,95.2323,95.2563,1872605,8591135
2012-05-23,95.2371,95.2563,95.218,95.2371,1895599,8607549
2012-05-24,95.2515,95.2754,95.2323,95.2467,925480,8558113
2012-05-25,95.2515,95.2659,95.2419,95.2515,1231099,8545385
2012-05-29,95.2467,95.2659,95.2467,95.2611,2034001,8570861
2012-05-30,95.2659,95.2706,95.2419,95.2611,2284096,8612164
2012-05-31,95.2611,95.2706,95.2515,95.2611,2314890,8612164
2012-06-01,95.2611,95.2659,95.2132,95.2419,3359067,8622985
2012-06-04,95.2371,95.2515,95.2323,95.2467,1191600,8584791
2012-06-05,95.2467,95.2611,95.2467,95.2563,2423599,8593930
2012-06-06,95.2611,95.2898,95.2563,95.2802,1768101,8582670
2012-06-07,95.285,95.3042,95.2802,95.2946,1294800,8584736
2012-06-08,95.285,95.2898,95.2754,95.285,1626899,8608807
2012-06-11,95.2946,95.3042,95.2802,95.285,2004499,8606960
2012-06-12,95.285,95.2898,95.2706,95.285,1655603,8593322
2012-06-13,95.2802,95.2946,95.2802,95.285,1874000,8601765
2012-06-14,95.285,95.2946,95.2706,95.285,2232200,8585492
2012-06-15,95.2946,95.3377,95.2898,95.3233,2355500,8595181
2012-06-18,95.3377,95.3473,95.3185,95.3281,1988749,8551819
2012-06-19,95.3281,95.3473,95.3281,95.3377,2906099,7827521
2012-06-20,95.3377,95.3664,95.3329,95.3473,1460497,7755830
2012-06-21,95.3425,95.3425,95.3233,95.3329,1443100,7760435
2012-06-22,95.3329,95.3664,95.3233,95.3569,1548498,7791141
2012-06-25,95.3616,95.3856,95.3616,95.3712,1239001,7804438
2012-06-26,95.3664,95.376,95.3521,95.3616,806691,7799927
2012-06-27,95.3616,95.3664,95.3521,95.3569,1347499,7786703
2012-06-28,95.3569,95.3616,95.3281,95.3329,1367371,7786703
2012-06-29,95.3329,95.3521,95.3281,95.3329,1321099,7830468
2012-07-02,95.3377,95.3377,95.3233,95.3329,1092301,7843826
2012-07-03,95.3329,95.3425,95.3329,95.3377,1823902,7829256
2012-07-05,95.3377,95.3712,95.3377,95.3521,1149198,7823950
2012-07-06,95.3569,95.376,95.3521,95.3664,990908,7837832
2012-07-09,95.3712,95.376,95.3569,95.3664,731604,7816193
2012-07-10,95.3664,95.3712,95.3569,95.3664,1740099,7785474
2012-07-11,95.3664,95.4048,95.3664,95.3952,1458002,7863374
2012-07-12,95.3952,95.4191,95.3904,95.4048,1619000,7896413
2012-07-13,95.4048,95.4143,95.3856,95.4,1612502,7929023
2012-07-16,95.4095,95.4191,95.4,95.4048,1196813,7883463
2012-07-17,95.4095,95.4191,95.3904,95.4,1033101,7867261
2012-07-18,95.3952,95.4095,95.3904,95.4,1321798,7905702
2012-07-19,95.4048,95.4335,95.4,95.4143,866600,7944414
2012-07-20,95.4143,95.4191,95.4,95.4095,1131301,7952730
2012-07-23,95.4143,95.4143,95.3952,95.4048,946260,7944516
2012-07-24,95.4,95.4191,95.3952,95.4048,1277001,7936511
2012-07-25,95.4143,95.4191,95.4048,95.4095,1228600,7938519
2012-07-26,95.4143,95.4191,95.4048,95.4143,2023401,7935421
2012-07-27,95.4143,95.4239,95.4048,95.4143,1455899,7952409
2012-07-30,95.4287,95.4383,95.4191,95.4287,1559098,7980751
2012-07-31,95.4335,95.4383,95.4191,95.4239,1991799,7934103
2012-08-01,95.4287,95.4431,95.4191,95.4239,1268699,7942986
2012-08-02,95.4191,95.4239,95.4095,95.4143,1756099,7903876
2012-08-03,95.4143,95.4191,95.4,95.4143,966610,7884019
2012-08-06,95.4143,95.4239,95.4095,95.4143,1641499,7901778
2012-08-07,95.4143,95.4239,95.4095,95.4143,1504601,7907058
2012-08-08,95.4095,95.4143,95.4,95.4095,1513102,7903048
2012-08-09,95.4048,95.4095,95.3952,95.4048,1483401,7926928
2012-08-10,95.4,95.4095,95.4,95.4048,914440,7816353
2012-08-13,95.4,95.4095,95.4,95.4048,1373197,7790245
2012-08-14,95.4,95.4048,95.3952,95.4,1893499,7735507
2012-08-15,95.3952,95.4,95.3952,95.3952,1800498,7753501
2012-08-16,95.3952,95.3952,95.3904,95.3952,1135000,7700732
2012-08-17,95.3904,95.4,95.3904,95.3952,780019,7696516
2012-08-20,95.3952,95.3952,95.3904,95.3952,926621,7706570
2012-08-21,95.3904,95.3952,95.3856,95.3904,2060401,7729894
2012-08-22,95.3856,95.4143,95.3856,95.4,2025403,7795115
2012-08-23,95.4143,95.4335,95.4095,95.4239,1278802,7881834
2012-08-24,95.4191,95.4335,95.4191,95.4287,734430,7889548
2012-08-27,95.4239,95.4335,95.4239,95.4287,879981,7913941
2012-08-28,95.4287,95.4383,95.4287,95.4335,1440099,7913313
2012-08-29,95.4335,95.4383,95.4239,95.4335,1465300,7962582
2012-08-30,95.4287,95.4383,95.4239,95.4335,2412696,8034387
2012-08-31,95.4335,95.4622,95.4287,95.4526,1830300,8133929
2012-09-04,95.4526,95.4574,95.4431,95.4526,1122001,8208560
2012-09-05,95.4574,95.4574,95.4479,95.4526,1581200,8203485
2012-09-06,95.4479,95.4526,95.4383,95.4431,2934300,8201707
2012-09-07,95.4431,95.4574,95.4287,95.4431,1597598,8278553
2012-09-10,95.4526,95.4622,95.4479,95.4574,1739601,8324762
2012-09-11,95.4526,95.4766,95.4526,95.467,2070001,8395923
2012-09-12,95.467,95.4814,95.4622,95.467,3583501,8503904
2012-09-13,95.4718,95.4958,95.467,95.4814,2885697,8536694
2012-09-14,95.4814,95.491,95.4718,95.4814,1751799,8577332
2012-09-17,95.4862,95.4958,95.4814,95.4862,1665348,8583955
2012-09-18,95.4814,95.4862,95.467,95.4718,1256300,7981332
2012-09-19,95.4766,95.4814,95.4718,95.4718,1680304,8018608
2012-09-20,95.4718,95.4766,95.467,95.467,1194900,8069249
2012-09-21,95.467,95.4862,95.467,95.4814,1080502,8113942
2012-09-24,95.4862,95.4862,95.467,95.4718,1829900,8130729
2012-09-25,95.4718,95.4766,95.4574,95.4718,2150198,8177263
2012-09-26,95.4718,95.4718,95.4383,95.4526,1932900,8149092
2012-09-27,95.4526,95.4718,95.4431,95.467,2608500,8104081
2012-09-28,95.467,95.4958,95.467,95.4862,1663402,8081213
2012-10-01,95.491,95.4958,95.4766,95.491,852340,8057593
2012-10-02,95.491,95.5005,95.4814,95.4862,1181002,8041081
2012-10-03,95.4862,95.4958,95.4814,95.491,1370498,8078071
2012-10-04,95.491,95.4958,95.4814,95.491,1673099,8103770
2012-10-05,95.4862,95.491,95.4766,95.4814,557570,8162970
2012-10-08,95.4814,95.4814,95.467,95.4718,1305100,8186501
2012-10-09,95.4718,95.491,95.4718,95.4814,1468602,8226008
2012-10-10,95.4862,95.491,95.4766,95.4862,1512301,8205591
2012-10-11,95.4862,95.4958,95.4862,95.491,1834099,8264065
2012-10-12,95.491,95.5053,95.491,95.5005,1410302,8363986
2012-10-15,95.5053,95.5149,95.4958,95.5053,1443222,8326637
2012-10-16,95.5101,95.5245,95.5101,95.5197,2835900,8271822
2012-10-17,95.5245,95.5245,95.5101,95.5197,2272201,8308618
2012-10-18,95.5149,95.5197,95.5053,95.5149,1709800,8315514
2012-10-19,95.5149,95.5149,95.5005,95.5101,1639701,8344167
2012-10-22,95.5053,95.5149,95.5053,95.5101,1661948,8344167
2012-10-23,95.5101,95.5149,95.5005,95.5053,1440602,8398818
2012-10-24,95.5005,95.5101,95.5005,95.5053,2592499,8391544
2012-10-25,95.5053,95.5101,95.491,95.5005,1536099,8371220
2012-10-26,95.491,95.5005,95.4862,95.4958,778301,8326138
2012-10-29,95.5005,95.5005,95.4814,95.4862,518560,8340961
2012-10-30,95.4862,95.4862,95.4766,95.4862,1689802,8345592
2012-10-31,95.4814,95.4958,95.4814,95.491,1704051,8407606
2012-11-01,95.4958,95.5005,95.4862,95.4958,1923425,8455673
2012-11-02,95.4958,95.5005,95.491,95.4958,1338963,8440519
2012-11-05,95.4958,95.5005,95.491,95.5005,1594759,8452620
2012-11-06,95.4958,95.5005,95.491,95.4958,1986961,8492632
2012-11-07,95.4958,95.5053,95.491,95.5005,2258645,8469715
2012-11-08,95.4958,95.5053,95.4958,95.5005,1514219,8442980
2012-11-09,95.5005,95.5053,95.491,95.5005,1469979,8482279
2012-11-12,95.5005,95.5005,95.4958,95.5005,265569,8466549
2012-11-13,95.5005,95.5005,95.491,95.5005,980868,8480299
2012-11-14,95.4958,95.5005,95.491,95.4958,1365321,8505374
2012-11-15,95.4958,95.5005,95.4814,95.491,1317673,8585280
2012-11-16,95.4862,95.4862,95.4718,95.4814,1832970,8544929
2012-11-19,95.4838,95.4886,95.4814,95.4838,852382,8553338
2012-11-20,95.4838,95.491,95.4814,95.4862,1051345,8586243
2012-11-21,95.4862,95.4886,95.479,95.4838,1260644,8537918
2012-11-23,95.4838,95.4886,95.4742,95.479,527029,8553014
2012-11-26,95.479,95.4838,95.4742,95.479,979036,8485093
2012-11-27,95.479,95.4886,95.479,95.4838,1105888,8525648
2012-11-28,95.4886,95.4981,95.4838,95.4886,1390429,8532344
2012-11-29,95.4934,95.4981,95.4886,95.4886,1114630,8574640
2012-11-30,95.4934,95.4934,95.4886,95.4934,867832,8556588
2012-12-03,95.4934,95.4934,95.4886,95.4934,1000278,8573152
2012-12-04,95.4934,95.5029,95.4886,95.4981,1063615,8613991
2012-12-05,95.5029,95.5077,95.4981,95.5029,1336568,8699857
2012-12-06,95.5077,95.5077,95.5029,95.5029,840032,8726645
2012-12-07,95.5077,95.5173,95.5029,95.5125,1437447,8736740
2012-12-10,95.5173,95.5173,95.5077,95.5125,739786,8746977
2012-12-11,95.5125,95.5221,95.5125,95.5173,1200670,8789838
2012-12-12,95.5173,95.5317,95.5173,95.5221,2682188,8889920
2012-12-13,95.5269,95.5317,95.5221,95.5221,2587040,8938747
2012-12-14,95.5221,95.5317,95.5221,95.5221,1505043,8828907
2012-12-17,95.5269,95.5365,95.5173,95.5221,1874387,8017077
2012-12-18,95.5173,95.5221,95.4934,95.5077,2583544,8014583
2012-12-19,95.4981,95.5077,95.4981,95.4981,1808707,7931329
2012-12-20,95.5029,95.5077,95.4981,95.4981,1395877,7912086
2012-12-21,95.4981,95.5077,95.4981,95.4981,834607,7865896
2012-12-24,95.4981,95.5077,95.4838,95.4934,448661,7864799
2012-12-26,95.4934,95.4934,95.4886,95.4934,304368,7858636
2012-12-27,95.4886,95.5029,95.4838,95.4886,1003206,7880098
2012-12-28,95.4886,95.5029,95.4886,95.4981,778045,7897801
2012-12-31,95.4981,95.5173,95.4934,95.5125,773726,7878461
2013-01-02,95.5125,95.5221,95.5029,95.5173,1379852,7957320
2013-01-03,95.5221,95.5221,95.5125,95.5173,2242503,8062500
2013-01-04,95.5173,95.5221,95.5029,95.5173,2929517,8010754
2013-01-07,95.5173,95.5173,95.5077,95.5173,1428271,8031833
2013-01-08,95.5125,95.5173,95.5077,95.5173,1317885,8061794
2013-01-09,95.5125,95.5221,95.5125,95.5221,1559514,8156934
2013-01-10,95.5221,95.5269,95.5173,95.5221,1798725,8251639
2013-01-11,95.5221,95.5269,95.5173,95.5221,2063166,8285308
2013-01-14,95.5221,95.5269,95.5173,95.5221,1363273,8258994
2013-01-15,95.5173,95.5221,95.5125,95.5173,1882655,8320528
2013-01-16,95.5125,95.5173,95.5125,95.5125,1286186,8393348
2013-01-17,95.5173,95.5173,95.4981,95.4981,2817928,8415558
2013-01-18,95.4981,95.5125,95.4981,95.5029,2003099,8431863
2013-01-22,95.5077,95.5125,95.5029,95.5077,1653105,8482190
2013-01-23,95.5077,95.5173,95.5077,95.5125,1180514,8501682
2013-01-24,95.5125,95.5173,95.5125,95.5125,1585031,8498807
2013-01-25,95.5125,95.5173,95.4981,95.5077,3027324,8504015
2013-01-28,95.5029,95.5125,95.4934,95.5029,2736867,8523375
2013-01-29,95.5029,95.5125,95.5029,95.5029,2135097,8542733
2013-01-30,95.5077,95.5173,95.5029,95.5125,2564439,8501293
2013-01-31,95.5173,95.5173,95.5029,95.5077,1845301,8620220
2013-02-01,95.5029,95.5173,95.5029,95.5125,2861832,8620854
2013-02-04,95.5173,95.5173,95.5077,95.5125,1862907,8684173
2013-02-05,95.5077,95.5173,95.5077,95.5125,1216717,8688167
2013-02-06,95.5125,95.5173,95.5125,95.5125,1475307,8691008
2013-02-07,95.5173,95.5173,95.5125,95.5125,1735679,8710160
2013-02-08,95.5125,95.5221,95.5125,95.5173,1105488,8746006
2013-02-11,95.5173,95.5173,95.5125,95.5173,1149196,8792021
2013-02-12,95.5125,95.5173,95.5125,95.5125,1243703,8820076
2013-02-13,95.5125,95.5173,95.5125,95.5173,1483198,8879194
2013-02-14,95.5173,95.5173,95.5125,95.5173,1911044,8889904
2013-02-15,95.5173,95.5173,95.5125,95.5173,1124994,8844512
2013-02-19,95.5149,95.5197,95.5125,95.5173,1462752,8870871
2013-02-20,95.5173,95.5197,95.5149,95.5173,1667697,8935090
2013-02-21,95.5197,95.5221,95.5149,95.5173,2031261,9002370
2013-02-22,95.5173,95.5221,95.5125,95.5173,1469234,9059780
2013-02-25,95.5173,95.5269,95.5125,95.5173,2755039,9211687
2013-02-26,95.5221,95.5221,95.5029,95.5077,2389910,9192201
2013-02-27,95.5077,95.5077,95.5029,95.5077,1723074,9187591
2013-02-28,95.5077,95.5221,95.5077,95.5173,1480567,9237134
2013-03-01,95.5221,95.5269,95.5173,95.5221,1854350,9374678
2013-03-04,95.5269,95.5317,95.5221,95.5269,1128573,9433141
2013-03-05,95.5317,95.5365,95.5269,95.5317,1195080,9469337
2013-03-06,95.5365,95.5365,95.5317,95.5365,1358192,9496156
2013-03-07,95.5365,95.5365,95.5317,95.5365,1704176,9479105
2013-03-08,95.5317,95.5365,95.5317,95.5365,2476181,9516005
2013-03-11,95.5317,95.5413,95.5317,95.5365,1083047,9513240
2013-03-12,95.5317,95.5365,95.5317,95.5317,1411465,9604035
2013-03-13,95.5317,95.5365,95.5269,95.5365,1916062,9658038
2013-03-14,95.5317,95.5365,95.5269,95.5365,1916341,9704167
2013-03-15,95.5317,95.5317,95.5269,95.5269,2230294,9701105
2013-03-18,95.5269,95.5317,95.5077,95.5269,2328688,8963828
2013-03-19,95.5173,95.5221,95.479,95.4934,4087639,8949610
2013-03-20,95.4934,95.5173,95.4742,95.4934,2346618,8958352
2013-03-21,95.4934,95.5125,95.4838,95.4886,1934320,8965020
2013-03-22,95.4838,95.5029,95.479,95.4886,1573437,9014180
2013-03-25,95.4838,95.5173,95.4742,95.4934,1642651,9038235
2013-03-26,95.4981,95.5077,95.4886,95.4981,1418260,9072452
2013-03-27,95.4934,95.5125,95.479,95.4886,2396579,9084787
2013-03-28,95.4981,95.5077,95.4838,95.4981,1516923,9083674
2013-04-01,95.4981,95.5125,95.4981,95.5029,1079270,9090795
2013-04-02,95.5077,95.5221,95.5077,95.5125,1495724,9113448
2013-04-03,95.5125,95.5221,95.5077,95.5173,2086219,9226364
2013-04-04,95.5173,95.5269,95.5125,95.5221,2089693,9243097
2013-04-05,95.5269,95.5365,95.5173,95.5269,2396894,9254272
2013-04-08,95.5317,95.5317,95.5173,95.5269,1019963,9288222
2013-04-09,95.5173,95.5317,95.5173,95.5269,1323718,9297230
2013-04-10,95.5317,95.5317,95.5269,95.5269,1521294,9317934
2013-04-11,95.5317,95.5365,95.5269,95.5317,1261500,9369002
2013-04-12,95.5317,95.5413,95.5269,95.5317,1206306,9438156
2013-04-15,95.5317,95.5365,95.5269,95.5317,1367939,9382871
2013-04-16,95.5269,95.5317,95.5269,95.5317,1337237,9382858
2013-04-17,95.5317,95.5365,95.5269,95.5365,1363804,9369450
2013-04-18,95.5317,95.5413,95.5317,95.5365,992842,9346809
2013-04-19,95.5413,95.5413,95.5365,95.5365,887830,9342514
2013-04-22,95.5365,95.5461,95.5365,95.5413,1539114,9446073
2013-04-23,95.5461,95.5461,95.5413,95.5413,1573510,9398759
2013-04-24,95.5413,95.5508,95.5413,95.5461,1302431,9437987
2013-04-25,95.5508,95.5508,95.5413,95.5461,1078911,9485476
2013-04-26,95.5461,95.5461,95.5413,95.5461,1075898,9502718
2013-04-29,95.5413,95.5556,95.5413,95.5508,1116060,9496495
2013-04-30,95.5508,95.5556,95.5508,95.5508,1309506,9476859
2013-05-01,95.5508,95.5556,95.5508,95.5508,1196653,9544409
2013-05-02,95.5556,95.5556,95.5508,95.5508,1115604,9605985
2013-05-03,95.5556,95.5556,95.5461,95.5508,2171836,9592791
2013-05-06,95.5508,95.5508,95.5461,95.5508,1075646,9606636
2013-05-07,95.5508,95.5508,95.5461,95.5508,1116009,9586564
2013-05-08,95.5508,95.5508,95.5461,95.5508,1144850,9634176
2013-05-09,95.5508,95.5508,95.5461,95.5508,1529574,9769999
2013-05-10,95.5508,95.5508,95.5413,95.5508,2960942,9813320
2013-05-13,95.5508,95.5508,95.5461,95.5508,2255863,9730569
2013-05-14,95.5461,95.5508,95.5461,95.5484,2555397,9754079
2013-05-15,95.5461,95.5508,95.5461,95.5484,2226774,9734107
2013-05-16,95.5484,95.5508,95.5484,95.5484,2026353,9774883
2013-05-17,95.5484,95.5508,95.5461,95.5484,2062661,9771854
2013-05-20,95.5461,95.5532,95.5461,95.5508,1571129,9789790
2013-05-21,95.5532,95.5532,95.5508,95.5508,1666125,9752818
2013-05-22,95.5508,95.5652,95.5461,95.5508,4442765,9839606
2013-05-23,95.5508,95.5604,95.5461,95.5508,2900290,9747888
2013-05-24,95.5508,95.5556,95.5461,95.5508,1618371,9719978
2013-05-28,95.5508,95.5556,95.5125,95.5365,4584338,9720360
2013-05-29,95.5173,95.5461,95.5173,95.5317,4937826,9549538
2013-05-30,95.5365,95.5461,95.5269,95.5365,2757050,9466058
2013-05-31,95.5365,95.5461,95.5317,95.5365,3455720,9522337
2013-06-03,95.5413,95.5508,95.5365,95.5461,3027295,9499720
2013-06-04,95.5461,95.5508,95.5413,95.5461,1669671,9453810
2013-06-05,95.5461,95.5508,95.5365,95.5413,2126803,9440933
2013-06-06,95.5365,95.5461,95.5317,95.5365,3114819,9385653
2013-06-07,95.5365,95.5461,95.5317,95.5413,3144535,9363819
2013-06-10,95.5413,95.5461,95.5317,95.5413,4696003,9351259
2013-06-11,95.5461,95.5508,95.5317,95.5413,4780586,9343925
2013-06-12,95.5413,95.5461,95.5317,95.5413,2746804,9285321
2013-06-13,95.5461,95.5604,95.5365,95.5508,4024437,9275524
2013-06-14,95.5556,95.5604,95.5508,95.5556,3398044,9301607
2013-06-17,95.5604,95.57,95.5508,95.5604,2387991,8702116
2013-06-18,95.5604,95.5604,95.5508,95.5604,3028271,8774697
2013-06-19,95.5604,95.5604,95.5461,95.5556,5100147,8832393
2013-06-20,95.5508,95.5508,95.5317,95.5461,5325259,8753143
2013-06-21,95.5413,95.5508,95.5029,95.5269,4752462,8616464
2013-06-24,95.5269,95.5269,95.4454,95.5077,5947928,8697293
2013-06-25,95.4981,95.5269,95.4838,95.5077,3690881,8747346
2013-06-26,95.5029,95.5317,95.4981,95.5173,2959040,8746140
2013-06-27,95.5269,95.5413,95.5221,95.5317,2606040,8796737
2013-06-28,95.5413,95.5508,95.5269,95.5365,2439914,8740170
2013-07-01,95.5413,95.5413,95.5317,95.5365,1868050,8655313
2013-07-02,95.5317,95.5461,95.5317,95.5365,2062316,8590139
2013-07-03,95.5317,95.5365,95.5173,95.5269,2178159,8549753
2013-07-05,95.5269,95.5461,95.5173,95.5365,4307696,8718323
2013-07-08,95.5317,95.5461,95.5317,95.5413,2838972,8712152
2013-07-09,95.5461,95.5556,95.5413,95.5461,1901658,8740703
2013-07-10,95.5461,95.5508,95.5413,95.5461,2339012,8703516
2013-07-11,95.5508,95.5604,95.5461,95.5508,2495976,8693445
2013-07-12,95.5556,95.5604,95.5461,95.5508,2046617,8616464
2013-07-15,95.5508,95.5604,95.5461,95.5556,1234036,8581963
2013-07-16,95.5556,95.5652,95.5556,95.5556,1617238,8565243
2013-07-17,95.5604,95.5652,95.5556,95.5604,2266393,8611377
2013-07-18,95.5604,95.5652,95.5556,95.5604,1463673,8612415
2013-07-19,95.5652,95.5652,95.5604,95.5604,970133,8634930
2013-07-22,95.5652,95.57,95.5604,95.5604,863727,8630111
2013-07-23,95.5604,95.57,95.5556,95.5604,1071223,8679341
2013-07-24,95.5652,95.5652,95.5556,95.5604,1442920,8655525
2013-07-25,95.5604,95.57,95.5604,95.5604,2223620,8753158
2013-07-26,95.5652,95.57,95.5604,95.5652,1175171,8788370
2013-07-29,95.57,95.57,95.5604,95.5652,1012376,8816557
2013-07-30,95.57,95.57,95.5652,95.5652,1299267,8888297
2013-07-31,95.5652,95.57,95.5604,95.57,2499626,8930884
2013-08-01,95.57,95.5748,95.5652,95.57,2293934,8960051
2013-08-02,95.57,95.5748,95.5652,95.57,2689405,9022301
2013-08-05,95.57,95.5748,95.57,95.57,1315175,9049817
2013-08-06,95.5748,95.5748,95.57,95.57,1006120,9073939
2013-08-07,95.5748,95.5796,95.57,95.57,1360398,9100809
2013-08-08,95.5748,95.5796,95.57,95.57,1043249,9126998
2013-08-09,95.5748,95.5748,95.57,95.57,845457,9171640
2013-08-12,95.5748,95.5748,95.57,95.57,1097581,9196318
2013-08-13,95.57,95.5748,95.57,95.57,1900481,9222942
2013-08-14,95.5748,95.5796,95.57,95.5748,1584602,9279173
2013-08-15,95.5796,95.5796,95.5748,95.5748,2764561,9368912
2013-08-16,95.5748,95.5796,95.5748,95.5748,2076259,9375468
2013-08-19,95.5796,95.5796,95.5772,95.5772,1683523,9346081
2013-08-20,95.5796,95.582,95.5772,95.5796,1350118,9332553
2013-08-21,95.582,95.582,95.5772,95.5796,2070441,9387877
2013-08-22,95.57,95.5796,95.5604,95.5748,3031084,9468279
2013-08-23,95.57,95.5844,95.5604,95.5748,2782394,9538090
2013-08-26,95.5844,95.5892,95.5748,95.5844,1255626,9569532
2013-08-27,95.5844,95.5892,95.5748,95.5844,1651897,9513056
2013-08-28,95.5844,95.5892,95.5796,95.5844,1731936,9478104
2013-08-29,95.5892,95.594,95.5796,95.5892,1855894,9424941
2013-08-30,95.5892,95.5988,95.5844,95.594,1461555,9444521
2013-09-03,95.5988,95.5988,95.5844,95.594,2584333,9433491
2013-09-04,95.594,95.5988,95.5892,95.594,2705771,9534660
2013-09-05,95.594,95.594,95.5844,95.5892,3417540,9554703
2013-09-06,95.5844,95.5988,95.5796,95.594,3754992,9582399
2013-09-09,95.594,95.6036,95.594,95.5988,2151985,9592330
2013-09-10,95.5988,95.6036,95.594,95.5988,2040261,9580527
2013-09-11,95.594,95.6036,95.594,95.5988,2015564,9617937
2013-09-12,95.6036,95.6084,95.594,95.5988,2572044,9658786
2013-09-13,95.594,95.6036,95.594,95.5988,1966551,9630475
2013-09-16,95.6036,95.6132,95.5988,95.6036,3607342,8938213
2013-09-17,95.6084,95.6132,95.6036,95.6084,3436078,8995858
2013-09-18,95.6084,95.618,95.6036,95.6132,5144224,8798178
2013-09-19,95.6132,95.6227,95.6084,95.618,3196307,8793398
2013-09-20,95.618,95.6227,95.6132,95.618,1745951,8804326
2013-09-23,95.618,95.6227,95.6132,95.6227,1511809,8862151
2013-09-24,95.6227,95.6227,95.6132,95.618,2076289,8817103
2013-09-25,95.6132,95.6227,95.6084,95.618,1912039,8779345
2013-09-26,95.618,95.618,95.6084,95.6132,1780862,8780092
2013-09-27,95.6132,95.618,95.6084,95.6132,1715433,8834772
2013-09-30,95.6084,95.6132,95.594,95.6084,2063154,8869187
2013-10-01,95.6084,95.618,95.6036,95.6132,1960290,8928021
2013-10-02,95.618,95.6227,95.6132,95.6132,3361131,9103872
2013-10-03,95.6132,95.6227,95.6132,95.6132,2105493,9140614
2013-10-04,95.618,95.618,95.6084,95.6132,1508561,9256041
2013-10-07,95.6132,95.6132,95.5988,95.6036,1515965,9307812
2013-10-08,95.6036,95.6036,95.5652,95.57,2100125,9374660
2013-10-09,95.57,95.5844,95.5556,95.5796,2261443,9312175
2013-10-10,95.5844,95.6084,95.5796,95.6036,2082349,9374735
2013-10-11,95.6084,95.6084,95.5892,95.6036,387269,9417028
2013-10-14,95.594,95.6084,95.5844,95.594,1732374,9379269
2013-10-15,95.6084,95.6132,95.5988,95.6036,1765268,9357720
2013-10-16,95.6036,95.6227,95.594,95.618,2033241,9459358
2013-10-17,95.6227,95.6371,95.618,95.6275,2427569,9513905
2013-10-18,95.6323,95.6371,95.6275,95.6323,1784723,9529932
2013-10-21,95.6323,95.6467,95.6323,95.6371,1088206,9559964
2013-10-22,95.6419,95.6467,95.6371,95.6419,2165723,9563305
2013-10-23,95.6419,95.6467,95.6371,95.6419,2822078,9634567
2013-10-24,95.6371,95.6419,95.6371,95.6419,1299904,9588809
2013-10-25,95.6419,95.6467,95.6371,95.6419,1202611,9613737
2013-10-28,95.6419,95.6467,95.6419,95.6419,962691,9566016
2013-10-29,95.6467,95.6467,95.6419,95.6419,1588144,9581208
2013-10-30,95.6419,95.6467,95.6371,95.6419,2572940,9600339
2013-10-31,95.6419,95.6467,95.6371,95.6419,2451404,9676331
2013-11-01,95.6419,95.6467,95.6371,95.6419,2098521,9714781
2013-11-04,95.6467,95.6467,95.6419,95.6419,968376,9697233
2013-11-05,95.6419,95.6467,95.6419,95.6419,2001772,9815794
2013-11-06,95.6419,95.6467,95.6419,95.6419,2984619,9923591
2013-11-07,95.6467,95.6515,95.6419,95.6467,3501714,10097221
2013-11-08,95.6467,95.6515,95.6419,95.6467,3807276,10200530
2013-11-11,95.6419,95.6467,95.6419,95.6467,319581,10212960
2013-11-12,95.6419,95.6467,95.6419,95.6419,1792081,10203515
2013-11-13,95.6419,95.6467,95.6371,95.6419,1768139,10259825
2013-11-14,95.6467,95.6515,95.6419,95.6419,2425532,10307413
2013-11-15,95.6515,95.6515,95.6467,95.6515,1718458,10275964
2013-11-18,95.6491,95.6515,95.6491,95.6515,1784021,10110716
2013-11-19,95.6491,95.6515,95.6491,95.6515,1338932,10125514
2013-11-20,95.6515,95.6587,95.6491,95.6539,3094035,10193929
2013-11-21,95.6539,95.6563,95.6539,95.6539,2964756,10204996
2013-11-22,95.6587,95.6587,95.6539,95.6539,1460860,10276155
2013-11-25,95.6539,95.6587,95.6491,95.6539,1436975,10361872
2013-11-26,95.6539,95.6539,95.6491,95.6491,1609856,10424169
2013-11-27,95.6491,95.6539,95.6491,95.6491,1501492,10440846
2013-11-29,95.6539,95.6539,95.6491,95.6491,845493,10456672
2013-12-02,95.6539,95.6539,95.6491,95.6539,1590617,10511154
2013-12-03,95.6539,95.6539,95.6491,95.6491,1389233,10534798
2013-12-04,95.6491,95.6539,95.6491,95.6539,2428752,10588435
2013-12-05,95.6539,95.6539,95.6491,95.6539,2279376,10664732
2013-12-06,95.6539,95.6587,95.6491,95.6539,3171308,10693984
2013-12-09,95.6539,95.6539,95.6443,95.6491,1177262,10726285
2013-12-10,95.6491,95.6539,95.6491,95.6491,1752432,10734066
2013-12-11,95.6491,95.6539,95.6443,95.6491,1828303,10814413
2013-12-12,95.6491,95.6491,95.6347,95.6443,3121139,10846009
2013-12-13,95.6395,95.6443,95.6395,95.6395,1851118,10551271
2013-12-16,95.6395,95.6443,95.6347,95.6347,1983804,9870767
2013-12-17,95.6347,95.6491,95.6347,95.6443,2231596,9993489
2013-12-18,95.6491,95.6539,95.6347,95.6443,4742452,10226783
2013-12-19,95.6395,95.6395,95.6108,95.6299,3635690,10218975
2013-12-20,95.6251,95.6299,95.6155,95.6251,3089686,10239234
2013-12-23,95.6203,95.6251,95.6155,95.6203,1433137,10250483
2013-12-24,95.6203,95.6251,95.6155,95.6203,904050,10274131
2013-12-26,95.6203,95.6251,95.6155,95.6203,328477,10345058
2013-12-27,95.6203,95.6299,95.6203,95.6299,947200,10332707
2013-12-30,95.6251,95.6347,95.6251,95.6299,1017786,10296736
2013-12-31,95.6347,95.6347,95.6251,95.6299,778657,10154610
2014-01-02,95.6299,95.6347,95.6251,95.6299,1151982,10136948
2014-01-03,95.6347,95.6443,95.6299,95.6395,1582232,10152515
2014-01-06,95.6443,95.6443,95.6395,95.6395,1775842,10191473
2014-01-07,95.6395,95.6443,95.6395,95.6395,1836630,10197465
2014-01-08,95.6443,95.6443,95.6395,95.6395,4740061,10199212
2014-01-09,95.6395,95.6443,95.6395,95.6395,2841741,10172815
2014-01-10,95.6443,95.6539,95.6395,95.6443,4059943,10180195
2014-01-13,95.6491,95.6539,95.6491,95.6491,2112826,10048851
2014-01-14,95.6491,95.6539,95.6491,95.6539,2111534,10090118
2014-01-15,95.6491,95.6539,95.6491,95.6539,2435375,10138141
2014-01-16,95.6539,95.6539,95.6491,95.6491,2149559,10217617
2014-01-17,95.6539,95.6587,95.6491,95.6539,1793689,10266388
2014-01-21,95.6539,95.6587,95.6491,95.6539,2251212,10326059
2014-01-22,95.6587,95.6587,95.6539,95.6539,2602600,10351603
2014-01-23,95.6587,95.6587,95.6443,95.6491,3478388,10308977
2014-01-24,95.6491,95.6491,95.6347,95.6443,4531979,10166249
2014-01-27,95.6395,95.6539,95.6347,95.6491,2626596,10090993
2014-01-28,95.6491,95.6539,95.6443,95.6491,2414338,10006639
2014-01-29,95.6491,95.6539,95.6395,95.6491,3574471,9927088
2014-01-30,95.6491,95.6587,95.6443,95.6491,2038852,9963494
2014-01-31,95.6587,95.6587,95.6443,95.6539,2649302,9935649
2014-02-03,95.6587,95.6587,95.6491,95.6539,2738384,9974707
2014-02-04,95.6539,95.6587,95.6491,95.6539,1994583,9957610
2014-02-05,95.6587,95.6635,95.6539,95.6587,2301148,9934445
2014-02-06,95.6635,95.6635,95.6587,95.6587,2491155,9988156
2014-02-07,95.6635,95.6683,95.6587,95.6587,3182766,9951461
2014-02-10,95.6635,95.6635,95.6587,95.6587,1164643,9985155
2014-02-11,95.6635,95.6635,95.6587,95.6635,2273503,9968139
2014-02-12,95.6587,95.6683,95.6587,95.6635,2581350,9963517
2014-02-13,95.6635,95.6683,95.6635,95.6635,2442137,9982358
2014-02-14,95.6683,95.6683,95.6635,95.6683,1542415,9910103
2014-02-18,95.6683,95.6683,95.6659,95.6683,1614128,9948630
2014-02-19,95.6659,95.6707,95.6659,95.6683,1878416,9937837
2014-02-20,95.6683,95.6707,95.6659,95.6683,2327914,9951012
2014-02-21,95.6659,95.6683,95.6659,95.6683,1463998,10046191
2014-02-24,95.6683,95.6683,95.6635,95.6683,918601,10071526
2014-02-25,95.6635,95.6731,95.6635,95.6683,1366075,10115984
2014-02-26,95.6683,95.6683,95.6587,95.6683,1866360,10203571
2014-02-27,95.6683,95.6683,95.6587,95.6683,2330972,10218578
2014-02-28,95.6683,95.6683,95.6587,95.6683,2268973,10282425
2014-03-03,95.6635,95.6635,95.6587,95.6635,2125315,10391164
2014-03-04,95.6587,95.6683,95.6587,95.6635,1971001,10494701
2014-03-05,95.6635,95.6683,95.6587,95.6635,2009503,10526122
2014-03-06,95.6635,95.6683,95.6587,95.6635,1507948,10554893
2014-03-07,95.6635,95.6683,95.6587,95.6635,3537648,10635170
2014-03-10,95.6587,95.6635,95.6587,95.6635,1940281,10659124
2014-03-11,95.6635,95.6635,95.6587,95.6587,1746566,10646711
2014-03-12,95.6587,95.6635,95.6587,95.6587,1908751,10639067
2014-03-13,95.6635,95.6635,95.6587,95.6587,3740904,10711411
2014-03-14,95.6587,95.6635,95.6539,95.6587,3221595,10665796
2014-03-17,95.6539,95.6587,95.6491,95.6587,1696380,10076090
2014-03-18,95.6587,95.6587,95.6539,95.6587,2154457,10046976
2014-03-19,95.6539,95.6635,95.6539,95.6587,6039753,10160710
2014-03-20,95.6539,95.6587,95.6539,95.6587,5051760,10200573
2014-03-21,95.6539,95.6587,95.6539,95.6539,2891138,10247131
2014-03-24,95.6539,95.6587,95.6539,95.6587,3344452,10397831
2014-03-25,95.6539,95.6635,95.6539,95.6587,2765688,10382396
2014-03-26,95.6635,95.6683,95.6587,95.6683,2658550,10422522
2014-03-27,95.6683,95.6731,95.6635,95.6683,2901057,10525286
2014-03-28,95.6731,95.6731,95.6683,95.6683,1745920,10567231
2014-03-31,95.6731,95.6779,95.6683,95.6683,2969603,10584247
2014-04-01,95.6779,95.6779,95.6731,95.6731,2069130,10575721
2014-04-02,95.6731,95.6779,95.6731,95.6731,2862215,10652565
2014-04-03,95.6731,95.6779,95.6731,95.6731,1610583,10658350
2014-04-04,95.6731,95.6779,95.6731,95.6731,4143953,10694024
2014-04-07,95.6779,95.6827,95.6731,95.6779,2349506,10644826
2014-04-08,95.6779,95.6827,95.6731,95.6779,1502084,10647642
2014-04-09,95.6827,95.6875,95.6779,95.6827,3258722,10785940
2014-04-10,95.6827,95.6875,95.6779,95.6827,4213369,10854483
2014-04-11,95.6827,95.6875,95.6779,95.6827,2392868,10779692
2014-04-14,95.6827,95.6875,95.6779,95.6827,2044361,10754386
2014-04-15,95.6779,95.6875,95.6779,95.6827,2279901,10818897
2014-04-16,95.6827,95.6875,95.6827,95.6827,1906590,10889683
2014-04-17,95.6827,95.6875,95.6779,95.6827,2323966,10882197
2014-04-21,95.6779,95.6875,95.6779,95.6827,956791,10929595
2014-04-22,95.6827,95.6875,95.6779,95.6827,1815864,11020908
2014-04-23,95.6827,95.6827,95.6779,95.6827,1920553,11083094
2014-04-24,95.6827,95.6827,95.6779,95.6827,1599785,11096068
2014-04-25,95.6779,95.6827,95.6779,95.6827,1314159,11130301
2014-04-28,95.6827,95.6875,95.6779,95.6827,1705560,11132241
2014-04-29,95.6827,95.6875,95.6827,95.6827,1316509,11168071
2014-04-30,95.6827,95.6923,95.6827,95.6827,2531235,11180870
2014-05-01,95.6875,95.6923,95.6875,95.6875,1742976,11268810
2014-05-02,95.6875,95.6923,95.6875,95.6875,5926532,11336971
2014-05-05,95.6875,95.6923,95.6875,95.6875,1646597,11366824
2014-05-06,95.6875,95.6923,95.6875,95.6875,1406406,11401562
2014-05-07,95.6923,95.6923,95.6875,95.6875,2830436,11444941
2014-05-08,95.6875,95.6971,95.6875,95.6875,2630815,11486426
2014-05-09,95.6923,95.6971,95.6875,95.6875,2024339,11534587
2014-05-12,95.6875,95.6923,95.6875,95.6923,2934983,11587666
2014-05-13,95.6923,95.6923,95.6875,95.6923,3080160,11560228
2014-05-14,95.6923,95.6923,95.6875,95.6923,3971306,11589817
2014-05-15,95.6923,95.6971,95.6875,95.6923,4240195,11666060
2014-05-16,95.6923,95.6923,95.6875,95.6923,1711563,11700907
2014-05-19,95.6899,95.6899,95.6875,95.6899,1596767,11671470
2014-05-20,95.6899,95.6899,95.6851,95.6875,3082534,11672391
2014-05-21,95.6875,95.6899,95.6851,95.6875,3042385,11804272
2014-05-22,95.6923,95.6923,95.6827,95.6875,1474509,11833868
2014-05-23,95.6875,95.6875,95.6827,95.6827,1117999,11837364
2014-05-27,95.6827,95.6875,95.6779,95.6827,2016180,11870550
2014-05-28,95.6827,95.6875,95.6827,95.6827,2621413,11875318
2014-05-29,95.6875,95.6875,95.6827,95.6827,2761952,11903029
2014-05-30,95.6827,95.6875,95.6827,95.6827,2202943,11981289
2014-06-02,95.6827,95.6875,95.6827,95.6875,1841249,11916097
2014-06-03,95.6875,95.6875,95.6827,95.6875,2147221,11897568
2014-06-04,95.6827,95.6875,95.6779,95.6875,2869628,11748843
2014-06-05,95.6827,95.6923,95.6827,95.6923,2477049,11779408
2014-06-06,95.6923,95.6923,95.6827,95.6875,3052936,11855532
2014-06-09,95.6827,95.6875,95.6827,95.6875,1831884,11862791
2014-06-10,95.6827,95.6875,95.6779,95.6827,2454880,11891593
2014-06-11,95.6779,95.6827,95.6779,95.6827,2021330,11903633
2014-06-12,95.6779,95.6971,95.6779,95.6779,4453189,11868005
2014-06-13,95.6827,95.6827,95.6683,95.6779,3434559,11768099
2014-06-16,95.6779,95.6779,95.6731,95.6779,1997580,11148284
2014-06-17,95.6731,95.6779,95.6683,95.6779,3562751,11227782
2014-06-18,95.6779,95.6827,95.6683,95.6779,5220068,11279650
2014-06-19,95.6779,95.6875,95.6779,95.6827,3461045,11375724
2014-06-20,95.6875,95.6875,95.6827,95.6827,2015327,11405225
2014-06-23,95.6827,95.6875,95.6779,95.6827,1653533,11442844
2014-06-24,95.6827,95.6827,95.6779,95.6827,2201075,11520318
2014-06-25,95.6827,95.6875,95.6779,95.6827,2837322,11535703
2014-06-26,95.6875,95.6875,95.6827,95.6827,2406244,11508973
2014-06-27,95.6875,95.6875,95.6827,95.6827,1725397,11539755
2014-06-30,95.6875,95.6875,95.6827,95.6827,1519079,11620491
2014-07-01,95.6827,95.6875,95.6827,95.6827,2230150,11798101
2014-07-02,95.6875,95.6875,95.6827,95.6827,3175999,11860517
2014-07-03,95.6827,95.6875,95.6827,95.6875,3771054,12008100
2014-07-07,95.6875,95.6875,95.6779,95.6827,1470182,12048673
2014-07-08,95.6827,95.6875,95.6779,95.6827,1908910,12096904
2014-07-09,95.6827,95.6875,95.6779,95.6827,4640186,11995626
2014-07-10,95.6827,95.6875,95.6827,95.6827,3310779,11997394
2014-07-11,95.6827,95.6875,95.6827,95.6827,2392525,11980677
2014-07-14,95.6875,95.6875,95.6827,95.6875,1185139,11941423
2014-07-15,95.6875,95.6875,95.6827,95.6875,3681732,11939736
2014-07-16,95.6827,95.6875,95.6827,95.6875,2240437,12019541
2014-07-17,95.6875,95.6875,95.6827,95.6875,2878727,11985379
2014-07-18,95.6875,95.6923,95.6827,95.6875,1717673,11989537
2014-07-21,95.6875,95.6875,95.6827,95.6875,2176973,12086796
2014-07-22,95.6827,95.6875,95.6827,95.6875,2301440,12119887
2014-07-23,95.6875,95.6875,95.6827,95.6875,1323094,12149545
2014-07-24,95.6875,95.6875,95.6827,95.6875,2179545,12236657
2014-07-25,95.6875,95.6875,95.6827,95.6875,2014264,12317373
2014-07-28,95.6875,95.6875,95.6827,95.6875,2143800,12397164
2014-07-29,95.6827,95.6875,95.6779,95.6875,2355428,12363705
2014-07-30,95.6827,95.6875,95.6731,95.6827,5323405,12437606
2014-07-31,95.6779,95.6827,95.6731,95.6827,3682163,12492569
2014-08-01,95.6827,95.6875,95.6779,95.6827,4821429,12472013
2014-08-04,95.6827,95.6875,95.6827,95.6827,2298513,12502227
2014-08-05,95.6827,95.6875,95.6827,95.6875,2007965,12498071
2014-08-06,95.6875,95.6875,95.6827,95.6875,2316867,12514945
2014-08-07,95.6875,95.6875,95.6827,95.6875,2414057,12523746
2014-08-08,95.6875,95.6875,95.6827,95.6875,2956065,12618550
2014-08-11,95.6875,95.6875,95.6827,95.6875,1320210,12662597
2014-08-12,95.6875,95.6923,95.6827,95.6875,2118616,12745334
2014-08-13,95.6923,95.6923,95.6875,95.6875,2656688,12828355
2014-08-14,95.6875,95.6923,95.6875,95.6875,2664396,12818353
2014-08-15,95.6923,95.6923,95.6875,95.6875,3074111,12746823
2014-08-18,95.6899,95.6923,95.6875,95.6899,1407581,12725807
2014-08-19,95.6875,95.6899,95.6875,95.6899,1536427,12802196
2014-08-20,95.6899,95.6899,95.6875,95.6899,2674092,12778812
2014-08-21,95.6875,95.6899,95.6851,95.6875,2126473,12783398
2014-08-22,95.6923,95.6923,95.6827,95.6875,2708088,12818914
2014-08-25,95.6875,95.6875,95.6827,95.6875,1549240,12889112
2014-08-26,95.6827,95.6923,95.6827,95.6875,1944512,12885795
2014-08-27,95.6875,95.6923,95.6875,95.6875,1673351,12893313
2014-08-28,95.6923,95.6923,95.6827,95.6875,2028794,12957314
2014-08-29,95.6923,95.6971,95.6875,95.6923,1565047,12988039
2014-09-02,95.6923,95.6923,95.6875,95.6923,2340706,13117576
2014-09-03,95.6923,95.6971,95.6875,95.6923,2521674,13151047
2014-09-04,95.6923,95.7019,95.6923,95.6923,3145343,13194853
2014-09-05,95.6923,95.7019,95.6875,95.6971,4628702,13241609
2014-09-08,95.7019,95.7019,95.6923,95.6923,2331253,13313215
2014-09-09,95.6923,95.6971,95.6827,95.6923,2942882,13307434
2014-09-10,95.6875,95.6923,95.6827,95.6875,2920861,13347468
2014-09-11,95.6875,95.6923,95.6827,95.6875,3050608,13444121
2014-09-12,95.6875,95.6923,95.6827,95.6923,3499469,13514941
2014-09-15,95.6875,95.6971,95.6875,95.6923,2449224,12833142
2014-09-16,95.6923,95.6971,95.6875,95.6923,3470234,12907805
2014-09-17,95.6875,95.7019,95.6875,95.6923,6880382,13042395
2014-09-18,95.6923,95.6971,95.6875,95.6923,4260398,13097668
2014-09-19,95.6923,95.6971,95.6875,95.6923,2545406,13223708
2014-09-22,95.6971,95.6971,95.6923,95.6923,2895806,13196457
2014-09-23,95.6923,95.6971,95.6923,95.6923,2260195,13167272
2014-09-24,95.6971,95.6971,95.6923,95.6923,1711491,13171923
2014-09-25,95.6971,95.7067,95.6971,95.6971,2035375,13202250
2014-09-26,95.7019,95.7067,95.6971,95.7019,4955079,13119671
2014-09-29,95.7067,95.7067,95.6971,95.7019,3221942,13076059
2014-09-30,95.7019,95.7115,95.6971,95.7019,3757503,12944395
2014-10-01,95.7067,95.7163,95.7019,95.7115,5560396,12761894
2014-10-02,95.7115,95.7163,95.7067,95.7115,4040215,12560945
2014-10-03,95.7115,95.7115,95.7067,95.7067,4464906,12528224
2014-10-06,95.7115,95.7115,95.7067,95.7067,2570039,12545278
2014-10-07,95.7115,95.7115,95.7067,95.7067,3513535,12510765
2014-10-08,95.7067,95.7163,95.7067,95.7115,6155633,12508282
2014-10-09,95.7163,95.7259,95.7115,95.7115,5436013,12322746
2014-10-10,95.7163,95.7211,95.7115,95.7115,2514878,12240761
2014-10-13,95.7163,95.7211,95.7115,95.7115,2076221,12078682
2014-10-14,95.7163,95.7211,95.7115,95.7115,5166910,11968839
2014-10-15,95.7163,95.7211,95.7115,95.7115,11532466,11513310
2014-10-16,95.7163,95.7163,95.6923,95.7019,6329982,11187403
2014-10-17,95.6971,95.7067,95.6923,95.7019,2868779,11150900
2014-10-20,95.7019,95.7115,95.7019,95.7067,2574727,11142675
2014-10-21,95.7115,95.7115,95.7019,95.7067,2894147,11097209
2014-10-22,95.7115,95.7115,95.7019,95.7067,2224668,11148166
2014-10-23,95.7115,95.7115,95.6875,95.7067,2489905,11227341
2014-10-24,95.7067,95.7115,95.7019,95.7067,2201029,11344654
2014-10-27,95.7067,95.7163,95.7067,95.7067,1606577,11399882
2014-10-28,95.7067,95.7163,95.7067,95.7067,2434145,11473036
2014-10-29,95.7163,95.7163,95.7067,95.7067,3652524,11642996
2014-10-30,95.7115,95.7115,95.7067,95.7067,2544907,11695227
2014-10-31,95.7115,95.7163,95.7067,95.7067,1970632,11752502
2014-11-03,95.7115,95.7115,95.7067,95.7067,1831636,11790965
2014-11-04,95.7067,95.7115,95.7067,95.7067,1432472,11810320
2014-11-05,95.7115,95.7163,95.7067,95.7067,1583850,11843383
2014-11-06,95.7115,95.7115,95.7067,95.7067,1934197,11826400
2014-11-07,95.7067,95.7115,95.7067,95.7067,3847057,11791992
2014-11-10,95.7115,95.7115,95.7067,95.7115,1836721,11756465
2014-11-11,95.7067,95.7115,95.7067,95.7067,463493,11758035
2014-11-12,95.7067,95.7115,95.7067,95.7067,1729115,11783794
2014-11-13,95.7115,95.7115,95.7067,95.7067,1820912,11722271
2014-11-14,95.7067,95.7115,95.7067,95.7067,1967188,11682248
2014-11-17,95.7091,95.7115,95.7091,95.7091,2077840,11912179
2014-11-18,95.7091,95.7115,95.7091,95.7091,1363397,11656623
2014-11-19,95.7091,95.7115,95.7067,95.7091,2513333,11552103
2014-11-20,95.7091,95.7115,95.7067,95.7091,2640196,11526457
2014-11-21,95.7067,95.7115,95.7067,95.7091,1277855,11562058
2014-11-24,95.7091,95.7091,95.7043,95.7043,1237901,11532156
2014-11-25,95.7043,95.7091,95.7043,95.7091,2063385,11561023
2014-11-26,95.7091,95.7139,95.7043,95.7091,1862941,11488127
2014-11-28,95.7139,95.7139,95.7091,95.7139,1077581,11487778
2014-12-01,95.7139,95.7187,95.7091,95.7139,2971557,11565788
2014-12-02,95.7187,95.7187,95.7043,95.7043,2802332,11594360
2014-12-03,95.7043,95.7091,95.6995,95.7043,3254667,11650468
2014-12-04,95.7043,95.7091,95.7043,95.7091,1958779,11639874
2014-12-05,95.7043,95.7091,95.6899,95.6947,5921636,11821537
2014-12-08,95.6899,95.6947,95.6851,95.6899,3649654,11728929
2014-12-09,95.6899,95.7043,95.6803,95.6851,5397664,11588504
2014-12-10,95.6851,95.6947,95.6803,95.6899,2672244,11519464
2014-12-11,95.6899,95.6947,95.6755,95.6803,3769292,11585860
2014-12-12,95.6803,95.6899,95.6755,95.6803,4440084,11490372
2014-12-15,95.6851,95.6899,95.6755,95.6755,3466573,10532047
2014-12-16,95.6755,95.6899,95.6707,95.6755,4267553,10367197
2014-12-17,95.6755,95.6995,95.6707,95.6755,5854382,10391435
2014-12-18,95.6803,95.6947,95.6707,95.6755,3469564,10317644
2014-12-19,95.6755,95.6803,95.6707,95.6755,2202242,10323006
2014-12-22,95.6755,95.6803,95.6707,95.6803,1490215,10338944
2014-12-23,95.6803,95.6899,95.6755,95.6851,1925223,10337743
2014-12-24,95.6851,95.6899,95.6755,95.6803,699220,10338967
2014-12-26,95.6803,95.6851,95.6755,95.6803,293446,10335010
2014-12-29,95.6803,95.6851,95.6803,95.6803,1023135,10341581
2014-12-30,95.6851,95.6899,95.6803,95.6803,961590,10339025
2014-12-31,95.6803,95.6899,95.6803,95.6851,556615,10361647
