,Open,High,Low,Close,Volume,OpenInterest
1999-06-21,3449.14,3507.97,3435.39,3506.44,2136,245
1999-06-22,3501.86,3529.36,3419.35,3426.23,4432,537
1999-06-23,3422.41,3459.84,3384.21,3451.44,4625,685
1999-06-24,3452.96,3457.55,3374.28,3388.79,4395,762
1999-06-25,3385.74,3441.51,3352.13,3384.21,2751,1003
1999-06-28,3397.96,3464.42,3381.92,3458.31,4239,1235
1999-06-29,3452.96,3520.95,3440.74,3504.91,3371,1299
1999-06-30,3504.15,3588.18,3465.95,3555.33,2785,1387
1999-07-01,3553.8,3601.17,3506.44,3583.6,2456,1445
1999-07-02,3582.83,3636.31,3559.91,3630.96,1248,1495
1999-07-06,3624.85,3682.14,3585.89,3614.92,2913,1525
1999-07-07,3613.39,3629.43,3576.72,3609.57,3440,1675
1999-07-08,3617.97,3674.5,3591.24,3650.06,3604,2047
1999-07-09,3654.64,3696.66,3642.42,3693.6,2126,2159
1999-07-12,3695.89,3723.4,3666.86,3673.74,3650,2166
1999-07-13,3681.38,3681.38,3624.85,3659.23,3552,2236
1999-07-14,3655.41,3724.92,3639.36,3721.1,3067,2380
1999-07-15,3720.34,3753.19,3710.41,3747.84,2875,2330
1999-07-16,3743.26,3803.61,3738.67,3779.93,1798,2485
1999-07-19,3779.93,3802.84,3731.03,3751.66,2699,2635
1999-07-20,3740.97,3744.02,3588.94,3595.06,3934,2653
1999-07-21,3599.64,3647.77,3578.25,3617.97,3047,2743
1999-07-22,3621.03,3625.61,3511.79,3526.3,3224,2720
1999-07-23,3521.72,3564.5,3488.87,3529.36,2485,2788
1999-07-26,3530.89,3535.47,3436.16,3445.33,2851,2935
1999-07-27,3445.33,3563.73,3445.33,3524.01,3644,2857
1999-07-28,3530.12,3599.64,3501.86,3572.14,3190,2961
1999-07-29,3573.67,3578.25,3466.72,3494.98,3528,3147
1999-07-30,3507.97,3555.33,3478.17,3478.17,2712,3234
1999-08-02,3478.17,3552.28,3453.73,3474.35,3088,3330
1999-08-03,3474.35,3517.9,3397.96,3448.38,4979,3562
1999-08-04,3448.38,3473.59,3379.63,3382.68,3463,3689
1999-08-05,3385.74,3430.81,3307.05,3430.81,4686,3886
1999-08-06,3426.23,3473.59,3378.1,3394.91,3736,3893
1999-08-09,3391.85,3428.52,3350.6,3355.18,4113,3923
1999-08-10,3352.89,3372.75,3257.4,3323.86,5955,4127
1999-08-11,3323.1,3439.98,3323.1,3434.63,3989,4146
1999-08-12,3433.1,3472.06,3391.09,3396.43,4343,4181
1999-08-13,3393.38,3543.87,3375.04,3541.58,2948,4374
1999-08-16,3544.64,3587.42,3518.66,3572.9,3878,4228
1999-08-17,3572.14,3604.22,3497.27,3582.83,4602,4367
1999-08-18,3590.47,3611.1,3544.64,3546.93,3718,4414
1999-08-19,3547.69,3558.39,3480.47,3497.27,4291,4579
1999-08-20,3500.33,3697.42,3487.34,3559.15,1928,4640
1999-08-23,3558.39,3666.1,3552.28,3666.1,2778,4847
1999-08-24,3669.92,3734.85,3635.54,3692.07,3530,4706
1999-08-25,3689.78,3783.75,3676.8,3774.58,3040,4924
1999-08-26,3773.82,3785.27,3705.06,3711.17,3324,4765
1999-08-27,3705.06,3741.73,3666.1,3676.03,3282,4821
1999-08-30,3674.5,3698.95,3610.33,3626.38,3161,4807
1999-08-31,3634.78,3680.62,3563.73,3656.17,4644,4840
1999-09-01,3659.23,3715.76,3650.06,3688.25,4282,4952
1999-09-02,3687.49,3692.07,3608.81,3666.86,3405,5022
1999-09-03,3672.21,3839.51,3660.75,3838.75,2645,5262
1999-09-07,3867.01,3867.01,3815.07,3821.18,3415,5489
1999-09-08,3819.65,3832.64,3752.43,3769.23,4601,5192
1999-09-09,3730.0,3829.59,3730.0,3825.06,2758,5416
1999-09-10,3829.59,3900.51,3809.97,3871.08,3311,3874
1999-09-13,3889.19,3889.19,3799.41,3815.25,3783,4022
1999-09-14,3816.01,3864.29,3786.58,3838.64,4555,4287
1999-09-15,3838.64,3892.21,3758.67,3763.2,5196,4700
1999-09-16,3761.69,3791.86,3685.49,3754.9,6026,4722
1999-09-17,3767.72,3883.91,3764.7,3882.4,3099,5112
1999-09-20,3900.51,3905.03,3849.2,3877.87,2335,2076
1999-09-21,3889.94,3889.94,3776.78,3789.6,5116,1887
1999-09-22,3787.34,3845.43,3746.6,3827.32,5365,1837
1999-09-23,3828.08,3873.35,3644.75,3670.4,6163,1770
1999-09-24,3671.15,3680.96,3583.64,3659.08,5969,1759
1999-09-27,3662.1,3751.88,3662.1,3698.31,5198,2110
1999-09-28,3698.31,3726.98,3600.23,3718.68,5805,2392
1999-09-29,3717.93,3736.79,3643.99,3649.27,5981,2351
1999-09-30,3647.01,3715.67,3628.9,3679.45,5848,2333
1999-10-01,3676.43,3681.72,3590.43,3673.42,4173,2360
1999-10-04,3665.12,3771.49,3662.1,3766.21,3672,2382
1999-10-05,3766.21,3825.82,3708.88,3785.07,5345,2426
1999-10-06,3779.04,3861.27,3773.76,3855.99,4550,2476
1999-10-07,3855.99,3921.63,3822.04,3846.19,5932,2765
1999-10-08,3847.69,3893.72,3779.79,3893.72,5270,2909
1999-10-11,3889.94,3941.25,3874.85,3941.25,2303,2761
1999-10-12,3936.72,3948.79,3840.9,3862.03,5027,2886
1999-10-13,3820.53,3854.48,3720.19,3734.53,6726,3042
1999-10-14,3751.12,3784.32,3689.26,3763.95,6473,3200
1999-10-15,3764.7,3769.99,3628.9,3650.03,4702,3437
1999-10-18,3631.17,3677.19,3498.38,3599.48,6293,3469
1999-10-19,3591.94,3657.57,3560.25,3594.95,5849,3448
1999-10-20,3615.32,3760.18,3615.32,3728.49,5597,3321
1999-10-21,3727.74,3793.37,3640.97,3791.86,5618,3279
1999-10-22,3788.85,3843.17,3761.69,3766.97,3986,3159
1999-10-25,3768.48,3814.5,3726.98,3771.49,4623,3258
1999-10-26,3771.49,3840.15,3736.04,3736.04,4966,3216
1999-10-27,3734.53,3755.65,3678.7,3739.05,4763,3170
1999-10-28,3739.05,3869.57,3707.37,3863.54,4413,3282
1999-10-29,3862.78,4031.78,3849.2,4004.62,4411,3526
1999-11-01,3998.58,4047.62,3972.93,3979.72,3570,3342
1999-11-02,3972.93,4050.64,3963.13,3985.76,5503,3591
1999-11-03,3985.0,4082.33,3983.5,4065.73,4813,3908
1999-11-04,4064.22,4122.31,4061.96,4105.72,4588,3630
1999-11-05,4108.73,4200.78,4089.12,4199.27,3888,3954
1999-11-08,4150.23,4240.01,4135.14,4236.99,4281,4200
1999-11-09,4232.46,4296.59,4154.0,4203.04,5861,4197
1999-11-10,4203.79,4283.77,4179.65,4250.57,5625,4299
1999-11-11,4240.76,4329.03,4240.76,4324.51,4748,4867
1999-11-12,4321.49,4390.9,4227.94,4388.63,6267,5173
1999-11-15,4388.63,4402.97,4350.91,4369.77,4665,4943
1999-11-16,4363.74,4502.56,4359.21,4491.24,5630,5152
1999-11-17,4409.0,4504.07,4405.99,4421.08,5607,5087
1999-11-18,4420.32,4558.39,4411.27,4556.88,7529,5397
1999-11-19,4549.33,4600.64,4515.38,4596.86,5794,5661
1999-11-22,4605.16,4631.57,4555.37,4630.81,5220,5803
1999-11-23,4626.29,4644.39,4500.29,4550.09,7267,5812
1999-11-24,4543.3,4713.05,4511.61,4713.05,6057,6790
1999-11-26,4707.01,4775.67,4696.45,4709.28,2107,6862
1999-11-29,4713.8,4741.72,4627.8,4639.11,7125,6779
1999-11-30,4633.83,4645.9,4478.41,4485.2,9123,6943
1999-12-01,4482.94,4571.97,4468.61,4547.82,9496,7358
1999-12-02,4550.09,4700.22,4542.54,4696.45,7467,7766
1999-12-03,4692.68,4856.39,4668.54,4790.0,8352,8573
1999-12-06,4790.0,4872.24,4763.6,4835.27,7724,8929
1999-12-07,4828.48,4869.22,4768.88,4845.83,11031,9672
1999-12-08,4836.02,4870.73,4768.12,4775.67,10787,9423
1999-12-09,4777.9,4862.71,4642.49,4778.64,9374,9441
1999-12-10,4776.41,4847.83,4721.36,4843.37,9208,10408
1999-12-13,4838.91,4921.49,4795.75,4890.99,9826,10657
1999-12-14,4888.01,4946.04,4777.16,4797.24,11611,9775
1999-12-15,4800.22,4890.99,4715.4,4873.87,12715,10135
1999-12-16,4883.55,5033.83,4874.62,5032.34,10945,11193
1999-12-17,5033.83,5146.17,5027.88,5079.96,8345,11687
1999-12-20,5059.13,5143.2,5045.74,5128.32,7837,5453
1999-12-21,5117.16,5355.23,5106.0,5355.23,8968,6415
1999-12-22,5347.8,5395.41,5281.58,5385.74,8637,6672
1999-12-23,5376.81,5478.74,5355.98,5422.19,5642,6949
1999-12-27,5409.55,5473.53,5306.13,5416.24,8313,6766
1999-12-28,5408.8,5466.83,5350.77,5390.2,8107,6400
1999-12-29,5388.71,5576.94,5373.83,5571.74,7255,6750
1999-12-30,5571.74,5661.01,5535.28,5556.86,7790,7114
1999-12-31,5547.93,5612.66,5539.0,5585.87,3539,6700
2000-01-03,5579.92,5795.68,5477.25,5720.53,15416,7461
2000-01-04,5711.61,5717.56,5245.12,5293.48,15455,7655
2000-01-05,5293.48,5383.51,5051.69,5226.52,15273,7474
2000-01-06,5197.51,5286.79,4884.29,4928.93,15551,8245
2000-01-07,4887.27,5318.78,4846.35,5293.48,14128,8360
2000-01-10,5298.69,5661.01,5289.02,5609.68,15743,8600
2000-01-11,5602.24,5603.73,5270.42,5319.52,16840,8520
2000-01-12,5321.01,5379.04,5172.21,5213.13,15547,8238
2000-01-13,5219.83,5434.84,5210.9,5434.84,13409,8268
2000-01-14,5446.0,5632.0,5423.68,5582.15,12244,9095
2000-01-18,5569.5,5683.33,5460.14,5664.73,14824,9732
2000-01-19,5655.06,5729.46,5566.53,5728.72,14309,9550
2000-01-20,5724.25,5822.46,5670.69,5768.15,16054,9142
2000-01-21,5758.48,5823.95,5690.03,5787.49,10416,8897
2000-01-24,5790.47,5859.66,5469.07,5480.97,15881,8524
2000-01-25,5468.32,5649.85,5366.39,5641.67,17930,8396
2000-01-26,5617.12,5635.72,5412.52,5437.82,14483,8994
2000-01-27,5399.13,5556.11,5246.61,5410.29,15985,8556
2000-01-28,5416.99,5483.2,5072.52,5170.73,16259,9040
2000-01-31,5151.38,5386.48,5015.98,5375.32,17841,8888
2000-02-01,5366.39,5557.6,5303.16,5540.49,13664,6795
2000-02-02,5534.54,5678.13,5493.62,5556.11,13436,6793
2000-02-03,5556.11,5791.96,5524.86,5791.96,16812,7565
2000-02-04,5785.26,5892.4,5745.09,5812.79,11607,7815
2000-02-07,5812.79,5890.16,5766.66,5887.93,10266,8330
2000-02-08,5869.33,6098.48,5865.61,6093.27,15070,9720
2000-02-09,6100.71,6166.18,5916.95,5916.95,19889,9679
2000-02-10,5908.76,6124.52,5904.3,6118.57,18454,9841
2000-02-11,6114.1,6160.23,5877.52,5940.75,18762,9803
2000-02-14,5927.36,5993.58,5853.71,5957.12,18158,9494
2000-02-15,5951.17,6026.31,5745.09,6006.23,23418,9714
2000-02-16,6003.25,6081.37,5944.47,5982.42,19888,9198
2000-02-17,5990.6,6169.16,5968.28,6110.38,18302,9618
2000-02-18,6115.59,6161.72,5896.12,5904.3,18802,9634
2000-02-22,5884.21,5978.7,5751.78,5903.56,22668,9177
2000-02-23,5917.69,6276.29,5895.37,6230.91,23908,10784
2000-02-24,6233.89,6387.15,6110.38,6387.15,28265,11262
2000-02-25,6373.76,6422.12,6145.35,6240.58,22381,10365
2000-02-28,6223.47,6313.49,5995.07,6187.01,27386,9872
2000-02-29,6196.69,6399.8,6187.76,6399.8,20459,9535
2000-03-01,6395.33,6477.17,6358.13,6436.25,18897,10514
2000-03-02,6435.51,6454.85,6255.46,6286.71,22467,10903
2000-03-03,6294.15,6633.41,6264.39,6628.2,21472,10720
2000-03-06,6617.04,6756.91,6593.23,6692.18,21744,11818
2000-03-07,6671.35,6800.81,6489.07,6535.95,28433,11868
2000-03-08,6528.51,6643.82,6356.64,6632.66,27534,11945
2000-03-09,6618.0,6865.17,6512.38,6851.97,20397,12732
2000-03-10,6838.77,6941.45,6771.29,6846.1,23731,13726
2000-03-13,6829.96,6843.17,6571.79,6634.13,25865,14836
2000-03-14,6616.53,6753.68,6281.34,6307.74,30201,14803
2000-03-15,6313.61,6391.36,6081.1,6106.04,34135,14859
2000-03-16,6119.98,6502.11,6026.09,6475.7,32358,15072
2000-03-17,6477.17,6640.73,6414.83,6625.33,21790,15285
2000-03-20,6612.13,6643.67,6330.48,6384.76,25413,7812
2000-03-21,6378.15,6644.4,6183.05,6627.53,27244,8350
2000-03-22,6615.79,6907.71,6589.39,6777.16,29121,6679
2000-03-23,6784.49,7004.53,6712.61,6942.18,27159,7066
2000-03-24,6938.52,7164.42,6844.63,7047.07,25878,7547
2000-03-27,7022.13,7114.55,6969.32,6985.46,22162,7827
2000-03-28,6983.99,7096.21,6821.16,6839.5,25160,7584
2000-03-29,6835.83,6862.24,6536.58,6554.92,30696,7864
2000-03-30,6558.59,6686.21,6177.92,6348.08,32339,8653
2000-03-31,6348.82,6580.59,6227.8,6538.78,30146,9447
2000-04-03,6479.37,6479.37,5997.49,6065.7,35070,11502
2000-04-04,6055.43,6178.65,5420.26,5964.48,44126,11975
2000-04-05,5985.02,6180.85,5763.52,5955.68,32308,13209
2000-04-06,5948.35,6190.39,5896.27,6080.37,27739,13100
2000-04-07,6079.64,6371.55,6065.7,6362.02,23589,13166
2000-04-10,6367.15,6421.43,5882.34,5905.07,35883,13654
2000-04-11,5905.81,6015.09,5700.44,5801.66,39151,14149
2000-04-12,5800.92,5907.27,5358.65,5420.26,38550,15547
2000-04-13,5405.59,5697.5,5225.16,5258.9,38664,15074
2000-04-14,5270.63,5310.97,4617.85,4719.8,43966,18527
2000-04-17,4705.14,5266.23,4558.44,5247.89,41365,18017
2000-04-18,5257.43,5503.87,5118.07,5500.94,33643,17099
2000-04-19,5478.2,5546.41,5287.5,5313.91,29702,17650
2000-04-20,5324.91,5383.58,5112.21,5185.55,22582,18026
2000-04-24,5117.34,5117.34,4727.87,5012.45,30710,18442
2000-04-25,5011.72,5361.58,4986.05,5346.91,29209,18872
2000-04-26,5354.25,5477.47,5163.55,5174.55,32073,16005
2000-04-27,5174.55,5476.73,5013.19,5405.59,35244,17216
2000-04-28,5419.52,5613.16,5398.25,5588.95,20769,17516
2000-05-01,5585.29,5735.64,5583.09,5672.57,31114,18293
2000-05-02,5671.1,5701.91,5333.71,5336.64,31759,17816
2000-05-03,5337.38,5365.98,5063.8,5258.9,37919,19825
2000-05-04,5256.7,5357.18,5185.55,5265.5,31469,20052
2000-05-05,5258.9,5486.27,5174.55,5420.26,25723,20317
2000-05-08,5401.19,5417.32,5152.55,5209.76,29332,21527
2000-05-09,5203.15,5279.43,5017.59,5064.53,29510,21464
2000-05-10,5057.93,5112.94,4760.88,4771.15,41173,23184
2000-05-11,4767.48,4999.25,4685.33,4966.25,30809,23382
2000-05-12,4991.18,5192.89,4974.31,5013.19,25359,23338
2000-05-15,5002.19,5229.56,4881.17,5221.49,31752,23914
2000-05-16,5214.89,5403.39,5203.15,5383.58,29117,23950
2000-05-17,5382.85,5388.72,5190.69,5262.56,32377,22890
2000-05-18,5264.76,5288.24,5046.19,5075.53,30369,23850
2000-05-19,5071.86,5097.54,4790.95,4811.49,28920,25315
2000-05-22,4805.62,4884.83,4485.83,4837.16,44219,25881
2000-05-23,4818.09,4908.3,4413.22,4419.09,41913,26140
2000-05-24,4422.75,4713.2,4257.73,4646.46,52595,27326
2000-05-25,4644.26,4852.56,4519.57,4584.85,39518,26403
2000-05-26,4584.85,4671.4,4462.36,4591.45,26527,26403
2000-05-29,4581.91,4649.39,4581.18,4622.25,26538,26166
2000-05-30,4581.91,5046.19,4581.18,5027.12,33385,27359
2000-05-31,5024.92,5096.07,4877.5,4877.5,39894,27781
2000-06-01,4876.03,5202.42,4876.03,5152.55,38811,27986
2000-06-02,5151.81,5538.34,5115.14,5503.14,29781,29458
2000-06-05,5503.87,5618.29,5414.39,5504.61,40105,29624
2000-06-06,5495.8,5599.22,5354.25,5372.58,36914,29944
2000-06-07,5374.05,5495.8,5288.24,5482.6,57980,34275
2000-06-08,5504.26,5577.19,5391.62,5473.21,57980,34275
2000-06-09,5467.44,5632.07,5460.22,5507.87,31033,34713
2000-06-12,5490.54,5573.58,5343.97,5368.52,32624,36023
2000-06-13,5370.68,5541.81,5262.37,5534.59,41467,36449
2000-06-14,5543.25,5629.18,5382.24,5424.84,40223,34771
2000-06-15,5429.17,5519.43,5334.58,5512.93,32737,34755
2000-06-16,5513.65,5603.19,5465.99,5527.37,28019,34555
2000-06-19,5521.59,5774.31,5460.22,5751.21,35486,11901
2000-06-20,5748.32,5859.52,5720.16,5787.31,39157,13546
2000-06-21,5761.32,5843.63,5669.62,5795.98,37111,14726
2000-06-22,5805.36,5820.53,5567.8,5577.91,38486,15003
2000-06-23,5582.25,5611.13,5369.24,5383.68,32292,15883
2000-06-26,5397.4,5542.53,5395.95,5527.37,36204,17022
2000-06-27,5529.54,5580.08,5419.78,5440.72,29275,17855
2000-06-28,5439.28,5597.41,5424.11,5510.04,34812,18966
2000-06-29,5511.48,5532.42,5227.71,5388.01,40264,19072
2000-06-30,5380.79,5512.21,5368.52,5512.21,22002,19240
2000-07-03,5489.82,5584.41,5468.16,5576.47,6527,15626
2000-07-05,5565.64,5642.9,5328.8,5356.96,33063,17152
2000-07-06,5359.85,5552.64,5273.93,5536.76,44677,20442
2000-07-07,5539.64,5687.67,5526.65,5599.58,35056,22041
2000-07-10,5587.3,5617.63,5499.21,5528.09,33668,22362
2000-07-11,5524.48,5610.41,5418.34,5460.94,45487,22769
2000-07-12,5496.32,5715.83,5496.32,5676.11,37526,25904
2000-07-13,5682.61,5837.13,5659.51,5788.76,36006,23811
2000-07-14,5784.42,5919.45,5780.81,5889.12,35572,23535
2000-07-17,5885.51,5970.71,5840.02,5935.33,31257,22847
2000-07-18,5935.33,5949.77,5756.98,5810.42,39434,24370
2000-07-19,5792.37,5832.8,5592.35,5651.56,38810,25245
2000-07-20,5653.73,5857.35,5640.01,5851.57,36984,25731
2000-07-21,5848.69,5851.57,5671.06,5688.39,32102,23369
2000-07-24,5681.17,5786.59,5508.6,5515.82,41590,25175
2000-07-25,5521.59,5648.68,5483.32,5614.74,41176,25450
2000-07-26,5618.35,5623.4,5448.66,5581.52,45842,26220
2000-07-27,5569.97,5599.58,5341.8,5353.35,47060,26729
2000-07-28,5350.46,5417.62,5016.15,5063.08,47473,29163
2000-07-31,5065.97,5262.37,5003.15,5223.38,46603,29317
2000-08-01,5221.94,5251.54,5115.07,5154.79,44722,30258
2000-08-02,5149.01,5268.15,5052.98,5064.53,46927,28688
2000-08-03,5054.42,5294.14,4866.68,5289.09,56361,29429
2000-08-04,5290.53,5407.51,5193.06,5245.04,51301,28286
2000-08-07,5245.77,5428.45,5232.77,5375.74,41829,29443
2000-08-08,5375.01,5443.61,5325.91,5368.52,39517,29853
2000-08-09,5393.79,5500.65,5325.91,5333.86,36627,30519
2000-08-10,5328.8,5392.34,5223.38,5242.88,36449,30989
2000-08-11,5237.82,5302.81,5115.8,5290.53,42042,31067
2000-08-14,5289.09,5422.67,5248.65,5412.56,29194,29398
2000-08-15,5406.06,5468.16,5356.24,5416.89,34815,29919
2000-08-16,5415.45,5507.87,5372.85,5434.95,38886,30122
2000-08-17,5432.78,5577.19,5382.96,5556.97,38728,32480
2000-08-18,5546.14,5617.63,5509.32,5538.92,31073,32068
2000-08-21,5541.81,5632.07,5483.32,5569.25,37865,32813
2000-08-22,5572.14,5660.95,5536.03,5552.64,36435,32666
2000-08-23,5552.64,5658.78,5447.94,5634.96,47429,32626
2000-08-24,5645.07,5732.43,5626.29,5725.94,35176,33303
2000-08-25,5730.99,5777.92,5671.06,5717.27,32394,33035
2000-08-28,5712.22,5785.87,5689.83,5717.27,32675,34363
2000-08-29,5716.55,5756.98,5679.72,5742.54,29981,33960
2000-08-30,5739.66,5775.76,5673.95,5741.1,29981,34590
2000-08-31,5738.21,5913.67,5725.94,5912.23,28111,34764
2000-09-01,5905.73,6045.09,5868.9,5946.89,32135,35030
2000-09-05,5973.6,5977.21,5765.65,5775.04,43182,36812
2000-09-06,5782.26,5802.47,5548.31,5571.42,53629,37996
2000-09-07,5572.86,5733.16,5548.31,5706.44,44275,42287
2000-09-08,5710.05,5710.77,5494.15,5499.21,56520,44568
2000-09-11,5499.21,5572.14,5331.69,5374.29,65970,44568
2000-09-12,5373.57,5482.6,5261.65,5286.92,60147,46283
2000-09-13,5288.37,5423.39,5206.77,5405.34,71623,68881
2000-09-14,5406.05,5540.3,5362.72,5393.27,65582,44729
2000-09-15,5393.27,5457.9,5242.68,5282.46,55810,44729
2000-09-18,5286.01,5377.64,5116.96,5195.8,72918,12495
2000-09-19,5197.22,5422.39,5193.67,5403.92,70029,16973
2000-09-20,5400.37,5503.36,5278.2,5473.53,78832,16971
2000-09-21,5472.11,5503.36,5318.69,5348.52,70719,18682
2000-09-22,5217.82,5376.22,5132.59,5364.14,55926,20371
2000-09-25,5364.85,5440.86,5199.36,5220.66,51490,18555
2000-09-26,5227.06,5332.89,5130.46,5138.98,67220,18945
2000-09-27,5148.21,5263.28,5086.42,5178.05,73064,20299
2000-09-28,5171.65,5369.83,5124.06,5338.57,61462,22409
2000-09-29,5298.8,5316.55,5125.49,5143.95,22354,22409
2000-10-02,5143.95,5210.72,4960.7,5012.55,63100,23868
2000-10-03,5013.26,5118.38,4808.69,4825.74,78732,25158
2000-10-04,4828.58,5009.71,4734.82,4940.1,77551,27263
2000-10-05,4915.95,5024.62,4874.75,4947.2,69864,27820
2000-10-06,4942.94,4993.37,4685.1,4769.63,69256,25448
2000-10-09,4772.47,4832.84,4577.14,4758.26,50999,25711
2000-10-10,4754.0,4803.01,4481.96,4489.06,78684,29734
2000-10-11,4533.81,4632.54,4361.92,4438.63,88841,31914
2000-10-12,4467.75,4579.98,4295.86,4327.82,86282,33028
2000-10-13,4347.71,4700.73,4292.31,4652.43,64066,31711
2000-10-16,4651.01,4744.77,4599.16,4710.67,65125,30823
2000-10-17,4699.31,4785.96,4489.77,4503.27,79137,32914
2000-10-18,4549.44,4666.63,4298.7,4481.96,88887,36313
2000-10-19,4517.47,4896.77,4517.47,4893.93,65555,38477
2000-10-20,4882.56,5050.9,4847.05,4971.35,50436,37343
2000-10-23,4977.74,5025.33,4838.53,4963.54,65144,35748
2000-10-24,4939.39,5021.78,4729.14,4748.32,64818,33658
2000-10-25,4756.84,4776.02,4415.19,4476.99,72151,36744
2000-10-26,4472.72,4602.71,4231.22,4584.95,98606,39783
2000-10-27,4530.26,4707.83,4451.42,4577.85,66885,39688
2000-10-30,4574.3,4594.18,4349.84,4414.48,73396,41674
2000-10-31,4415.9,4741.93,4403.83,4687.94,71326,43892
2000-11-01,4687.23,4750.45,4552.99,4641.77,74851,44565
2000-11-02,4636.09,4775.31,4587.79,4711.38,57125,47614
2000-11-03,4727.72,4811.53,4683.68,4763.23,45893,46932
2000-11-06,4763.23,4830.0,4703.57,4731.98,42959,48099
2000-11-07,4739.8,4748.32,4600.58,4707.83,75253,51890
2000-11-08,4707.12,4795.2,4334.93,4348.42,56778,51300
2000-11-09,4360.5,4414.48,4176.53,4344.16,85910,52961
2000-11-10,4354.11,4365.47,4108.34,4111.18,66765,52966
2000-11-13,4102.66,4251.82,3913.72,4016.72,86907,56824
2000-11-14,4014.58,4358.37,4013.16,4343.45,72325,55339
2000-11-15,4325.69,4483.38,4287.34,4427.27,68295,56500
2000-11-16,4424.42,4454.97,4165.88,4175.11,64218,59055
2000-11-17,4176.53,4303.67,4062.17,4175.82,68512,59075
2000-11-20,4160.91,4185.06,3963.44,3998.25,71307,63088
2000-11-21,3999.67,4089.88,3916.56,3988.3,67364,65562
2000-11-22,3986.88,4043.0,3803.63,3810.73,61974,66761
2000-11-24,3886.02,4041.58,3876.79,4018.85,16860,66465
2000-11-27,4045.84,4160.91,3933.61,3972.68,69473,66171
2000-11-28,3973.39,4019.56,3731.18,3746.8,91535,69550
2000-11-29,3753.91,3818.54,3586.99,3594.09,95708,74477
2000-11-30,3563.55,3677.9,3459.13,3594.09,105721,77689
2000-12-01,3594.8,3812.15,3555.02,3654.47,82194,75962
2000-12-04,3654.47,3733.31,3523.06,3633.16,93926,77692
2000-12-05,3640.97,4058.62,3594.09,4035.18,94292,76780
2000-12-06,4025.95,4115.45,3871.11,3871.11,100570,56136
2000-12-07,3894.54,3947.11,3736.15,3803.63,74362,60749
2000-12-08,3788.71,4149.54,3778.77,3920.83,82253,64665
2000-12-11,4055.78,4254.66,4045.84,4235.49,79410,69957
2000-12-12,4239.75,4239.75,4055.07,4076.38,62469,71941
2000-12-13,4118.29,4210.63,3890.28,3903.78,72781,70926
2000-12-14,3912.85,3962.4,3701.4,3726.52,77399,70329
2000-12-15,3683.96,3733.5,3559.74,3632.31,82742,70591
2000-12-18,3656.04,3757.23,3563.23,3640.69,75148,24142
2000-12-19,3642.08,3748.86,3339.91,3363.64,83019,24104
2000-12-20,3370.62,3413.19,3118.7,3175.22,91112,29079
2000-12-21,3175.92,3335.73,3085.9,3185.69,92544,37343
2000-12-22,3196.16,3452.97,3196.16,3445.99,55614,39042
2000-12-26,3463.43,3516.47,3313.4,3457.85,49313,40996
2000-12-27,3450.18,3505.31,3346.2,3498.33,56127,41977
2000-12-28,3503.21,3549.97,3422.96,3491.35,49718,42651
2000-12-29,3491.35,3530.43,3291.76,3314.09,56717,43289
2001-01-02,3314.79,3369.22,2973.54,3025.18,87320,45615
2001-01-03,3043.33,3614.87,2942.14,3530.43,115139,47770
2001-01-04,3533.92,3596.72,3439.71,3469.72,94119,44883
2001-01-05,3468.32,3560.44,3173.13,3201.04,94689,44763
2001-01-08,3196.16,3249.19,3030.07,3245.01,92841,43609
2001-01-09,3268.04,3346.2,3175.22,3246.4,95281,45206
2001-01-10,3249.19,3415.28,3155.68,3406.91,117021,47432
2001-01-11,3370.62,3596.72,3317.58,3506.7,89113,41884
2001-01-12,3487.86,3652.55,3476.69,3545.08,87493,40167
2001-01-16,3533.92,3568.81,3412.49,3510.89,67904,41514
2001-01-17,3534.62,3708.38,3513.68,3603.0,83941,43472
2001-01-18,3616.26,3769.79,3566.02,3760.72,86897,46314
2001-01-19,3796.31,3864.7,3708.38,3749.55,86356,42482
2001-01-22,3753.74,3785.14,3659.53,3744.67,84235,44827
2001-01-23,3733.5,3863.3,3686.75,3831.2,78902,46533
2001-01-24,3839.58,3903.78,3784.45,3788.63,88366,46873
2001-01-25,3780.26,3833.99,3636.5,3647.67,93699,48306
2001-01-26,3656.04,3716.75,3556.95,3692.33,86436,46620
2001-01-29,3670.7,3790.03,3619.06,3776.07,60115,48076
2001-01-30,3780.96,3819.34,3729.32,3764.91,72285,47156
2001-01-31,3760.02,3824.22,3628.83,3644.18,83273,49267
2001-02-01,3640.69,3695.12,3585.56,3667.21,87703,52550
2001-02-02,3670.7,3688.84,3458.55,3473.2,81365,53169
2001-02-05,3480.88,3485.07,3385.28,3462.74,80322,56574
2001-02-06,3469.72,3555.55,3444.59,3475.3,84452,55683
2001-02-07,3426.45,3436.92,3296.65,3410.4,102211,59154
2001-02-08,3411.79,3459.25,3295.25,3305.02,91318,60634
2001-02-09,3307.81,3314.79,3169.64,3178.01,78085,58620
2001-02-12,3177.32,3258.96,3129.16,3212.21,93757,59641
2001-02-13,3212.91,3332.94,3086.6,3106.83,114525,62606
2001-02-14,3119.39,3245.71,3044.03,3232.45,126045,63059
2001-02-15,3240.82,3401.33,3225.47,3288.27,101438,62431
2001-02-16,3265.24,3265.24,3062.17,3108.93,80047,63249
2001-02-20,3112.42,3175.22,2936.56,2972.85,95275,69224
2001-02-21,2963.08,3035.65,2861.19,2889.8,126645,69605
2001-02-22,2902.36,2929.58,2746.74,2863.28,139943,70524
2001-02-23,2853.51,2893.99,2709.06,2871.66,122131,76242
2001-02-26,2900.27,2949.12,2822.11,2930.97,103444,80051
2001-02-27,2934.46,2935.86,2746.04,2748.14,103749,81071
2001-02-28,2748.14,2818.62,2625.32,2669.98,129339,82075
2001-03-01,2659.51,2753.72,2567.39,2735.58,122497,86576
2001-03-02,2741.86,2785.82,2608.57,2619.03,136644,92894
2001-03-05,2628.8,2713.24,2619.73,2668.58,102503,90218
2001-03-06,2672.07,2842.35,2668.58,2771.17,107529,90673
2001-03-07,2771.17,2836.07,2745.35,2775.35,107622,92339
2001-03-08,2783.62,2822.21,2698.18,2720.92,87922,96248
2001-03-09,2729.19,2729.19,2519.04,2532.13,112875,93374
2001-03-12,2536.95,2548.67,2339.9,2361.26,135000,101865
2001-03-13,2366.08,2503.88,2339.9,2489.41,144763,104853
2001-03-14,2497.68,2524.55,2368.83,2447.38,146423,104082
2001-03-15,2451.52,2537.64,2351.61,2363.32,102751,103482
2001-03-16,2372.97,2408.11,2273.75,2305.45,19052,105110
2001-03-19,2315.09,2423.96,2277.88,2420.51,104832,45579
2001-03-20,2419.82,2444.63,2248.95,2255.84,121655,47437
2001-03-21,2255.84,2338.52,2214.5,2254.46,139869,49149
2001-03-22,2257.9,2379.86,2207.6,2370.21,154293,54268
2001-03-23,2366.77,2458.41,2320.6,2389.51,119687,59887
2001-03-26,2395.71,2448.76,2322.67,2340.58,94945,60003
2001-03-27,2339.9,2444.63,2316.47,2416.38,124465,66800
2001-03-28,2412.93,2412.93,2213.81,2218.63,111032,69273
2001-03-29,2224.83,2269.62,2148.35,2177.29,114157,72420
2001-03-30,2184.18,2234.48,2128.37,2188.31,100139,72625
2001-04-02,2206.23,2239.3,2082.2,2090.47,107903,74807
2001-04-03,2096.67,2104.25,1932.0,1936.13,132338,79859
2001-04-04,1939.58,1999.52,1875.5,1900.99,141811,82750
2001-04-05,1915.46,2118.03,1904.44,2087.03,132812,76571
2001-04-06,2097.36,2127.68,1980.23,2025.7,141189,74061
2001-04-09,2027.77,2084.27,1982.99,2067.05,103901,75977
2001-04-10,2069.8,2255.84,2062.91,2220.01,157636,79679
2001-04-11,2221.39,2366.08,2191.76,2284.77,153576,76444
2001-04-12,2297.18,2386.06,2226.9,2383.99,157692,74155
2001-04-16,2385.37,2393.64,2214.5,2243.43,143296,73789
2001-04-17,2230.34,2356.43,2185.56,2304.76,166390,77192
2001-04-18,2362.63,2687.16,2362.63,2534.89,161905,75951
2001-04-19,2590.7,2714.72,2535.58,2691.98,172052,81449
2001-04-20,2714.72,2751.93,2637.55,2691.98,153903,80359
2001-04-23,2695.43,2700.94,2496.99,2506.64,136171,78238
2001-04-24,2510.77,2585.19,2432.91,2461.85,163298,76610
2001-04-25,2459.78,2534.89,2417.07,2513.53,156355,78915
2001-04-26,2503.19,2565.2,2439.8,2444.63,138764,78894
2001-04-27,2447.38,2528.69,2443.25,2512.15,112254,82415
2001-04-30,2515.59,2643.75,2514.91,2572.09,140118,83762
2001-05-01,2565.89,2674.76,2523.86,2674.07,144451,88976
2001-05-02,2678.89,2745.73,2640.31,2720.23,156845,89239
2001-05-03,2720.23,2730.57,2565.89,2598.28,131733,83040
2001-05-04,2593.45,2678.89,2512.84,2674.07,149745,85515
2001-05-07,2675.45,2698.87,2616.19,2622.39,131574,84082
2001-05-08,2634.79,2685.78,2608.61,2676.82,130395,82902
2001-05-09,2683.03,2685.09,2571.41,2585.19,141498,81264
2001-05-10,2589.32,2671.31,2537.64,2539.02,139444,82781
2001-05-11,2542.47,2576.92,2503.19,2528.0,101971,81944
2001-05-14,2539.02,2550.05,2448.76,2491.48,81597,81090
2001-05-15,2493.55,2569.34,2474.25,2504.57,126973,84031
2001-05-16,2492.17,2637.55,2430.85,2614.12,165897,90898
2001-05-17,2616.88,2707.83,2614.12,2653.4,148696,97229
2001-05-18,2652.71,2683.71,2619.64,2665.11,108395,95229
2001-05-21,2664.42,2836.68,2646.51,2827.72,151211,101056
2001-05-22,2829.1,2866.99,2795.34,2820.14,151170,102621
2001-05-23,2828.41,2835.99,2694.74,2698.18,129466,97392
2001-05-24,2697.49,2770.53,2669.25,2764.33,134153,99345
2001-05-25,2767.09,2791.89,2696.12,2712.65,74966,97371
2001-05-29,2723.68,2734.01,2555.56,2558.31,115027,100803
2001-05-30,2559.69,2567.27,2441.18,2460.47,148068,95639
2001-05-31,2463.23,2539.71,2455.65,2484.59,144601,95639
2001-06-01,2479.08,2558.31,2448.76,2551.42,116725,96093
2001-06-04,2542.47,2583.81,2508.02,2538.33,112713,94427
2001-06-05,2534.89,2676.82,2534.2,2649.95,122471,98594
2001-06-06,2648.57,2683.71,2605.86,2629.28,148094,95645
2001-06-07,2627.9,2706.45,2603.1,2695.43,145626,114175
2001-06-08,2724.37,2754.68,2597.59,2621.7,138535,119588
2001-06-11,2618.26,2644.44,2517.66,2550.05,109568,124209
2001-06-12,2550.73,2578.3,2446.69,2538.33,158508,133538
2001-06-13,2539.71,2584.5,2461.16,2464.61,175168,141156
2001-06-14,2465.97,2469.38,2318.75,2332.38,160730,138302
2001-06-15,2343.29,2380.77,2281.94,2356.24,150632,143120
2001-06-18,2356.24,2385.54,2288.08,2320.79,159397,63928
2001-06-19,2318.75,2407.35,2279.9,2311.93,160005,70322
2001-06-20,2309.21,2374.64,2262.86,2363.73,168512,72450
2001-06-21,2366.46,2444.16,2335.79,2395.77,164989,76395
2001-06-22,2401.22,2442.12,2279.9,2389.63,125504,74936
2001-06-25,2384.86,2418.94,2354.19,2395.09,118999,74316
2001-06-26,2393.72,2422.35,2322.84,2406.67,132063,67434
2001-06-27,2399.18,2435.98,2373.28,2415.53,121997,64210
2001-06-28,2413.49,2560.03,2382.14,2452.34,159969,67634
2001-06-29,2467.33,2567.53,2460.52,2517.09,118432,70772
2001-07-02,2519.13,2565.48,2491.87,2511.64,106644,68384
2001-07-03,2502.78,2521.18,2470.74,2519.13,53574,67911
2001-07-05,2521.18,2521.18,2396.45,2396.45,70308,69039
2001-07-06,2397.81,2402.58,2288.08,2294.89,115297,72186
2001-07-09,2294.21,2355.55,2268.31,2317.39,130756,74383
2001-07-10,2321.48,2365.1,2226.05,2232.87,138784,79108
2001-07-11,2234.91,2264.9,2198.11,2262.86,154970,82667
2001-07-12,2271.04,2416.22,2266.27,2401.22,125987,85127
2001-07-13,2396.45,2449.61,2364.41,2406.67,111138,84028
2001-07-16,2408.72,2417.58,2309.21,2330.34,131530,86712
2001-07-17,2326.25,2392.36,2289.44,2382.82,146241,89683
2001-07-18,2361.01,2377.36,2266.27,2295.57,156926,92867
2001-07-19,2283.31,2388.27,2256.04,2350.78,154413,95746
2001-07-20,2316.02,2321.48,2277.17,2294.89,92195,98790
2001-07-23,2300.35,2341.92,2233.55,2239.0,114888,101258
2001-07-24,2236.96,2252.64,2165.39,2215.83,137309,105711
2001-07-25,2215.83,2241.73,2168.12,2230.14,135008,109033
2001-07-26,2235.6,2305.12,2197.43,2262.18,127870,110668
2001-07-27,2274.45,2326.25,2265.59,2307.84,106213,111318
2001-07-30,2313.3,2333.74,2278.54,2292.85,117703,109734
2001-07-31,2292.17,2354.19,2283.31,2307.84,101022,112519
2001-08-01,2304.44,2391.68,2291.49,2369.87,106286,111069
2001-08-02,2372.59,2420.3,2354.87,2418.26,102948,112748
2001-08-03,2416.9,2425.76,2316.02,2373.96,99706,113707
2001-08-06,2371.91,2377.36,2328.29,2337.15,75989,117947
2001-08-07,2333.06,2354.19,2303.75,2324.88,82024,119786
2001-08-08,2331.02,2343.97,2215.15,2226.05,145792,124368
2001-08-09,2228.1,2246.5,2196.06,2234.91,128918,120479
2001-08-10,2233.55,2252.64,2157.21,2213.78,128408,128042
2001-08-13,2216.51,2271.04,2199.47,2257.41,100539,127061
2001-08-14,2260.81,2290.12,2226.05,2228.1,113108,128462
2001-08-15,2232.87,2247.86,2145.63,2149.03,128806,130656
2001-08-16,2151.08,2174.25,2088.37,2172.21,135088,130869
2001-08-17,2171.53,2171.53,2070.65,2073.38,84775,136508
2001-08-20,2069.29,2106.09,2060.43,2102.69,85138,141358
2001-08-21,2104.73,2121.09,2011.35,2012.04,98866,138379
2001-08-22,2012.04,2076.79,2005.22,2069.29,134936,140793
2001-08-23,2072.02,2110.18,2046.12,2047.48,122260,139784
2001-08-24,2065.2,2160.62,2065.2,2156.53,114763,139784
2001-08-27,2160.62,2189.25,2129.95,2159.26,101516,140557
2001-08-28,2155.85,2163.35,2084.97,2091.1,112546,139678
2001-08-29,2091.78,2109.5,2035.21,2057.7,129529,141657
2001-08-30,2052.25,2059.07,1963.64,1984.09,144745,147495
2001-08-31,1984.77,2029.76,1958.87,2007.26,90951,148952
2001-09-04,1991.59,2072.02,1938.42,1944.56,161026,147713
2001-09-05,1943.88,1968.41,1869.58,1934.34,222454,154742
2001-09-06,1937.74,1950.69,1849.82,1857.32,185746,160059
2001-09-07,1869.58,1900.26,1824.6,1845.05,178619,172609
2001-09-10,1844.37,1881.17,1806.88,1868.22,169796,172609
2001-09-11,1866.18,1900.94,1795.29,1868.22,6730,169711
2001-09-17,1746.56,1785.76,1698.57,1703.3,150631,174881
2001-09-18,1710.06,1748.59,1662.07,1666.8,115099,185501
2001-09-19,1668.83,1714.79,1545.14,1633.0,221014,186683
2001-09-20,1637.74,1649.23,1570.82,1579.61,174387,194399
2001-09-21,1580.96,1594.48,1482.95,1537.02,153823,197305
2001-09-24,1546.49,1636.38,1544.46,1614.08,142130,45111
2001-09-25,1611.37,1662.07,1580.28,1623.54,147920,47687
2001-09-26,1622.19,1653.28,1551.22,1566.76,116495,48019
2001-09-27,1564.06,1575.55,1497.15,1551.89,109944,47451
2001-09-28,1553.25,1601.91,1552.57,1588.39,117231,55395
2001-10-01,1582.99,1593.13,1536.35,1567.44,111046,53391
2001-10-02,1562.03,1604.62,1542.43,1572.85,128059,54687
2001-10-03,1571.5,1724.93,1535.67,1689.78,210790,57448
2001-10-04,1689.1,1785.76,1684.37,1709.38,209048,55828
2001-10-05,1710.06,1740.47,1650.58,1731.01,173611,60282
2001-10-08,1709.38,1763.46,1685.73,1738.45,142520,60282
2001-10-09,1740.47,1756.7,1683.7,1695.86,137249,61798
2001-10-10,1697.89,1775.62,1676.26,1774.95,169056,64773
2001-10-11,1776.3,1900.67,1764.13,1888.5,190970,71070
2001-10-12,1909.45,1927.7,1807.39,1878.36,174113,77498
2001-10-15,1858.76,1883.09,1835.1,1877.68,147215,78057
2001-10-16,1874.3,1918.24,1856.73,1908.1,170211,80818
2001-10-17,1899.31,1979.07,1768.19,1768.86,240846,85052
2001-10-18,1772.92,1826.32,1764.81,1816.18,173453,79526
2001-10-19,1820.91,1838.48,1767.51,1829.69,128115,81872
2001-10-22,1829.69,1881.06,1809.42,1878.36,149066,81569
2001-10-23,1878.36,1927.7,1858.08,1885.8,204937,84917
2001-10-24,1879.04,1943.25,1870.25,1924.32,190329,85081
2001-10-25,1925.0,2006.78,1862.14,2001.38,213390,89197
2001-10-26,1993.94,2018.27,1960.15,1962.17,157040,86499
2001-10-29,1969.61,1969.61,1852.0,1853.35,174071,101346
2001-10-30,1856.06,1857.41,1788.46,1818.2,183099,103255
2001-10-31,1815.5,1903.37,1806.71,1850.65,185935,107227
2001-11-01,1844.56,1936.49,1839.16,1921.62,181975,107367
2001-11-02,1922.29,1952.03,1898.64,1936.49,145896,107698
2001-11-05,1933.79,2022.33,1933.11,1999.35,111472,104609
2001-11-06,2015.57,2078.43,1980.42,2077.75,150122,109272
2001-11-07,2076.4,2112.9,2041.26,2075.73,185931,104751
2001-11-08,2073.02,2143.99,2027.74,2053.42,191220,108142
2001-11-09,2051.39,2071.0,2018.27,2051.39,158254,111829
2001-11-12,2056.13,2085.87,1970.28,2067.62,178487,117466
2001-11-13,2069.64,2148.73,2062.21,2139.94,162829,115918
2001-11-14,2141.29,2194.01,2107.49,2156.84,184673,115066
2001-11-15,2148.73,2181.84,2112.9,2146.7,175038,115792
2001-11-16,2144.67,2160.22,2116.96,2142.64,123954,114646
2001-11-19,2146.02,2202.12,2142.64,2200.77,123653,116333
2001-11-20,2200.09,2209.56,2092.62,2101.41,156256,119344
2001-11-21,2100.74,2139.94,2064.91,2099.38,122483,116154
2001-11-23,2118.99,2152.78,2086.54,2135.21,44091,115265
2001-11-26,2134.53,2194.69,2129.12,2187.25,170818,120249
2001-11-27,2185.9,2227.81,2131.15,2184.55,232104,119821
2001-11-28,2182.52,2194.01,2102.76,2107.49,230704,125410
2001-11-29,2106.82,2173.73,2095.33,2169.68,195162,126269
2001-11-30,2169.0,2175.76,2139.26,2160.22,117237,122747
2001-12-03,2149.4,2169.68,2112.9,2118.31,145622,123819
2001-12-04,2117.63,2218.34,2112.23,2218.34,163154,128219
2001-12-05,2215.64,2343.39,2212.26,2326.49,204492,134543
2001-12-06,2323.79,2349.47,2302.16,2330.55,171343,136293
2001-12-07,2340.01,2345.42,2233.89,2267.01,140295,139586
2001-12-10,2272.42,2294.72,2219.7,2227.13,173429,140083
2001-12-11,2227.13,2294.05,2220.37,2237.95,157022,142669
2001-12-12,2245.38,2277.82,2205.5,2254.84,184010,145219
2001-12-13,2252.15,2258.88,2157.92,2159.94,184010,145219
2001-12-14,2160.61,2196.28,2147.15,2179.46,186337,158110
2001-12-17,2178.78,2239.36,2163.3,2214.46,164985,160546
2001-12-18,2219.84,2253.5,2213.79,2241.38,153064,166261
2001-12-19,2234.65,2244.07,2190.23,2198.3,117131,161983
2001-12-20,2198.3,2206.38,2098.01,2105.42,161453,66432
2001-12-21,2104.75,2155.9,2096.67,2145.13,168044,176315
2001-12-24,2147.15,2151.19,2120.23,2133.69,96455,175036
2001-12-26,2135.03,2188.21,2121.57,2155.23,17991,44008
2001-12-27,2155.9,2182.82,2149.84,2172.05,57858,43553
2001-12-28,2175.42,2215.13,2172.05,2186.19,52867,43553
2001-12-31,2187.53,2194.94,2111.48,2131.67,60554,43553
2002-01-02,2123.59,2178.78,2112.82,2177.44,57989,43553
2002-01-03,2178.11,2254.84,2171.38,2251.48,114019,54800
2002-01-04,2252.15,2294.56,2220.52,2260.23,149947,56890
2002-01-07,2256.86,2291.19,2223.21,2236.67,158206,60880
2002-01-08,2237.34,2266.96,2215.8,2251.48,193253,62881
2002-01-09,2247.44,2311.38,2218.5,2227.92,179851,62864
2002-01-10,2229.94,2252.82,2206.38,2242.73,205431,64351
2002-01-11,2242.73,2260.23,2194.27,2216.48,185598,69574
2002-01-14,2210.42,2219.17,2151.86,2166.0,172165,74807
2002-01-15,2167.34,2260.9,2146.48,2187.53,176678,75237
2002-01-16,2155.23,2159.94,2101.38,2104.07,214184,80955
2002-01-17,2112.82,2167.34,2112.82,2144.46,179716,81923
2002-01-18,2126.96,2140.42,2070.42,2092.63,192109,86591
2002-01-22,2093.3,2120.23,2023.3,2028.01,190251,88943
2002-01-23,2031.38,2097.34,2024.65,2081.19,180322,88750
2002-01-24,2083.21,2142.44,2074.46,2109.46,180246,92795
2002-01-25,2095.99,2122.25,2078.49,2103.4,126923,95237
2002-01-28,2100.03,2134.36,2081.86,2116.86,124647,92430
2002-01-29,2119.55,2136.38,2032.72,2059.65,212488,95050
2002-01-30,2056.96,2077.82,1997.72,2075.13,232216,90334
2002-01-31,2076.48,2101.38,2060.32,2091.28,182993,91063
2002-02-01,2085.9,2107.44,2042.15,2066.38,151515,95777
2002-02-04,2058.3,2067.05,1983.59,2001.76,179137,101179
2002-02-05,1999.74,2020.61,1960.7,1968.11,213503,95185
2002-02-06,1967.44,2003.11,1933.78,1953.97,222911,96046
2002-02-07,1967.44,1970.8,1903.49,1904.84,209743,90257
2002-02-08,1904.84,1957.34,1894.74,1957.34,158028,85662
2002-02-11,1962.72,1993.69,1947.92,1982.92,154681,87923
2002-02-12,1984.26,2003.78,1951.95,1966.76,146384,85765
2002-02-13,1968.11,2012.53,1962.72,2000.42,177438,90584
2002-02-14,1999.07,2035.42,1981.57,1999.74,195194,94198
2002-02-15,1993.01,1999.07,1930.42,1938.49,147224,92712
2002-02-19,1941.18,1947.92,1859.07,1877.24,174742,92772
2002-02-20,1873.88,1904.84,1836.86,1902.15,232118,91997
2002-02-21,1903.49,1917.63,1811.95,1813.3,226761,94790
2002-02-22,1817.34,1850.99,1791.09,1828.78,210303,99939
2002-02-25,1830.8,1908.2,1822.72,1894.07,188444,104649
2002-02-26,1894.74,1918.3,1861.09,1888.68,207599,100554
2002-02-27,1889.36,1922.34,1843.59,1862.43,247917,97194
2002-02-28,1863.78,1894.07,1826.09,1831.47,205009,91662
2002-03-01,1830.8,1935.13,1828.11,1933.78,188129,95912
2002-03-04,1926.38,2015.22,1915.61,2010.51,237295,102035
2002-03-05,2009.84,2047.53,1993.01,2025.99,220785,103830
2002-03-06,2024.65,2052.92,1980.22,2036.09,260811,106873
2002-03-07,2037.44,2073.78,2002.44,2034.74,246654,124889
2002-03-08,2029.36,2110.8,2029.36,2094.65,186463,132219
2002-03-11,2073.11,2120.23,2059.65,2083.88,178559,131404
2002-03-12,2083.88,2105.42,2019.26,2054.26,207715,135689
2002-03-13,2052.92,2062.34,1993.69,2005.13,187785,147197
2002-03-14,2005.13,2021.87,1986.38,1995.76,174731,143401
2002-03-15,1993.08,2018.52,1978.35,2013.83,142137,147260
2002-03-18,2015.17,2051.99,2003.79,2023.2,158914,55787
2002-03-19,2021.87,2047.98,2013.16,2022.53,147026,56541
2002-03-20,2023.87,2029.9,1947.55,1948.22,171941,65868
2002-03-21,1950.23,2007.81,1940.86,2000.44,181927,61650
2002-03-22,2001.78,2007.14,1972.32,1984.37,149994,59180
2002-03-25,1983.03,1997.76,1919.43,1922.78,171707,71212
2002-03-26,1925.46,1968.31,1909.39,1938.18,188028,71248
2002-03-27,1940.19,1946.88,1914.75,1925.46,148226,75793
2002-03-28,1922.11,1965.63,1920.77,1954.25,103311,75192
2002-04-01,1946.88,1994.42,1915.42,1986.38,164830,74235
2002-04-02,1986.38,1987.05,1893.99,1893.99,190487,78332
2002-04-03,1894.66,1916.09,1852.48,1892.65,186405,80612
2002-04-04,1891.31,1899.35,1851.81,1879.26,212992,84256
2002-04-05,1880.6,1900.69,1845.79,1859.85,180919,83255
2002-04-08,1854.49,1881.27,1796.25,1878.59,216504,83262
2002-04-09,1884.62,1890.65,1808.97,1815.66,220927,87380
2002-04-10,1815.66,1849.14,1789.55,1828.38,253645,87146
2002-04-11,1831.06,1836.42,1775.49,1782.86,227216,97333
2002-04-12,1783.53,1825.03,1778.84,1811.64,184830,95414
2002-04-15,1814.99,1834.41,1794.24,1823.7,185442,95489
2002-04-16,1826.37,1902.03,1824.37,1898.68,155215,101468
2002-04-17,1918.76,1928.14,1870.56,1890.65,168227,101545
2002-04-18,1888.64,1906.71,1839.09,1857.84,177769,98527
2002-04-19,1839.09,1898.68,1833.74,1859.85,125436,100076
2002-04-22,1858.51,1863.2,1794.24,1812.31,152572,108531
2002-04-23,1812.31,1829.72,1766.12,1780.85,186278,113459
2002-04-24,1782.19,1806.29,1746.03,1752.06,187239,113459
2002-04-25,1754.07,1766.12,1728.63,1750.05,207996,127679
2002-04-26,1752.06,1769.47,1674.4,1676.41,216556,130236
2002-04-29,1683.1,1703.19,1648.29,1675.07,206917,129890
2002-04-30,1677.75,1737.33,1659.0,1713.9,219078,138349
2002-05-01,1713.23,1721.93,1652.98,1702.52,250136,136575
2002-05-02,1704.53,1725.95,1642.93,1645.61,208436,132869
2002-05-03,1648.29,1660.34,1588.7,1603.43,185074,134094
2002-05-06,1607.45,1617.49,1556.57,1560.59,205007,133634
2002-05-07,1561.92,1582.68,1532.47,1547.87,232310,134586
2002-05-08,1571.97,1719.92,1568.62,1715.24,282940,140756
2002-05-09,1713.23,1721.93,1661.68,1668.37,234609,136910
2002-05-10,1669.04,1686.45,1590.04,1592.05,231625,143812
2002-05-13,1598.75,1670.38,1589.37,1660.34,233778,139222
2002-05-14,1661.68,1760.76,1656.99,1757.42,215730,133447
2002-05-15,1760.09,1812.98,1717.92,1768.13,313639,161186
2002-05-16,1762.77,1782.19,1736.66,1772.14,200262,161922
2002-05-17,1774.15,1808.97,1750.72,1775.49,171273,161582
2002-05-20,1774.82,1780.18,1721.26,1738.67,171273,161582
2002-05-21,1688.46,1689.8,1687.79,1687.79,170111,169942
2002-05-22,1688.46,1702.52,1652.31,1693.14,209078,176478
2002-05-23,1691.14,1729.97,1661.01,1726.62,211156,170040
2002-05-24,1723.27,1739.34,1671.05,1683.77,129696,168021
2002-05-28,1730.64,1738.67,1642.93,1677.08,170722,168169
2002-05-29,1677.75,1679.76,1628.2,1631.55,177508,170090
2002-05-30,1632.89,1655.65,1610.13,1646.95,202539,165555
2002-05-31,1648.29,1671.72,1614.14,1619.5,175318,164073
2002-06-03,1619.5,1632.89,1551.21,1559.92,217936,172080
2002-06-04,1558.58,1598.08,1537.15,1581.34,284013,180706
2002-06-05,1579.33,1604.77,1559.92,1598.75,239624,183414
2002-06-06,1600.09,1602.09,1541.17,1557.91,226618,187292
2002-06-07,1501.0,1550.54,1480.92,1523.09,234792,196071
2002-06-10,1525.1,1548.53,1515.73,1522.42,179118,194809
2002-06-11,1524.43,1557.24,1473.55,1478.24,204093,203675
2002-06-12,1475.56,1505.69,1444.76,1501.0,330127,206834
2002-06-13,1500.33,1519.0,1472.34,1491.0,265909,244490
2002-06-14,1489.0,1492.34,1411.02,1488.34,257802,229072
2002-06-17,1489.0,1546.99,1484.34,1538.33,200415,220977
2002-06-18,1537.66,1619.64,1517.0,1566.32,196869,218997
2002-06-19,1542.99,1548.99,1465.68,1470.34,207703,220901
2002-06-20,1469.01,1477.67,1415.02,1425.68,220226,226503
2002-06-21,1425.68,1443.68,1380.36,1388.36,163056,231353
2002-06-24,1391.69,1442.35,1357.7,1417.69,267078,76197
2002-06-25,1421.02,1437.01,1361.7,1369.03,262919,75439
2002-06-26,1370.36,1385.69,1298.38,1372.36,300972,87440
2002-06-27,1375.7,1413.02,1347.7,1412.35,278187,87430
2002-06-28,1408.35,1439.01,1392.36,1405.02,175217,84589
2002-07-01,1405.69,1419.02,1331.04,1335.7,175706,81227
2002-07-02,1336.37,1343.7,1286.38,1289.05,249100,91051
2002-07-03,1292.38,1332.37,1270.39,1330.37,211740,90056
2002-07-05,1331.04,1421.68,1319.71,1418.35,93634,94134
2002-07-08,1415.02,1431.02,1349.7,1366.36,248360,94434
2002-07-09,1366.36,1375.7,1323.04,1325.71,257407,97429
2002-07-10,1329.04,1353.7,1282.38,1283.72,295694,104953
2002-07-11,1288.38,1339.04,1264.39,1331.04,358951,113586
2002-07-12,1333.04,1373.03,1320.37,1334.37,249183,115511
2002-07-15,1333.04,1377.69,1277.05,1373.03,353242,125953
2002-07-16,1375.03,1399.02,1339.04,1354.37,337495,131646
2002-07-17,1341.04,1421.02,1335.7,1377.69,315055,137140
2002-07-18,1382.36,1398.36,1326.37,1330.37,238856,150788
2002-07-19,1325.04,1330.37,1278.38,1289.05,234002,147952
2002-07-22,1280.38,1313.71,1241.06,1257.72,321536,155883
2002-07-23,1259.05,1277.05,1197.73,1202.4,298586,162248
2002-07-24,1199.07,1270.39,1163.74,1269.05,376120,158214
2002-07-25,1269.05,1270.39,1172.41,1195.74,304644,161175
2002-07-26,1195.74,1227.73,1182.4,1216.4,207573,163031
2002-07-29,1219.73,1296.38,1213.06,1281.72,209519,163755
2002-07-30,1281.72,1326.37,1268.39,1307.04,244742,164163
2002-07-31,1299.71,1317.71,1254.39,1285.72,208317,163078
2002-08-01,1277.72,1285.72,1217.06,1222.4,188134,162315
2002-08-02,1221.73,1225.73,1172.41,1194.4,177515,160580
2002-08-05,1192.4,1199.07,1143.75,1153.08,187982,162844
2002-08-06,1149.08,1236.39,1142.41,1207.73,233407,173877
2002-08-07,1209.73,1254.39,1179.07,1225.06,265929,173616
2002-08-08,1225.73,1268.39,1199.73,1265.05,239915,174952
2002-08-09,1264.39,1273.72,1229.06,1251.72,165456,169477
2002-08-12,1249.72,1261.05,1229.73,1257.72,117983,165814
2002-08-13,1258.39,1282.38,1211.73,1214.4,225750,165148
2002-08-14,1213.06,1295.71,1205.07,1289.05,242626,165737
2002-08-15,1287.05,1320.37,1274.38,1318.37,249354,165569
2002-08-16,1316.37,1341.7,1271.72,1327.04,163975,164975
2002-08-19,1325.04,1372.36,1317.04,1360.37,149364,166667
2002-08-20,1360.37,1365.7,1336.37,1351.03,186585,172485
2002-08-21,1351.03,1387.03,1342.37,1383.69,225939,177841
2002-08-22,1383.69,1406.36,1364.36,1402.36,182446,185576
2002-08-23,1405.02,1405.02,1340.37,1351.7,155048,180379
2002-08-26,1348.37,1372.36,1321.71,1355.03,174589,174492
2002-08-27,1355.7,1370.36,1296.38,1307.71,195926,177679
2002-08-28,1303.71,1309.04,1255.06,1261.05,192328,174940
2002-08-29,1259.72,1299.71,1235.73,1276.38,192931,178808
2002-08-30,1266.39,1288.38,1255.06,1257.72,112093,169168
2002-09-03,1255.72,1261.05,1199.07,1206.4,172364,176462
2002-09-04,1206.4,1235.06,1193.74,1219.73,198748,173101
2002-09-05,1220.4,1223.73,1177.07,1190.4,190721,193208
2002-09-06,1193.07,1246.39,1189.07,1227.06,187856,180784
2002-09-09,1223.73,1253.06,1192.4,1237.06,198039,176718
2002-09-10,1237.73,1270.39,1235.06,1268.39,202933,180002
2002-09-11,1266.39,1307.04,1255.72,1257.05,181556,184386
2002-09-12,1255.06,1261.7,1218.56,1224.53,189967,193459
2002-09-13,1223.87,1237.81,1205.95,1233.83,204098,202104
2002-09-16,1232.5,1233.83,1196.66,1215.24,197936,210180
2002-09-17,1213.91,1258.38,1188.69,1191.35,237636,216719
2002-09-18,1180.73,1209.93,1167.45,1174.76,235995,215363
2002-09-19,1175.42,1186.04,1155.51,1158.16,252069,217837
2002-09-20,1162.81,1181.39,1150.86,1162.15,200881,221028
2002-09-23,1164.14,1164.8,1115.69,1127.63,217940,83887
2002-09-24,1129.62,1148.87,1106.39,1126.97,260854,79712
2002-09-25,1126.97,1181.39,1111.04,1171.44,263257,85132
2002-09-26,1174.09,1195.99,1145.55,1157.5,276446,86380
2002-09-27,1156.84,1189.36,1142.9,1143.56,238140,81747
2002-09-30,1140.24,1140.24,1096.44,1109.05,229879,85758
2002-10-01,1109.05,1179.4,1096.44,1176.75,297040,90041
2002-10-02,1177.41,1180.73,1123.65,1138.92,314913,95978
2002-10-03,1132.28,1146.22,1107.72,1110.38,255296,94749
2002-10-04,1108.39,1130.95,1077.85,1089.8,293186,103230
2002-10-07,1089.14,1102.41,1062.59,1079.18,251207,102922
2002-10-08,1078.52,1103.08,1058.61,1081.17,296522,101528
2002-10-09,1081.17,1099.76,1061.93,1074.54,307864,104168
2002-10-10,1075.2,1136.26,1063.25,1126.97,313949,101432
2002-10-11,1128.96,1198.65,1122.99,1188.69,270209,109785
2002-10-14,1180.73,1205.29,1166.79,1204.62,172785,108496
2002-10-15,1205.95,1266.35,1200.64,1262.36,298346,114621
2002-10-16,1225.2,1257.72,1206.61,1220.55,241859,106432
2002-10-17,1219.89,1274.31,1219.89,1253.74,237027,112177
2002-10-18,1262.36,1285.59,1227.85,1274.97,224567,106840
2002-10-21,1269.0,1308.82,1247.1,1300.86,226280,111001
2002-10-22,1288.91,1302.85,1267.01,1291.57,257754,113216
2002-10-23,1288.91,1318.12,1267.67,1317.45,333084,118558
2002-10-24,1316.12,1330.06,1280.28,1284.27,294772,119933
2002-10-25,1282.28,1324.75,1277.63,1317.45,227690,123545
2002-10-28,1318.78,1346.65,1294.22,1310.15,259275,122515
2002-10-29,1310.15,1312.81,1251.08,1278.96,282683,123188
2002-10-30,1278.29,1325.42,1270.33,1315.46,326604,131541
2002-10-31,1314.8,1339.35,1302.85,1316.12,269361,135999
2002-11-01,1316.12,1358.6,1292.23,1354.62,248352,142186
2002-11-04,1377.85,1424.31,1373.2,1384.49,229096,147233
2002-11-05,1387.14,1399.75,1367.23,1395.77,252565,150283
2002-11-06,1398.42,1424.31,1371.21,1419.0,309944,151176
2002-11-07,1421.65,1426.3,1353.96,1366.57,244815,144086
2002-11-08,1374.53,1385.15,1334.04,1339.35,226209,143635
2002-11-11,1339.35,1347.32,1292.23,1301.52,186601,135535
2002-11-12,1298.87,1357.94,1294.22,1333.38,231010,143406
2002-11-13,1334.71,1359.93,1309.49,1349.31,314604,145279
2002-11-14,1350.64,1415.68,1330.06,1395.77,265483,154024
2002-11-15,1395.11,1415.68,1375.86,1414.35,217991,159739
2002-11-18,1414.35,1432.94,1389.8,1393.78,241961,158665
2002-11-19,1391.79,1396.43,1352.63,1370.55,314334,157573
2002-11-20,1369.22,1429.62,1362.58,1428.29,269315,163242
2002-11-21,1430.95,1488.69,1429.62,1483.38,301288,164922
2002-11-22,1483.38,1492.67,1460.81,1482.05,243857,167371
2002-11-25,1482.05,1507.27,1472.09,1494.66,245032,174478
2002-11-26,1495.99,1496.65,1438.25,1444.88,219699,163046
2002-11-27,1449.53,1519.88,1444.88,1492.01,177089,157294
2002-11-29,1493.33,1507.93,1438.91,1482.71,72495,158908
2002-12-02,1476.74,1536.47,1473.42,1496.65,302694,163161
2002-12-03,1495.32,1508.6,1433.6,1452.85,268104,152015
2002-12-04,1452.18,1452.85,1400.41,1421.65,343925,152301
2002-12-05,1422.98,1443.56,1395.77,1401.74,332084,158902
2002-12-06,1409.71,1426.96,1367.23,1416.34,337240,159570
2002-12-09,1415.68,1423.64,1345.99,1347.32,277227,150507
2002-12-10,1347.32,1386.48,1346.65,1368.56,214133,147297
2002-12-11,1367.89,1391.79,1352.63,1374.53,235049,154432
2002-12-12,1376.52,1397.03,1363.28,1382.47,224870,171272
2002-12-13,1382.47,1383.13,1336.15,1337.47,208978,189531
2002-12-16,1335.48,1386.44,1331.51,1381.15,208992,198216
2002-12-17,1381.81,1399.02,1371.22,1384.46,216951,198092
2002-12-18,1385.12,1386.44,1337.47,1355.34,200148,210425
2002-12-19,1356.0,1375.85,1326.22,1340.12,327906,211882
2002-12-20,1340.78,1359.31,1338.13,1354.68,170331,214477
2002-12-23,1356.66,1375.19,1342.1,1367.91,118608,102573
2002-12-24,1366.59,1374.53,1352.69,1355.34,34696,100249
2002-12-26,1354.02,1383.8,1344.09,1350.04,115267,101660
2002-12-27,1349.38,1356.66,1320.26,1325.56,112304,106713
2002-12-30,1322.91,1332.84,1300.41,1314.31,120878,114259
2002-12-31,1315.63,1318.94,1295.78,1306.37,119399,118204
2003-01-02,1312.98,1363.94,1304.38,1356.66,214633,125240
2003-01-03,1358.65,1373.21,1350.04,1371.22,156630,121865
2003-01-06,1369.24,1418.87,1364.6,1404.31,201127,129474
2003-01-07,1408.94,1436.74,1397.69,1422.84,312022,126741
2003-01-08,1420.86,1422.18,1379.16,1383.13,274159,132591
2003-01-09,1383.8,1440.05,1382.47,1425.49,262340,139680
2003-01-10,1426.15,1454.61,1397.69,1444.68,269982,142746
2003-01-13,1443.36,1467.18,1426.15,1438.06,247546,145467
2003-01-14,1437.4,1457.25,1432.11,1445.34,198557,145653
2003-01-15,1436.08,1459.9,1417.55,1425.49,226568,156815
2003-01-16,1418.87,1438.72,1402.33,1408.94,231587,163860
2003-01-17,1410.93,1426.15,1347.4,1350.04,207669,183965
2003-01-21,1350.71,1362.62,1334.16,1335.48,250001,193993
2003-01-22,1336.81,1361.96,1322.91,1329.53,292328,197979
2003-01-23,1340.78,1377.84,1338.79,1358.65,271579,197561
2003-01-24,1360.63,1366.59,1313.65,1323.57,263208,217973
2003-01-27,1327.54,1333.5,1297.1,1308.35,267508,204303
2003-01-28,1310.34,1334.82,1300.41,1321.59,226536,200047
2003-01-29,1322.91,1356.66,1297.1,1341.44,319563,203538
2003-01-30,1342.1,1359.31,1305.04,1306.37,226906,209639
2003-01-31,1306.37,1320.26,1277.25,1303.06,279988,213238
2003-02-03,1302.4,1321.59,1295.78,1305.04,206075,216189
2003-02-04,1305.7,1310.34,1269.97,1290.48,219088,217272
2003-02-05,1283.2,1324.23,1276.59,1283.2,310103,226147
2003-02-06,1283.87,1297.1,1271.29,1290.48,271031,233799
2003-02-07,1289.16,1307.03,1259.38,1269.97,240292,244709
2003-02-10,1267.98,1291.81,1258.72,1282.54,240469,239185
2003-02-11,1283.87,1311.0,1273.94,1286.51,244251,241634
2003-02-12,1285.19,1296.44,1266.66,1268.64,196969,237769
2003-02-13,1267.32,1301.73,1242.17,1272.62,261308,242928
2003-02-14,1272.62,1304.38,1258.06,1303.72,265743,242231
2003-02-18,1305.7,1349.38,1301.07,1348.06,233076,235806
2003-02-19,1346.74,1352.69,1316.29,1336.15,225922,229428
2003-02-20,1334.82,1350.71,1323.57,1329.53,182703,221857
2003-02-21,1329.53,1351.37,1305.04,1342.76,256360,217559
2003-02-24,1345.41,1352.03,1314.97,1315.63,238118,215048
2003-02-25,1315.63,1327.54,1281.88,1320.93,300943,214122
2003-02-26,1320.26,1327.54,1288.5,1289.16,268424,228140
2003-02-27,1289.16,1326.88,1285.85,1318.94,244848,216735
2003-02-28,1318.28,1342.76,1312.32,1337.47,213851,209636
2003-03-03,1342.76,1355.34,1308.35,1313.65,228147,209483
2003-03-04,1311.0,1317.62,1299.75,1304.38,186329,205398
2003-03-05,1303.72,1318.94,1294.45,1307.69,267385,210382
2003-03-06,1309.01,1313.65,1292.47,1303.06,238568,217995
2003-03-07,1295.12,1314.31,1276.59,1305.7,293469,230063
2003-03-10,1305.7,1306.37,1273.28,1279.23,225619,237764
2003-03-11,1279.89,1290.48,1266.66,1267.98,206456,236772
2003-03-12,1268.64,1290.48,1250.78,1288.5,306051,246752
2003-03-13,1295.76,1365.73,1285.2,1363.75,382611,305338
2003-03-14,1364.41,1382.23,1350.55,1369.03,330491,330848
2003-03-17,1368.37,1425.8,1345.27,1417.88,483850,375267
2003-03-18,1417.88,1437.68,1407.31,1435.7,321583,386385
2003-03-19,1433.72,1448.9,1402.03,1420.52,299203,404091
2003-03-20,1418.54,1444.28,1394.11,1427.78,331868,407496
2003-03-21,1427.78,1456.82,1423.82,1444.94,265763,197645
2003-03-24,1432.4,1435.7,1382.89,1386.19,267104,420446
2003-03-25,1386.19,1424.48,1377.61,1406.65,247866,201673
2003-03-26,1407.97,1423.82,1403.35,1412.6,201770,207677
2003-03-27,1413.26,1417.88,1388.17,1401.37,220208,209517
2003-03-28,1403.35,1407.97,1380.91,1388.17,158899,197412
2003-03-31,1382.23,1384.21,1339.99,1347.91,285957,182482
2003-04-01,1345.27,1366.39,1340.65,1350.55,252452,176584
2003-04-02,1351.87,1412.6,1351.21,1402.03,275065,190171
2003-04-03,1404.67,1428.44,1400.71,1408.63,213498,189798
2003-04-04,1406.65,1423.16,1381.57,1386.19,215460,182008
2003-04-07,1399.39,1445.6,1386.85,1387.51,253698,188807
2003-04-08,1387.51,1410.62,1377.61,1386.85,250903,194657
2003-04-09,1387.51,1400.71,1352.53,1354.51,305154,194784
2003-04-10,1357.15,1371.01,1345.93,1370.35,227920,190961
2003-04-11,1371.01,1391.47,1349.23,1357.81,236842,192053
2003-04-14,1358.47,1390.81,1354.51,1384.21,233072,196545
2003-04-15,1383.55,1404.67,1374.31,1398.73,203466,199709
2003-04-16,1412.6,1431.08,1389.49,1394.77,291610,202665
2003-04-17,1395.43,1435.7,1391.47,1429.76,265748,202543
2003-04-21,1431.08,1441.64,1415.9,1431.74,217389,198968
2003-04-22,1430.42,1460.78,1417.22,1457.48,263900,204620
2003-04-23,1460.78,1475.96,1450.22,1470.02,274744,204557
2003-04-24,1470.02,1475.96,1450.22,1462.76,245131,205269
2003-04-25,1464.74,1468.7,1428.44,1433.06,199801,208941
2003-04-28,1432.4,1470.02,1427.78,1461.44,246153,201626
2003-04-29,1460.78,1491.15,1456.82,1473.98,246153,202744
2003-04-30,1473.98,1477.28,1459.46,1462.76,236049,203512
2003-05-01,1461.44,1470.02,1445.6,1470.02,106889,208422
2003-05-02,1468.7,1504.35,1466.72,1503.69,241136,224872
2003-05-05,1502.37,1525.47,1497.75,1503.03,260943,229384
2003-05-06,1502.37,1536.03,1497.75,1521.51,247291,240541
2003-05-07,1522.83,1530.75,1495.11,1504.35,264190,242266
2003-05-08,1502.37,1503.69,1475.3,1475.96,293449,237463
2003-05-09,1475.96,1512.93,1471.34,1509.63,233282,252704
2003-05-12,1510.95,1539.33,1497.09,1531.41,263917,251948
2003-05-13,1533.39,1541.97,1517.55,1524.15,228264,244460
2003-05-14,1522.17,1539.33,1506.99,1519.53,222279,239610
2003-05-15,1520.19,1539.99,1518.21,1536.03,254325,241804
2003-05-16,1534.71,1539.33,1514.25,1526.79,189289,238633
2003-05-19,1523.49,1523.49,1468.7,1470.68,263151,239033
2003-05-20,1472.0,1485.87,1457.48,1476.62,266869,233195
2003-05-21,1477.94,1481.24,1458.14,1472.66,237998,231049
2003-05-22,1470.68,1504.35,1466.06,1491.81,195469,234333
2003-05-23,1491.15,1501.05,1485.21,1492.47,121387,231586
2003-05-27,1495.77,1551.87,1481.9,1547.91,278901,254366
2003-05-28,1547.91,1565.74,1538.67,1550.55,258167,254357
2003-05-29,1547.91,1584.22,1545.27,1556.5,393136,258853
2003-05-30,1557.16,1587.52,1553.85,1582.9,254814,267056
2003-06-02,1582.24,1604.68,1557.82,1571.68,319674,269971
2003-06-03,1565.08,1586.86,1558.48,1586.2,287206,244037
2003-06-04,1584.88,1623.82,1578.94,1616.56,304947,249137
2003-06-05,1614.58,1630.43,1592.8,1629.11,310260,247723
2003-06-06,1625.14,1672.01,1595.44,1601.38,436947,254413
2003-06-09,1596.1,1614.58,1568.38,1580.92,436947,254413
2003-06-10,1581.58,1605.34,1576.3,1603.36,271595,265753
2003-06-11,1600.06,1625.8,1582.9,1622.5,388676,295012
2003-06-12,1624.48,1636.99,1608.02,1627.77,323125,315284
2003-06-13,1627.77,1631.72,1585.63,1593.53,275274,337928
2003-06-16,1593.53,1642.26,1586.95,1640.94,281125,336792
2003-06-17,1638.31,1652.79,1622.5,1632.38,269241,357430
2003-06-18,1633.7,1658.06,1616.58,1641.6,291465,363308
2003-06-19,1642.26,1658.06,1612.63,1613.94,315093,372085
2003-06-20,1613.94,1631.06,1605.38,1609.33,256390,375825
2003-06-23,1608.02,1611.97,1569.17,1586.95,273610,159899
2003-06-24,1586.29,1598.14,1567.19,1573.12,344749,167504
2003-06-25,1573.78,1601.43,1564.56,1566.53,313086,183670
2003-06-26,1567.19,1607.36,1565.87,1602.75,270064,186599
2003-06-27,1604.73,1622.5,1579.04,1583.65,263864,192839
2003-06-30,1586.95,1609.33,1582.34,1586.29,210670,203149
2003-07-01,1588.26,1611.31,1552.71,1610.65,356022,224289
2003-07-02,1609.33,1644.89,1609.33,1644.23,236604,225311
2003-07-03,1642.92,1650.16,1617.24,1618.55,166987,227586
2003-07-07,1623.82,1693.62,1623.82,1692.3,267607,241801
2003-07-08,1690.99,1714.69,1677.16,1710.74,288017,237327
2003-07-09,1709.42,1724.57,1694.94,1708.11,301305,246755
2003-07-10,1698.23,1698.89,1662.01,1675.84,292863,248740
2003-07-11,1676.5,1696.91,1667.28,1687.69,236050,256536
2003-07-14,1690.99,1737.74,1690.33,1711.4,337719,245602
2003-07-15,1710.08,1730.5,1694.28,1709.42,314820,248211
2003-07-16,1720.62,1731.81,1683.08,1705.47,318854,252016
2003-07-17,1702.18,1703.5,1645.55,1652.79,368553,276019
2003-07-18,1662.01,1672.55,1639.63,1657.4,244383,279348
2003-07-21,1657.4,1663.33,1622.5,1635.02,347010,303256
2003-07-22,1631.72,1671.23,1629.75,1662.67,369886,272918
2003-07-23,1666.62,1681.11,1642.92,1676.5,284938,269795
2003-07-24,1673.21,1700.21,1649.5,1651.48,284388,281042
2003-07-25,1648.84,1687.04,1631.06,1686.38,278703,289398
2003-07-28,1688.35,1696.25,1676.5,1690.33,275445,284222
2003-07-29,1689.67,1697.57,1655.43,1677.16,329668,287156
2003-07-30,1676.5,1687.04,1662.01,1665.31,181525,292936
2003-07-31,1664.65,1713.38,1664.65,1684.4,287581,286263
2003-08-01,1683.74,1691.65,1659.38,1669.26,239576,293400
2003-08-04,1667.28,1684.4,1634.36,1666.62,337459,277427
2003-08-05,1666.62,1669.92,1600.12,1601.43,314289,287499
2003-08-06,1599.46,1631.06,1595.51,1599.46,327016,299971
2003-08-07,1600.12,1615.92,1591.56,1606.04,252742,302916
2003-08-08,1605.38,1618.55,1585.63,1594.19,193379,311749
2003-08-11,1592.87,1622.5,1591.56,1609.99,246768,303710
2003-08-12,1610.65,1638.31,1606.7,1636.33,177495,300851
2003-08-13,1635.02,1646.87,1623.82,1636.99,218281,313544
2003-08-14,1636.33,1653.45,1625.8,1640.28,181236,317921
2003-08-15,1633.04,1658.72,1606.7,1652.14,198975,322158
2003-08-18,1650.16,1696.25,1649.5,1694.94,100594,318582
2003-08-19,1694.94,1716.67,1687.69,1715.35,240944,322918
2003-08-20,1711.4,1723.91,1696.91,1711.4,205038,329887
2003-08-21,1710.74,1739.71,1710.08,1729.84,277504,332571
2003-08-22,1730.5,1768.69,1717.98,1718.64,271682,332233
2003-08-25,1719.3,1723.25,1706.79,1721.28,168038,327429
2003-08-26,1721.94,1727.2,1685.72,1723.25,323622,337223
2003-08-27,1723.25,1739.71,1715.35,1738.4,182881,336816
2003-08-28,1737.74,1755.52,1723.25,1753.54,234717,344367
2003-08-29,1752.23,1772.64,1746.96,1767.37,123825,323510
2003-09-02,1766.05,1795.69,1755.52,1795.03,301950,327357
2003-09-03,1796.34,1812.81,1783.17,1793.05,314551,323067
2003-09-04,1793.05,1812.81,1785.81,1810.83,279858,333845
2003-09-05,1817.42,1819.39,1783.17,1798.98,297874,342147
2003-09-08,1797.0,1829.27,1795.03,1827.95,337126,332450
2003-09-09,1829.27,1835.19,1797.0,1806.22,287616,340661
2003-09-10,1801.61,1804.25,1754.2,1762.1,391380,353092
2003-09-11,1760.79,1790.35,1747.65,1781.16,431120,390810
2003-09-12,1781.81,1791.67,1749.62,1789.7,366992,383152
2003-09-15,1791.01,1796.27,1770.64,1773.93,273581,382326
2003-09-16,1774.59,1822.55,1773.93,1821.23,295112,392694
2003-09-17,1821.23,1827.15,1802.18,1814.01,275630,386501
2003-09-18,1812.04,1846.2,1800.21,1840.94,341894,395135
2003-09-19,1840.94,1844.89,1819.26,1832.4,226325,388165
2003-09-22,1829.12,1829.12,1786.41,1794.3,342458,150929
2003-09-23,1795.61,1828.46,1792.98,1825.18,460550,171608
2003-09-24,1825.83,1831.09,1756.19,1757.5,307381,161457
2003-09-25,1758.16,1786.41,1733.19,1733.85,402197,174056
2003-09-26,1735.17,1755.53,1720.05,1722.03,365248,187095
2003-09-29,1722.68,1755.53,1716.77,1755.53,357482,192700
2003-09-30,1754.88,1756.85,1712.17,1716.11,357482,192700
2003-10-01,1715.46,1758.82,1714.14,1752.25,347742,189277
2003-10-02,1751.59,1768.02,1742.39,1758.82,291917,186588
2003-10-03,1757.5,1823.86,1755.53,1808.75,383244,201427
2003-10-06,1816.63,1824.52,1800.87,1821.89,157549,188974
2003-10-07,1820.58,1833.72,1798.9,1833.06,329412,195942
2003-10-08,1833.06,1844.23,1810.06,1821.23,341025,200055
2003-10-09,1819.92,1865.91,1814.66,1836.35,401202,204746
2003-10-10,1835.69,1852.77,1832.4,1852.11,229881,205441
2003-10-13,1851.46,1871.17,1847.51,1863.94,165028,203082
2003-10-14,1863.28,1872.48,1849.49,1871.17,237197,205070
2003-10-15,1871.17,1898.1,1853.43,1861.31,340877,199418
2003-10-16,1857.37,1879.05,1848.17,1876.42,266158,212079
2003-10-17,1868.54,1877.08,1830.43,1831.09,311057,211977
2003-10-20,1831.75,1856.71,1825.18,1854.74,254883,213349
2003-10-21,1852.77,1875.77,1847.51,1865.25,260802,220000
2003-10-22,1865.91,1866.57,1821.23,1829.12,305513,221327
2003-10-23,1825.83,1826.49,1797.58,1806.12,320659,232315
2003-10-24,1806.12,1810.72,1770.64,1808.09,296674,228945
2003-10-27,1805.47,1821.89,1799.55,1810.06,234455,236285
2003-10-28,1809.41,1873.14,1808.75,1870.51,297016,245299
2003-10-29,1869.85,1873.14,1854.74,1867.88,308538,244349
2003-10-30,1867.88,1898.76,1858.68,1871.17,321966,244515
2003-10-31,1869.2,1880.37,1855.4,1863.28,198183,246703
2003-11-03,1856.06,1902.7,1856.06,1890.88,241426,252531
2003-11-04,1892.19,1897.45,1873.79,1879.71,244293,248314
2003-11-05,1877.74,1897.45,1858.68,1894.16,267056,251384
2003-11-06,1896.79,1902.7,1868.54,1902.05,286510,253653
2003-11-07,1900.73,1916.5,1881.68,1883.65,229108,259918
2003-11-10,1884.31,1891.53,1855.4,1861.31,223857,261345
2003-11-11,1861.31,1865.91,1842.26,1854.74,212329,267602
2003-11-12,1853.43,1902.05,1851.46,1894.82,316794,273292
2003-11-13,1895.48,1905.99,1879.05,1892.19,292844,275623
2003-11-14,1890.88,1904.02,1847.51,1852.11,369465,279572
2003-11-17,1851.46,1851.46,1810.72,1833.06,352754,294614
2003-11-18,1832.4,1848.17,1787.73,1790.35,381428,308339
2003-11-19,1789.7,1818.61,1785.76,1807.44,331071,315262
2003-11-20,1810.06,1833.72,1786.41,1790.35,400926,319262
2003-11-21,1790.35,1811.38,1782.47,1811.38,265479,311419
2003-11-24,1806.12,1863.94,1806.12,1860.0,299170,303147
2003-11-25,1859.34,1878.39,1855.4,1858.68,247226,293742
2003-11-26,1859.34,1876.42,1839.63,1867.22,230129,290627
2003-11-28,1869.85,1876.42,1855.4,1872.48,61979,248552
2003-12-01,1871.17,1902.7,1867.88,1896.79,316034,245869
2003-12-02,1898.1,1904.02,1880.37,1886.28,217073,254708
2003-12-03,1884.96,1909.27,1862.63,1863.28,370193,261467
2003-12-04,1863.28,1886.28,1853.43,1882.99,343720,265429
2003-12-05,1870.51,1876.42,1846.2,1852.77,308351,266334
2003-12-08,1852.11,1866.57,1837.66,1862.63,271090,266359
2003-12-09,1861.97,1873.79,1815.98,1819.26,397415,283735
2003-12-10,1819.26,1833.06,1803.49,1826.49,370633,296124
2003-12-11,1825.18,1870.4,1820.59,1864.5,480517,344473
2003-12-12,1863.85,1871.05,1844.18,1864.5,281188,342762
2003-12-15,1901.2,1908.41,1829.77,1838.29,444608,347786
2003-12-16,1836.98,1850.08,1817.97,1840.91,332965,338153
2003-12-17,1840.91,1847.46,1825.83,1843.53,247272,327829
2003-12-18,1842.87,1882.85,1840.91,1878.92,283400,348515
2003-12-19,1876.95,1882.85,1858.6,1872.37,230008,343560
2003-12-22,1864.5,1882.85,1857.29,1878.92,141560,136152
2003-12-23,1878.26,1902.51,1875.64,1893.34,177672,150613
2003-12-24,1893.34,1901.86,1889.4,1895.96,47761,145825
2003-12-26,1899.24,1906.44,1892.68,1893.99,31579,145707
2003-12-29,1893.99,1929.38,1893.99,1926.76,140580,157108
2003-12-30,1926.1,1935.94,1917.59,1932.66,101033,158532
2003-12-31,1931.35,1938.56,1914.96,1928.07,119570,164307
2004-01-02,1930.69,1943.8,1914.31,1922.17,162447,164614
2004-01-05,1924.14,1962.81,1922.83,1960.18,272004,187731
2004-01-06,1958.87,1976.57,1951.66,1971.98,241019,184204
2004-01-07,1971.98,1989.02,1956.91,1988.36,261068,194121
2004-01-08,1987.71,2006.71,1985.74,2006.71,278306,177820
2004-01-09,2006.06,2025.06,1985.09,1994.26,366250,181949
2004-01-12,1993.61,2025.72,1990.33,2024.41,265412,186343
2004-01-13,2024.41,2029.0,1985.74,2003.44,365523,192028
2004-01-14,2003.44,2017.86,1997.54,2015.23,254445,191104
2004-01-15,2008.02,2029.65,1987.05,2015.23,487491,197088
2004-01-16,2013.92,2039.48,2012.61,2035.55,234983,198985
2004-01-20,2036.86,2048.66,2021.79,2035.55,281695,201868
2004-01-21,2034.24,2041.45,2006.06,2027.69,385704,224044
2004-01-22,2031.62,2041.45,2008.68,2011.3,317113,220671
2004-01-23,2001.47,2030.96,1993.61,2009.34,312708,226297
2004-01-26,2006.06,2039.48,1996.88,2037.52,261708,232666
2004-01-27,2036.86,2040.79,1991.64,1992.3,344966,229191
2004-01-28,1991.64,2008.68,1951.66,1958.22,370188,234696
2004-01-29,1956.25,1969.36,1933.97,1965.43,419754,243433
2004-01-30,1967.39,1975.26,1951.01,1959.53,273942,232712
2004-02-02,1958.22,1978.53,1942.49,1951.66,355547,246176
2004-02-03,1950.35,1964.77,1943.8,1949.04,257039,250794
2004-02-04,1950.35,1951.66,1915.62,1917.59,361425,254171
2004-02-05,1917.59,1935.94,1916.27,1923.48,258058,248313
2004-02-06,1922.83,1967.39,1913.65,1958.87,309997,260652
2004-02-09,1960.84,1972.64,1954.94,1958.22,196399,253516
2004-02-10,1958.22,1973.95,1953.63,1962.81,216883,260859
2004-02-11,1962.81,1987.71,1955.6,1982.47,304288,255113
2004-02-12,1982.47,1989.02,1964.12,1966.74,221097,254453
2004-02-13,1968.05,1982.47,1938.56,1950.35,277969,252480
2004-02-17,1954.94,1984.43,1949.04,1975.91,277969,252480
2004-02-18,1977.88,1988.36,1968.05,1980.5,256241,253736
2004-02-19,1982.47,1999.51,1942.49,1951.01,344480,257530
2004-02-20,1950.35,1959.53,1927.42,1944.46,391787,245240
2004-02-23,1944.46,1957.56,1905.79,1922.17,377470,241883
2004-02-24,1923.48,1933.31,1903.17,1918.24,396620,242518
2004-02-25,1918.9,1934.62,1911.03,1929.38,264631,244752
2004-02-26,1929.38,1942.49,1914.31,1933.97,285593,245745
2004-02-27,1933.97,1948.39,1913.0,1928.73,346217,244078
2004-03-01,1930.69,1954.94,1922.83,1952.97,315018,259100
2004-03-02,1953.63,1960.84,1930.69,1930.69,315191,250123
2004-03-03,1930.04,1933.31,1909.07,1918.9,305912,255967
2004-03-04,1920.86,1942.49,1918.24,1936.59,193182,252044
2004-03-05,1932.0,1958.87,1912.34,1932.66,408105,249814
2004-03-08,1933.31,1942.49,1883.51,1884.16,396367,282892
2004-03-09,1886.78,1896.61,1872.37,1880.89,458597,297222
2004-03-10,1882.2,1898.58,1852.05,1854.02,482729,301009
2004-03-11,1854.67,1872.98,1828.51,1838.32,540831,346902
2004-03-12,1838.32,1874.94,1831.13,1872.33,365386,352445
2004-03-15,1868.4,1876.25,1835.05,1840.94,411122,355404
2004-03-16,1841.59,1858.59,1825.24,1841.59,410223,358382
2004-03-17,1842.24,1877.56,1842.24,1872.33,294921,363063
2004-03-18,1871.67,1873.63,1842.9,1863.82,412936,326296
2004-03-19,1863.17,1872.98,1829.16,1831.13,301032,345570
2004-03-22,1830.47,1831.13,1793.2,1808.24,361594,169169
2004-03-23,1808.24,1825.89,1791.23,1793.85,346864,169660
2004-03-24,1794.5,1825.24,1786.0,1813.47,379589,171563
2004-03-25,1812.81,1869.06,1808.89,1863.17,330570,170513
2004-03-26,1863.82,1875.6,1855.32,1856.63,246798,170698
2004-03-29,1857.94,1895.22,1857.29,1888.02,273822,175135
2004-03-30,1888.02,1893.91,1871.02,1892.6,213661,173040
2004-03-31,1892.6,1901.76,1875.6,1885.41,246974,175298
2004-04-01,1886.71,1909.6,1880.83,1907.64,260276,182585
2004-04-02,1907.64,1957.34,1902.41,1955.38,398790,224157
2004-04-05,1953.42,1976.31,1945.57,1973.69,221526,232051
2004-04-06,1971.73,1974.35,1944.92,1946.88,226250,230832
2004-04-07,1946.88,1955.38,1931.84,1948.84,277598,235804
2004-04-08,1944.92,1971.73,1935.76,1948.19,237304,235969
2004-04-12,1947.53,1961.92,1942.3,1958.65,141877,242554
2004-04-13,1958.65,1973.04,1923.99,1931.18,293633,248292
2004-04-14,1927.26,1946.23,1912.22,1940.34,359997,256402
2004-04-15,1939.03,1946.23,1897.18,1904.37,355127,255811
2004-04-16,1899.79,1912.87,1886.06,1901.1,283141,255281
2004-04-19,1897.18,1927.26,1891.29,1923.99,222690,260806
2004-04-20,1923.34,1938.38,1876.9,1880.17,340513,265463
2004-04-21,1883.44,1902.41,1877.56,1894.56,346974,260446
2004-04-22,1904.37,1950.15,1889.33,1940.99,403005,284160
2004-04-23,1956.04,1963.23,1943.61,1959.31,273135,278607
2004-04-26,1958.0,1964.54,1930.53,1948.19,252164,279836
2004-04-27,1947.53,1959.31,1932.49,1941.65,293259,286484
2004-04-28,1941.65,1942.3,1896.52,1906.99,367192,292168
2004-04-29,1905.03,1912.87,1859.25,1878.21,446540,306230
2004-04-30,1876.25,1887.37,1830.47,1835.05,385593,295104
2004-05-03,1830.47,1870.36,1830.47,1850.09,305921,295605
2004-05-04,1848.78,1882.79,1844.86,1855.98,368330,292892
2004-05-05,1856.63,1879.52,1846.17,1872.98,308835,281842
2004-05-06,1873.63,1874.94,1835.7,1855.98,311155,285355
2004-05-07,1855.32,1876.25,1837.01,1838.97,409620,294902
2004-05-10,1837.67,1839.63,1810.2,1825.24,455137,293316
2004-05-11,1825.24,1863.17,1823.28,1852.05,336138,285851
2004-05-12,1855.98,1861.21,1803.01,1855.98,550475,300923
2004-05-13,1855.32,1865.79,1838.32,1843.55,353141,293339
2004-05-14,1843.55,1859.25,1822.62,1831.13,370391,309177
2004-05-17,1829.16,1832.43,1795.16,1813.47,360538,312776
2004-05-18,1812.16,1837.67,1811.51,1828.51,265665,314168
2004-05-19,1829.16,1869.06,1821.97,1825.89,371964,315763
2004-05-20,1823.93,1842.9,1818.05,1833.74,294754,315019
2004-05-21,1832.43,1851.4,1827.86,1842.24,249052,312391
2004-05-24,1840.94,1865.79,1840.94,1854.67,334497,314625
2004-05-25,1854.67,1898.49,1838.97,1891.29,389845,323793
2004-05-26,1891.29,1905.68,1881.48,1903.72,262626,313557
2004-05-27,1903.06,1920.72,1897.18,1918.76,311872,313840
2004-05-28,1916.8,1924.64,1905.68,1918.76,139304,311556
2004-06-01,1917.45,1923.34,1900.45,1921.37,251620,316571
2004-06-02,1920.72,1930.53,1903.06,1916.8,301968,320377
2004-06-03,1916.8,1919.41,1885.41,1887.37,290724,312073
2004-06-04,1894.56,1927.26,1889.33,1905.03,288208,322346
2004-06-07,1902.41,1952.77,1901.76,1950.15,258016,334123
2004-06-08,1950.15,1957.34,1939.03,1952.11,234383,332637
2004-06-09,1952.11,1955.38,1920.72,1924.64,323138,333608
2004-06-10,1922.69,1939.64,1921.38,1938.34,323443,365100
2004-06-14,1931.17,1936.38,1898.56,1912.25,320032,380221
2004-06-15,1910.95,1948.12,1909.64,1937.04,329575,381985
2004-06-16,1936.38,1944.86,1928.56,1933.12,194981,373263
2004-06-17,1931.17,1933.78,1907.69,1916.82,274182,378215
2004-06-18,1916.82,1938.99,1905.08,1914.86,247515,385701
2004-06-21,1916.17,1929.21,1897.25,1901.82,162216,124543
2004-06-22,1902.47,1931.82,1894.64,1929.86,284544,134411
2004-06-23,1929.21,1956.6,1920.73,1952.04,272721,138979
2004-06-24,1952.04,1965.08,1942.91,1948.12,265799,153286
2004-06-25,1948.78,1967.69,1944.86,1963.78,265624,160012
2004-06-28,1962.47,1983.99,1941.6,1948.12,319020,163956
2004-06-29,1947.47,1972.26,1941.6,1966.39,252087,176772
2004-06-30,1966.39,1993.78,1964.43,1983.99,287296,186127
2004-07-01,1984.65,1989.86,1934.43,1948.78,382539,177478
2004-07-02,1946.17,1952.69,1926.6,1940.95,240771,184923
2004-07-06,1940.3,1947.47,1884.86,1895.95,380242,193059
2004-07-07,1895.3,1908.34,1889.43,1896.6,239836,193311
2004-07-08,1895.95,1899.21,1869.86,1876.38,355466,197358
2004-07-09,1876.38,1895.3,1873.77,1880.95,256504,195956
2004-07-12,1884.21,1886.16,1853.55,1870.51,316110,203706
2004-07-13,1871.82,1882.9,1863.34,1870.51,265908,198260
2004-07-14,1860.08,1873.77,1843.77,1850.95,389478,215040
2004-07-15,1853.55,1865.29,1843.77,1844.42,338895,211256
2004-07-16,1848.34,1862.69,1818.99,1822.9,362383,213629
2004-07-19,1823.55,1838.55,1812.47,1819.64,314332,211154
2004-07-20,1820.94,1871.16,1814.42,1862.03,314773,208323
2004-07-21,1862.69,1875.73,1807.25,1808.55,429544,223222
2004-07-22,1803.34,1844.42,1800.07,1833.34,429678,221370
2004-07-23,1823.55,1826.81,1788.99,1797.47,345389,224911
2004-07-26,1801.38,1810.51,1773.99,1790.94,384040,230012
2004-07-27,1791.6,1823.55,1790.29,1813.77,349248,233013
2004-07-28,1814.42,1819.64,1775.94,1806.6,428512,239273
2004-07-29,1805.94,1834.64,1800.07,1828.12,342879,235363
2004-07-30,1829.42,1844.42,1817.03,1829.42,272152,264058
2004-08-02,1826.16,1839.86,1809.86,1835.29,290300,224693
2004-08-03,1834.64,1836.6,1795.51,1798.12,316835,223651
2004-08-04,1798.12,1811.16,1785.73,1798.77,271454,224966
2004-08-05,1798.77,1808.55,1764.86,1766.16,301157,232883
2004-08-06,1764.86,1774.64,1715.94,1718.55,400395,240561
2004-08-09,1721.81,1730.94,1715.94,1722.46,251528,241212
2004-08-10,1723.11,1758.99,1722.46,1743.33,267867,237002
2004-08-11,1743.33,1743.98,1709.42,1730.29,345297,247875
2004-08-12,1728.33,1736.81,1699.64,1706.81,379551,269180
2004-08-13,1709.42,1718.55,1698.33,1710.72,261500,276486
2004-08-16,1710.72,1743.33,1700.29,1724.42,233818,269480
2004-08-17,1725.72,1755.07,1720.51,1745.94,283336,274011
2004-08-18,1745.94,1779.86,1732.9,1775.94,351185,269004
2004-08-19,1775.94,1779.86,1754.42,1768.12,306834,260079
2004-08-20,1767.46,1792.25,1758.33,1783.77,262293,261973
2004-08-23,1783.77,1799.42,1779.86,1788.99,251298,265129
2004-08-24,1788.99,1800.07,1775.29,1791.6,298085,270440
2004-08-25,1790.29,1816.38,1779.86,1813.12,251665,261546
2004-08-26,1812.47,1813.77,1800.07,1803.99,181012,259651
2004-08-27,1803.99,1819.64,1800.07,1813.12,165200,267683
2004-08-30,1812.47,1814.42,1780.51,1783.12,213541,278495
2004-08-31,1783.77,1790.94,1766.16,1787.03,238706,292480
2004-09-01,1786.38,1807.9,1773.99,1797.47,311147,292099
2004-09-02,1796.81,1830.73,1792.25,1823.55,205947,287135
2004-09-03,1809.2,1818.34,1786.38,1793.55,250580,291406
2004-09-07,1802.68,1815.73,1789.64,1805.29,305023,291793
2004-09-08,1805.29,1819.64,1792.25,1800.73,389835,320768
2004-09-09,1800.73,1822.82,1790.33,1813.72,510989,399587
2004-09-10,1813.07,1846.22,1806.57,1842.97,342330,414093
2004-09-13,1842.32,1873.51,1839.72,1867.01,426864,428722
2004-09-14,1865.71,1874.81,1855.96,1869.61,306008,431545
2004-09-15,1871.56,1871.56,1841.67,1849.46,289369,432449
2004-09-16,1849.46,1865.71,1842.97,1852.71,241444,387279
2004-09-17,1852.06,1863.11,1844.27,1857.26,234863,399391
2004-09-20,1857.91,1875.46,1846.22,1860.51,350968,224041
2004-09-21,1863.11,1880.01,1855.96,1865.71,276115,231722
2004-09-22,1865.06,1867.01,1828.67,1833.87,323281,230082
2004-09-23,1833.22,1844.27,1828.67,1831.92,283603,239533
2004-09-24,1829.97,1845.57,1821.52,1825.42,280676,231386
2004-09-27,1825.42,1831.92,1802.03,1808.52,280028,227641
2004-09-28,1809.17,1818.27,1794.88,1811.12,301497,234863
2004-09-29,1811.12,1841.67,1805.92,1839.72,319461,250963
2004-09-30,1839.07,1848.81,1829.32,1842.32,246467,236058
2004-10-01,1840.37,1894.95,1835.17,1893.0,352886,260817
2004-10-04,1892.35,1919.65,1891.7,1902.75,250009,259709
2004-10-05,1903.4,1913.15,1895.6,1907.95,257331,263471
2004-10-06,1907.95,1922.9,1893.0,1922.25,303412,272577
2004-10-07,1922.25,1922.9,1895.6,1900.8,273481,262366
2004-10-08,1900.8,1909.9,1860.51,1865.71,355402,267052
2004-10-11,1869.61,1878.71,1865.06,1874.81,123775,265703
2004-10-12,1875.46,1875.46,1844.27,1870.91,363790,273789
2004-10-13,1875.46,1894.3,1856.61,1867.66,449036,267496
2004-10-14,1865.06,1873.51,1851.41,1859.21,368680,267201
2004-10-15,1856.61,1879.36,1848.16,1866.36,354226,270063
2004-10-18,1867.01,1898.85,1850.76,1893.65,375903,283386
2004-10-19,1894.3,1915.75,1875.46,1879.36,450214,272868
2004-10-20,1878.06,1897.55,1867.01,1887.81,421725,278286
2004-10-21,1886.51,1926.8,1882.61,1917.7,404366,285008
2004-10-22,1909.25,1925.5,1872.21,1876.11,367949,286301
2004-10-25,1876.11,1876.11,1857.91,1865.06,352492,283701
2004-10-26,1865.06,1877.41,1854.01,1876.11,388031,290362
2004-10-27,1876.76,1932.65,1868.31,1922.9,471384,317787
2004-10-28,1922.9,1943.69,1913.15,1935.89,351757,312974
2004-10-29,1936.54,1950.19,1920.3,1936.54,285664,321662
2004-11-01,1924.85,1947.59,1924.85,1938.49,215130,332151
2004-11-02,1939.14,1966.44,1933.94,1946.94,336605,348804
2004-11-03,1946.94,1987.88,1941.09,1959.94,418403,348976
2004-11-04,1956.04,1978.78,1942.39,1969.04,373363,346432
2004-11-05,1969.04,1999.58,1967.74,1989.18,384292,331542
2004-11-08,1988.53,1995.03,1979.43,1989.83,245112,342185
2004-11-09,1989.83,1997.63,1978.78,1983.98,244970,349806
2004-11-10,1983.98,1992.43,1970.34,1978.78,316020,347239
2004-11-11,1978.13,2008.03,1974.89,2002.83,240659,370498
2004-11-12,2002.83,2024.92,1998.28,2021.67,289990,372309
2004-11-15,2023.62,2034.02,2016.48,2032.07,236933,382365
2004-11-16,2030.77,2032.72,2006.08,2021.67,284184,373025
2004-11-17,2022.32,2057.42,2022.32,2046.37,377458,396684
2004-11-18,2047.02,2059.37,2034.67,2056.77,281387,400104
2004-11-19,2056.12,2056.77,2018.42,2024.92,277741,381997
2004-11-22,2021.67,2043.77,2010.63,2042.47,232726,398424
2004-11-23,2041.82,2047.67,2019.72,2040.52,268708,395825
2004-11-24,2040.52,2060.66,2039.87,2056.77,163020,413567
2004-11-26,2070.41,2071.71,2049.62,2050.27,68753,410572
2004-11-29,2050.27,2074.96,2038.57,2050.27,306209,417055
2004-11-30,2051.57,2060.66,2043.12,2044.42,282805,410185
2004-12-01,2048.32,2091.21,2046.37,2082.76,289997,448347
2004-12-02,2083.41,2112.65,2078.21,2096.41,314786,441283
2004-12-03,2113.3,2123.05,2093.81,2094.46,369369,432792
2004-12-06,2093.81,2114.6,2087.31,2103.55,220338,444768
2004-12-07,2104.2,2117.2,2067.81,2070.41,409020,439821
2004-12-08,2069.76,2090.56,2063.91,2082.76,389452,465152
2004-12-09,2076.94,2101.51,2050.44,2087.93,619825,535590
2004-12-10,2088.58,2095.04,2078.88,2090.52,343546,516503
2004-12-13,2091.16,2109.91,2089.22,2108.62,286616,527859
2004-12-14,2108.62,2122.19,2101.51,2113.79,290441,541208
2004-12-15,2115.08,2126.72,2098.27,2111.2,313322,549233
2004-12-16,2108.62,2114.43,2080.82,2095.04,290656,547117
2004-12-17,2093.75,2100.21,2081.47,2082.11,264479,559680
2004-12-20,2081.47,2098.92,2062.07,2073.71,242708,249946
2004-12-21,2073.06,2095.04,2071.12,2089.22,211177,246070
2004-12-22,2087.93,2106.03,2082.76,2089.22,188093,253277
2004-12-23,2090.52,2104.74,2085.99,2092.46,111654,256911
2004-12-27,2094.4,2109.91,2077.59,2090.52,159731,260098
2004-12-28,2089.87,2110.56,2087.93,2107.32,119133,265898
2004-12-29,2106.68,2118.31,2104.09,2111.85,96594,273542
2004-12-30,2111.85,2117.67,2102.15,2104.74,70287,257321
2004-12-31,2105.38,2115.73,2095.04,2105.38,73638,270326
2005-01-03,2104.74,2125.42,2075.0,2088.58,365491,277589
2005-01-04,2086.64,2094.4,2031.69,2045.91,452450,306197
2005-01-05,2045.91,2053.02,2022.64,2023.94,381231,324402
2005-01-06,2025.23,2039.45,2018.76,2020.7,304825,322703
2005-01-07,2020.06,2048.5,2013.59,2026.52,384067,320564
2005-01-10,2030.4,2048.5,2022.0,2027.17,350202,329125
2005-01-11,2027.81,2032.34,2005.19,2015.53,363059,325593
2005-01-12,2023.94,2033.63,2000.66,2027.17,413667,327402
2005-01-13,2029.75,2038.16,2000.66,2003.9,350341,345420
2005-01-14,2002.6,2029.11,2001.31,2020.06,230429,339002
2005-01-18,2025.87,2043.33,2011.65,2037.51,314394,341867
2005-01-19,2038.16,2043.33,1992.91,1994.2,354593,342451
2005-01-20,1983.86,1990.97,1963.82,1968.34,431212,361062
2005-01-21,1970.93,1979.33,1947.01,1951.54,374388,361187
2005-01-24,1952.18,1958.0,1919.22,1927.62,446542,362777
2005-01-25,1927.62,1952.18,1927.62,1932.79,315972,352719
2005-01-26,1933.44,1962.53,1932.79,1947.66,338945,351417
2005-01-27,1949.6,1961.88,1939.9,1950.89,320998,355293
2005-01-28,1953.48,1962.53,1925.68,1951.54,399160,377791
2005-01-31,1956.06,1975.45,1955.42,1970.28,281570,356973
2005-02-01,1970.28,1981.27,1965.76,1977.39,251745,369383
2005-02-02,1976.75,1985.15,1962.53,1970.93,281115,379239
2005-02-03,1967.05,1971.58,1945.07,1954.12,289223,391189
2005-02-04,1954.12,1989.68,1947.66,1983.21,298545,374506
2005-02-07,1987.74,1993.55,1972.22,1978.69,249715,376074
2005-02-08,1980.63,1999.37,1974.16,1977.39,263046,382465
2005-02-09,1974.81,1987.74,1948.3,1950.89,341015,406312
2005-02-10,1950.24,1961.88,1938.61,1947.66,336138,406503
2005-02-11,1947.01,1990.32,1940.55,1983.21,404423,400400
2005-02-14,1986.44,1994.85,1980.63,1987.74,207409,398243
2005-02-15,1988.38,2023.29,1986.44,2001.96,448829,417066
2005-02-16,2001.31,2007.78,1987.09,1998.08,311919,426602
2005-02-17,1999.37,2003.9,1966.4,1970.28,389715,450488
2005-02-18,1969.64,1977.39,1957.35,1961.23,239284,442997
2005-02-22,1957.35,1972.87,1932.14,1941.84,449778,474228
2005-02-23,1940.55,1950.89,1926.97,1941.19,361524,474791
2005-02-24,1941.19,1966.4,1930.85,1963.17,351841,475948
2005-02-25,1963.82,1980.63,1958.0,1979.33,276386,464481
2005-02-28,1978.69,1985.8,1938.61,1956.06,397844,463676
2005-03-01,1957.35,1980.63,1953.48,1976.75,312882,457495
2005-03-02,1976.1,1995.49,1961.23,1971.58,338061,465653
2005-03-03,1971.58,1981.27,1942.49,1957.35,342837,475264
2005-03-04,1956.71,1981.92,1954.12,1971.58,280241,417815
2005-03-07,1975.45,2010.36,1970.28,1996.79,352400,404614
2005-03-08,1996.14,2005.84,1976.1,1980.63,308486,391185
2005-03-09,1981.92,1990.97,1965.76,1970.28,359658,405911
2005-03-10,1967.71,1976.06,1945.24,1970.28,504152,454622
2005-03-11,1977.35,1984.41,1941.38,1950.37,408766,478838
2005-03-14,1947.81,1960.01,1942.67,1958.72,296818,474813
2005-03-15,1959.37,1967.71,1940.1,1944.59,394643,489245
2005-03-16,1943.95,1952.3,1915.05,1920.83,484796,537843
2005-03-17,1920.83,1934.96,1915.7,1924.04,313906,531975
2005-03-18,1924.69,1931.11,1904.78,1915.05,320145,260511
2005-03-21,1916.98,1926.61,1899.64,1911.84,315582,258645
2005-03-22,1909.92,1925.97,1891.93,1893.86,302049,268573
2005-03-23,1892.58,1912.48,1879.73,1899.64,309763,274420
2005-03-24,1899.64,1920.19,1898.36,1900.92,216971,272969
2005-03-28,1903.49,1918.91,1900.28,1902.21,202025,268937
2005-03-29,1902.21,1916.98,1882.3,1897.07,348340,280671
2005-03-30,1897.07,1927.26,1894.5,1925.33,338306,283168
2005-03-31,1925.33,1932.39,1907.99,1915.05,282371,268538
2005-04-01,1915.05,1936.89,1891.93,1900.92,400209,288459
2005-04-04,1898.36,1913.77,1886.15,1907.35,279520,271507
2005-04-05,1909.27,1920.19,1906.7,1915.7,218208,263251
2005-04-06,1915.7,1933.04,1906.7,1917.62,317056,270637
2005-04-07,1918.26,1939.46,1908.63,1938.17,281366,269296
2005-04-08,1939.46,1941.38,1915.7,1918.26,258844,270945
2005-04-11,1916.34,1925.33,1904.78,1908.63,238889,275445
2005-04-12,1907.99,1923.4,1882.94,1918.26,238889,275445
2005-04-13,1918.91,1920.19,1882.3,1888.08,348032,295903
2005-04-14,1888.08,1893.86,1848.26,1850.83,476065,322945
2005-04-15,1850.19,1850.83,1814.23,1816.8,491956,324832
2005-04-18,1816.8,1829.64,1798.81,1816.8,405152,324454
2005-04-19,1817.44,1836.06,1816.15,1831.57,311994,327076
2005-04-20,1839.27,1848.91,1809.09,1816.8,445802,353274
2005-04-21,1812.94,1868.17,1810.37,1861.11,398209,334060
2005-04-22,1860.47,1863.68,1820.01,1838.63,333278,341038
2005-04-25,1837.35,1854.69,1836.7,1851.48,242331,334369
2005-04-26,1852.12,1864.96,1830.28,1835.42,344819,341508
2005-04-27,1833.49,1842.48,1815.51,1832.85,332846,340658
2005-04-28,1834.14,1837.35,1812.94,1814.23,300281,348506
2005-04-29,1818.72,1833.49,1794.96,1830.92,392884,345277
2005-05-02,1831.57,1848.26,1822.58,1833.49,215909,344364
2005-05-03,1834.14,1850.83,1829.0,1846.98,322319,339430
2005-05-04,1846.98,1872.67,1841.2,1864.96,315347,338799
2005-05-05,1865.6,1877.16,1855.33,1870.74,292112,340503
2005-05-06,1870.1,1885.51,1866.25,1872.67,207926,351742
2005-05-09,1874.59,1884.23,1861.75,1879.73,205417,346851
2005-05-10,1879.73,1881.66,1859.82,1867.53,272747,360852
2005-05-11,1866.89,1881.66,1843.13,1876.52,398414,339845
2005-05-12,1876.52,1890.65,1861.11,1872.03,386167,349324
2005-05-13,1875.24,1904.78,1873.95,1893.22,412332,342144
2005-05-16,1893.86,1907.99,1886.15,1902.85,412332,342144
2005-05-17,1902.21,1920.83,1890.65,1918.91,269874,331781
2005-05-18,1918.91,1950.37,1911.2,1942.67,349473,331495
2005-05-19,1943.31,1958.72,1941.38,1957.44,301573,320542
2005-05-20,1957.44,1967.71,1949.09,1965.79,214422,314959
2005-05-23,1965.79,1982.48,1961.29,1976.71,274590,315520
2005-05-24,1976.06,1983.13,1967.07,1978.63,283113,315054
2005-05-25,1978.63,1980.56,1960.65,1976.06,228065,305123
2005-05-26,1974.78,1996.61,1973.49,1989.55,214009,314677
2005-05-27,1989.55,1995.33,1982.48,1994.04,113426,312642
2005-05-31,1993.4,2001.75,1977.99,1984.41,236104,307287
2005-06-01,1984.41,2017.16,1981.2,2000.47,337247,323530
2005-06-02,1999.82,2019.09,1997.26,2018.45,191582,327415
2005-06-03,2018.45,2024.87,1982.48,1991.48,273730,322526
2005-06-06,1990.83,1994.04,1978.63,1985.05,177313,322636
2005-06-07,1985.7,2006.25,1967.71,1970.28,358778,318613
2005-06-08,1970.28,1981.2,1958.08,1965.79,294451,335723
2005-06-09,1963.88,1983.64,1953.68,1974.71,421260,358441
2005-06-10,1973.44,1979.17,1947.3,1957.5,336804,364453
2005-06-13,1957.5,1977.9,1951.76,1966.43,333591,397985
2005-06-14,1967.06,1984.91,1953.68,1960.69,253210,404856
2005-06-15,1961.33,1974.07,1939.65,1962.6,366179,411312
2005-06-16,1961.96,1979.17,1960.69,1972.16,287962,406950
2005-06-17,1972.16,1991.92,1967.7,1973.44,258360,399353
2005-06-20,1974.07,1985.55,1959.41,1970.25,214271,193223
2005-06-21,1969.61,1981.72,1965.15,1977.26,236879,186377
2005-06-22,1977.26,1986.82,1960.69,1973.44,264315,198209
2005-06-23,1974.07,1990.01,1944.75,1947.3,438846,211115
2005-06-24,1946.67,1950.49,1921.81,1926.91,278333,217037
2005-06-27,1926.91,1931.37,1911.61,1919.89,230672,227284
2005-06-28,1919.89,1941.57,1919.26,1933.92,207944,221573
2005-06-29,1933.92,1942.84,1925.63,1926.91,211306,226164
2005-06-30,1927.54,1937.74,1912.24,1916.07,258791,232620
2005-07-01,1914.79,1928.18,1909.7,1912.24,174634,235480
2005-07-05,1912.24,1936.47,1901.41,1929.45,251561,240002
2005-07-06,1928.82,1940.29,1917.98,1921.17,282560,252882
2005-07-07,1920.53,1930.09,1867.63,1928.18,402179,274561
2005-07-08,1928.18,1969.61,1924.36,1968.97,307750,283219
2005-07-11,1968.97,1986.82,1966.43,1985.55,253359,268736
2005-07-12,1984.91,2000.85,1977.26,1991.28,258129,258715
2005-07-13,1992.56,1999.57,1985.55,1997.66,212889,239528
2005-07-14,1998.93,2021.88,1993.2,2019.33,299810,249095
2005-07-15,2019.33,2028.25,2009.13,2023.15,195291,255274
2005-07-18,2021.88,2022.52,2011.68,2016.78,161296,258034
2005-07-19,2016.78,2041.0,2016.14,2039.73,188039,266459
2005-07-20,2033.99,2057.58,2021.88,2050.56,295936,279117
2005-07-21,2058.21,2069.05,2037.82,2047.38,341353,289816
2005-07-22,2044.83,2058.21,2037.82,2051.84,218668,283998
2005-07-25,2051.84,2060.13,2037.82,2044.83,179207,282173
2005-07-26,2046.74,2054.39,2036.54,2048.65,207179,288790
2005-07-27,2049.29,2065.86,2037.82,2062.04,255184,304211
2005-07-28,2062.04,2074.79,2059.49,2073.51,188153,297494
2005-07-29,2072.87,2077.97,2053.75,2054.39,210180,295094
2005-08-01,2060.13,2069.05,2051.84,2058.85,170155,290275
2005-08-02,2058.85,2084.98,2056.94,2076.7,232100,308181
2005-08-03,2077.34,2084.35,2070.32,2081.16,170678,305341
2005-08-04,2081.16,2082.43,2054.39,2060.76,211488,308095
2005-08-05,2060.13,2065.86,2046.1,2049.29,203042,309219
2005-08-08,2048.65,2057.58,2031.44,2037.82,209553,318213
2005-08-09,2037.82,2055.66,2035.27,2049.29,182315,318590
2005-08-10,2049.29,2059.49,2022.52,2034.63,292838,314290
2005-08-11,2033.99,2051.84,2028.25,2032.72,268071,331575
2005-08-12,2033.99,2039.73,2021.24,2030.17,238239,327989
2005-08-15,2029.53,2055.66,2023.15,2047.38,207991,339636
2005-08-16,2048.01,2049.93,2009.77,2018.06,298510,323884
2005-08-17,2016.78,2031.44,2011.04,2018.69,233070,322065
2005-08-18,2019.97,2026.98,2009.77,2013.59,214001,323486
2005-08-19,2013.59,2022.52,2009.13,2013.59,142160,329306
2005-08-22,2012.32,2031.44,2000.21,2014.87,263223,338058
2005-08-23,2015.51,2018.06,2000.85,2011.04,190410,337815
2005-08-24,2009.77,2030.8,1991.92,1995.11,325115,340907
2005-08-25,1993.83,2005.31,1991.92,1997.66,152805,341397
2005-08-26,1998.93,2002.12,1982.36,1993.2,177800,341699
2005-08-29,1987.46,2012.96,1968.97,2007.22,217643,341176
2005-08-30,2007.86,2009.77,1984.91,2001.48,266768,334946
2005-08-31,2000.85,2025.07,1992.56,2019.33,302042,340535
2005-09-01,2021.88,2027.62,2007.86,2012.96,251426,337264
2005-09-02,2012.32,2021.24,2005.31,2009.77,136384,337675
2005-09-06,2012.32,2039.73,2010.41,2037.82,233943,334813
2005-09-07,2037.82,2043.55,2029.53,2037.82,227475,332319
2005-09-08,2039.08,2048.56,2031.49,2038.45,318083,352852
2005-09-09,2036.55,2054.89,2035.29,2051.73,282978,363337
2005-09-12,2052.36,2063.74,2048.56,2056.78,231260,376402
2005-09-13,2056.15,2066.9,2046.67,2052.36,302675,394135
2005-09-14,2051.73,2058.68,2025.8,2028.33,355960,406245
2005-09-15,2028.33,2035.29,2020.11,2022.64,288589,406245
2005-09-16,2022.01,2041.61,2020.74,2037.82,225601,411751
2005-09-19,2039.08,2039.08,2012.52,2025.8,211678,235243
2005-09-20,2025.8,2046.04,2006.83,2013.16,338663,230722
2005-09-21,2011.26,2016.95,1989.13,1991.03,292345,253052
2005-09-22,1990.4,2001.78,1977.12,1994.19,378221,260383
2005-09-23,1994.82,2010.0,1985.97,2004.31,206972,259207
2005-09-26,2013.16,2019.48,1992.29,2006.83,238886,261369
2005-09-27,2006.2,2011.89,1990.4,1999.88,243095,265593
2005-09-28,1999.88,2013.79,1992.29,1998.61,231276,276727
2005-09-29,1997.98,2027.07,1986.6,2024.54,390245,279083
2005-09-30,2024.54,2043.51,2021.38,2040.98,238008,261202
2005-10-03,2042.87,2054.25,2040.34,2046.67,240441,273107
2005-10-04,2046.04,2060.58,2027.07,2028.33,280872,269833
2005-10-05,2027.7,2032.76,1999.25,2001.14,333697,254097
2005-10-06,2001.78,2006.83,1958.15,1978.38,489334,303718
2005-10-07,1978.38,1989.13,1970.79,1976.49,230822,314502
2005-10-10,1975.22,1986.6,1963.84,1965.74,208183,333198
2005-10-11,1966.37,1977.12,1951.19,1954.36,305255,346981
2005-10-12,1956.25,1964.47,1929.06,1930.33,401534,362680
2005-10-13,1931.59,1956.88,1925.9,1942.34,354477,377737
2005-10-14,1942.97,1964.47,1942.97,1960.05,295126,385530
2005-10-17,1960.68,1971.43,1950.56,1967.63,199217,395015
2005-10-18,1967.63,1974.59,1952.46,1956.25,262800,412587
2005-10-19,1956.88,2000.51,1939.18,1999.25,491547,412053
2005-10-20,1994.19,2003.04,1963.84,1980.28,406814,422931
2005-10-21,1980.28,1997.98,1975.22,1992.29,289248,420477
2005-10-24,1991.66,2022.01,1982.81,2020.74,279489,415025
2005-10-25,2020.11,2020.11,1998.61,2010.63,272416,403547
2005-10-26,2011.26,2025.17,1997.35,2005.57,314419,394814
2005-10-27,2004.31,2004.31,1959.41,1966.37,328852,406383
2005-10-28,1958.15,1979.01,1954.36,1973.32,290325,388041
2005-10-31,1973.32,2012.52,1973.32,2006.2,308388,378561
2005-11-01,1992.92,2010.63,1990.4,2004.94,229389,375609
2005-11-02,2003.67,2037.18,1994.19,2035.29,306403,368456
2005-11-03,2034.02,2065.64,2028.96,2059.95,387071,347805
2005-11-04,2059.31,2071.96,2052.36,2064.37,268179,346748
2005-11-07,2065.64,2075.12,2057.42,2065.0,231087,352327
2005-11-08,2064.37,2077.65,2059.31,2069.43,270560,348468
2005-11-09,2070.06,2077.02,2060.58,2071.33,249541,347107
2005-11-10,2070.69,2095.98,2054.89,2094.72,363865,356104
2005-11-11,2094.72,2106.73,2093.46,2097.88,215146,349571
2005-11-14,2097.88,2103.57,2090.29,2097.88,179351,346326
2005-11-15,2097.25,2105.47,2078.91,2089.66,281166,350316
2005-11-16,2089.03,2101.68,2082.71,2101.04,234553,355783
2005-11-17,2100.41,2133.92,2097.25,2130.13,334141,408551
2005-11-18,2129.5,2143.41,2123.17,2128.23,293996,415870
2005-11-21,2129.5,2140.24,2121.28,2138.98,206073,423306
2005-11-22,2138.35,2153.52,2126.97,2145.3,245505,421971
2005-11-23,2144.67,2161.11,2142.77,2150.36,176632,428542
2005-11-25,2151.62,2155.42,2145.3,2155.42,61278,426231
2005-11-28,2154.79,2162.37,2132.66,2140.24,234145,416151
2005-11-29,2138.98,2151.62,2123.8,2125.7,258306,417975
2005-11-30,2124.44,2132.02,2116.22,2118.11,254502,432788
2005-12-01,2120.01,2160.48,2119.38,2154.79,297740,428868
2005-12-02,2156.05,2164.9,2150.99,2162.37,196532,422513
2005-12-05,2162.37,2167.43,2138.35,2149.1,217494,405787
2005-12-06,2148.46,2173.75,2147.2,2155.42,276330,418872
2005-12-07,2156.05,2159.21,2136.45,2150.36,331719,426139
2005-12-08,2150.36,2155.99,2118.43,2133.46,799183,451795
2005-12-09,2128.45,2144.1,2124.07,2142.22,332148,461276
2005-12-12,2144.73,2152.86,2139.09,2149.73,255659,469801
2005-12-13,2150.36,2167.26,2142.85,2158.5,357202,502412
2005-12-14,2158.5,2161.63,2139.72,2151.61,293131,516506
2005-12-15,2152.24,2158.5,2134.08,2149.73,292975,514921
2005-12-16,2149.11,2159.12,2135.96,2140.34,225786,512457
2005-12-19,2141.6,2147.23,2100.28,2102.78,252982,276020
2005-12-20,2102.16,2114.68,2095.27,2102.78,226491,282498
2005-12-21,2103.41,2127.82,2100.9,2108.42,221492,275823
2005-12-22,2109.04,2130.95,2107.17,2129.08,141631,275563
2005-12-23,2129.08,2136.59,2120.94,2128.45,90890,265761
2005-12-27,2129.08,2140.97,2104.03,2107.79,157020,274778
2005-12-28,2107.17,2114.68,2098.4,2104.66,126338,278503
2005-12-29,2105.29,2110.92,2085.25,2088.38,108772,287817
2005-12-30,2088.38,2090.89,2070.86,2077.12,132363,302364
2006-01-03,2075.86,2129.7,2060.84,2119.69,372467,321543
2006-01-04,2120.94,2145.35,2112.17,2144.73,302376,334907
2006-01-05,2144.73,2160.38,2138.47,2157.25,245322,336471
2006-01-06,2156.62,2191.05,2154.12,2188.55,350815,345885
2006-01-09,2187.92,2201.69,2181.03,2196.69,287394,350501
2006-01-10,2195.43,2204.2,2182.29,2203.57,308670,347773
2006-01-11,2202.32,2221.1,2197.94,2217.34,326414,343447
2006-01-12,2216.09,2219.85,2196.69,2208.58,280447,340027
2006-01-13,2207.95,2211.08,2190.42,2203.57,232034,344682
2006-01-17,2203.57,2208.58,2178.53,2192.93,251410,350798
2006-01-18,2181.66,2181.66,2145.35,2162.88,440670,368580
2006-01-19,2158.5,2194.18,2155.37,2176.65,404251,374259
2006-01-20,2176.65,2177.9,2107.79,2110.3,556759,343355
2006-01-23,2109.04,2123.44,2103.41,2113.43,329693,359752
2006-01-24,2112.8,2135.96,2105.29,2119.69,339781,355224
2006-01-25,2120.31,2134.71,2102.78,2114.05,389387,362066
2006-01-26,2112.17,2134.08,2109.67,2126.57,341934,356226
2006-01-27,2129.08,2169.77,2127.82,2156.62,342769,369469
2006-01-30,2155.99,2166.01,2152.86,2157.87,189920,360989
2006-01-31,2157.87,2163.51,2120.31,2152.86,335135,358854
2006-02-01,2129.7,2160.38,2122.82,2157.87,338963,365386
2006-02-02,2157.87,2157.87,2114.05,2114.68,341350,367051
2006-02-03,2116.56,2127.2,2085.25,2087.76,377101,353361
2006-02-06,2089.01,2097.15,2075.24,2090.26,223992,355393
2006-02-07,2090.26,2092.77,2067.73,2081.5,315006,357859
2006-02-08,2080.87,2103.41,2078.99,2097.77,291977,340706
2006-02-09,2098.4,2114.68,2075.86,2077.12,331789,346328
2006-02-10,2077.74,2098.4,2056.46,2086.51,377246,348875
2006-02-13,2086.51,2087.13,2058.34,2069.6,252950,360024
2006-02-14,2069.6,2095.27,2063.97,2085.88,343295,346652
2006-02-15,2087.13,2106.54,2078.99,2102.78,313400,353452
2006-02-16,2102.78,2125.95,2100.28,2122.82,324501,354180
2006-02-17,2125.32,2125.32,2099.03,2100.28,207495,365171
2006-02-21,2100.9,2113.43,2072.11,2079.62,316213,382881
2006-02-22,2079.62,2115.3,2074.61,2102.78,320114,378226
2006-02-23,2103.41,2119.69,2095.27,2097.77,242337,374002
2006-02-24,2097.15,2109.04,2091.51,2107.79,196972,374240
2006-02-27,2108.42,2135.34,2107.79,2122.19,243819,378163
2006-02-28,2123.44,2127.82,2089.01,2096.52,436897,372376
2006-03-01,2094.64,2129.7,2092.77,2125.95,277926,377913
2006-03-02,2125.95,2132.83,2110.92,2127.82,294275,384820
2006-03-03,2127.2,2140.97,2102.78,2110.3,435909,406314
2006-03-06,2110.92,2121.56,2087.13,2096.52,332423,407096
2006-03-07,2095.9,2096.52,2070.86,2085.25,325772,408491
2006-03-08,2084.0,2092.77,2062.72,2086.51,217747,420042
2006-03-09,2085.89,2095.79,2054.31,2056.79,471946,459193
2006-03-10,2056.79,2077.22,2046.26,2063.6,447568,467193
2006-03-13,2064.84,2084.65,2062.98,2072.27,317416,478483
2006-03-14,2072.27,2111.89,2064.22,2110.65,428262,482497
2006-03-15,2109.41,2125.51,2103.22,2123.04,331534,493193
2006-03-16,2122.42,2133.56,2102.6,2105.08,371379,482384
2006-03-17,2103.84,2118.08,2098.89,2110.65,225122,482533
2006-03-20,2110.65,2121.8,2107.56,2111.89,176693,218190
2006-03-21,2113.13,2139.13,2089.6,2093.32,439817,225674
2006-03-22,2092.7,2100.75,2069.79,2093.94,327732,237666
2006-03-23,2094.56,2097.65,2077.22,2093.32,247075,237175
2006-03-24,2092.7,2112.51,2087.13,2101.99,262316,238784
2006-03-27,2102.6,2111.27,2097.65,2103.84,158310,237979
2006-03-28,2103.84,2119.94,2084.65,2093.94,318726,249385
2006-03-29,2092.08,2140.37,2088.98,2130.47,397727,275284
2006-03-30,2130.47,2151.52,2124.27,2136.04,317155,279179
2006-03-31,2136.04,2144.71,2126.13,2129.85,196427,264226
2006-04-03,2135.11,2153.68,2129.85,2134.49,268468,273832
2006-04-04,2134.49,2150.59,2131.08,2144.09,286692,286260
2006-04-05,2144.09,2168.23,2142.23,2163.59,301291,290924
2006-04-06,2162.97,2180.93,2157.09,2172.88,302641,292813
2006-04-07,2171.02,2186.5,2148.42,2154.3,363569,296224
2006-04-10,2151.21,2158.33,2137.9,2149.04,209562,301694
2006-04-11,2149.04,2153.99,2116.84,2130.78,334440,291463
2006-04-12,2130.16,2135.11,2121.8,2128.3,207335,287270
2006-04-13,2129.23,2148.11,2121.18,2136.66,246431,298208
2006-04-17,2134.8,2141.92,2100.44,2118.08,292149,293414
2006-04-18,2117.77,2159.87,2112.51,2154.3,404330,318212
2006-04-19,2155.85,2168.85,2145.63,2160.18,253853,319772
2006-04-20,2157.71,2171.64,2149.66,2156.16,269222,328131
2006-04-21,2158.95,2166.69,2119.94,2128.61,311214,332384
2006-04-24,2127.37,2133.25,2114.68,2131.7,193864,325465
2006-04-25,2131.08,2135.42,2110.96,2123.04,238589,323881
2006-04-26,2122.73,2131.39,2112.82,2118.39,233100,326696
2006-04-27,2119.32,2153.37,2102.29,2139.13,503002,358805
2006-04-28,2137.28,2138.82,2116.23,2118.7,238836,339717
2006-05-01,2123.04,2129.54,2091.77,2096.41,270592,359954
2006-05-02,2097.03,2113.44,2096.72,2102.29,233427,355396
2006-05-03,2102.29,2108.18,2089.91,2097.03,246488,348338
2006-05-04,2097.03,2125.82,2095.79,2117.15,277150,349471
2006-05-05,2117.15,2136.66,2116.53,2130.16,226985,350582
2006-05-08,2130.47,2139.75,2128.92,2131.39,169447,355823
2006-05-09,2131.7,2135.11,2124.58,2132.01,173348,358800
2006-05-10,2131.39,2132.94,2102.6,2106.01,110390,365363
2006-05-11,2105.7,2112.82,2055.55,2061.43,512586,376947
2006-05-12,2061.12,2064.22,2032.02,2032.64,445230,383160
2006-05-15,2029.55,2040.38,2004.78,2025.52,412170,375485
2006-05-16,2026.14,2035.74,2010.97,2016.23,382082,373119
2006-05-17,2017.16,2024.59,1982.18,1987.13,547862,381176
2006-05-18,1988.68,2004.16,1971.35,1974.75,375911,396075
2006-05-19,1975.06,1994.56,1958.03,1987.75,481604,397505
2006-05-22,1989.3,1994.25,1951.53,1964.23,401244,405111
2006-05-23,1964.85,1989.92,1934.51,1938.22,328970,417808
2006-05-24,1939.15,1971.04,1928.32,1962.06,538838,399475
2006-05-25,1961.75,1989.92,1955.87,1987.75,287998,391050
2006-05-26,1985.9,1996.42,1979.4,1993.33,219022,393592
2006-05-30,1992.4,1995.18,1943.79,1944.1,261591,427909
2006-05-31,1945.65,1970.73,1938.22,1960.2,307620,423945
2006-06-01,1958.65,2005.71,1950.3,2004.78,285348,414371
2006-06-02,2004.47,2026.76,1982.49,1999.21,315055,422060
2006-06-05,1997.04,1997.97,1955.56,1959.89,330601,442803
2006-06-06,1959.58,1968.56,1933.58,1953.39,391524,461020
2006-06-07,1954.63,1974.44,1930.17,1934.82,394714,475414
2006-06-08,1934.82,1942.16,1888.93,1926.56,884662,538597
2006-06-09,1925.95,1951.64,1915.85,1917.99,439693,555639
2006-06-12,1921.05,1930.53,1881.9,1885.87,437263,579653
2006-06-13,1886.79,1903.31,1871.8,1875.78,551926,598465
2006-06-14,1876.39,1896.58,1870.27,1891.38,511654,616416
2006-06-15,1892.6,1953.78,1891.69,1951.03,558115,620480
2006-06-16,1951.03,1973.67,1924.11,1927.78,307802,328790
2006-06-19,1928.7,1941.85,1909.73,1914.93,298472,334601
2006-06-20,1915.55,1937.88,1910.34,1921.05,287759,331256
2006-06-21,1921.05,1963.27,1916.77,1947.36,319364,330731
2006-06-22,1948.28,1955.31,1911.87,1925.33,315809,330165
2006-06-23,1923.5,1939.1,1909.43,1919.22,197764,324384
2006-06-26,1918.91,1932.06,1915.55,1922.28,237901,331028
2006-06-27,1922.89,1928.7,1886.48,1890.77,347937,352844
2006-06-28,1890.46,1906.67,1880.37,1906.37,246286,344466
2006-06-29,1906.37,1965.1,1904.53,1963.88,387052,341766
2006-06-30,1962.96,1971.52,1945.83,1947.36,210822,327565
2006-07-03,1949.81,1962.04,1948.58,1959.59,54352,325610
2006-07-05,1958.98,1960.82,1914.02,1918.91,244468,339066
2006-07-06,1919.83,1933.59,1909.73,1914.93,175259,323620
2006-07-07,1916.46,1934.51,1887.4,1896.89,269571,328605
2006-07-10,1895.97,1906.06,1867.52,1881.59,448104,346263
2006-07-11,1881.59,1895.36,1862.32,1890.46,379485,342671
2006-07-12,1891.07,1893.52,1849.47,1855.89,390274,354644
2006-07-13,1855.59,1859.26,1819.8,1822.86,501665,378226
2006-07-14,1824.08,1827.45,1796.55,1804.81,461434,389366
2006-07-17,1806.34,1819.19,1792.27,1811.23,426322,406955
2006-07-18,1810.62,1822.25,1783.7,1819.19,521665,426672
2006-07-19,1820.72,1847.94,1806.64,1824.08,473949,419906
2006-07-20,1822.55,1844.88,1799.61,1807.56,411468,428887
2006-07-21,1813.99,1818.27,1786.15,1787.98,306639,426486
2006-07-24,1787.37,1830.81,1785.54,1828.67,298793,418796
2006-07-25,1828.98,1841.52,1816.13,1825.92,309714,418976
2006-07-26,1824.08,1847.02,1814.6,1830.2,293338,418670
2006-07-27,1830.2,1855.28,1815.82,1828.67,293754,420689
2006-07-28,1827.14,1862.32,1824.69,1861.4,267310,415850
2006-07-31,1859.87,1868.44,1847.33,1858.34,213722,408633
2006-08-01,1856.51,1856.51,1815.21,1827.75,286629,420045
2006-08-02,1827.75,1858.95,1826.53,1847.33,265793,413967
2006-08-03,1847.94,1869.05,1826.22,1861.4,271286,412100
2006-08-04,1862.62,1883.43,1831.73,1854.37,351115,424388
2006-08-07,1853.75,1854.06,1827.75,1838.46,191697,422804
2006-08-08,1838.15,1846.41,1813.07,1826.22,308061,435921
2006-08-09,1826.83,1866.3,1821.63,1829.28,385961,428804
2006-08-10,1828.98,1844.27,1815.21,1832.34,295778,429635
2006-08-11,1834.48,1837.23,1817.66,1830.51,185413,427894
2006-08-14,1832.65,1863.24,1832.65,1835.71,316786,435615
2006-08-15,1836.62,1887.1,1836.01,1884.96,387620,436324
2006-08-16,1885.57,1929.62,1882.81,1928.7,407777,444373
2006-08-17,1928.09,1947.36,1919.83,1930.53,378762,441168
2006-08-18,1931.45,1940.32,1911.87,1939.41,272000,426114
2006-08-21,1937.57,1937.88,1910.65,1919.22,190845,421750
2006-08-22,1918.6,1937.88,1909.73,1916.77,273627,413528
2006-08-23,1916.46,1929.92,1894.13,1906.67,276407,410493
2006-08-24,1906.37,1914.32,1892.6,1905.45,196949,401578
2006-08-25,1906.37,1928.39,1898.72,1909.73,185662,409549
2006-08-28,1910.04,1932.68,1903.92,1921.66,219966,417212
2006-08-29,1922.58,1933.59,1903.92,1928.39,299704,401969
2006-08-30,1927.78,1942.46,1924.42,1938.79,202854,405522
2006-08-31,1939.41,1946.14,1932.06,1936.96,162878,406366
2006-09-01,1937.57,1954.39,1936.65,1946.14,185602,410104
2006-09-05,1945.52,1967.85,1936.04,1963.57,300270,410662
2006-09-06,1962.96,1963.27,1923.19,1928.09,345200,414291
2006-09-07,1927.48,1937.88,1910.65,1918.91,470199,423936
2006-09-08,1919.22,1933.59,1915.55,1922.28,322439,435930
2006-09-11,1924.09,1949.49,1907.46,1937.39,550407,509120
2006-09-12,1937.39,1981.53,1929.23,1975.79,546993,554206
2006-09-13,1975.79,1990.3,1973.07,1986.67,433986,562344
2006-09-14,1987.28,1994.53,1979.42,1989.09,358446,581049
2006-09-15,1989.39,2014.49,1988.19,1998.46,369671,598842
2006-09-18,1999.07,2011.47,1988.49,1998.46,255204,363544
2006-09-19,1998.46,2005.12,1967.63,1986.37,426759,383393
2006-09-20,1989.7,2016.91,1988.49,2012.07,346891,399549
2006-09-21,2011.77,2023.26,1993.63,2001.19,359356,401819
2006-09-22,2000.88,2004.21,1974.28,1984.56,284882,404257
2006-09-25,1983.95,2022.05,1973.07,2013.88,420130,431501
2006-09-26,2014.19,2028.7,2008.74,2023.86,326774,430416
2006-09-27,2024.16,2035.65,2012.67,2028.4,319156,429242
2006-09-28,2027.79,2032.33,2009.05,2023.86,253911,425638
2006-09-29,2024.47,2034.14,2018.72,2021.14,198035,428797
2006-10-02,2020.23,2025.37,1990.91,1992.42,292556,424192
2006-10-03,1991.81,2011.16,1980.93,1999.98,375152,430732
2006-10-04,2000.88,2051.37,1993.02,2046.84,457640,450026
2006-10-05,2046.84,2063.47,2044.72,2058.03,283288,454083
2006-10-06,2057.72,2063.47,2045.93,2055.91,266539,459350
2006-10-09,2054.4,2072.24,2047.44,2060.44,183293,460345
2006-10-10,2060.44,2072.24,2050.16,2060.44,302212,463295
2006-10-11,2060.75,2075.56,2037.77,2063.77,379544,469774
2006-10-12,2063.17,2097.03,2060.75,2095.52,310984,510207
2006-10-13,2095.82,2109.12,2090.07,2103.38,245920,511333
2006-10-16,2103.07,2113.96,2099.14,2105.8,215144,504671
2006-10-17,2105.19,2105.49,2071.03,2080.4,339634,486123
2006-10-18,2084.03,2097.33,2064.68,2074.05,393788,482430
2006-10-19,2074.96,2087.65,2061.35,2083.42,370774,467876
2006-10-20,2083.72,2087.65,2063.47,2078.58,241119,431758
2006-10-23,2078.89,2113.66,2071.93,2097.63,337828,460670
2006-10-24,2098.84,2103.07,2076.47,2087.65,249814,431235
2006-10-25,2087.35,2105.8,2081.91,2104.89,277320,429290
2006-10-26,2104.89,2124.84,2090.38,2120.01,308347,437542
2006-10-27,2120.01,2124.84,2082.82,2094.0,325900,430974
2006-10-30,2093.1,2111.24,2081.91,2100.35,278050,433791
2006-10-31,2100.05,2116.07,2093.7,2107.61,329458,430345
2006-11-01,2107.91,2116.98,2068.0,2079.19,393270,442519
2006-11-02,2078.28,2084.33,2064.68,2075.86,280846,438035
2006-11-03,2076.77,2086.14,2057.42,2072.54,338227,443989
2006-11-06,2071.63,2111.24,2071.33,2100.96,293678,458026
2006-11-07,2100.35,2130.89,2098.84,2118.49,358141,473590
2006-11-08,2117.89,2134.82,2098.84,2130.59,363436,470612
2006-11-09,2129.38,2141.47,2108.52,2116.98,320155,475062
2006-11-10,2116.68,2127.87,2108.21,2126.35,232834,470042
2006-11-13,2126.35,2150.54,2123.63,2144.8,268726,485261
2006-11-14,2142.98,2176.85,2135.73,2172.31,373009,492403
2006-11-15,2172.01,2191.96,2168.38,2178.36,368016,521327
2006-11-16,2176.24,2192.57,2172.91,2189.24,332164,529880
2006-11-17,2187.12,2187.43,2169.59,2185.01,235430,529602
2006-11-20,2185.31,2194.68,2170.8,2190.45,270692,542827
2006-11-21,2190.45,2195.89,2182.89,2195.59,185476,542633
2006-11-22,2197.4,2208.29,2182.89,2206.17,202695,546832
2006-11-24,2204.96,2212.22,2183.19,2201.33,132611,551837
2006-11-27,2199.82,2203.75,2149.94,2151.45,399935,518171
2006-11-28,2153.26,2160.82,2136.33,2155.38,312032,511004
2006-11-29,2155.68,2176.85,2150.84,2171.71,328040,510458
2006-11-30,2171.4,2181.98,2156.89,2170.5,336604,516145
2006-12-01,2170.5,2175.03,2131.49,2155.08,378359,515471
2006-12-04,2154.17,2191.05,2150.54,2181.08,323420,533445
2006-12-05,2181.08,2194.08,2175.94,2186.52,222112,532332
2006-12-06,2185.92,2187.43,2168.98,2178.36,254318,540389
2006-12-07,2178.66,2188.81,2148.19,2148.49,499089,557199
2006-12-08,2148.79,2178.06,2138.93,2160.14,495873,579130
2006-12-11,2159.24,2183.14,2152.67,2171.19,379892,615548
2006-12-12,2170.59,2171.49,2142.51,2154.16,404297,607635
2006-12-13,2154.76,2170.29,2144.9,2158.94,341572,550245
2006-12-14,2158.94,2191.8,2156.25,2181.04,472224,553253
2006-12-15,2181.34,2208.82,2181.04,2185.82,281994,538129
2006-12-18,2184.63,2202.55,2155.66,2163.72,256381,284436
2006-12-19,2164.32,2167.9,2134.45,2154.46,321611,311209
2006-12-20,2154.76,2169.69,2146.1,2147.89,172508,309228
2006-12-21,2148.79,2155.36,2124.59,2132.96,216459,306471
2006-12-22,2134.45,2138.93,2106.67,2107.57,193005,320529
2006-12-26,2108.46,2121.01,2107.27,2118.92,87909,320899
2006-12-27,2118.62,2136.24,2118.02,2125.79,131270,319186
2006-12-28,2126.09,2130.86,2114.74,2120.11,121848,320999
2006-12-29,2120.41,2142.51,2118.02,2120.71,121848,320999
2007-01-03,2138.93,2163.72,2087.26,2125.49,500313,359107
2007-01-04,2126.38,2170.29,2115.33,2165.21,367263,342968
2007-01-05,2165.81,2169.69,2133.55,2147.29,353672,329082
2007-01-08,2148.19,2165.21,2141.32,2154.76,267129,332647
2007-01-09,2155.06,2172.98,2141.02,2163.12,356064,338155
2007-01-10,2163.42,2192.99,2148.19,2191.8,362539,353308
2007-01-11,2192.4,2218.08,2186.72,2210.02,401117,369603
2007-01-12,2210.91,2225.85,2204.94,2224.95,272899,379115
2007-01-16,2224.95,2231.52,2212.11,2217.19,288905,377805
2007-01-17,2216.59,2219.58,2196.58,2199.86,386204,384698
2007-01-18,2203.45,2206.43,2152.97,2157.75,574099,375412
2007-01-19,2157.15,2169.1,2151.47,2158.34,320182,384834
2007-01-22,2158.94,2167.6,2130.57,2141.32,308434,385284
2007-01-23,2141.62,2154.46,2130.57,2135.05,330940,385115
2007-01-24,2134.45,2169.4,2132.36,2168.8,332270,388432
2007-01-25,2173.88,2178.66,2132.36,2140.12,396463,373287
2007-01-26,2141.92,2145.5,2118.32,2125.79,374090,353713
2007-01-29,2127.88,2148.49,2121.01,2134.75,309513,336019
2007-01-30,2135.94,2144.01,2129.07,2137.73,228224,330592
2007-01-31,2138.03,2161.03,2118.92,2153.57,385703,334077
2007-02-01,2150.58,2170.89,2143.71,2154.46,341478,325864
2007-02-02,2155.66,2163.12,2147.29,2159.24,236013,322458
2007-02-05,2158.94,2167.9,2148.49,2157.15,229770,321473
2007-02-06,2157.15,2162.82,2132.36,2154.76,402107,335224
2007-02-07,2153.57,2181.34,2153.57,2178.06,397008,329606
2007-02-08,2176.86,2178.36,2161.03,2176.56,242514,326682
2007-02-09,2175.37,2184.03,2135.35,2141.62,407051,361351
2007-02-12,2141.92,2144.31,2128.18,2133.25,304438,364536
2007-02-13,2133.55,2148.49,2132.36,2145.8,313208,358493
2007-02-14,2145.5,2181.94,2142.81,2177.76,413855,360113
2007-02-15,2177.76,2188.81,2172.38,2187.62,276143,365261
2007-02-16,2186.42,2187.32,2174.17,2183.14,189855,355517
2007-02-20,2182.84,2201.06,2167.01,2196.88,352353,366428
2007-02-21,2195.98,2204.34,2184.93,2203.75,298816,368062
2007-02-22,2204.04,2219.28,2195.38,2215.39,334309,372922
2007-02-23,2214.8,2218.38,2195.08,2204.34,291264,372546
2007-02-26,2205.24,2216.89,2179.25,2195.68,356910,370136
2007-02-27,2195.38,2196.28,2083.97,2091.44,775552,379075
2007-02-28,2091.14,2130.27,2082.78,2109.36,522681,384779
2007-03-01,2110.55,2121.9,2055.0,2100.1,663961,403630
2007-03-02,2099.5,2106.37,2060.07,2062.46,461087,410924
2007-03-05,2062.17,2081.58,2036.78,2047.53,580971,424813
2007-03-06,2048.72,2090.84,2044.24,2084.87,433773,438592
2007-03-07,2084.57,2089.94,2073.52,2075.91,374620,463690
2007-03-08,2071.77,2102.47,2071.18,2095.98,511423,510986
2007-03-09,2097.16,2111.04,2072.95,2088.01,427799,531770
2007-03-12,2088.3,2103.36,2078.56,2099.82,349108,541107
2007-03-13,2099.23,2101.59,2052.88,2059.67,607661,599120
2007-03-14,2059.67,2089.19,2044.91,2088.3,705929,624736
2007-03-15,2087.12,2097.16,2075.02,2083.88,407268,623433
2007-03-16,2084.17,2091.26,2070.3,2082.99,407268,623433
2007-03-19,2079.45,2108.38,2075.32,2103.36,253075,333582
2007-03-20,2103.66,2118.12,2099.23,2116.35,225642,329880
2007-03-21,2116.64,2157.97,2104.54,2155.02,406821,353407
2007-03-22,2154.14,2162.11,2140.26,2147.64,285644,347571
2007-03-23,2146.76,2154.43,2138.19,2139.08,192740,341474
2007-03-26,2138.19,2151.77,2117.53,2147.05,317099,339821
2007-03-27,2147.05,2148.53,2132.88,2137.6,193556,331474
2007-03-28,2136.72,2137.6,2110.15,2113.99,382833,338710
2007-03-29,2113.4,2127.86,2090.37,2111.33,337713,346698
2007-03-30,2110.15,2126.98,2096.27,2114.58,295614,341481
2007-04-02,2115.76,2122.25,2099.82,2113.69,206180,338879
2007-04-03,2114.28,2147.94,2113.4,2142.92,272469,350189
2007-04-04,2142.03,2150.59,2138.49,2148.23,180964,351554
2007-04-05,2147.05,2162.7,2142.62,2158.86,143519,357399
2007-04-09,2172.44,2172.44,2149.71,2153.84,170626,362003
2007-04-10,2153.55,2164.76,2151.48,2160.34,194142,379259
2007-04-11,2160.93,2165.35,2134.06,2140.56,324529,379419
2007-04-12,2139.67,2160.93,2128.16,2158.27,309032,377139
2007-04-13,2157.68,2164.76,2143.8,2162.99,232396,377443
2007-04-16,2163.29,2185.13,2160.34,2182.48,234068,389136
2007-04-17,2181.59,2190.45,2175.98,2187.2,231712,392546
2007-04-18,2187.49,2188.08,2168.6,2182.48,263992,399108
2007-04-19,2183.66,2188.97,2162.4,2183.36,290061,403481
2007-04-20,2182.77,2208.45,2180.7,2199.3,308566,426644
2007-04-23,2199.3,2204.91,2192.51,2199.89,201369,423966
2007-04-24,2199.01,2216.13,2191.33,2208.45,327016,429952
2007-04-25,2208.45,2239.75,2207.27,2236.5,322037,435518
2007-04-26,2235.91,2254.21,2235.91,2250.67,262499,447891
2007-04-27,2248.9,2251.85,2237.09,2251.55,234129,450514
2007-04-30,2250.08,2252.74,2218.2,2219.08,259719,449565
2007-05-01,2221.74,2229.12,2205.8,2226.76,329332,459779
2007-05-02,2226.46,2249.49,2224.1,2242.11,248432,466747
2007-05-03,2242.7,2255.39,2240.04,2251.26,220984,462647
2007-05-04,2250.67,2270.15,2240.93,2253.62,259283,463539
2007-05-07,2252.14,2258.34,2247.42,2251.55,143780,465558
2007-05-08,2251.55,2257.46,2234.14,2250.08,290298,473906
2007-05-09,2250.37,2265.72,2240.04,2258.05,285623,479438
2007-05-10,2258.34,2258.34,2222.33,2227.64,448850,454833
2007-05-11,2227.64,2257.46,2222.62,2255.98,317365,461051
2007-05-14,2255.69,2273.99,2227.35,2239.16,308706,450675
2007-05-15,2238.86,2252.14,2217.31,2224.1,458489,458310
2007-05-16,2223.8,2245.36,2212.59,2245.06,367231,456732
2007-05-17,2244.47,2244.76,2230.59,2232.07,295793,450461
2007-05-18,2233.25,2250.67,2230.3,2250.37,294790,446810
2007-05-21,2249.78,2275.76,2247.13,2262.77,347700,470684
2007-05-22,2262.48,2277.53,2258.05,2267.5,267970,472751
2007-05-23,2267.79,2280.78,2252.74,2255.69,327981,465293
2007-05-24,2255.69,2264.25,2212.88,2222.33,551673,465719
2007-05-25,2221.74,2241.22,2220.56,2235.32,237201,456821
2007-05-29,2234.14,2257.46,2233.25,2251.26,319902,455492
2007-05-30,2250.67,2272.81,2228.82,2270.15,417595,486137
2007-05-31,2270.15,2285.8,2269.86,2281.67,329723,471893
2007-06-01,2284.32,2296.72,2277.53,2281.67,299271,477123
2007-06-04,2281.96,2290.52,2269.56,2286.98,226500,481910
2007-06-05,2286.68,2287.87,2265.72,2286.09,374056,477255
2007-06-06,2286.09,2289.05,2256.28,2260.12,421047,482451
2007-06-07,2259.24,2270.9,2221.07,2223.11,860022,562974
2007-06-08,2223.69,2255.16,2212.33,2254.29,582502,565749
2007-06-11,2254.0,2266.82,2246.42,2250.21,434897,589262
2007-06-12,2250.79,2259.24,2230.68,2235.64,537378,605929
2007-06-13,2235.93,2260.99,2229.23,2258.08,492451,641440
2007-06-14,2257.78,2279.64,2256.62,2274.39,426591,604298
2007-06-15,2274.39,2299.75,2272.65,2295.96,338053,633706
2007-06-18,2295.08,2301.79,2289.55,2293.34,212140,345882
2007-06-19,2293.92,2298.58,2281.1,2292.75,283953,357164
2007-06-20,2292.75,2302.08,2267.4,2270.31,354006,358832
2007-06-21,2271.48,2293.92,2259.24,2291.3,436896,381781
2007-06-22,2291.3,2292.17,2261.57,2270.61,379902,358396
2007-06-25,2270.31,2282.55,2246.13,2262.45,391855,367238
2007-06-26,2263.03,2271.19,2242.05,2244.38,376629,368787
2007-06-27,2245.55,2280.81,2235.64,2279.35,391633,377707
2007-06-28,2278.47,2293.63,2274.69,2279.06,295140,388422
2007-06-29,2281.1,2295.38,2263.03,2279.93,311346,393941
2007-07-02,2278.77,2302.37,2278.47,2298.58,256105,399977
2007-07-03,2299.75,2313.73,2298.29,2313.73,3979,395201
2007-07-05,2314.32,2335.59,2306.74,2328.89,279629,399149
2007-07-06,2327.14,2342.58,2322.48,2341.71,211487,397664
2007-07-09,2340.54,2348.12,2332.67,2341.13,214574,395873
2007-07-10,2341.71,2343.75,2318.69,2321.89,380152,395988
2007-07-11,2321.89,2342.87,2311.4,2342.29,352425,413552
2007-07-12,2342.58,2376.97,2338.5,2371.72,399817,407950
2007-07-13,2371.14,2390.96,2370.27,2385.71,274572,402791
2007-07-16,2386.58,2396.2,2379.59,2387.75,254742,402529
2007-07-17,2387.17,2406.11,2380.46,2402.03,321153,416450
2007-07-18,2397.07,2401.74,2373.18,2400.86,469914,429789
2007-07-19,2400.57,2421.84,2394.45,2407.57,401544,428601
2007-07-20,2405.23,2407.57,2377.84,2395.62,492118,422413
2007-07-23,2393.58,2404.65,2386.0,2393.58,287690,425355
2007-07-24,2393.29,2394.45,2344.04,2360.94,529794,442654
2007-07-25,2361.81,2373.18,2343.75,2362.11,486717,440648
2007-07-26,2362.11,2377.26,2295.38,2331.8,809112,430732
2007-07-27,2330.63,2345.79,2285.47,2288.67,561432,437106
2007-07-30,2289.84,2326.85,2281.39,2323.35,442280,454275
2007-07-31,2322.48,2344.62,2263.9,2267.98,545110,450054
2007-08-01,2274.69,2288.67,2242.34,2285.18,700737,468744
2007-08-02,2287.22,2310.24,2274.69,2307.91,450568,457982
2007-08-03,2307.03,2309.65,2247.88,2260.7,481110,451745
2007-08-06,2256.04,2290.13,2242.63,2287.51,540299,452222
2007-08-07,2286.92,2318.4,2264.2,2300.91,464869,450183
2007-08-08,2300.33,2339.09,2296.83,2330.34,459322,437792
2007-08-09,2328.3,2333.84,2264.2,2267.4,459322,437792
2007-08-10,2267.4,2279.64,2222.52,2248.46,706385,429837
2007-08-13,2253.41,2281.39,2251.96,2264.2,353399,425683
2007-08-14,2263.61,2274.98,2226.6,2231.85,419224,429354
2007-08-15,2231.27,2242.34,2182.89,2189.6,588628,440539
2007-08-16,2188.43,2189.89,2114.12,2163.95,982738,442515
2007-08-17,2168.03,2229.81,2132.19,2205.62,634956,436842
2007-08-20,2208.25,2223.4,2192.8,2212.03,354676,421647
2007-08-21,2212.62,2242.63,2201.54,2237.68,330682,418030
2007-08-22,2238.55,2268.57,2235.35,2267.11,311218,415568
2007-08-23,2266.82,2284.59,2246.71,2260.7,324092,412207
2007-08-24,2260.41,2296.25,2249.63,2295.67,256387,404917
2007-08-27,2295.67,2295.67,2270.9,2273.52,207252,403795
2007-08-28,2274.69,2276.14,2221.07,2223.69,316218,410512
2007-08-29,2226.02,2286.92,2222.35,2285.76,316218,410512
2007-08-30,2286.05,2316.06,2269.15,2301.79,414319,415659
2007-08-31,2299.75,2332.09,2299.75,2325.1,414319,406133
2007-09-04,2325.1,2376.09,2315.77,2360.07,414319,406133
2007-09-05,2360.07,2360.94,2321.02,2335.01,360531,442303
2007-09-06,2334.13,2344.04,2318.1,2335.59,360531,442303
2007-09-07,2335.3,2336.17,2276.14,2296.83,460803,469288
2007-09-10,2294.79,2315.77,2269.44,2294.21,14577,13957
2007-09-11,2294.5,2325.39,2292.17,2323.64,346822,488863
2007-09-12,2323.35,2342.0,2312.57,2326.85,366221,506809
2007-09-13,2327.13,2340.96,2320.76,2332.03,391858,517557
2007-09-14,2331.74,2338.94,2310.43,2332.61,370049,537079
2007-09-17,2332.32,2332.61,2304.1,2310.72,384905,531054
2007-09-18,2311.87,2374.36,2305.25,2372.06,552719,573788
2007-09-19,2370.33,2396.82,2368.03,2377.53,491034,576090
2007-09-20,2376.09,2381.27,2364.57,2370.33,415462,604368
2007-09-21,2370.91,2393.66,2366.3,2382.71,260720,611781
2007-09-24,2382.71,2414.1,2380.41,2395.67,327187,311205
2007-09-25,2394.81,2420.15,2385.88,2416.12,275799,325577
2007-09-26,2416.7,2439.45,2416.12,2429.94,292518,335508
2007-09-27,2429.94,2445.49,2429.94,2444.05,229473,343578
2007-09-28,2443.48,2446.64,2422.74,2435.13,233405,346046
2007-10-01,2437.72,2469.11,2429.94,2459.6,301584,370911
2007-10-02,2460.18,2465.65,2448.08,2459.89,247916,376929
2007-10-03,2459.03,2463.64,2436.57,2442.9,282531,380675
2007-10-04,2443.48,2452.12,2428.79,2445.49,215245,385250
2007-10-05,2445.49,2503.09,2443.76,2500.5,360691,416784
2007-10-08,2500.5,2514.61,2492.72,2511.44,189429,407290
2007-10-09,2511.73,2528.43,2506.83,2527.57,286175,406680
2007-10-10,2527.28,2533.04,2516.05,2530.16,263553,414841
2007-10-11,2529.58,2550.32,2471.7,2495.89,569346,409808
2007-10-12,2495.02,2534.19,2484.08,2533.33,403036,424664
2007-10-15,2533.61,2538.8,2490.42,2512.02,397190,412338
2007-10-16,2511.15,2518.06,2489.84,2506.83,426987,421054
2007-10-17,2510.29,2537.36,2488.4,2530.45,524579,430843
2007-10-18,2535.92,2545.71,2509.14,2541.1,390760,443250
2007-10-19,2541.68,2555.21,2472.56,2476.31,567592,430074
2007-10-22,2472.56,2507.7,2450.96,2501.65,503447,422609
2007-10-23,2506.83,2558.38,2506.83,2548.01,455739,429715
2007-10-24,2542.25,2544.84,2481.2,2537.65,697527,418031
2007-10-25,2538.22,2557.23,2487.25,2526.41,540791,418257
2007-10-26,2534.19,2557.23,2520.37,2542.54,388284,421449
2007-10-29,2542.83,2569.03,2539.09,2552.04,247766,429921
2007-10-30,2552.04,2571.91,2539.66,2554.64,255500,432608
2007-10-31,2554.64,2595.24,2546.28,2594.66,398520,442694
2007-11-01,2592.36,2598.98,2543.12,2552.04,472447,440399
2007-11-02,2550.32,2573.93,2524.97,2561.26,548642,453514
2007-11-05,2560.11,2562.7,2524.11,2548.88,418401,453734
2007-11-06,2548.3,2575.66,2533.04,2572.78,385303,448210
2007-11-07,2572.2,2572.78,2508.56,2512.3,543530,440112
2007-11-08,2505.39,2511.15,2397.11,2425.33,884636,456489
2007-11-09,2426.77,2436.57,2346.72,2351.9,702382,443762
2007-11-12,2351.04,2363.42,2288.26,2291.71,658445,461735
2007-11-13,2295.17,2389.91,2283.36,2380.7,602626,438287
2007-11-14,2381.27,2421.01,2346.43,2370.04,614491,442575
2007-11-15,2368.6,2376.95,2321.66,2342.4,614346,435385
2007-11-16,2344.41,2373.79,2319.94,2367.45,530385,432971
2007-11-19,2368.03,2378.11,2322.53,2336.06,419203,434584
2007-11-20,2338.37,2386.46,2297.47,2344.7,651459,432349
2007-11-21,2346.14,2356.8,2294.59,2310.14,487494,439956
2007-11-23,2311.3,2346.72,2308.99,2341.25,487494,439956
2007-11-26,2340.38,2365.72,2295.17,2303.81,471727,442392
2007-11-27,2304.96,2349.88,2298.34,2341.25,589686,428044
2007-11-28,2341.53,2427.06,2331.45,2413.82,528179,416646
2007-11-29,2412.38,2435.13,2402.58,2419.57,396004,419815
2007-11-30,2416.41,2452.69,2390.78,2412.66,489550,421723
2007-12-03,2410.65,2422.74,2384.15,2390.2,332459,417780
2007-12-04,2389.91,2398.26,2363.71,2375.51,324564,417364
2007-12-05,2374.94,2428.5,2374.94,2420.44,361278,425767
2007-12-06,2420.73,2456.15,2416.7,2448.95,346872,424388
2007-12-07,2447.8,2464.21,2439.73,2455.86,274513,430487
2007-12-10,2454.42,2470.55,2448.66,2463.35,227090,435399
2007-12-11,2463.35,2478.03,2400.86,2407.48,419944,443585
2007-12-12,2408.34,2457.3,2385.59,2427.93,530702,427205
2007-12-13,2427.93,2427.93,2389.44,2410.82,533821,448076
2007-12-14,2410.25,2419.09,2386.02,2387.73,421529,452402
2007-12-17,2387.73,2390.58,2329.28,2337.26,541915,507254
2007-12-18,2338.12,2360.64,2304.76,2338.12,574109,545657
2007-12-19,2337.55,2350.95,2324.15,2346.1,422649,548930
2007-12-20,2346.1,2394.28,2343.25,2393.14,471743,538010
2007-12-21,2393.14,2437.33,2393.14,2437.33,471743,275864
2007-12-24,2430.21,2458.15,2430.21,2449.59,70310,282512
2007-12-26,2450.45,2468.13,2438.48,2462.71,117077,286436
2007-12-27,2462.99,2468.98,2423.08,2430.78,197716,285637
2007-12-28,2430.21,2447.6,2409.11,2423.36,161664,284370
2007-12-31,2423.36,2426.22,2395.99,2400.27,131498,283298
2008-01-02,2407.68,2414.24,2345.25,2360.64,391028,284986
2008-01-03,2362.07,2374.33,2345.53,2367.77,291494,290519
2008-01-04,2366.91,2375.18,2254.3,2263.71,524693,302541
2008-01-07,2263.42,2275.68,2216.67,2252.59,581551,316976
2008-01-08,2251.45,2279.1,2191.58,2199.27,592762,334132
2008-01-09,2198.7,2240.61,2170.19,2231.21,666186,327983
2008-01-10,2231.21,2260.29,2208.97,2236.05,639187,325611
2008-01-11,2235.2,2238.62,2180.74,2195.85,486710,343614
2008-01-14,2198.13,2240.61,2173.62,2229.5,378185,347240
2008-01-15,2232.06,2234.63,2161.93,2180.46,540969,358574
2008-01-16,2143.97,2188.73,2120.3,2145.11,707777,355645
2008-01-17,2147.39,2172.48,2108.33,2116.6,645304,367489
2008-01-18,2119.16,2151.95,2097.21,2109.18,644603,365541
2008-01-22,2111.46,2119.16,1989.44,2053.87,752970,376145
2008-01-23,2063.57,2066.42,1936.7,2061.29,889539,374539
2008-01-24,2058.72,2096.07,2051.02,2094.93,508706,359159
2008-01-25,2106.33,2136.55,2042.47,2045.32,519773,377183
2008-01-28,2048.74,2069.55,2008.83,2064.42,398640,362139
2008-01-29,2063.0,2081.24,2049.88,2066.42,329145,363387
2008-01-30,2066.99,2109.75,2048.46,2065.85,532046,380471
2008-01-31,2060.72,2121.73,2033.92,2107.19,580906,380975
2008-02-01,2083.52,2142.82,2081.81,2125.15,432095,361681
2008-02-04,2126.57,2131.71,2080.1,2083.24,283500,374580
2008-02-05,2082.38,2087.8,2028.5,2035.63,471459,385806
2008-02-06,2039.62,2054.16,1980.32,1993.72,432141,391440
2008-02-07,1997.42,2035.91,1953.52,2015.1,670168,395594
2008-02-08,2016.24,2034.77,1995.71,2025.93,412094,391301
2008-02-11,2023.94,2055.58,2011.39,2049.6,360406,389101
2008-02-12,2049.03,2071.83,2021.66,2041.33,411651,408292
2008-02-13,2043.89,2085.8,2034.49,2075.83,392091,405415
2008-02-14,2077.82,2088.37,2039.05,2046.18,425797,407818
2008-02-15,2043.32,2052.73,2018.52,2037.34,251049,414906
2008-02-19,2033.06,2076.68,2009.4,2031.63,371194,441283
2008-02-20,2031.63,2047.89,1998.85,2040.47,421658,418160
2008-02-21,2039.9,2064.99,2012.53,2025.36,371396,445658
2008-02-22,2024.79,2034.2,1986.59,2031.06,380755,430668
2008-02-25,2025.36,2043.04,2024.51,2036.2,383252,417901
2008-02-26,2036.2,2065.85,2013.67,2049.03,437436,414057
2008-02-27,2047.89,2063.85,2026.79,2053.02,366758,424111
2008-02-28,2053.87,2066.7,2033.06,2034.77,358826,424624
2008-02-29,2035.63,2040.47,1987.44,1993.72,438416,465687
2008-03-03,1993.43,1995.71,1959.5,1980.6,415547,466037
2008-03-04,1981.46,1996.85,1948.67,1987.16,526500,451704
2008-03-05,1988.3,2019.38,1982.88,2006.55,443163,452769
2008-03-06,2004.27,2021.94,1951.24,1954.94,438930,461041
2008-03-07,1957.79,1977.75,1918.45,1948.67,540687,457959
2008-03-10,1948.1,1958.93,1909.04,1912.18,390326,462774
2008-03-11,1914.46,1999.7,1903.05,1996.28,529070,441298
2008-03-12,1996.85,2014.24,1974.61,1978.32,438821,452430
2008-03-13,1980.02,2008.98,1938.0,1993.94,713470,485951
2008-03-14,1993.94,2025.73,1933.46,1958.45,843794,525401
2008-03-17,1954.47,1993.08,1901.1,1925.23,733591,536553
2008-03-18,1926.36,2011.26,1924.38,2011.26,700433,556123
2008-03-19,2010.97,2023.75,1954.76,1958.45,648181,570380
2008-03-20,1959.58,1997.91,1941.7,1987.41,648181,570380
2008-03-24,1990.53,2074.28,1985.7,2066.05,348122,298989
2008-03-25,2065.77,2089.05,2051.57,2073.72,328597,309092
2008-03-26,2073.43,2077.98,2047.31,2055.83,304159,311483
2008-03-27,2052.99,2070.88,2024.6,2035.1,377913,304917
2008-03-28,2035.67,2054.98,2007.85,2021.48,286272,304814
2008-03-31,2022.04,2040.21,2007.28,2033.4,302526,297993
2008-04-01,2027.72,2114.88,2018.35,2109.77,437200,309395
2008-04-02,2109.49,2133.05,2093.31,2114.88,365706,310907
2008-04-03,2112.33,2127.94,2092.45,2120.56,295633,306025
2008-04-04,2121.13,2147.82,2104.1,2123.4,321917,308701
2008-04-07,2121.41,2150.66,2115.45,2118.86,291855,317283
2008-04-08,2119.99,2119.99,2093.59,2106.37,254794,312236
2008-04-09,2107.22,2119.43,2067.47,2086.49,254794,312236
2008-04-10,2085.36,2123.97,2071.16,2110.91,308074,311524
2008-04-11,2110.06,2123.4,2043.05,2051.29,350598,314846
2008-04-14,2052.14,2060.09,2034.54,2039.93,251537,314133
2008-04-15,2041.35,2055.26,2022.9,2040.5,295935,313185
2008-04-16,2063.5,2118.86,2060.66,2114.88,412695,310772
2008-04-17,2120.28,2125.11,2083.37,2120.28,329828,303709
2008-04-18,2127.09,2174.51,2124.25,2161.16,376811,324895
2008-04-21,2161.16,2181.04,2149.81,2173.65,207956,325641
2008-04-22,2172.52,2178.2,2126.81,2152.08,288253,319749
2008-04-23,2152.64,2179.62,2145.26,2164.0,293108,326418
2008-04-24,2165.14,2213.97,2142.99,2181.32,421523,337812
2008-04-25,2180.47,2196.08,2156.34,2181.6,304632,335894
2008-04-28,2183.02,2205.17,2179.05,2187.85,189177,336385
2008-04-29,2187.85,2211.98,2179.05,2202.05,283931,339727
2008-04-30,2202.05,2226.46,2176.78,2184.16,368306,340331
2008-05-01,2183.02,2255.14,2182.17,2252.3,437336,365349
2008-05-02,2253.15,2280.41,2237.25,2260.25,373411,359502
2008-05-05,2256.56,2268.77,2236.12,2249.18,211321,354505
2008-05-06,2249.74,2274.16,2228.17,2270.19,341920,368867
2008-05-07,2272.17,2277.57,2214.54,2226.46,377486,353795
2008-05-08,2227.03,2253.15,2223.62,2231.57,304293,371303
2008-05-09,2230.44,2241.23,2215.96,2229.59,261034,374215
2008-05-12,2229.59,2275.3,2227.6,2269.62,281573,396495
2008-05-13,2268.2,2281.54,2254.85,2278.14,274532,379734
2008-05-14,2278.42,2308.51,2266.49,2267.35,355744,376469
2008-05-15,2267.35,2313.62,2264.79,2311.92,364555,395752
2008-05-16,2311.07,2318.45,2285.8,2311.64,340191,394571
2008-05-19,2311.64,2332.93,2280.69,2300.56,365256,390728
2008-05-20,2299.43,2300.85,2260.25,2282.11,358135,377581
2008-05-21,2281.26,2293.75,2219.08,2231.01,481687,367487
2008-05-22,2233.56,2250.31,2223.06,2233.28,378625,362921
2008-05-23,2232.71,2236.68,2209.71,2223.91,282635,361705
2008-05-27,2226.18,2269.62,2219.08,2263.37,328453,380670
2008-05-28,2264.22,2281.26,2252.3,2277.0,310661,376641
2008-05-29,2274.16,2308.8,2271.04,2297.44,357197,393427
2008-05-30,2300.56,2321.01,2298.01,2311.35,256244,406725
2008-06-02,2313.34,2315.04,2261.1,2284.1,372984,392640
2008-06-03,2284.67,2304.54,2247.19,2269.33,465273,371306
2008-06-04,2270.19,2314.48,2255.42,2294.89,471006,398870
2008-06-05,2293.47,2339.74,2290.91,2335.2,383021,407742
2008-06-06,2334.07,2342.58,2256.56,2258.55,527304,383824
2008-06-09,2257.13,2271.89,2213.4,2257.41,520371,382041
2008-06-10,2255.42,2259.4,2221.92,2240.94,419199,390806
2008-06-11,2239.81,2252.87,2184.73,2188.13,517256,402654
2008-06-12,2186.44,2220.63,2169.48,2191.81,579198,396002
2008-06-13,2191.24,2237.59,2180.5,2231.94,549276,418583
2008-06-16,2231.94,2263.59,2218.37,2249.74,477759,450735
2008-06-17,2248.04,2267.26,2237.59,2245.22,492978,472707
2008-06-18,2244.94,2249.17,2206.96,2217.24,513520,461456
2008-06-19,2216.68,2262.74,2196.61,2250.02,621963,501068
2008-06-20,2252.28,2253.98,2178.81,2194.63,543271,495751
2008-06-23,2196.33,2206.5,2167.5,2168.07,347902,268080
2008-06-24,2169.2,2187.0,2142.07,2160.72,415007,266794
2008-06-25,2161.29,2216.39,2161.29,2184.18,396157,261563
2008-06-26,2183.9,2185.31,2105.33,2109.86,492442,271555
2008-06-27,2115.79,2122.57,2075.38,2109.01,435187,275403
2008-06-30,2110.14,2117.2,2082.44,2086.68,370823,286348
2008-07-01,2089.79,2116.07,2052.49,2112.68,397443,284522
2008-07-02,2113.53,2133.31,2057.86,2062.94,477174,309352
2008-07-03,2064.92,2078.77,2041.75,2059.55,4623,0
2008-07-07,2052.49,2096.29,2039.21,2071.14,507427,313987
2008-07-08,2070.01,2121.44,2046.84,2112.12,490950,308058
2008-07-09,2112.68,2122.29,2061.53,2070.29,425560,331621
2008-07-10,2070.57,2094.31,2045.42,2084.7,520768,315433
2008-07-11,2086.12,2102.79,2021.12,2057.86,586379,314066
2008-07-14,2054.75,2091.77,2031.01,2037.51,480315,313389
2008-07-15,2037.79,2072.55,1995.4,2033.55,685937,301601
2008-07-16,2037.79,2091.49,2018.58,2085.27,543461,307922
2008-07-17,2081.31,2112.12,2071.99,2079.62,533267,306880
2008-07-18,2071.42,2089.51,2056.44,2067.18,430638,312457
2008-07-21,2066.05,2085.55,2049.66,2065.77,332968,311222
2008-07-22,2059.27,2065.49,2020.84,2061.81,437892,324564
2008-07-23,2063.23,2114.09,2059.84,2090.07,494451,319233
2008-07-24,2086.97,2106.46,2047.68,2056.73,412787,334158
2008-07-25,2055.03,2095.16,2051.92,2080.47,294766,321191
2008-07-28,2085.83,2096.29,2034.69,2050.23,351318,332984
2008-07-29,2047.97,2097.42,2042.03,2082.16,374302,326574
2008-07-30,2082.44,2110.14,2066.62,2098.27,412933,310740
2008-07-31,2099.4,2123.7,2071.42,2095.44,448703,324463
2008-08-01,2096.01,2106.18,2042.32,2071.99,454720,332092
2008-08-04,2072.27,2076.79,2036.66,2047.97,282866,333350
2008-08-05,2047.68,2118.33,2045.99,2112.68,409194,308613
2008-08-06,2112.68,2155.35,2097.99,2143.48,418630,319035
2008-08-07,2143.77,2156.48,2121.16,2131.9,361853,324468
2008-08-08,2132.18,2183.9,2124.27,2174.57,405540,339035
2008-08-11,2171.46,2222.33,2168.92,2196.33,431247,0
2008-08-12,2194.63,2216.68,2183.05,2198.31,387027,334779
2008-08-13,2198.31,2214.7,2174.57,2194.63,444535,346964
2008-08-14,2196.89,2230.24,2185.59,2222.05,440750,360823
2008-08-15,2222.33,2235.05,2207.07,2221.76,346484,338832
2008-08-18,2220.07,2233.63,2174.57,2196.89,353211,342389
2008-08-19,2196.61,2200.29,2151.11,2169.48,385737,342298
2008-08-20,2168.92,2188.42,2150.27,2165.81,342589,331957
2008-08-21,2165.53,2166.94,2134.44,2155.92,304322,337236
2008-08-22,2155.35,2194.35,2149.14,2181.07,272075,341643
2008-08-25,2181.63,2182.48,2133.03,2142.07,351266,323472
2008-08-26,2141.79,2151.96,2121.16,2138.11,263551,320215
2008-08-27,2138.11,2166.37,2127.38,2149.7,297610,329946
2008-08-28,2148.85,2174.85,2137.55,2153.94,286555,333451
2008-08-29,2153.38,2156.77,2110.99,2119.46,367173,330310
2008-09-02,2119.75,2165.24,2084.42,2093.18,456701,323105
2008-09-03,2093.18,2101.94,2059.27,2073.4,408210,317141
2008-09-04,2075.66,2075.66,2005.3,2007.27,494202,310131
2008-09-05,2006.14,2012.64,1968.28,2000.77,473665,301805
2008-09-08,2028.47,2051.92,1961.49,1990.32,574940,351179
2008-09-09,1992.3,2012.36,1945.1,1954.15,491024,356042
2008-09-10,1957.54,1984.67,1951.04,1964.04,424487,351522
2008-09-11,1960.1,2007.95,1928.57,2006.26,696637,384995
2008-09-12,2006.26,2011.61,1970.51,2003.73,569668,401323
2008-09-15,1985.99,1988.81,1927.16,1938.14,630051,405269
2008-09-16,1937.86,1968.54,1902.95,1951.37,874129,434022
2008-09-17,1952.78,1967.98,1846.37,1854.53,808463,496314
2008-09-18,1868.61,1928.57,1815.4,1923.78,1149387,521800
2008-09-19,1921.53,2028.5,1918.71,1958.69,544518,499096
2008-09-22,1953.62,1972.76,1872.83,1880.15,393834,290770
2008-09-23,1879.87,1916.18,1855.38,1858.47,423089,282662
2008-09-24,1865.51,1893.94,1857.35,1882.68,354273,276803
2008-09-25,1881.56,1930.26,1874.52,1891.69,356390,279265
2008-09-26,1885.5,1896.76,1835.39,1885.78,363348,285680
2008-09-29,1892.53,1900.7,1682.25,1702.52,363348,285680
2008-09-30,1705.9,1808.08,1695.48,1795.14,433268,304584
2008-10-01,1801.33,1801.89,1747.84,1777.68,360585,313223
2008-10-02,1775.99,1791.19,1684.22,1700.83,376034,320931
2008-10-03,1700.27,1758.54,1660.58,1663.67,501785,329277
2008-10-06,1664.24,1666.49,1513.07,1583.73,665697,355169
2008-10-07,1586.54,1621.45,1500.12,1504.91,586614,381345
2008-10-08,1511.1,1568.81,1442.13,1486.33,721110,380860
2008-10-09,1496.46,1546.01,1421.58,1432.28,596961,393030
2008-10-10,1443.26,1493.37,1349.24,1444.1,829200,391212
2008-10-13,1460.99,1643.41,1460.99,1642.28,483757,393994
2008-10-14,1634.68,1687.88,1523.77,1538.12,483757,393994
2008-10-15,1552.2,1566.56,1383.86,1383.86,559320,390301
2008-10-16,1389.49,1498.43,1341.35,1489.71,787393,383412
2008-10-17,1487.45,1544.6,1428.9,1476.19,585843,390283
2008-10-20,1479.57,1535.03,1453.67,1531.37,382954,390761
2008-10-21,1536.15,1536.15,1441.85,1455.36,427713,407486
2008-10-22,1452.55,1490.83,1360.5,1405.26,508188,403708
2008-10-23,1403.0,1424.96,1323.9,1411.45,585988,396330
2008-10-24,1407.23,1412.86,1294.63,1341.64,530805,394436
2008-10-27,1340.79,1383.3,1279.99,1308.42,394608,408667
2008-10-28,1309.26,1473.94,1296.31,1472.82,485467,407847
2008-10-29,1470.0,1516.45,1431.44,1457.05,521741,385894
2008-10-30,1455.93,1525.46,1455.93,1514.48,413663,368686
2008-10-31,1508.85,1532.78,1469.72,1505.47,352480,358810
2008-11-03,1508.85,1527.43,1489.14,1510.54,214692,343537
2008-11-04,1510.26,1558.39,1501.81,1554.45,323274,352786
2008-11-05,1553.61,1564.02,1459.59,1470.85,372734,351287
2008-11-06,1469.16,1470.28,1390.62,1396.81,462821,356766
2008-11-07,1397.66,1452.55,1397.66,1450.86,291860,348637
2008-11-10,1455.93,1487.74,1391.18,1414.83,339680,355136
2008-11-11,1413.14,1421.02,1360.22,1377.11,339689,363166
2008-11-12,1375.98,1401.6,1307.29,1310.11,339689,363166
2008-11-13,1312.08,1400.47,1248.18,1390.05,439820,362166
2008-11-14,1393.71,1395.97,1300.54,1301.1,364690,370736
2008-11-17,1303.07,1338.54,1282.8,1304.48,364693,378209
2008-11-18,1305.04,1323.62,1253.24,1321.93,469510,364013
2008-11-19,1315.74,1319.68,1219.18,1230.16,469514,372429
2008-11-20,1212.43,1255.5,1161.19,1170.48,585184,369881
2008-11-21,1174.99,1230.72,1145.99,1228.47,511574,356083
2008-11-24,1236.64,1310.67,1207.36,1291.53,415593,354412
2008-11-25,1290.12,1322.21,1258.59,1278.58,389144,362716
2008-11-26,1278.02,1345.58,1263.38,1345.01,304786,361200
2008-11-28,1341.92,1350.64,1318.83,1335.44,87135,328654
2008-12-01,1335.16,1337.98,1227.63,1232.41,335772,362824
2008-12-02,1228.75,1279.14,1226.78,1275.77,422790,347268
2008-12-03,1274.92,1313.49,1234.1,1301.66,382430,344716
2008-12-04,1303.63,1316.3,1248.74,1278.02,443020,360905
2008-12-05,1276.89,1329.81,1232.98,1326.44,388100,338633
2008-12-08,1325.31,1393.71,1318.27,1364.72,379460,357682
2008-12-09,1366.69,1410.32,1351.77,1370.35,363210,349345
2008-12-10,1371.19,1396.53,1354.87,1370.35,363219,331631
2008-12-11,1372.04,1384.68,1323.13,1337.75,449004,349577
2008-12-12,1328.76,1367.82,1275.92,1365.85,510486,357637
2008-12-15,1364.73,1377.09,1313.3,1343.37,405018,365308
2008-12-16,1341.68,1403.79,1336.91,1395.08,420713,397431
2008-12-17,1395.64,1399.3,1354.89,1381.03,340292,394167
2008-12-18,1379.9,1390.87,1341.68,1377.66,0,0
2008-12-19,1373.16,1391.43,1359.11,1361.36,186230,405814
2008-12-22,1361.92,1375.41,1314.7,1345.62,134790,222135
2008-12-23,1348.15,1356.3,1322.29,1331.57,39768,223775
2008-12-24,1332.97,1337.19,1325.1,1326.51,39768,223618
2008-12-26,1331.85,1338.87,1325.1,1336.06,5429,222450
2008-12-29,1335.5,1346.74,1299.81,1321.45,151280,227652
2008-12-30,1322.29,1357.98,1321.17,1355.74,125380,229029
2008-12-31,1356.02,1376.81,1345.34,1363.04,190810,229620
2009-01-02,1361.36,1425.71,1350.11,1408.57,206050,230678
2009-01-05,1407.17,1433.3,1398.73,1422.06,264060,221492
2009-01-06,1420.66,1446.79,1415.88,1428.81,277290,221261
2009-01-07,1427.68,1431.34,1379.9,1393.39,256850,229190
2009-01-08,1394.52,1408.29,1374.57,1404.64,245210,227662
2009-01-09,1405.48,1412.22,1366.98,1373.16,245211,239777
2009-01-12,1375.97,1377.94,1333.53,1355.74,224810,245816
2009-01-13,1356.02,1369.79,1332.13,1353.49,289550,245472
2009-01-14,1353.49,1361.08,1298.68,1310.21,289552,255019
2009-01-15,1309.93,1338.87,1279.85,1323.42,310260,249507
2009-01-16,1327.63,1350.11,1309.08,1345.62,310523,250861
2009-01-20,1347.87,1374.0,1272.55,1289.97,299400,268255
2009-01-21,1290.82,1332.13,1281.54,1328.19,299408,251180
2009-01-22,1328.47,1351.52,1288.29,1317.8,356854,260225
2009-01-23,1314.7,1338.87,1283.23,1308.8,347444,251548
2009-01-26,1309.65,1350.4,1289.13,1325.95,300530,251548
2009-01-27,1327.63,1349.27,1322.29,1332.97,320730,248360
2009-01-28,1335.22,1399.3,1332.13,1384.12,268970,246095
2009-01-29,1382.72,1384.12,1344.49,1355.74,301950,253731
2009-01-30,1357.42,1365.01,1319.48,1325.66,289650,270865
2009-02-02,1327.63,1351.24,1296.72,1336.34,305980,261781
2009-02-03,1337.47,1368.94,1323.7,1357.7,310990,257112
2009-02-04,1358.55,1397.05,1353.21,1364.73,428970,254275
2009-02-05,1365.57,1404.36,1332.13,1387.77,337720,264896
2009-02-06,1390.02,1438.36,1383.0,1434.15,218440,256937
2009-02-09,1431.05,1445.11,1414.19,1434.15,423540,255611
2009-02-10,1432.46,1445.67,1373.16,1385.53,295670,265167
2009-02-11,1379.34,1393.68,1356.3,1376.53,412910,264048
2009-02-12,1376.81,1401.83,1351.8,1399.86,286700,273392
2009-02-13,1399.86,1410.82,1378.22,1381.87,383400,274670
2009-02-17,1376.25,1379.34,1325.38,1329.32,355670,296848
2009-02-18,1332.41,1353.49,1316.95,1326.51,339450,296230
2009-02-19,1324.82,1350.68,1309.93,1315.83,442610,299740
2009-02-20,1315.83,1330.44,1292.78,1317.23,380020,307299
2009-02-23,1320.32,1344.49,1265.24,1276.76,390720,303190
2009-02-24,1277.04,1322.85,1273.67,1307.96,420180,299235
2009-02-25,1307.4,1331.29,1283.79,1297.28,364450,304011
2009-02-26,1298.97,1320.89,1266.65,1272.83,402240,308441
2009-02-27,1271.42,1280.14,1244.72,1255.69,399290,300704
2009-03-02,1252.59,1254.56,1207.63,1220.84,367530,310740
2009-03-03,1220.84,1239.1,1200.6,1205.1,427630,312089
2009-03-04,1206.22,1264.68,1193.86,1237.7,427620,311597
2009-03-05,1261.59,1261.59,1205.1,1217.46,430021,320863
2009-03-06,1218.59,1224.77,1172.5,1210.16,427930,334502
2009-03-09,1210.44,1222.8,1169.41,1176.99,424820,335205
2009-03-10,1175.03,1250.63,1171.09,1243.32,445140,328788
2009-03-11,1242.2,1276.76,1242.2,1264.68,506910,341323
2009-03-12,1262.99,1312.23,1249.77,1308.85,430790,356801
2009-03-13,1306.04,1321.79,1291.41,1314.48,494990,364135
2009-03-16,1309.7,1327.98,1285.5,1296.75,491780,406805
2009-03-17,1295.63,1340.93,1290.56,1339.52,464800,398809
2009-03-18,1339.24,1378.35,1326.86,1364.84,363380,371146
2009-03-19,1363.71,1376.09,1344.3,1354.43,332790,373039
2009-03-20,1355.84,1373.0,1324.89,1336.99,371430,364642
2009-03-23,1335.3,1415.76,1335.3,1409.01,272780,239043
2009-03-24,1410.7,1412.39,1385.94,1391.29,403050,236215
2009-03-25,1390.44,1419.7,1356.4,1388.19,386600,235136
2009-03-26,1385.38,1442.49,1385.38,1432.65,274240,251972
2009-03-27,1433.21,1437.15,1404.51,1413.51,307730,247523
2009-03-30,1406.76,1411.83,1354.43,1376.09,17728,249960
2009-03-31,1376.09,1415.48,1375.25,1392.69,330290,241483
2009-04-01,1382.0,1412.11,1361.75,1407.89,429340,235978
2009-04-02,1407.89,1475.13,1405.35,1464.72,276110,228276
2009-04-03,1467.25,1483.29,1455.44,1481.32,253920,236645
2009-04-06,1480.48,1493.98,1446.71,1476.54,308720,239904
2009-04-07,1476.54,1482.45,1425.61,1441.37,273670,239160
2009-04-08,1442.77,1469.5,1425.89,1461.34,268640,237604
2009-04-09,1461.63,1509.46,1459.94,1503.55,268640,244747
2009-04-13,1499.05,1511.99,1487.23,1499.05,282610,247977
2009-04-14,1501.3,1509.17,1474.85,1490.04,315160,245144
2009-04-15,1477.38,1485.54,1455.72,1482.16,357870,252921
2009-04-16,1481.88,1528.59,1471.19,1521.55,247540,260329
2009-04-17,1520.15,1531.4,1504.39,1521.55,280770,257492
2009-04-20,1518.74,1518.74,1464.72,1478.23,321780,260134
2009-04-21,1477.66,1496.79,1462.75,1494.54,376080,265778
2009-04-22,1494.26,1532.81,1479.63,1489.48,363350,273982
2009-04-23,1494.82,1516.21,1484.41,1510.3,318460,268997
2009-04-24,1511.42,1551.38,1502.98,1547.44,283050,276563
2009-04-27,1539.56,1557.0,1519.58,1545.47,20437,275069
2009-04-28,1543.5,1545.75,1520.43,1531.12,289170,274777
2009-04-29,1529.71,1572.48,1524.93,1550.53,349830,280563
2009-04-30,1549.97,1594.99,1548.84,1568.26,231130,275301
2009-05-01,1562.91,1578.67,1554.19,1573.88,271880,281469
2009-05-04,1572.76,1604.55,1572.76,1600.89,252870,278139
2009-05-05,1602.58,1607.37,1582.61,1606.24,396620,282937
2009-05-06,1605.11,1615.53,1574.45,1609.05,392630,284710
2009-05-07,1606.8,1618.06,1547.72,1569.38,378160,288963
2009-05-08,1568.82,1587.11,1548.28,1563.76,331530,282789
2009-05-11,1560.94,1586.55,1537.31,1571.92,366990,286042
2009-05-12,1572.2,1582.89,1531.4,1558.69,366130,286700
2009-05-13,1559.82,1563.76,1506.08,1512.83,306310,276033
2009-05-14,1513.11,1540.4,1504.11,1523.52,265970,278288
2009-05-15,1524.09,1545.19,1509.46,1524.09,272010,279244
2009-05-18,1521.83,1567.13,1510.86,1562.63,266400,289381
2009-05-19,1563.19,1587.39,1551.94,1568.82,332580,289493
2009-05-20,1567.7,1601.46,1560.38,1567.13,335270,292691
2009-05-21,1566.57,1568.26,1521.55,1539.0,211890,288189
2009-05-22,1539.84,1552.22,1521.83,1531.4,211892,293838
2009-05-26,1530.28,1591.89,1511.14,1587.67,301140,301873
2009-05-27,1587.11,1607.93,1573.04,1580.07,314340,292219
2009-05-28,1578.39,1602.86,1563.47,1596.11,271950,291907
2009-05-29,1595.55,1623.68,1587.95,1615.53,318800,290049
2009-06-01,1613.84,1668.14,1609.34,1654.35,294450,284065
2009-06-02,1654.35,1681.92,1648.16,1663.92,244990,281792
2009-06-03,1664.48,1670.67,1641.69,1662.79,206540,285865
2009-06-04,1660.82,1681.08,1658.57,1680.24,291480,286467
2009-06-05,1679.95,1702.74,1663.92,1682.49,263970,281348
2009-06-08,1678.83,1688.4,1650.69,1677.42,247600,280120
2009-06-09,1677.14,1698.81,1672.92,1688.96,346840,281965
2009-06-10,1688.4,1708.09,1658.01,1683.33,35526,300253
2009-06-11,1684.18,1702.2,1675.45,1679.39,347140,316711
2009-06-12,1676.85,1685.58,1654.05,1673.19,407900,327046
2009-06-15,1670.38,1670.38,1625.89,1641.37,393590,367222
2009-06-16,1640.81,1653.76,1623.35,1626.73,468300,389997
2009-06-17,1626.17,1655.17,1619.41,1637.15,362320,415223
2009-06-18,1636.59,1647.57,1625.32,1632.65,282460,412351
2009-06-19,1629.55,1663.34,1628.42,1648.98,312040,233825
2009-06-22,1648.7,1656.3,1600.83,1608.43,259710,240470
2009-06-23,1608.15,1615.47,1590.41,1603.92,261810,233416
2009-06-24,1604.2,1641.09,1599.42,1630.11,313290,239057
2009-06-25,1628.98,1663.34,1613.78,1659.11,209420,251828
2009-06-26,1659.68,1669.25,1648.7,1663.34,210100,252485
2009-06-29,1662.49,1681.08,1652.07,1668.69,242530,248105
2009-06-30,1668.13,1680.23,1650.95,1662.77,224900,240530
2009-07-01,1664.18,1685.3,1660.52,1665.59,263410,246244
2009-07-02,1665.31,1666.15,1623.35,1627.86,253233,245544
2009-07-03,1627.58,1633.49,1620.26,1627.86,243323,232399
2009-07-06,1627.58,1633.49,1601.95,1623.07,286900,237444
2009-07-07,1623.07,1629.55,1578.3,1585.9,326490,247976
2009-07-08,1586.18,1594.35,1568.44,1584.78,223840,249115
2009-07-09,1584.78,1600.83,1584.21,1592.1,250590,249371
2009-07-10,1592.38,1606.74,1579.99,1594.91,324880,253751
2009-07-13,1597.73,1629.55,1576.33,1624.76,257590,258351
2009-07-14,1623.92,1636.87,1618.85,1629.55,355360,253162
2009-07-15,1647.29,1688.96,1647.01,1686.43,296220,260016
2009-07-16,1684.74,1712.33,1677.14,1703.89,229800,257386
2009-07-17,1703.32,1722.19,1694.88,1721.06,259990,268341
2009-07-20,1720.78,1739.09,1716.0,1735.14,293490,279207
2009-07-21,1734.3,1751.48,1721.35,1750.35,327810,279784
2009-07-22,1748.38,1769.78,1739.93,1753.16,21306,279266
2009-07-23,1754.57,1806.38,1751.48,1784.14,267330,296775
2009-07-24,1779.35,1802.44,1770.62,1799.06,258710,294064
2009-07-27,1799.06,1812.3,1777.94,1801.6,307380,298960
2009-07-28,1800.19,1811.17,1781.32,1803.85,297510,304391
2009-07-29,1803.57,1806.38,1783.86,1803.01,326760,308801
2009-07-30,1802.44,1838.2,1801.03,1809.76,258780,312683
2009-07-31,1808.36,1823.28,1800.47,1804.41,278300,315929
2009-08-03,1803.57,1833.98,1802.72,1832.29,268130,319216
2009-08-04,1830.88,1838.77,1816.52,1836.23,268139,315897
2009-08-05,1835.95,1837.64,1804.98,1818.49,299489,316059
2009-08-06,1819.34,1829.76,1794.84,1803.57,281030,314263
2009-08-07,1802.44,1833.42,1796.81,1824.41,281036,329945
2009-08-10,1823.56,1824.41,1799.63,1816.24,217199,325444
2009-08-11,1815.4,1822.15,1786.11,1798.22,267808,335130
2009-08-12,1797.94,1840.18,1787.8,1823.28,349036,368801
2009-08-13,1823.56,1845.53,1813.42,1837.92,272270,357744
2009-08-14,1836.51,1840.46,1796.53,1819.06,300827,342933
2009-08-17,1815.96,1816.24,1758.51,1764.15,366656,332780
2009-08-18,1764.43,1788.93,1761.33,1787.52,271835,325360
2009-08-19,1786.39,1802.72,1762.18,1800.75,292221,328745
2009-08-20,1799.91,1824.97,1792.02,1817.93,259875,333253
2009-08-21,1817.09,1846.93,1802.16,1842.15,292605,336049
2009-08-24,1841.58,1856.51,1834.54,1840.46,251032,334558
2009-08-25,1840.46,1864.67,1830.6,1843.27,291659,331488
2009-08-26,1843.27,1857.63,1833.14,1843.27,265788,331961
2009-08-27,1844.12,1851.16,1813.99,1846.09,316906,328549
2009-08-28,1846.09,1879.32,1836.51,1850.03,305108,339716
2009-08-31,1848.62,1852.85,1819.9,1830.32,239643,336204
2009-09-01,1830.32,1857.35,1791.18,1797.09,461333,347851
2009-09-02,1796.81,1805.54,1785.55,1794.28,279965,357672
2009-09-03,1793.99,1811.73,1784.7,1806.67,213444,357380
2009-09-04,1807.23,1847.78,1802.72,1842.43,231940,371256
2009-09-08,1842.15,1866.08,1840.18,1864.39,231941,364640
2009-09-09,1862.7,1888.89,1852.85,1876.5,352186,375485
2009-09-10,1877.06,1899.34,1871.71,1897.64,413122,383285
2009-09-11,1897.93,1904.69,1885.52,1898.49,415611,392477
2009-09-14,1896.23,1907.79,1877.91,1903.56,320608,406609
2009-09-15,1904.13,1919.35,1894.26,1911.46,419657,413135
2009-09-16,1910.89,1943.6,1909.2,1937.11,371391,420332
2009-09-17,1936.83,1951.49,1930.91,1939.65,387690,430289
2009-09-18,1939.93,1951.49,1931.48,1941.06,259420,430136
2009-09-21,1936.55,1955.16,1924.71,1948.39,262542,291947
2009-09-22,1948.11,1963.62,1945.85,1955.72,226680,287846
2009-09-23,1954.88,1977.15,1940.5,1945.85,311941,289345
2009-09-24,1944.44,1958.54,1912.59,1916.53,351134,293546
2009-09-25,1915.97,1927.25,1904.41,1913.71,310170,299630
2009-09-28,1913.71,1953.75,1903.56,1942.75,251296,327506
2009-09-29,1942.47,1951.77,1924.71,1934.58,276659,314227
2009-09-30,1934.01,1950.93,1904.41,1936.83,428033,321179
2009-10-01,1935.14,1947.26,1876.22,1883.83,405645,315530
2009-10-02,1882.98,1888.62,1860.43,1874.53,367206,326641
2009-10-05,1874.81,1895.95,1869.73,1887.78,261887,324323
2009-10-06,1887.78,1929.78,1887.78,1917.94,348176,331533
2009-10-07,1917.94,1928.37,1912.59,1926.12,235792,325098
2009-10-08,1925.56,1951.77,1925.56,1935.7,298348,323894
2009-10-09,1935.14,1948.39,1924.43,1945.85,207461,319278
2009-10-12,1945.29,1962.77,1935.7,1948.39,178798,312718
2009-10-13,1948.67,1957.41,1939.93,1947.26,218766,313722
2009-10-14,1962.21,1978.56,1959.67,1970.95,279529,319045
2009-10-15,1970.66,1978.28,1958.82,1971.79,261061,325961
2009-10-16,1972.92,1982.5,1945.01,1952.62,334547,322745
2009-10-19,1950.93,1980.81,1943.32,1973.76,271294,324609
2009-10-20,1972.92,1999.98,1966.15,1982.79,325581,319796
2009-10-21,1981.66,2006.47,1968.97,1977.15,321707,318923
2009-10-22,1972.92,1991.81,1959.39,1987.58,344573,318346
2009-10-23,1987.3,2005.34,1969.82,1975.74,344573,318346
2009-10-26,1974.61,2004.21,1959.39,1971.23,393390,321716
2009-10-27,1970.66,1975.46,1931.76,1939.37,442816,325381
2009-10-28,1939.09,1943.03,1891.44,1894.54,441719,329681
2009-10-29,1895.39,1931.76,1891.44,1925.56,298159,320962
2009-10-30,1924.99,1930.35,1871.99,1878.19,452898,319395
2009-11-02,1873.12,1903.28,1860.99,1882.14,456913,318864
2009-11-03,1884.11,1891.72,1861.84,1889.47,324038,314931
2009-11-04,1888.9,1917.1,1887.21,1902.16,350977,313213
2009-11-05,1902.16,1941.91,1884.96,1938.81,334287,324152
2009-11-06,1938.52,1959.39,1922.74,1950.65,293875,301610
2009-11-09,1948.67,1993.22,1948.11,1992.09,277022,301153
2009-11-10,1991.53,2003.37,1983.63,1998.86,256300,307895
2009-11-11,1998.57,2021.41,1996.88,2011.54,288557,311139
2009-11-12,2011.82,2022.54,1994.35,2000.27,279594,316607
2009-11-13,1999.14,2021.41,1996.32,2016.62,253768,327560
2009-11-16,2018.03,2045.37,2015.49,2033.81,295089,329481
2009-11-17,2032.97,2043.12,2024.51,2039.74,214977,328381
2009-11-18,2039.74,2044.81,2017.18,2030.43,257958,337635
2009-11-19,2030.43,2032.12,1984.48,1996.32,356815,342409
2009-11-20,1996.6,2000.55,1979.12,1988.71,225939,350015
2009-11-23,1988.14,2031.84,1987.3,2020.0,261675,363074
2009-11-24,2018.87,2022.82,2002.52,2014.64,220517,354093
2009-11-25,2014.36,2029.59,2013.52,2023.38,170710,354200
2009-11-27,2023.38,2026.77,1942.19,1983.91,257100,357543
2009-11-30,1988.14,2001.68,1973.76,1993.22,310080,345862
2009-12-01,1992.09,2028.74,1990.4,2020.85,270945,364089
2009-12-02,2020.0,2037.2,2014.08,2020.28,247824,363053
2009-12-03,2020.28,2037.48,2004.78,2007.6,285404,350772
2009-12-04,2006.75,2048.19,1999.14,2024.23,412126,349662
2009-12-07,2024.23,2028.74,2006.19,2011.82,241904,347390
2009-12-08,2013.23,2018.31,1984.76,1994.35,356922,349639
2009-12-09,1994.63,2021.69,1983.35,2021.41,418466,381728
2009-12-10,2020.56,2039.76,2014.64,2029.88,361774,401598
2009-12-11,2029.03,2045.12,2012.38,2023.1,328032,394715
2009-12-14,2021.41,2042.3,2016.61,2040.88,297174,425868
2009-12-15,2040.6,2045.68,2022.54,2026.49,359194,443515
2009-12-16,2026.77,2047.09,2026.21,2032.14,278876,462500
2009-12-17,2032.7,2035.24,2002.78,2015.77,375890,445858
2009-12-18,2015.2,2040.6,2014.07,2040.04,287867,258886
2009-12-21,2038.91,2070.24,2035.52,2060.92,220802,270510
2009-12-22,2060.92,2078.42,2060.64,2078.42,166559,274954
2009-12-23,2078.42,2091.97,2073.91,2091.12,135411,280082
2009-12-24,2090.56,2110.6,2089.43,2108.9,66147,283866
2009-12-28,2108.34,2124.15,2102.98,2116.24,120990,295323
2009-12-29,2115.4,2123.86,2110.32,2113.99,103240,294737
2009-12-30,2112.29,2122.73,2102.41,2118.78,128456,303163
2009-12-31,2117.94,2124.71,2098.46,2098.46,113000,304456
2010-01-04,2106.08,2132.61,2106.08,2130.07,205191,315550
2010-01-05,2129.79,2134.02,2117.94,2128.38,208773,309733
2010-01-06,2128.38,2135.72,2113.7,2120.76,261307,311199
2010-01-07,2119.91,2123.02,2106.36,2119.63,241369,317900
2010-01-08,2119.63,2136.56,2105.52,2133.74,269935,328665
2010-01-11,2136.28,2145.03,2115.96,2126.4,245129,315457
2010-01-12,2124.71,2126.69,2088.58,2106.08,328881,307193
2010-01-13,2106.65,2133.18,2092.25,2125.27,315822,332869
2010-01-14,2124.99,2134.02,2117.94,2131.77,206826,326677
2010-01-15,2137.13,2138.26,2093.95,2102.41,345355,322377
2010-01-19,2101.85,2140.23,2097.05,2133.46,333133,340412
2010-01-20,2132.9,2136.28,2083.5,2107.78,404356,319820
2010-01-21,2108.62,2126.4,2075.88,2078.42,502158,329045
2010-01-22,2078.71,2087.74,2020.28,2029.6,527935,347078
2010-01-25,2026.21,2045.4,2023.67,2030.44,340555,352423
2010-01-26,2043.14,2058.95,2013.79,2028.18,419618,361261
2010-01-27,2030.72,2056.41,2018.31,2042.3,444723,373537
2010-01-28,2040.6,2054.71,1986.13,1998.83,571879,405647
2010-01-29,2007.02,2020.0,1955.08,1963.55,538724,408856
2010-02-01,1964.4,1985.0,1961.01,1982.18,344469,412363
2010-02-02,1982.74,2007.3,1973.15,1997.14,332200,410873
2010-02-03,1997.14,2016.89,1990.93,2015.77,316812,419820
2010-02-04,2014.64,2023.1,1954.8,1958.47,484109,414743
2010-02-05,1957.62,1973.15,1931.38,1970.04,556992,386135
2010-02-08,1972.58,1979.92,1953.67,1958.19,295143,384621
2010-02-09,1957.62,1995.16,1955.37,1977.94,381160,386282
2010-02-10,1978.51,1990.08,1959.88,1969.76,297322,395346
2010-02-11,1969.48,2008.14,1960.73,2004.48,339466,386938
2010-02-12,2001.94,2013.51,1980.2,2013.23,328878,394795
2010-02-16,2011.25,2033.83,2004.19,2031.29,260149,397418
2010-02-17,2031.29,2046.25,2029.31,2045.4,238969,401797
2010-02-18,2045.68,2060.08,2037.5,2055.56,268429,406408
2010-02-19,2053.87,2066.0,2033.26,2053.87,282064,410413
2010-02-22,2053.3,2069.39,2043.71,2055.84,226552,412033
2010-02-23,2054.43,2064.88,2015.48,2033.26,349142,413304
2010-02-24,2031.57,2054.43,2028.18,2047.94,299768,406458
2010-02-25,2046.81,2050.2,2010.12,2047.38,354339,405181
2010-02-26,2046.81,2057.25,2036.09,2053.02,223673,404885
2010-03-01,2056.13,2086.89,2056.13,2080.4,258456,410910
2010-03-02,2080.4,2102.41,2080.12,2091.12,249657,404426
2010-03-03,2089.71,2101.28,2083.79,2090.84,217584,408797
2010-03-04,2089.99,2100.72,2082.09,2099.59,199351,412899
2010-03-05,2098.46,2133.18,2096.49,2128.66,290942,417111
2010-03-08,2126.97,2139.1,2126.12,2131.77,203406,415290
2010-03-09,2131.48,2158.58,2123.58,2146.44,341498,411761
2010-03-10,2146.73,2169.02,2145.03,2166.2,344281,400270
2010-03-11,2163.94,2174.68,2154.9,2173.26,438019,393540
2010-03-12,2173.26,2181.46,2163.37,2175.24,289015,395085
2010-03-15,2171.57,2173.26,2152.07,2167.05,351405,399269
2010-03-16,2167.05,2184.29,2166.48,2180.05,341081,416112
2010-03-17,2180.05,2197.29,2178.63,2186.26,335629,431307
2010-03-18,2185.7,2196.16,2180.33,2195.03,280535,445918
2010-03-19,2195.03,2202.37,2172.98,2184.29,295786,272938
2010-03-22,2178.63,2209.16,2169.31,2202.66,282147,286398
2010-03-23,2202.09,2218.2,2193.61,2218.2,218558,287475
2010-03-24,2216.79,2217.92,2199.83,2206.05,233055,280888
2010-03-25,2205.48,2231.76,2199.55,2203.79,301226,281368
2010-03-26,2203.22,2219.05,2192.2,2206.33,287826,282320
2010-03-29,2206.61,2222.72,2206.33,2215.94,220234,293398
2010-03-30,2215.09,2229.22,2206.9,2221.87,230776,292716
2010-03-31,2220.74,2224.13,2207.18,2210.85,230379,297755
2010-04-01,2210.85,2235.16,2193.9,2206.61,309536,292926
2010-04-05,2220.18,2236.85,2210.29,2230.92,200218,304607
2010-04-06,2230.35,2244.76,2221.59,2236.85,190634,300667
2010-04-07,2237.13,2243.35,2220.46,2232.61,259286,298865
2010-04-08,2231.48,2241.09,2214.81,2238.26,231783,307640
2010-04-09,2237.7,2252.68,2232.61,2251.83,190470,299920
2010-04-12,2255.22,2262.85,2247.03,2252.4,183450,292554
2010-04-13,2250.98,2265.4,2243.07,2262.29,228386,308541
2010-04-14,2271.9,2291.11,2268.5,2290.83,249223,317645
2010-04-15,2290.27,2303.55,2280.94,2300.16,251497,326688
2010-04-16,2298.18,2300.72,2258.33,2271.9,451581,331295
2010-04-19,2265.96,2279.53,2244.76,2275.57,338305,325432
2010-04-20,2274.16,2289.42,2268.79,2288.29,228600,328384
2010-04-21,2288.29,2306.66,2281.79,2289.7,309244,331900
2010-04-22,2284.61,2311.74,2261.44,2301.85,374505,351986
2010-04-23,2298.18,2321.35,2293.94,2320.79,289885,363305
2010-04-26,2317.4,2327.29,2309.48,2314.29,210567,361640
2010-04-27,2312.59,2317.96,2259.18,2270.77,436574,372309
2010-04-28,2270.77,2286.59,2249.0,2268.5,359159,379279
2010-04-29,2267.09,2310.61,2266.24,2307.22,295074,387061
2010-04-30,2307.22,2314.0,2258.61,2259.18,342025,378156
2010-05-03,2263.42,2303.83,2260.03,2291.4,256506,393741
2010-05-04,2290.27,2293.09,2206.9,2226.4,515460,373149
2010-05-05,2226.11,2229.22,2186.83,2213.96,402257,394177
2010-05-06,2213.4,2219.05,1955.94,2132.0,736784,381569
2010-05-07,2129.74,2158.29,2041.29,2089.61,711237,358071
2010-05-10,2118.16,2195.31,2116.46,2192.48,490159,340896
2010-05-11,2192.76,2221.31,2164.79,2187.68,373502,348508
2010-05-12,2187.11,2234.03,2167.05,2230.07,324217,345525
2010-05-13,2226.96,2239.96,2191.35,2201.24,329917,342853
2010-05-14,2198.7,2204.92,2128.61,2158.85,449927,342145
2010-05-17,2156.59,2169.87,2114.48,2163.09,363275,338894
2010-05-18,2161.68,2184.0,2121.55,2134.26,405264,344011
2010-05-19,2132.29,2140.76,2090.74,2111.94,435569,344282
2010-05-20,2111.37,2119.57,2028.0,2035.35,576239,348434
2010-05-21,2034.79,2073.22,1995.79,2056.55,514469,349078
2010-05-24,2058.81,2080.0,2030.26,2048.92,319485,343516
2010-05-25,2045.81,2056.83,1983.07,2052.31,426153,350891
2010-05-26,2051.18,2091.03,2022.07,2025.18,391536,359515
2010-05-27,2021.5,2107.7,2014.16,2106.85,327563,343395
2010-05-28,2105.16,2118.72,2074.92,2093.57,316503,338258
2010-06-01,2093.57,2122.96,2062.2,2069.83,371410,347424
2010-06-02,2070.96,2124.37,2067.0,2124.09,308068,347792
2010-06-03,2121.83,2146.98,2115.05,2145.29,285887,353392
2010-06-04,2145.0,2152.92,2062.2,2073.5,427632,362976
2010-06-07,2070.68,2086.22,2027.72,2029.98,339765,364826
2010-06-08,2029.13,2054.85,2000.87,2025.18,418675,368180
2010-06-09,2025.46,2061.35,2005.11,2014.72,391905,383589
2010-06-10,2013.59,2071.02,2007.37,2060.55,445412,403791
2010-06-11,2059.98,2090.53,2043.86,2084.88,359762,399558
2010-06-14,2091.38,2122.78,2084.88,2089.4,427301,422576
2010-06-15,2088.27,2147.96,2087.42,2142.3,425703,458495
2010-06-16,2142.59,2164.37,2126.18,2156.73,437630,482762
2010-06-17,2156.16,2170.59,2141.74,2160.69,387391,451656
2010-06-18,2161.26,2177.95,2155.6,2160.69,249116,284011
2010-06-21,2175.97,2196.33,2131.55,2149.38,323061,288695
2010-06-22,2148.81,2168.89,2123.35,2125.33,336612,285449
2010-06-23,2125.9,2138.63,2102.13,2120.24,320320,299379
2010-06-24,2115.99,2121.94,2078.94,2092.8,341137,296043
2010-06-25,2088.84,2100.72,2067.62,2081.2,322788,299942
2010-06-28,2080.92,2095.06,2060.83,2077.52,281322,290285
2010-06-29,2076.96,2081.48,1977.95,1995.48,473410,293146
2010-06-30,1996.05,2011.33,1960.97,1966.63,371762,293557
2010-07-01,1964.65,1975.4,1921.37,1955.31,507144,296762
2010-07-02,1956.16,1975.4,1935.23,1947.68,313479,299693
2010-07-06,1948.53,1994.35,1930.14,1962.67,355924,306420
2010-07-07,1962.95,2024.9,1948.24,2024.9,308241,299913
2010-07-08,2023.77,2040.46,2007.93,2034.52,311413,313747
2010-07-09,2033.11,2054.04,2024.62,2049.8,209510,312889
2010-07-12,2048.1,2070.45,2038.2,2059.7,233707,317308
2010-07-13,2058.29,2092.8,2057.15,2084.88,311472,317107
2010-07-14,2104.68,2111.75,2079.79,2094.78,337398,318261
2010-07-15,2093.65,2109.77,2069.04,2092.51,367987,309964
2010-07-16,2092.8,2100.15,2036.79,2039.05,399327,324642
2010-07-19,2037.35,2060.83,2016.98,2043.01,300963,314892
2010-07-20,2042.73,2083.46,2016.14,2081.77,351291,316147
2010-07-21,2081.77,2104.68,2049.23,2054.33,400549,316706
2010-07-22,2054.33,2115.15,2050.93,2096.48,345156,326259
2010-07-23,2093.93,2123.07,2086.86,2120.24,327950,326417
2010-07-26,2120.8,2136.65,2111.47,2135.8,258037,322422
2010-07-27,2135.8,2150.79,2125.33,2134.67,271837,322524
2010-07-28,2133.82,2144.0,2110.05,2115.71,252826,330993
2010-07-29,2116.28,2134.67,2080.35,2101.57,388992,334253
2010-07-30,2101.28,2119.96,2072.43,2107.23,356885,335126
2010-08-02,2114.58,2151.92,2109.77,2143.43,248737,346578
2010-08-03,2142.87,2147.96,2127.03,2142.02,216946,349959
2010-08-04,2141.45,2161.26,2130.99,2155.88,277325,351336
2010-08-05,2157.01,2164.37,2139.76,2151.07,228174,345702
2010-08-06,2152.77,2158.71,2117.41,2152.77,372009,352001
2010-08-09,2153.34,2170.31,2148.24,2165.5,188843,353861
2010-08-10,2165.78,2165.78,2128.16,2145.98,348989,364292
2010-08-11,2146.55,2147.68,2078.65,2079.5,409973,347989
2010-08-12,2078.94,2080.07,2043.86,2067.62,345784,349998
2010-08-13,2070.73,2085.16,2054.04,2054.04,235647,347791
2010-08-16,2056.87,2074.41,2036.79,2059.42,289093,342118
2010-08-17,2058.57,2105.24,2056.02,2081.48,270904,349182
2010-08-18,2082.05,2107.23,2071.86,2078.37,293388,347411
2010-08-19,2080.63,2093.93,2048.38,2059.42,349119,339534
2010-08-20,2059.42,2070.45,2046.4,2065.64,268602,338574
2010-08-23,2064.79,2085.16,2042.16,2047.54,276799,345890
2010-08-24,2047.25,2048.38,1998.31,2007.08,313775,354916
2010-08-25,2007.08,2035.09,1987.85,2025.19,358923,347313
2010-08-26,2025.47,2039.9,1997.18,2000.01,327878,355850
2010-08-27,1998.31,2030.56,1973.42,2024.62,398761,345086
2010-08-30,2026.32,2043.01,2000.86,2001.43,259710,354388
2010-08-31,2001.14,2016.14,1985.3,1998.88,360947,359206
2010-09-01,2006.52,2065.07,2003.41,2059.42,391793,335788
2010-09-02,2059.98,2083.46,2051.5,2078.94,250968,344776
2010-09-03,2080.63,2117.41,2075.82,2112.6,310481,346150
2010-09-07,2113.17,2125.05,2097.61,2101.85,275014,349561
2010-09-08,2101.57,2136.36,2095.91,2124.48,327364,358001
2010-09-09,2125.05,2147.71,2121.65,2133.83,399464,392579
2010-09-10,2134.68,2146.29,2127.31,2141.19,395270,428493
2010-09-13,2147.99,2178.58,2147.43,2171.79,427268,450288
2010-09-14,2170.65,2193.6,2163.86,2178.3,465706,472288
2010-09-15,2179.72,2198.41,2168.95,2197.56,407802,508424
2010-09-16,2197.56,2213.14,2186.23,2209.18,387186,518196
2010-09-17,2211.73,2232.12,2200.96,2212.58,305093,329602
2010-09-20,2210.03,2255.63,2206.34,2245.44,284192,343217
2010-09-21,2245.72,2266.4,2240.05,2249.68,319982,336539
2010-09-22,2249.68,2260.16,2232.69,2242.89,336230,375278
2010-09-23,2242.89,2266.4,2223.62,2245.15,378219,395088
2010-09-24,2246.57,2291.04,2242.04,2286.79,304563,408893
2010-09-27,2287.36,2302.37,2274.33,2274.33,233876,398927
2010-09-28,2275.18,2293.87,2240.34,2275.74,440548,412807
2010-09-29,2277.16,2287.07,2264.41,2276.31,275283,423695
2010-09-30,2276.88,2298.12,2247.13,2261.01,444665,426262
2010-10-01,2261.3,2283.68,2249.12,2259.88,321362,430678
2010-10-04,2263.56,2263.56,2221.92,2240.05,299018,440710
2010-10-05,2240.34,2294.44,2238.35,2287.07,352402,459878
2010-10-06,2287.36,2293.87,2255.07,2270.93,334934,447399
2010-10-07,2270.93,2288.49,2259.03,2281.98,285473,438507
2010-10-08,2281.98,2299.26,2245.72,2289.62,313949,445385
2010-10-11,2292.17,2305.77,2287.36,2295.01,175888,438541
2010-10-12,2294.72,2315.4,2270.93,2308.04,319962,443019
2010-10-13,2313.7,2340.05,2306.62,2329.56,296383,444069
2010-10-14,2330.13,2342.59,2312.85,2336.36,316847,441771
2010-10-15,2339.76,2376.87,2334.38,2373.75,374295,440697
2010-10-18,2373.75,2384.8,2359.87,2373.19,254330,429360
2010-10-19,2370.35,2382.82,2324.47,2342.59,474386,432080
2010-10-20,2343.16,2377.72,2336.93,2361.01,289475,446170
2010-10-21,2362.42,2384.52,2341.74,2356.76,328056,434894
2010-10-22,2357.32,2384.52,2353.36,2383.95,207342,440184
2010-10-25,2383.95,2408.31,2381.69,2389.05,241925,437757
2010-10-26,2389.9,2404.35,2370.92,2397.55,255651,453896
2010-10-27,2398.96,2407.75,2381.97,2406.33,267846,448298
2010-10-28,2406.05,2421.06,2389.9,2408.6,306757,443159
2010-10-29,2409.73,2419.64,2398.4,2404.35,232680,440978
2010-11-01,2407.75,2432.11,2396.41,2412.28,286601,442453
2010-11-02,2411.43,2440.32,2409.16,2436.36,227604,442944
2010-11-03,2437.49,2453.63,2413.41,2452.22,348388,450883
2010-11-04,2452.5,2482.53,2449.95,2475.16,324664,451753
2010-11-05,2474.6,2482.53,2466.1,2475.45,324665,450194
2010-11-08,2470.63,2480.54,2462.7,2474.6,200921,438838
2010-11-09,2473.46,2490.46,2452.22,2465.81,269371,435008
2010-11-10,2464.68,2478.28,2447.4,2463.83,297876,453883
2010-11-11,2464.68,2464.96,2427.29,2461.57,316915,467583
2010-11-12,2460.72,2463.55,2401.23,2417.66,393951,449913
2010-11-15,2417.94,2437.2,2409.45,2411.14,260051,459220
2010-11-16,2409.73,2410.29,2360.72,2368.94,408513,465344
2010-11-17,2371.49,2389.9,2365.82,2376.02,260115,456346
2010-11-18,2376.59,2432.39,2374.6,2418.23,299715,452939
2010-11-19,2419.36,2423.33,2401.8,2417.38,216894,444164
2010-11-22,2423.61,2442.3,2402.93,2441.17,284945,443421
2010-11-23,2439.19,2440.89,2384.8,2400.95,343112,413327
2010-11-24,2398.96,2453.63,2394.15,2445.14,268231,429198
2010-11-26,2443.44,2451.08,2418.79,2431.54,112672,426026
2010-11-29,2436.07,2447.69,2399.53,2430.97,295015,409629
2010-11-30,2430.12,2433.24,2389.9,2398.68,320926,402007
2010-12-01,2396.41,2463.27,2391.6,2445.7,309158,430273
2010-12-02,2446.27,2479.98,2443.72,2478.0,237999,430937
2010-12-03,2479.13,2487.06,2456.18,2478.28,183048,430490
2010-12-06,2479.13,2485.64,2466.66,2481.96,174353,415714
2010-12-07,2482.81,2511.99,2476.3,2481.39,239062,412606
2010-12-08,2481.68,2494.99,2470.06,2493.29,232947,418873
2010-12-09,2493.01,2509.45,2485.92,2494.14,299363,436501
2010-12-10,2491.87,2513.42,2489.89,2511.43,298254,479386
2010-12-13,2513.7,2523.34,2500.66,2506.33,368718,494614
2010-12-14,2504.63,2516.82,2499.24,2510.3,342066,520747
2010-12-15,2511.15,2521.07,2489.89,2495.84,421638,524239
2010-12-16,2496.41,2522.49,2491.31,2516.25,310429,545567
2010-12-17,2519.37,2524.47,2508.31,2509.45,158470,332350
2010-12-20,2512.57,2528.44,2500.66,2517.39,172542,330942
2010-12-21,2517.1,2536.38,2516.25,2534.39,103235,333555
2010-12-22,2532.69,2537.79,2528.72,2535.24,89894,330002
2010-12-23,2536.09,2538.64,2521.35,2529.01,87971,319374
2010-12-27,2525.32,2532.98,2502.65,2528.44,139766,331189
2010-12-28,2527.59,2536.38,2518.52,2523.34,80307,323261
2010-12-29,2525.32,2534.96,2521.92,2526.74,64617,326750
2010-12-30,2526.74,2531.56,2518.8,2522.2,85970,331069
2010-12-31,2523.05,2527.31,2502.93,2512.57,100161,328249
2011-01-03,2517.1,2571.24,2516.25,2551.68,276842,368116
2011-01-04,2550.83,2565.29,2535.81,2546.01,216450,358757
2011-01-05,2547.43,2575.78,2527.87,2573.51,213701,373086
2011-01-06,2574.64,2584.28,2570.68,2580.88,177408,368939
2011-01-07,2581.73,2587.68,2553.38,2577.19,279492,367744
2011-01-10,2576.34,2593.07,2563.31,2587.97,198381,365990
2011-01-11,2587.4,2602.42,2582.86,2591.37,208586,354431
2011-01-12,2591.93,2615.46,2589.67,2612.91,176971,358300
2011-01-13,2613.19,2618.58,2604.12,2610.93,186059,351599
2011-01-14,2612.06,2633.89,2604.97,2630.48,178047,359372
2011-01-18,2631.9,2644.66,2591.08,2642.67,289808,375996
2011-01-19,2643.52,2660.53,2599.87,2601.57,293368,372247
2011-01-20,2605.26,2607.24,2570.39,2586.83,351167,376373
2011-01-21,2587.12,2608.09,2568.97,2572.66,252704,367461
2011-01-24,2572.38,2608.66,2567.56,2605.54,223035,387090
2011-01-25,2605.54,2611.49,2586.55,2609.23,250815,383350
2011-01-26,2608.09,2630.48,2605.54,2628.78,218394,379962
2011-01-27,2628.22,2646.93,2622.83,2633.89,242811,373902
2011-01-28,2632.75,2642.96,2560.19,2571.53,435089,364432
2011-01-31,2568.69,2591.93,2549.42,2585.13,316984,336938
2011-02-01,2589.67,2639.84,2586.55,2633.32,300666,366300
2011-02-02,2631.33,2639.27,2621.41,2630.2,193413,362481
2011-02-03,2629.35,2637.57,2602.99,2632.47,258078,357211
2011-02-04,2633.04,2652.59,2626.52,2650.33,224231,353055
2011-02-07,2650.61,2675.55,2646.93,2658.83,240726,354131
2011-02-08,2657.41,2680.37,2654.58,2678.96,187619,350582
2011-02-09,2678.67,2682.07,2665.07,2678.39,198842,345645
2011-02-10,2672.44,2681.51,2651.18,2677.82,334265,359970
2011-02-11,2675.84,2699.08,2661.95,2696.53,192959,355305
2011-02-14,2694.26,2707.02,2693.41,2700.5,153364,353379
2011-02-15,2700.5,2704.75,2688.03,2700.22,166870,354378
2011-02-16,2699.93,2724.59,2698.23,2712.12,230846,357598
2011-02-17,2712.12,2722.04,2702.48,2713.82,197876,364352
2011-02-18,2714.1,2721.76,2700.78,2715.52,183976,374482
2011-02-22,2713.82,2714.39,2625.38,2632.47,451005,389325
2011-02-23,2632.75,2647.21,2590.8,2611.78,408604,363752
2011-02-24,2610.93,2631.62,2585.41,2617.16,362962,365884
2011-02-25,2619.15,2664.78,2614.04,2659.68,244857,376961
2011-02-28,2659.11,2679.24,2647.21,2665.35,232858,368879
2011-03-01,2665.63,2689.16,2616.31,2620.85,350807,360389
2011-03-02,2620.56,2654.29,2609.79,2634.17,336592,355268
2011-03-03,2632.75,2693.98,2631.9,2689.16,289779,383134
2011-03-04,2688.59,2697.1,2657.98,2675.55,300884,369221
2011-03-07,2676.12,2691.99,2614.89,2635.59,406112,365033
2011-03-08,2635.02,2662.23,2619.71,2646.07,369828,363766
2011-03-09,2644.94,2653.73,2617.16,2619.71,415856,372604
2011-03-10,2621.13,2625.1,2579.71,2588.5,566530,381717
2011-03-11,2587.08,2614.89,2568.07,2613.47,460775,402382
2011-03-14,2608.08,2611.2,2577.44,2598.43,528914,419650
2011-03-15,2598.15,2602.41,2512.46,2547.93,522949,428273
2011-03-16,2548.78,2566.94,2481.53,2506.5,732356,437777
2011-03-17,2507.07,2548.78,2480.68,2526.36,420717,445825
2011-03-18,2525.8,2557.86,2513.88,2521.26,356977,281052
2011-03-21,2522.96,2578.0,2518.42,2558.71,250561,277931
2011-03-22,2560.7,2569.78,2552.75,2561.83,214290,274824
2011-03-23,2560.41,2581.69,2533.17,2570.63,277234,284917
2011-03-24,2570.63,2625.67,2567.51,2620.0,289480,293534
2011-03-25,2616.59,2650.07,2614.89,2629.64,257040,302847
2011-03-28,2628.79,2642.7,2604.39,2605.53,205928,299959
2011-03-29,2606.66,2638.44,2598.43,2635.89,221318,314742
2011-03-30,2635.6,2659.44,2633.33,2649.51,181711,317976
2011-03-31,2649.22,2657.45,2641.56,2651.49,178106,330025
2011-04-01,2654.61,2676.18,2648.09,2654.04,228097,347555
2011-04-04,2652.63,2666.81,2635.32,2656.31,213585,360270
2011-04-05,2656.88,2659.15,2631.06,2636.74,246478,360997
2011-04-06,2637.59,2667.1,2629.36,2639.29,260191,359220
2011-04-07,2639.29,2660.57,2623.69,2643.55,300029,352845
2011-04-08,2643.26,2658.87,2615.74,2630.78,231117,349797
2011-04-11,2636.17,2648.94,2612.62,2619.43,224145,348343
2011-04-12,2621.13,2621.7,2593.33,2602.41,289998,336108
2011-04-13,2601.55,2632.48,2600.7,2620.0,287692,335172
2011-04-14,2620.56,2623.97,2596.16,2611.2,291437,335581
2011-04-15,2612.34,2625.96,2598.15,2621.42,237315,332752
2011-04-18,2619.43,2621.7,2553.89,2599.0,376393,322595
2011-04-19,2597.87,2630.21,2585.1,2622.83,226983,315826
2011-04-20,2625.96,2682.7,2625.1,2672.77,307570,344334
2011-04-21,2673.91,2704.27,2673.91,2696.04,242575,352660
2011-04-25,2693.2,2703.7,2691.78,2698.31,115196,354590
2011-04-26,2698.02,2726.11,2692.92,2706.54,226584,365429
2011-04-27,2710.22,2738.31,2709.37,2734.06,213550,380787
2011-04-28,2734.34,2741.72,2719.59,2725.83,229634,384613
2011-04-29,2724.98,2738.03,2720.72,2724.69,164161,392554
2011-05-02,2732.92,2755.62,2716.47,2725.55,286682,398615
2011-05-03,2726.96,2727.25,2694.34,2712.21,287938,412576
2011-05-04,2712.21,2719.3,2683.84,2705.68,300895,409791
2011-05-05,2706.82,2723.56,2682.42,2700.01,393488,405684
2011-05-06,2699.44,2734.91,2692.92,2693.77,359132,401736
2011-05-09,2698.87,2721.57,2694.34,2708.52,265815,396523
2011-05-10,2708.24,2737.46,2704.27,2734.34,292062,399383
2011-05-11,2732.36,2741.15,2694.34,2716.47,297948,383283
2011-05-12,2716.75,2734.34,2688.66,2731.79,288605,392425
2011-05-13,2732.92,2740.02,2688.66,2689.8,301057,371905
2011-05-16,2685.26,2692.92,2643.55,2649.51,406014,367249
2011-05-17,2648.65,2662.56,2631.06,2652.63,338314,362823
2011-05-18,2657.17,2684.12,2648.37,2680.15,232453,343262
2011-05-19,2680.72,2693.48,2671.07,2688.66,229138,347245
2011-05-20,2688.09,2692.92,2658.3,2659.72,257604,348670
2011-05-23,2657.45,2658.87,2615.17,2627.94,247842,347370
2011-05-24,2627.94,2637.87,2608.93,2612.34,244360,344740
2011-05-25,2611.2,2633.9,2588.79,2621.13,261438,345041
2011-05-26,2621.42,2645.53,2612.62,2639.01,246544,332874
2011-05-27,2640.43,2654.04,2635.6,2647.24,155145,328452
2011-05-31,2645.82,2698.59,2645.25,2691.78,251476,351232
2011-06-01,2696.04,2702.0,2630.78,2632.48,326762,348020
2011-06-02,2633.62,2650.64,2625.96,2639.86,280024,341893
2011-06-03,2639.57,2642.13,2593.04,2596.16,290506,336117
2011-06-06,2597.3,2609.5,2577.72,2580.84,224856,334015
2011-06-07,2580.84,2597.01,2574.03,2580.56,237174,340737
2011-06-08,2580.27,2585.38,2549.91,2551.33,290758,340112
2011-06-09,2552.19,2573.5,2548.49,2556.73,285128,345775
2011-06-10,2557.87,2559.86,2518.08,2521.21,362909,348038
2011-06-13,2521.78,2535.42,2513.53,2523.48,347638,362404
2011-06-14,2527.74,2561.0,2520.07,2554.46,443233,401154
2011-06-15,2552.75,2554.18,2500.74,2506.71,480477,408915
2011-06-16,2508.42,2516.94,2474.31,2495.91,405860,418178
2011-06-17,2495.91,2522.34,2481.13,2489.94,308546,281416
2011-06-20,2489.09,2508.99,2471.47,2501.03,215203,276950
2011-06-21,2500.46,2557.59,2498.75,2551.05,340070,287433
2011-06-22,2550.2,2558.72,2533.71,2534.57,223762,277468
2011-06-23,2534.0,2561.85,2500.46,2543.66,415633,277690
2011-06-24,2543.66,2567.53,2508.7,2509.84,286900,275375
2011-06-27,2510.98,2569.24,2491.37,2556.73,287464,265514
2011-06-28,2558.44,2597.66,2548.21,2596.52,237836,267870
2011-06-29,2595.39,2615.28,2586.01,2607.89,252836,266430
2011-06-30,2607.04,2641.43,2600.5,2638.59,202165,274194
2011-07-01,2636.03,2683.77,2633.75,2677.52,238639,288365
2011-07-05,2677.24,2696.56,2673.26,2696.56,249609,292653
2011-07-06,2694.29,2706.51,2681.22,2700.26,257942,300586
2011-07-07,2701.11,2746.58,2700.83,2746.02,214816,316969
2011-07-08,2745.73,2753.12,2700.83,2738.06,283619,337769
2011-07-11,2733.23,2733.23,2672.97,2690.88,280163,343819
2011-07-12,2689.46,2690.31,2649.38,2665.3,305071,356267
2011-07-13,2665.3,2699.97,2657.63,2665.3,267325,373223
2011-07-14,2666.72,2692.3,2631.2,2653.36,344207,368466
2011-07-15,2657.91,2681.5,2650.52,2677.81,254910,364599
2011-07-18,2676.67,2677.52,2636.03,2660.18,249438,346200
2011-07-19,2662.17,2728.11,2659.05,2715.89,275669,363827
2011-07-20,2716.74,2743.74,2706.79,2707.65,253907,346280
2011-07-21,2707.65,2744.88,2688.61,2739.76,281585,354171
2011-07-22,2731.24,2762.22,2724.13,2760.23,186813,358126
2011-07-25,2748.57,2767.62,2705.66,2755.11,195381,362459
2011-07-26,2754.54,2768.75,2742.89,2755.11,185385,364339
2011-07-27,2756.25,2757.67,2680.36,2680.36,328674,356209
2011-07-28,2682.92,2726.97,2678.09,2694.29,287265,363296
2011-07-29,2695.14,2711.63,2657.91,2682.07,335951,372736
2011-08-01,2712.48,2722.71,2638.3,2667.01,356989,354139
2011-08-02,2668.43,2677.52,2598.51,2601.35,341031,353814
2011-08-03,2603.34,2631.2,2561.28,2617.55,449037,341792
2011-08-04,2618.97,2636.88,2495.34,2511.83,537054,332119
2011-08-05,2516.66,2545.65,2420.03,2486.25,684328,315879
2011-08-08,2438.5,2467.78,2309.47,2316.86,732240,332876
2011-08-09,2322.55,2456.98,2242.12,2449.87,716686,329768
2011-08-10,2448.73,2464.93,2348.41,2370.29,543674,332217
2011-08-11,2367.74,2483.41,2339.03,2453.28,421657,336720
2011-08-12,2453.28,2492.5,2403.26,2475.45,292451,339249
2011-08-15,2482.56,2514.1,2474.31,2508.42,224454,345316
2011-08-16,2506.14,2513.82,2459.53,2499.89,295168,342998
2011-08-17,2498.75,2516.94,2452.43,2472.89,273802,344058
2011-08-18,2473.46,2473.46,2333.91,2366.88,444722,347980
2011-08-19,2370.01,2389.62,2312.03,2320.27,375978,356748
2011-08-22,2320.27,2370.86,2298.96,2323.68,254489,354712
2011-08-23,2326.81,2420.6,2315.73,2414.63,275082,360396
2011-08-24,2414.63,2441.34,2383.08,2431.68,270635,367791
2011-08-25,2431.4,2446.46,2388.48,2399.85,308727,373550
2011-08-26,2399.85,2465.79,2365.46,2460.1,344430,375395
2011-08-29,2460.1,2529.45,2453.28,2523.77,198474,375049
2011-08-30,2523.2,2557.3,2502.45,2531.72,255916,372851
2011-08-31,2530.59,2578.9,2525.19,2547.35,287230,371064
2011-09-01,2550.48,2573.5,2518.65,2520.64,263348,372718
2011-09-02,2520.35,2525.75,2450.72,2460.96,273204,379251
2011-09-06,2454.99,2468.34,2396.72,2461.52,343803,392734
2011-09-07,2461.81,2528.88,2460.96,2526.04,256301,399753
2011-09-08,2529.46,2551.11,2507.24,2520.34,375052,422181
2011-09-09,2518.63,2533.16,2444.0,2465.94,435205,451146
2011-09-12,2438.31,2499.83,2412.1,2495.56,480787,459214
2011-09-13,2494.99,2529.46,2462.8,2523.76,488673,473798
2011-09-14,2524.33,2589.56,2490.72,2559.37,496268,487906
2011-09-15,2559.65,2605.23,2551.39,2602.38,469577,484983
2011-09-16,2599.25,2630.01,2585.57,2628.87,313400,298073
2011-09-19,2606.94,2637.13,2568.48,2621.75,317890,305715
2011-09-20,2619.18,2657.64,2602.09,2616.62,325917,309930
2011-09-21,2617.19,2641.12,2557.09,2558.51,353570,315271
2011-09-22,2558.8,2563.07,2443.43,2477.61,581197,322496
2011-09-23,2481.32,2518.35,2431.47,2508.95,398475,312448
2011-09-26,2495.84,2543.7,2463.66,2536.29,390149,312060
2011-09-27,2536.86,2603.8,2530.88,2568.2,351658,316586
2011-09-28,2566.2,2592.98,2520.34,2527.75,325821,313981
2011-09-29,2526.32,2574.75,2452.55,2494.71,405360,311430
2011-09-30,2498.69,2504.96,2418.08,2432.04,386690,326278
2011-10-03,2422.92,2447.42,2350.29,2353.14,453816,321289
2011-10-04,2355.41,2423.21,2319.52,2408.11,537730,322866
2011-10-05,2407.26,2486.16,2391.88,2469.64,402333,313364
2011-10-06,2469.35,2522.34,2447.99,2512.08,386551,311797
2011-10-07,2511.8,2537.43,2488.15,2508.66,354183,298102
2011-10-10,2513.51,2594.69,2510.09,2594.12,223290,298608
2011-10-11,2592.41,2616.34,2577.6,2607.51,243182,299005
2011-10-12,2605.8,2653.65,2591.55,2616.62,304896,303965
2011-10-13,2620.32,2661.91,2608.08,2650.23,315843,306635
2011-10-14,2650.52,2699.23,2643.68,2697.23,274447,306276
2011-10-17,2697.23,2721.45,2639.98,2644.54,314921,306459
2011-10-18,2644.54,2702.08,2626.02,2693.25,381929,324594
2011-10-19,2694.95,2698.37,2627.16,2641.12,332895,327881
2011-10-20,2639.12,2657.92,2584.72,2621.75,351219,325691
2011-10-21,2617.19,2672.45,2616.05,2659.63,259784,320432
2011-10-24,2651.09,2718.31,2643.68,2705.78,241805,338778
2011-10-25,2706.06,2719.45,2638.84,2645.39,325050,337429
2011-10-26,2647.1,2677.86,2605.51,2650.8,322409,343464
2011-10-27,2654.51,2744.52,2653.65,2727.43,329695,352213
2011-10-28,2727.43,2736.54,2710.05,2730.56,213800,344860
2011-10-31,2731.98,2732.27,2678.15,2684.41,243902,346251
2011-11-01,2681.28,2684.13,2600.95,2624.6,445678,339730
2011-11-02,2624.03,2654.51,2612.92,2637.13,285484,328239
2011-11-03,2639.98,2696.38,2596.68,2690.11,322464,334325
2011-11-04,2691.25,2694.1,2651.37,2678.72,235059,335715
2011-11-07,2684.98,2702.08,2642.83,2700.08,245881,338462
2011-11-08,2699.23,2733.98,2683.56,2728.28,251593,346543
2011-11-09,2728.57,2731.7,2623.46,2633.14,337177,333797
2011-11-10,2634.57,2670.74,2605.23,2624.6,301469,324900
2011-11-11,2630.29,2689.26,2622.32,2677.86,187768,328819
2011-11-14,2683.28,2696.38,2654.51,2669.6,185479,329688
2011-11-15,2669.89,2705.21,2632.0,2688.69,257316,346653
2011-11-16,2690.68,2702.08,2634.57,2636.28,285540,337839
2011-11-17,2636.85,2657.92,2570.48,2584.43,369947,331705
2011-11-18,2586.43,2609.21,2562.5,2563.35,257980,329141
2011-11-21,2556.8,2556.8,2491.86,2522.05,301081,326079
2011-11-22,2524.04,2537.15,2496.13,2522.91,264281,320368
2011-11-23,2522.62,2525.75,2462.23,2462.23,252680,311341
2011-11-25,2466.22,2489.01,2433.46,2446.85,162408,306133
2011-11-28,2487.3,2538.57,2481.89,2530.6,288613,297911
2011-11-29,2530.6,2557.94,2512.65,2520.91,272776,295643
2011-11-30,2520.34,2616.62,2502.4,2614.91,297343,301674
2011-12-01,2612.92,2638.27,2602.38,2631.15,227134,307736
2011-12-02,2631.15,2671.6,2621.46,2624.31,202220,310657
2011-12-05,2630.86,2670.46,2630.86,2649.09,229700,312323
2011-12-06,2643.4,2667.89,2635.14,2645.11,217292,321602
2011-12-07,2645.68,2670.46,2610.92,2645.11,281087,330701
2011-12-08,2645.96,2667.07,2595.46,2603.74,321364,337566
2011-12-09,2602.88,2651.1,2584.91,2645.96,359089,362597
2011-12-12,2643.11,2649.96,2590.61,2614.01,377768,379505
2011-12-13,2615.15,2641.68,2573.49,2587.76,454995,412713
2011-12-14,2586.9,2598.03,2528.98,2543.25,421818,427646
2011-12-15,2544.11,2570.07,2527.84,2537.26,283078,421952
2011-12-16,2537.26,2584.05,2535.55,2548.1,214931,256077
2011-12-19,2550.67,2568.93,2515.58,2524.99,183916,251090
2011-12-20,2526.7,2605.73,2524.7,2586.9,227842,255825
2011-12-21,2590.04,2614.86,2530.98,2555.23,248796,256548
2011-12-22,2557.52,2584.05,2550.1,2580.06,128987,250151
2011-12-23,2581.48,2605.73,2579.48,2600.31,72450,254151
2011-12-27,2602.02,2620.85,2596.32,2607.16,73772,255983
2011-12-28,2607.16,2616.0,2572.07,2578.63,100740,255003
2011-12-29,2581.77,2604.31,2577.2,2598.89,69036,253986
2011-12-30,2600.03,2607.16,2590.9,2595.75,177460,253986
2012-01-03,2639.11,2657.09,2633.98,2643.11,142880,264654
2012-01-04,2643.39,2658.52,2627.7,2657.66,195170,268915
2012-01-05,2657.94,2679.06,2635.41,2669.93,158880,285506
2012-01-06,2670.78,2691.9,2661.94,2684.48,152190,290998
2012-01-09,2685.62,2697.32,2668.79,2678.2,147340,294333
2012-01-10,2677.92,2714.15,2677.63,2697.32,173540,298290
2012-01-11,2697.03,2708.44,2684.76,2701.31,160660,312782
2012-01-12,2701.31,2719.57,2688.47,2714.44,199240,319585
2012-01-13,2713.87,2723.85,2680.2,2708.73,190250,319585
2012-01-17,2701.6,2740.11,2651.1,2727.27,214760,328260
2012-01-18,2727.85,2765.22,2724.99,2762.37,185110,347073
2012-01-19,2762.08,2787.48,2760.09,2767.79,153120,358460
2012-01-20,2770.93,2781.2,2764.94,2778.63,165330,368120
2012-01-23,2773.21,2798.6,2762.65,2778.92,146670,370676
2012-01-24,2779.49,2784.34,2761.23,2781.77,249770,375509
2012-01-25,2782.34,2817.72,2780.91,2808.02,186820,374298
2012-01-26,2807.73,2825.71,2785.48,2799.46,169930,381665
2012-01-27,2799.46,2812.58,2790.04,2803.17,182390,378365
2012-01-30,2807.45,2813.72,2772.35,2809.73,271840,386176
2012-01-31,2810.01,2828.56,2794.61,2812.3,206720,382193
2012-02-01,2801.74,2846.53,2800.03,2838.83,191490,388585
2012-02-02,2839.97,2853.95,2829.7,2843.4,168440,392599
2012-02-03,2843.97,2887.33,2841.4,2879.34,156440,380978
2012-02-06,2875.64,2883.05,2865.08,2882.48,176250,380755
2012-02-07,2881.34,2892.75,2866.51,2886.48,199000,385405
2012-02-08,2885.91,2907.31,2877.06,2904.17,244840,386262
2012-02-09,2904.45,2927.28,2893.33,2922.71,228690,407735
2012-02-10,2923.0,2923.0,2893.33,2908.45,165870,423892
2012-02-13,2917.86,2934.41,2912.16,2930.42,190910,431720
2012-02-14,2932.41,2941.54,2913.87,2939.83,372270,437643
2012-02-15,2940.4,2967.79,2913.01,2918.72,307020,446753
2012-02-16,2917.58,2960.66,2901.88,2959.8,198750,467766
2012-02-17,2960.09,2964.37,2935.27,2946.68,187430,467766
2012-02-21,2960.09,2969.22,2937.83,2956.95,186770,462415
2012-02-22,2956.09,2967.79,2938.97,2942.97,229830,467026
2012-02-23,2943.25,2969.5,2932.13,2968.08,147740,478363
2012-02-24,2967.51,2978.06,2964.94,2968.93,209430,474102
2012-02-27,2970.07,2986.34,2942.97,2976.35,199980,476887
2012-02-28,2978.06,3007.16,2975.78,3003.74,258980,481256
2012-02-29,3004.03,3018.86,2983.48,2990.33,258570,478989
2012-03-01,2994.32,3020.0,2986.05,3016.58,180610,481923
2012-03-02,3018.01,3024.28,3004.6,3016.86,227280,479295
2012-03-05,3012.58,3018.58,2973.5,2985.48,289590,469093
2012-03-06,2985.19,2987.19,2938.69,2955.24,288520,480559
2012-03-07,2955.52,2983.77,2953.81,2977.21,466410,498043
2012-03-08,2975.49,3019.24,2972.63,3011.23,326470,539461
2012-03-09,3013.23,3028.1,3003.8,3023.52,375510,528187
2012-03-12,3022.67,3028.1,3008.66,3027.24,504260,541530
2012-03-13,3026.38,3083.85,3025.24,3080.99,428010,587569
2012-03-14,3079.56,3103.58,3071.84,3091.0,363460,598371
2012-03-15,3090.43,3107.58,3084.42,3101.29,191600,598931
2012-03-16,3100.72,3110.73,3091.0,3098.15,229830,606834
2012-03-19,3097.58,3127.88,3088.14,3119.59,212360,441610
2012-03-20,3121.31,3131.31,3096.15,3128.45,210540,441701
2012-03-21,3129.31,3143.32,3122.16,3128.17,233150,436457
2012-03-22,3127.6,3134.46,3105.58,3123.59,198240,440390
2012-03-23,3125.02,3141.03,3100.15,3120.73,202400,438248
2012-03-26,3121.88,3177.06,3121.02,3175.92,179920,442464
2012-03-27,3174.49,3190.21,3170.2,3174.49,238270,435674
2012-03-28,3162.48,3191.07,3145.32,3165.62,246580,438057
2012-03-29,3162.48,3171.63,3130.17,3154.47,209239,445423
2012-03-30,3155.33,3171.63,3133.89,3145.89,210980,448568
2012-04-02,3154.19,3183.63,3137.6,3175.92,252670,453032
2012-04-03,3175.92,3192.5,3159.9,3178.2,273660,447118
2012-04-04,3179.92,3180.49,3116.16,3129.6,225950,446157
2012-04-05,3131.88,3157.33,3113.59,3149.33,14693,452349
2012-04-06,3150.75,3157.9,3109.58,3149.33,192710,451988
2012-04-09,3117.3,3142.75,3109.3,3120.45,383520,451180
2012-04-10,3120.73,3140.46,3069.84,3084.42,270050,449201
2012-04-11,3086.14,3115.02,3084.99,3092.71,283720,455304
2012-04-12,3095.0,3133.89,3093.29,3132.17,293040,449156
2012-04-13,3131.88,3136.75,3077.56,3080.42,397060,432334
2012-04-16,3081.85,3099.29,3038.11,3046.4,300980,437543
2012-04-17,3047.83,3120.16,3035.53,3102.44,286050,440192
2012-04-18,3103.29,3120.16,3081.56,3081.56,435540,435741
2012-04-19,3085.85,3127.88,3055.26,3068.98,292630,433449
2012-04-20,3071.56,3097.0,3053.26,3058.41,318760,430308
2012-04-23,3054.69,3059.26,3002.08,3030.96,265580,421775
2012-04-24,3032.1,3048.97,3001.79,3010.66,339680,416133
2012-04-25,3010.66,3095.57,3010.09,3093.0,206900,415755
2012-04-26,3093.0,3118.73,3082.14,3111.01,212060,411841
2012-04-27,3110.16,3140.46,3097.86,3129.88,198660,410861
2012-04-30,3134.74,3138.46,3105.58,3109.87,180920,408995
2012-05-01,3110.16,3148.47,3099.86,3109.01,180927,409777
2012-05-02,3108.44,3124.45,3090.71,3119.3,273340,408204
2012-05-03,3119.88,3131.6,3079.56,3079.56,320150,409517
2012-05-04,3082.42,3088.43,3002.37,3002.65,236820,420257
2012-05-07,2985.21,3028.67,2958.05,3015.23,328340,421439
2012-05-08,3015.52,3021.24,2954.33,2999.51,372580,417971
2012-05-09,3001.22,3010.37,2955.48,2995.5,312510,411879
2012-05-10,2995.5,3015.23,2974.63,2994.93,266290,407774
2012-05-11,2995.5,3019.52,2970.63,2985.78,245880,400048
2012-05-14,2975.78,2988.36,2954.62,2956.33,324990,406697
2012-05-15,2958.62,2992.07,2944.33,2948.61,284210,405222
2012-05-16,2949.47,2968.91,2923.45,2924.88,348820,407887
2012-05-17,2927.46,2940.32,2865.13,2865.13,421480,406496
2012-05-18,2867.13,2884.0,2822.53,2822.81,299600,405590
2012-05-21,2827.67,2912.3,2819.1,2908.87,293410,400177
2012-05-22,2910.3,2929.46,2884.57,2899.44,312740,395117
2012-05-23,2905.73,2906.59,2902.58,2905.44,287430,389450
2012-05-24,2905.73,2923.45,2870.85,2900.58,186960,388732
2012-05-25,2900.58,2918.02,2880.0,2886.57,290040,382783
2012-05-29,2897.15,2939.18,2895.15,2927.17,308630,379569
2012-05-30,2927.74,2928.89,2882.28,2894.29,307860,385816
2012-05-31,2895.44,2907.73,2865.99,2886.57,307864,385816
2012-06-01,2882.0,2884.28,2806.52,2807.66,364779,392139
2012-06-04,2813.38,2836.54,2783.36,2823.67,213630,390285
2012-06-05,2826.82,2849.97,2812.81,2846.26,296050,382912
2012-06-06,2847.97,2918.31,2844.26,2916.31,354970,379337
2012-06-07,2916.88,2940.09,2895.96,2900.83,317090,380998
2012-06-08,2900.26,2933.22,2879.62,2931.21,507850,404062
2012-06-11,2954.42,2978.21,2875.32,2877.33,458030,449705
2012-06-12,2879.62,2919.46,2871.6,2917.45,372030,462707
2012-06-13,2916.02,2926.34,2881.92,2891.66,383880,460989
2012-06-14,2892.81,2914.87,2876.18,2905.99,226940,486210
2012-06-15,2906.85,2943.53,2904.27,2939.23,215750,485869
2012-06-18,2957.86,2974.2,2922.32,2966.17,218310,328928
2012-06-19,2968.18,3010.31,2963.31,2994.83,257550,329850
2012-06-20,2994.26,3012.89,2977.64,3000.28,289050,339461
2012-06-21,3001.42,3004.0,2921.47,2925.19,253680,340586
2012-06-22,2925.76,2959.58,2921.47,2950.12,186960,339799
2012-06-25,2950.41,2954.42,2889.94,2896.25,194180,337833
2012-06-26,2898.25,2925.19,2894.81,2921.18,184610,339283
2012-06-27,2921.18,2947.83,2914.59,2932.07,265010,350418
2012-06-28,2933.5,2940.09,2869.88,2897.68,265018,350418
2012-06-29,2898.25,2999.13,2887.36,2991.68,187680,350711
2012-07-02,2997.7,2998.27,2995.98,2996.84,105730,349532
2012-07-03,2997.7,3029.22,2995.98,3028.08,219470,353827
2012-07-05,3027.5,3044.41,3004.58,3029.22,253560,360759
2012-07-06,3029.22,3031.8,2969.61,2990.82,163430,359797
2012-07-09,2983.37,2998.27,2970.76,2987.38,250290,355858
2012-07-10,2987.38,3009.73,2944.39,2955.28,228320,348944
2012-07-11,2954.71,2968.18,2915.16,2936.37,235270,348005
2012-07-12,2938.66,2945.83,2884.78,2909.14,187070,346692
2012-07-13,2908.86,2963.02,2908.86,2954.14,158600,342113
2012-07-16,2954.42,2962.73,2936.08,2947.83,269340,340059
2012-07-17,2948.12,2973.62,2920.89,2965.6,244770,339460
2012-07-18,2966.46,3013.17,2953.85,3003.43,254530,360547
2012-07-19,3006.87,3046.99,3006.87,3040.4,238000,374442
2012-07-20,3041.83,3046.42,2995.12,2995.69,276470,367059
2012-07-23,2990.82,2995.4,2915.45,2956.72,282970,358464
2012-07-24,2956.72,2969.04,2917.45,2921.47,270770,352606
2012-07-25,2928.92,2935.51,2885.07,2915.73,290580,350430
2012-07-26,2915.16,2973.05,2899.97,2948.98,284870,345500
2012-07-27,2949.26,3033.23,2948.98,3028.65,467910,358099
2012-07-30,3026.36,3046.7,3012.89,3021.48,215380,367958
2012-07-31,3022.92,3040.69,3016.04,3022.34,252190,368502
2012-08-01,3020.34,3044.98,3001.71,3009.16,303260,367114
2012-08-02,3009.45,3036.39,2980.5,3001.71,225460,369474
2012-08-03,3003.14,3073.64,2998.84,3061.89,160460,381598
2012-08-06,3066.48,3097.14,3062.75,3079.66,187010,382214
2012-08-07,3081.09,3121.5,3079.37,3106.6,176850,392754
2012-08-08,3104.02,3114.62,3096.0,3102.87,151560,395062
2012-08-09,3103.45,3121.79,3099.15,3115.48,145600,399903
2012-08-10,3115.77,3121.5,3097.72,3119.21,148120,404120
2012-08-13,3118.06,3129.24,3101.73,3127.23,188670,402870
2012-08-14,3127.23,3144.43,3118.92,3125.8,162740,409963
2012-08-15,3124.66,3141.85,3116.34,3139.27,208250,422277
2012-08-16,3140.99,3179.97,3138.98,3171.37,151460,429153
2012-08-17,3170.51,3187.42,3167.64,3182.26,187230,429101
2012-08-20,3180.83,3191.72,3171.94,3186.84,242320,427777
2012-08-21,3187.99,3212.64,3165.64,3179.97,247180,439683
2012-08-22,3181.69,3198.02,3162.77,3188.28,213700,448569
2012-08-23,3189.14,3201.17,3157.04,3165.06,188870,442678
2012-08-24,3166.5,3192.86,3153.03,3181.11,140720,458228
2012-08-27,3191.43,3204.9,3182.83,3190.0,173210,452316
2012-08-28,3190.57,3198.88,3176.53,3187.7,134860,460255
2012-08-29,3189.14,3198.88,3176.81,3188.28,165520,462733
2012-08-30,3188.28,3189.71,3152.74,3156.75,293510,463840
2012-08-31,3158.19,3192.86,3147.01,3176.53,244730,471093
2012-09-04,3178.82,3190.0,3144.14,3180.54,217810,460702
2012-09-05,3181.4,3187.7,3160.48,3172.52,274980,460183
2012-09-06,3172.52,3243.59,3171.37,3239.0,197260,477150
2012-09-07,3240.15,3251.33,3229.26,3236.14,193980,471221
2012-09-10,3235.28,3237.0,3192.0,3192.0,199220,460041
2012-09-11,3192.0,3209.48,3184.27,3185.98,293000,464897
2012-09-12,3188.28,3210.06,3181.4,3205.47,543860,459318
2012-09-13,3204.9,3258.62,3193.12,3241.67,494990,498429
2012-09-14,3241.1,3285.62,3241.1,3275.28,342310,532511
2012-09-17,3277.58,3277.87,3263.5,3270.69,262300,572318
2012-09-18,3271.26,3279.88,3261.49,3274.99,277930,597830
2012-09-19,3277.58,3293.67,3268.96,3279.02,272020,617317
2012-09-20,3280.45,3284.19,3260.34,3278.73,172770,622311
2012-09-21,3279.88,3299.99,3277.58,3277.87,204710,625198
2012-09-24,3277.29,3283.33,3247.7,3261.49,235180,406966
2012-09-25,3264.08,3278.44,3215.53,3221.27,253330,410237
2012-09-26,3222.42,3225.87,3174.16,3187.95,219270,404178
2012-09-27,3188.52,3241.96,3188.52,3234.2,242780,401407
2012-09-28,3234.2,3239.66,3204.61,3208.35,523140,403923
2012-10-01,3204.9,3243.39,3191.97,3204.04,222240,410396
2012-10-02,3202.6,3226.44,3185.94,3212.08,203390,412593
2012-10-03,3212.08,3237.36,3203.75,3226.73,194760,419468
2012-10-04,3227.88,3252.01,3226.44,3242.24,209870,414747
2012-10-05,3242.82,3264.37,3217.25,3222.42,191470,416878
2012-10-08,3224.72,3226.73,3188.24,3191.68,333500,410201
2012-10-09,3193.12,3202.31,3137.1,3141.7,258890,398792
2012-10-10,3142.85,3152.9,3122.45,3128.77,248090,393801
2012-10-11,3128.48,3154.91,3116.42,3117.85,208170,392619
2012-10-12,3118.43,3135.09,3110.96,3114.12,217880,391285
2012-10-15,3117.56,3144.28,3108.37,3138.54,235610,389374
2012-10-16,3139.97,3191.4,3136.81,3177.61,228360,389596
2012-10-17,3178.18,3193.12,3164.1,3183.64,332970,386199
2012-10-18,3184.21,3187.66,3134.23,3140.26,338310,384764
2012-10-19,3138.25,3145.72,3061.26,3061.26,278350,391954
2012-10-22,3061.83,3094.58,3053.79,3088.55,278356,391954
2012-10-23,3092.28,3097.17,3046.89,3057.24,261600,370909
2012-10-24,3056.66,3080.22,3040.86,3045.74,252970,366737
2012-10-25,3048.04,3072.17,3033.97,3042.87,378550,370472
2012-10-26,3046.89,3067.29,2992.89,3055.51,19105,371363
2012-10-29,3050.34,3054.94,3027.07,3054.94,18475,371526
2012-10-30,3030.52,3053.21,3017.59,3053.21,326950,371266
2012-10-31,3059.25,3075.91,3024.2,3034.25,326957,371154
2012-11-01,3027.07,3089.7,3019.03,3085.1,285613,368414
2012-11-02,3086.54,3095.73,3034.83,3034.83,287960,366795
2012-11-05,3034.25,3072.17,3027.65,3059.25,251323,363407
2012-11-06,3058.1,3093.15,3048.9,3074.76,248073,360969
2012-11-07,3075.91,3088.84,2986.57,2999.21,401693,363830
2012-11-08,3002.37,3014.43,2951.52,2955.54,384444,365763
2012-11-09,2957.26,2996.05,2937.44,2965.31,366660,368475
2012-11-12,2966.46,2984.55,2955.54,2965.88,193660,359711
2012-11-13,2966.74,2971.34,2933.71,2942.32,315357,362170
2012-11-14,2950.37,2971.34,2903.25,2906.7,365345,377367
2012-11-15,2908.71,2919.92,2887.45,2898.08,337168,388007
2012-11-16,2898.94,2917.91,2863.61,2910.72,343051,393479
2012-11-19,2913.02,2981.11,2912.45,2971.05,272145,401315
2012-11-20,2970.19,2983.98,2950.94,2980.24,227511,400482
2012-11-21,2978.52,2990.01,2961.28,2983.12,164738,401264
2012-11-23,2985.7,3032.24,2983.41,3027.07,132957,399907
2012-11-26,3025.64,3046.03,3014.14,3040.29,203414,400534
2012-11-27,3043.45,3055.23,3029.66,3035.12,267037,399627
2012-11-28,3033.68,3062.98,3000.93,3057.24,309154,398974
2012-11-29,3060.68,3089.41,3056.37,3079.64,274407,401287
2012-11-30,3070.45,3090.85,3064.99,3074.76,213605,391607
2012-12-03,3075.05,3100.9,3063.84,3068.15,220599,389411
2012-12-04,3065.57,3074.76,3045.46,3061.83,259550,388338
2012-12-05,3057.81,3078.78,3014.14,3030.81,362780,389580
2012-12-06,3029.08,3058.96,3013.57,3049.77,299288,389748
2012-12-07,3050.92,3071.89,3021.61,3029.08,280006,394996
2012-12-10,3030.23,3057.52,3017.3,3045.74,212379,396485
2012-12-11,3042.3,3098.6,3038.56,3086.25,273752,402918
2012-12-12,3086.83,3098.03,3065.85,3068.44,288553,396465
2012-12-13,3068.44,3090.32,3037.06,3047.72,397470,400424
2012-12-14,3045.7,3060.67,3011.45,3020.37,385067,422603
2012-12-17,3030.44,3068.73,3004.25,3064.99,442353,439358
2012-12-18,3067.86,3116.8,3065.27,3110.47,529635,469488
2012-12-19,3111.04,3124.57,3094.35,3100.68,349093,507349
2012-12-20,3094.92,3111.33,3083.7,3097.22,278436,489702
2012-12-21,3100.1,3103.27,3035.34,3063.26,241761,295782
2012-12-24,3062.68,3065.85,3047.14,3049.73,40389,294127
2012-12-26,3055.2,3061.24,3018.93,3026.41,82847,292397
2012-12-27,3030.16,3037.06,2986.12,3019.51,211585,285428
2012-12-28,3022.38,3028.72,2973.45,2977.48,149090,284228
2012-12-31,2982.37,3068.44,2970.57,3057.21,198783,281304
2013-01-02,3092.91,3157.96,3092.91,3153.35,285973,295143
2013-01-03,3153.64,3162.85,3130.61,3138.1,216628,307654
2013-01-04,3139.25,3150.19,3121.69,3123.71,212869,303867
2013-01-07,3127.45,3134.93,3111.62,3129.18,174832,298416
2013-01-08,3130.33,3137.24,3107.01,3124.86,200810,300637
2013-01-09,3126.01,3143.57,3121.69,3134.07,159095,301694
2013-01-10,3134.64,3158.82,3124.57,3151.34,244804,301207
2013-01-11,3157.67,3159.98,3145.87,3159.11,140412,302976
2013-01-14,3159.4,3166.6,3130.9,3141.84,207515,305100
2013-01-15,3144.43,3145.87,3114.78,3125.15,210657,309462
2013-01-16,3132.63,3151.92,3120.83,3138.67,181671,315751
2013-01-17,3138.96,3168.61,3127.74,3155.37,211224,314930
2013-01-18,3149.61,3156.81,3134.64,3147.6,171017,315472
2013-01-22,3148.17,3172.93,3132.63,3167.46,195857,315830
2013-01-23,3173.79,3187.9,3141.55,3176.67,189342,321039
2013-01-24,3127.45,3158.25,3117.66,3129.75,289666,322178
2013-01-25,3125.15,3154.22,3122.27,3140.98,234415,327586
2013-01-28,3142.7,3163.43,3138.96,3151.92,202450,328406
2013-01-29,3148.75,3162.85,3127.45,3157.96,221706,330228
2013-01-30,3161.13,3168.32,3138.96,3149.9,252083,326065
2013-01-31,3147.89,3161.99,3136.08,3137.52,216946,329351
2013-02-01,3146.73,3182.43,3143.86,3173.79,222784,350128
2013-02-04,3176.96,3176.96,3119.1,3121.98,276042,336145
2013-02-05,3120.25,3176.96,3119.39,3165.44,243183,335692
2013-02-06,3170.34,3174.37,3146.73,3151.63,217845,331437
2013-02-07,3154.22,3164.87,3123.42,3157.1,273458,323827
2013-02-08,3157.1,3199.12,3155.95,3191.64,211396,340022
2013-02-11,3190.77,3201.71,3181.85,3189.91,146520,334955
2013-02-12,3190.2,3194.52,3176.38,3178.69,172658,334566
2013-02-13,3183.87,3202.86,3180.99,3189.62,165089,340647
2013-02-14,3185.59,3195.09,3173.22,3186.17,154995,342291
2013-02-15,3188.47,3197.11,3171.2,3179.26,169880,338477
2013-02-19,3177.53,3207.76,3175.81,3201.71,163126,348464
2013-02-20,3206.03,3208.33,3137.52,3151.92,230917,343679
2013-02-21,3150.19,3155.95,3108.16,3124.86,284858,338173
2013-02-22,3127.16,3153.64,3125.15,3149.9,188685,332792
2013-02-25,3151.05,3183.0,3099.24,3111.33,385555,335159
2013-02-26,3111.33,3129.75,3096.07,3117.66,324487,331754
2013-02-27,3121.4,3175.23,3112.48,3155.37,283703,336900
2013-02-28,3155.95,3179.55,3146.16,3152.49,250549,338472
2013-03-01,3152.49,3168.03,3122.27,3164.87,280152,337078
2013-03-04,3161.13,3182.14,3146.45,3177.82,250169,336176
2013-03-05,3180.7,3228.19,3178.97,3221.86,260364,354078
2013-03-06,3224.74,3234.53,3210.35,3210.35,253536,365185
2013-03-07,3216.4,3229.09,3210.64,3223.03,267167,377397
2013-03-08,3222.46,3248.4,3215.54,3226.2,364136,394464
2013-03-11,3227.65,3238.02,3214.38,3235.14,357774,428983
2013-03-12,3238.02,3238.02,3208.91,3226.49,326788,456616
2013-03-13,3227.36,3232.83,3208.62,3221.3,290457,493110
2013-03-14,3223.03,3237.45,3219.57,3228.8,200281,498637
2013-03-15,3227.93,3234.85,3211.21,3217.84,151637,358181
2013-03-18,3198.82,3225.63,3169.12,3213.81,261526,354001
2013-03-19,3214.1,3228.8,3177.2,3205.16,280868,340205
2013-03-20,3201.99,3236.29,3196.22,3211.79,213764,347305
2013-03-21,3215.25,3215.25,3184.11,3193.92,221286,341764
2013-03-22,3193.34,3228.22,3186.42,3221.3,180414,350593
2013-03-25,3221.3,3242.06,3195.36,3210.64,249391,341819
2013-03-26,3215.25,3233.12,3210.92,3228.51,168872,348334
2013-03-27,3231.39,3235.72,3201.7,3229.95,185718,352900
2013-03-28,3230.24,3245.81,3219.0,3241.48,145546,361092
2013-04-01,3241.48,3246.96,3210.64,3214.96,145813,360269
2013-04-02,3216.98,3255.32,3212.94,3243.5,214289,377618
2013-04-03,3245.23,3251.0,3206.02,3213.81,256777,363878
2013-04-04,3214.96,3230.53,3197.09,3211.5,226614,357909
2013-04-05,3211.5,3212.08,3156.73,3186.13,265301,352785
2013-04-08,3186.42,3215.25,3179.21,3206.89,176146,350460
2013-04-09,3211.21,3240.04,3197.66,3225.92,237584,351702
2013-04-10,3227.65,3295.1,3222.74,3290.2,259111,376922
2013-04-11,3288.76,3296.26,3278.67,3290.2,199368,385352
2013-04-12,3290.78,3293.66,3261.37,3282.13,198998,386599
2013-04-15,3282.42,3287.61,3195.65,3209.77,326475,373021
2013-04-16,3212.65,3268.29,3211.79,3261.09,236678,368562
2013-04-17,3263.97,3263.97,3180.65,3199.39,378592,354136
2013-04-18,3194.78,3214.96,3141.16,3159.03,345299,356252
2013-04-19,3166.82,3205.16,3155.86,3192.19,274031,346514
2013-04-22,3197.09,3243.21,3195.07,3225.63,230648,350612
2013-04-23,3229.66,3278.96,3211.5,3255.32,269351,353662
2013-04-24,3262.82,3272.91,3247.25,3256.47,257114,365449
2013-04-25,3253.88,3291.64,3244.94,3279.54,196654,374334
2013-04-26,3276.08,3280.4,3254.46,3263.97,175210,372500
2013-04-29,3267.72,3311.54,3260.51,3296.55,175357,380158
2013-04-30,3297.7,3325.95,3290.2,3321.05,190684,390625
2013-05-01,3325.66,3329.12,3300.58,3302.02,154337,394691
2013-05-02,3307.21,3356.22,3306.35,3346.42,199490,401659
2013-05-03,3346.42,3399.18,3344.4,3384.47,193314,405031
2013-05-06,3386.49,3406.38,3386.2,3398.89,135023,401177
2013-05-07,3398.89,3409.55,3387.07,3397.73,176594,409077
2013-05-08,3398.02,3419.07,3392.26,3415.32,144689,413009
2013-05-09,3414.45,3434.35,3401.77,3410.99,185533,414614
2013-05-10,3414.74,3434.92,3411.86,3431.17,169602,417627
2013-05-13,3427.43,3445.01,3413.88,3437.52,162271,411162
2013-05-14,3437.81,3465.19,3426.27,3453.95,192753,413475
2013-05-15,3454.53,3468.08,3439.25,3460.58,206175,415682
2013-05-16,3464.33,3481.34,3454.81,3457.41,204179,420102
2013-05-17,3460.58,3492.0,3457.12,3485.66,188246,421598
2013-05-20,3483.93,3496.33,3470.96,3483.64,193482,414218
2013-05-21,3481.91,3501.8,3470.96,3484.22,185674,418325
2013-05-22,3484.51,3521.12,3440.69,3460.58,364815,423022
2013-05-23,3466.63,3469.23,3414.74,3450.49,313745,434931
2013-05-24,3454.53,3462.89,3417.34,3450.49,204568,436688
2013-05-28,3449.34,3501.8,3442.13,3463.46,239479,436070
2013-05-29,3464.9,3469.52,3434.35,3454.24,244528,437350
2013-05-30,3453.66,3488.83,3438.38,3470.96,217561,445428
2013-05-31,3472.11,3485.66,3432.04,3436.65,273419,442965
2013-06-03,3437.52,3453.66,3401.77,3442.71,324652,437657
2013-06-04,3443.86,3467.5,3414.45,3430.31,287619,430036
2013-06-05,3425.7,3433.77,3381.01,3388.51,303987,414125
2013-06-06,3389.37,3406.38,3356.22,3401.19,282666,407699
2013-06-07,3399.75,3450.2,3390.24,3436.94,269487,400204
2013-06-10,3437.52,3464.04,3432.04,3444.44,321830,391883
2013-06-11,3445.3,3446.74,3401.19,3417.34,322012,389245
2013-06-12,3419.64,3435.79,3366.6,3367.46,366702,389460
2013-06-13,3369.2,3424.94,3342.05,3416.28,364955,388451
2013-06-14,3417.43,3422.92,3389.42,3393.17,346617,392904
2013-06-17,3392.59,3448.63,3392.3,3425.23,420745,421814
2013-06-18,3430.43,3463.36,3426.39,3452.67,334194,457197
2013-06-19,3458.16,3464.8,3411.65,3415.41,363771,474907
2013-06-20,3413.68,3415.7,3322.41,3327.32,549461,437028
2013-06-21,3327.61,3349.56,3288.04,3309.99,399220,297623
2013-06-24,3311.72,3316.63,3255.4,3285.73,358869,303475
2013-06-25,3288.32,3320.1,3270.42,3302.19,257867,300143
2013-06-26,3300.74,3342.05,3287.75,3330.78,196351,294360
2013-06-27,3333.96,3371.51,3329.92,3349.85,173489,293507
2013-06-28,3349.27,3375.84,3332.23,3351.87,239245,305780
2013-07-01,3353.6,3404.43,3343.78,3370.06,200630,306405
2013-07-02,3372.66,3398.08,3358.8,3377.28,202891,307520
2013-07-03,3377.28,3407.03,3346.96,3392.59,152059,316269
2013-07-05,3394.04,3432.74,3382.48,3415.7,228942,316442
2013-07-08,3421.48,3440.83,3406.74,3418.3,200400,317772
2013-07-09,3420.9,3448.63,3418.59,3436.21,162518,320019
2013-07-10,3439.67,3473.18,3430.14,3461.62,198676,329453
2013-07-11,3479.24,3532.96,3479.24,3529.5,200929,346809
2013-07-12,3527.19,3547.4,3522.85,3537.58,148472,351945
2013-07-15,3538.45,3554.34,3538.45,3550.29,112537,353298
2013-07-16,3551.45,3558.67,3539.61,3547.69,147268,366666
2013-07-17,3550.58,3565.89,3541.63,3557.51,186229,372519
2013-07-18,3552.89,3566.47,3519.1,3520.83,179625,383669
2013-07-19,3522.57,3522.57,3501.19,3513.03,203232,388153
2013-07-22,3516.5,3529.79,3510.43,3520.83,140935,392092
2013-07-23,3522.85,3535.27,3493.1,3495.99,161820,396217
2013-07-24,3509.86,3532.1,3499.17,3521.41,314867,397186
2013-07-25,3526.61,3533.25,3497.73,3523.72,215009,394738
2013-07-26,3527.19,3550.87,3509.28,3547.4,184105,396823
2013-07-29,3546.83,3556.65,3531.52,3541.63,190072,386210
2013-07-30,3542.21,3575.42,3541.63,3564.73,237294,398917
2013-07-31,3561.27,3587.26,3557.51,3561.85,254432,405312
2013-08-01,3568.49,3608.64,3568.49,3596.22,153837,408843
2013-08-02,3602.57,3625.39,3595.64,3623.08,162669,406582
2013-08-05,3623.37,3627.99,3613.84,3623.08,114792,399593
2013-08-06,3623.08,3627.12,3588.71,3602.28,170270,405851
2013-08-07,3601.99,3604.02,3570.8,3599.97,229122,406916
2013-08-08,3601.42,3623.66,3591.31,3612.68,216114,409224
2013-08-09,3615.28,3621.63,3589.57,3596.79,199841,406754
2013-08-12,3597.08,3615.57,3574.84,3609.21,171526,418286
2013-08-13,3611.52,3636.94,3586.97,3624.23,239289,419004
2013-08-14,3626.26,3632.03,3600.26,3608.35,234471,403718
2013-08-15,3596.51,3598.53,3542.78,3547.98,307315,386335
2013-08-16,3548.85,3569.93,3544.81,3546.54,189127,386388
2013-08-19,3545.09,3582.06,3535.56,3547.4,210993,387910
2013-08-20,3548.27,3578.02,3539.32,3559.54,164177,387693
2013-08-21,3560.4,3580.04,3534.99,3538.16,296564,381136
2013-08-22,3537.58,3589.57,3530.08,3583.51,191101,390545
2013-08-23,3585.53,3612.68,3577.44,3606.04,194487,390127
2013-08-26,3604.88,3636.08,3601.42,3605.75,189788,381201
2013-08-27,3608.64,3610.08,3526.61,3534.7,360842,368216
2013-08-28,3537.01,3563.87,3530.65,3544.81,189099,364498
2013-08-29,3544.81,3591.88,3539.9,3569.36,247237,368371
2013-08-30,3573.98,3585.53,3537.58,3550.87,254266,344034
2013-09-03,3568.49,3596.79,3553.76,3565.89,315034,350631
2013-09-04,3567.33,3617.88,3562.14,3614.12,218406,363854
2013-09-05,3617.88,3625.1,3609.21,3613.84,153723,361217
2013-09-06,3614.41,3639.54,3577.44,3615.57,282905,364058
2013-09-09,3619.32,3668.42,3616.72,3656.58,201044,363277
2013-09-10,3664.09,3684.6,3659.18,3677.09,239865,359909
2013-09-11,3678.82,3684.02,3650.81,3672.18,251600,372598
2013-09-12,3679.7,3685.2,3662.92,3669.57,340580,367348
2013-09-13,3672.18,3677.39,3653.08,3671.89,326486,384415
2013-09-16,3705.47,3720.23,3654.23,3659.73,429535,405194
2013-09-17,3656.84,3692.15,3654.23,3686.36,318375,463690
2013-09-18,3689.26,3739.33,3685.49,3730.07,311733,484892
2013-09-19,3733.25,3748.59,3733.25,3742.22,258672,471224
2013-09-20,3744.25,3752.93,3723.99,3723.99,208515,378268
2013-09-23,3731.23,3747.72,3702.57,3715.31,238009,386724
2013-09-24,3717.62,3740.49,3708.07,3720.23,178350,391382
2013-09-25,3722.54,3728.62,3699.97,3704.89,250516,392757
2013-09-26,3707.78,3745.7,3707.49,3734.99,209718,398897
2013-09-27,3739.33,3743.67,3708.36,3731.52,193441,402998
2013-09-30,3718.2,3731.8,3679.7,3715.31,282506,405966
2013-10-01,3729.49,3764.22,3719.94,3757.57,250445,401871
2013-10-02,3763.93,3763.93,3729.2,3748.3,241557,402785
2013-10-03,3750.91,3760.46,3692.44,3707.49,361797,390129
2013-10-04,3706.33,3750.62,3704.31,3744.83,201555,393762
2013-10-07,3732.67,3742.8,3706.91,3710.68,239211,391219
2013-10-08,3712.41,3721.67,3640.34,3647.87,418272,378129
2013-10-09,3642.66,3663.21,3601.55,3626.74,441977,375796
2013-10-10,3627.03,3715.89,3627.03,3697.36,342599,373630
2013-10-11,3697.36,3740.2,3676.81,3734.41,233450,369843
2013-10-14,3710.68,3768.56,3699.1,3760.75,328420,365447
2013-10-15,3766.83,3778.41,3744.25,3752.07,329059,369896
2013-10-16,3751.78,3793.46,3745.12,3778.98,228567,366672
2013-10-17,3774.64,3829.64,3768.85,3821.82,209850,367871
2013-10-18,3829.35,3876.24,3828.48,3869.29,236157,361968
2013-10-21,3872.47,3892.74,3869.87,3883.18,175190,360873
2013-10-22,3882.03,3910.1,3864.66,3886.08,331188,367286
2013-10-23,3885.5,3886.95,3846.42,3866.98,244439,370749
2013-10-24,3869.58,3913.0,3861.77,3902.87,191513,371583
2013-10-25,3909.52,3928.05,3891.58,3906.05,223052,377778
2013-10-28,3906.63,3926.02,3891.0,3917.05,197357,387807
2013-10-29,3910.68,3927.47,3899.97,3917.92,208830,394689
2013-10-30,3925.15,3938.47,3895.05,3927.47,287822,404117
2013-10-31,3913.29,3929.5,3891.0,3900.55,252757,413656
2013-11-01,3910.1,3923.13,3887.24,3899.39,230352,415947
2013-11-04,3899.39,3921.68,3897.95,3910.39,142777,419219
2013-11-05,3910.97,3925.44,3885.21,3913.0,224593,420610
2013-11-06,3913.29,3934.13,3902.0,3908.66,218101,413534
2013-11-07,3906.34,3921.39,3837.16,3843.24,404550,410080
2013-11-08,3845.85,3893.6,3832.24,3890.71,289446,406723
2013-11-11,3891.87,3896.5,3873.34,3883.47,164968,400211
2013-11-12,3884.05,3897.95,3871.32,3895.34,196207,397285
2013-11-13,3894.18,3944.26,3864.95,3938.76,269446,408967
2013-11-14,3927.76,3954.68,3921.1,3948.6,225792,404398
2013-11-15,3950.62,3961.04,3942.52,3955.55,156638,395358
2013-11-18,3955.55,3966.25,3913.58,3917.92,224059,394014
2013-11-19,3922.26,3937.02,3902.58,3908.08,259569,397534
2013-11-20,3908.37,3934.71,3888.39,3897.66,290902,395591
2013-11-21,3899.1,3943.39,3890.42,3937.02,205861,400997
2013-11-22,3937.31,3962.49,3936.44,3959.6,164165,404963
2013-11-25,3962.49,3979.57,3959.89,3970.02,178043,405755
2013-11-26,3967.41,4001.28,3962.78,3991.15,190202,411044
2013-11-27,3990.86,4020.09,3989.41,4015.75,146842,409331
2013-11-29,4016.33,4048.17,4016.04,4037.75,98339,411297
2013-12-02,4044.11,4053.67,4025.3,4032.54,231485,416844
2013-12-03,4033.41,4039.19,4013.14,4024.14,226740,429079
2013-12-04,4024.72,4045.27,3998.09,4031.96,283710,422600
2013-12-05,4031.96,4042.96,4016.04,4027.62,253256,423639
2013-12-06,4026.75,4064.95,4025.59,4056.85,259654,426574
2013-12-09,4058.01,4080.87,4058.01,4073.64,196795,421867
2013-12-10,4074.51,4080.3,4061.19,4070.74,186803,423461
2013-12-11,4072.48,4077.98,4011.12,4018.06,337804,431180
2013-12-12,4019.51,4028.79,4001.54,4005.89,435644,442462
2013-12-13,4002.99,4027.92,3994.59,4003.86,410778,446303
2013-12-16,4005.02,4047.92,3976.32,4023.28,439171,488398
2013-12-17,4019.8,4033.72,4007.34,4012.56,328725,517029
2013-12-18,4011.4,4069.37,3959.8,4067.92,464610,524815
2013-12-19,4068.21,4072.85,4032.56,4049.66,309676,526318
2013-12-20,4050.53,4101.26,4050.24,4095.46,173636,409853
2013-12-23,4105.6,4136.33,4105.6,4133.14,131171,410428
2013-12-24,4133.72,4142.42,4128.79,4138.94,47470,413523
2013-12-26,4142.42,4154.59,4137.2,4152.85,54015,415458
2013-12-27,4154.01,4159.52,4135.75,4139.52,94822,414126
2013-12-30,4138.94,4143.29,4123.0,4134.3,90223,416126
2013-12-31,4135.17,4167.92,4133.43,4155.17,71638,419637
2014-01-02,4145.89,4149.66,4114.88,4126.76,196563,421836
2014-01-03,4127.92,4135.17,4089.66,4094.59,195463,423236
2014-01-06,4093.43,4104.73,4064.73,4078.65,246024,430600
2014-01-07,4076.91,4124.44,4076.62,4114.59,191752,432342
2014-01-08,4114.01,4138.65,4109.08,4133.14,208209,431080
2014-01-09,4130.82,4147.34,4099.23,4113.43,214770,429274
2014-01-10,4115.75,4141.55,4092.27,4129.37,263464,440905
2014-01-13,4131.4,4135.17,4049.37,4069.08,333050,424734
2014-01-14,4069.95,4146.76,4061.83,4143.58,293446,431180
2014-01-15,4143.58,4185.9,4140.1,4171.98,234501,428253
2014-01-16,4172.27,4183.58,4167.05,4168.5,162081,427494
2014-01-17,4170.82,4184.45,4144.15,4156.33,256212,425618
2014-01-21,4156.04,4187.92,4147.92,4185.03,210520,423596
2014-01-22,4182.42,4208.21,4179.81,4197.78,184724,428228
2014-01-23,4203.58,4214.88,4152.56,4189.95,286576,427444
2014-01-24,4189.37,4198.65,4090.24,4095.46,379929,424113
2014-01-27,4094.88,4110.24,4026.47,4061.54,444813,426237
2014-01-28,4022.12,4071.98,4018.35,4059.23,298071,428422
2014-01-29,4073.72,4091.69,4005.02,4026.76,397217,429870
2014-01-30,4034.88,4101.26,4024.44,4060.38,315966,422799
2014-01-31,4081.25,4096.04,4034.01,4074.3,327660,418202
2014-02-03,4074.3,4092.56,3971.4,3976.9,439144,409037
2014-02-04,3987.92,4027.63,3978.64,4002.41,325698,397238
2014-02-05,4002.41,4015.46,3956.03,3994.88,357396,393100
2014-02-06,4000.38,4057.2,3997.48,4043.28,268008,388607
2014-02-07,4047.34,4129.66,4034.3,4125.31,368706,382532
2014-02-10,4127.92,4150.82,4116.62,4147.92,205316,396643
2014-02-11,4149.95,4204.16,4149.08,4188.79,250420,405971
2014-02-12,4187.92,4212.85,4185.9,4202.42,253206,415035
2014-02-13,4200.97,4238.94,4170.24,4233.14,288271,434997
2014-02-14,4232.56,4252.85,4218.07,4244.74,213122,433004
2014-02-18,4243.58,4272.27,4236.62,4260.97,220898,436373
2014-02-19,4262.13,4266.19,4226.48,4237.2,278025,442772
2014-02-20,4237.2,4263.29,4218.36,4256.91,270220,448999
2014-02-21,4256.91,4274.59,4244.45,4248.8,187359,448203
2014-02-24,4250.24,4291.69,4237.78,4276.04,208320,456061
2014-02-25,4273.43,4286.77,4253.43,4276.62,237540,460568
2014-02-26,4279.81,4292.56,4246.48,4259.52,271776,453916
2014-02-27,4267.06,4295.75,4245.03,4291.69,265733,460460
2014-02-28,4294.3,4316.04,4249.37,4284.45,326960,476158
2014-03-03,4264.45,4266.48,4216.91,4253.72,381494,472103
2014-03-04,4256.33,4316.91,4254.88,4309.38,264640,475074
2014-03-05,4311.41,4327.64,4304.45,4322.71,207244,469869
2014-03-06,4326.48,4333.14,4300.68,4315.46,219415,467098
2014-03-07,4317.78,4336.91,4273.43,4294.88,304298,465937
2014-03-10,4291.69,4303.87,4271.4,4298.65,194557,467161
2014-03-11,4298.65,4320.1,4267.93,4276.62,269254,467493
2014-03-12,4277.49,4301.55,4245.32,4297.78,362657,475922
2014-03-13,4299.23,4316.08,4215.89,4233.6,596000,484217
2014-03-14,4235.92,4245.22,4204.27,4206.3,536639,497073
2014-03-17,4206.88,4266.71,4184.23,4241.73,391253,512708
2014-03-18,4244.35,4300.69,4228.37,4292.26,485765,545164
2014-03-19,4293.14,4304.17,4242.89,4268.16,443774,538019
2014-03-20,4267.58,4295.75,4248.41,4288.2,302281,540402
2014-03-21,4286.75,4312.88,4221.11,4227.21,379215,372128
2014-03-24,4228.66,4248.12,4153.45,4194.69,400268,376965
2014-03-25,4197.59,4242.31,4171.45,4209.5,364895,378710
2014-03-26,4208.05,4237.09,4147.93,4150.25,352903,379936
2014-03-27,4156.06,4164.77,4106.69,4128.76,443728,378345
2014-03-28,4135.44,4183.36,4125.57,4138.93,313498,378370
2014-03-31,4149.96,4194.98,4149.96,4165.94,297699,368960
2014-04-01,4162.45,4243.18,4156.93,4240.28,265494,366668
2014-04-02,4240.57,4261.48,4231.28,4249.57,239838,359647
2014-04-03,4249.57,4262.06,4192.36,4217.63,272398,355339
2014-04-04,4223.73,4248.99,4092.17,4109.31,613498,369682
2014-04-07,4111.63,4115.4,4036.12,4064.87,511991,378813
2014-04-08,4067.78,4107.56,4054.71,4098.85,400209,371802
2014-04-09,4099.14,4175.23,4096.24,4171.45,332770,361034
2014-04-10,4174.07,4181.33,4031.19,4042.51,528181,366027
2014-04-11,4048.32,4058.48,3986.17,4000.69,533732,360261
2014-04-14,3991.11,4048.32,3978.91,4031.19,383313,360241
2014-04-15,4032.06,4066.91,3955.1,4055.58,597830,350529
2014-04-16,4063.13,4094.2,4041.93,4067.49,400494,341544
2014-04-17,4072.13,4115.11,4057.03,4092.75,269161,336388
2014-04-21,4094.79,4128.76,4085.2,4125.28,152234,332191
2014-04-22,4128.18,4168.55,4118.89,4164.48,214109,328921
2014-04-23,4163.9,4172.62,4119.18,4129.05,249741,333412
2014-04-24,4176.97,4203.11,4116.86,4164.19,393100,347128
2014-04-25,4167.97,4170.0,4084.91,4101.17,330415,344233
2014-04-28,4107.56,4138.35,4043.09,4113.08,481671,348226
2014-04-29,4113.95,4148.51,4100.59,4139.8,306735,348922
2014-04-30,4132.25,4156.35,4111.05,4150.83,288921,347840
2014-05-01,4155.19,4188.3,4147.64,4166.52,195284,346064
2014-05-02,4169.71,4187.14,4146.48,4157.8,297587,349639
2014-05-05,4162.45,4179.58,4121.5,4171.16,235406,349927
2014-05-06,4176.1,4186.26,4120.05,4124.99,261067,347676
2014-05-07,4124.99,4142.99,4062.84,4112.79,447428,351488
2014-05-08,4111.34,4158.39,4087.23,4109.31,388660,351665
2014-05-09,4104.66,4126.44,4077.94,4121.5,319956,347182
2014-05-12,4122.95,4195.56,4121.79,4190.91,246896,359090
2014-05-13,4195.27,4210.08,4185.97,4192.07,221835,361384
2014-05-14,4194.11,4199.33,4162.45,4177.55,234756,357170
2014-05-15,4181.04,4189.75,4112.5,4139.22,398968,356403
2014-05-16,4139.51,4169.71,4115.69,4161.87,294895,357395
2014-05-19,4166.52,4202.24,4141.83,4197.3,221288,362833
2014-05-20,4194.98,4209.5,4163.9,4177.84,298328,353944
2014-05-21,4180.75,4223.44,4174.07,4220.82,260524,365168
2014-05-22,4218.5,4251.32,4218.21,4237.67,218921,367432
2014-05-23,4237.96,4271.35,4234.47,4269.03,167842,347038
2014-05-27,4273.68,4324.79,4271.94,4322.76,204560,350156
2014-05-28,4321.89,4333.21,4306.78,4316.66,225452,355747
2014-05-29,4316.95,4341.34,4313.46,4339.31,186089,360684
2014-05-30,4339.02,4345.12,4315.79,4339.31,215333,361943
2014-06-02,4338.73,4346.28,4306.49,4330.02,226993,368035
2014-06-03,4330.6,4339.6,4314.34,4333.79,184624,368538
2014-06-04,4336.12,4355.28,4314.34,4348.31,190386,369082
2014-06-05,4348.6,4393.33,4337.57,4386.65,287841,368926
2014-06-06,4388.1,4414.53,4386.07,4411.91,202481,364077
2014-06-09,4414.24,4417.72,4394.49,4406.98,152625,362148
2014-06-10,4405.52,4417.43,4396.52,4414.82,164222,364774
2014-06-11,4416.56,4419.75,4390.42,4412.2,227531,370114
2014-06-12,4413.08,4421.51,4357.8,4380.78,408629,377323
2014-06-13,4383.11,4397.66,4367.69,4386.02,406002,406078
2014-06-16,4383.69,4402.89,4364.2,4390.09,377135,439108
2014-06-17,4390.38,4405.8,4379.04,4389.8,375265,479164
2014-06-18,4390.97,4422.39,4369.73,4417.15,355751,506398
2014-06-19,4415.99,4425.88,4392.13,4409.29,259206,485925
2014-06-20,4405.8,4421.51,4404.35,4414.24,158979,339134
2014-06-23,4413.08,4430.53,4404.93,4415.69,161663,339226
2014-06-24,4412.79,4454.68,4400.28,4415.69,281755,342676
2014-06-25,4413.08,4449.44,4402.31,4439.26,249998,350137
2014-06-26,4436.93,4447.7,4409.29,4442.46,239793,346094
2014-06-27,4441.88,4466.03,4431.4,4458.75,183185,352001
2014-06-30,4458.75,4481.74,4454.39,4469.23,155090,350357
2014-07-01,4476.79,4532.07,4474.17,4520.72,195886,358922
2014-07-02,4521.59,4534.39,4518.68,4526.54,150420,358092
2014-07-03,4527.41,4559.41,4524.79,4556.79,121790,359668
2014-07-07,4553.3,4557.96,4533.81,4543.41,175910,359266
2014-07-08,4544.28,4546.32,4470.1,4495.7,331832,360969
2014-07-09,4495.99,4527.7,4487.84,4521.59,245017,368438
2014-07-10,4522.76,4526.25,4458.75,4507.92,317799,375412
2014-07-11,4508.5,4537.3,4505.59,4535.56,201050,373326
2014-07-14,4536.14,4574.25,4535.85,4560.87,164013,362256
2014-07-15,4564.65,4577.45,4515.19,4553.01,332567,358224
2014-07-16,4557.67,4586.18,4553.59,4564.65,215449,360320
2014-07-17,4560.58,4570.47,4491.04,4510.54,380742,361403
2014-07-18,4504.14,4580.07,4484.94,4573.67,292724,371234
2014-07-21,4572.8,4578.32,4549.81,4568.43,220104,363496
2014-07-22,4566.98,4607.71,4566.1,4597.23,199174,362936
2014-07-23,4590.54,4635.34,4589.96,4626.33,209819,366722
2014-07-24,4629.24,4644.65,4612.36,4621.96,210044,365044
2014-07-25,4611.49,4614.69,4582.11,4603.05,210708,364280
2014-07-28,4601.31,4620.22,4572.21,4608.29,219740,368143
2014-07-29,4606.54,4628.65,4594.91,4599.27,220274,373435
2014-07-30,4605.09,4635.05,4600.43,4618.18,275643,376339
2014-07-31,4618.47,4620.22,4517.23,4520.72,424182,369121
2014-08-01,4527.41,4539.92,4477.37,4507.34,463197,369945
2014-08-04,4507.05,4556.79,4500.35,4534.68,251396,361794
2014-08-05,4532.36,4538.76,4482.32,4505.59,357097,361091
2014-08-06,4508.79,4528.28,4470.97,4502.1,293041,363135
2014-08-07,4502.68,4529.74,4469.52,4488.14,330335,356324
2014-08-08,4486.68,4523.05,4452.93,4507.63,316279,354130
2014-08-11,4508.21,4559.12,4507.92,4544.28,179005,351082
2014-08-12,4547.19,4558.54,4518.97,4542.54,221421,344332
2014-08-13,4545.45,4596.07,4541.08,4591.71,202541,354054
2014-08-14,4592.58,4623.71,4584.43,4617.6,177794,357332
2014-08-15,4623.42,4648.44,4593.45,4637.38,363520,355581
2014-08-18,4644.36,4677.53,4644.36,4670.26,160302,357735
2014-08-19,4674.62,4701.97,4673.17,4694.69,151670,358871
2014-08-20,4697.31,4708.95,4688.29,4700.8,164238,361105
2014-08-21,4701.09,4711.86,4692.95,4710.11,145680,363584
2014-08-22,4710.4,4725.82,4697.31,4718.55,213172,363010
2014-08-25,4721.75,4746.19,4720.88,4728.73,169660,362378
2014-08-26,4729.61,4742.99,4726.7,4738.92,147975,360386
2014-08-27,4740.37,4744.44,4728.73,4739.5,129327,364371
2014-08-28,4738.04,4742.7,4718.26,4736.01,167468,368055
2014-08-29,4742.7,4754.92,4726.99,4750.26,169295,371253
2014-09-02,4746.48,4766.55,4743.28,4761.9,197200,367413
2014-09-03,4762.77,4787.21,4727.57,4738.33,268753,368369
2014-09-04,4738.33,4772.37,4720.3,4735.42,285292,377255
2014-09-05,4738.92,4761.32,4715.35,4755.5,288463,375869
2014-09-08,4755.5,4777.03,4742.7,4763.06,213313,369385
2014-09-09,4762.48,4783.43,4716.8,4731.64,405240,365790
2014-09-10,4731.06,4766.84,4718.55,4763.06,284602,372228
2014-09-11,4764.23,4766.85,4724.59,4760.73,416354,379506
2014-09-12,4767.73,4768.02,4720.51,4735.66,489618,397195
2014-09-15,4723.42,4743.24,4675.62,4693.11,529809,443676
2014-09-16,4694.28,4740.91,4668.34,4731.29,502179,507520
2014-09-17,4728.67,4761.31,4709.14,4739.45,389621,525891
2014-09-18,4746.16,4779.68,4734.5,4775.89,259189,520806
2014-09-19,4778.51,4801.83,4751.99,4771.81,279664,382010
2014-09-22,4770.35,4770.64,4705.06,4724.88,295693,377628
2014-09-23,4715.26,4734.5,4695.73,4706.52,276991,377838
2014-09-24,4700.4,4768.31,4699.52,4765.69,278425,385669
2014-09-25,4762.77,4766.56,4661.34,4672.13,442991,375717
2014-09-26,4669.21,4722.26,4665.42,4716.72,310113,375063
2014-09-29,4716.72,4723.13,4661.05,4704.77,350665,369004
2014-09-30,4702.73,4738.87,4691.65,4715.55,334788,378107
2014-10-01,4705.64,4717.01,4623.16,4642.98,436194,377962
2014-10-02,4641.81,4657.55,4579.15,4637.73,440009,375027
2014-10-03,4633.65,4703.9,4628.99,4682.04,286201,377719
2014-10-06,4684.08,4710.6,4659.01,4671.54,338381,373262
2014-10-07,4665.13,4675.33,4603.92,4612.38,383885,375071
2014-10-08,4609.17,4712.06,4582.65,4698.94,467092,371819
2014-10-09,4697.19,4719.05,4601.59,4628.7,595862,370904
2014-10-10,4602.76,4624.91,4489.67,4492.0,675773,378791
2014-10-13,4486.76,4530.18,4422.64,4428.46,636336,376749
2014-10-14,4427.88,4491.71,4422.05,4443.91,602829,365555
2014-10-15,4457.9,4466.94,4303.43,4374.25,831557,358493
2014-10-16,4373.09,4414.47,4294.98,4362.01,696043,344490
2014-10-17,4369.59,4477.43,4362.59,4434.88,478453,325856
2014-10-20,4443.91,4521.15,4422.34,4507.16,316038,322005
2014-10-21,4523.77,4635.11,4483.84,4630.16,382745,322938
2014-10-22,4628.99,4643.56,4592.85,4604.22,343715,318674
2014-10-23,4601.59,4692.24,4592.85,4669.5,348292,319435
2014-10-24,4658.43,4708.27,4628.99,4703.9,288960,320044
2014-10-27,4705.06,4721.38,4674.46,4707.98,276247,321083
2014-10-28,4711.18,4779.68,4707.39,4772.97,259043,327867
2014-10-29,4757.52,4775.59,4727.21,4747.61,341109,327992
2014-10-30,4747.61,4782.88,4713.51,4767.73,367175,338576
2014-10-31,4770.06,4854.0,4768.02,4838.84,313523,330296
2014-11-03,4838.55,4865.95,4828.93,4846.71,215147,337003
2014-11-04,4847.0,4854.87,4802.99,4830.68,260251,340285
2014-11-05,4832.14,4868.86,4819.31,4829.52,271105,341001
2014-11-06,4831.56,4858.08,4815.23,4853.12,233540,348277
2014-11-07,4855.16,4872.94,4821.94,4839.13,230030,343616
2014-11-10,4841.47,4871.49,4831.26,4861.87,165284,347963
2014-11-11,4862.16,4880.52,4852.25,4877.02,134742,347041
2014-11-12,4877.02,4895.09,4857.5,4891.89,203094,352669
2014-11-13,4888.97,4928.03,4886.64,4902.38,295472,356856
2014-11-14,4900.34,4926.57,4891.6,4922.2,218998,356610
2014-11-17,4923.66,4925.11,4886.64,4910.83,231522,357515
2014-11-18,4912.0,4953.39,4900.05,4940.85,215433,365218
2014-11-19,4941.15,4946.1,4901.51,4924.24,237279,365238
2014-11-20,4924.24,4952.8,4898.59,4949.01,215254,373135
2014-11-21,4949.6,4995.07,4940.27,4953.97,286441,374440
2014-11-24,4954.55,4997.69,4952.51,4992.15,158832,373404
2014-11-25,4992.15,5016.93,4986.03,5004.39,169875,369453
2014-11-26,5006.14,5040.82,5002.06,5033.83,136439,370142
2014-11-28,5040.53,5069.1,5027.71,5057.73,135211,370918
2014-12-01,5048.99,5054.52,4982.24,4997.4,327024,375756
2014-12-02,4997.98,5030.33,4995.65,5019.55,228063,381828
2014-12-03,5022.46,5036.45,4998.56,5025.38,193653,372905
2014-12-04,5027.13,5046.36,5005.27,5028.87,250113,372731
2014-12-05,5028.29,5044.32,5016.34,5028.58,200863,373463
2014-12-08,5029.75,5036.74,4965.34,4988.65,324720,379007
2014-12-09,4993.03,5011.39,4916.08,5002.35,351094,384883
2014-12-10,5002.35,5011.1,4918.7,4928.03,419484,384500
2014-12-11,4928.32,5011.77,4921.32,4940.28,565765,391016
2014-12-12,4937.07,4961.88,4883.39,4885.43,648193,387861
2014-12-15,4884.26,4941.74,4833.2,4855.67,775245,409681
2014-12-16,4858.0,4890.1,4762.88,4765.79,826002,447772
2014-12-17,4771.63,4870.55,4763.75,4854.79,593917,461994
2014-12-18,4854.79,4985.8,4843.99,4975.59,446919,459414
2014-12-19,4982.01,5024.03,4966.84,4998.64,290175,344828
2014-12-22,4997.77,5020.23,4990.76,5009.15,164861,341827
2014-12-23,5010.31,5032.78,4989.3,4993.1,148445,340204
2014-12-24,4993.1,5017.02,4991.35,4998.35,46182,337745
2014-12-26,4997.77,5044.45,4997.77,5030.74,61116,336117
2014-12-29,5036.28,5042.99,5016.73,5031.61,102439,334391
2014-12-30,5037.74,5039.78,4988.14,4998.64,110133,334697
2014-12-31,4998.93,5024.61,4934.74,4940.28,146947,334666
