,Open,High,Low,Close,Volume,OpenInterest
2002-11-26,441.72,442.49,433.74,436.58,7224,14429
2002-11-27,438.99,448.83,438.44,447.3,6173,15317
2002-11-29,447.3,451.34,441.07,444.35,3098,15358
2002-12-02,443.25,455.17,443.25,447.19,6689,15347
2002-12-03,447.08,447.08,437.9,439.21,7238,14690
2002-12-04,438.99,438.99,430.35,435.49,7207,14461
2002-12-05,434.62,438.77,429.7,431.12,5782,14595
2002-12-06,427.51,435.6,426.31,432.98,7161,14999
2002-12-09,430.02,431.88,421.5,421.5,7158,14865
2002-12-10,421.5,431.55,421.5,430.57,5906,14650
2002-12-11,429.7,433.19,427.51,430.46,6772,15383
2002-12-12,432.87,434.51,429.37,430.9,6614,16709
2002-12-13,430.9,432.98,423.02,423.68,4421,16877
2002-12-16,425.32,432.32,425.32,431.99,5503,17479
2002-12-17,431.01,432.1,426.31,427.29,6534,17118
2002-12-18,427.62,430.13,418.43,419.74,5134,16893
2002-12-19,422.7,425.43,416.24,418.65,8191,4943
2002-12-20,421.6,424.77,419.74,423.57,4188,5733
2002-12-23,427.07,427.4,421.49,427.07,2880,6880
2002-12-24,426.85,428.27,423.57,425.1,1795,7210
2002-12-26,425.43,429.81,423.79,424.88,2802,6995
2002-12-27,427.07,427.07,418.1,418.32,3672,6730
2002-12-30,423.79,423.79,414.49,418.87,4912,5700
2002-12-31,418.21,424.12,415.59,419.09,7983,6309
2003-01-02,420.73,429.26,417.99,428.16,5578,5936
2003-01-03,428.16,429.15,424.67,429.04,6322,6502
2003-01-06,432.87,435.49,426.63,431.77,6112,6291
2003-01-07,432.21,434.07,426.74,429.81,9209,7272
2003-01-08,429.48,429.48,424.56,426.52,8992,8118
2003-01-09,427.73,434.4,426.52,432.32,8868,7795
2003-01-10,433.09,435.6,426.96,432.98,6306,7884
2003-01-13,434.51,438.34,429.48,434.51,8526,8795
2003-01-14,434.73,436.8,431.45,433.63,6395,8677
2003-01-15,433.74,435.93,429.81,432.87,7927,9602
2003-01-16,433.2,436.8,430.35,431.99,8627,9393
2003-01-17,433.09,436.91,422.48,424.56,6674,10696
2003-01-21,424.12,426.09,417.88,418.21,6363,11547
2003-01-22,419.31,419.42,414.17,415.59,7761,12270
2003-01-23,417.78,420.4,414.82,417.01,7208,13135
2003-01-24,417.23,417.78,408.48,408.48,8365,14176
2003-01-27,409.03,410.01,401.37,401.37,6914,14798
2003-01-28,402.46,408.37,398.96,405.64,11256,16827
2003-01-29,405.64,410.89,395.14,408.37,10661,18324
2003-01-30,409.57,410.12,400.28,400.82,9589,20729
2003-01-31,400.28,408.48,398.31,406.95,8993,21112
2003-02-03,409.03,409.03,403.12,404.0,7071,21322
2003-02-04,403.56,413.4,397.54,405.2,8249,22395
2003-02-05,404.21,406.07,398.75,401.7,8539,22610
2003-02-06,401.92,401.92,396.23,398.64,6890,23793
2003-02-07,399.18,402.46,390.98,392.07,8570,26263
2003-02-10,393.71,395.68,388.68,394.92,9629,28493
2003-02-11,396.45,396.78,389.67,394.81,12439,32461
2003-02-12,394.26,394.37,387.37,388.14,6985,32643
2003-02-13,389.23,390.0,383.22,388.03,7482,32890
2003-02-14,387.59,392.4,386.28,392.18,6934,32469
2003-02-18,392.51,399.73,392.51,399.73,6770,32102
2003-02-19,397.87,398.42,391.09,393.71,7928,31926
2003-02-20,394.37,395.03,391.42,392.95,5676,31783
2003-02-21,392.18,399.18,390.32,396.01,9256,32074
2003-02-24,395.14,396.01,389.67,391.31,9312,33132
2003-02-25,388.68,395.9,385.95,395.9,10418,33089
2003-02-26,394.59,394.59,389.23,392.07,8522,33044
2003-02-27,393.17,396.34,390.65,394.48,10155,33051
2003-02-28,395.36,397.76,392.84,394.26,7340,33608
2003-03-03,396.45,399.18,390.54,393.5,8717,35086
2003-03-04,393.28,393.28,388.03,388.57,5222,35318
2003-03-05,386.61,391.09,386.61,388.47,8013,33248
2003-03-06,387.26,388.36,383.43,387.15,5711,33504
2003-03-07,386.72,389.12,381.79,387.59,8042,33540
2003-03-10,386.28,386.28,379.28,380.26,7544,35051
2003-03-11,379.5,383.76,377.86,378.73,7414,35096
2003-03-12,380.37,380.59,374.79,378.4,8989,36001
2003-03-13,381.36,389.36,380.05,389.36,9654,33884
2003-03-14,390.34,391.55,386.4,389.25,11296,34603
2003-03-17,387.17,399.21,385.08,398.12,16012,37231
2003-03-18,397.13,403.7,396.58,403.48,11739,38996
2003-03-19,403.05,405.57,398.77,402.83,10034,40363
2003-03-20,398.77,406.66,395.93,405.02,11218,41174
2003-03-21,406.22,412.03,405.35,410.71,9850,13902
2003-03-24,403.05,409.51,399.76,401.95,10461,15747
2003-03-25,401.84,407.87,401.18,406.77,12535,17259
2003-03-26,407.65,407.65,401.29,401.4,8644,16837
2003-03-27,401.07,405.24,398.88,403.92,8376,17566
2003-03-28,402.94,406.22,401.73,403.37,5923,17921
2003-03-31,398.77,402.94,395.27,399.21,12020,17921
2003-04-01,395.93,403.7,394.72,403.59,9230,18373
2003-04-02,408.08,412.9,406.99,410.71,9049,18186
2003-04-03,407.76,415.64,407.76,410.49,8419,18041
2003-04-04,410.49,414.98,408.08,409.07,8026,17944
2003-04-07,412.9,419.91,410.38,410.71,10130,17947
2003-04-08,411.81,411.92,408.08,409.95,7727,17385
2003-04-09,410.17,415.2,405.24,408.19,17115,19698
2003-04-10,407.76,409.51,406.11,408.96,8943,20600
2003-04-11,411.15,411.7,404.91,406.88,10550,20047
2003-04-14,407.43,413.45,406.99,413.23,9953,21118
2003-04-15,413.89,416.74,409.73,416.08,9012,20069
2003-04-16,418.49,420.24,412.03,412.57,9706,20623
2003-04-17,412.9,420.02,412.68,418.38,8867,21034
2003-04-21,420.57,422.32,418.16,422.21,7528,21341
2003-04-22,421.67,428.89,418.6,427.25,12211,21111
2003-04-23,427.8,434.15,427.8,432.62,10008,21354
2003-04-24,433.17,433.17,427.8,429.55,10074,20418
2003-04-25,429.77,430.21,423.86,425.83,6935,20651
2003-04-28,426.37,433.27,425.5,431.08,12710,21365
2003-04-29,431.19,436.78,431.08,433.17,11426,23284
2003-04-30,433.17,438.2,431.3,436.67,10067,23560
2003-05-01,435.47,437.11,430.76,437.11,5956,23210
2003-05-02,442.58,446.31,433.49,446.09,12454,26102
2003-05-05,447.18,449.27,446.09,448.39,11181,27989
2003-05-06,449.05,453.1,448.17,451.89,10829,27460
2003-05-07,451.46,452.22,448.61,449.92,10836,27874
2003-05-08,449.37,451.78,444.88,446.75,9930,27476
2003-05-09,446.75,452.33,446.75,451.89,7734,27061
2003-05-12,451.57,458.03,451.57,457.59,8903,27836
2003-05-13,457.92,460.87,454.08,459.78,11639,29037
2003-05-14,459.23,461.42,457.48,459.78,10252,30693
2003-05-15,460.0,463.07,459.12,462.74,11152,31991
2003-05-16,461.09,462.19,455.62,456.6,9084,31340
2003-05-19,455.62,456.71,447.07,447.73,12104,29599
2003-05-20,447.73,451.02,444.01,447.07,13270,28688
2003-05-21,446.64,449.7,445.21,448.83,8939,27968
2003-05-22,449.81,454.85,448.83,453.97,10381,27031
2003-05-23,454.96,458.47,451.67,457.92,6450,26729
2003-05-27,455.95,468.54,455.95,468.54,9893,27146
2003-05-28,467.88,472.81,467.88,471.28,9692,28876
2003-05-29,471.5,476.97,470.29,475.0,14846,31916
2003-05-30,474.46,483.44,474.46,483.11,11949,33869
2003-06-02,483.55,490.67,483.22,484.97,12680,33285
2003-06-03,481.9,487.16,481.9,486.28,9805,34148
2003-06-04,487.27,495.05,485.85,493.73,9362,36335
2003-06-05,492.97,501.07,489.79,500.63,8879,37228
2003-06-06,501.62,510.6,495.81,496.47,15457,37011
2003-06-09,503.81,503.81,485.85,486.61,10294,35415
2003-06-10,486.61,494.5,486.61,493.95,14111,38852
2003-06-11,495.59,499.65,489.68,499.43,15559,42030
2003-06-12,501.62,503.7,497.89,501.62,15098,41105
2003-06-13,501.29,501.84,491.98,493.95,12249,42560
2003-06-16,494.17,501.4,494.06,500.41,16593,44434
2003-06-17,502.71,503.7,497.67,501.29,15116,45483
2003-06-18,501.29,502.71,497.34,501.4,12586,44409
2003-06-19,502.38,504.36,492.3,493.95,18502,43092
2003-06-20,494.82,497.02,489.35,489.46,8679,43347
2003-06-23,485.4,492.85,479.92,480.69,14677,14299
2003-06-24,480.8,484.74,477.51,481.57,13832,14125
2003-06-25,482.66,488.69,478.28,484.31,14515,14578
2003-06-26,483.98,493.84,483.98,492.85,15164,15827
2003-06-27,490.22,498.99,485.95,489.56,18753,15198
2003-06-30,490.66,495.92,485.18,491.32,21321,16853
2003-07-01,488.36,492.63,481.79,491.87,17083,17654
2003-07-02,491.43,503.48,491.43,503.48,13430,17411
2003-07-03,502.49,503.15,497.56,499.1,9977,17298
2003-07-07,502.27,510.6,500.63,509.73,15064,17052
2003-07-08,509.84,520.24,508.19,518.05,14619,16436
2003-07-09,517.72,523.97,514.66,523.75,19716,18627
2003-07-10,521.34,522.11,511.7,512.79,14077,18797
2003-07-11,512.79,520.24,512.68,520.14,12456,18518
2003-07-14,523.42,528.46,521.89,524.08,14234,18684
2003-07-15,524.74,529.12,518.82,523.53,15088,18326
2003-07-16,525.39,529.12,516.52,519.04,11955,18918
2003-07-17,520.46,520.46,502.06,502.17,14019,19174
2003-07-18,502.93,509.62,502.71,506.88,12519,18932
2003-07-21,507.21,508.08,498.88,501.73,15133,20077
2003-07-22,498.55,509.94,498.55,507.64,18254,20677
2003-07-23,506.55,511.7,502.93,511.7,15190,20780
2003-07-24,510.93,517.94,508.63,510.05,15778,19922
2003-07-25,506.11,515.09,506.11,513.45,16673,20756
2003-07-28,514.22,521.01,513.23,520.57,14471,20933
2003-07-29,520.79,522.44,513.34,520.57,17700,21166
2003-07-30,520.35,521.56,514.88,517.72,14891,21979
2003-07-31,517.29,525.18,517.29,521.67,18666,23217
2003-08-01,520.35,521.12,510.27,511.48,16650,26966
2003-08-04,511.48,513.67,503.04,507.32,20476,27832
2003-08-05,507.64,508.85,497.45,498.44,14610,28985
2003-08-06,498.11,501.84,494.6,495.04,15677,30227
2003-08-07,495.26,498.0,491.54,498.0,16195,32246
2003-08-08,497.78,498.88,494.28,497.34,10011,32698
2003-08-11,497.34,503.92,496.14,503.92,12192,33607
2003-08-12,503.92,511.7,501.62,511.7,14636,33365
2003-08-13,512.57,514.77,509.4,513.78,13532,34144
2003-08-14,513.34,517.18,510.05,514.99,11464,34934
2003-08-15,512.47,519.37,510.6,516.63,5677,34314
2003-08-18,517.72,528.68,517.18,527.04,13047,35515
2003-08-19,526.16,537.12,526.16,536.13,14518,33641
2003-08-20,535.8,537.34,530.65,536.68,13561,34095
2003-08-21,536.9,541.83,535.91,540.3,14406,33482
2003-08-22,541.06,547.86,531.2,531.2,18866,35928
2003-08-25,530.33,532.74,525.94,530.87,11949,36103
2003-08-26,530.87,533.39,521.89,533.06,16706,37367
2003-08-27,532.85,538.65,531.75,538.0,9173,36927
2003-08-28,538.43,542.93,533.06,541.28,17050,39428
2003-08-29,541.28,546.98,540.84,545.12,8065,40439
2003-09-02,547.86,556.73,543.47,555.86,19683,38869
2003-09-03,555.86,561.01,555.86,559.36,15402,39551
2003-09-04,558.92,561.88,556.07,560.79,14433,39607
2003-09-05,561.33,564.62,555.09,557.5,21152,41464
2003-09-08,557.83,567.14,557.5,565.39,20007,40863
2003-09-09,565.72,567.03,560.35,561.33,15972,41177
2003-09-10,561.44,561.44,549.39,549.94,24158,42396
2003-09-11,549.72,557.39,548.73,555.09,22613,45255
2003-09-12,554.21,559.25,548.4,557.28,20066,46626
2003-09-15,558.82,562.32,555.2,556.95,23159,47847
2003-09-16,556.4,565.39,555.09,564.63,21001,48471
2003-09-17,565.17,566.6,561.45,563.97,18977,46730
2003-09-18,564.52,570.66,561.12,569.56,14864,47042
2003-09-19,570.33,571.1,566.6,568.35,11823,48003
2003-09-22,566.05,566.05,559.14,561.01,19539,13754
2003-09-23,561.34,569.45,561.34,569.45,17775,15238
2003-09-24,568.68,570.33,554.98,555.09,21532,15438
2003-09-25,554.76,558.93,540.18,540.18,23491,16814
2003-09-26,541.05,542.15,529.87,530.09,23488,17833
2003-09-29,532.72,540.95,526.8,540.73,27183,17021
2003-09-30,539.41,540.95,528.23,532.5,35067,18986
2003-10-01,532.39,548.29,531.85,547.74,29983,18742
2003-10-02,547.85,553.66,546.43,553.11,21890,17941
2003-10-03,552.57,563.42,551.25,562.43,21391,18816
2003-10-06,559.69,566.82,558.82,566.16,12567,19863
2003-10-07,566.82,570.77,561.78,569.56,22408,21591
2003-10-08,569.12,572.52,562.65,564.96,22946,20786
2003-10-09,566.49,581.07,564.85,570.44,24547,21262
2003-10-10,570.44,572.85,563.86,570.99,17495,22831
2003-10-13,570.66,580.74,569.89,579.21,14794,24761
2003-10-14,579.1,583.7,576.47,582.83,21162,25998
2003-10-15,582.72,587.76,575.37,575.59,20584,25596
2003-10-16,573.62,582.17,573.62,580.63,23467,25615
2003-10-17,579.21,582.39,569.56,569.56,20891,24132
2003-10-20,569.01,574.49,568.68,573.18,19024,24697
2003-10-21,573.4,577.56,570.99,574.82,19512,25346
2003-10-22,574.71,574.71,561.56,562.21,25979,25378
2003-10-23,561.89,563.31,554.32,556.73,25286,25552
2003-10-24,556.73,557.83,545.99,555.31,24031,25670
2003-10-27,554.76,566.27,552.57,564.63,22729,24117
2003-10-28,562.54,577.89,562.54,577.56,23408,24649
2003-10-29,577.67,583.37,574.27,581.4,27549,25689
2003-10-30,580.96,588.86,579.1,582.28,27023,25918
2003-10-31,582.17,586.01,578.33,579.32,20392,24384
2003-11-03,580.09,590.17,580.09,588.75,21803,27151
2003-11-04,588.2,592.91,586.44,589.62,17561,28420
2003-11-05,590.28,593.13,581.62,592.36,24085,28765
2003-11-06,592.8,597.52,587.76,597.52,21125,29915
2003-11-07,596.97,601.79,592.58,592.58,19791,31411
2003-11-10,594.78,595.76,582.94,583.16,24454,28947
2003-11-11,583.59,584.69,576.58,579.98,20530,28431
2003-11-12,579.98,592.8,578.44,592.36,28275,29215
2003-11-13,593.24,595.32,588.64,594.23,21605,29187
2003-11-14,594.23,598.07,582.17,582.61,25808,28397
2003-11-17,580.41,580.41,570.44,575.37,31457,29217
2003-11-18,575.59,583.05,569.23,569.89,36757,26061
2003-11-19,569.56,578.0,568.68,575.59,30689,27214
2003-11-20,575.37,580.41,569.23,571.2,33584,28691
2003-11-21,571.75,578.22,571.2,578.0,24330,29184
2003-11-24,578.0,591.93,576.91,591.38,29026,30052
2003-11-25,591.49,597.08,589.95,594.23,23390,30414
2003-11-26,594.56,600.92,590.39,596.97,20135,31189
2003-11-28,598.83,601.03,595.0,599.16,6758,31335
2003-12-01,599.16,608.7,598.61,608.59,25141,33121
2003-12-02,608.48,611.33,605.52,607.06,27737,33358
2003-12-03,606.73,610.89,595.87,595.87,35487,32483
2003-12-04,596.31,599.16,587.76,597.52,39561,34226
2003-12-05,595.76,596.31,588.42,590.17,29685,33123
2003-12-08,590.94,595.87,586.66,595.11,25882,34978
2003-12-09,594.78,597.96,584.14,584.36,35182,35196
2003-12-10,584.36,586.88,575.7,579.43,33920,35573
2003-12-11,578.33,595.87,578.33,595.65,39143,43260
2003-12-12,595.32,600.04,591.93,599.27,35220,48622
2003-12-15,606.84,613.52,584.91,585.13,42557,48028
2003-12-16,585.46,589.84,579.43,589.84,43050,50808
2003-12-17,589.51,591.16,583.59,588.97,28763,47814
2003-12-18,589.62,600.7,587.65,598.61,32131,47064
2003-12-19,598.29,600.04,592.58,596.2,36408,47323
2003-12-22,595.32,603.88,593.68,602.45,19033,21043
2003-12-23,602.56,608.15,600.92,606.84,16444,22392
2003-12-24,606.07,607.38,604.42,605.74,5579,22497
2003-12-26,607.93,609.47,605.63,607.38,3771,23208
2003-12-29,605.74,618.02,605.74,616.48,14985,25099
2003-12-30,616.27,620.32,615.28,618.35,15456,25471
2003-12-31,618.68,621.97,609.14,610.89,29327,21811
2004-01-02,614.18,619.66,611.44,616.48,26038,23793
2004-01-05,617.03,624.93,617.03,623.61,25331,25790
2004-01-06,623.83,628.43,620.76,622.73,29484,25852
2004-01-07,622.73,630.63,620.98,630.52,30983,28144
2004-01-08,629.64,636.77,629.42,635.12,38990,35291
2004-01-09,634.9,638.41,627.78,630.19,40294,31429
2004-01-12,629.97,641.37,629.75,641.37,43702,35589
2004-01-13,641.04,641.37,629.31,637.32,48338,36161
2004-01-14,637.32,642.8,636.77,641.7,36705,38797
2004-01-15,640.93,644.33,634.03,643.56,45887,40548
2004-01-16,644.44,649.38,644.11,646.31,28548,38493
2004-01-20,646.2,655.84,645.87,654.86,39959,39122
2004-01-21,654.42,656.83,647.62,653.21,42619,40086
2004-01-22,653.43,659.13,647.4,649.05,45622,40087
2004-01-23,647.07,653.98,645.87,653.43,47771,43518
2004-01-26,652.88,660.67,648.61,660.34,45223,47510
2004-01-27,660.23,660.56,650.69,650.69,49403,45330
2004-01-28,650.69,656.72,637.97,640.71,55694,48170
2004-01-29,640.82,643.89,627.78,636.11,65451,50016
2004-01-30,635.23,640.06,631.83,636.88,55116,45683
2004-02-02,636.0,642.14,630.52,636.99,58291,46717
2004-02-03,636.44,637.32,633.04,633.92,42238,46833
2004-02-04,633.37,633.81,617.47,618.13,62967,44564
2004-02-05,618.68,626.02,616.7,623.28,53502,45637
2004-02-06,623.61,641.04,622.4,639.29,50346,47423
2004-02-09,639.73,644.99,638.85,641.26,40686,46889
2004-02-10,641.48,649.81,639.73,648.39,41243,51294
2004-02-11,648.61,653.87,646.09,651.9,42077,52904
2004-02-12,652.01,654.97,647.73,647.73,38169,51415
2004-02-13,648.17,652.88,640.06,640.71,40916,50970
2004-02-17,642.03,652.34,640.93,652.34,41853,53230
2004-02-18,651.68,654.42,645.87,647.95,39605,49692
2004-02-19,649.05,653.98,636.66,636.77,57822,53283
2004-02-20,637.32,640.39,629.53,635.23,62929,54469
2004-02-23,632.82,637.64,623.94,625.69,57507,56234
2004-02-24,626.46,631.94,619.12,625.91,65208,57875
2004-02-25,625.8,634.36,624.6,634.14,48590,56970
2004-02-26,633.7,639.51,630.41,637.53,45758,56312
2004-02-27,637.97,643.56,637.21,642.03,47213,59115
2004-03-01,640.06,651.79,640.06,650.8,42298,62684
2004-03-02,651.02,653.43,646.31,646.31,53775,62940
2004-03-03,646.63,650.25,640.49,646.63,58572,63804
2004-03-04,646.63,655.62,644.77,654.53,39554,64702
2004-03-05,654.09,661.76,649.59,656.28,59224,72235
2004-03-08,657.16,661.44,646.85,647.29,62704,79208
2004-03-09,647.51,650.36,639.4,641.7,67989,77108
2004-03-10,641.48,647.07,627.34,628.22,84046,83487
2004-03-11,628.0,637.21,619.66,621.31,100501,82040
2004-03-12,620.87,638.63,620.54,638.2,74027,86141
2004-03-15,636.55,638.63,619.11,621.09,107506,83953
2004-03-16,621.31,628.65,614.51,621.31,90788,87417
2004-03-17,621.53,634.25,619.66,632.6,71878,91018
2004-03-18,632.49,632.93,621.96,628.65,76947,91439
2004-03-19,629.09,631.29,621.09,621.64,62066,98018
2004-03-22,623.83,623.83,609.02,611.33,85781,49766
2004-03-23,610.56,619.99,609.13,612.31,69293,50686
2004-03-24,612.2,615.82,606.72,610.34,71949,53074
2004-03-25,610.67,625.91,609.46,624.93,55873,52343
2004-03-26,624.82,629.97,622.51,626.24,47981,54451
2004-03-29,626.35,640.28,626.24,639.73,56480,55047
2004-03-30,639.73,645.22,636.11,644.45,53335,54565
2004-03-31,644.45,647.74,639.18,647.74,67271,57566
2004-04-01,646.64,653.44,644.89,652.89,48653,57612
2004-04-02,652.67,664.85,652.45,661.12,53539,53022
2004-04-05,660.24,664.41,658.27,663.97,39934,54724
2004-04-06,664.41,664.41,654.87,655.63,52643,54517
2004-04-07,655.31,662.32,651.03,661.12,53778,53831
2004-04-08,660.24,666.82,653.88,655.52,45329,56071
2004-04-12,655.31,661.34,652.89,656.73,37721,56639
2004-04-13,657.06,661.34,638.63,640.83,66573,60758
2004-04-14,640.5,644.78,632.71,638.74,74217,65513
2004-04-15,638.31,642.47,628.87,633.92,69205,65519
2004-04-16,633.26,641.93,630.19,638.53,49912,64168
2004-04-19,638.31,644.01,632.82,643.24,51682,64377
2004-04-20,642.69,649.16,627.67,628.76,71743,67208
2004-04-21,629.53,639.51,626.68,638.96,78729,65512
2004-04-22,640.61,650.92,636.77,649.05,67547,65608
2004-04-23,650.48,651.8,640.94,646.75,47708,64601
2004-04-26,645.98,654.54,643.68,648.4,62597,66425
2004-04-27,648.07,652.45,642.03,645.98,74484,66145
2004-04-28,646.53,646.97,629.31,632.82,79584,68178
2004-04-29,632.6,636.22,616.48,620.54,97238,70874
2004-04-30,620.1,624.49,609.46,614.07,98633,75682
2004-05-03,611.11,622.4,610.78,617.58,79973,73382
2004-05-04,617.91,630.52,617.03,621.74,86444,76080
2004-05-05,621.96,628.0,620.87,624.38,75200,76664
2004-05-06,624.16,624.49,607.27,614.18,93771,82296
2004-05-07,614.62,620.43,596.96,596.96,103228,91000
2004-05-10,597.4,598.49,581.93,585.99,135520,100659
2004-05-11,586.21,600.69,585.88,598.38,97422,97323
2004-05-12,598.82,603.21,582.7,603.21,119911,99348
2004-05-13,602.77,608.47,594.22,595.53,97873,98926
2004-05-14,595.75,601.89,589.83,592.24,96946,102616
2004-05-17,593.56,593.89,573.05,587.09,109136,108178
2004-05-18,586.65,594.33,586.1,594.0,69310,107827
2004-05-19,594.0,604.96,589.28,589.72,98553,110072
2004-05-20,590.05,595.42,586.43,591.69,70060,110544
2004-05-21,591.15,598.6,590.71,596.63,62052,116273
2004-05-24,596.74,605.51,596.63,604.86,80521,114627
2004-05-25,605.4,619.22,600.69,617.8,96452,112486
2004-05-26,617.47,622.07,614.51,620.76,76074,111255
2004-05-27,621.2,627.12,616.81,622.18,76344,107433
2004-05-28,621.85,624.16,619.11,623.28,40714,105646
2004-06-01,621.96,629.97,617.58,628.98,77461,106464
2004-06-02,628.98,631.18,624.38,628.22,66045,103522
2004-06-03,627.78,628.22,614.95,615.27,77684,109794
2004-06-04,615.38,626.57,615.27,622.18,74084,109608
2004-06-07,623.06,634.58,622.51,634.36,68210,107444
2004-06-08,634.14,634.8,630.63,634.25,57699,107888
2004-06-09,633.48,634.58,622.18,622.29,97071,117070
2004-06-10,622.73,629.32,621.41,624.6,97071,117070
2004-06-14,622.73,622.84,610.76,611.97,108717,135852
2004-06-15,611.97,625.37,611.64,622.95,110143,138206
2004-06-16,622.95,625.81,620.43,624.38,80056,134571
2004-06-17,625.15,627.13,618.78,623.5,75514,138472
2004-06-18,623.5,628.67,619.99,624.6,60436,146286
2004-06-21,624.6,629.22,622.73,622.95,63248,70795
2004-06-22,624.6,628.67,617.9,628.01,76273,74500
2004-06-23,628.01,638.88,625.81,638.11,74959,78903
2004-06-24,638.55,640.97,634.6,635.37,63949,77451
2004-06-25,635.7,644.49,633.28,643.06,67155,82456
2004-06-28,643.17,647.78,640.42,642.18,77427,80065
2004-06-29,641.74,649.43,639.98,646.57,72300,85038
2004-06-30,646.79,650.86,645.37,650.86,72664,83164
2004-07-01,649.98,651.41,638.77,639.1,75429,75925
2004-07-02,638.99,641.85,635.59,640.31,38523,76419
2004-07-06,638.0,641.41,626.91,629.54,71626,80773
2004-07-07,628.89,633.83,626.58,628.56,66463,80022
2004-07-08,628.23,628.23,614.6,616.14,89929,81288
2004-07-09,617.35,620.97,616.03,619.66,54275,82346
2004-07-12,619.77,621.41,612.19,616.91,70775,81125
2004-07-13,616.91,621.08,615.26,616.91,53799,77038
2004-07-14,614.93,621.96,611.53,613.94,83553,78324
2004-07-15,614.16,619.99,612.84,614.49,60991,78252
2004-07-16,615.15,620.65,607.79,609.11,66867,80338
2004-07-19,609.55,611.86,603.95,608.78,80387,81669
2004-07-20,608.45,622.29,606.58,620.76,70607,83870
2004-07-21,620.32,623.5,600.43,600.43,94294,84291
2004-07-22,599.88,602.85,589.88,599.88,105542,83059
2004-07-23,597.68,599.11,590.54,591.64,80094,84672
2004-07-26,592.74,595.27,581.2,584.28,90938,88023
2004-07-27,585.05,598.12,584.5,595.82,84650,85473
2004-07-28,595.49,597.9,585.38,594.39,89155,88331
2004-07-29,594.39,603.95,592.63,602.63,91263,86908
2004-07-30,602.63,606.47,598.34,606.14,75717,88493
2004-08-02,603.18,606.47,596.03,604.82,81300,90121
2004-08-03,603.95,604.49,594.17,594.39,75702,94355
2004-08-04,594.61,599.77,587.25,594.17,92113,97656
2004-08-05,593.51,595.92,581.42,582.52,84182,103843
2004-08-06,583.07,584.94,568.68,570.77,95710,114780
2004-08-09,570.88,574.06,567.03,568.35,70088,121469
2004-08-10,569.01,581.42,567.69,578.24,75133,120609
2004-08-11,577.91,579.88,566.92,576.26,87591,123024
2004-08-12,576.59,577.91,566.15,568.35,83082,127402
2004-08-13,568.02,572.74,564.83,569.12,64664,126948
2004-08-16,568.24,579.66,566.26,578.57,66166,125188
2004-08-17,578.46,585.6,577.36,582.19,66105,125793
2004-08-18,581.75,595.38,577.36,594.28,65842,123714
2004-08-19,593.95,594.83,587.14,589.44,64082,124279
2004-08-20,589.88,602.19,585.82,600.76,59297,122534
2004-08-23,601.42,604.38,595.6,598.45,68060,121893
2004-08-24,598.56,603.29,594.94,599.88,61460,118602
2004-08-25,600.21,604.17,594.28,601.97,64604,116600
2004-08-26,602.52,604.06,598.45,598.89,50718,116885
2004-08-27,599.22,606.91,598.67,603.73,40856,113878
2004-08-30,604.27,604.49,596.69,597.46,45865,116507
2004-08-31,597.68,602.85,593.62,602.19,66766,119142
2004-09-01,601.97,611.75,600.21,607.02,86516,126609
2004-09-02,607.02,618.23,604.93,617.02,60915,121363
2004-09-03,615.26,619.0,607.57,611.2,56136,122282
2004-09-07,614.49,619.33,611.53,618.89,86473,121602
2004-09-08,617.9,622.4,611.97,614.49,111196,125168
2004-09-09,614.16,625.16,612.51,621.31,132994,138925
2004-09-10,621.2,627.36,617.24,626.15,98650,132416
2004-09-13,626.26,632.97,625.71,630.11,105620,130049
2004-09-14,630.11,630.66,623.4,629.23,94674,138009
2004-09-15,629.01,629.01,621.86,625.16,77328,143632
2004-09-16,624.72,633.19,624.5,631.54,76919,148349
2004-09-17,631.21,633.52,625.6,630.66,70590,148273
2004-09-20,630.44,631.87,626.15,628.24,68718,76600
2004-09-21,627.91,635.83,627.36,632.42,56628,78953
2004-09-22,632.75,632.75,621.31,621.31,80606,78962
2004-09-23,621.75,625.16,620.21,621.09,63233,77573
2004-09-24,621.53,627.25,621.2,622.41,48911,78654
2004-09-27,622.3,624.39,613.39,616.03,62803,80694
2004-09-28,615.92,622.74,613.61,622.3,68166,81401
2004-09-29,622.41,629.01,620.87,628.46,64532,80887
2004-09-30,628.57,632.86,625.49,631.21,68825,84420
2004-10-01,629.23,644.62,627.91,644.51,67964,88617
2004-10-04,643.63,652.21,643.52,648.25,57219,90145
2004-10-05,648.91,651.66,644.84,647.7,53318,89449
2004-10-06,647.15,652.98,645.06,651.55,65780,92730
2004-10-07,651.77,651.88,640.33,640.88,65322,89660
2004-10-08,640.88,644.51,632.31,632.31,67673,84875
2004-10-11,633.74,636.27,631.43,635.5,27888,84250
2004-10-12,635.83,636.6,626.92,633.96,71700,85812
2004-10-13,634.62,639.89,624.06,624.61,83071,84027
2004-10-14,625.38,627.47,620.54,620.76,74479,82338
2004-10-15,620.87,630.55,619.44,626.81,77926,84829
2004-10-18,628.68,631.43,621.75,629.01,77749,83857
2004-10-19,629.12,636.38,621.86,622.41,80324,82472
2004-10-20,622.96,628.35,618.12,626.37,87682,83527
2004-10-21,625.93,635.17,623.4,634.4,80424,84659
2004-10-22,633.41,636.6,623.18,623.51,83963,82699
2004-10-25,622.41,631.65,618.67,630.0,84926,84384
2004-10-26,630.44,638.14,622.96,637.81,75768,85323
2004-10-27,637.37,646.38,634.4,645.39,90329,93397
2004-10-28,644.62,646.38,639.35,643.3,74976,92805
2004-10-29,643.08,646.49,638.91,642.75,69163,89348
2004-11-01,641.65,646.93,638.47,645.83,59360,90580
2004-11-02,645.61,651.33,640.88,643.08,67672,90250
2004-11-03,642.53,658.26,641.43,655.18,93730,98574
2004-11-04,654.19,662.44,650.23,661.23,77257,102495
2004-11-05,660.9,668.93,660.13,665.3,68454,101855
2004-11-08,664.42,666.95,660.79,663.1,48856,100237
2004-11-09,663.1,668.49,660.79,665.63,49939,103951
2004-11-10,665.3,673.98,665.3,670.03,70368,112747
2004-11-11,670.58,678.38,670.14,676.4,47208,120852
2004-11-12,676.95,684.54,674.86,683.77,57520,124386
2004-11-15,684.21,687.18,680.36,687.07,60220,125509
2004-11-16,686.52,686.74,679.04,681.24,67863,123705
2004-11-17,681.35,691.58,681.35,685.42,75003,127165
2004-11-18,685.09,686.3,680.14,684.32,64546,124770
2004-11-19,683.88,685.31,673.76,675.19,64650,121953
2004-11-22,675.85,684.54,672.12,684.54,64978,133064
2004-11-23,684.1,688.72,677.39,688.72,81190,135391
2004-11-24,688.28,694.22,687.29,692.57,47501,139862
2004-11-26,692.13,697.08,691.36,692.9,13964,141392
2004-11-29,693.56,701.04,689.16,694.99,100181,148442
2004-11-30,694.44,700.27,692.79,697.41,84715,152489
2004-12-01,698.84,709.28,698.07,706.42,80367,165944
2004-12-02,706.75,709.94,703.13,705.0,77146,167386
2004-12-03,707.41,710.38,703.79,704.01,68582,167203
2004-12-06,704.78,706.53,699.5,700.49,60185,166635
2004-12-07,700.82,704.34,687.51,688.94,96784,156664
2004-12-08,688.06,695.76,686.3,695.32,87304,162560
2004-12-09,693.89,695.32,682.92,690.49,159450,183874
2004-12-10,691.04,698.06,687.97,695.98,131844,181918
2004-12-13,695.87,703.66,694.33,703.66,76869,188860
2004-12-14,702.89,709.36,701.46,707.61,73535,190373
2004-12-15,707.94,714.08,706.62,713.2,71863,193786
2004-12-16,713.09,713.97,704.1,708.05,75742,192829
2004-12-17,707.61,712.65,702.23,704.53,65166,191913
2004-12-20,704.43,711.12,700.26,703.88,56250,98220
2004-12-21,704.1,711.89,703.55,711.56,53066,104645
2004-12-22,711.12,715.95,710.46,712.87,39474,102534
2004-12-23,712.76,717.26,711.23,714.63,25962,101800
2004-12-27,716.28,719.24,706.18,709.91,36097,98516
2004-12-28,710.35,720.44,709.69,719.57,35552,101381
2004-12-29,718.8,721.21,716.71,719.57,30348,101115
2004-12-30,719.46,721.1,716.71,717.04,29100,100784
2004-12-31,717.59,722.42,714.74,717.59,20376,100680
2005-01-03,716.38,723.19,702.78,706.62,94212,103470
2005-01-04,707.06,708.81,689.94,691.26,130147,108528
2005-01-05,691.37,692.25,677.21,677.32,139983,116380
2005-01-06,677.65,687.2,676.77,679.85,103966,118550
2005-01-07,679.3,684.67,672.17,672.39,111661,127144
2005-01-10,673.15,685.77,672.17,680.29,115386,127880
2005-01-11,679.63,681.05,669.64,671.29,108379,135007
2005-01-12,673.48,675.35,663.5,672.93,125897,139893
2005-01-13,673.59,677.98,668.33,670.63,116398,147266
2005-01-14,672.28,678.97,670.63,676.99,80165,147212
2005-01-18,678.75,688.41,675.24,685.55,105569,142522
2005-01-19,685.88,687.09,676.34,676.45,106027,148660
2005-01-20,675.57,678.42,670.74,670.96,139061,151901
2005-01-21,672.06,678.2,668.55,670.96,111123,155974
2005-01-24,671.51,675.35,662.73,665.25,105792,158678
2005-01-25,665.69,673.59,663.94,666.57,106733,159560
2005-01-26,666.79,676.99,666.79,675.68,104724,155999
2005-01-27,675.24,682.26,673.04,678.09,106222,157237
2005-01-28,677.87,679.63,667.12,675.9,102247,158292
2005-01-31,677.21,686.32,677.21,686.21,107790,154683
2005-02-01,684.57,691.15,683.69,688.41,90906,160705
2005-02-02,689.06,694.55,688.3,693.78,81667,161535
2005-02-03,693.34,693.45,686.1,689.61,88837,165946
2005-02-04,689.94,700.37,687.53,698.94,88588,164928
2005-02-07,699.38,703.0,695.43,698.72,69871,163926
2005-02-08,698.61,702.34,697.73,700.37,67362,161934
2005-02-09,699.93,702.78,685.55,685.77,113408,168670
2005-02-10,685.77,690.16,682.04,686.87,106262,170744
2005-02-11,686.65,698.39,681.71,698.28,117894,173093
2005-02-14,698.83,699.16,692.57,696.63,68856,176646
2005-02-15,697.07,701.68,693.34,697.29,84629,177766
2005-02-16,697.4,703.88,692.25,699.71,99286,182513
2005-02-17,699.93,703.0,692.47,693.01,105782,186549
2005-02-18,693.12,696.2,688.19,690.93,86441,192244
2005-02-22,689.72,692.14,677.54,678.64,126058,199187
2005-02-23,678.2,685.88,677.65,681.71,105981,204336
2005-02-24,681.71,689.06,675.79,687.97,109013,208434
2005-02-25,688.08,699.71,686.98,699.49,81949,210890
2005-02-28,699.71,701.02,689.83,696.42,115245,213017
2005-03-01,695.43,702.45,694.77,700.37,116894,211226
2005-03-02,699.82,706.07,696.31,699.49,111576,211557
2005-03-03,699.27,704.21,694.99,699.49,112036,211127
2005-03-04,699.71,709.47,699.27,707.72,100523,209314
2005-03-07,708.7,711.45,705.63,706.62,102686,211426
2005-03-08,706.95,708.27,699.16,699.82,115432,212726
2005-03-09,699.93,701.68,691.92,692.14,156179,220034
2005-03-10,691.92,694.0,684.92,688.75,167950,227612
2005-03-11,689.84,693.89,684.26,688.2,125764,231649
2005-03-14,688.42,692.9,686.23,692.79,127783,234014
2005-03-15,692.46,697.39,686.34,687.98,197918,249573
2005-03-16,687.98,691.04,680.98,684.37,138256,257391
2005-03-17,684.26,687.87,680.33,683.82,131562,273827
2005-03-18,683.72,685.25,677.92,680.22,101803,149542
2005-03-21,680.76,682.84,676.17,681.2,78917,149962
2005-03-22,680.87,689.18,676.5,676.83,104195,154652
2005-03-23,676.5,677.59,670.15,670.7,105145,157229
2005-03-24,670.48,679.67,670.48,673.98,77712,157532
2005-03-28,675.08,678.36,672.56,674.75,75511,155520
2005-03-29,674.86,679.01,661.19,664.47,116303,162134
2005-03-30,664.47,674.09,664.14,673.98,101472,159009
2005-03-31,673.65,675.84,670.05,675.73,97746,165234
2005-04-01,673.22,681.09,666.33,670.59,122385,171331
2005-04-04,671.36,674.86,664.14,673.11,105676,171123
2005-04-05,673.98,676.28,671.25,674.53,93133,170342
2005-04-06,674.75,681.53,674.31,675.95,104572,166667
2005-04-07,676.61,681.2,671.9,679.67,94237,164032
2005-04-08,679.45,679.78,667.86,668.08,105717,171027
2005-04-11,667.97,670.26,663.7,665.12,90240,175810
2005-04-12,665.01,673.33,657.69,671.69,136109,175471
2005-04-13,672.01,672.34,658.56,659.98,128319,181162
2005-04-14,659.98,662.17,646.86,647.41,151221,194225
2005-04-15,646.97,650.03,634.07,637.02,157393,200031
2005-04-18,636.91,643.69,631.44,641.07,160133,196215
2005-04-19,641.39,652.55,641.07,651.56,115438,195853
2005-04-20,653.09,656.59,639.97,642.05,158955,205609
2005-04-21,641.39,657.58,640.52,657.03,131947,203598
2005-04-22,656.16,656.92,639.53,647.08,150000,214250
2005-04-25,647.08,653.75,646.64,652.88,120103,213021
2005-04-26,652.88,656.16,642.49,643.47,133266,217677
2005-04-27,643.14,647.3,634.61,643.03,142563,219493
2005-04-28,642.92,643.47,626.41,628.27,146602,223808
2005-04-29,627.94,635.27,621.93,635.27,162807,228224
2005-05-02,634.07,640.96,633.3,640.63,109592,232295
2005-05-03,640.74,645.44,636.36,643.03,128404,233934
2005-05-04,643.14,652.11,640.63,650.69,112143,233011
2005-05-05,650.14,655.72,646.31,651.67,143894,230253
2005-05-06,651.24,659.11,650.03,652.77,101149,230839
2005-05-09,653.2,659.98,649.6,658.89,96758,228879
2005-05-10,659.11,659.55,649.27,652.33,115219,234934
2005-05-11,651.45,655.83,643.14,652.11,138713,235681
2005-05-12,651.67,654.74,640.08,640.85,144603,238987
2005-05-13,641.39,644.78,631.88,638.66,145522,247486
2005-05-16,638.66,649.05,637.57,649.05,106501,245234
2005-05-17,648.72,652.77,642.49,652.77,117817,247569
2005-05-18,652.55,665.89,651.13,664.91,123217,246893
2005-05-19,665.12,669.5,663.7,667.42,113219,242628
2005-05-20,667.2,667.86,661.95,665.45,86323,242130
2005-05-23,666.44,673.76,665.45,671.47,93868,243118
2005-05-24,671.36,672.23,666.87,669.28,91852,242112
2005-05-25,668.84,669.28,661.41,663.59,80813,242695
2005-05-26,663.59,673.0,663.37,672.34,69806,244840
2005-05-27,672.23,676.83,669.72,676.83,50569,244814
2005-05-31,676.72,680.11,672.45,675.08,86304,247747
2005-06-01,673.98,684.48,673.54,682.73,121321,244581
2005-06-02,682.29,685.36,679.78,683.82,93243,245511
2005-06-03,683.72,686.12,676.72,678.9,104750,245464
2005-06-06,679.34,682.29,676.28,681.53,72693,247098
2005-06-07,681.09,691.15,681.09,682.73,128421,248737
2005-06-08,682.29,685.57,677.15,678.36,114734,250866
2005-06-09,676.18,685.99,674.32,685.12,190409,275912
2005-06-10,684.35,687.4,682.39,686.53,170282,291354
2005-06-13,686.53,690.46,682.83,688.39,200618,296447
2005-06-14,689.04,694.93,686.42,694.71,169097,305120
2005-06-15,694.6,697.65,688.28,697.0,145441,318805
2005-06-16,696.78,704.63,695.69,703.43,113717,315597
2005-06-17,703.54,710.08,702.01,703.1,90355,307147
2005-06-20,703.1,704.95,699.83,701.79,80024,204475
2005-06-21,701.47,704.63,699.72,703.43,77566,216147
2005-06-22,703.32,707.13,699.07,704.85,90761,219067
2005-06-23,704.95,705.83,692.42,692.53,108504,222235
2005-06-24,692.75,693.94,683.59,686.1,121932,227504
2005-06-27,685.66,689.04,683.81,687.62,87724,225962
2005-06-28,687.62,702.77,687.51,702.67,93253,233459
2005-06-29,702.67,704.63,700.27,702.34,77110,232738
2005-06-30,702.23,707.57,697.65,701.03,96199,234027
2005-07-01,699.61,704.95,698.2,704.74,63374,234277
2005-07-05,704.52,715.09,701.47,715.09,97094,240200
2005-07-06,714.87,716.73,708.22,708.33,100593,237984
2005-07-07,708.44,711.39,689.69,709.97,121622,239724
2005-07-08,710.41,725.88,709.86,725.23,117313,239498
2005-07-11,725.78,736.35,724.9,734.06,124485,229048
2005-07-12,734.06,738.42,729.81,732.86,102839,227435
2005-07-13,732.97,735.04,727.74,730.9,93856,225823
2005-07-14,731.12,737.55,723.49,725.23,109091,223202
2005-07-15,725.56,727.63,719.45,725.67,74960,222881
2005-07-18,726.1,726.65,718.91,721.63,78030,223408
2005-07-19,722.29,732.42,721.74,731.66,84946,224709
2005-07-20,730.46,742.02,727.3,740.49,110304,226650
2005-07-21,741.25,745.4,727.96,728.61,142218,223193
2005-07-22,729.15,741.15,727.41,739.95,95321,223639
2005-07-25,739.62,743.76,731.99,735.26,98911,220459
2005-07-26,734.93,740.06,731.77,737.44,109851,221879
2005-07-27,737.44,739.51,730.03,738.64,98615,221666
2005-07-28,738.53,746.7,736.24,746.27,93736,223343
2005-07-29,746.27,749.43,740.82,743.65,93935,220639
2005-08-01,744.74,749.54,743.54,745.4,95999,224227
2005-08-02,745.29,752.26,745.18,750.85,88089,226147
2005-08-03,751.17,751.17,745.07,746.49,81261,224855
2005-08-04,746.49,747.14,733.19,734.28,84664,225083
2005-08-05,734.5,736.02,720.87,724.14,94732,219382
2005-08-08,724.9,728.39,719.13,721.41,79261,220106
2005-08-09,721.63,725.01,718.25,722.61,76012,220704
2005-08-10,722.07,730.68,715.75,721.52,113122,222971
2005-08-11,721.63,728.39,719.02,727.41,95718,224351
2005-08-12,726.87,727.08,714.44,718.69,97128,223934
2005-08-15,719.56,729.26,715.86,726.43,98067,225058
2005-08-16,726.54,727.63,713.57,713.89,94845,227123
2005-08-17,713.78,719.34,709.97,713.13,98799,228684
2005-08-18,713.02,714.44,706.92,710.51,103032,235638
2005-08-19,710.3,714.55,709.42,714.0,70493,241480
2005-08-22,713.68,718.47,711.17,718.36,100808,242081
2005-08-23,718.36,719.23,711.06,717.93,91743,244708
2005-08-24,717.6,723.7,711.39,714.77,110489,243320
2005-08-25,714.44,719.89,714.11,718.8,75862,243022
2005-08-26,718.8,719.56,706.15,707.24,87894,248065
2005-08-29,706.81,716.73,700.38,716.4,92256,246689
2005-08-30,716.4,716.62,708.88,712.8,115562,249807
2005-08-31,712.69,728.61,710.84,727.3,123574,241688
2005-09-01,727.96,732.42,725.01,728.28,101826,241638
2005-09-02,728.28,731.33,721.85,724.9,73792,243772
2005-09-06,724.58,735.91,724.58,735.15,89707,240805
2005-09-07,734.93,738.75,732.21,737.33,105534,252378
2005-09-08,737.11,737.44,730.71,733.75,182613,261043
2005-09-09,733.1,740.15,732.99,738.09,129430,276326
2005-09-12,738.96,745.14,736.68,741.34,177857,285106
2005-09-13,741.24,741.24,732.56,735.27,180482,288403
2005-09-14,734.94,736.9,725.72,727.02,131748,293952
2005-09-15,726.7,729.3,723.01,724.42,122214,289864
2005-09-16,724.53,733.32,724.31,732.12,86356,287282
2005-09-19,732.01,732.99,725.4,728.65,73296,209366
2005-09-20,728.76,732.01,717.15,718.67,96404,213561
2005-09-21,718.35,719.11,706.63,706.96,119245,217829
2005-09-22,706.85,712.05,700.45,709.56,122847,219974
2005-09-23,709.67,715.96,704.24,714.98,91607,219436
2005-09-26,717.04,722.14,714.77,719.54,106046,219678
2005-09-27,719.65,722.36,712.49,717.7,116124,220599
2005-09-28,717.48,720.95,709.99,716.07,122322,223883
2005-09-29,716.07,725.07,710.54,723.88,128259,222901
2005-09-30,723.77,729.09,721.49,729.09,101651,224500
2005-10-03,727.89,734.73,726.92,732.56,121361,228585
2005-10-04,732.23,735.59,720.84,721.17,123762,230566
2005-10-05,721.17,721.6,701.86,702.18,175012,243202
2005-10-06,702.4,707.06,688.73,696.65,193796,248964
2005-10-07,696.54,703.81,695.89,701.97,115846,249663
2005-10-10,702.07,705.76,693.29,694.59,97148,252049
2005-10-11,694.81,700.01,684.83,685.04,147196,255894
2005-10-12,685.26,687.76,670.72,674.63,212827,256610
2005-10-13,675.06,680.05,668.45,676.91,182707,259798
2005-10-14,676.91,689.6,675.28,688.19,155810,258424
2005-10-17,688.19,692.85,680.92,689.92,134253,264328
2005-10-18,689.82,691.99,679.51,680.81,137427,265998
2005-10-19,680.81,694.81,671.48,694.37,196368,266711
2005-10-20,693.94,695.67,676.8,682.44,203530,274342
2005-10-21,682.55,693.18,680.16,689.06,163643,274290
2005-10-24,689.06,703.81,688.19,703.59,141833,277376
2005-10-25,703.48,704.24,691.99,699.36,158289,282186
2005-10-26,698.93,705.87,692.31,694.37,154312,286138
2005-10-27,694.26,694.59,677.34,680.38,135827,292644
2005-10-28,679.51,691.77,678.1,689.17,137276,290488
2005-10-31,689.38,705.98,689.38,704.24,145575,284039
2005-11-01,696.65,703.59,695.46,701.42,155798,286803
2005-11-02,701.42,714.77,697.74,714.55,146381,286107
2005-11-03,714.12,723.01,712.71,717.15,143626,287153
2005-11-04,717.04,718.89,709.99,716.18,110429,287922
2005-11-07,716.18,722.03,713.25,717.8,110974,285474
2005-11-08,717.7,718.45,711.19,716.39,112840,284688
2005-11-09,716.07,722.58,711.73,718.56,111713,284881
2005-11-10,718.24,723.99,707.61,721.6,138808,281120
2005-11-11,721.38,726.7,720.84,725.72,62722,279543
2005-11-14,726.27,727.13,718.78,723.55,97162,283472
2005-11-15,723.34,723.77,711.73,713.03,141740,288183
2005-11-16,712.92,715.42,705.44,712.81,117809,290902
2005-11-17,712.6,725.4,711.73,724.75,107533,288862
2005-11-18,724.64,732.12,723.77,729.74,104684,289948
2005-11-21,729.84,738.63,726.16,737.87,101241,288436
2005-11-22,737.66,743.3,734.4,740.48,87454,290149
2005-11-23,740.58,745.79,739.28,741.89,70149,292723
2005-11-25,741.45,741.99,733.1,741.99,23178,292894
2005-11-28,741.78,743.95,728.87,731.15,115437,299238
2005-11-29,731.15,737.0,729.19,732.56,114597,298333
2005-11-30,732.56,739.07,730.06,735.59,150973,298570
2005-12-01,734.84,750.78,734.73,747.96,136211,296231
2005-12-02,748.07,750.35,742.75,749.91,113669,295378
2005-12-05,749.91,751.11,740.48,745.14,106927,296343
2005-12-06,744.82,752.84,744.16,746.88,130787,299001
2005-12-07,747.09,747.74,738.31,742.75,174096,298581
2005-12-08,742.97,749.65,737.37,743.72,227079,312616
2005-12-09,742.65,749.22,740.17,747.17,157843,315341
2005-12-12,747.82,751.37,743.72,748.9,255528,338005
2005-12-13,749.0,751.48,743.72,749.22,198397,360800
2005-12-14,749.22,752.45,744.37,748.14,190462,405336
2005-12-15,748.14,749.22,736.94,741.25,154897,403782
2005-12-16,740.6,746.52,737.26,737.58,83602,403804
2005-12-19,738.12,739.74,726.49,728.53,90261,263695
2005-12-20,728.86,733.92,723.47,728.21,97752,266732
2005-12-21,728.32,738.98,727.67,736.72,98696,265025
2005-12-22,736.51,741.78,735.0,741.46,67743,265814
2005-12-23,741.68,744.59,741.35,743.4,31049,267148
2005-12-27,744.37,746.42,731.66,733.27,76972,268723
2005-12-28,733.06,738.44,727.99,735.64,63269,269961
2005-12-29,735.75,738.98,732.09,732.84,62311,268482
2005-12-30,732.84,733.27,724.55,730.79,71597,275955
2006-01-03,728.86,742.75,719.81,741.14,156435,274806
2006-01-04,741.03,747.6,739.31,745.23,137009,273957
2006-01-05,745.34,749.76,743.18,749.43,137009,273957
2006-01-06,749.54,759.13,748.36,758.27,105162,277924
2006-01-09,758.16,766.89,757.62,762.9,109762,280291
2006-01-10,762.9,770.01,759.13,769.69,140106,276163
2006-01-11,769.26,770.98,762.79,768.93,143236,284216
2006-01-12,768.83,770.87,763.33,766.46,100647,282505
2006-01-13,766.35,767.96,762.9,766.56,81093,278023
2006-01-17,766.13,768.29,757.51,762.9,111843,278177
2006-01-18,761.07,762.79,753.64,761.39,147548,277730
2006-01-19,760.1,775.18,757.84,772.92,126154,277271
2006-01-20,772.71,774.64,760.42,764.52,165856,271753
2006-01-23,763.66,768.61,761.07,766.67,127848,268143
2006-01-24,766.24,778.2,765.06,775.61,147580,268175
2006-01-25,775.72,779.82,770.66,777.12,130057,269218
2006-01-26,776.69,788.65,776.37,788.44,117896,269483
2006-01-27,788.54,797.38,786.6,792.1,94740,266452
2006-01-30,791.56,794.58,788.97,789.94,82569,265194
2006-01-31,789.94,794.25,785.2,793.71,109333,266998
2006-02-01,787.25,796.84,784.77,795.55,117156,266617
2006-02-02,795.55,796.19,779.82,783.91,154450,269384
2006-02-03,783.69,788.65,777.88,781.65,129538,269052
2006-02-06,781.0,788.0,777.55,787.47,103060,271112
2006-02-07,787.25,789.3,773.68,774.75,145719,271551
2006-02-08,774.75,780.79,770.34,779.06,109618,270102
2006-02-09,779.17,786.39,774.64,775.4,118634,273492
2006-02-10,775.18,777.02,764.95,773.46,135733,271919
2006-02-13,773.35,773.68,764.62,768.72,110442,275195
2006-02-14,768.83,780.25,764.09,777.02,133488,272819
2006-02-15,777.12,783.69,773.24,783.48,128767,270316
2006-02-16,783.48,791.13,783.16,790.81,112966,271901
2006-02-17,791.24,791.88,785.2,788.65,81598,271814
2006-02-21,788.44,792.1,780.03,785.74,108991,276041
2006-02-22,785.74,792.64,781.11,790.16,115704,277081
2006-02-23,789.84,795.44,785.42,789.62,108806,279705
2006-02-24,789.41,796.3,786.28,795.98,104666,284066
2006-02-27,796.08,802.01,795.65,798.13,91822,283631
2006-02-28,798.13,798.99,784.34,788.65,146712,284871
2006-03-01,787.03,801.8,786.82,801.69,115744,289852
2006-03-02,801.58,802.23,792.85,798.99,143201,293412
2006-03-03,798.99,804.17,792.42,794.15,148059,298123
2006-03-06,794.04,796.84,785.53,788.22,134541,299558
2006-03-07,788.0,788.0,774.64,776.91,155826,305319
2006-03-08,777.12,780.68,768.4,778.63,217747,313625
2006-03-09,778.74,783.44,772.0,772.21,224831,332987
2006-03-10,772.75,784.19,769.32,783.55,230010,343589
2006-03-13,782.8,792.11,782.16,784.94,223752,358734
2006-03-14,784.84,794.68,780.02,794.14,252010,387982
2006-03-15,794.14,801.52,791.25,801.2,143615,391172
2006-03-16,801.09,807.3,799.81,800.13,148715,395754
2006-03-17,799.81,805.27,798.42,802.38,107008,396071
2006-03-20,802.59,805.37,797.99,802.27,107572,281269
2006-03-21,802.16,808.15,791.04,791.47,161779,289167
2006-03-22,791.36,803.77,788.9,801.52,136033,286131
2006-03-23,801.95,805.91,798.53,805.69,117757,285365
2006-03-24,805.37,812.97,803.88,812.86,96994,287796
2006-03-27,812.86,814.14,807.3,812.65,85636,288902
2006-03-28,812.22,816.93,806.12,809.33,112765,292396
2006-03-29,809.01,823.99,808.69,823.13,120185,294727
2006-03-30,823.13,826.77,816.93,821.74,128725,296199
2006-03-31,821.63,825.59,816.5,825.59,104274,293489
2006-04-03,824.31,829.01,816.5,817.03,121120,299599
2006-04-04,817.03,824.41,814.14,820.99,134137,301727
2006-04-05,820.99,826.23,815.75,824.52,133096,302395
2006-04-06,824.2,826.77,818.85,826.34,111620,303017
2006-04-07,826.13,833.29,811.47,812.75,169648,307219
2006-04-10,812.75,817.67,807.19,811.58,109301,309608
2006-04-11,811.79,813.4,795.43,797.03,137541,313842
2006-04-12,797.14,805.69,795.96,804.95,113075,315930
2006-04-13,805.27,811.79,798.74,807.94,111183,317266
2006-04-17,808.15,811.58,800.13,807.51,113621,315275
2006-04-18,807.41,830.08,806.44,829.55,157212,318877
2006-04-19,829.23,837.14,825.59,836.07,133176,318299
2006-04-20,836.07,838.11,825.06,831.69,138551,319782
2006-04-21,831.79,837.46,825.27,829.98,123170,323919
2006-04-24,829.33,830.19,819.49,823.24,103454,330209
2006-04-25,823.34,824.73,816.5,823.45,149512,336192
2006-04-26,823.24,830.08,819.71,822.49,128180,340619
2006-04-27,822.6,829.23,809.87,815.96,216505,348561
2006-04-28,815.96,825.59,811.9,822.38,117419,350901
2006-05-01,823.02,828.69,813.5,813.82,146153,357252
2006-05-02,813.82,825.06,813.4,824.95,111798,355633
2006-05-03,824.73,826.77,817.78,823.13,134270,358405
2006-05-04,823.13,833.19,821.63,832.97,106203,358626
2006-05-05,832.76,843.13,832.54,838.0,114647,355728
2006-05-08,838.0,840.57,835.22,838.32,79637,358412
2006-05-09,837.79,840.35,835.43,837.57,61665,360680
2006-05-10,837.57,837.68,828.16,832.44,285788,365203
2006-05-11,832.12,835.32,811.79,813.29,167784,386682
2006-05-12,813.18,813.5,793.18,793.5,198640,398801
2006-05-15,793.18,795.43,782.16,790.4,189861,413221
2006-05-16,790.18,796.82,787.08,791.04,130956,410542
2006-05-17,791.15,794.46,775.42,776.28,228965,410961
2006-05-18,777.03,786.01,767.19,768.36,172554,409165
2006-05-19,768.36,778.52,761.2,776.06,230979,415184
2006-05-22,775.85,778.1,755.74,765.9,232111,417719
2006-05-23,766.12,780.56,755.63,756.27,187652,416166
2006-05-24,756.81,769.32,744.72,762.8,289016,418648
2006-05-25,762.48,779.17,760.34,778.1,173829,411667
2006-05-26,777.99,784.09,776.17,782.91,120429,408699
2006-05-30,782.27,783.66,760.34,760.98,167618,425496
2006-05-31,760.98,773.92,755.53,772.53,201967,429717
2006-06-01,772.96,790.29,769.22,789.33,166584,428475
2006-06-02,789.22,795.85,783.02,789.33,164940,433130
2006-06-05,789.22,789.43,762.91,765.69,208992,447123
2006-06-06,765.58,768.36,751.57,763.01,318062,470601
2006-06-07,763.01,772.96,753.49,754.99,272365,495786
2006-06-08,755.84,757.54,731.76,755.63,508334,523215
2006-06-09,755.42,764.86,746.4,747.56,325397,550241
2006-06-12,747.35,752.44,730.06,731.65,414901,607360
2006-06-13,731.44,740.88,716.69,717.54,477472,633577
2006-06-14,717.44,727.52,714.36,724.86,370962,641004
2006-06-15,724.86,752.76,724.23,750.32,283676,605833
2006-06-16,750.54,751.28,737.17,740.25,188645,606837
2006-06-19,740.56,744.81,725.18,725.92,208795,413697
2006-06-20,725.82,734.3,722.0,724.44,194749,418115
2006-06-21,724.76,742.15,720.09,737.38,184649,422634
2006-06-22,737.38,739.61,729.64,734.2,164079,430040
2006-06-23,734.41,742.9,728.47,738.97,136023,434371
2006-06-26,738.65,747.88,738.55,747.67,129977,422937
2006-06-27,747.67,751.49,731.76,734.3,180178,423492
2006-06-28,734.62,738.02,725.92,737.7,143843,422625
2006-06-29,737.7,765.81,737.27,765.28,206435,419920
2006-06-30,765.39,776.0,758.17,776.0,167470,424979
2006-07-03,772.81,781.62,770.9,781.09,57410,427029
2006-07-05,780.77,781.41,763.16,769.42,134321,424141
2006-07-06,769.52,776.0,765.07,769.42,121162,426344
2006-07-07,769.63,776.84,755.73,757.64,161537,423346
2006-07-10,757.01,765.71,754.04,757.22,141963,418265
2006-07-11,756.9,764.54,747.78,764.33,168018,420612
2006-07-12,764.11,765.39,747.56,748.52,174858,426869
2006-07-13,748.84,749.47,730.17,730.49,210094,430373
2006-07-14,730.49,732.5,719.03,724.76,209234,432456
2006-07-17,724.55,731.65,717.65,724.23,176864,435210
2006-07-18,724.12,732.29,714.89,728.47,223635,434954
2006-07-19,728.26,751.49,723.91,745.23,209990,432652
2006-07-20,745.66,753.29,725.61,726.35,213553,437305
2006-07-21,728.15,731.44,712.03,715.63,212647,444691
2006-07-24,715.42,739.08,714.68,738.34,169214,446797
2006-07-25,737.91,748.41,733.14,740.14,192132,448845
2006-07-26,740.35,746.4,730.17,738.65,187622,450470
2006-07-27,738.97,749.16,728.47,731.55,190282,452778
2006-07-28,731.23,747.46,729.96,746.72,174402,451739
2006-07-31,746.61,748.52,740.14,747.46,133059,452651
2006-08-01,746.72,747.46,730.59,735.05,166199,455254
2006-08-02,734.84,746.93,734.3,743.85,147816,457658
2006-08-03,743.96,753.19,733.77,752.55,160522,458828
2006-08-04,752.44,763.69,738.55,746.19,217373,456370
2006-08-07,746.29,746.29,736.0,741.84,136104,455289
2006-08-08,742.05,749.37,729.64,731.65,188178,459981
2006-08-09,731.76,741.41,723.27,724.33,178155,459820
2006-08-10,724.12,733.88,716.06,730.17,180474,465057
2006-08-11,729.74,732.29,719.03,723.27,128651,467584
2006-08-14,724.01,736.32,723.59,726.98,137816,466675
2006-08-15,726.77,742.9,726.35,742.05,158095,467812
2006-08-16,742.15,754.04,740.99,753.29,140371,468259
2006-08-17,753.08,759.98,749.69,755.2,137680,467366
2006-08-18,755.42,758.39,748.41,757.75,121106,469066
2006-08-21,757.75,758.07,746.5,750.85,104813,470404
2006-08-22,750.85,754.88,747.67,753.08,126998,470220
2006-08-23,752.87,756.69,739.08,743.32,151620,470040
2006-08-24,743.32,746.5,736.21,742.05,133478,466152
2006-08-25,742.15,748.73,739.4,743.0,112486,465507
2006-08-28,742.26,752.76,739.93,751.49,113763,470210
2006-08-29,751.17,760.72,746.19,760.51,170534,462821
2006-08-30,760.19,767.83,758.49,766.02,144158,458288
2006-08-31,765.6,771.01,763.9,765.6,128656,455077
2006-09-01,765.39,770.48,762.52,766.24,101248,454347
2006-09-05,765.92,773.77,764.01,773.24,163017,459590
2006-09-06,773.24,773.34,755.63,756.16,220220,462337
2006-09-07,756.16,758.6,747.25,749.9,325025,474021
2006-09-08,749.37,754.04,748.1,752.44,222778,489075
2006-09-11,752.44,755.5,742.76,751.71,340407,507769
2006-09-12,751.6,771.18,748.97,769.91,425716,520181
2006-09-13,769.6,777.07,767.6,775.28,283061,514645
2006-09-14,775.18,776.44,767.6,772.65,197364,515251
2006-09-15,772.44,778.65,769.18,773.18,163147,512362
2006-09-18,773.49,778.54,768.76,774.33,147518,406582
2006-09-19,774.23,776.44,757.92,770.23,228224,402599
2006-09-20,770.44,783.07,770.23,780.75,190739,408820
2006-09-21,780.86,785.49,767.7,772.02,209786,407993
2006-09-22,771.7,773.18,756.44,761.71,191033,414225
2006-09-25,761.18,773.81,757.08,771.07,198867,418031
2006-09-26,770.86,777.07,768.55,773.39,179930,420298
2006-09-27,773.49,779.6,769.91,778.86,168193,425063
2006-09-28,778.86,782.33,771.39,776.02,159992,427873
2006-09-29,776.12,779.39,767.7,770.44,147390,425024
2006-10-02,769.07,771.07,758.97,761.07,155175,426971
2006-10-03,761.18,766.55,754.13,760.13,189353,423611
2006-10-04,760.23,778.02,757.92,777.39,211557,423316
2006-10-05,777.39,788.44,776.33,788.01,177607,426229
2006-10-06,787.91,788.75,778.33,783.38,158015,423963
2006-10-09,783.38,790.96,779.07,789.17,95772,425872
2006-10-10,789.17,793.07,785.49,790.44,150848,427091
2006-10-11,790.22,792.22,779.17,786.75,202956,425955
2006-10-12,786.65,804.01,786.12,803.27,176253,422563
2006-10-13,802.96,809.8,800.85,809.48,172092,422249
2006-10-16,810.11,816.22,806.85,814.22,136428,422448
2006-10-17,814.11,814.43,803.27,810.64,194412,415973
2006-10-18,811.17,818.53,805.59,809.06,213308,410560
2006-10-19,809.17,814.32,805.27,813.69,166856,414151
2006-10-20,813.48,815.48,804.12,805.17,130745,408568
2006-10-23,805.27,815.38,799.8,806.96,184835,410492
2006-10-24,807.17,808.85,802.43,807.59,144619,413629
2006-10-25,807.8,814.01,802.96,813.48,180982,412895
2006-10-26,813.27,821.27,807.59,820.11,162165,416927
2006-10-27,819.9,820.53,808.33,810.33,173360,414822
2006-10-30,810.11,816.32,803.7,814.11,164618,418439
2006-10-31,814.01,817.27,805.38,811.38,177041,417183
2006-11-01,810.54,814.53,792.96,793.28,220792,416962
2006-11-02,793.17,796.33,787.91,791.59,174907,416257
2006-11-03,791.59,799.7,788.65,794.86,187333,414990
2006-11-06,795.07,808.64,794.86,804.96,165998,410181
2006-11-07,804.85,816.53,803.48,809.8,183322,407790
2006-11-08,809.48,816.01,801.06,813.38,197456,409405
2006-11-09,813.27,816.53,800.01,805.8,198487,402782
2006-11-10,805.69,813.59,803.06,813.06,147531,403909
2006-11-13,813.17,817.9,809.38,814.32,147188,408728
2006-11-14,814.32,830.0,811.8,829.58,213915,414849
2006-11-15,829.48,839.16,827.79,835.79,196420,407669
2006-11-16,836.0,841.37,832.11,834.74,189168,406931
2006-11-17,834.63,834.63,826.32,834.21,127175,406737
2006-11-20,833.79,836.84,828.64,834.95,169765,406821
2006-11-21,835.06,837.06,830.74,836.21,133678,405985
2006-11-22,836.95,839.27,833.16,837.27,89516,406268
2006-11-24,836.42,838.21,829.69,833.27,49313,408062
2006-11-27,833.16,835.69,813.17,814.75,217200,397841
2006-11-28,815.17,818.01,808.85,816.32,201164,397948
2006-11-29,816.64,828.32,816.64,827.27,182049,400611
2006-11-30,827.06,832.85,821.37,828.74,223595,418769
2006-12-01,826.85,830.21,814.01,824.64,243807,417101
2006-12-04,824.01,840.11,823.27,839.69,220486,426688
2006-12-05,839.58,844.74,837.37,840.11,198950,424809
2006-12-06,840.21,841.58,834.21,837.37,189709,430115
2006-12-07,838.1,841.54,832.68,834.03,310061,436257
2006-12-08,833.93,839.46,827.25,833.62,274668,442498
2006-12-11,833.62,837.89,831.11,835.91,254130,467781
2006-12-12,835.81,836.75,824.23,830.59,303572,465913
2006-12-13,830.38,835.81,826.63,832.26,284186,457145
2006-12-14,832.16,841.96,830.7,835.6,246106,452837
2006-12-15,835.91,840.71,833.3,834.45,133559,452029
2006-12-18,834.45,837.79,820.58,823.5,162205,341143
2006-12-19,823.39,825.58,814.74,823.08,164872,342709
2006-12-20,822.98,830.17,822.87,827.15,113363,344909
2006-12-21,827.25,831.53,819.95,823.29,140161,346607
2006-12-22,823.5,824.33,817.03,817.76,89061,348928
2006-12-26,818.8,829.86,818.28,829.55,59756,348887
2006-12-27,828.92,839.67,828.92,838.83,86597,354612
2006-12-28,838.94,840.6,833.82,835.49,87894,355765
2006-12-29,835.7,837.37,826.42,829.13,87894,355765
2007-01-03,834.66,838.52,817.87,827.77,202569,348402
2007-01-04,827.77,832.68,818.39,830.17,195050,354566
2007-01-05,829.97,830.38,812.13,812.75,202613,354064
2007-01-08,812.86,818.49,807.12,815.36,209815,354763
2007-01-09,815.26,818.7,806.5,817.03,196731,353394
2007-01-10,817.03,819.64,810.25,819.12,174565,355546
2007-01-11,819.12,831.01,817.14,827.04,177449,354047
2007-01-12,827.25,836.54,825.69,836.22,132844,355685
2007-01-16,835.81,841.86,827.77,829.13,162802,364263
2007-01-17,829.03,833.09,825.79,826.42,161784,358554
2007-01-18,826.21,828.19,814.01,816.51,194946,366569
2007-01-19,816.2,824.23,812.23,821.93,161931,362834
2007-01-22,822.04,825.48,812.65,815.68,153019,366118
2007-01-23,815.99,827.57,812.86,822.77,174930,368905
2007-01-24,822.77,832.99,822.35,832.47,135849,369215
2007-01-25,832.89,834.35,818.91,821.31,187584,368823
2007-01-26,821.83,827.04,814.74,823.81,191095,365462
2007-01-29,823.81,833.72,821.52,831.22,180948,369850
2007-01-30,831.22,837.06,829.13,836.22,143652,371603
2007-01-31,836.33,842.17,830.07,839.04,177912,369766
2007-02-01,837.16,846.97,835.6,846.34,159633,374680
2007-02-02,846.03,849.57,844.46,847.59,128207,375284
2007-02-05,847.07,849.16,842.79,846.45,134367,377830
2007-02-06,846.24,848.95,841.65,848.22,153809,378865
2007-02-07,848.22,856.35,846.45,856.15,164200,378311
2007-02-08,856.15,856.25,849.68,854.58,150943,381137
2007-02-09,854.58,855.62,840.08,846.34,188772,384037
2007-02-12,846.65,847.59,839.14,844.05,150119,384546
2007-02-13,844.05,850.83,843.53,850.41,151056,381822
2007-02-14,850.31,856.67,848.43,850.83,192995,398007
2007-02-15,850.93,855.31,848.53,851.24,145666,400203
2007-02-16,851.04,856.04,846.45,855.0,128969,399544
2007-02-20,854.79,865.33,848.43,862.82,177943,398922
2007-02-21,862.61,864.7,858.13,864.18,152589,403387
2007-02-22,864.18,867.72,859.07,866.89,173318,410024
2007-02-23,866.89,866.99,859.38,862.93,165573,410889
2007-02-26,862.82,867.1,854.37,860.63,178131,409745
2007-02-27,860.74,861.05,820.47,821.1,368794,442545
2007-02-28,821.62,833.2,817.55,828.92,281324,445658
2007-03-01,829.03,831.74,806.7,824.44,295081,447328
2007-03-02,824.75,826.84,806.5,807.12,249558,461545
2007-03-05,807.33,812.34,789.91,790.95,339549,478862
2007-03-06,790.95,816.72,787.83,811.71,284830,486855
2007-03-07,811.61,815.57,806.81,808.48,256269,505032
2007-03-08,808.06,821.3,806.0,817.37,408478,534847
2007-03-09,817.58,823.37,813.23,821.2,313795,546221
2007-03-12,821.2,824.51,816.65,823.26,307550,555498
2007-03-13,823.26,823.47,800.41,802.69,472433,574837
2007-03-14,802.89,811.06,792.76,810.75,466839,599020
2007-03-15,810.44,817.37,807.34,816.13,262676,566573
2007-03-16,815.92,818.82,808.79,811.06,181591,563892
2007-03-19,810.13,823.37,807.65,820.89,168636,403025
2007-03-20,820.89,828.02,817.89,827.71,155997,405275
2007-03-21,827.61,843.43,825.54,842.19,183897,407130
2007-03-22,841.98,846.53,838.05,842.08,150078,409737
2007-03-23,841.88,844.77,840.84,843.22,115973,410302
2007-03-26,842.81,845.6,834.95,840.95,165303,412781
2007-03-27,840.84,841.15,833.5,837.33,140816,413220
2007-03-28,836.81,836.81,825.23,831.12,208652,409473
2007-03-29,831.12,837.43,823.88,831.64,200080,411911
2007-03-30,831.85,838.98,826.26,835.47,205278,413558
2007-04-02,834.95,837.12,830.61,836.09,143378,417191
2007-04-03,836.19,847.46,836.09,845.08,150984,416746
2007-04-04,844.77,846.53,840.22,844.36,150984,416746
2007-04-05,844.36,847.77,842.91,844.56,80169,416255
2007-04-09,846.63,848.8,842.39,845.08,109253,420912
2007-04-10,845.39,850.04,843.01,847.25,130905,425655
2007-04-11,847.25,848.39,836.09,841.57,202757,428318
2007-04-12,841.36,848.29,834.84,846.94,171924,432062
2007-04-13,847.15,852.94,843.74,852.53,142301,436048
2007-04-16,852.42,865.24,852.42,863.9,153366,440586
2007-04-17,863.69,866.49,858.52,862.04,183658,441484
2007-04-18,861.73,861.94,855.32,856.15,168543,440914
2007-04-19,856.25,856.87,846.12,851.8,212240,441846
2007-04-20,851.39,862.56,850.56,862.14,157149,446904
2007-04-23,862.25,864.0,857.39,860.69,124526,452076
2007-04-24,860.8,863.59,851.91,860.28,185691,455972
2007-04-25,860.38,867.83,857.8,862.66,176908,460181
2007-04-26,863.18,868.14,858.21,867.11,153275,462694
2007-04-27,866.28,867.21,858.21,863.28,159747,465164
2007-04-30,863.28,865.45,844.05,846.74,207057,476771
2007-05-01,844.67,848.8,837.84,848.08,216209,476587
2007-05-02,847.56,861.94,845.91,858.83,168007,481677
2007-05-03,858.83,863.07,856.77,859.87,159088,486657
2007-05-04,859.97,865.55,858.42,865.24,164437,490369
2007-05-07,864.73,867.31,861.73,862.87,116265,492534
2007-05-08,862.87,862.97,851.91,859.35,178881,495128
2007-05-09,859.35,869.38,855.83,863.07,188371,496980
2007-05-10,862.97,863.18,848.08,852.11,265590,500342
2007-05-11,851.91,860.8,849.94,859.97,167558,500957
2007-05-14,859.87,862.97,850.25,852.53,219863,521016
2007-05-15,852.42,858.83,842.91,844.98,286172,537523
2007-05-16,844.67,850.35,839.39,849.42,241479,548011
2007-05-17,849.32,850.15,841.67,842.6,207375,554997
2007-05-18,842.29,855.94,841.15,852.84,199208,557166
2007-05-21,852.73,868.14,851.6,863.49,205706,560205
2007-05-22,863.38,872.59,861.63,868.97,197467,564058
2007-05-23,868.97,876.93,865.04,866.38,192311,564100
2007-05-24,865.86,870.93,849.94,854.28,279559,567303
2007-05-25,854.49,861.94,853.77,860.07,137119,568447
2007-05-29,860.07,868.97,859.87,867.93,189829,568845
2007-05-30,867.73,873.72,858.83,873.21,216354,571981
2007-05-31,873.41,879.82,872.79,877.34,199207,571650
2007-06-01,877.14,887.27,876.83,882.93,200841,573102
2007-06-04,883.03,885.1,878.27,883.86,193258,579347
2007-06-05,883.65,884.68,873.0,879.72,295075,600762
2007-06-06,879.41,880.24,865.35,869.07,328945,614374
2007-06-07,869.89,873.68,851.04,851.35,587230,651719
2007-06-08,851.55,865.38,846.12,862.62,430186,664677
2007-06-11,862.41,866.61,856.78,862.62,391862,696632
2007-06-12,862.31,862.92,847.04,847.76,546470,715932
2007-06-13,847.86,863.03,845.2,859.24,428763,730474
2007-06-14,859.03,870.4,858.93,866.82,294742,747061
2007-06-15,866.82,880.44,866.1,877.16,224676,745786
2007-06-18,877.27,881.06,870.61,875.01,173769,516533
2007-06-19,875.22,878.5,867.94,877.27,189280,517232
2007-06-20,877.16,880.65,862.0,862.31,246768,516060
2007-06-21,862.21,868.35,855.03,867.94,281672,515321
2007-06-22,867.43,867.84,855.03,861.18,275696,521437
2007-06-25,860.98,866.1,850.53,855.96,282377,523532
2007-06-26,856.06,859.95,848.79,849.4,275884,523396
2007-06-27,849.4,866.92,844.38,866.3,279109,522162
2007-06-28,866.3,874.19,864.97,866.0,215958,528999
2007-06-29,866.0,873.78,854.83,862.72,262614,539820
2007-07-02,860.67,872.96,859.95,871.84,168586,536951
2007-07-03,871.53,875.52,871.22,875.52,168586,536951
2007-07-05,875.42,878.91,869.99,876.65,139692,544283
2007-07-06,876.04,881.06,871.84,880.03,132546,547091
2007-07-09,880.13,882.49,875.52,879.11,136012,552375
2007-07-10,879.31,881.26,863.13,864.56,266445,565219
2007-07-11,864.56,869.79,859.44,869.38,228564,569678
2007-07-12,869.27,882.59,867.64,879.42,194358,572054
2007-07-13,879.42,883.31,877.27,880.34,146453,571811
2007-07-16,880.44,882.59,872.66,875.52,180976,580446
2007-07-17,875.32,881.67,873.07,876.14,200191,578133
2007-07-18,875.93,875.93,860.67,873.27,318309,581507
2007-07-19,873.48,879.83,870.2,875.42,203958,578900
2007-07-20,875.42,877.57,855.03,862.0,357202,591191
2007-07-23,861.28,868.05,858.52,858.93,204054,597493
2007-07-24,858.72,860.05,832.7,838.03,344462,615885
2007-07-25,837.52,845.81,825.84,834.95,375401,618501
2007-07-26,834.24,837.93,801.76,811.6,538671,636686
2007-07-27,812.01,818.87,789.98,791.52,391110,643123
2007-07-30,792.95,810.78,790.18,806.06,321486,645182
2007-07-31,805.76,817.95,793.46,800.12,359960,659322
2007-08-01,796.54,805.14,783.42,800.53,424128,661189
2007-08-02,799.61,808.63,797.36,807.7,297387,662391
2007-08-03,807.29,809.85,773.38,778.51,358430,681980
2007-08-06,775.84,789.06,762.93,785.06,393938,691835
2007-08-07,785.16,801.56,778.92,796.13,353567,686119
2007-08-08,796.02,826.96,795.1,821.33,435548,690421
2007-08-09,820.61,822.25,800.53,802.27,435548,690421
2007-08-10,802.27,823.79,786.19,806.78,490539,661243
2007-08-13,807.4,825.02,800.43,801.45,292025,657210
2007-08-14,801.56,807.09,783.83,788.24,299943,653957
2007-08-15,787.83,798.48,771.03,776.35,377062,647434
2007-08-16,776.66,794.28,755.76,793.46,644714,612131
2007-08-17,793.26,825.94,779.63,809.24,463620,600213
2007-08-20,809.24,815.49,799.2,809.04,265495,591032
2007-08-21,807.45,815.59,803.2,811.49,265495,591032
2007-08-22,811.49,822.05,810.16,820.61,214226,586801
2007-08-23,820.51,829.32,806.88,810.37,214226,586801
2007-08-24,809.55,821.53,807.19,821.33,172148,590226
2007-08-27,821.74,821.74,808.93,809.65,172148,590226
2007-08-28,809.85,809.96,786.91,788.85,159143,590489
2007-08-29,788.85,809.14,787.52,808.73,221249,600162
2007-08-30,808.52,813.34,798.07,803.81,217573,598180
2007-08-31,803.4,818.05,803.4,814.26,175591,597429
2007-09-04,813.03,827.17,807.5,820.82,180874,602671
2007-09-05,820.61,820.61,807.4,814.16,227674,609846
2007-09-06,813.65,816.72,804.94,813.03,199334,613608
2007-09-07,812.83,813.85,791.93,799.41,270152,629793
2007-09-10,799.0,801.86,777.69,789.16,270152,629793
2007-09-11,788.75,803.2,787.83,802.58,234207,655623
2007-09-12,802.07,804.02,795.72,797.36,335689,696076
2007-09-13,796.95,807.33,793.39,798.58,442058,702163
2007-09-14,798.88,804.58,788.71,802.95,316613,696233
2007-09-17,802.65,802.65,793.39,794.1,400380,718766
2007-09-18,794.1,828.49,791.05,828.18,543640,728843
2007-09-19,827.47,843.65,827.27,838.87,485795,733345
2007-09-20,838.46,838.66,824.42,830.32,348597,764772
2007-09-21,829.61,837.95,828.79,831.13,159366,767284
2007-09-24,830.12,835.81,822.28,825.74,203473,576011
2007-09-25,825.64,825.64,815.77,822.38,191651,573647
2007-09-26,822.08,832.86,822.08,828.59,199935,571543
2007-09-27,828.59,834.39,828.39,832.97,168022,569217
2007-09-28,832.86,835.61,822.28,827.37,216236,580483
2007-10-01,824.62,846.19,822.18,844.26,227411,577795
2007-10-02,844.16,852.91,842.84,849.55,202435,572744
2007-10-03,849.55,851.38,842.84,846.9,180224,571781
2007-10-04,846.8,850.67,843.14,848.33,124999,568886
2007-10-05,848.53,868.07,847.21,865.01,206633,570423
2007-10-08,864.81,865.63,855.96,859.11,117118,568203
2007-10-09,858.91,867.25,856.47,866.44,167557,566769
2007-10-10,866.24,866.54,858.1,865.12,166349,566323
2007-10-11,865.01,872.95,849.55,855.15,292533,569609
2007-10-12,854.94,864.51,852.09,861.56,204502,565333
2007-10-15,862.37,863.59,842.94,852.09,255257,569246
2007-10-16,851.69,854.23,841.51,842.22,204747,572777
2007-10-17,842.94,852.09,832.76,844.87,251619,576190
2007-10-18,845.58,846.8,836.02,842.94,191536,577272
2007-10-19,842.63,844.06,811.5,812.11,307205,584416
2007-10-22,811.91,830.73,798.98,829.0,299025,583242
2007-10-23,829.3,836.83,822.89,834.8,231864,579763
2007-10-24,833.58,833.68,811.7,829.41,350698,578552
2007-10-25,829.41,835.51,816.08,827.68,290404,576750
2007-10-26,828.9,841.61,825.13,841.11,203567,575684
2007-10-29,840.8,845.58,834.59,840.6,174727,576279
2007-10-30,840.6,840.8,829.91,832.97,194529,580417
2007-10-31,833.07,848.84,825.54,846.8,259888,587682
2007-11-01,844.56,845.89,808.95,810.79,376961,623502
2007-11-02,810.99,823.4,802.55,814.65,352876,616202
2007-11-05,814.35,814.35,799.39,804.58,278856,619414
2007-11-06,804.27,820.04,799.29,819.64,255522,619078
2007-11-07,819.23,819.64,789.93,794.0,348911,631049
2007-11-08,792.78,801.12,776.4,795.63,385230,629415
2007-11-09,795.63,798.98,779.14,786.88,296874,635504
2007-11-12,786.06,799.59,778.03,778.74,277915,636660
2007-11-13,778.74,806.21,776.91,803.26,252224,252795
2007-11-14,803.26,810.68,794.0,799.19,255845,641313
2007-11-15,798.88,801.02,779.65,786.67,299298,639416
2007-11-16,786.57,793.59,772.84,780.06,316795,645772
2007-11-19,780.87,783.93,760.63,763.68,280688,648133
2007-11-20,764.09,772.53,749.54,767.24,327318,652361
2007-11-21,767.55,768.05,749.64,751.88,241639,650617
2007-11-23,751.67,774.67,751.17,768.16,241639,650617
2007-11-26,767.44,776.19,745.87,746.28,249611,660828
2007-11-27,746.38,760.63,742.72,756.56,256875,661050
2007-11-28,756.66,786.27,753.61,785.05,269247,650680
2007-11-29,784.74,788.3,775.79,778.84,209498,647055
2007-11-30,778.64,796.95,778.23,782.81,0,649230
2007-12-03,783.01,786.88,773.24,773.55,183197,652136
2007-12-04,773.55,774.36,761.75,766.53,201482,662120
2007-12-05,766.53,782.5,766.43,780.77,203709,662539
2007-12-06,780.67,801.43,777.31,799.39,254239,658369
2007-12-07,799.8,805.29,795.52,800.71,186613,661230
2007-12-10,800.31,809.36,795.42,808.45,181311,661227
2007-12-11,808.24,814.25,778.13,778.94,315556,675129
2007-12-12,779.25,804.68,776.4,785.86,411193,681114
2007-12-13,784.14,787.28,771.89,780.29,490280,718750
2007-12-14,780.49,784.54,765.11,765.41,380076,753229
2007-12-17,765.71,765.92,752.05,753.97,502126,815299
2007-12-18,753.87,769.46,747.8,767.44,493273,831076
2007-12-19,767.13,772.29,761.87,771.79,388735,864808
2007-12-20,771.69,785.05,762.78,784.44,315258,877694
2007-12-21,783.73,802.66,783.33,801.75,315258,564510
2007-12-24,800.74,809.75,800.13,807.22,46387,564344
2007-12-26,807.12,814.61,803.07,811.27,46387,564344
2007-12-27,811.47,812.18,786.16,790.01,157471,566386
2007-12-28,790.52,798.51,782.52,782.82,139036,573334
2007-12-31,783.53,785.25,771.59,781.71,114413,587646
2008-01-02,778.47,781.41,761.46,767.84,233245,597899
2008-01-03,767.94,772.29,755.79,760.05,198499,603750
2008-01-04,759.24,762.37,730.99,736.15,322081,621440
2008-01-07,736.76,743.75,725.53,735.75,296401,619081
2008-01-08,736.15,748.1,712.47,714.79,356546,627378
2008-01-09,714.79,725.02,700.52,721.58,388224,632266
2008-01-10,721.98,737.98,712.97,730.38,376069,638544
2008-01-11,729.88,730.89,713.28,716.82,282101,639265
2008-01-14,716.72,726.23,710.95,721.48,201269,643699
2008-01-15,721.98,722.49,704.06,709.94,290295,647000
2008-01-16,705.99,720.87,700.52,709.43,348312,654030
2008-01-17,709.33,716.21,689.49,692.42,377495,657611
2008-01-18,691.92,701.43,675.42,682.81,373739,652298
2008-01-22,683.72,694.24,645.35,679.77,489222,643366
2008-01-23,679.77,704.67,656.38,703.15,461750,640389
2008-01-24,702.04,714.79,695.05,701.63,285761,635293
2008-01-25,703.46,714.9,693.33,697.28,276485,623795
2008-01-28,697.28,713.48,684.22,712.47,250601,615831
2008-01-29,712.67,718.64,703.96,715.4,195383,612298
2008-01-30,715.1,726.84,700.12,700.52,329964,623116
2008-01-31,700.02,728.36,690.9,723.8,360494,627341
2008-02-01,719.65,741.62,718.14,740.91,273070,628348
2008-02-04,739.19,742.84,729.37,730.49,195099,618669
2008-02-05,730.89,731.19,710.34,715.5,304202,624706
2008-02-06,715.3,721.27,700.02,705.38,259004,632275
2008-02-07,705.48,717.12,694.14,715.0,313031,628408
2008-02-08,715.0,718.44,701.43,707.51,226281,628939
2008-02-11,707.51,713.78,698.5,707.91,227747,634086
2008-02-12,707.81,722.39,706.6,716.01,263002,644461
2008-02-13,715.81,731.8,713.68,729.78,226911,653289
2008-02-14,729.98,734.33,711.45,714.39,242877,645138
2008-02-15,713.68,717.02,702.65,709.94,197061,649178
2008-02-19,709.94,722.89,707.4,715.1,206780,653261
2008-02-20,715.1,721.68,702.85,720.46,270118,657141
2008-02-21,720.46,729.27,703.36,706.19,273859,661483
2008-02-22,705.99,708.11,691.01,703.46,252239,666028
2008-02-25,703.46,719.35,703.05,719.35,268167,667370
2008-02-26,719.05,733.93,714.19,725.63,261452,663437
2008-02-27,725.32,734.13,718.34,725.22,241200,662956
2008-02-28,725.12,726.13,710.34,712.16,218413,666240
2008-02-29,712.67,713.18,691.11,695.26,256992,677782
2008-03-03,696.57,698.5,682.3,692.32,252790,683544
2008-03-04,692.32,695.05,677.85,688.27,304132,696549
2008-03-05,688.58,697.28,684.22,694.35,300227,699854
2008-03-06,693.94,698.5,668.53,670.35,280658,720446
2008-03-07,669.85,678.15,661.14,668.73,335811,725682
2008-03-10,668.13,673.59,650.21,655.07,277587,735152
2008-03-11,655.17,683.51,652.13,682.6,398819,733579
2008-03-12,682.2,690.4,674.5,675.62,349677,757699
2008-03-13,675.01,690.1,661.44,687.06,670556,768863
2008-03-14,686.05,699.11,662.35,672.17,647064,785916
2008-03-17,671.47,684.02,648.27,659.62,692480,823065
2008-03-18,660.43,690.3,657.79,690.3,1783,881468
2008-03-19,690.0,698.61,669.95,671.77,498423,904765
2008-03-20,671.36,690.51,665.9,684.02,498423,904765
2008-03-24,684.53,714.41,684.13,710.36,187195,630201
2008-03-25,710.56,715.22,703.37,713.19,223417,635291
2008-03-26,712.69,713.6,704.28,707.22,197917,635310
2008-03-27,706.31,713.9,700.23,701.55,214884,633375
2008-03-28,701.75,706.41,690.1,692.84,175867,632485
2008-03-31,693.75,703.27,688.58,698.81,203789,636160
2008-04-01,693.75,719.27,692.33,718.76,248377,639240
2008-04-02,718.36,726.36,714.2,721.29,248377,638851
2008-04-03,720.99,726.05,714.31,724.43,181259,642733
2008-04-04,724.23,730.21,717.45,723.02,208293,643597
2008-04-07,722.41,729.8,718.86,720.48,159395,644747
2008-04-08,720.18,724.03,714.81,722.81,156243,646710
2008-04-09,722.81,725.95,704.99,709.34,156243,646710
2008-04-10,709.14,720.18,703.87,716.64,190015,654733
2008-04-11,716.53,720.08,694.25,697.19,194889,653851
2008-04-14,697.8,703.06,691.62,695.57,155775,656500
2008-04-15,695.77,701.55,692.84,700.74,169979,660086
2008-04-16,704.89,724.03,702.86,723.02,224088,672283
2008-04-17,723.93,724.13,712.28,718.96,175460,666942
2008-04-18,720.48,734.16,719.57,726.86,201173,667772
2008-04-21,727.07,729.8,723.12,725.95,201173,668229
2008-04-22,725.65,726.66,705.39,715.42,232119,660656
2008-04-23,715.42,720.99,709.44,714.71,173442,661721
2008-04-24,714.51,730.81,706.91,722.41,234583,666152
2008-04-25,722.21,733.85,718.66,729.4,169163,665162
2008-04-28,730.11,738.31,726.66,734.97,141016,667608
2008-04-29,735.07,735.57,723.52,728.59,154147,667914
2008-04-30,727.78,737.7,721.5,726.66,198620,667619
2008-05-01,725.24,739.52,722.81,738.71,186269,674146
2008-05-02,738.31,747.73,732.94,736.89,220308,672742
2008-05-05,735.57,737.8,729.3,733.14,136498,671885
2008-05-06,732.94,741.65,727.37,739.32,195052,677233
2008-05-07,739.73,743.07,723.42,726.97,207836,684195
2008-05-08,726.56,729.9,722.1,725.04,197791,691132
2008-05-09,724.54,731.42,720.18,728.28,179475,692038
2008-05-12,727.57,743.58,727.27,741.95,177404,700394
2008-05-13,741.14,747.32,737.9,746.21,191978,701233
2008-05-14,746.01,754.51,743.37,744.59,184115,702533
2008-05-15,744.39,753.5,741.55,752.28,174672,702103
2008-05-16,752.39,755.93,741.25,750.36,201475,704381
2008-05-19,749.85,758.06,744.89,750.36,209466,707418
2008-05-20,749.55,749.65,738.11,747.73,219171,711598
2008-05-21,747.63,752.89,732.33,738.71,286230,713203
2008-05-22,738.51,746.31,736.28,741.35,215882,717347
2008-05-23,741.04,742.26,727.37,732.33,191514,715718
2008-05-27,732.54,744.69,730.21,743.07,205414,725604
2008-05-28,743.17,748.74,739.42,747.93,189752,725204
2008-05-29,747.73,761.1,744.69,754.41,236341,736073
2008-05-30,754.21,758.46,751.78,758.26,154664,731758
2008-06-02,758.26,758.56,741.85,750.46,238119,732894
2008-06-03,750.66,756.74,740.44,748.74,248490,737326
2008-06-04,748.23,760.08,743.37,752.39,280114,744348
2008-06-05,752.28,774.46,751.17,774.06,266519,750760
2008-06-06,773.55,776.69,749.15,749.35,296489,737375
2008-06-09,748.94,754.01,737.7,745.7,268670,738024
2008-06-10,745.3,747.52,736.49,739.63,269940,739161
2008-06-11,739.63,743.37,727.07,727.27,326848,738873
2008-06-12,728.69,740.74,725.95,730.92,499954,741121
2008-06-13,730.51,744.19,727.78,743.37,374199,754233
2008-06-16,742.97,751.28,739.42,748.14,402276,756566
2008-06-17,748.14,754.11,745.6,747.22,422354,780210
2008-06-18,747.22,748.54,734.77,740.84,444457,766395
2008-06-19,740.94,747.93,736.79,746.92,389904,755953
2008-06-20,746.92,747.93,727.67,735.07,289697,762254
2008-06-23,735.07,740.94,726.26,726.26,196679,595999
2008-06-24,726.46,728.79,715.11,715.72,257413,599151
2008-06-25,715.92,730.41,715.01,723.52,228735,599470
2008-06-26,723.42,724.03,704.58,705.59,259464,610163
2008-06-27,706.1,711.06,699.82,707.92,254705,619656
2008-06-30,707.32,710.96,697.39,700.63,240523,624750
2008-07-01,698.91,700.83,683.82,699.01,318603,635842
2008-07-02,699.01,704.28,677.94,678.55,305086,654521
2008-07-03,678.65,682.7,667.2,672.57,190859,654736
2008-07-07,671.86,680.17,658.59,665.28,285892,661154
2008-07-08,665.18,692.53,657.48,691.72,290623,653235
2008-07-09,691.01,693.44,669.53,672.57,258477,670077
2008-07-10,672.57,684.73,669.33,679.66,322395,669368
2008-07-11,679.87,688.07,666.09,682.3,348360,672122
2008-07-14,682.4,692.93,668.01,671.15,280024,677861
2008-07-15,670.85,683.21,654.54,668.12,367300,674113
2008-07-16,668.82,695.67,664.47,693.64,283193,670082
2008-07-17,692.63,706.4,691.11,701.54,285287,666524
2008-07-18,699.41,709.34,694.45,699.62,236991,661241
2008-07-21,699.52,708.83,697.19,708.43,184895,653963
2008-07-22,706.81,727.88,699.92,726.36,288105,630143
2008-07-23,725.04,736.49,723.02,730.51,278005,623593
2008-07-24,729.8,732.13,709.34,714.0,246171,614212
2008-07-25,713.8,725.34,712.18,717.55,206597,596352
2008-07-28,717.95,719.47,702.45,705.9,189602,600476
2008-07-29,704.78,725.24,703.77,722.81,231414,595753
2008-07-30,723.22,731.73,716.74,727.07,223806,595343
2008-07-31,727.17,730.92,717.44,724.74,222914,592177
2008-08-01,723.52,728.59,713.6,726.46,233332,587104
2008-08-04,726.16,728.08,708.43,713.09,205638,592096
2008-08-05,713.29,730.92,712.08,730.31,219005,581480
2008-08-06,729.9,737.8,722.61,734.56,187416,578477
2008-08-07,734.56,735.37,720.08,724.84,201151,571227
2008-08-08,724.84,744.89,720.38,741.05,230991,574426
2008-08-11,741.05,767.58,739.93,760.09,318731,573885
2008-08-12,757.96,762.82,751.58,756.64,224223,575664
2008-08-13,756.24,760.8,746.21,756.85,241852,570527
2008-08-14,756.75,767.68,751.58,764.75,220842,567432
2008-08-15,764.54,773.96,755.63,764.44,193119,562458
2008-08-18,763.84,767.38,746.21,753.4,187949,564691
2008-08-19,753.2,753.91,734.97,739.73,224808,572261
2008-08-20,739.73,749.15,733.14,741.15,211020,570185
2008-08-21,740.64,741.96,730.92,731.93,167218,572740
2008-08-22,732.33,748.95,730.71,747.53,163212,572470
2008-08-25,747.33,748.03,726.16,731.02,164164,574682
2008-08-26,730.81,736.39,724.74,733.25,154750,573659
2008-08-27,733.45,745.81,729.3,740.74,167866,577476
2008-08-28,740.84,757.45,736.69,754.62,178661,579777
2008-08-29,753.2,755.73,745.6,749.45,147529,568868
2008-09-02,747.73,765.66,740.03,748.34,216592,565408
2008-09-03,748.54,757.86,743.07,751.48,230884,562284
2008-09-04,751.17,753.1,724.64,728.99,232557,566573
2008-09-05,730.21,731.42,711.27,727.78,248601,562541
2008-09-08,737.09,755.53,731.93,743.78,288856,551956
2008-09-09,743.48,750.06,715.82,718.46,272236,548976
2008-09-10,722.31,732.03,714.51,726.05,150883,128541
2008-09-11,723.22,733.15,708.72,729.6,272756,313954
2008-09-12,730.01,735.89,720.07,733.76,207024,389636
2008-09-15,728.69,728.69,697.26,700.61,363215,549414
2008-09-16,709.43,725.14,684.38,722.81,500394,746416
2008-09-17,724.03,731.22,678.3,685.8,423528,874822
2008-09-18,689.96,727.17,675.26,721.59,434067,932845
2008-09-19,724.74,776.14,724.74,763.47,0,0
2008-09-22,753.23,763.37,725.65,729.1,150485,495628
2008-09-23,735.08,736.9,713.38,713.99,231164,486113
2008-09-24,720.88,723.62,705.07,709.22,140879,500634
2008-09-25,707.3,721.29,705.67,713.08,158333,510913
2008-09-26,711.35,716.32,696.65,713.58,133820,496430
2008-09-29,717.33,717.84,653.76,659.14,233876,502595
2008-09-30,656.5,700.3,656.5,687.83,172264,494288
2008-10-01,689.35,689.35,670.8,683.98,125759,488699
2008-10-02,681.85,686.11,641.29,649.61,165614,481147
2008-10-03,648.39,664.71,622.64,624.97,176483,481147
2008-10-06,624.97,624.97,569.91,601.34,286714,481662
2008-10-07,600.84,612.09,558.96,563.63,268699,488462
2008-10-08,561.3,588.37,535.74,548.22,329427,480304
2008-10-09,546.8,570.01,491.03,494.78,282028,480304
2008-10-10,499.55,535.34,468.62,528.34,419068,491295
2008-10-13,533.11,584.82,533.11,579.65,212968,482167
2008-10-14,591.61,607.63,545.48,565.96,252045,481272
2008-10-15,557.65,569.81,496.41,503.6,227640,484588
2008-10-16,497.83,546.59,488.4,539.19,336946,477195
2008-10-17,538.89,561.7,520.33,524.9,224865,469190
2008-10-20,524.19,557.65,521.04,556.02,135193,467830
2008-10-21,555.31,560.38,534.43,541.52,140855,469683
2008-10-22,543.96,546.29,497.72,511.82,169945,481603
2008-10-23,516.89,524.49,471.36,493.77,232950,496464
2008-10-24,489.11,491.84,445.1,467.71,184600,499988
2008-10-27,470.35,482.01,444.6,446.22,149152,503492
2008-10-28,445.91,495.59,444.6,490.83,206025,506768
2008-10-29,489.0,513.74,481.2,492.76,183210,505406
2008-10-30,495.29,525.61,495.29,523.68,151989,503836
2008-10-31,520.54,547.81,511.01,543.96,213503,501112
2008-11-03,544.36,552.78,540.0,548.32,98307,489081
2008-11-04,545.07,561.7,539.8,549.74,120460,483019
2008-11-05,549.64,554.1,515.26,522.87,133339,492676
2008-11-06,514.35,522.36,500.36,503.6,154910,497201
2008-11-07,501.88,519.32,498.33,517.19,130352,493199
2008-11-10,526.82,531.39,494.18,502.29,132320,494999
2008-11-11,500.56,506.44,485.25,487.08,132323,499775
2008-11-12,487.79,487.79,457.47,457.47,240890,507569
2008-11-13,454.43,501.78,436.48,495.7,188340,509698
2008-11-14,494.07,495.7,451.79,453.92,152820,504673
2008-11-17,457.47,470.75,448.85,455.75,152821,496784
2008-11-18,454.23,464.87,434.86,460.41,186950,501763
2008-11-19,455.44,460.61,415.7,418.84,186946,504971
2008-11-20,421.28,423.51,384.78,387.61,248557,512168
2008-11-21,394.41,412.66,374.33,406.78,251828,506503
2008-11-24,410.63,445.1,402.11,439.02,178688,500441
2008-11-25,440.03,452.81,430.81,443.28,142317,499079
2008-11-26,443.28,475.72,430.4,472.07,1548,502417
2008-11-28,469.03,496.81,466.5,479.27,52043,503753
2008-12-01,478.56,479.57,418.13,424.01,170638,512134
2008-12-02,426.75,449.66,423.51,447.03,198770,509505
2008-12-03,443.48,463.96,434.76,459.4,198774,510156
2008-12-04,457.27,469.33,436.48,447.64,178579,515201
2008-12-05,446.62,468.02,427.87,463.15,199694,515201
2008-12-08,462.34,491.23,459.5,487.18,218090,521004
2008-12-09,482.82,499.95,467.51,474.91,213874,529610
2008-12-10,476.53,490.32,472.78,481.2,225750,528933
2008-12-11,481.81,481.81,442.57,454.63,352748,529727
2008-12-12,447.64,478.16,431.72,476.53,352748,535333
2008-12-15,476.23,480.79,447.94,461.53,314359,550238
2008-12-16,460.51,488.19,459.6,485.66,314359,550238
2008-12-17,485.05,498.03,477.55,489.31,300421,541337
2008-12-18,488.29,499.45,475.42,490.73,321112,553654
2008-12-19,490.32,502.79,484.54,490.73,300254,542554
2008-12-22,490.73,496.2,463.35,483.73,119177,421812
2008-12-23,484.64,486.67,469.03,471.06,87071,419250
2008-12-24,469.44,477.95,467.81,477.55,86551,422500
2008-12-26,477.85,480.49,477.85,480.49,60831,421404
2008-12-29,478.26,482.31,464.26,475.01,59834,422589
2008-12-30,475.11,491.64,473.39,491.54,85671,423551
2008-12-31,491.03,509.99,487.69,504.82,0,421741
2009-01-02,504.82,507.15,504.82,507.15,0,420274
2009-01-05,498.94,513.95,498.74,509.59,107785,419897
2009-01-06,507.15,516.48,500.16,516.48,103469,410290
2009-01-07,518.41,518.61,496.0,503.81,114202,414256
2009-01-08,505.02,507.86,496.3,506.65,92244,412349
2009-01-09,507.76,510.5,482.52,483.22,92244,415124
2009-01-12,482.72,486.87,470.55,474.2,93947,413910
2009-01-13,474.4,481.91,467.41,478.46,107678,409917
2009-01-14,479.07,480.99,453.82,458.69,129094,409694
2009-01-15,455.55,470.25,442.57,468.93,127270,412874
2009-01-16,469.03,476.03,454.53,470.04,127270,412874
2009-01-19,471.36,479.68,461.63,470.04,127268,420987
2009-01-20,461.93,468.02,432.83,438.61,128478,411238
2009-01-21,438.71,464.77,434.96,460.01,129609,412579
2009-01-22,461.32,465.38,438.41,449.26,144973,418908
2009-01-23,449.77,450.48,435.88,445.51,144973,424133
2009-01-26,444.09,464.16,438.0,454.02,109440,425551
2009-01-27,455.44,463.86,452.4,457.37,101957,420133
2009-01-28,462.14,480.79,462.03,478.87,122220,414040
2009-01-29,477.04,478.36,457.47,461.02,127310,408903
2009-01-30,461.93,465.38,445.81,448.75,135320,411073
2009-02-02,451.39,456.96,440.13,453.72,131003,401641
2009-02-03,454.94,461.22,449.56,455.95,122092,406443
2009-02-04,455.95,466.8,450.07,450.07,140870,402794
2009-02-05,450.07,465.99,447.23,457.27,130780,402358
2009-02-06,458.28,477.65,454.53,476.03,137376,400774
2009-02-09,474.0,476.94,467.61,471.97,90314,395245
2009-02-10,469.23,476.74,449.46,453.21,111160,404680
2009-02-11,455.24,457.27,446.22,453.52,159640,410700
2009-02-12,454.23,460.01,439.53,459.7,134410,412733
2009-02-13,457.98,462.54,448.55,449.87,1691,402138
2009-02-17,443.07,443.99,431.21,432.63,157492,408933
2009-02-18,432.33,440.24,423.4,425.64,141980,411856
2009-02-19,425.84,434.76,421.07,422.49,136500,410011
2009-02-20,421.78,422.09,406.57,414.89,159030,412162
2009-02-23,415.6,424.01,399.48,403.74,161010,411699
2009-02-24,403.94,418.84,400.69,415.09,183980,413916
2009-02-25,414.48,417.12,399.48,403.43,138080,411397
2009-02-26,406.68,412.45,396.64,399.38,181100,417236
2009-02-27,399.38,403.74,388.73,393.9,138077,421565
2009-03-02,390.96,391.57,371.59,374.74,173703,422208
2009-03-03,376.66,381.53,358.62,362.37,182190,423050
2009-03-04,361.96,380.82,360.95,372.0,182980,424892
2009-03-05,372.0,374.13,352.84,356.79,166110,420812
2009-03-06,356.99,362.87,346.75,359.43,182975,422168
2009-03-09,360.04,361.76,346.35,348.48,217700,421157
2009-03-10,348.68,374.74,347.87,370.28,285190,417953
2009-03-11,370.78,382.24,367.54,369.87,391880,426424
2009-03-12,368.34,398.25,364.36,396.52,391881,427506
2009-03-13,397.03,402.03,392.23,399.58,391881,428902
2009-03-16,398.15,407.13,389.98,394.07,359362,454929
2009-03-17,394.78,413.16,388.66,411.93,296590,484988
2009-03-18,411.63,427.76,404.38,425.41,232540,480180
2009-03-19,424.28,430.92,417.14,420.41,149250,457392
2009-03-20,418.77,424.8,403.87,405.7,182229,393261
2009-03-23,407.64,443.78,407.54,438.78,139770,392175
2009-03-24,437.76,439.5,421.63,424.8,139770,399111
2009-03-25,425.1,440.52,415.1,435.41,191068,395498
2009-03-26,434.9,454.5,434.9,451.13,186197,400009
2009-03-27,451.13,451.75,435.51,437.86,186197,391287
2009-03-30,436.13,437.96,414.59,423.57,158620,392463
2009-03-31,425.2,440.82,422.96,430.1,158617,389676
2009-04-01,424.8,437.25,418.26,436.54,189110,395414
2009-04-02,436.43,463.69,435.62,459.61,189108,393236
2009-04-03,459.1,467.16,451.24,465.94,189108,391626
2009-04-06,465.43,471.65,447.87,456.54,130700,392094
2009-04-07,456.34,458.18,438.58,440.93,130702,389693
2009-04-08,441.64,450.32,433.27,449.5,133867,383558
2009-04-09,447.97,478.39,447.97,475.13,133867,390840
2009-04-13,473.8,478.6,464.81,473.39,155110,387958
2009-04-14,473.8,476.35,460.02,462.87,155113,387357
2009-04-15,460.12,470.12,456.85,467.77,180560,386598
2009-04-16,467.57,485.84,462.77,480.74,180564,390612
2009-04-17,478.9,491.66,476.86,486.36,180564,397317
2009-04-20,485.54,485.54,460.12,464.3,133869,399691
2009-04-21,465.12,479.31,457.87,477.37,159962,400722
2009-04-22,475.13,490.75,468.8,475.33,185968,402025
2009-04-23,476.55,483.39,467.47,475.53,163630,399143
2009-04-24,475.53,491.77,471.04,487.99,163924,405100
2009-04-27,486.87,486.87,474.51,480.64,144929,404396
2009-04-28,477.68,488.81,471.35,480.74,167190,401825
2009-04-29,479.52,504.83,478.8,499.01,173880,400181
2009-04-30,498.81,511.57,491.56,496.87,173878,398236
2009-05-01,493.3,501.87,492.58,496.05,173878,393996
2009-05-04,496.56,516.17,496.56,514.33,139000,396095
2009-05-05,514.74,515.76,504.94,513.41,163120,395544
2009-05-06,512.59,521.17,503.71,515.25,164830,405047
2009-05-07,514.63,523.21,497.48,504.12,197190,401377
2009-05-08,507.18,521.47,505.14,519.02,164826,401426
2009-05-11,517.7,517.7,506.57,513.0,160030,403042
2009-05-12,511.47,517.7,495.65,506.26,160029,410573
2009-05-13,506.98,508.92,480.43,483.5,158040,420511
2009-05-14,483.19,496.36,479.0,487.99,158036,413370
2009-05-15,488.6,492.89,481.15,485.74,129190,421159
2009-05-18,486.05,504.94,480.74,502.69,129189,430422
2009-05-19,503.2,508.61,496.87,501.87,122541,431930
2009-05-20,501.16,516.17,497.18,498.1,153100,428327
2009-05-21,497.18,497.99,482.78,491.87,113010,431566
2009-05-22,492.28,496.97,484.31,485.95,1665,429445
2009-05-26,508.61,508.61,508.61,508.61,171754,429595
2009-05-27,508.61,512.69,498.91,500.14,160280,430155
2009-05-28,499.22,506.47,489.52,500.24,160284,429847
2009-05-29,500.24,514.43,499.01,511.78,160284,432538
2009-06-01,512.59,533.42,510.04,528.42,162390,433297
2009-06-02,528.42,539.95,525.76,537.2,122830,416817
2009-06-03,535.66,539.54,526.88,535.26,126330,411822
2009-06-04,534.75,542.71,530.46,541.69,143270,416680
2009-06-05,542.5,553.22,536.58,541.59,136940,414452
2009-06-08,540.16,542.71,529.95,536.17,173110,417960
2009-06-09,537.3,542.61,533.42,537.6,222060,439143
2009-06-10,536.28,546.69,525.46,536.17,222062,445464
2009-06-11,535.05,544.59,532.89,534.74,239470,470291
2009-06-12,533.71,538.12,528.38,535.76,300090,456133
2009-06-15,533.51,534.43,517.1,523.66,256590,451417
2009-06-16,523.76,528.17,512.27,514.74,269950,456284
2009-06-17,513.81,523.15,509.09,516.07,269953,442456
2009-06-18,517.92,522.53,511.97,520.58,115490,439606
2009-06-19,521.1,528.58,520.07,523.97,153234,360555
2009-06-22,522.84,525.71,502.73,505.81,137180,357855
2009-06-23,507.04,508.99,497.61,499.04,137176,355139
2009-06-24,499.45,511.66,497.91,505.71,129719,359271
2009-06-25,506.02,520.99,499.45,518.74,129410,360541
2009-06-26,518.12,524.99,514.63,520.17,118380,353893
2009-06-29,519.35,525.1,512.99,521.1,130480,349254
2009-06-30,521.61,525.71,516.79,520.28,130482,346662
2009-07-01,519.45,532.07,518.02,527.56,116099,350223
2009-07-02,527.15,527.46,507.56,510.12,128025,349504
2009-07-06,508.68,510.22,496.88,506.32,122550,352719
2009-07-07,506.02,508.27,493.71,496.78,177970,358336
2009-07-08,495.76,499.14,482.73,488.78,120540,370890
2009-07-09,490.53,496.48,488.07,489.71,130610,366257
2009-07-10,489.91,493.3,483.35,490.32,140230,364674
2009-07-13,490.43,504.58,484.37,503.04,118600,359811
2009-07-14,503.45,513.61,500.38,506.32,154620,358439
2009-07-15,511.86,527.76,511.35,525.1,126060,358617
2009-07-16,524.99,535.56,521.71,532.28,107850,360167
2009-07-17,531.15,534.64,528.28,532.38,112510,361252
2009-07-20,531.87,539.56,530.43,538.12,119890,358068
2009-07-21,536.69,543.56,529.3,538.33,112511,359517
2009-07-22,538.23,544.18,532.79,538.23,158530,361252
2009-07-23,538.02,560.79,538.02,555.56,105670,366600
2009-07-24,552.48,562.74,551.25,561.92,99012,366714
2009-07-27,561.92,566.44,556.59,563.67,133920,367950
2009-07-28,562.85,565.92,555.87,563.77,119010,368094
2009-07-29,562.54,563.97,556.28,561.72,151040,370545
2009-07-30,562.13,577.31,561.82,569.72,137880,372504
2009-07-31,569.31,575.87,565.61,570.23,125830,369717
2009-08-03,569.0,579.26,567.26,577.51,131010,369001
2009-08-04,578.33,586.54,571.97,585.41,131009,366123
2009-08-05,585.82,586.34,572.9,580.49,140844,370391
2009-08-06,577.1,583.67,568.9,571.67,156640,374632
2009-08-07,571.46,591.98,568.49,583.57,156637,371606
2009-08-10,582.75,588.9,579.98,586.03,105040,372343
2009-08-11,585.21,588.59,572.9,576.9,115534,370972
2009-08-12,576.9,592.18,572.38,585.1,155575,381851
2009-08-13,587.57,593.52,580.49,590.34,115896,379090
2009-08-14,590.85,592.8,570.95,580.49,156713,372980
2009-08-17,577.82,578.33,559.46,562.64,146467,375745
2009-08-18,562.23,572.08,561.61,570.23,119596,376715
2009-08-19,569.62,576.08,561.0,575.67,120497,379925
2009-08-20,575.36,583.16,571.67,581.82,113880,377437
2009-08-21,581.72,597.72,576.49,595.46,128561,381390
2009-08-24,594.64,601.52,591.87,594.75,111128,378649
2009-08-25,593.31,603.67,591.26,597.31,129905,380557
2009-08-26,595.88,601.62,594.03,597.93,122890,380991
2009-08-27,598.03,600.7,585.51,597.41,156202,387737
2009-08-28,597.52,605.93,590.13,594.03,135139,382748
2009-08-31,593.72,595.46,582.54,586.44,142170,379644
2009-09-01,586.03,595.16,569.92,571.87,240097,384722
2009-09-02,571.05,574.44,567.56,569.1,135812,386129
2009-09-03,569.0,576.28,565.0,575.05,147821,384943
2009-09-04,575.15,584.8,571.77,582.44,134270,389642
2009-09-08,586.54,591.57,583.46,590.75,135271,382137
2009-09-09,589.93,604.49,586.54,599.98,253115,389581
2009-09-10,601.73,609.76,596.06,608.53,305497,390261
2009-09-11,607.7,614.19,605.23,608.32,284667,404717
2009-09-14,606.98,615.63,600.29,613.16,299885,417633
2009-09-15,613.06,621.92,610.07,618.93,313953,435045
2009-09-16,619.03,633.35,618.62,632.32,190344,444650
2009-09-17,633.35,639.12,628.41,632.94,222418,454373
2009-09-18,632.22,636.34,627.58,632.63,121421,374646
2009-09-21,632.32,634.9,626.14,632.22,122390,377917
2009-09-22,632.53,639.22,632.32,637.37,123225,373094
2009-09-23,637.78,642.93,629.44,631.81,157569,369888
2009-09-24,630.47,635.31,613.37,617.08,191704,371972
2009-09-25,616.25,621.4,610.9,615.33,137743,375935
2009-09-28,615.53,632.73,611.41,629.13,130237,380369
2009-09-29,629.64,634.48,624.6,625.01,119399,379196
2009-09-30,625.73,630.47,611.51,621.09,215544,374719
2009-10-01,621.09,622.64,598.43,601.83,186833,371349
2009-10-02,600.29,601.63,590.61,595.96,159301,373174
2009-10-05,595.65,608.73,594.52,606.67,129403,372673
2009-10-06,606.06,620.78,605.95,616.87,155278,373143
2009-10-07,616.87,622.02,613.88,617.9,115044,372080
2009-10-08,622.02,629.64,619.86,625.11,149711,371017
2009-10-09,624.9,631.5,621.71,630.57,103740,369742
2009-10-12,630.78,637.37,627.69,630.36,89490,367918
2009-10-13,629.95,636.54,622.23,627.48,138532,366572
2009-10-14,632.94,641.59,632.01,638.71,149750,371167
2009-10-15,638.5,641.49,634.17,639.02,117024,374017
2009-10-16,639.94,642.93,627.79,632.73,163725,372432
2009-10-19,630.67,642.21,627.99,636.23,137491,375500
2009-10-20,640.25,643.24,626.14,632.22,150570,376634
2009-10-21,630.67,640.97,613.99,620.58,201546,378611
2009-10-22,620.06,632.94,613.68,630.88,157676,380645
2009-10-23,632.01,634.28,615.74,619.34,157676,380645
2009-10-26,618.42,628.3,608.01,612.54,167598,382190
2009-10-27,611.21,615.43,601.94,603.69,184020,388467
2009-10-28,604.3,604.92,580.92,583.09,204970,398115
2009-10-29,583.4,597.92,582.37,593.8,159201,391241
2009-10-30,593.9,594.31,574.54,578.66,243229,385303
2009-11-02,578.35,586.69,567.95,578.25,213925,381016
2009-11-03,579.79,586.18,569.59,584.94,177878,384777
2009-11-04,586.07,592.15,577.22,581.03,189920,386122
2009-11-05,579.89,597.4,576.19,595.96,147072,380924
2009-11-06,595.65,601.63,587.72,595.34,149510,383826
2009-11-09,594.52,608.73,594.42,607.09,107326,383133
2009-11-10,606.47,611.1,599.36,604.51,134119,383273
2009-11-11,605.75,614.5,603.69,608.53,118966,384194
2009-11-12,610.79,613.47,595.45,598.12,151154,390825
2009-11-13,596.99,605.54,591.74,602.97,137934,391497
2009-11-16,603.89,623.26,603.58,618.21,147282,396329
2009-11-17,617.8,621.2,613.47,617.69,97371,397365
2009-11-18,619.55,620.37,612.03,617.49,104086,399944
2009-11-19,617.49,617.59,597.51,602.97,146965,399928
2009-11-20,602.86,603.89,594.93,601.52,98582,398582
2009-11-23,601.63,619.45,601.21,611.93,123158,406236
2009-11-24,610.18,613.99,602.04,609.25,116157,403435
2009-11-25,609.76,615.33,608.42,609.35,72092,408693
2009-11-27,588.85,602.45,575.57,590.91,95305,412903
2009-11-30,591.94,598.02,583.6,596.58,156076,403851
2009-12-01,596.99,608.42,594.93,606.16,129783,408396
2009-12-02,606.57,618.31,603.58,613.47,130640,407582
2009-12-03,615.12,619.96,604.2,605.64,121400,410539
2009-12-04,604.72,625.42,604.72,621.2,195123,412105
2009-12-07,621.51,624.6,614.4,620.99,102718,408149
2009-12-08,624.18,624.6,609.56,614.6,145866,403451
2009-12-09,615.43,620.48,608.73,614.81,182826,400828
2009-12-10,616.36,621.33,609.54,613.36,261494,409488
2009-12-11,613.98,619.67,610.67,618.33,197140,404562
2009-12-14,618.02,627.84,615.74,626.7,234368,413515
2009-12-15,627.53,631.87,624.22,625.88,254771,428040
2009-12-16,625.77,633.12,625.36,630.22,194373,425149
2009-12-17,629.91,631.36,618.12,625.57,178579,420890
2009-12-18,625.46,631.36,619.26,629.6,122514,334859
2009-12-21,629.81,637.87,628.46,635.8,80485,332565
2009-12-22,636.01,644.39,636.01,642.94,66377,334281
2009-12-23,643.56,652.56,642.73,650.7,78512,338120
2009-12-24,651.21,654.83,651.21,654.21,78512,338120
2009-12-28,653.28,656.28,649.56,653.28,39854,337060
2009-12-29,654.11,656.59,651.83,652.04,41724,339511
2009-12-30,651.42,654.94,646.25,652.25,68828,339115
2009-12-31,653.9,655.66,642.22,645.21,52722,334756
2010-01-04,646.56,660.62,646.56,659.07,101003,339910
2010-01-05,658.87,662.07,654.73,657.73,88427,333701
2010-01-06,657.73,661.45,654.94,657.62,86819,336494
2010-01-07,658.45,662.49,651.21,660.93,107358,338624
2010-01-08,661.45,666.31,656.9,665.17,82906,341341
2010-01-11,666.0,671.07,659.69,661.86,93646,338349
2010-01-12,661.66,662.9,652.35,657.42,108310,338555
2010-01-13,658.04,665.59,652.25,662.8,102379,340044
2010-01-14,663.62,669.21,660.52,667.86,82921,340413
2010-01-15,667.55,668.69,652.45,658.35,132916,341840
2010-01-19,658.56,669.72,656.38,668.48,110867,344065
2010-01-20,668.48,668.9,651.63,659.8,138661,343582
2010-01-21,660.21,665.17,645.63,646.87,177828,347652
2010-01-22,647.08,651.11,633.84,637.36,196603,360432
2010-01-25,639.84,643.77,632.49,636.84,141503,360680
2010-01-26,638.18,639.73,630.32,631.67,136444,360381
2010-01-27,631.77,638.8,626.08,637.98,164374,360246
2010-01-28,638.6,644.08,621.02,626.19,177699,357358
2010-01-29,625.36,636.32,618.53,621.53,172773,360627
2010-02-01,619.88,628.56,618.64,627.32,133852,360991
2010-02-02,627.74,635.18,624.53,633.12,127509,364823
2010-02-03,632.91,635.8,624.95,632.7,128918,365642
2010-02-04,632.7,633.01,608.4,610.88,192017,376892
2010-02-05,610.05,612.74,598.16,610.16,213102,375680
2010-02-08,606.64,614.81,604.37,607.05,129654,379337
2010-02-09,606.74,617.4,605.71,612.54,167496,379393
2010-02-10,614.09,616.57,605.09,612.85,119018,381156
2010-02-11,614.81,627.74,608.3,624.64,128241,383013
2010-02-12,625.26,632.6,616.88,632.39,136943,388236
2010-02-16,631.67,640.87,630.22,639.84,103549,388909
2010-02-17,640.77,646.66,639.53,646.04,109895,396635
2010-02-18,645.11,650.39,642.42,649.66,116443,398520
2010-02-19,645.94,654.32,641.91,651.63,116506,393887
2010-02-22,652.04,656.07,650.49,653.28,89937,392378
2010-02-23,653.18,657.21,643.25,647.18,127444,390696
2010-02-24,646.56,654.01,644.08,649.66,109183,396716
2010-02-25,649.45,651.63,639.63,651.01,138045,399969
2010-02-26,651.73,654.01,644.49,649.35,115560,399734
2010-03-01,650.59,664.14,650.59,662.18,146748,405802
2010-03-02,663.62,672.31,662.07,669.93,132105,404481
2010-03-03,670.97,676.03,668.38,672.0,105863,403906
2010-03-04,671.48,675.41,668.9,674.07,116622,404763
2010-03-05,675.52,688.86,674.48,687.1,138108,402477
2010-03-08,686.27,690.92,686.06,689.06,101776,404904
2010-03-09,688.24,696.82,685.65,691.86,165494,406678
2010-03-10,692.06,701.06,690.61,697.65,222995,410499
2010-03-11,698.37,700.66,690.59,699.52,348599,413205
2010-03-12,700.03,703.46,694.33,700.14,222795,412062
2010-03-15,699.31,700.14,691.63,697.34,243027,416323
2010-03-16,697.23,703.15,695.26,702.73,241897,422973
2010-03-17,702.53,711.24,702.53,706.16,208188,428994
2010-03-18,707.4,710.31,703.56,704.19,190848,436910
2010-03-19,703.56,707.51,693.29,695.99,134308,370037
2010-03-22,693.29,707.51,689.34,705.85,134095,376098
2010-03-23,706.68,715.29,703.36,713.74,131904,375676
2010-03-24,713.11,714.26,706.37,707.4,119979,372716
2010-03-25,707.4,717.99,701.28,702.94,152157,373835
2010-03-26,701.38,709.9,699.41,703.04,120996,374763
2010-03-29,704.5,708.34,702.01,706.05,102397,373837
2010-03-30,706.78,711.56,702.63,708.23,107456,374043
2010-03-31,706.68,712.39,701.28,702.84,146634,372119
2010-04-01,703.77,711.14,701.07,708.03,120885,368900
2010-04-05,710.0,721.94,708.34,720.59,111586,373888
2010-04-06,720.69,727.85,717.37,725.36,109874,377191
2010-04-07,725.05,727.85,719.03,723.91,140261,374601
2010-04-08,723.6,726.92,715.92,723.39,118866,373100
2010-04-09,723.8,728.99,719.45,727.96,116322,371534
2010-04-12,728.68,732.63,725.98,728.79,100220,374334
2010-04-13,729.41,734.29,724.12,731.49,112315,376611
2010-04-14,733.35,748.72,732.63,747.47,145146,382908
2010-04-15,747.58,751.62,744.67,750.38,140515,383567
2010-04-16,747.78,750.69,734.81,740.93,242381,385543
2010-04-19,738.03,743.42,726.3,738.44,179362,384271
2010-04-20,738.75,750.69,736.16,747.47,137921,381286
2010-04-21,749.24,753.18,744.77,750.69,140935,383482
2010-04-22,748.3,761.17,740.0,756.71,187984,385469
2010-04-23,756.61,768.65,753.91,767.19,142290,386205
2010-04-26,767.09,773.32,763.98,764.7,152929,383077
2010-04-27,763.98,769.06,745.91,748.61,239383,385738
2010-04-28,748.72,753.8,744.98,750.9,164636,390565
2010-04-29,750.9,766.47,749.44,765.01,157513,398047
2010-04-30,764.81,767.61,740.93,742.7,205922,396940
2010-05-03,743.22,759.51,743.22,757.75,136637,383655
2010-05-04,757.44,758.68,730.45,737.71,234544,387799
2010-05-05,735.74,739.79,718.82,725.36,217057,392394
2010-05-06,726.5,729.2,653.12,693.7,392565,399159
2010-05-07,692.25,701.38,669.21,676.58,348390,386511
2010-05-10,682.28,716.85,682.28,714.26,195740,384754
2010-05-11,713.63,730.66,702.63,718.41,193488,393501
2010-05-12,715.19,742.9,711.04,740.72,182919,393910
2010-05-13,738.75,747.06,731.17,736.99,158232,395058
2010-05-14,736.05,739.38,710.73,722.14,200654,394802
2010-05-17,720.48,731.17,701.7,721.52,197340,392518
2010-05-18,721.83,733.46,703.25,708.96,198846,386971
2010-05-19,702.84,712.7,689.55,698.17,231025,396550
2010-05-20,701.38,702.11,657.99,664.33,328056,392525
2010-05-21,660.17,679.79,649.79,673.46,282126,386227
2010-05-24,675.43,677.3,661.01,664.53,157101,382564
2010-05-25,661.73,670.24,639.0,662.04,233244,380735
2010-05-26,668.79,683.01,658.41,662.04,194244,380589
2010-05-27,663.29,695.47,662.35,693.7,175978,381717
2010-05-28,694.01,697.44,680.62,686.23,171900,384128
2010-06-01,688.2,688.3,663.19,664.33,173972,388537
2010-06-02,666.4,685.09,662.87,683.11,127293,389754
2010-06-03,683.11,694.84,681.97,693.91,137115,387970
2010-06-04,692.56,696.09,656.02,659.86,202195,392529
2010-06-07,659.45,665.05,640.14,640.45,173889,393227
2010-06-08,642.53,649.48,628.52,638.27,285735,410403
2010-06-09,639.0,656.65,633.6,641.7,255770,421365
2010-06-10,648.79,663.9,639.51,660.25,319791,438438
2010-06-11,660.88,673.49,653.58,672.03,243141,422326
2010-06-14,673.17,689.02,670.67,677.97,317071,455019
2010-06-15,678.07,696.0,677.24,691.52,311686,440326
2010-06-16,690.68,698.08,684.33,692.25,266388,444198
2010-06-17,689.95,698.4,683.39,692.77,186502,442045
2010-06-18,692.45,698.08,688.49,690.89,118641,365454
2010-06-21,693.08,704.54,680.89,685.99,125331,376538
2010-06-22,687.87,695.27,668.9,669.42,170217,379939
2010-06-23,670.05,676.3,661.08,668.07,158335,378947
2010-06-24,666.92,670.67,656.71,659.21,171420,377573
2010-06-25,660.67,672.55,654.41,670.15,175424,380502
2010-06-28,669.84,676.09,662.02,667.44,127127,382503
2010-06-29,667.23,670.26,635.76,639.09,215497,382131
2010-06-30,639.61,648.79,630.65,633.46,185021,382979
2010-07-01,632.53,635.97,612.2,627.52,233593,384453
2010-07-02,628.98,637.84,617.52,620.02,155960,384827
2010-07-06,620.23,638.05,609.39,614.5,226825,391424
2010-07-07,615.23,638.78,608.97,637.95,183071,396308
2010-07-08,636.9,645.97,634.3,645.35,159580,398921
2010-07-09,644.41,654.31,641.49,652.02,118570,400648
2010-07-12,649.93,656.81,640.45,648.37,131219,411025
2010-07-13,650.56,672.76,646.39,665.25,184807,408469
2010-07-14,672.03,672.55,659.83,665.88,136043,402296
2010-07-15,665.36,671.19,650.87,656.81,167682,402292
2010-07-16,658.37,660.98,632.53,633.99,200671,403312
2010-07-19,633.88,639.82,625.23,635.13,138041,411460
2010-07-20,633.05,652.43,625.44,648.68,145270,407492
2010-07-21,649.93,654.73,635.13,637.22,176580,406688
2010-07-22,637.11,662.13,635.24,659.0,186511,411915
2010-07-23,660.04,679.32,654.52,677.03,175395,414799
2010-07-26,677.13,691.83,675.15,691.2,140400,405102
2010-07-27,690.68,699.85,686.41,689.12,150294,412324
2010-07-28,689.02,692.77,673.69,677.34,151663,415400
2010-07-29,677.86,686.51,665.04,675.05,174867,415794
2010-07-30,675.15,682.45,663.79,677.03,175436,417228
2010-08-02,678.28,692.14,678.28,687.24,140147,415280
2010-08-03,687.35,692.14,677.13,684.01,131659,413603
2010-08-04,684.12,691.52,679.53,690.27,121508,419020
2010-08-05,690.06,692.66,681.09,681.93,111480,418699
2010-08-06,682.76,685.16,664.0,677.45,172344,413355
2010-08-09,678.49,687.76,675.67,686.41,91926,419577
2010-08-10,686.41,686.83,666.92,672.55,168254,420048
2010-08-11,672.13,672.13,636.07,643.47,218024,434141
2010-08-12,638.36,646.49,631.48,640.34,164020,429626
2010-08-13,642.32,647.53,633.05,634.3,144398,438686
2010-08-16,634.4,644.1,627.84,640.66,140857,434242
2010-08-17,639.82,656.81,638.78,650.56,149716,431329
2010-08-18,650.97,659.73,644.1,647.95,148401,437487
2010-08-19,647.64,655.46,633.67,635.65,193917,443545
2010-08-20,636.38,638.88,625.23,636.38,149066,458129
2010-08-23,636.49,643.99,625.96,627.32,136932,455016
2010-08-24,625.54,627.32,611.16,619.92,182863,452390
2010-08-25,620.23,630.96,611.47,629.5,164506,458875
2010-08-26,630.96,637.22,622.31,624.71,153092,457877
2010-08-27,623.98,643.68,619.08,643.05,181910,459546
2010-08-30,642.22,650.87,625.86,626.17,120187,461248
2010-08-31,626.69,633.67,619.92,627.0,180342,455325
2010-09-01,629.3,652.64,629.19,650.24,173126,452299
2010-09-02,650.04,659.42,646.6,658.48,125470,448001
2010-09-03,658.27,671.19,656.29,670.15,144331,443266
2010-09-07,670.26,673.28,654.2,656.81,149427,445752
2010-09-08,657.02,665.88,653.06,661.5,216878,447802
2010-09-09,660.56,671.65,655.75,660.56,281295,448987
2010-09-10,660.66,667.04,658.99,662.65,311976,445453
2010-09-13,665.27,681.27,665.27,678.03,313426,448653
2010-09-14,678.97,682.73,673.84,677.3,280786,456154
2010-09-15,675.1,682.11,669.14,680.85,259396,458899
2010-09-16,680.54,680.96,669.66,677.61,145465,394081
2010-09-17,678.76,685.45,668.3,677.5,156626,394128
2010-09-20,675.52,699.16,674.99,695.71,143337,395249
2010-09-21,696.12,701.67,692.04,693.3,138984,395984
2010-09-22,692.88,697.17,679.6,685.66,139288,396364
2010-09-23,686.81,690.16,674.26,677.09,143463,402985
2010-09-24,676.04,699.78,675.31,698.22,138716,397569
2010-09-27,698.74,703.13,693.82,696.54,104630,395345
2010-09-28,696.44,705.64,685.87,702.82,171329,396992
2010-09-29,703.65,708.99,699.58,706.69,130692,396507
2010-09-30,706.37,715.27,698.53,705.54,185402,394391
2010-10-01,705.54,712.23,701.67,709.41,133708,394676
2010-10-04,710.56,711.08,693.51,699.58,132977,396362
2010-10-05,699.47,720.18,697.9,717.88,164977,395167
2010-10-06,719.87,721.75,711.71,716.21,110056,396036
2010-10-07,715.58,723.63,708.57,715.79,117608,393552
2010-10-08,716.42,726.98,706.17,722.48,125688,393025
2010-10-11,723.53,728.97,721.33,724.16,73830,392922
2010-10-12,723.84,728.45,713.8,724.37,128080,393922
2010-10-13,725.52,742.57,724.16,737.86,141233,397087
2010-10-14,738.07,743.19,729.39,739.53,149310,395435
2010-10-15,738.7,744.45,729.28,735.24,155943,394154
2010-10-18,735.56,741.31,729.18,739.32,102885,393477
2010-10-19,736.6,739.53,719.55,726.46,191812,394959
2010-10-20,724.58,737.23,723.74,733.05,135846,399553
2010-10-21,734.3,742.15,719.76,729.18,165861,397795
2010-10-22,729.07,735.14,727.09,734.41,89233,400033
2010-10-25,734.83,749.05,733.99,739.43,121291,400795
2010-10-26,737.96,742.88,730.43,737.76,109491,402806
2010-10-27,740.27,741.31,725.62,735.87,140790,401012
2010-10-28,736.5,742.67,727.92,729.7,129646,402356
2010-10-29,730.12,737.65,724.16,734.51,123999,400760
2010-11-01,733.47,742.88,723.11,731.48,150127,398216
2010-11-02,731.48,746.86,730.96,746.02,143425,399980
2010-11-03,747.69,749.58,735.66,749.26,144220,399158
2010-11-04,749.58,766.31,748.42,765.89,150082,399740
2010-11-05,765.89,772.38,761.5,770.08,119350,398344
2010-11-08,768.82,771.54,763.28,768.3,95330,398567
2010-11-09,766.83,772.9,755.01,759.2,123246,396146
2010-11-10,759.51,767.78,752.71,765.37,135470,399208
2010-11-11,761.29,767.57,756.37,764.01,101362,398459
2010-11-12,763.38,763.91,750.31,751.25,138934,397918
2010-11-15,750.62,760.56,749.26,752.82,114814,401979
2010-11-16,749.99,752.4,732.0,737.44,198210,400264
2010-11-17,738.7,741.63,734.72,739.11,108738,400850
2010-11-18,741.21,757.63,741.0,754.81,132370,406613
2010-11-19,754.6,758.05,746.54,756.9,105490,404701
2010-11-22,758.99,766.21,748.74,760.77,121205,406731
2010-11-23,759.2,759.51,746.12,752.71,140907,405447
2010-11-24,753.76,770.5,749.99,769.45,123314,408143
2010-11-25,771.86,772.06,770.39,770.5,123314,408143
2010-11-26,771.86,772.06,759.93,764.32,45300,407448
2010-11-29,766.94,771.02,751.67,764.22,135928,404736
2010-11-30,764.95,767.36,753.34,759.93,153452,400520
2010-12-01,759.51,778.76,757.32,776.04,134235,405957
2010-12-02,776.35,787.34,774.57,786.08,118064,399384
2010-12-03,785.66,792.36,778.45,789.43,105085,401687
2010-12-06,789.53,797.06,784.2,794.34,99362,402124
2010-12-07,793.51,806.48,793.3,799.16,208789,404710
2010-12-08,799.16,804.07,795.5,801.04,171952,414260
2010-12-09,802.61,807.02,794.32,801.98,218503,421309
2010-12-10,802.51,813.84,801.56,811.64,225474,420126
2010-12-13,812.79,816.46,807.23,809.54,284883,417669
2010-12-14,808.49,811.74,805.97,808.07,249549,420509
2010-12-15,807.54,815.31,803.35,805.03,238842,424062
2010-12-16,804.4,814.47,802.72,812.58,196349,415742
2010-12-17,812.06,816.46,807.33,814.36,100605,314705
2010-12-20,815.1,822.97,811.53,816.78,0,0
2010-12-21,817.3,828.0,816.88,827.16,69682,312016
2010-12-22,827.48,830.52,825.69,827.37,58937,311707
2010-12-23,827.27,829.89,824.65,825.9,45592,309165
2010-12-27,823.6,829.89,821.39,828.11,37052,310963
2010-12-28,829.16,830.73,823.81,825.27,44090,311200
2010-12-29,826.01,828.95,825.17,826.64,34138,312042
2010-12-30,826.22,831.15,824.65,826.11,46863,313152
2010-12-31,826.53,827.69,819.71,820.76,61403,312693
2011-01-03,823.28,839.65,822.02,833.98,111077,314522
2011-01-04,834.4,838.28,813.63,821.81,148327,317096
2011-01-05,820.97,832.51,815.1,831.26,102925,320993
2011-01-06,830.31,835.98,824.86,830.0,101053,319867
2011-01-07,829.16,833.25,812.06,823.28,148337,325505
2011-01-10,822.55,831.99,814.05,828.42,130293,328184
2011-01-11,828.0,836.19,826.85,833.25,101331,326128
2011-01-12,833.14,840.8,832.62,839.75,82229,326157
2011-01-13,839.86,842.48,834.61,839.33,84466,328673
2011-01-14,840.38,846.47,834.3,845.52,81943,326800
2011-01-17,845.1,846.89,837.34,845.52,81943,326800
2011-01-18,840.17,849.72,837.86,847.94,90711,323131
2011-01-19,847.94,849.3,822.02,824.44,168643,332347
2011-01-20,824.33,825.8,811.22,813.94,165424,333615
2011-01-21,813.21,821.6,808.91,809.85,112770,334694
2011-01-24,809.96,818.98,807.23,815.41,119697,330967
2011-01-25,815.41,817.83,807.23,816.46,128328,330690
2011-01-26,816.88,832.83,815.62,830.0,149523,330703
2011-01-27,830.21,835.87,826.01,831.57,113192,330376
2011-01-28,830.94,833.56,810.9,812.89,180156,330797
2011-01-31,811.74,823.49,805.24,818.56,131538,325440
2011-02-01,819.71,839.65,819.71,835.24,139160,335523
2011-02-02,836.4,840.91,832.93,834.4,91006,334545
2011-02-03,834.4,837.86,823.6,835.45,121637,333934
2011-02-04,835.45,839.02,831.36,837.65,97608,334670
2011-02-07,837.45,852.45,835.66,845.73,112034,333700
2011-02-08,845.52,852.76,842.8,851.82,92190,331442
2011-02-09,851.29,853.08,843.64,849.41,104744,335067
2011-02-10,847.2,852.76,841.64,851.61,119806,338107
2011-02-11,849.2,863.36,845.31,861.16,102339,338461
2011-02-14,861.26,866.72,860.42,864.3,75366,344295
2011-02-15,863.25,865.56,858.53,860.21,86306,345272
2011-02-16,860.74,869.03,860.42,867.03,95027,344294
2011-02-17,866.3,876.37,864.62,873.33,93818,344416
2011-02-18,873.33,878.99,871.44,875.32,87808,344616
2011-02-21,875.11,877.21,869.23,875.32,87808,344616
2011-02-22,875.11,877.21,850.87,852.24,161948,343954
2011-02-23,853.5,859.69,831.88,836.92,193322,341080
2011-02-24,837.97,846.89,828.11,842.17,182688,336621
2011-02-25,843.95,863.15,841.22,862.21,125775,346288
2011-02-28,861.58,870.6,856.12,863.36,127209,338187
2011-03-01,864.72,871.02,840.49,844.16,178469,343943
2011-03-02,842.8,853.81,839.96,849.41,150466,341264
2011-03-03,850.45,871.23,849.41,869.23,141423,344109
2011-03-04,870.28,872.91,856.54,865.98,136864,341439
2011-03-07,865.88,870.49,843.53,849.51,192334,341394
2011-03-08,851.08,869.13,845.1,864.72,175345,348211
2011-03-09,864.3,868.5,857.8,858.32,166771,349029
2011-03-10,858.22,858.43,835.8,838.01,394378,371599
2011-03-11,839.7,846.64,827.17,841.49,292779,367848
2011-03-14,840.43,842.54,827.7,838.22,319730,371421
2011-03-15,835.07,836.54,810.55,827.59,300185,374138
2011-03-16,829.91,835.17,815.28,820.23,442014,389677
2011-03-17,818.96,834.12,816.65,822.86,183777,399926
2011-03-18,821.6,834.54,820.86,833.91,134371,349219
2011-03-21,833.49,854.43,833.17,853.38,120871,353516
2011-03-22,852.96,856.75,846.33,848.33,105440,356618
2011-03-23,847.69,853.8,837.49,851.27,130061,357415
2011-03-24,850.85,860.85,848.54,858.43,113317,357541
2011-03-25,859.8,873.48,857.8,864.01,146903,365601
2011-03-28,862.43,870.32,859.59,860.22,86829,370101
2011-03-29,859.8,872.11,857.9,870.53,96878,367989
2011-03-30,871.06,883.37,870.53,882.74,98306,366685
2011-03-31,882.53,887.16,879.79,885.79,106472,364972
2011-04-01,887.16,894.21,885.69,889.79,107036,365383
2011-04-04,889.47,893.47,887.79,892.11,84910,369095
2011-04-05,892.63,901.68,888.74,894.0,104464,367945
2011-04-06,894.53,903.05,892.63,896.0,111589,372288
2011-04-07,896.42,901.89,889.58,891.58,138733,369568
2011-04-08,892.63,897.47,878.95,882.32,142005,368568
2011-04-11,883.05,886.53,871.58,874.95,111201,371549
2011-04-12,873.58,873.58,861.27,862.22,122829,371512
2011-04-13,864.32,870.43,858.53,863.9,137450,372071
2011-04-14,863.16,870.11,856.01,869.27,128738,370534
2011-04-15,870.32,878.21,864.64,877.58,108689,374222
2011-04-18,877.69,877.69,856.01,864.64,152248,380481
2011-04-19,862.64,869.48,858.53,864.64,112020,381127
2011-04-20,867.58,886.0,866.95,882.63,114413,386339
2011-04-21,885.48,889.47,880.32,885.16,78447,386610
2011-04-25,884.63,890.0,880.74,885.16,60830,387107
2011-04-26,886.74,900.84,882.74,892.21,114366,393647
2011-04-27,894.0,902.63,892.21,901.26,92370,392343
2011-04-28,901.47,912.73,898.52,904.42,98493,400034
2011-04-29,903.58,911.57,902.1,909.15,89639,400162
2011-05-02,910.42,917.68,896.74,897.26,122053,395629
2011-05-03,896.21,899.05,880.32,886.53,141869,398072
2011-05-04,886.11,890.11,869.69,873.79,173607,397102
2011-05-05,876.21,883.9,866.22,873.16,174676,399040
2011-05-06,872.11,886.84,870.74,873.16,165494,399222
2011-05-09,874.21,887.16,872.0,884.74,117459,401097
2011-05-10,886.11,900.42,883.27,898.63,112592,398552
2011-05-11,899.58,902.63,878.21,882.84,163956,406702
2011-05-12,880.42,893.16,872.22,890.95,161492,410416
2011-05-13,890.95,896.74,875.48,876.21,142174,409411
2011-05-16,875.79,882.11,859.69,862.22,171814,412974
2011-05-17,860.85,867.48,855.69,862.43,182325,415793
2011-05-18,864.11,878.0,861.9,876.85,118929,414600
2011-05-19,877.58,883.05,869.79,878.63,138023,410653
2011-05-20,878.42,881.48,865.37,868.64,142696,413064
2011-05-23,868.01,869.06,853.9,855.17,127564,415690
2011-05-24,854.64,861.8,849.8,851.59,142094,417473
2011-05-25,850.43,865.37,842.43,861.06,143801,420755
2011-05-26,860.64,876.0,858.53,875.27,149198,422258
2011-05-27,875.79,882.84,873.48,880.32,115397,421414
2011-05-30,880.74,883.05,878.85,880.32,115397,421414
2011-05-31,880.74,894.95,878.85,892.21,160313,422105
2011-06-01,894.42,896.63,862.53,863.06,204362,426047
2011-06-02,863.27,869.27,858.01,862.64,169847,421671
2011-06-03,862.85,863.8,848.33,849.9,167820,427031
2011-06-06,850.96,852.43,835.7,837.59,159319,429782
2011-06-07,837.17,845.7,836.75,838.54,152274,431301
2011-06-08,840.22,840.33,825.8,828.01,234496,439694
2011-06-09,828.44,838.37,827.8,832.45,252378,439228
2011-06-10,832.03,833.51,816.29,819.98,285438,443386
2011-06-13,820.83,826.75,813.33,817.87,353041,469646
2011-06-14,819.46,837.84,817.45,837.31,357951,481202
2011-06-15,835.31,835.94,816.81,820.94,351947,518866
2011-06-16,819.77,829.28,811.95,823.37,277973,544825
2011-06-17,825.37,833.72,818.08,821.99,163155,436595
2011-06-20,821.67,832.77,814.38,830.76,118183,437692
2011-06-21,832.03,849.25,829.81,845.87,162097,436525
2011-06-22,846.82,852.85,838.58,839.74,124426,435538
2011-06-23,837.95,846.61,823.15,842.81,221311,433385
2011-06-24,846.08,851.05,835.52,839.32,145280,436901
2011-06-27,838.9,849.25,833.93,847.77,145276,434912
2011-06-28,849.89,863.2,844.29,862.04,143317,435536
2011-06-29,862.36,870.28,856.76,865.32,157262,425839
2011-06-30,865.42,873.98,864.15,872.18,128732,419339
2011-07-01,871.23,886.56,869.44,884.02,131866,419001
2011-07-04,884.02,887.29,882.33,884.02,131866,419001
2011-07-05,887.08,888.99,881.8,888.56,121740,416009
2011-07-06,888.77,894.37,882.43,891.42,132094,418531
2011-07-07,894.37,907.58,893.11,905.26,136625,415265
2011-07-08,905.26,908.75,890.04,899.76,157026,411388
2011-07-11,898.81,898.81,876.94,879.58,161520,413985
2011-07-12,879.48,884.12,861.62,875.04,180299,418916
2011-07-13,874.61,891.73,873.87,881.06,165804,416276
2011-07-14,877.89,888.46,865.95,868.7,219908,411670
2011-07-15,868.91,876.2,867.01,875.25,150870,412429
2011-07-18,874.93,875.46,854.43,860.56,150714,408728
2011-07-19,862.04,880.43,861.41,877.26,141501,410018
2011-07-20,879.05,883.28,872.08,876.62,121002,405898
2011-07-21,878.0,889.83,870.49,888.14,152368,404191
2011-07-22,888.77,891.2,880.21,886.34,89729,401332
2011-07-25,880.64,884.02,873.24,878.0,116237,404251
2011-07-26,877.89,883.28,867.53,868.7,124641,404202
2011-07-27,868.7,870.49,842.49,843.02,203941,406575
2011-07-28,842.81,854.43,839.32,842.39,157251,407712
2011-07-29,841.86,845.98,824.42,840.59,217042,403924
2011-08-01,850.1,854.64,827.91,834.99,205794,407228
2011-08-02,835.31,840.8,805.61,807.09,233580,416793
2011-08-03,806.78,816.18,789.87,812.48,288518,420505
2011-08-04,814.81,817.55,764.09,765.57,348678,422554
2011-08-05,765.04,781.2,734.71,753.94,437021,418427
2011-08-08,739.68,747.71,675.01,681.98,474351,408111
2011-08-09,675.22,738.3,659.05,732.39,470759,410254
2011-08-10,735.03,736.08,694.45,698.15,405407,413209
2011-08-11,699.21,742.85,685.05,729.43,311420,416399
2011-08-12,728.58,744.64,713.26,736.4,201271,419984
2011-08-15,739.57,757.75,736.19,754.05,155037,421705
2011-08-16,754.26,754.26,734.71,746.02,208481,422149
2011-08-17,743.9,754.68,735.77,742.32,165016,428503
2011-08-18,740.52,741.37,694.03,703.54,283564,432613
2011-08-19,698.68,710.83,684.2,691.17,245152,435727
2011-08-22,690.96,708.61,680.82,686.74,192683,436740
2011-08-23,685.89,721.61,683.46,720.66,218606,436810
2011-08-24,718.75,734.39,708.93,727.52,176475,436853
2011-08-25,726.47,741.58,709.14,712.73,208208,442502
2011-08-26,714.1,731.22,696.46,728.9,218394,436939
2011-08-29,728.58,765.35,726.47,763.03,132485,443489
2011-08-30,762.08,773.07,750.56,763.03,162485,434111
2011-08-31,762.18,779.83,758.49,767.36,180721,430832
2011-09-01,767.36,776.77,745.59,749.08,189345,442995
2011-09-02,747.6,749.61,718.12,719.18,183215,469387
2011-09-05,715.9,718.33,697.83,718.33,183215,469387
2011-09-06,698.47,721.08,694.98,717.49,204759,456901
2011-09-07,719.81,749.5,719.39,748.45,201471,463314
2011-09-08,749.72,753.12,729.33,735.28,303653,471425
2011-09-09,732.31,741.86,703.21,713.19,361688,485000
2011-09-12,706.18,722.0,693.76,718.93,464533,494495
2011-09-13,719.99,732.31,707.03,729.12,464598,508605
2011-09-14,724.13,753.12,713.51,740.91,344280,513840
2011-09-15,740.69,757.69,736.23,754.29,242353,518326
2011-09-16,755.14,760.23,747.7,757.37,164973,449962
2011-09-19,750.57,751.0,732.41,740.69,163246,450856
2011-09-20,735.17,752.16,727.42,727.95,169089,452796
2011-09-21,728.59,734.64,697.9,699.17,211642,460027
2011-09-22,700.24,701.72,668.7,681.44,335606,472333
2011-09-23,686.22,692.91,667.0,688.98,220681,475291
2011-09-26,684.73,703.74,676.98,702.89,192113,477354
2011-09-27,700.98,734.96,700.45,718.61,216464,465993
2011-09-28,716.91,727.85,688.87,691.95,203239,468124
2011-09-29,688.77,709.16,681.01,703.21,199226,471623
2011-09-30,703.0,703.85,677.62,681.23,190930,470259
2011-10-03,679.42,687.28,639.07,641.3,264832,484640
2011-10-04,641.62,686.43,634.08,679.21,327822,493067
2011-10-05,681.76,699.92,674.86,693.23,211974,488922
2011-10-06,691.0,712.66,688.55,711.28,173229,486665
2011-10-07,711.17,718.71,690.25,696.41,198791,484608
2011-10-10,696.94,727.31,696.94,725.51,138134,474436
2011-10-11,725.19,732.2,715.21,728.48,151759,471353
2011-10-12,723.7,747.38,719.88,736.23,197781,469411
2011-10-13,737.72,744.09,726.25,737.19,152789,467665
2011-10-14,736.66,755.99,733.16,753.54,142614,461652
2011-10-17,753.76,761.19,724.55,728.8,150871,462976
2011-10-18,728.06,755.46,718.71,752.91,206605,455651
2011-10-19,745.9,753.86,731.56,737.62,163368,457525
2011-10-20,738.89,743.67,717.44,735.49,207313,460245
2011-10-21,735.7,755.88,734.32,754.92,140176,459516
2011-10-24,752.16,779.88,749.51,776.48,147638,457797
2011-10-25,774.15,783.7,753.97,756.52,179373,459940
2011-10-26,756.73,774.04,747.28,767.56,181596,461456
2011-10-27,769.69,815.99,767.46,810.46,232765,460952
2011-10-28,811.31,815.35,803.14,806.53,133719,452777
2011-10-31,804.41,805.9,777.54,785.08,145923,455263
2011-11-01,780.2,783.92,749.93,762.78,259409,456276
2011-11-02,760.66,777.12,759.28,775.1,158860,455403
2011-11-03,770.43,797.3,759.38,791.56,178624,451595
2011-11-04,792.3,796.02,779.56,790.82,141633,449232
2011-11-07,793.69,796.87,772.66,789.54,149658,449298
2011-11-08,789.76,802.07,778.61,799.42,157521,445678
2011-11-09,799.31,799.84,759.07,760.02,206253,449467
2011-11-10,759.81,776.06,754.18,766.18,166016,448596
2011-11-11,765.23,790.18,764.27,788.69,119475,445563
2011-11-14,791.14,795.92,771.07,779.24,130403,451407
2011-11-15,779.56,791.35,764.59,785.08,148738,451351
2011-11-16,784.66,793.79,770.43,772.45,160517,456937
2011-11-17,770.22,780.2,758.22,762.46,199520,463126
2011-11-18,761.08,774.89,757.26,763.0,123556,463396
2011-11-21,759.28,759.81,737.4,744.52,156993,463793
2011-11-22,745.79,750.15,734.0,736.66,133445,463285
2011-11-23,736.55,736.55,712.66,713.51,146697,468455
2011-11-24,714.89,722.22,708.31,713.51,146697,468455
2011-11-25,710.11,721.05,702.47,705.12,65023,472131
2011-11-28,717.23,741.23,717.01,740.27,157205,469180
2011-11-29,737.72,751.1,732.41,739.53,150310,471133
2011-11-30,734.85,783.17,729.12,782.32,199372,454633
2011-12-01,781.05,786.57,774.57,777.01,125874,452565
2011-12-02,779.77,791.99,776.8,778.29,126902,449407
2011-12-05,780.94,799.53,780.94,792.41,162600,442846
2011-12-06,791.35,798.46,785.4,789.54,142703,444543
2011-12-07,793.37,799.53,775.21,793.26,201596,448959
2011-12-08,793.69,799.88,763.27,767.22,276013,462141
2011-12-09,766.69,795.29,760.82,792.73,280368,457399
2011-12-12,790.49,793.69,768.18,778.85,387210,462089
2011-12-13,780.24,789.42,757.94,762.52,461600,465246
2011-12-14,763.7,767.75,747.8,751.64,253104,482859
2011-12-15,751.53,764.34,745.02,760.92,189235,479106
2011-12-16,762.52,777.04,760.28,766.69,142955,417532
2011-12-19,768.93,776.18,749.61,750.79,126694,418624
2011-12-20,755.05,784.72,754.2,783.66,154356,416607
2011-12-21,782.8,796.25,771.06,787.28,131387,416884
2011-12-22,787.07,796.04,784.08,791.87,89053,414007
2011-12-23,794.54,798.17,789.53,793.58,43002,412211
2011-12-27,793.9,801.26,789.53,797.42,56914,408746
2011-12-28,796.25,800.52,780.77,783.44,83348,408639
2011-12-29,784.72,793.58,782.69,791.45,59903,404788
2011-12-30,791.45,794.33,785.47,788.46,58425,400756
2012-01-03,799.98,810.02,797.0,799.88,121089,402600
2012-01-04,799.34,802.33,789.53,796.04,98154,401938
2012-01-05,796.14,803.29,781.84,796.14,132098,402895
2012-01-06,796.04,803.61,791.13,797.85,110599,402918
2012-01-09,797.85,802.87,792.51,800.62,97217,403607
2012-01-10,802.76,815.14,802.44,812.79,111177,399326
2012-01-11,810.55,817.7,807.45,816.31,102832,400871
2012-01-12,815.35,822.82,809.59,819.62,110944,401621
2012-01-13,820.47,821.75,805.96,814.92,121882,401187
2012-01-17,818.23,827.09,811.72,813.75,106385,403614
2012-01-18,813.96,828.91,811.94,827.52,120316,404166
2012-01-19,828.48,835.63,824.96,832.96,101848,405302
2012-01-20,833.07,837.23,829.12,835.42,94414,404795
2012-01-23,833.17,840.86,826.98,833.6,98486,405103
2012-01-24,833.07,844.49,824.1,839.15,116067,408633
2012-01-25,842.89,848.76,833.92,845.66,141600,403737
2012-01-26,845.87,852.38,840.0,845.55,124405,402776
2012-01-27,844.27,851.64,839.68,849.72,130737,404625
2012-01-30,852.06,852.06,837.34,843.63,117034,403535
2012-01-31,846.3,852.7,837.87,844.38,197247,401322
2012-02-01,842.35,863.59,840.0,861.67,137708,399287
2012-02-02,863.8,869.67,860.28,865.4,103180,395824
2012-02-03,866.04,887.92,863.59,883.55,143437,387209
2012-02-06,880.99,884.61,877.04,880.13,99219,390102
2012-02-07,881.73,885.47,875.44,883.33,109517,386636
2012-02-08,882.48,887.82,874.05,883.55,128691,386137
2012-02-09,880.77,887.07,872.98,879.38,154422,393679
2012-02-10,878.0,878.1,864.76,868.07,135135,394327
2012-02-13,872.55,879.49,870.1,878.1,111081,398321
2012-02-14,877.57,880.45,867.86,875.22,132289,402862
2012-02-15,874.69,884.61,864.12,867.97,171418,402830
2012-02-16,864.98,884.61,860.49,883.12,175412,412544
2012-02-17,882.91,888.99,881.63,883.23,96862,406311
2012-02-21,886.0,888.56,872.98,877.89,112731,408997
2012-02-22,877.36,881.31,869.46,870.42,120291,410313
2012-02-23,869.46,885.04,867.0,884.08,141628,409776
2012-02-24,885.15,887.92,880.02,881.09,101561,408070
2012-02-27,880.99,885.25,866.68,880.99,164088,409419
2012-02-28,881.09,886.85,873.3,879.38,136009,409135
2012-02-29,879.7,885.36,859.64,864.44,188902,407083
2012-03-01,862.84,879.06,859.64,871.06,175943,404193
2012-03-02,872.13,872.55,851.74,854.73,175711,411678
2012-03-05,854.84,859.75,847.15,859.32,147610,415427
2012-03-06,859.53,859.53,836.38,839.47,168568,416621
2012-03-07,841.39,848.97,840.54,848.54,159628,423595
2012-03-08,847.9,861.09,846.5,859.27,324918,461906
2012-03-09,858.09,876.96,856.05,873.31,262351,433236
2012-03-12,872.03,874.39,864.95,870.31,281060,439916
2012-03-13,870.95,888.54,870.42,886.93,285950,458679
2012-03-14,886.18,888.43,875.14,878.46,253030,460620
2012-03-15,877.92,887.58,875.56,886.93,201118,454950
2012-03-16,886.29,889.29,882.32,886.5,105818,379028
2012-03-19,885.97,901.3,881.25,893.47,137228,377775
2012-03-20,893.79,894.22,881.46,885.43,122015,375971
2012-03-21,885.64,891.54,882.11,884.36,114308,375837
2012-03-22,886.07,887.36,871.06,877.92,133745,376619
2012-03-23,878.35,888.86,869.88,888.33,109626,382666
2012-03-26,888.0,906.88,888.0,906.23,125292,376285
2012-03-27,906.13,912.13,896.48,897.87,96104,372204
2012-03-28,898.19,903.98,884.68,890.79,135175,374095
2012-03-29,891.33,895.62,878.25,890.68,131748,374338
2012-03-30,890.04,896.48,883.71,887.58,133101,370868
2012-04-02,890.04,898.62,882.0,898.3,129952,375497
2012-04-03,897.76,899.91,888.0,891.65,139481,379294
2012-04-04,890.26,890.79,872.03,875.03,175544,385538
2012-04-05,875.56,878.46,867.95,871.92,109998,385514
2012-04-06,872.78,874.81,854.65,871.92,108390,386229
2012-04-09,857.87,862.7,854.76,856.69,108389,390931
2012-04-10,856.91,860.44,836.42,840.07,213629,396218
2012-04-11,842.0,851.87,840.5,850.15,143913,393611
2012-04-12,851.65,867.84,848.86,867.31,142707,389290
2012-04-13,865.16,867.42,849.61,850.58,139590,391640
2012-04-16,850.9,858.94,844.57,852.94,147092,389992
2012-04-17,852.51,873.63,848.76,864.2,132687,391313
2012-04-18,864.31,866.13,854.76,856.05,127013,395726
2012-04-19,856.91,867.42,848.43,853.58,198350,400061
2012-04-20,855.51,867.2,852.08,859.27,121266,401716
2012-04-23,856.16,858.84,838.25,845.86,152021,409728
2012-04-24,845.86,860.77,844.04,854.44,110012,408985
2012-04-25,860.23,871.6,858.09,868.17,130657,407788
2012-04-26,868.92,877.17,863.98,874.81,114145,405588
2012-04-27,871.38,884.36,867.74,883.39,124097,397922
2012-04-30,884.68,887.04,872.35,873.85,95433,396025
2012-05-01,873.85,888.97,870.1,870.85,123873,397471
2012-05-02,871.38,876.42,862.7,873.85,117793,402491
2012-05-03,874.81,877.71,858.62,862.38,134187,404077
2012-05-04,862.48,868.38,842.22,843.5,153710,412556
2012-05-07,838.57,852.4,828.7,850.15,109488,415345
2012-05-08,851.01,851.54,834.92,847.79,146437,414494
2012-05-09,847.26,848.86,834.92,842.43,161398,416791
2012-05-10,840.71,851.97,839.43,848.76,128148,416648
2012-05-11,840.61,852.19,838.78,845.11,133263,422169
2012-05-14,842.22,848.22,830.1,831.38,131156,424659
2012-05-15,833.31,841.46,829.56,831.92,164307,430253
2012-05-16,833.31,839.75,824.41,825.06,142272,433379
2012-05-17,827.42,832.14,805.11,805.86,175415,439747
2012-05-18,808.97,813.48,797.28,798.14,176507,439751
2012-05-21,801.25,818.62,796.0,817.12,120353,440798
2012-05-22,817.23,825.06,808.33,812.3,131917,439673
2012-05-23,810.47,820.98,799.86,818.84,137580,442826
2012-05-24,814.12,825.06,809.08,824.09,137583,443372
2012-05-25,823.34,829.35,816.91,820.45,83570,442335
2012-05-28,823.77,829.35,822.16,820.45,83570,442335
2012-05-29,823.77,834.71,821.3,833.42,128759,441600
2012-05-30,831.92,833.42,814.12,814.55,141366,445995
2012-05-31,815.51,821.09,803.93,816.16,155828,451097
2012-06-01,812.4,812.94,788.6,789.88,180771,455048
2012-06-04,792.14,796.21,781.2,786.45,125895,456713
2012-06-05,787.2,799.86,781.74,799.54,120297,457455
2012-06-06,801.04,822.16,800.72,820.98,198887,458404
2012-06-07,822.49,832.73,813.44,815.92,240454,459430
2012-06-08,816.13,826.59,806.97,826.16,322965,471620
2012-06-11,837.91,842.0,802.23,803.3,351290,480906
2012-06-12,803.95,820.12,800.61,819.26,414045,482277
2012-06-13,817.86,821.31,802.98,807.18,270490,490554
2012-06-14,808.26,819.47,803.2,818.61,207402,502098
2012-06-15,817.86,828.74,815.38,826.7,128904,437874
2012-06-18,831.12,836.51,817.86,828.96,127679,435604
2012-06-19,829.71,847.5,825.73,841.9,138960,433255
2012-06-20,841.57,847.5,835.75,841.57,141980,432767
2012-06-21,839.74,843.51,819.15,820.34,159199,432749
2012-06-22,822.49,832.95,820.66,828.96,120891,433555
2012-06-25,828.21,829.18,813.87,815.7,116770,437671
2012-06-26,817.1,824.54,811.93,821.85,112639,435389
2012-06-27,820.98,834.35,818.5,833.92,105764,437581
2012-06-28,833.38,835.21,819.37,832.09,155845,438972
2012-06-29,828.64,860.76,827.88,857.42,167531,440318
2012-07-02,857.63,868.2,854.08,865.93,127728,439824
2012-07-03,865.72,879.95,865.29,879.19,73666,440281
2012-07-04,878.44,881.13,876.17,879.19,73666,440281
2012-07-05,878.33,884.48,872.83,877.79,118324,437622
2012-07-06,878.22,879.19,863.45,867.34,110316,436350
2012-07-09,866.26,867.66,860.33,866.69,94205,434594
2012-07-10,865.4,872.19,850.52,854.29,124888,434505
2012-07-11,854.4,860.11,845.88,850.73,108402,435622
2012-07-12,851.49,851.92,835.21,847.72,125939,439480
2012-07-13,848.47,862.92,847.29,860.87,95587,435979
2012-07-16,859.57,860.54,852.14,856.34,82922,434783
2012-07-17,855.91,863.45,846.96,860.33,124108,433515
2012-07-18,859.36,869.49,856.02,864.21,101185,433839
2012-07-19,866.15,870.57,859.36,860.98,96000,433686
2012-07-20,860.54,860.54,848.58,850.2,121011,434190
2012-07-23,848.36,848.58,831.01,835.97,117662,437515
2012-07-24,834.24,839.74,818.4,823.35,154022,442246
2012-07-25,820.88,833.16,818.4,826.7,111735,440700
2012-07-26,826.16,844.27,821.2,833.7,139747,444817
2012-07-27,832.73,859.25,830.9,858.71,140704,438990
2012-07-30,855.59,860.76,848.15,850.2,86372,436602
2012-07-31,850.2,856.23,843.3,845.78,102432,437406
2012-08-01,844.59,850.95,828.85,830.25,120193,438686
2012-08-02,831.44,839.2,820.77,827.13,132792,439867
2012-08-03,827.34,851.38,826.37,848.04,112563,437063
2012-08-06,848.36,858.07,846.64,853.43,73299,437039
2012-08-07,851.92,868.09,851.27,861.08,93379,432094
2012-08-08,860.76,863.99,856.56,859.79,59617,430623
2012-08-09,859.47,866.04,857.2,864.43,63913,430351
2012-08-10,863.89,863.89,856.12,861.3,66728,430081
2012-08-13,859.79,862.16,849.76,860.01,72272,430092
2012-08-14,859.68,867.23,853.97,857.96,76903,428625
2012-08-15,857.53,867.12,853.0,866.26,79898,431876
2012-08-16,867.66,876.07,860.01,873.16,104057,434704
2012-08-17,873.48,882.21,871.86,880.16,86567,438733
2012-08-20,880.16,882.53,872.73,878.76,69031,435786
2012-08-21,878.87,891.27,874.88,878.22,97201,431941
2012-08-22,877.15,878.44,870.57,873.91,94380,429994
2012-08-23,873.8,880.92,863.99,867.12,100708,429770
2012-08-24,867.55,873.48,863.13,870.03,79425,430681
2012-08-27,869.81,877.9,868.09,871.97,65964,432526
2012-08-28,872.73,878.33,869.17,876.5,77044,435080
2012-08-29,877.25,883.4,874.34,878.01,72731,436194
2012-08-30,876.28,876.28,868.2,868.52,68784,436964
2012-08-31,868.09,880.92,865.5,874.34,4226,436180
2012-09-04,877.68,887.92,867.87,887.06,137505,441817
2012-09-05,884.8,889.11,880.49,885.12,83740,441031
2012-09-06,885.12,904.85,884.8,901.51,116986,440745
2012-09-07,902.15,909.7,901.18,908.62,80955,436104
2012-09-10,907.76,910.35,900.86,902.59,71651,435356
2012-09-11,901.83,911.53,899.35,904.96,88223,435606
2012-09-12,904.63,913.15,904.31,912.5,160764,440138
2012-09-13,912.5,928.86,907.52,922.9,301802,441777
2012-09-14,923.66,937.42,923.66,933.19,271221,427332
2012-09-17,933.19,933.19,922.36,926.91,298710,432167
2012-09-18,927.13,928.43,920.09,924.85,207707,441653
2012-09-19,925.61,928.43,920.84,922.03,149823,443391
2012-09-20,922.36,923.01,912.29,919.87,145365,450576
2012-09-21,921.28,928.43,921.28,922.68,114593,380144
2012-09-24,921.06,925.07,915.75,920.52,106393,381205
2012-09-25,921.06,926.37,904.92,907.41,169981,383365
2012-09-26,908.39,910.66,896.8,898.2,113722,389750
2012-09-27,900.05,913.26,899.18,910.55,116854,387006
2012-09-28,912.07,912.18,901.35,903.84,119110,380634
2012-10-01,902.54,915.64,899.61,907.09,127970,379152
2012-10-02,907.09,913.15,902.54,907.3,86707,380623
2012-10-03,906.87,911.85,900.26,905.14,113663,378513
2012-10-04,905.79,913.37,900.59,911.53,116704,377094
2012-10-05,912.07,923.01,907.52,908.82,103103,375495
2012-10-08,910.01,910.12,902.86,905.57,67660,373208
2012-10-09,906.65,909.36,892.35,893.98,131918,375077
2012-10-10,891.92,896.8,889.43,892.14,95282,377346
2012-10-11,890.95,903.4,890.08,896.04,83840,376116
2012-10-12,897.99,899.94,886.61,887.7,91462,375332
2012-10-15,889.43,896.25,883.69,895.5,82989,375786
2012-10-16,896.9,904.16,894.95,902.1,81138,374872
2012-10-17,903.19,911.85,900.26,911.2,93324,372959
2012-10-18,909.69,911.64,900.8,901.89,119585,373709
2012-10-19,902.65,903.62,881.85,882.5,164382,370041
2012-10-22,884.66,890.08,878.81,888.24,100864,371317
2012-10-23,890.62,890.73,870.58,881.41,143118,369468
2012-10-24,882.39,886.61,875.89,880.44,90940,367188
2012-10-25,880.66,889.32,875.35,883.58,104381,368564
2012-10-26,881.41,886.72,870.91,879.46,5256,368686
2012-10-29,877.19,879.03,868.42,879.03,3979,369915
2012-10-30,869.17,875.89,865.49,875.89,93528,370064
2012-10-31,876.0,884.12,874.59,884.12,93528,367548
2012-11-01,879.79,895.82,877.95,894.52,142501,359023
2012-11-02,893.65,898.85,876.43,876.86,115936,360853
2012-11-05,876.32,886.18,875.13,884.56,88816,363432
2012-11-06,884.12,894.3,883.58,891.81,80640,366433
2012-11-07,888.89,895.5,864.95,865.6,190503,376171
2012-11-08,870.37,871.56,855.74,856.93,141089,375442
2012-11-09,857.48,865.82,849.78,860.29,121784,373185
2012-11-12,859.21,862.89,855.53,858.13,63836,372398
2012-11-13,855.53,861.37,850.65,851.73,116187,374265
2012-11-14,854.44,858.88,834.19,836.57,144140,384102
2012-11-15,836.14,838.84,825.74,831.37,146159,389418
2012-11-16,829.74,840.79,823.79,839.28,161847,391497
2012-11-19,840.58,858.99,839.6,857.15,114744,389634
2012-11-20,856.5,860.72,851.41,859.75,88713,391556
2012-11-21,860.4,863.32,853.79,862.35,2468,390315
2012-11-22,863.32,865.82,862.46,862.46,2468,390315
2012-11-23,863.22,874.59,860.51,873.62,51661,387567
2012-11-26,871.88,876.65,867.22,875.56,88451,384219
2012-11-27,876.86,879.9,872.64,873.83,110113,382434
2012-11-28,872.75,881.31,862.46,880.98,136007,378688
2012-11-29,880.66,893.11,879.9,892.14,145289,377828
2012-11-30,888.46,897.01,885.31,889.0,102755,379777
2012-12-03,889.65,898.1,885.42,888.35,90922,379130
2012-12-04,886.4,891.81,882.28,889.11,98306,379344
2012-12-05,888.56,896.36,881.63,888.24,129322,379345
2012-12-06,887.91,891.7,884.12,889.65,83475,380886
2012-12-07,889.86,895.82,886.18,890.4,97722,381358
2012-12-10,889.97,895.93,889.65,895.6,81218,382213
2012-12-11,894.09,906.54,892.79,906.11,125433,385157
2012-12-12,904.81,908.17,896.69,898.2,146912,388253
2012-12-13,897.99,901.36,889.29,891.79,265697,403126
2012-12-14,890.81,897.23,889.07,894.72,193800,408219
2012-12-17,898.2,906.58,893.64,905.71,267778,416166
2012-12-18,906.47,919.63,904.4,919.09,280347,439188
2012-12-19,919.74,924.85,916.04,920.39,204340,437449
2012-12-20,917.89,928.99,916.59,927.79,156874,436616
2012-12-21,925.94,925.94,907.99,920.5,119277,356532
2012-12-24,921.48,922.13,913.0,915.72,29293,352419
2012-12-26,916.91,919.09,907.67,908.32,45207,349231
2012-12-27,908.32,912.34,896.68,906.25,95754,348706
2012-12-28,908.1,911.15,895.48,897.01,61314,350824
2012-12-31,896.46,925.07,895.27,920.83,89247,351151
2013-01-02,931.81,950.09,931.7,949.43,147883,354116
2013-01-03,947.04,953.78,943.78,947.91,97871,352292
2013-01-04,948.35,955.74,946.28,950.3,87178,355282
2013-01-07,951.61,951.72,946.61,950.85,74780,351201
2013-01-08,950.63,952.04,944.21,950.2,72400,351712
2013-01-09,950.63,956.07,950.2,954.76,76168,351393
2013-01-10,955.09,959.88,950.63,957.05,98185,351392
2013-01-11,956.94,957.27,951.17,955.42,66737,351434
2013-01-14,954.76,958.46,951.83,954.65,73476,345358
2013-01-15,954.0,960.96,947.15,959.22,106651,359405
2013-01-16,959.98,960.2,953.57,956.39,67313,357710
2013-01-17,957.7,967.6,953.35,965.75,89570,358687
2013-01-18,965.1,969.88,963.36,969.12,2577,359171
2013-01-22,970.86,978.26,966.29,977.06,75672,364236
2013-01-23,977.06,977.6,969.45,974.23,66593,364061
2013-01-24,969.12,982.28,969.12,978.04,97169,365061
2013-01-25,976.73,984.02,975.21,982.39,96433,363562
2013-01-28,982.72,986.74,977.39,984.46,95462,363776
2013-01-29,983.15,986.96,980.32,986.63,82094,368784
2013-01-30,986.31,986.85,969.88,970.97,103994,369592
2013-01-31,971.62,981.74,969.23,979.02,111598,366347
2013-02-01,982.17,991.96,981.63,987.61,104854,365123
2013-02-04,989.24,989.24,974.67,977.82,101023,361279
2013-02-05,978.15,988.26,977.06,985.11,80247,361902
2013-02-06,985.33,990.0,978.47,988.92,90789,360997
2013-02-07,988.92,990.66,979.13,986.09,95840,358990
2013-02-08,985.65,993.7,984.67,992.61,75537,360350
2013-02-11,993.05,993.81,987.07,991.96,68083,359104
2013-02-12,991.96,997.84,988.7,996.42,71055,359961
2013-02-13,996.86,1001.32,995.01,1000.34,81127,361627
2013-02-14,999.9,1004.91,995.66,1002.29,71257,363312
2013-02-15,1001.97,1006.43,1000.12,1003.38,2079,366362
2013-02-19,1001.32,1014.59,1000.66,1013.39,76220,370418
2013-02-20,1014.04,1015.02,991.64,992.18,125765,368813
2013-02-21,992.94,994.03,977.28,985.0,142111,364391
2013-02-22,985.22,995.99,984.13,995.66,98023,365207
2013-02-25,995.33,1001.21,971.51,974.45,174746,365586
2013-02-26,976.73,981.74,970.86,975.21,152923,370108
2013-02-27,974.45,993.7,973.36,988.81,135341,375744
2013-02-28,988.81,995.77,985.76,990.0,111377,373206
2013-03-01,985.76,995.66,975.43,994.46,151930,376507
2013-03-04,993.92,998.05,986.2,996.86,121402,375581
2013-03-05,997.29,1009.91,995.99,1007.08,141453,378750
2013-03-06,1007.19,1012.95,1007.08,1009.26,231838,394506
2013-03-07,1008.38,1017.33,1008.16,1016.35,228888,409923
2013-03-08,1015.26,1025.74,1014.6,1023.77,292963,400996
2013-03-11,1022.68,1025.08,1019.19,1024.1,255944,414188
2013-03-12,1023.77,1025.08,1018.64,1022.57,193781,421685
2013-03-13,1023.23,1027.59,1019.19,1026.83,172196,420953
2013-03-14,1025.74,1036.32,1025.63,1035.56,116999,427610
2013-03-15,1036.11,1037.96,1031.52,1035.23,98882,373148
2013-03-18,1030.32,1034.14,1018.86,1030.98,129703,375682
2013-03-19,1031.85,1035.12,1016.79,1025.19,158540,374294
2013-03-20,1023.77,1035.34,1021.92,1031.41,98871,375695
2013-03-21,1031.41,1032.83,1022.14,1025.96,113309,372966
2013-03-22,1025.3,1034.14,1023.01,1030.43,89043,373674
2013-03-25,1029.34,1038.29,1022.24,1029.67,134943,374056
2013-03-26,1030.32,1035.45,1027.48,1033.7,94968,378111
2013-03-27,1034.36,1035.01,1021.81,1033.92,94736,381480
2013-03-28,1033.6,1037.63,1028.9,1035.67,89146,383655
2013-04-01,1034.36,1035.34,1015.7,1020.61,121476,379706
2013-04-02,1020.5,1029.23,1013.51,1017.33,118652,381081
2013-04-03,1017.55,1021.48,996.05,1000.2,153301,378007
2013-04-04,1000.74,1007.29,996.49,1006.85,116790,373783
2013-04-05,1005.87,1005.87,990.16,1003.58,125472,371016
2013-04-08,1003.25,1016.9,1000.42,1015.48,82047,370476
2013-04-09,1015.59,1018.42,1008.6,1010.67,93486,370979
2013-04-10,1009.58,1031.41,1008.6,1029.56,111482,373343
2013-04-11,1027.81,1036.65,1027.59,1031.63,80995,371753
2013-04-12,1031.85,1032.61,1018.42,1024.75,101750,361996
2013-04-15,1024.86,1025.74,977.39,981.32,215843,361938
2013-04-16,984.15,1005.65,984.04,1004.78,148733,362993
2013-04-17,1003.25,1004.56,977.17,986.66,180772,367193
2013-04-18,987.75,992.01,975.97,979.24,131393,371548
2013-04-19,983.39,993.32,976.95,990.16,109473,371091
2013-04-22,990.7,998.12,976.73,995.39,111995,372120
2013-04-23,994.85,1013.4,989.72,1011.88,131213,367240
2013-04-24,1011.0,1017.77,1007.62,1015.7,105218,365169
2013-04-25,1015.26,1028.9,1014.28,1024.1,89757,368584
2013-04-26,1021.7,1024.75,1013.4,1017.77,58580,368911
2013-04-29,1017.77,1027.48,1015.7,1025.3,69788,372378
2013-04-30,1024.75,1034.03,1020.93,1031.52,91439,376513
2013-05-01,1033.27,1033.27,1004.56,1005.22,157917,371997
2013-05-02,1007.51,1024.21,1006.31,1021.81,110891,368157
2013-05-03,1021.7,1046.26,1020.06,1038.07,120387,369979
2013-05-06,1038.18,1046.47,1037.63,1045.38,71897,364986
2013-05-07,1044.51,1054.11,1042.54,1053.02,83853,371698
2013-05-08,1052.04,1058.04,1048.77,1057.28,87763,373018
2013-05-09,1056.84,1057.93,1049.64,1053.79,79690,374460
2013-05-10,1055.64,1062.74,1052.91,1062.08,90443,375375
2013-05-13,1059.46,1064.37,1056.52,1060.99,67818,371183
2013-05-14,1061.54,1074.63,1057.61,1074.42,87700,372682
2013-05-15,1073.0,1081.62,1070.7,1076.27,91526,372333
2013-05-16,1077.25,1080.53,1071.25,1074.09,89278,377503
2013-05-17,1074.74,1086.31,1074.31,1084.89,85657,377055
2013-05-20,1083.69,1091.66,1079.98,1087.29,77287,371126
2013-05-21,1086.64,1091.33,1083.36,1088.06,78074,368888
2013-05-22,1088.39,1100.61,1064.59,1072.45,170585,365925
2013-05-23,1074.63,1075.62,1056.52,1073.98,129853,368442
2013-05-24,1075.94,1077.36,1060.01,1074.85,2415,366234
2013-05-27,1074.52,1079.0,1069.5,1074.85,2415,366234
2013-05-28,1075.51,1097.55,1075.51,1084.46,113859,364802
2013-05-29,1084.46,1085.77,1067.54,1077.8,126874,365713
2013-05-30,1077.47,1086.75,1073.43,1083.8,84739,368271
2013-05-31,1083.47,1085.55,1068.96,1073.0,128668,372603
2013-06-03,1071.47,1083.8,1063.72,1079.98,174929,382137
2013-06-04,1079.11,1087.18,1062.19,1072.12,143990,374767
2013-06-05,1071.47,1072.89,1053.68,1056.84,159275,368166
2013-06-06,1058.04,1070.16,1049.31,1069.5,168135,367725
2013-06-07,1069.18,1079.22,1066.34,1073.11,130315,367535
2013-06-10,1072.56,1083.26,1070.49,1082.6,175820,369369
2013-06-11,1082.49,1082.49,1061.54,1071.36,175823,370560
2013-06-12,1072.01,1079.54,1057.83,1058.15,227779,370625
2013-06-13,1058.7,1082.03,1049.94,1079.73,306788,381372
2013-06-14,1081.26,1081.26,1067.46,1069.21,238438,379877
2013-06-17,1069.65,1083.56,1068.89,1079.51,298893,394777
2013-06-18,1079.29,1093.96,1078.52,1091.01,258141,404879
2013-06-19,1091.88,1093.96,1072.5,1075.24,212973,408685
2013-06-20,1074.14,1074.25,1043.48,1047.53,292381,417804
2013-06-21,1048.19,1053.44,1036.36,1048.73,203456,339096
2013-06-24,1048.19,1049.61,1027.27,1037.78,194431,339261
2013-06-25,1040.08,1049.72,1031.76,1048.3,120334,341531
2013-06-26,1046.0,1058.48,1042.6,1051.03,107124,344775
2013-06-27,1051.03,1071.08,1050.38,1069.43,108534,346805
2013-06-28,1068.34,1075.57,1055.41,1067.46,141539,348347
2013-07-01,1066.15,1086.08,1062.97,1079.4,121658,349688
2013-07-02,1080.93,1088.27,1072.61,1080.49,122962,344325
2013-07-03,1080.6,1086.19,1070.86,1084.0,4472,346989
2013-07-04,1084.33,1098.56,1083.01,1084.0,4472,346989
2013-07-05,1096.15,1099.88,1082.36,1098.56,95872,347855
2013-07-08,1098.78,1106.01,1098.02,1102.4,95736,341942
2013-07-09,1103.82,1114.33,1102.4,1112.8,87206,345215
2013-07-10,1113.24,1121.45,1109.19,1115.65,100955,346204
2013-07-11,1123.32,1129.78,1122.22,1128.35,89856,351036
2013-07-12,1126.16,1135.58,1124.85,1130.65,84547,348060
2013-07-15,1129.45,1141.93,1129.45,1141.28,73365,349912
2013-07-16,1141.39,1142.59,1132.41,1136.13,75650,353702
2013-07-17,1136.13,1144.78,1132.84,1140.18,86962,351202
2013-07-18,1139.09,1152.01,1137.22,1145.44,78835,355435
2013-07-19,1145.0,1150.26,1141.82,1149.49,69215,353799
2013-07-22,1149.93,1153.76,1146.75,1152.88,62607,355706
2013-07-23,1153.43,1157.59,1148.28,1151.57,64669,356800
2013-07-24,1152.01,1157.16,1139.3,1143.36,93019,355621
2013-07-25,1143.36,1152.99,1134.38,1151.13,106724,362459
2013-07-26,1151.46,1154.64,1138.43,1146.31,72450,359474
2013-07-29,1146.75,1148.39,1134.38,1139.41,78706,359699
2013-07-30,1139.09,1144.23,1135.69,1142.92,77274,362047
2013-07-31,1142.37,1152.99,1141.17,1142.15,104505,367329
2013-08-01,1144.23,1160.44,1143.14,1157.27,90477,363633
2013-08-02,1157.37,1159.35,1151.68,1158.58,61759,359683
2013-08-05,1157.59,1163.07,1155.08,1161.21,50765,357276
2013-08-06,1160.33,1162.3,1146.75,1150.48,74565,357914
2013-08-07,1149.27,1149.6,1139.52,1143.25,77412,355195
2013-08-08,1144.45,1151.9,1140.62,1146.64,79245,356106
2013-08-09,1145.66,1151.46,1139.85,1145.33,88827,356899
2013-08-12,1144.56,1153.76,1134.7,1152.23,77225,362389
2013-08-13,1152.23,1157.59,1142.7,1150.15,84728,359201
2013-08-14,1149.93,1152.34,1144.01,1145.11,81160,358065
2013-08-15,1141.71,1143.9,1120.69,1122.88,136128,356167
2013-08-16,1124.19,1127.26,1116.42,1118.17,77982,356855
2013-08-19,1118.17,1121.56,1107.44,1108.75,91749,362332
2013-08-20,1109.08,1126.6,1104.15,1124.3,100820,359566
2013-08-21,1123.97,1128.24,1111.6,1114.55,129975,357377
2013-08-22,1111.49,1134.27,1109.84,1132.62,82258,358014
2013-08-23,1133.39,1137.55,1127.59,1136.13,58846,355750
2013-08-26,1134.81,1142.92,1131.31,1135.47,76378,356115
2013-08-27,1134.49,1135.91,1106.67,1108.2,132133,353746
2013-08-28,1108.31,1115.76,1106.12,1110.39,82443,351156
2013-08-29,1109.41,1126.82,1108.31,1121.56,88467,352932
2013-08-30,1122.44,1126.71,1103.05,1106.23,4055,349492
2013-09-03,1118.72,1126.6,1101.96,1112.91,126897,341453
2013-09-04,1112.36,1124.74,1108.86,1123.1,81063,343342
2013-09-05,1124.41,1128.79,1121.23,1125.07,72112,344106
2013-09-06,1125.72,1132.84,1108.75,1125.94,120779,346766
2013-09-09,1124.52,1145.22,1124.52,1143.36,97581,348279
2013-09-10,1144.34,1155.73,1143.03,1154.86,106361,351719
2013-09-11,1154.31,1158.58,1151.02,1156.28,114037,356092
2013-09-12,1156.5,1156.5,1147.27,1149.69,254467,359954
2013-09-13,1150.24,1155.51,1146.17,1153.64,215681,363686
2013-09-16,1159.58,1171.66,1154.08,1155.51,242484,367156
2013-09-17,1154.08,1170.46,1153.31,1168.92,174528,372374
2013-09-18,1169.58,1184.96,1158.59,1178.92,197024,378776
2013-09-19,1179.58,1185.51,1174.08,1180.57,135649,368991
2013-09-20,1179.25,1181.99,1173.75,1175.18,125910,328045
2013-09-23,1177.16,1179.25,1165.62,1173.64,110893,330732
2013-09-24,1173.42,1186.61,1168.48,1178.59,103976,331220
2013-09-25,1177.82,1187.05,1174.52,1175.29,98747,331042
2013-09-26,1176.72,1186.83,1174.41,1182.98,88888,334860
2013-09-27,1184.41,1184.41,1172.87,1177.71,77046,337088
2013-09-30,1170.68,1180.13,1162.1,1177.38,119991,345795
2013-10-01,1178.48,1194.3,1175.73,1191.99,105590,344696
2013-10-02,1191.77,1192.1,1179.91,1182.76,95022,339851
2013-10-03,1178.48,1185.29,1165.4,1171.99,144020,331296
2013-10-04,1172.21,1184.96,1170.35,1181.88,83243,331827
2013-10-07,1177.05,1177.6,1165.95,1166.61,102474,331645
2013-10-08,1166.39,1170.35,1146.17,1149.03,159436,327757
2013-10-09,1152.32,1155.07,1137.05,1144.08,138813,325476
2013-10-10,1146.06,1173.97,1146.06,1171.77,128408,326389
2013-10-11,1170.46,1191.01,1168.37,1190.13,98682,330594
2013-10-14,1180.9,1196.5,1177.38,1194.63,104070,332752
2013-10-15,1196.94,1198.04,1180.35,1184.63,118855,330892
2013-10-16,1193.31,1199.25,1186.5,1197.05,97439,332259
2013-10-17,1198.15,1210.24,1189.91,1209.69,90631,334272
2013-10-18,1211.67,1223.31,1210.35,1221.56,104480,335734
2013-10-21,1222.0,1226.61,1217.49,1218.81,82515,334814
2013-10-22,1218.92,1231.34,1217.16,1222.32,114973,337002
2013-10-23,1221.34,1221.67,1212.32,1219.36,97441,339593
2013-10-24,1220.24,1228.92,1218.37,1227.6,80275,341824
2013-10-25,1227.71,1230.79,1221.12,1225.95,76568,338031
2013-10-28,1225.62,1232.11,1219.69,1227.27,73015,338017
2013-10-29,1226.39,1232.76,1220.68,1229.47,85699,344821
2013-10-30,1229.14,1234.08,1209.14,1215.84,130639,345018
2013-10-31,1211.67,1216.83,1202.54,1206.39,111310,348519
2013-11-01,1207.38,1210.68,1191.88,1200.02,149629,354444
2013-11-04,1199.58,1216.72,1198.04,1214.3,81242,354802
2013-11-05,1213.86,1214.96,1202.21,1209.91,88343,354884
2013-11-06,1211.78,1219.47,1202.76,1205.18,89966,353585
2013-11-07,1203.53,1213.75,1183.31,1184.74,156483,353874
2013-11-08,1186.39,1209.03,1180.9,1205.4,130115,356111
2013-11-11,1207.27,1210.46,1199.8,1207.38,63036,352337
2013-11-12,1208.26,1209.36,1199.91,1208.92,82105,352881
2013-11-13,1208.92,1222.32,1198.59,1219.58,104104,353991
2013-11-14,1222.1,1223.97,1211.56,1219.14,93621,347109
2013-11-15,1218.81,1225.51,1216.17,1224.52,73266,349038
2013-11-18,1224.08,1230.35,1211.78,1215.29,96901,346603
2013-11-19,1216.39,1222.32,1203.42,1208.59,118529,347532
2013-11-20,1208.59,1216.72,1202.1,1207.71,89855,347513
2013-11-21,1208.37,1230.02,1204.96,1229.03,107213,356217
2013-11-22,1229.36,1236.83,1226.72,1234.74,82348,360610
2013-11-25,1235.95,1240.57,1232.98,1237.16,63168,363323
2013-11-26,1238.15,1248.48,1235.95,1245.84,75248,371028
2013-11-27,1245.84,1254.63,1244.3,1253.31,2962,375187
2013-11-28,1253.97,1258.48,1253.97,1253.97,2962,375187
2013-11-29,1257.49,1261.12,1252.0,1254.63,42177,378461
2013-12-02,1254.52,1256.5,1237.38,1241.34,110988,370645
2013-12-03,1242.54,1243.64,1228.81,1233.42,96920,369613
2013-12-04,1234.52,1241.45,1218.59,1231.78,124375,364819
2013-12-05,1232.54,1236.83,1227.16,1231.56,107784,365060
2013-12-06,1232.54,1249.03,1232.54,1241.34,112750,361260
2013-12-09,1242.65,1246.5,1235.51,1242.32,91392,356425
2013-12-10,1243.2,1245.4,1228.26,1231.23,104005,353964
2013-12-11,1233.64,1234.74,1206.94,1210.57,184696,356920
2013-12-12,1210.9,1216.96,1207.15,1211.01,252699,356552
2013-12-13,1210.79,1220.49,1207.81,1215.09,251704,362618
2013-12-16,1214.64,1232.28,1203.62,1229.97,238308,359324
2013-12-17,1230.08,1232.72,1221.26,1228.31,222854,369120
2013-12-18,1229.08,1248.15,1218.28,1247.49,181240,369236
2013-12-19,1246.72,1249.25,1235.15,1236.14,140960,365540
2013-12-20,1236.8,1262.04,1236.25,1260.94,98709,290075
2013-12-23,1260.94,1272.62,1260.94,1271.52,56255,292347
2013-12-24,1270.2,1280.78,1269.31,1279.9,24394,293142
2013-12-26,1280.78,1285.63,1275.93,1278.46,38583,292194
2013-12-27,1277.58,1283.2,1272.62,1277.25,40250,294347
2013-12-30,1275.49,1279.79,1273.72,1274.83,46707,296197
2013-12-31,1274.94,1283.2,1274.61,1280.12,49069,296433
2014-01-02,1274.27,1276.81,1259.73,1267.0,89535,297149
2014-01-03,1267.66,1273.72,1262.92,1271.74,70004,298043
2014-01-06,1270.64,1277.8,1259.28,1261.82,105877,293510
2014-01-07,1260.61,1276.59,1260.61,1271.08,95407,294623
2014-01-08,1269.76,1275.49,1264.13,1272.95,86665,293431
2014-01-09,1272.4,1279.34,1265.02,1272.51,95200,290908
2014-01-10,1273.06,1281.0,1267.88,1280.01,84223,292587
2014-01-13,1280.01,1280.78,1254.99,1264.69,126286,291042
2014-01-14,1265.24,1280.45,1262.48,1278.35,120087,293672
2014-01-15,1277.91,1289.04,1276.92,1288.16,84705,294528
2014-01-16,1289.04,1290.04,1283.86,1287.28,65499,294974
2014-01-17,1288.6,1292.79,1282.1,1285.74,1931,293710
2014-01-20,1285.41,1286.62,1282.43,1285.74,1931,293710
2014-01-21,1287.94,1295.33,1282.98,1291.91,82620,294198
2014-01-22,1291.36,1300.73,1288.71,1298.74,63133,294671
2014-01-23,1301.28,1302.05,1281.33,1291.03,110186,292560
2014-01-24,1291.36,1294.33,1253.77,1255.65,171470,290141
2014-01-27,1257.08,1265.68,1231.73,1240.77,182203,291686
2014-01-28,1241.76,1260.39,1238.67,1252.89,140990,295753
2014-01-29,1260.39,1262.59,1229.86,1235.04,183089,295033
2014-01-30,1237.68,1259.5,1232.39,1244.62,139572,290726
2014-01-31,1246.94,1251.68,1229.63,1243.63,145685,289733
2014-02-03,1241.21,1247.38,1197.67,1201.53,217636,291970
2014-02-04,1205.94,1217.84,1200.54,1206.71,151593,287550
2014-02-05,1208.47,1208.8,1188.19,1199.87,157434,286379
2014-02-06,1203.4,1218.17,1200.43,1210.02,129891,287990
2014-02-07,1210.24,1227.54,1201.31,1226.88,164158,290802
2014-02-10,1226.55,1230.96,1217.62,1228.97,97947,290745
2014-02-11,1230.74,1244.29,1227.65,1239.77,112717,290189
2014-02-12,1239.44,1251.79,1238.12,1246.06,106008,293713
2014-02-13,1244.62,1263.8,1233.6,1261.05,115298,295418
2014-02-14,1259.84,1265.13,1253.33,1263.14,4125,294551
2014-02-18,1264.02,1279.34,1259.95,1276.7,107688,294567
2014-02-19,1275.05,1281.44,1262.81,1263.91,120369,293496
2014-02-20,1265.9,1280.34,1257.74,1278.46,110894,295886
2014-02-21,1279.68,1286.51,1278.13,1282.21,90510,297974
2014-02-24,1282.87,1300.07,1278.13,1292.35,103686,304401
2014-02-25,1292.35,1299.18,1287.72,1294.22,106950,304668
2014-02-26,1295.11,1308.99,1290.15,1299.52,134195,306912
2014-02-27,1300.73,1309.44,1290.92,1308.55,116307,309701
2014-02-28,1307.34,1315.72,1294.11,1302.71,166732,316318
2014-03-03,1294.33,1299.74,1280.89,1295.33,168852,317090
2014-03-04,1296.98,1336.44,1295.99,1328.83,182491,324834
2014-03-05,1328.39,1331.15,1323.76,1327.51,113002,321371
2014-03-06,1327.62,1332.47,1323.32,1326.3,115065,324562
2014-03-07,1328.06,1336.66,1318.91,1326.96,126124,324787
2014-03-10,1323.87,1325.64,1313.07,1323.21,109717,326647
2014-03-11,1320.57,1327.62,1302.05,1306.13,149791,328905
2014-03-12,1305.25,1314.28,1295.77,1313.18,170114,335127
2014-03-13,1315.28,1318.93,1289.63,1295.49,350870,343905
2014-03-14,1295.16,1306.44,1288.74,1301.13,261864,337935
2014-03-17,1299.47,1320.15,1292.95,1307.21,245338,344498
2014-03-18,1307.76,1329.0,1302.46,1326.12,238644,357662
2014-03-19,1327.34,1329.11,1308.21,1317.61,214244,353812
2014-03-20,1317.72,1324.24,1308.98,1322.14,124249,355100
2014-03-21,1320.7,1332.31,1312.08,1312.85,128625,311042
2014-03-24,1310.75,1320.15,1286.09,1297.15,132562,313487
2014-03-25,1298.48,1313.63,1289.19,1298.25,129433,316083
2014-03-26,1299.8,1309.64,1269.94,1271.93,167255,319523
2014-03-27,1275.03,1280.67,1261.87,1268.4,147677,316477
2014-03-28,1270.5,1287.97,1265.08,1268.4,148520,316587
2014-03-31,1271.71,1295.71,1271.71,1294.38,109340,319272
2014-04-01,1290.07,1313.18,1288.74,1311.52,98411,318490
2014-04-02,1310.75,1316.39,1307.21,1314.73,98411,317629
2014-04-03,1314.29,1317.16,1295.82,1302.79,105624,315955
2014-04-04,1303.78,1311.97,1265.85,1272.05,191382,320080
2014-04-07,1272.82,1273.04,1244.29,1252.36,159303,318162
2014-04-08,1255.68,1267.84,1245.39,1259.77,138628,316752
2014-04-09,1260.32,1279.57,1259.0,1277.35,111913,314633
2014-04-10,1279.01,1280.01,1236.44,1241.64,167782,321146
2014-04-11,1242.63,1245.62,1219.41,1225.71,170390,318985
2014-04-14,1223.17,1242.85,1217.53,1228.7,139721,315048
2014-04-15,1229.25,1240.09,1206.25,1236.0,196942,315968
2014-04-16,1236.66,1248.16,1234.67,1243.29,145354,313619
2014-04-17,1240.75,1259.11,1238.43,1254.46,106587,313870
2014-04-21,1255.13,1260.32,1246.39,1258.78,63926,314485
2014-04-22,1259.55,1277.24,1256.23,1273.04,98521,313459
2014-04-23,1272.6,1274.59,1263.42,1267.51,100842,315910
2014-04-24,1273.04,1275.58,1251.03,1261.76,128918,319742
2014-04-25,1261.76,1262.42,1234.45,1238.98,127033,323060
2014-04-28,1240.31,1249.38,1213.55,1234.45,194909,324955
2014-04-29,1235.22,1243.51,1231.35,1234.45,123402,324889
2014-04-30,1233.01,1245.95,1220.4,1242.52,152957,326592
2014-05-01,1244.4,1252.36,1227.15,1242.74,168105,311802
2014-05-02,1242.41,1256.34,1239.98,1243.63,149030,310140
2014-05-05,1243.63,1246.72,1226.93,1238.65,121259,313015
2014-05-06,1239.64,1243.18,1220.96,1222.73,139531,314033
2014-05-07,1221.4,1227.48,1203.7,1223.5,176978,316101
2014-05-08,1222.95,1235.11,1206.58,1211.11,183808,316571
2014-05-09,1208.57,1222.73,1202.16,1221.4,144161,319681
2014-05-12,1221.07,1255.24,1221.07,1249.04,150227,313487
2014-05-13,1249.49,1253.36,1235.88,1236.33,146056,316593
2014-05-14,1236.11,1238.54,1214.87,1217.97,177108,321335
2014-05-15,1218.19,1220.73,1192.87,1208.46,198102,324713
2014-05-16,1208.46,1218.85,1199.5,1215.98,126827,321147
2014-05-19,1217.97,1233.34,1209.34,1231.13,105320,318698
2014-05-20,1229.69,1232.12,1203.82,1209.9,170541,321273
2014-05-21,1208.57,1223.17,1205.36,1218.08,141404,322887
2014-05-22,1217.75,1233.45,1216.75,1228.92,110510,319766
2014-05-23,1228.7,1244.29,1227.15,1242.96,2600,322718
2014-05-27,1250.7,1264.64,1249.38,1261.98,108860,324621
2014-05-28,1261.21,1266.41,1249.82,1255.57,112153,324229
2014-05-29,1255.46,1261.98,1251.92,1260.43,88091,324239
2014-05-30,1259.44,1260.66,1247.94,1253.14,108156,320589
2014-06-02,1253.8,1256.79,1236.88,1245.28,108961,323550
2014-06-03,1245.17,1248.27,1234.12,1242.63,98224,323404
2014-06-04,1242.63,1250.48,1234.78,1248.93,83060,324944
2014-06-05,1249.04,1276.36,1245.17,1275.14,157514,326731
2014-06-06,1275.92,1291.51,1274.81,1289.96,98804,326953
2014-06-09,1290.07,1305.33,1285.09,1298.81,104306,326935
2014-06-10,1298.36,1298.59,1288.3,1296.37,107464,323116
2014-06-11,1296.04,1296.04,1282.33,1289.41,124223,325193
2014-06-12,1289.3,1292.85,1276.64,1283.08,261165,329230
2014-06-13,1282.63,1287.96,1273.86,1284.85,226850,332783
2014-06-16,1283.63,1291.29,1276.19,1290.07,245712,346474
2014-06-17,1291.18,1304.62,1285.97,1297.96,253246,357277
2014-06-18,1298.07,1309.95,1290.85,1309.39,197327,363934
2014-06-19,1309.39,1313.28,1300.29,1308.73,138502,367542
2014-06-20,1306.95,1314.72,1305.62,1313.5,81017,308866
2014-06-23,1313.84,1319.17,1306.73,1309.06,86791,311066
2014-06-24,1308.28,1320.83,1295.4,1297.07,129304,313375
2014-06-25,1295.85,1308.62,1284.08,1307.28,120551,316282
2014-06-26,1307.62,1309.51,1294.85,1306.06,108523,318150
2014-06-27,1306.17,1316.39,1299.07,1312.5,120908,322036
2014-06-30,1311.62,1321.72,1306.95,1321.72,100039,327642
2014-07-01,1321.16,1344.37,1320.17,1333.71,154481,331972
2014-07-02,1335.38,1337.93,1325.83,1328.94,91471,331686
2014-07-03,1328.94,1337.6,1326.38,1336.27,3055,330985
2014-07-07,1335.16,1335.82,1312.5,1313.84,104472,333301
2014-07-08,1313.06,1313.06,1290.18,1300.73,151279,332445
2014-07-09,1300.73,1305.84,1293.96,1300.18,108593,332935
2014-07-10,1299.62,1300.62,1266.42,1285.52,168735,341046
2014-07-11,1282.19,1293.74,1276.86,1283.3,97253,342899
2014-07-14,1283.3,1299.51,1283.19,1289.85,92959,340575
2014-07-15,1289.74,1293.63,1269.53,1278.97,144571,342467
2014-07-16,1278.97,1285.97,1269.09,1273.86,148019,338940
2014-07-17,1271.53,1274.42,1247.88,1253.65,173953,342303
2014-07-18,1251.1,1276.53,1248.1,1272.97,130070,338300
2014-07-21,1271.64,1272.31,1260.2,1268.31,111747,336112
2014-07-22,1267.42,1285.3,1267.42,1276.97,101221,336754
2014-07-23,1276.53,1287.41,1275.64,1280.52,91422,336996
2014-07-24,1281.52,1289.85,1274.75,1276.64,108801,339633
2014-07-25,1275.31,1276.53,1261.42,1266.53,113392,343987
2014-07-28,1267.09,1271.31,1251.54,1260.98,104820,345506
2014-07-29,1260.87,1272.75,1255.1,1263.2,104819,346359
2014-07-30,1265.76,1276.08,1263.65,1269.98,116803,344258
2014-07-31,1269.42,1269.75,1237.88,1239.99,188816,349141
2014-08-01,1241.55,1246.21,1224.89,1234.55,215248,356736
2014-08-04,1233.44,1246.88,1225.23,1243.66,126108,354820
2014-08-05,1243.88,1251.65,1233.0,1241.33,165887,354184
2014-08-06,1242.55,1254.65,1229.89,1245.66,122148,354502
2014-08-07,1246.21,1255.1,1235.33,1239.55,148235,358003
2014-08-08,1239.33,1253.99,1227.22,1250.43,123665,355722
2014-08-11,1250.54,1274.31,1250.54,1263.31,110139,356500
2014-08-12,1264.31,1266.53,1249.77,1254.65,112375,356117
2014-08-13,1255.76,1267.98,1254.98,1266.09,87879,357370
2014-08-14,1266.53,1270.31,1261.54,1269.64,73027,360631
2014-08-15,1269.53,1279.75,1252.43,1266.75,153641,363145
2014-08-18,1271.2,1284.85,1270.42,1282.19,78206,365503
2014-08-19,1282.19,1291.52,1280.52,1286.85,75589,363912
2014-08-20,1286.96,1287.08,1276.53,1281.63,97354,368360
2014-08-21,1281.97,1287.74,1270.09,1284.63,93047,371202
2014-08-22,1285.19,1290.3,1278.3,1287.3,97181,370343
2014-08-25,1288.19,1299.73,1286.74,1290.52,81945,372196
2014-08-26,1291.74,1305.18,1288.63,1303.29,85359,372435
2014-08-27,1303.62,1307.51,1297.85,1300.18,65488,371498
2014-08-28,1300.84,1301.07,1288.96,1295.07,83570,372453
2014-08-29,1296.51,1303.73,1290.63,1302.95,2655,373102
2014-09-01,1300.4,1304.4,1299.96,1302.95,2655,373102
2014-09-02,1303.84,1311.62,1300.29,1307.62,122834,378474
2014-09-03,1308.28,1319.06,1297.62,1299.29,118838,388575
2014-09-04,1300.62,1311.39,1291.63,1295.4,105115,389638
2014-09-05,1295.85,1301.18,1285.3,1299.18,117119,390515
2014-09-08,1299.62,1303.73,1292.74,1302.07,93226,392520
2014-09-09,1301.4,1304.06,1283.41,1286.3,156341,397689
2014-09-10,1284.52,1293.96,1280.3,1292.85,177058,396314
2014-09-11,1292.52,1304.11,1283.7,1302.11,272763,400458
2014-09-12,1302.55,1304.56,1282.48,1287.83,332011,408856
2014-09-15,1284.49,1288.28,1268.2,1272.66,297013,281711
2014-09-16,1272.78,1280.02,1264.97,1276.57,207879,420999
2014-09-17,1275.79,1288.05,1273.0,1280.81,232045,425516
2014-09-18,1281.81,1290.51,1279.8,1287.39,154294,432415
2014-09-19,1289.28,1295.3,1267.09,1271.77,159315,400358
2014-09-22,1268.09,1270.55,1248.02,1251.59,142699,395960
2014-09-23,1250.7,1255.94,1236.87,1239.88,158618,397217
2014-09-24,1239.54,1254.26,1236.64,1253.71,125992,396757
2014-09-25,1253.71,1254.15,1226.94,1234.08,180699,402139
2014-09-26,1234.97,1243.56,1232.07,1242.44,120390,401372
2014-09-29,1238.76,1245.12,1226.27,1240.32,127307,403416
2014-09-30,1240.44,1246.46,1220.14,1222.93,180489,400969
2014-10-01,1221.14,1224.93,1201.18,1206.76,248985,410332
2014-10-02,1206.42,1222.03,1195.49,1217.02,222277,410710
2014-10-03,1215.9,1233.63,1215.9,1224.82,132112,414017
2014-10-06,1226.94,1233.97,1212.44,1214.56,142244,417789
2014-10-07,1213.78,1215.9,1192.7,1196.27,159310,421340
2014-10-08,1196.94,1220.14,1182.56,1218.47,206645,420326
2014-10-09,1216.68,1228.06,1181.78,1188.69,224761,422927
2014-10-10,1183.23,1195.72,1165.94,1169.73,225424,425392
2014-10-13,1167.39,1187.13,1158.25,1164.6,213834,420467
2014-10-14,1168.5,1196.94,1168.5,1182.22,225277,418584
2014-10-15,1188.02,1197.17,1158.47,1186.91,325646,422338
2014-10-16,1187.91,1214.9,1167.39,1207.54,272885,417418
2014-10-17,1209.88,1222.03,1197.61,1202.96,181147,416762
2014-10-20,1204.97,1223.71,1193.93,1218.13,105367,416994
2014-10-21,1218.91,1239.43,1211.44,1238.32,123907,421273
2014-10-22,1236.53,1243.11,1218.24,1221.37,131267,415414
2014-10-23,1220.47,1249.13,1218.02,1242.89,154924,410511
2014-10-24,1242.33,1246.12,1232.29,1243.89,108120,406282
2014-10-27,1245.79,1248.24,1225.71,1244.78,92631,405829
2014-10-28,1245.12,1281.25,1244.23,1279.91,161115,400559
2014-10-29,1272.55,1286.6,1264.97,1273.22,155046,398060
2014-10-30,1271.1,1291.73,1261.96,1286.72,134429,389792
2014-10-31,1287.61,1311.47,1286.16,1305.9,150224,390307
2014-11-03,1305.79,1314.37,1297.98,1300.66,116292,388264
2014-11-04,1298.2,1304.78,1291.29,1296.2,99790,384369
2014-11-05,1297.2,1308.02,1293.96,1299.99,97948,386374
2014-11-06,1298.98,1307.12,1294.19,1306.34,88800,387344
2014-11-07,1306.9,1311.14,1295.86,1304.89,88001,387923
2014-11-10,1303.89,1314.26,1303.11,1312.81,74066,387521
2014-11-11,1313.03,1318.05,1309.02,1314.71,54861,384849
2014-11-12,1314.6,1322.85,1303.78,1322.29,85200,383887
2014-11-13,1321.73,1327.64,1306.12,1308.35,92379,385814
2014-11-14,1308.69,1312.81,1303.44,1308.02,75623,385955
2014-11-17,1307.12,1309.8,1295.64,1298.43,94868,388882
2014-11-18,1298.43,1312.03,1297.53,1302.22,106734,384968
2014-11-19,1301.44,1302.33,1280.47,1290.73,125056,393283
2014-11-20,1291.07,1304.56,1281.7,1304.11,93353,399281
2014-11-21,1302.66,1325.41,1300.88,1305.45,111530,398762
2014-11-24,1305.45,1322.4,1303.44,1322.07,64548,398321
2014-11-25,1320.62,1330.43,1316.38,1322.29,69539,396070
2014-11-26,1322.85,1329.65,1319.95,1327.87,4032,393422
2014-11-27,1327.64,1333.55,1325.97,1327.87,43730,393422
2014-11-28,1330.77,1331.55,1305.34,1306.57,49016,394230
2014-12-01,1306.57,1306.57,1284.6,1285.71,108834,392480
2014-12-02,1286.38,1306.68,1285.71,1302.22,88477,394056
2014-12-03,1304.11,1318.72,1299.65,1314.71,92332,389835
2014-12-04,1314.93,1317.61,1301.77,1309.24,90075,389200
2014-12-05,1309.58,1321.62,1307.01,1318.5,96873,387634
2014-12-08,1319.61,1325.97,1297.31,1300.54,108427,389204
2014-12-09,1302.44,1325.19,1284.93,1321.4,164008,390822
2014-12-10,1321.4,1323.63,1293.74,1295.53,191225,390349
2014-12-11,1295.64,1318.25,1290.71,1296.31,293267,391251
2014-12-12,1294.18,1298.77,1277.95,1278.62,313717,382354
2014-12-15,1280.64,1295.86,1266.87,1273.47,349856,395188
2014-12-16,1273.81,1291.72,1262.84,1266.42,260355,404530
2014-12-17,1270.79,1311.42,1267.09,1310.86,287180,401715
2014-12-18,1308.96,1334.48,1308.85,1330.67,228343,413307
2014-12-19,1330.67,1340.64,1323.62,1335.71,112556,349307
2014-12-22,1334.7,1344.33,1332.35,1341.75,75138,344994
2014-12-23,1342.99,1352.61,1338.73,1345.0,76263,341825
2014-12-24,1343.99,1351.38,1342.43,1350.04,28503,340718
2014-12-26,1351.27,1360.11,1349.81,1358.1,28368,343569
2014-12-29,1358.1,1365.82,1353.84,1362.24,47779,342996
2014-12-30,1364.59,1364.59,1351.94,1354.85,54788,342765
2014-12-31,1355.07,1365.82,1341.75,1343.99,113700,342765
