,Open,High,Low,Close,Volume,OpenInterest
1975-02-13,169.517,169.517,169.517,169.517,12,1807
1975-02-14,171.479,171.479,171.479,171.479,115,1806
1975-02-18,171.479,171.479,171.479,171.479,2,1831
1975-02-19,171.479,171.479,171.479,171.479,6,1834
1975-02-20,173.441,173.441,173.362,173.362,116,1937
1975-02-21,173.362,173.362,173.362,173.362,6,1936
1975-02-24,173.362,173.362,173.362,173.362,7,1938
1975-02-25,173.362,173.362,173.362,173.362,118,1832
1975-02-26,174.422,174.422,174.422,174.422,14,1836
1975-02-27,174.422,174.422,174.422,174.422,20,1843
1975-02-28,174.422,174.422,174.422,174.422,8,1841
1975-03-03,174.422,174.422,174.422,174.422,15,1855
1975-03-04,174.422,174.422,174.422,174.422,19,1854
1975-03-05,174.422,174.422,174.422,174.422,11,1850
1975-03-06,173.441,173.441,173.441,173.441,17,1847
1975-03-07,171.479,171.479,171.479,171.479,19,2042
1975-03-10,170.498,170.498,170.498,170.498,271,1888
1975-03-11,171.91,171.91,171.91,171.91,138,1787
1975-03-12,170.419,171.989,170.419,171.832,308,1787
1975-03-13,171.832,171.832,171.832,171.832,11,1792
1975-03-14,170.302,171.871,170.302,171.871,940,2124
1975-03-17,171.283,171.283,171.283,171.283,6,2123
1975-03-18,171.283,171.283,171.283,171.283,6,2127
1975-03-19,171.283,171.361,171.283,171.283,9,2119
1975-03-20,171.283,171.283,171.283,171.283,44,2146
1975-03-21,171.283,171.283,171.283,171.283,45,2123
1975-03-24,171.283,171.283,171.283,171.283,27,2117
1975-03-25,171.283,171.283,171.283,171.283,8,2117
1975-03-26,170.302,170.302,170.302,170.302,36,2116
1975-03-27,168.928,168.928,168.928,168.928,39,2137
1975-03-31,169.203,169.203,169.124,169.124,28,2145
1975-04-01,169.124,169.517,169.124,169.517,14,2150
1975-04-02,169.517,169.517,169.517,169.517,21,2154
1975-04-03,169.517,169.517,169.517,169.517,20,2151
1975-04-04,168.732,168.732,168.732,168.732,19,2154
1975-04-07,168.732,168.732,168.732,168.732,8,2162
1975-04-08,168.928,168.928,168.928,168.928,13,2167
1975-04-09,168.928,168.928,168.928,168.928,51,2166
1975-04-10,168.34,168.34,167.947,168.34,15,2169
1975-04-11,167.555,167.555,167.555,167.555,1,2170
1975-04-14,166.181,166.181,166.181,166.181,211,1969
1975-04-15,166.574,166.574,166.574,166.574,849,1970
1975-04-16,166.574,166.574,166.574,166.574,10,1972
1975-04-17,167.359,167.359,167.359,167.359,140,1969
1975-04-18,167.555,167.555,166.966,166.966,661,1378
1975-04-21,166.77,166.77,166.77,166.77,62,1341
1975-04-22,167.241,167.241,167.241,167.241,11,1316
1975-04-23,167.241,167.241,167.241,167.241,4,1318
1975-04-24,167.241,167.241,167.241,167.241,58,1270
1975-04-25,167.241,167.241,167.241,167.241,31,1278
1975-04-28,167.241,167.241,167.241,167.241,8,1275
1975-04-29,167.751,167.751,167.751,167.751,11,1275
1975-04-30,167.751,167.751,167.751,167.751,10,1277
1975-05-01,167.555,167.555,167.162,167.555,5,1273
1975-05-02,167.555,167.555,167.555,167.555,14,1281
1975-05-05,167.555,167.555,167.555,167.555,14,2565
1975-05-06,168.143,168.143,168.143,168.143,16,2561
1975-05-07,168.732,168.732,168.732,168.732,79,2542
1975-05-08,169.909,169.909,169.909,169.909,51,2543
1975-05-09,169.713,169.713,169.713,169.713,110,2483
1975-05-12,169.713,169.713,169.713,169.713,20,2483
1975-05-13,172.067,172.067,172.067,172.067,64,2500
1975-05-14,171.283,171.283,171.283,171.283,76,2490
1975-05-15,171.283,171.283,171.283,171.283,55,2487
1975-05-16,171.283,171.283,171.283,171.283,46,2483
1975-05-19,171.086,171.086,171.086,171.086,20,2481
1975-05-20,169.124,169.124,169.124,169.124,60,2493
1975-05-21,170.498,170.498,170.498,170.498,82,2513
1975-05-22,171.479,171.479,171.479,171.479,34,2498
1975-05-23,171.871,171.871,171.871,171.871,76,2536
1975-05-27,171.871,171.871,171.871,171.871,366,2216
1975-05-28,170.694,170.694,170.694,170.694,41,2201
1975-05-29,170.694,170.694,170.694,170.694,103,2223
1975-05-30,170.694,170.694,170.694,170.694,81,2263
1975-06-02,170.694,170.694,170.694,170.694,62,2241
1975-06-03,170.694,170.694,170.694,170.694,10,2240
1975-06-04,170.694,170.694,170.694,170.694,89,2291
1975-06-05,170.694,170.694,170.694,170.694,64,2299
1975-06-06,169.909,169.909,169.909,169.909,80,2295
1975-06-09,169.909,169.909,169.909,169.909,268,2077
1975-06-10,169.909,169.909,169.909,169.909,193,1948
1975-06-11,169.909,169.909,169.909,169.909,55,1946
1975-06-12,169.909,169.909,169.909,169.909,210,2023
1975-06-13,169.909,169.909,169.909,169.909,58,2049
1975-06-16,170.302,170.302,170.302,170.302,14,2047
1975-06-17,170.38,170.38,170.38,170.38,23,2049
1975-06-18,170.223,170.223,169.948,169.988,31,2054
1975-06-19,169.988,169.988,169.988,169.988,18,2057
1975-06-20,169.988,169.988,169.988,169.988,85,2018
1975-06-23,169.909,169.909,169.909,169.909,35,2014
1975-06-24,169.909,169.909,169.909,169.909,56,2037
1975-06-25,169.909,169.909,169.909,169.909,9,2036
1975-06-26,169.909,169.909,169.909,169.909,30,2035
1975-06-27,169.713,169.713,169.713,169.713,197,2057
1975-06-30,169.124,169.124,169.124,169.124,425,2381
1975-07-01,167.947,167.947,167.947,167.947,132,2447
1975-07-02,166.181,166.181,166.181,166.181,136,2454
1975-07-03,165.985,166.181,165.985,166.181,150,2521
1975-07-07,165.789,165.789,165.789,165.789,196,2599
1975-07-08,166.574,166.574,166.574,166.574,108,2607
1975-07-09,165.2,165.2,165.2,165.2,223,2733
1975-07-10,164.023,164.808,164.023,164.808,178,2793
1975-07-11,163.474,163.631,163.474,163.631,150,2827
1975-07-14,163.16,163.238,163.121,163.238,109,2856
1975-07-15,163.238,163.238,161.669,161.669,185,2872
1975-07-16,160.492,161.316,160.492,161.316,187,2859
1975-07-17,159.707,159.707,159.314,159.628,128,2909
1975-07-18,159.197,159.197,159.118,159.197,213,2939
1975-07-21,158.922,159.079,158.922,159.079,170,2914
1975-07-22,159.0,159.0,157.745,157.745,204,2942
1975-07-23,157.745,157.745,157.431,157.509,170,2940
1975-07-24,156.96,157.352,156.96,157.352,502,2884
1975-07-25,158.137,158.922,158.137,158.922,263,2827
1975-07-28,157.745,157.745,156.568,156.568,217,2817
1975-07-29,156.175,156.214,156.175,156.175,337,2677
1975-07-30,155.39,155.39,155.194,155.194,155,2684
1975-07-31,154.998,155.194,154.998,155.194,178,2661
1975-08-01,155.194,155.194,155.194,155.194,48,2645
1975-08-04,154.606,155.783,154.606,155.587,208,2518
1975-08-05,156.96,157.078,156.921,157.078,155,2558
1975-08-06,155.587,155.587,154.998,154.998,101,2551
1975-08-07,154.409,154.998,154.135,154.998,582,2872
1975-08-08,154.252,155.351,154.252,155.351,184,2862
1975-08-11,154.802,154.802,154.802,154.802,94,2864
1975-08-12,154.409,154.409,154.409,154.409,138,2912
1975-08-13,155.194,155.194,155.194,155.194,84,2934
1975-08-14,154.919,155.979,154.606,155.979,215,2898
1975-08-15,155.587,155.587,155.587,155.587,77,2909
1975-08-18,156.646,156.646,156.646,156.646,123,2825
1975-08-19,157.352,157.549,157.352,157.431,517,3126
1975-08-20,156.96,156.96,156.921,156.96,43,3042
1975-08-21,156.96,156.96,156.96,156.96,119,3050
1975-08-22,156.96,156.96,156.96,156.96,43,3049
1975-08-25,154.606,154.802,154.606,154.606,180,3121
1975-08-26,155.39,155.39,155.39,155.39,144,3158
1975-08-27,154.684,154.684,154.684,154.684,314,3402
1975-08-28,154.684,154.684,154.684,154.684,18,3406
1975-08-29,154.409,154.449,154.409,154.449,140,3407
1975-09-02,154.527,154.802,154.527,154.802,111,3398
1975-09-03,155.194,155.194,155.194,155.194,196,3261
1975-09-04,154.802,154.802,154.763,154.763,92,3232
1975-09-05,154.763,154.763,154.763,154.763,131,3122
1975-09-08,154.763,154.763,154.763,154.763,81,3185
1975-09-09,154.135,154.213,154.135,154.213,165,3148
1975-09-10,154.213,154.213,153.821,153.821,292,3305
1975-09-11,154.017,154.017,153.821,154.017,181,3357
1975-09-12,153.742,153.938,153.232,153.625,224,3408
1975-09-15,153.232,153.271,153.232,153.232,148,3494
1975-09-16,153.036,153.036,152.251,152.251,198,3535
1975-09-17,152.251,152.251,151.78,152.094,220,3639
1975-09-18,151.388,152.173,151.074,152.055,104,3657
1975-09-19,151.663,151.663,151.663,151.663,116,3568
1975-09-22,150.407,150.485,150.368,150.368,182,3661
1975-09-23,149.112,149.858,149.112,149.622,275,3603
1975-09-24,149.701,150.446,149.701,150.368,628,3784
1975-09-25,150.211,150.799,150.211,150.682,196,3698
1975-09-26,150.054,150.054,149.504,149.504,285,3776
1975-09-29,149.308,149.897,149.308,149.897,165,3705
1975-09-30,150.878,150.995,150.525,150.603,346,3641
1975-10-01,152.565,152.957,152.33,152.957,350,3506
1975-10-02,153.428,153.625,152.29,152.29,363,3498
1975-10-03,151.663,152.33,151.663,152.33,145,3519
1975-10-06,152.801,152.879,152.722,152.761,424,3679
1975-10-07,154.331,154.331,152.957,152.957,258,3630
1975-10-08,153.428,153.428,153.036,153.311,221,3709
1975-10-09,153.507,153.978,153.507,153.899,170,3745
1975-10-10,154.802,155.665,154.802,155.469,405,3659
1975-10-13,155.43,155.547,155.43,155.469,103,3632
1975-10-14,153.389,153.899,153.311,153.625,140,3645
1975-10-15,154.292,155.273,154.292,155.155,277,3503
1975-10-16,155.39,155.822,155.076,155.351,256,3562
1975-10-17,155.469,155.469,155.076,155.233,151,3654
1975-10-20,155.39,155.39,154.802,154.802,24,3661
1975-10-21,155.469,155.469,155.351,155.469,71,3652
1975-10-22,155.783,155.94,155.783,155.783,152,3698
1975-10-23,154.959,155.547,154.763,155.39,214,3678
1975-10-24,155.39,155.39,155.233,155.233,32,3675
1975-10-27,155.194,155.194,154.095,154.095,449,3838
1975-10-28,154.095,154.488,154.056,154.409,187,3796
1975-10-29,154.213,154.998,154.213,154.919,359,4007
1975-10-30,155.469,155.587,155.194,155.39,133,3936
1975-10-31,155.194,155.351,154.998,155.194,381,4181
1975-11-03,155.39,155.508,154.135,155.312,104,4220
1975-11-04,154.998,154.998,154.841,154.88,32,4218
1975-11-05,154.409,154.409,153.938,153.978,840,4687
1975-11-06,154.409,154.841,154.409,154.763,59,4691
1975-11-07,154.763,154.763,154.135,154.135,205,4619
1975-11-10,154.409,154.566,154.409,154.409,125,4590
1975-11-11,154.095,154.095,154.095,154.095,12,4588
1975-11-12,156.097,156.136,156.097,156.097,58,4564
1975-11-13,153.899,153.899,152.565,152.683,440,4676
1975-11-14,152.918,152.957,152.369,152.408,530,4857
1975-11-17,151.82,151.82,150.995,151.113,271,4918
1975-11-18,151.427,151.82,151.349,151.741,766,5201
1975-11-19,151.859,152.369,151.78,152.251,350,5190
1975-11-20,152.761,153.036,152.644,152.683,226,5197
1975-11-21,152.173,152.447,151.702,151.78,147,5217
1975-11-24,151.82,152.369,151.702,152.094,55,5210
1975-11-25,151.976,152.094,151.859,152.094,288,5368
1975-11-26,150.995,151.584,150.995,151.584,444,5383
1975-11-28,150.721,150.799,150.603,150.682,425,5400
1975-12-01,150.839,151.231,150.839,151.152,338,5425
1975-12-02,151.663,151.663,150.878,151.074,128,5416
1975-12-03,151.388,151.466,151.035,151.231,101,5424
1975-12-04,151.349,151.466,151.192,151.309,883,4598
1975-12-05,150.956,150.956,150.603,150.642,597,4132
1975-12-08,150.642,150.839,150.603,150.76,695,3567
1975-12-09,150.25,150.328,150.054,150.25,122,3509
1975-12-10,150.289,150.446,150.211,150.407,51,3484
1975-12-11,150.132,150.25,150.093,150.25,200,3512
1975-12-12,149.779,150.093,149.779,150.093,476,3211
1975-12-15,149.583,149.583,149.504,149.504,423,3162
1975-12-16,149.701,149.897,149.701,149.74,492,2872
1975-12-17,149.858,150.564,149.779,150.407,306,2674
1975-12-18,150.211,150.564,150.211,150.525,243,2606
1975-12-19,150.446,151.152,150.328,151.113,172,2487
1975-12-22,150.682,150.878,150.525,150.878,169,2421
1975-12-23,150.878,151.152,150.878,151.113,104,2381
1975-12-24,151.113,151.152,150.878,150.878,48,2361
1975-12-29,150.682,150.682,150.407,150.485,84,2356
1975-12-30,150.328,150.368,150.171,150.368,77,2356
1975-12-31,150.446,150.564,150.446,150.564,48,2348
1976-01-02,150.328,150.368,150.328,150.368,2,2346
1976-01-05,151.545,151.82,151.388,151.82,301,2294
1976-01-06,151.859,151.859,151.466,151.702,77,2315
1976-01-07,151.78,151.78,151.623,151.702,366,2142
1976-01-08,151.702,151.702,150.839,150.956,127,2137
1976-01-09,151.074,151.388,150.956,151.388,40,2142
1976-01-12,151.231,151.27,151.074,151.113,59,2137
1976-01-13,150.878,150.956,150.682,150.956,148,2139
1976-01-14,151.152,151.506,151.113,151.506,160,2086
1976-01-15,151.427,151.506,151.27,151.27,44,2076
1976-01-16,151.388,151.545,151.388,151.545,3,2077
1976-01-19,151.27,151.349,151.035,151.192,14,2071
1976-01-20,150.995,151.152,150.995,151.113,112,2000
1976-01-21,150.525,150.682,150.485,150.564,129,1970
1976-01-22,150.682,150.917,150.682,150.839,176,1955
1976-01-23,150.917,150.956,150.917,150.917,100,2018
1976-01-26,151.388,151.388,151.074,151.309,183,1850
1976-01-27,151.035,151.152,151.035,151.113,3,1848
1976-01-28,151.27,151.27,151.152,151.152,489,1433
1976-01-29,151.309,151.702,151.309,151.584,54,1400
1976-01-30,151.976,152.055,151.82,152.055,335,1449
1976-02-02,152.957,153.389,152.879,153.35,229,1441
1976-02-03,153.193,153.193,152.84,152.918,321,1469
1976-02-04,153.036,153.271,153.036,153.154,225,1586
1976-02-05,152.84,152.957,152.801,152.957,222,1589
1976-02-06,152.84,152.84,152.604,152.644,88,1559
1976-02-09,153.899,153.899,153.664,153.782,134,1614
1976-02-10,154.017,154.135,153.978,154.135,101,1625
1976-02-11,154.88,155.469,154.684,155.469,202,1608
1976-02-12,154.566,155.194,154.566,155.116,109,1635
1976-02-13,154.213,154.566,154.174,154.331,530,1610
1976-02-17,153.036,153.075,152.683,152.801,187,1522
1976-02-18,153.468,153.507,153.311,153.35,138,1538
1976-02-19,153.703,153.782,153.625,153.782,306,1376
1976-02-20,153.507,153.546,153.311,153.311,102,1394
1976-02-23,153.664,153.664,153.625,153.664,34,1400
1976-02-24,153.703,153.703,153.625,153.625,205,1434
1976-02-25,153.389,153.428,153.271,153.271,145,1328
1976-02-26,153.154,153.154,152.957,153.154,51,1304
1976-02-27,152.879,153.232,152.761,153.232,192,1344
1976-03-01,152.447,152.447,152.016,152.055,342,1215
1976-03-02,152.33,152.683,152.29,152.604,91,1144
1976-03-03,152.565,152.918,152.447,152.801,379,1088
1976-03-04,152.094,152.29,152.055,152.055,72,1090
1976-03-05,152.565,152.957,152.565,152.957,197,1069
1976-03-08,153.036,153.036,152.411,152.45,119,1067
1976-03-09,152.723,152.997,152.723,152.997,156,1074
1976-03-10,152.801,152.801,152.606,152.684,233,970
1976-03-11,152.177,152.372,152.099,152.255,93,989
1976-03-12,152.216,152.294,152.06,152.294,258,919
1976-03-15,152.997,153.192,152.294,152.684,202,845
1976-03-16,152.684,152.997,152.645,152.918,87,677
1976-03-17,154.167,155.26,154.167,155.182,518,813
1976-03-18,155.065,155.338,154.324,154.753,298,862
1976-03-19,154.948,155.572,154.948,155.377,434,1135
1976-03-22,154.675,154.675,154.48,154.519,252,1234
1976-03-23,153.387,153.426,152.918,153.231,233,1341
1976-03-24,153.465,153.777,153.309,153.426,121,1285
1976-03-25,153.972,154.285,153.933,154.285,148,1261
1976-03-26,154.285,154.285,153.777,153.855,72,1277
1976-03-29,153.855,153.933,153.816,153.933,28,1278
1976-03-30,154.519,154.675,154.48,154.675,101,1321
1976-03-31,154.48,154.48,154.206,154.441,41,1321
1976-04-01,155.416,155.455,155.026,155.104,216,1314
1976-04-02,154.167,154.402,154.089,154.128,234,1370
1976-04-05,154.363,154.441,154.206,154.363,140,1384
1976-04-06,154.675,154.831,154.206,154.206,215,1289
1976-04-07,154.089,154.089,153.699,153.855,157,1275
1976-04-08,154.753,154.909,154.558,154.597,75,1312
1976-04-09,154.363,154.441,154.285,154.441,40,1364
1976-04-12,154.167,154.206,154.089,154.128,91,1376
1976-04-13,154.324,154.441,154.206,154.363,124,1411
1976-04-14,154.597,154.714,154.558,154.714,109,1398
1976-04-15,154.558,154.597,154.324,154.558,88,1477
1976-04-19,154.48,154.558,154.285,154.402,20,1417
1976-04-20,154.519,154.519,154.285,154.441,85,1437
1976-04-21,154.089,154.363,154.011,154.324,52,1437
1976-04-22,154.324,154.324,154.089,154.206,60,1402
1976-04-23,154.167,154.167,154.011,154.089,213,1215
1976-04-26,154.245,154.324,154.05,154.05,93,1217
1976-04-27,154.089,154.167,154.089,154.167,114,1161
1976-04-28,154.245,154.402,154.206,154.245,27,1151
1976-04-29,154.558,154.597,154.363,154.48,110,1174
1976-04-30,154.402,154.558,154.285,154.558,54,1184
1976-05-03,154.558,154.675,154.324,154.363,91,1235
1976-05-04,154.441,154.597,154.441,154.558,80,1277
1976-05-05,154.48,154.558,154.324,154.363,66,1266
1976-05-06,154.558,154.714,154.402,154.402,99,1262
1976-05-07,154.285,154.324,154.206,154.285,59,1253
1976-05-10,153.738,153.894,153.699,153.894,183,1198
1976-05-11,153.699,153.699,153.192,153.465,398,946
1976-05-12,153.27,153.387,152.997,153.231,486,888
1976-05-13,153.309,153.387,153.075,153.114,92,888
1976-05-14,152.801,152.801,152.372,152.45,244,851
1976-05-17,151.63,151.67,151.006,151.084,127,849
1976-05-18,151.162,151.63,151.084,151.357,129,833
1976-05-19,151.748,152.177,151.709,152.177,86,803
1976-05-20,152.021,152.021,151.201,151.435,216,873
1976-05-21,151.045,151.67,151.006,151.552,154,880
1976-05-24,151.24,151.943,151.24,151.63,56,862
1976-05-25,151.357,151.357,151.123,151.24,74,867
1976-05-26,150.811,151.201,150.772,151.084,77,844
1976-05-27,151.201,151.201,151.006,151.006,56,858
1976-05-28,150.733,150.733,150.382,150.46,297,920
1976-06-01,150.225,150.772,150.147,150.772,336,957
1976-06-02,150.811,151.162,150.811,150.967,271,934
1976-06-03,151.045,151.045,150.772,150.928,128,943
1976-06-04,151.513,151.513,151.162,151.396,69,949
1976-06-07,151.513,151.787,151.474,151.787,78,932
1976-06-08,151.67,151.787,151.593,151.748,124,884
1976-06-09,152.019,152.097,151.825,152.097,229,875
1976-06-10,151.205,151.438,150.973,151.128,213,941
1976-06-11,151.515,151.515,151.283,151.515,134,915
1976-06-14,151.283,151.36,151.05,151.05,136,823
1976-06-15,151.515,151.593,151.244,151.36,55,720
1976-06-16,151.399,151.67,151.399,151.399,37,704
1976-06-17,151.399,151.399,151.322,151.322,25,705
1976-06-18,151.322,151.593,151.322,151.554,118,799
1976-06-21,151.283,151.283,150.857,150.857,76,728
1976-06-22,151.05,151.05,151.05,151.05,2,727
1976-06-23,151.128,151.438,151.089,151.438,77,712
1976-06-24,151.593,151.593,151.438,151.438,24,728
1976-06-25,151.128,151.167,151.012,151.05,25,743
1976-06-28,150.857,150.857,150.585,150.624,245,621
1976-06-29,150.624,150.934,150.624,150.934,28,618
1976-06-30,151.089,151.167,151.05,151.167,17,613
1976-07-01,151.05,151.05,150.934,150.934,2,612
1976-07-02,150.818,151.012,150.74,150.74,17,622
1976-07-06,150.663,150.702,150.624,150.624,16,616
1976-07-07,150.469,150.74,150.43,150.74,70,602
1976-07-08,150.663,150.895,150.663,150.74,23,597
1976-07-09,150.818,150.857,150.74,150.74,43,593
1976-07-12,150.624,150.624,150.43,150.469,17,595
1976-07-13,150.547,150.74,150.547,150.74,54,580
1976-07-14,150.857,150.857,150.74,150.74,21,580
1976-07-15,150.585,150.663,150.469,150.469,9,577
1976-07-16,150.624,150.624,150.585,150.624,27,552
1976-07-19,150.702,150.702,150.624,150.624,5,547
1976-07-20,150.547,150.547,150.469,150.469,49,557
1976-07-21,150.508,150.585,150.353,150.547,91,600
1976-07-22,150.624,150.624,150.314,150.43,63,599
1976-07-23,150.43,150.469,150.43,150.469,11,593
1976-07-26,150.585,150.702,150.508,150.508,4,591
1976-07-27,150.547,150.624,150.547,150.624,8,594
1976-07-28,150.818,151.205,150.818,151.128,149,507
1976-07-29,151.942,152.135,151.903,151.942,168,484
1976-07-30,152.6,153.685,152.523,153.647,640,783
1976-08-02,153.027,153.104,152.794,152.91,245,717
1976-08-03,152.91,153.065,152.407,152.445,159,753
1976-08-04,152.833,153.143,152.678,152.949,217,754
1976-08-05,152.833,152.833,152.562,152.717,165,733
1976-08-06,152.717,152.833,152.639,152.755,80,730
1976-08-09,152.484,152.484,152.29,152.445,53,703
1976-08-10,152.445,152.445,152.445,152.445,27,702
1976-08-11,152.833,152.949,152.794,152.833,124,731
1976-08-12,152.833,152.833,152.6,152.833,48,726
1976-08-13,153.375,153.53,153.22,153.337,231,857
1976-08-16,153.065,153.879,153.065,153.84,300,1025
1976-08-17,154.305,155.003,154.267,154.732,338,1183
1976-08-18,154.422,154.499,154.189,154.383,133,1207
1976-08-19,154.615,154.615,153.879,154.073,107,1218
1976-08-20,153.879,154.073,153.763,153.918,129,1159
1976-08-23,153.918,154.228,153.918,154.228,137,1143
1976-08-24,154.305,154.305,153.957,153.957,86,1100
1976-08-25,153.647,153.685,153.143,153.182,335,1052
1976-08-26,153.608,153.763,153.608,153.685,201,1019
1976-08-27,153.647,153.647,153.453,153.492,107,973
1976-08-30,153.608,153.608,153.453,153.453,80,937
1976-08-31,153.259,153.259,153.259,153.259,69,900
1976-09-01,153.647,153.879,153.647,153.84,70,918
1976-09-02,153.453,153.685,153.453,153.569,81,870
1976-09-03,153.763,153.763,153.685,153.685,95,917
1976-09-07,153.724,153.724,153.53,153.53,29,923
1976-09-08,153.685,154.109,153.646,154.071,79,953
1976-09-09,154.418,154.766,154.38,154.496,134,967
1976-09-10,154.302,154.496,154.148,154.457,71,963
1976-09-13,154.611,154.611,154.38,154.418,261,935
1976-09-14,154.689,155.268,154.611,155.268,195,988
1976-09-15,155.383,156.078,155.383,155.885,529,1139
1976-09-16,155.538,156.31,155.499,156.156,156,1238
1976-09-17,156.349,156.387,156.04,156.156,168,1317
1976-09-20,156.928,156.928,155.808,156.156,477,1393
1976-09-21,155.847,156.31,155.847,156.194,175,1429
1976-09-22,156.657,156.85,156.349,156.735,298,1472
1976-09-23,156.349,156.464,155.962,156.194,217,1520
1976-09-24,156.194,156.696,156.194,156.657,117,1545
1976-09-27,156.928,157.121,156.812,157.005,207,1657
1976-09-28,157.043,157.777,157.005,157.507,388,1877
1976-09-29,157.661,158.086,157.545,157.931,199,1938
1976-09-30,159.051,159.205,158.51,158.665,323,1916
1976-10-01,158.472,158.51,157.815,158.356,436,1886
1976-10-04,157.815,157.815,157.352,157.507,207,1966
1976-10-05,158.086,158.703,157.97,158.703,230,2014
1976-10-06,158.665,159.244,158.356,159.089,813,2270
1976-10-07,158.665,158.819,158.317,158.742,558,2241
1976-10-08,158.588,158.781,158.51,158.626,205,2372
1976-10-11,158.395,158.395,157.777,157.931,349,2288
1976-10-12,158.433,158.819,158.395,158.742,389,2198
1976-10-13,159.167,159.205,158.896,159.051,564,2411
1976-10-14,159.051,159.167,158.781,158.935,420,2347
1976-10-15,158.395,158.549,158.086,158.395,404,2535
1976-10-18,158.356,158.356,157.854,158.047,802,2337
1976-10-19,158.433,159.398,158.395,159.36,543,2455
1976-10-20,159.553,159.746,159.167,159.321,553,2339
1976-10-21,159.784,159.823,159.282,159.514,307,2435
1976-10-22,159.553,159.823,159.475,159.784,379,2178
1976-10-25,161.058,161.058,160.518,160.749,368,2116
1976-10-26,160.402,160.942,160.363,160.711,69,2119
1976-10-27,160.981,161.406,160.865,161.058,238,2148
1976-10-28,161.637,161.715,161.251,161.251,194,2114
1976-10-29,160.865,161.174,160.788,160.865,276,2078
1976-11-01,160.672,160.672,160.209,160.441,279,2118
1976-11-03,161.135,161.135,160.595,160.672,373,2078
1976-11-04,159.669,160.016,159.36,159.707,474,2059
1976-11-05,159.63,159.63,159.437,159.475,581,1937
1976-11-08,160.209,160.363,160.093,160.209,159,1802
1976-11-09,159.9,159.977,159.707,159.784,116,1731
1976-11-10,159.862,160.093,159.823,159.9,99,1738
1976-11-11,160.016,160.016,159.9,159.977,10,1737
1976-11-12,160.055,160.093,159.823,159.939,202,1666
1976-11-15,159.669,159.669,159.669,159.669,34,1643
1976-11-16,159.591,159.746,159.553,159.63,20,1640
1976-11-17,159.514,159.514,159.282,159.36,164,1602
1976-11-18,159.398,159.707,159.244,159.36,120,1542
1976-11-19,159.63,159.823,159.63,159.823,56,1537
1976-11-22,160.788,161.02,160.672,160.827,359,1546
1976-11-23,161.02,161.058,160.441,160.595,119,1561
1976-11-24,160.325,160.518,160.325,160.479,146,1575
1976-11-26,160.518,160.711,160.402,160.634,131,1577
1976-11-29,160.595,160.749,160.595,160.595,108,1624
1976-11-30,160.402,160.518,160.363,160.402,155,1648
1976-12-01,159.746,159.862,159.746,159.862,261,1568
1976-12-02,159.707,160.248,159.707,160.209,245,1605
1976-12-03,160.286,160.518,160.286,160.325,232,1720
1976-12-06,161.174,161.29,160.865,160.981,628,1625
1976-12-07,160.981,160.981,160.634,160.827,420,1805
1976-12-08,160.865,161.097,160.75,160.981,244,1857
1976-12-09,160.595,161.251,160.595,161.174,365,1810
1976-12-10,161.251,161.251,161.135,161.251,527,2038
1976-12-13,161.02,161.251,160.827,161.058,190,1890
1976-12-14,161.29,161.29,161.174,161.174,30,1640
1976-12-15,161.02,161.675,160.981,161.637,425,1786
1976-12-16,161.791,162.061,161.637,161.984,270,1858
1976-12-17,161.714,161.868,161.637,161.868,266,1800
1976-12-20,162.987,163.141,162.794,163.064,177,1829
1976-12-21,163.18,163.257,162.91,162.91,138,1807
1976-12-22,162.833,163.141,162.833,162.987,90,1767
1976-12-23,162.871,162.948,162.833,162.948,37,1761
1976-12-27,163.18,163.566,163.18,163.488,82,1754
1976-12-28,163.951,163.951,163.604,163.681,160,1838
1976-12-29,163.643,164.183,163.643,163.913,122,1823
1976-12-30,163.797,163.874,163.758,163.797,68,1837
1977-01-03,164.607,164.916,164.569,164.723,490,1538
1977-01-04,164.646,164.723,164.453,164.53,348,1474
1977-01-05,164.376,164.376,164.029,164.067,304,1448
1977-01-06,164.26,164.299,163.72,164.067,503,1308
1977-01-07,163.18,163.373,163.026,163.103,577,1353
1977-01-10,161.83,161.945,161.097,161.482,542,1411
1977-01-11,162.023,162.331,161.868,162.061,399,1542
1977-01-12,162.331,162.485,162.023,162.138,191,1520
1977-01-13,161.482,161.753,161.405,161.753,728,1303
1977-01-14,161.251,161.405,161.097,161.135,305,1382
1977-01-17,161.251,161.328,161.02,161.058,293,1485
1977-01-18,160.634,160.634,160.248,160.441,983,1564
1977-01-19,160.248,160.364,159.901,159.901,495,1500
1977-01-20,160.518,160.557,160.287,160.479,314,1539
1977-01-21,160.75,160.904,160.441,160.479,438,1566
1977-01-24,160.094,160.132,159.476,159.476,1053,1629
1977-01-25,158.281,159.322,158.281,159.129,477,1538
1977-01-26,158.744,159.091,158.744,158.936,87,1545
1977-01-27,158.859,159.361,158.859,159.091,360,1547
1977-01-28,159.284,159.515,158.821,159.129,429,1593
1977-01-31,160.094,160.557,159.901,160.479,338,1455
1977-02-01,160.094,160.171,159.554,159.631,510,1569
1977-02-02,159.322,159.708,159.322,159.631,179,1477
1977-02-03,159.476,159.592,159.206,159.322,210,1498
1977-02-04,159.476,159.554,159.245,159.554,513,1529
1977-02-07,159.631,159.978,159.515,159.669,342,1504
1977-02-08,159.978,160.094,159.592,159.592,110,1496
1977-02-09,160.171,160.518,160.094,160.402,270,1502
1977-02-10,160.325,160.364,160.209,160.364,184,1546
1977-02-11,160.364,160.788,160.364,160.75,432,1511
1977-02-14,161.097,161.521,161.058,161.482,937,1596
1977-02-15,161.058,161.058,160.595,160.75,513,1571
1977-02-16,160.672,160.865,160.595,160.865,195,1609
1977-02-17,160.942,161.097,160.904,161.097,123,1597
1977-02-18,161.29,161.367,161.174,161.251,422,1611
1977-02-22,161.251,161.521,161.135,161.482,284,1650
1977-02-23,161.058,161.058,160.788,160.904,492,1650
1977-02-24,160.094,160.595,160.094,160.595,565,1756
1977-02-25,160.942,161.097,160.942,161.058,274,1767
1977-02-28,161.251,161.714,161.212,161.637,612,1865
1977-03-01,161.251,161.251,160.904,161.058,684,1664
1977-03-02,161.367,161.444,161.174,161.405,676,1538
1977-03-03,161.444,161.521,161.367,161.521,136,1549
1977-03-04,161.482,161.482,161.367,161.367,289,1513
1977-03-07,161.367,161.367,161.097,161.251,209,1518
1977-03-08,161.02,161.135,160.943,160.981,357,1544
1977-03-09,160.904,160.904,160.596,160.634,679,1824
1977-03-10,160.866,161.174,160.866,160.981,447,1647
1977-03-11,161.29,161.29,160.943,161.097,159,1605
1977-03-14,161.212,161.367,161.058,161.328,309,1578
1977-03-15,161.097,161.328,161.058,161.29,226,1394
1977-03-16,161.097,161.482,161.058,161.482,293,1443
1977-03-17,161.482,161.559,161.444,161.521,207,1438
1977-03-18,161.521,161.636,161.482,161.521,273,1404
1977-03-21,161.521,161.752,161.521,161.713,232,1445
1977-03-22,161.675,161.713,161.405,161.482,113,1482
1977-03-23,161.482,161.636,161.405,161.444,99,1466
1977-03-24,161.444,161.482,161.251,161.29,202,1380
1977-03-25,161.251,161.444,161.251,161.328,337,1566
1977-03-28,161.367,162.022,161.367,161.868,362,1459
1977-03-29,161.675,161.675,161.097,161.135,202,1471
1977-03-30,161.097,161.598,161.097,161.521,160,1486
1977-03-31,161.367,161.482,161.29,161.367,100,1489
1977-04-01,161.212,162.638,161.135,162.176,1225,1848
1977-04-04,161.675,161.791,161.482,161.559,488,1753
1977-04-05,161.559,161.752,161.559,161.598,110,1761
1977-04-06,161.559,161.791,161.559,161.752,123,1701
1977-04-07,161.752,162.137,161.752,162.099,197,1711
1977-04-11,162.099,162.137,162.022,162.099,236,1819
1977-04-12,162.407,162.754,162.407,162.561,514,2112
1977-04-13,163.217,163.294,162.831,162.947,438,2090
1977-04-14,162.908,163.101,162.6,162.908,606,2076
1977-04-15,162.947,163.525,162.87,163.448,1061,2654
1977-04-18,163.294,163.409,163.178,163.371,237,2787
1977-04-19,163.371,163.371,162.677,162.754,643,2550
1977-04-20,162.33,162.561,162.253,162.446,780,2202
1977-04-21,162.561,162.793,162.523,162.561,228,2152
1977-04-22,162.561,162.6,162.446,162.561,150,2070
1977-04-25,162.985,163.139,162.754,162.754,107,2099
1977-04-26,162.754,162.754,162.561,162.716,260,2015
1977-04-27,162.793,163.602,162.793,163.525,560,2003
1977-04-28,163.602,163.718,163.448,163.602,513,2053
1977-04-29,163.563,164.18,163.448,164.026,532,2246
1977-05-02,163.91,163.91,163.602,163.679,321,2245
1977-05-03,163.486,163.563,163.217,163.486,432,2321
1977-05-04,164.257,164.488,164.18,164.18,422,2436
1977-05-05,164.488,164.681,164.296,164.45,372,2612
1977-05-06,164.064,164.45,163.91,164.373,519,2607
1977-05-09,163.486,163.679,163.294,163.64,853,2251
1977-05-10,163.409,163.602,162.908,163.024,889,2029
1977-05-11,162.754,162.908,162.561,162.6,585,1929
1977-05-12,162.716,163.486,162.638,163.409,587,1801
1977-05-13,163.409,163.563,163.139,163.332,612,1581
1977-05-16,163.294,163.294,163.255,163.294,109,1530
1977-05-17,163.409,163.872,163.409,163.872,712,1869
1977-05-18,163.872,163.872,163.525,163.602,82,1857
1977-05-19,163.679,163.833,163.64,163.679,42,1843
1977-05-20,163.486,163.563,163.409,163.448,455,2045
1977-05-23,163.332,163.332,163.062,163.139,307,2059
1977-05-24,163.101,163.795,163.101,163.718,271,2095
1977-05-25,163.833,163.833,163.409,163.409,143,2045
1977-05-26,163.718,164.064,163.679,163.91,652,2039
1977-05-27,163.679,163.679,163.525,163.679,120,2013
1977-05-31,163.756,163.795,163.563,163.563,226,2031
1977-06-01,163.332,163.64,163.332,163.602,244,2009
1977-06-02,163.795,163.833,163.525,163.679,262,2050
1977-06-03,163.679,163.718,163.486,163.525,259,2056
1977-06-06,163.409,163.563,163.024,163.062,671,2000
1977-06-07,163.332,163.409,163.139,163.332,709,2146
1977-06-08,163.447,163.562,163.371,163.524,556,2005
1977-06-09,163.486,163.677,163.409,163.601,353,1932
1977-06-10,163.639,163.639,163.447,163.562,279,1938
1977-06-13,163.677,163.677,163.524,163.601,245,1857
1977-06-14,163.677,163.831,163.639,163.677,137,1598
1977-06-15,163.486,163.639,163.486,163.601,37,1590
1977-06-16,163.639,163.754,163.601,163.677,34,1598
1977-06-17,163.639,163.754,163.639,163.716,51,1594
1977-06-20,163.524,163.524,163.14,163.255,157,1552
1977-06-21,163.179,163.409,163.14,163.332,36,1553
1977-06-22,163.447,163.716,163.409,163.677,211,1492
1977-06-23,163.677,163.677,163.332,163.371,85,1474
1977-06-24,163.639,164.329,163.601,164.099,488,1620
1977-06-27,163.946,163.946,163.716,163.754,303,1624
1977-06-28,163.754,163.792,163.639,163.716,108,1653
1977-06-29,164.674,165.096,164.597,164.827,836,2078
1977-06-30,164.674,164.751,164.406,164.482,492,2232
1977-07-01,164.636,164.751,164.521,164.636,233,2305
1977-07-05,166.399,166.553,166.208,166.323,429,2240
1977-07-06,166.131,166.361,166.054,166.323,498,2360
1977-07-07,166.936,167.051,166.706,166.936,332,2317
1977-07-08,166.706,167.396,166.629,167.358,431,2439
1977-07-11,167.971,168.777,167.933,168.508,578,2515
1977-07-12,168.163,168.508,167.741,168.508,1625,2720
1977-07-13,169.007,169.083,168.432,168.547,1107,2905
1977-07-15,168.47,168.623,168.316,168.585,694,2723
1977-07-18,168.815,170.042,168.7,169.965,1845,3084
1977-07-19,169.965,170.003,169.505,169.697,1365,2894
1977-07-20,170.272,170.387,169.773,169.812,1027,2668
1977-07-21,169.85,170.119,169.582,169.697,872,2510
1977-07-22,170.042,170.732,170.042,170.502,1246,3079
1977-07-25,170.962,171.192,170.77,171.154,851,3042
1977-07-26,170.809,171.307,170.732,170.962,1434,2834
1977-07-27,169.888,170.502,169.658,170.349,1319,2832
1977-07-28,169.352,169.505,168.048,168.432,1649,2532
1977-07-29,168.125,168.47,167.396,168.125,906,2609
1977-08-01,167.166,167.473,166.975,167.243,592,2588
1977-08-02,168.01,168.086,167.626,167.856,641,2589
1977-08-03,168.201,168.201,167.358,167.435,417,2597
1977-08-04,167.358,167.435,167.09,167.32,363,2561
1977-08-05,167.243,167.895,167.243,167.741,545,2605
1977-08-08,166.093,166.169,165.939,166.016,926,2514
1977-08-09,166.093,166.514,166.093,166.284,425,2388
1977-08-10,165.748,165.748,165.364,165.556,402,2432
1977-08-11,166.093,166.093,165.019,165.326,404,2269
1977-08-12,164.751,165.096,164.521,164.636,343,2210
1977-08-15,164.751,164.827,164.406,164.482,211,2221
1977-08-16,163.946,164.636,163.831,164.597,585,2179
1977-08-17,165.096,165.211,164.636,164.674,366,2131
1977-08-18,164.367,165.058,164.367,164.981,482,2105
1977-08-19,165.058,165.249,164.827,165.058,403,2107
1977-08-22,165.403,165.594,165.288,165.364,385,2138
1977-08-23,165.556,165.824,165.173,165.671,509,2260
1977-08-24,166.208,166.821,166.169,166.783,716,2422
1977-08-25,166.169,166.208,165.249,165.403,851,2350
1977-08-26,165.748,166.093,165.556,165.901,629,2396
1977-08-29,165.249,165.479,164.904,165.058,575,2325
1977-08-30,164.827,165.633,164.827,165.594,237,2300
1977-08-31,165.709,165.748,165.633,165.671,409,2146
1977-09-01,165.441,165.594,165.288,165.479,366,2148
1977-09-02,165.671,165.671,165.479,165.556,207,2094
1977-09-06,165.058,165.288,165.058,165.211,162,2075
1977-09-07,165.633,165.633,165.403,165.479,185,2072
1977-09-08,165.365,165.365,164.984,165.06,359,2043
1977-09-09,164.793,165.06,164.755,164.869,555,2250
1977-09-12,164.603,165.06,164.603,164.908,583,2060
1977-09-13,164.984,165.022,164.869,164.908,84,2042
1977-09-14,164.641,164.946,164.488,164.831,368,2045
1977-09-15,164.984,165.022,164.793,164.793,134,2036
1977-09-16,164.869,164.946,164.717,164.755,506,1629
1977-09-19,165.098,165.251,164.908,165.098,371,1314
1977-09-20,165.174,165.327,165.06,165.136,341,977
1977-09-21,165.403,165.441,165.212,165.327,90,990
1977-09-22,165.327,165.365,164.793,164.831,649,1220
1977-09-23,164.641,165.06,164.565,164.984,413,1237
1977-09-26,164.946,165.403,164.908,165.06,449,1229
1977-09-27,164.603,164.793,164.565,164.641,511,1197
1977-09-28,164.793,165.136,164.717,165.098,266,1183
1977-09-29,165.212,165.708,165.136,165.67,654,1435
1977-09-30,166.546,166.699,166.28,166.356,844,1876
1977-10-03,167.652,167.918,167.423,167.728,1181,2359
1977-10-04,166.775,167.347,166.508,166.585,778,2216
1977-10-05,166.737,167.042,166.394,166.699,619,2250
1977-10-06,167.537,167.614,166.737,167.118,508,2118
1977-10-07,167.499,167.69,167.004,167.614,457,2042
1977-10-10,167.385,168.109,167.08,167.766,457,2182
1977-10-11,166.928,167.08,166.47,166.546,466,2169
1977-10-12,166.851,167.614,166.813,167.499,796,2254
1977-10-13,167.69,168.223,167.347,167.499,617,2315
1977-10-14,168.643,168.871,168.338,168.719,560,2500
1977-10-17,169.367,169.595,169.1,169.519,682,2562
1977-10-18,169.443,169.672,169.29,169.633,864,2578
1977-10-19,169.29,169.367,167.347,167.652,1679,2390
1977-10-20,167.88,168.719,167.69,168.414,756,2274
1977-10-21,168.49,168.909,168.223,168.681,363,2312
1977-10-24,169.595,169.786,169.214,169.405,687,2333
1977-10-25,169.024,169.443,168.833,169.329,818,2195
1977-10-26,169.024,169.367,168.986,169.176,184,2119
1977-10-27,169.329,169.329,168.147,168.947,858,2137
1977-10-28,169.1,169.367,168.986,169.29,260,2211
1977-10-31,169.862,171.005,169.862,170.777,1332,2952
1977-11-01,171.044,171.387,170.396,171.234,1216,2986
1977-11-02,170.167,170.739,169.786,170.548,1324,3171
1977-11-03,170.091,170.51,168.909,169.29,1604,2904
1977-11-04,169.329,169.786,169.29,169.329,751,2879
1977-11-07,169.481,169.481,168.986,169.1,676,2877
1977-11-08,168.871,170.358,168.795,169.938,984,2897
1977-11-09,169.786,169.824,168.452,168.871,827,2832
1977-11-10,169.595,170.624,169.367,170.472,896,2787
1977-11-11,170.205,170.205,169.824,169.938,240,2774
1977-11-14,170.243,170.624,169.214,169.405,726,2710
1977-11-15,169.976,170.091,169.672,169.862,349,2708
1977-11-16,169.824,170.129,169.824,169.976,519,2750
1977-11-17,169.9,170.396,169.9,170.243,522,2595
1977-11-18,170.51,170.853,170.472,170.815,641,2454
1977-11-21,170.891,170.891,170.358,170.548,757,2442
1977-11-22,170.815,171.196,170.586,171.082,695,2362
1977-11-23,171.12,171.272,171.044,171.196,773,2501
1977-11-25,172.263,172.492,172.111,172.301,660,2838
1977-11-28,171.806,172.644,171.806,172.301,791,3080
1977-11-29,171.501,171.768,171.196,171.425,1145,2749
1977-11-30,171.425,171.92,171.196,171.768,338,2676
1977-12-01,172.263,172.53,172.149,172.377,699,2799
1977-12-02,172.835,173.14,172.797,173.063,647,2966
1977-12-05,174.169,174.474,173.978,174.397,1451,3110
1977-12-06,175.007,175.884,174.893,175.884,1505,3415
1977-12-07,175.693,176.265,175.693,176.265,934,3523
1977-12-08,175.622,175.735,173.996,174.45,1165,3304
1977-12-09,173.732,175.017,173.732,174.374,720,3220
1977-12-12,175.735,175.735,175.168,175.471,739,3145
1977-12-13,177.702,177.739,177.323,177.739,636,3105
1977-12-14,178.836,179.516,177.437,178.269,1516,3297
1977-12-15,177.059,178.722,177.021,178.496,816,3566
1977-12-16,178.269,178.911,178.193,178.76,617,3652
1977-12-19,180.121,181.029,179.97,181.029,789,3529
1977-12-20,180.915,181.52,179.592,180.046,902,3189
1977-12-21,180.273,180.877,178.609,179.063,804,3246
1977-12-22,176.794,178.344,176.794,177.815,734,3312
1977-12-23,176.794,177.739,176.794,177.702,182,3270
1977-12-27,177.512,178.042,177.323,178.004,281,3273
1977-12-28,180.273,180.273,178.836,180.273,665,3307
1977-12-29,180.726,182.39,180.651,182.352,810,3402
1977-12-30,181.936,182.617,181.634,181.936,539,3561
1978-01-03,184.053,184.205,183.562,184.205,705,3556
1978-01-04,184.658,184.847,181.936,181.936,1024,3599
1978-01-05,179.668,179.668,179.668,179.668,256,3644
1978-01-06,179.214,179.743,177.399,177.853,1236,3612
1978-01-09,177.248,177.928,177.134,177.437,735,3453
1978-01-10,178.193,178.722,178.117,178.382,429,3398
1978-01-11,179.97,180.537,179.63,180.499,696,3402
1978-01-12,180.915,181.18,178.231,178.836,1214,3240
1978-01-13,179.403,180.31,179.025,180.197,679,3255
1978-01-16,179.668,179.857,179.1,179.365,495,3209
1978-01-17,178.269,179.063,177.891,178.949,816,3078
1978-01-18,178.004,178.798,178.004,178.533,627,2938
1978-01-19,178.836,179.214,178.458,178.874,346,2835
1978-01-20,179.403,179.97,178.987,179.932,407,2839
1978-01-23,180.046,180.273,179.932,180.159,318,2832
1978-01-24,180.462,180.537,179.97,180.462,430,2830
1978-01-25,180.915,181.256,180.877,181.18,612,2863
1978-01-26,180.462,180.651,179.63,179.668,414,2925
1978-01-27,180.235,180.386,179.365,179.743,394,2937
1978-01-30,179.592,180.537,178.458,178.647,457,2970
1978-01-31,180.575,180.575,179.781,180.273,584,3023
1978-02-01,179.894,179.894,179.403,179.592,408,3068
1978-02-02,179.97,180.046,179.781,179.932,329,3151
1978-02-03,180.273,180.499,179.819,179.97,303,3123
1978-02-06,180.424,180.424,180.121,180.31,280,3179
1978-02-07,180.083,180.121,179.668,179.705,200,3188
1978-02-08,179.668,179.819,179.516,179.705,214,3142
1978-02-09,179.592,180.008,179.592,179.932,448,3229
1978-02-10,179.97,180.31,179.705,180.273,404,3224
1978-02-13,180.915,181.067,180.764,181.029,658,3301
1978-02-14,182.05,182.163,181.104,181.331,1475,3442
1978-02-15,181.974,182.314,181.52,182.314,749,3462
1978-02-16,183.6,184.583,182.503,184.583,1480,3540
1978-02-17,183.94,184.431,183.789,184.091,757,3676
1978-02-21,185.793,186.133,185.263,185.868,970,3773
1978-02-22,185.452,185.83,185.112,185.641,902,3700
1978-02-23,187.343,187.91,187.192,187.834,1090,3887
1978-02-24,188.212,188.25,185.566,185.566,1292,3509
1978-02-27,184.129,184.999,183.6,184.885,1220,3354
1978-02-28,186.019,187.154,186.019,187.154,1231,3397
1978-03-01,188.288,188.666,186.398,187.872,2076,3432
1978-03-02,189.309,189.309,187.418,187.91,1420,3403
1978-03-03,187.154,187.91,186.398,187.305,1344,3616
1978-03-06,185.944,187.796,185.944,187.532,1151,3579
1978-03-07,186.927,187.91,186.776,187.267,841,3601
1978-03-08,188.014,188.2,186.67,187.118,1015,3740
1978-03-09,185.886,186.185,185.252,185.289,1513,3295
1978-03-10,183.833,184.244,183.049,183.049,1555,2863
1978-03-13,182.34,185.14,182.153,184.318,1605,2706
1978-03-14,184.02,184.99,182.975,183.684,1493,2442
1978-03-15,183.908,184.505,183.236,183.684,722,2475
1978-03-16,185.102,185.699,185.102,185.55,1061,2647
1978-03-17,185.14,185.14,183.945,184.729,1029,2763
1978-03-20,184.99,185.065,184.281,184.542,838,2627
1978-03-21,183.945,184.58,183.758,184.505,443,2511
1978-03-22,184.393,184.916,184.206,184.654,284,2513
1978-03-23,184.766,184.766,184.206,184.468,283,2508
1978-03-27,185.214,185.998,185.214,185.625,1009,2738
1978-03-28,185.849,186.185,185.214,185.401,885,2914
1978-03-29,185.811,186.073,185.289,185.811,764,2829
1978-03-30,185.513,185.998,185.214,185.774,740,2822
1978-03-31,186.633,188.014,186.483,188.014,826,2932
1978-04-03,188.424,188.424,187.081,187.193,1460,3137
1978-04-04,186.297,186.707,185.438,186.035,1019,3289
1978-04-05,186.185,187.79,186.185,187.193,811,3183
1978-04-06,186.819,187.379,186.558,187.267,568,3248
1978-04-07,186.409,186.969,186.11,186.147,408,3184
1978-04-10,187.267,187.678,187.193,187.678,587,3159
1978-04-11,187.118,187.603,185.886,187.491,664,3237
1978-04-12,186.931,187.528,186.483,187.118,1041,3320
1978-04-13,186.334,186.558,184.878,185.625,1688,3339
1978-04-14,185.065,185.662,184.617,185.102,1719,3433
1978-04-17,183.572,183.833,183.087,183.124,2117,3767
1978-04-18,183.684,183.721,182.676,182.937,2077,4152
1978-04-19,183.609,183.87,182.303,182.564,2532,4253
1978-04-20,181.295,181.332,180.324,181.034,2688,4114
1978-04-21,180.212,181.37,180.063,180.623,1983,4181
1978-04-24,180.66,181.108,180.362,180.66,1991,3787
1978-04-25,180.623,180.922,180.287,180.324,1251,3917
1978-04-26,180.511,180.922,179.727,180.698,1463,3490
1978-04-27,181.482,182.676,181.37,181.743,1661,3267
1978-04-28,181.556,181.556,180.623,180.922,993,3262
1978-05-01,181.37,181.444,180.884,180.922,532,3406
1978-05-02,180.735,180.735,179.877,179.988,1571,3834
1978-05-03,180.474,180.959,180.1,180.474,1779,3388
1978-05-04,181.407,181.668,181.258,181.482,1249,3318
1978-05-05,180.847,181.108,180.586,180.81,735,3125
1978-05-08,179.653,179.914,179.055,179.167,2614,4619
1978-05-09,178.719,179.541,178.234,178.943,2130,4404
1978-05-10,179.279,179.802,179.13,179.205,1333,4154
1978-05-11,178.682,178.794,178.01,178.234,1927,4481
1978-05-12,177.674,177.936,176.704,176.853,1510,4507
1978-05-15,176.778,177.04,176.554,176.629,1638,4330
1978-05-16,176.107,176.517,175.435,175.808,1885,4130
1978-05-17,175.621,176.517,175.061,176.256,2940,3897
1978-05-18,177.712,178.197,177.525,178.159,1931,3828
1978-05-19,177.189,177.674,176.181,176.517,1287,3565
1978-05-22,175.733,176.368,175.733,176.33,822,3663
1978-05-23,175.995,175.995,175.248,175.323,1429,3662
1978-05-24,175.808,176.107,175.696,175.696,612,3411
1978-05-25,175.957,176.592,175.808,176.181,682,3254
1978-05-26,176.144,176.816,176.144,176.554,585,3253
1978-05-30,177.264,177.786,177.04,177.674,984,3348
1978-05-31,178.794,179.765,178.346,179.653,2269,3643
1978-06-01,178.831,179.279,178.495,178.943,1376,3672
1978-06-02,179.503,180.1,178.981,179.13,1185,3614
1978-06-05,179.541,179.578,178.159,178.458,1602,3433
1978-06-06,178.234,179.354,178.234,179.093,1152,3109
1978-06-07,178.57,179.018,178.57,178.757,638,3030
1978-06-08,179.568,179.679,178.83,178.867,471,2960
1978-06-09,178.794,179.42,178.683,179.384,518,3045
1978-06-12,178.941,180.047,178.83,179.679,2339,3672
1978-06-13,179.752,179.937,179.015,179.236,950,3748
1978-06-14,179.494,179.494,178.609,178.978,898,3519
1978-06-15,178.314,178.609,177.872,178.056,1353,3175
1978-06-16,178.019,178.757,177.982,178.609,935,3005
1978-06-19,178.609,179.015,178.277,178.683,638,2896
1978-06-20,179.531,179.789,179.125,179.752,1447,3019
1978-06-21,180.01,180.268,179.826,180.195,1701,3554
1978-06-22,179.531,179.752,178.241,179.015,1941,3361
1978-06-23,179.568,180.268,179.347,180.047,1276,3670
1978-06-26,180.01,180.084,179.347,179.568,1029,3498
1978-06-27,179.347,179.826,179.089,179.531,853,3569
1978-06-28,179.752,180.342,179.236,179.457,1211,3658
1978-06-29,179.679,179.789,179.494,179.531,321,3590
1978-06-30,179.31,180.232,179.236,179.9,873,3678
1978-07-03,180.6,180.969,180.453,180.895,2267,4498
1978-07-05,181.965,182.186,181.08,181.301,2569,5450
1978-07-06,180.6,180.6,179.679,180.268,2400,5148
1978-07-07,180.858,181.375,180.527,181.19,1822,5638
1978-07-10,182.886,182.923,181.965,182.186,2524,6051
1978-07-11,181.412,181.891,181.264,181.633,1453,6047
1978-07-12,181.043,181.08,180.6,180.785,1256,6063
1978-07-13,181.412,181.633,180.858,181.006,1447,5921
1978-07-14,180.748,180.932,180.49,180.785,1087,5919
1978-07-17,180.195,180.379,178.978,179.531,3920,5414
1978-07-18,179.642,180.195,179.494,180.084,2196,5102
1978-07-19,180.195,180.674,180.01,180.637,1751,4893
1978-07-20,180.158,181.006,180.158,180.932,1042,4902
1978-07-21,181.301,183.145,180.785,182.186,1846,5138
1978-07-24,182.444,182.555,181.559,181.965,1815,5415
1978-07-25,181.338,181.817,181.117,181.375,1649,5229
1978-07-26,180.674,180.895,180.195,180.822,1955,4980
1978-07-27,180.527,180.822,180.379,180.822,956,4929
1978-07-28,181.743,182.333,180.785,181.559,1880,5170
1978-07-31,182.001,183.071,181.559,182.923,2522,6198
1978-08-01,182.223,182.628,181.153,181.375,2405,6276
1978-08-02,181.559,182.296,181.412,182.223,1545,6527
1978-08-03,182.223,182.813,181.78,182.223,2182,6481
1978-08-04,182.886,183.624,182.296,183.55,2876,7747
1978-08-07,184.73,185.172,184.361,185.136,3663,9485
1978-08-08,186.168,187.237,186.021,187.2,5052,11552
1978-08-09,188.049,188.049,186.316,186.611,5185,11180
1978-08-10,186.758,188.196,186.758,188.085,4199,12925
1978-08-11,187.901,188.86,186.942,188.233,5110,12861
1978-08-14,189.708,190.445,189.376,190.445,3411,12743
1978-08-15,190.925,191.256,188.233,190.003,7254,10995
1978-08-16,190.445,191.846,188.307,188.675,5845,10230
1978-08-17,186.574,186.832,186.463,186.463,1595,9521
1978-08-18,187.754,187.79,184.251,185.099,4179,8890
1978-08-21,183.919,186.021,183.587,185.984,4747,8138
1978-08-22,185.91,185.984,184.804,185.025,2243,7496
1978-08-23,183.255,184.583,183.181,184.214,2235,7192
1978-08-24,185.099,185.172,184.472,184.509,1246,6918
1978-08-25,183.476,183.993,183.292,183.698,1163,6637
1978-08-28,183.403,183.698,182.444,182.702,1810,6464
1978-08-29,182.591,184.914,182.37,184.914,1471,6675
1978-08-30,185.541,185.984,184.878,185.689,2383,6666
1978-08-31,186.057,186.205,185.32,185.357,1863,6273
1978-09-01,186.021,187.532,185.947,187.459,1824,6215
1978-09-05,186.389,186.684,185.947,186.537,1032,6146
1978-09-06,186.205,186.389,185.91,186.242,877,6102
1978-09-07,185.357,185.726,184.878,185.099,1268,5810
1978-09-08,184.735,184.844,183.28,183.462,2222,5501
1978-09-11,183.462,184.881,183.353,184.771,1411,5354
1978-09-12,184.844,185.353,184.517,184.881,848,5291
1978-09-13,185.535,186.772,185.535,186.699,1682,5478
1978-09-14,185.281,186.626,185.026,185.862,1591,5604
1978-09-15,186.408,186.917,186.081,186.081,1375,5485
1978-09-18,186.19,187.208,186.19,187.135,1540,5970
1978-09-19,187.026,187.281,186.008,186.262,1754,4968
1978-09-20,188.263,188.481,187.717,188.226,2046,5452
1978-09-21,189.317,189.353,188.626,188.844,1950,5889
1978-09-22,188.626,189.717,188.59,189.644,1496,6329
1978-09-25,189.026,190.335,188.844,190.154,1492,6705
1978-09-26,190.554,190.735,188.372,189.135,2891,6410
1978-09-27,188.917,190.299,188.808,190.226,1850,6399
1978-09-28,189.79,190.881,189.317,190.772,2474,7125
1978-09-29,190.19,190.263,189.644,189.826,1387,6840
1978-10-02,190.554,190.844,190.372,190.626,1091,7333
1978-10-03,191.463,193.063,191.39,192.99,2351,8572
1978-10-04,194.626,194.663,193.063,194.263,3825,9440
1978-10-05,194.008,194.408,193.608,194.263,3254,10145
1978-10-06,193.608,193.935,192.335,192.699,3542,8936
1978-10-09,193.245,194.19,192.917,194.154,1592,9092
1978-10-10,193.717,194.772,193.717,194.445,2638,9852
1978-10-11,195.645,197.572,195.645,197.317,1630,9824
1978-10-12,196.699,196.917,195.463,195.79,3374,9075
1978-10-13,197.281,197.936,196.736,197.827,3541,9634
1978-10-16,196.808,199.827,196.663,199.172,3909,9456
1978-10-17,199.645,200.99,198.918,200.008,3935,9025
1978-10-18,200.59,200.808,199.899,200.263,2794,8936
1978-10-19,199.536,200.808,199.063,200.772,4357,9689
1978-10-20,202.881,203.572,202.481,203.172,2705,9777
1978-10-23,202.409,203.827,202.118,202.699,4418,8817
1978-10-24,202.118,203.572,201.318,202.809,2147,8631
1978-10-25,206.191,206.445,205.645,206.445,1943,9004
1978-10-26,207.682,209.027,207.172,208.736,2902,9372
1978-10-27,209.1,210.118,207.863,210.082,3234,10330
1978-10-30,212.227,213.645,212.118,213.245,3002,10138
1978-10-31,212.7,212.7,209.609,209.609,4215,8561
1978-11-01,205.972,205.972,205.972,205.972,383,8273
1978-11-02,200.518,200.518,200.518,200.518,224,8214
1978-11-03,193.245,193.935,193.245,193.245,2196,7712
1978-11-06,192.626,192.881,191.972,192.517,3026,6894
1978-11-08,195.281,195.608,194.917,195.463,1910,6899
1978-11-09,195.026,195.099,193.935,194.736,2886,6261
1978-11-10,193.935,194.772,193.572,194.59,2089,5922
1978-11-13,193.79,194.59,193.754,194.445,866,5796
1978-11-14,194.299,194.299,193.826,193.899,702,5574
1978-11-15,193.281,193.354,192.19,192.299,1854,5488
1978-11-16,192.154,192.154,190.99,192.081,2148,5494
1978-11-17,190.626,190.626,189.099,189.717,2450,5780
1978-11-20,188.299,189.499,188.263,189.317,2399,5876
1978-11-21,189.826,190.481,189.535,189.681,1410,5878
1978-11-22,189.463,190.335,189.463,190.263,622,5905
1978-11-27,188.99,190.044,188.772,189.935,1212,5648
1978-11-28,188.917,189.79,188.917,189.644,1225,5412
1978-11-29,189.426,190.372,189.172,189.79,1461,5380
1978-11-30,189.172,189.353,188.917,189.135,1236,5438
1978-12-01,188.59,188.844,188.19,188.444,1580,5725
1978-12-04,190.117,190.808,190.008,190.19,2108,5402
1978-12-05,189.753,190.554,189.753,190.408,1409,5277
1978-12-06,190.299,190.299,189.863,190.19,769,5293
1978-12-07,189.935,190.335,189.863,190.19,454,5235
1978-12-08,190.083,190.76,190.083,190.725,1063,5201
1978-12-11,191.295,191.723,191.081,191.295,1097,5335
1978-12-12,190.546,191.259,190.546,191.045,960,5282
1978-12-13,190.546,191.295,190.297,191.081,1049,5461
1978-12-14,191.331,192.008,191.331,191.972,1148,5590
1978-12-15,192.115,192.329,191.723,191.972,1484,5662
1978-12-18,195.537,195.537,195.537,195.537,448,5457
1978-12-19,197.854,198.211,197.248,198.104,2091,4762
1978-12-20,198.211,198.71,197.355,197.819,1297,5021
1978-12-21,195.644,196.036,195.181,195.216,1058,4892
1978-12-22,196.429,196.607,195.181,195.323,581,4994
1978-12-26,195.822,197.106,195.68,197.035,504,4744
1978-12-27,198.567,199.744,198.567,199.423,1034,4797
1978-12-28,199.673,200.136,197.676,199.138,1348,5201
1978-12-29,199.138,199.851,198.853,199.673,1264,5618
1979-01-02,200.243,200.457,198.995,199.245,1335,5228
1979-01-03,195.716,196.785,195.68,196.5,1405,5001
1979-01-04,195.181,196.357,195.074,195.68,1573,4875
1979-01-05,195.716,196.072,195.609,195.787,616,4773
1979-01-08,196.928,197.07,196.571,196.856,1053,5045
1979-01-09,196.678,196.749,195.074,195.323,1634,4975
1979-01-10,195.359,196.072,195.003,195.894,1189,5063
1979-01-11,195.573,195.609,193.826,194.218,1581,4972
1979-01-12,194.111,194.86,194.004,194.503,1540,4445
1979-01-15,194.325,194.432,193.933,194.397,656,4424
1979-01-16,194.896,195.894,194.896,195.716,1940,4972
1979-01-17,196.143,196.215,195.716,196.072,1165,4969
1979-01-18,196.5,197.106,196.393,196.607,1509,5289
1979-01-19,196.072,196.072,195.502,195.929,738,5328
1979-01-22,195.644,195.965,195.252,195.466,862,5181
1979-01-23,194.967,195.038,194.682,194.896,475,5009
1979-01-24,195.181,195.43,194.967,195.074,762,5138
1979-01-25,193.398,194.325,192.971,194.254,2178,5005
1979-01-26,194.254,194.325,193.755,193.79,1122,5039
1979-01-29,193.184,193.577,193.042,193.327,853,4977
1979-01-30,193.398,193.505,192.721,192.757,1209,4855
1979-01-31,193.077,193.077,191.402,191.616,2101,4748
1979-02-01,191.01,191.402,190.404,191.366,1423,4741
1979-02-02,190.119,190.689,189.833,190.297,2557,4816
1979-02-05,192.044,193.077,191.972,193.006,2483,4358
1979-02-06,192.721,193.648,192.471,193.434,1740,4354
1979-02-07,195.003,196.001,194.753,195.858,2992,5134
1979-02-08,194.967,195.003,193.505,193.862,2496,5092
1979-02-09,194.397,194.789,194.147,194.503,1510,5282
1979-02-12,194.432,194.503,193.47,194.111,893,5348
1979-02-13,192.329,193.505,192.258,193.398,924,5136
1979-02-14,193.184,193.327,192.899,193.042,843,5100
1979-02-15,193.256,193.755,193.256,193.505,813,4973
1979-02-16,193.363,193.541,193.042,193.47,206,4929
1979-02-20,193.291,193.363,192.792,192.864,263,4898
1979-02-21,192.864,192.899,192.685,192.721,407,4910
1979-02-22,193.363,193.505,193.149,193.256,422,4921
1979-02-23,193.363,194.076,193.256,193.826,729,5067
1979-02-26,193.897,193.933,193.434,193.434,792,5038
1979-02-27,193.256,193.398,193.077,193.327,405,4994
1979-02-28,193.22,193.755,192.828,193.577,795,5076
1979-03-01,192.436,192.935,192.436,192.864,1106,5033
1979-03-02,192.364,192.507,192.222,192.329,882,4773
1979-03-05,192.151,192.186,191.972,192.008,953,4668
1979-03-06,192.364,192.4,192.044,192.151,533,4711
1979-03-07,192.65,193.042,192.65,193.006,738,4671
1979-03-08,192.866,193.252,192.62,192.726,557,4597
1979-03-09,192.62,192.936,192.445,192.55,361,4495
1979-03-12,192.761,192.761,192.41,192.48,325,4437
1979-03-13,191.708,191.708,191.147,191.252,1353,4470
1979-03-14,191.603,192.094,191.428,191.919,854,4275
1979-03-15,191.989,192.059,191.322,191.603,891,4294
1979-03-16,191.357,191.393,190.972,190.972,1569,4911
1979-03-19,191.007,191.498,191.007,191.322,806,4505
1979-03-20,191.357,191.393,190.516,190.551,1261,4368
1979-03-21,190.48,191.217,190.235,191.182,1576,3992
1979-03-22,191.112,191.322,190.796,190.831,924,3683
1979-03-23,190.726,190.761,190.516,190.586,309,3770
1979-03-26,191.428,191.813,191.393,191.743,1214,3633
1979-03-27,191.077,191.077,190.48,190.516,872,3691
1979-03-28,190.831,190.901,190.621,190.796,440,3640
1979-03-29,190.48,190.48,189.989,190.2,801,3708
1979-03-30,189.989,190.305,189.814,190.305,709,3664
1979-04-02,188.2,188.481,188.2,188.481,964,3590
1979-04-03,188.376,188.656,188.341,188.551,888,3516
1979-04-04,188.341,188.411,187.955,188.2,456,3530
1979-04-05,188.025,188.025,187.534,187.674,1446,4273
1979-04-06,187.148,187.288,186.797,187.113,1321,4523
1979-04-09,186.025,186.131,185.71,185.745,1653,5362
1979-04-10,186.446,186.832,186.236,186.376,2837,4349
1979-04-11,186.657,187.288,186.622,187.043,1813,3848
1979-04-12,186.271,186.341,185.955,186.166,691,4024
1979-04-16,185.71,185.955,185.64,185.885,538,4136
1979-04-17,185.99,186.481,185.71,185.885,1253,3889
1979-04-18,186.832,186.973,186.552,186.937,956,3663
1979-04-19,187.534,187.569,186.552,186.727,1119,3543
1979-04-20,185.85,185.885,185.359,185.534,1228,3765
1979-04-23,186.096,186.306,185.885,186.06,791,3619
1979-04-24,186.622,186.622,186.201,186.411,719,3529
1979-04-25,186.587,187.113,186.481,186.973,1288,3226
1979-04-26,186.622,187.008,186.517,186.973,1017,3373
1979-04-27,186.622,186.832,186.236,186.657,677,3357
1979-04-30,185.815,186.411,185.569,186.376,1018,3577
1979-05-01,186.236,186.657,186.131,186.201,1114,3499
1979-05-02,186.06,186.06,185.394,185.64,1140,3580
1979-05-03,185.745,185.885,185.604,185.85,266,3579
1979-05-04,185.885,186.06,185.675,185.99,600,3534
1979-05-07,186.271,186.446,186.06,186.131,707,3442
1979-05-08,186.236,186.271,185.885,185.99,399,3401
1979-05-09,186.06,186.131,185.815,186.06,276,3393
1979-05-10,185.85,185.85,185.569,185.745,435,3468
1979-05-11,185.675,185.955,185.394,185.92,619,3522
1979-05-14,185.604,185.604,185.359,185.429,652,3575
1979-05-15,184.938,184.973,184.482,184.727,1821,4209
1979-05-16,184.868,184.938,184.622,184.727,838,4258
1979-05-17,184.166,184.412,183.85,183.886,2158,5547
1979-05-18,183.254,183.535,183.009,183.079,1564,5842
1979-05-21,183.184,183.675,183.184,183.605,2415,4745
1979-05-22,183.535,183.71,183.184,183.57,1699,4836
1979-05-23,183.289,183.921,183.184,183.815,1864,4869
1979-05-24,183.78,184.096,183.64,183.921,879,4674
1979-05-25,183.71,183.815,183.079,183.359,1264,5128
1979-05-29,182.763,183.394,182.658,183.359,2060,5251
1979-05-30,183.149,185.078,183.114,184.377,3260,4715
1979-05-31,184.342,184.622,183.57,183.815,2756,4259
1979-06-01,183.57,183.57,183.324,183.465,1022,4266
1979-06-04,183.745,183.956,183.675,183.921,1037,3858
1979-06-05,183.956,183.991,183.219,183.394,1366,4191
1979-06-06,183.149,183.57,183.114,183.535,1489,4272
1979-06-07,183.359,184.096,183.289,183.78,1527,4069
1979-06-08,183.815,184.232,183.746,183.85,981,4020
1979-06-11,183.711,183.815,183.468,183.537,1021,3565
1979-06-12,183.155,184.093,183.12,183.815,1366,3378
1979-06-13,183.885,184.162,183.641,183.711,662,3211
1979-06-14,184.093,184.544,184.093,184.51,1970,3555
1979-06-15,185.587,186.524,185.587,186.455,4421,5101
1979-06-18,185.899,186.629,185.795,186.559,3003,6432
1979-06-19,187.566,189.129,187.497,188.817,3296,6945
1979-06-20,188.678,188.886,188.087,188.539,2160,7082
1979-06-21,188.99,190.171,188.886,189.72,3410,8930
1979-06-22,189.65,190.241,188.782,189.025,3835,8571
1979-06-25,191.04,191.526,190.727,191.04,1932,8522
1979-06-26,189.477,190.137,189.06,189.199,2700,8477
1979-06-27,189.894,190.554,189.789,190.415,1406,8698
1979-06-28,190.137,190.449,189.303,190.067,2092,8459
1979-06-29,189.859,191.387,189.859,191.04,2618,9383
1979-07-02,190.692,190.797,190.171,190.276,1557,9452
1979-07-03,189.789,191.213,189.685,191.109,3148,10648
1979-07-05,191.839,192.638,191.005,191.144,5228,11556
1979-07-06,191.283,191.839,187.671,189.963,5972,9903
1979-07-09,190.171,190.623,189.824,190.449,2463,9241
1979-07-10,190.692,191.04,190.415,190.623,1139,8945
1979-07-11,191.665,192.047,191.248,191.63,1635,9132
1979-07-12,191.526,191.908,191.283,191.735,1503,9237
1979-07-13,191.179,192.256,191.04,191.978,2473,9148
1979-07-16,192.394,193.02,192.221,192.742,3820,10598
1979-07-17,193.124,193.714,192.568,193.089,3736,10569
1979-07-18,194.166,194.305,193.541,194.131,2303,10916
1979-07-19,193.958,194.201,192.985,193.471,2281,10836
1979-07-20,193.402,193.506,192.082,192.846,2170,10227
1979-07-23,193.437,193.68,193.089,193.263,1290,10458
1979-07-24,193.749,193.749,193.054,193.541,1926,10212
1979-07-25,192.707,192.846,192.394,192.568,1021,10058
1979-07-26,192.082,192.29,191.665,191.943,2426,9715
1979-07-27,191.943,192.464,191.908,192.117,1856,9254
1979-07-30,191.318,191.422,189.894,190.171,4287,8333
1979-07-31,189.859,190.658,189.859,190.31,2437,7745
1979-08-01,191.005,191.179,190.727,190.936,1303,7534
1979-08-02,191.109,191.179,190.241,190.415,1562,7466
1979-08-03,190.519,190.936,190.276,190.901,681,7346
1979-08-06,190.449,191.075,190.345,190.936,1804,7009
1979-08-07,190.588,190.797,190.276,190.415,1508,7124
1979-08-08,190.31,191.213,190.276,191.109,1553,7050
1979-08-09,191.7,191.7,191.352,191.457,821,7291
1979-08-10,191.908,192.082,191.318,191.526,1562,7262
1979-08-13,191.387,191.387,190.554,190.658,1237,6919
1979-08-14,190.067,190.866,189.998,190.797,1693,6380
1979-08-15,190.484,190.797,189.894,190.692,1279,6364
1979-08-16,190.415,191.005,190.415,190.866,712,6351
1979-08-17,190.484,190.658,189.824,190.033,1051,6246
1979-08-20,190.171,190.31,190.102,190.206,710,6103
1979-08-21,190.31,190.38,190.137,190.241,504,6067
1979-08-22,190.241,190.519,190.033,190.449,702,6051
1979-08-23,190.415,190.658,190.206,190.623,619,6059
1979-08-24,190.623,190.797,190.38,190.554,729,6130
1979-08-27,190.31,190.345,190.102,190.345,500,6124
1979-08-28,190.31,190.449,190.137,190.415,759,6062
1979-08-29,189.928,190.102,189.616,189.963,1163,6023
1979-08-30,190.936,191.04,190.623,190.97,1675,6193
1979-08-31,190.588,191.075,190.449,191.04,1077,6609
1979-09-04,190.449,190.901,190.415,190.484,1303,6629
1979-09-05,190.97,191.248,190.797,191.144,1778,7490
1979-09-06,191.735,192.151,191.63,192.151,3956,9285
1979-09-07,191.943,192.707,191.804,192.533,2699,10368
1979-09-10,192.773,192.808,191.779,192.122,2959,10221
1979-09-11,191.916,192.054,191.334,191.574,2674,9686
1979-09-12,191.779,192.465,191.779,192.088,2161,9753
1979-09-13,192.122,192.259,191.162,191.574,1418,9539
1979-09-14,191.677,191.951,191.128,191.642,2287,9023
1979-09-17,191.916,192.225,191.745,192.088,2069,10175
1979-09-18,192.499,192.773,191.642,192.088,2623,9716
1979-09-19,192.396,193.048,192.156,192.91,2982,10865
1979-09-20,195.721,196.338,195.447,196.338,2939,10626
1979-09-21,196.372,197.195,195.618,197.161,4385,11663
1979-09-24,196.921,196.921,195.721,196.578,4783,12416
1979-09-25,196.098,196.715,195.995,196.475,3466,11514
1979-09-26,196.167,196.784,195.721,196.715,3670,12338
1979-09-27,198.635,199.115,198.258,198.806,3578,13325
1979-09-28,198.532,199.526,197.915,198.395,3359,12722
1979-10-01,199.492,200.006,198.943,199.834,2996,13917
1979-10-02,198.84,198.84,196.407,197.229,6796,12114
1979-10-03,197.264,197.846,196.167,196.887,3717,10873
1979-10-04,196.407,196.955,195.893,196.098,2620,9625
1979-10-05,196.852,197.298,196.647,196.784,2062,9640
1979-10-08,193.356,194.007,193.356,193.356,1349,9314
1979-10-09,192.019,194.144,191.814,193.939,4112,8690
1979-10-10,194.247,195.721,193.939,195.653,3096,8515
1979-10-11,194.693,194.933,193.39,193.699,2732,7887
1979-10-12,193.253,194.144,192.91,193.15,2198,7819
1979-10-15,192.876,193.459,192.739,192.876,1381,7852
1979-10-16,192.533,192.979,191.848,191.985,2361,7734
1979-10-17,192.636,192.842,191.437,192.671,4332,7915
1979-10-18,192.362,192.945,192.225,192.602,1754,7399
1979-10-19,192.602,192.636,192.054,192.328,901,7640
1979-10-22,192.465,192.465,191.642,192.191,2119,7135
1979-10-23,191.711,192.088,191.299,191.951,2514,6896
1979-10-24,192.191,192.499,191.265,192.054,2716,6787
1979-10-25,192.225,192.328,191.779,191.951,1008,6707
1979-10-26,191.985,192.019,191.539,191.677,1212,6775
1979-10-29,190.922,191.402,190.717,191.197,2201,6851
1979-10-30,191.128,191.437,190.922,191.128,2128,7091
1979-10-31,191.608,192.431,191.505,192.362,3935,7293
1979-11-01,192.019,192.499,191.814,192.225,2666,7628
1979-11-02,192.156,193.596,192.054,193.288,3223,8037
1979-11-05,193.013,193.185,192.396,192.499,3238,7246
1979-11-06,192.431,193.493,191.882,192.842,2155,7471
1979-11-07,193.253,193.425,192.808,193.082,1544,7257
1979-11-08,192.533,192.636,192.293,192.431,1917,6744
1979-11-09,191.985,192.293,191.882,191.985,1009,6728
1979-11-12,191.334,192.156,191.334,191.402,1226,6643
1979-11-13,191.574,192.191,191.471,192.054,1455,6829
1979-11-14,193.15,194.179,192.91,194.11,3158,7035
1979-11-15,193.425,193.493,192.808,193.013,1784,6990
1979-11-16,194.007,194.864,193.699,194.83,3654,8613
1979-11-19,195.138,195.79,195.138,195.516,3666,9700
1979-11-20,194.624,195.618,194.453,195.378,2269,10022
1979-11-21,195.893,196.235,195.516,195.653,2142,10440
1979-11-23,195.138,195.755,195.001,195.55,1265,10062
1979-11-26,196.064,196.681,195.961,196.578,2640,10720
1979-11-27,197.024,197.435,196.235,196.715,2833,10249
1979-11-28,196.989,197.161,196.304,196.715,2747,10358
1979-11-29,196.887,197.606,196.887,197.366,3556,10715
1979-11-30,198.121,199.149,198.121,198.806,3158,11912
1979-12-03,200.451,201.445,200.451,200.966,2929,11982
1979-12-04,198.566,199.217,198.223,198.223,3228,11290
1979-12-05,196.133,197.298,196.133,196.955,4133,11746
1979-12-06,197.195,197.469,196.304,196.304,3299,10143
1979-12-07,195.55,196.235,195.447,195.55,2775,9452
1979-12-10,195.957,196.669,195.957,196.635,1291,9354
1979-12-11,197.889,198.838,197.821,198.804,2004,9974
1979-12-12,198.567,198.567,197.516,197.923,1909,9588
1979-12-13,198.16,198.838,198.059,198.262,1743,9296
1979-12-14,197.381,200.194,197.075,197.821,2409,9678
1979-12-17,198.33,198.567,197.652,198.364,2624,10334
1979-12-18,198.94,198.94,198.059,198.94,1911,10306
1979-12-19,198.33,199.211,198.092,198.16,1942,10449
1979-12-20,198.16,198.262,196.974,197.008,1925,10360
1979-12-21,197.177,199.415,197.109,199.211,977,10266
1979-12-26,198.94,199.313,198.499,198.703,1449,10639
1979-12-27,200.025,200.601,199.754,200.025,2177,11024
1979-12-28,198.669,199.313,198.669,198.974,739,11157
1979-12-31,199.143,199.279,198.567,199.143,641,11294
1980-01-02,199.889,201.178,199.822,201.144,4108,14205
1980-01-03,201.517,201.923,200.228,201.008,4732,14162
1980-01-04,199.855,200.872,199.754,200.601,2291,14117
1980-01-07,200.533,201.212,200.432,200.974,2394,14466
1980-01-08,199.55,200.33,199.245,199.923,2360,14632
1980-01-09,200.025,200.398,199.923,200.194,1459,14721
1980-01-10,199.686,199.855,198.771,198.94,2888,14480
1980-01-11,199.415,199.516,198.838,199.449,2481,14472
1980-01-14,199.482,199.55,199.11,199.347,1941,14485
1980-01-15,199.279,199.381,197.855,198.262,3748,14104
1980-01-16,197.618,198.94,197.584,198.771,3169,14173
1980-01-17,198.228,199.11,198.126,198.804,2210,14138
1980-01-18,198.364,198.872,197.72,197.753,3091,14100
1980-01-21,198.059,198.33,197.448,197.482,2244,13888
1980-01-22,197.516,197.686,196.736,196.872,4896,12730
1980-01-23,197.482,197.991,197.143,197.279,2356,12378
1980-01-24,197.347,197.652,197.245,197.482,1174,12191
1980-01-25,197.313,197.347,196.736,196.974,1577,12225
1980-01-28,197.075,197.075,196.058,196.804,3435,11928
1980-01-29,196.872,196.906,196.567,196.77,1900,12213
1980-01-30,196.804,196.804,196.194,196.228,2048,12518
1980-01-31,196.16,196.33,195.414,195.855,4975,12235
1980-02-01,195.414,195.923,195.177,195.685,3202,10999
1980-02-04,195.38,196.194,195.38,196.024,2158,10952
1980-02-05,195.957,196.296,195.618,195.753,1773,10492
1980-02-06,196.465,197.109,196.397,196.94,5483,11895
1980-02-07,196.499,196.669,195.923,196.126,2171,11923
1980-02-08,195.618,196.092,195.55,195.821,1864,12036
1980-02-11,196.194,196.296,195.889,196.126,1740,12075
1980-02-12,196.058,196.058,195.55,196.024,1228,12168
1980-02-13,196.092,196.533,195.923,196.194,2215,12824
1980-02-14,196.635,196.736,195.957,195.991,1569,12861
1980-02-15,196.024,196.228,195.245,195.787,2631,12239
1980-02-19,195.007,195.041,194.431,194.736,4344,10910
1980-02-20,194.872,195.177,194.634,194.906,2618,10503
1980-02-21,195.211,195.211,194.634,194.702,2836,11271
1980-02-22,193.482,193.719,193.041,193.482,4068,11695
1980-02-25,193.109,193.244,192.77,192.905,3387,11136
1980-02-26,193.041,193.211,192.736,193.041,2826,11402
1980-02-27,192.329,193.482,192.329,193.244,2922,10592
1980-02-28,193.448,193.448,192.668,193.007,1878,10454
1980-02-29,191.312,191.651,190.634,190.77,3493,10644
1980-03-03,190.77,190.973,190.431,190.77,2201,9915
1980-03-04,190.532,190.634,189.685,189.888,2059,10233
1980-03-05,189.99,190.329,189.617,189.786,1627,9982
1980-03-06,188.973,189.583,188.769,189.142,2749,10817
1980-03-07,188.701,189.346,188.295,188.295,3497,10701
1980-03-10,187.567,187.732,187.17,187.302,1880,10688
1980-03-11,187.633,187.732,186.673,186.839,1817,10864
1980-03-12,187.633,187.798,187.136,187.335,2421,10828
1980-03-13,186.276,186.408,185.813,185.846,3207,11278
1980-03-14,184.82,185.747,184.555,185.052,2748,10830
1980-03-17,181.908,181.908,181.742,181.742,960,10377
1980-03-18,181.047,181.577,180.286,180.617,3472,9301
1980-03-19,181.014,181.114,180.485,180.849,2082,9560
1980-03-20,181.577,181.709,181.246,181.544,3219,8700
1980-03-21,180.353,180.617,179.955,180.386,2414,9139
1980-03-24,179.227,179.492,178.963,179.062,2883,10251
1980-03-25,178.83,178.83,178.003,178.566,5498,9538
1980-03-26,178.334,178.731,177.937,178.036,3188,9588
1980-03-27,175.885,176.216,175.124,175.223,3914,10152
1980-03-28,174.859,175.554,174.363,174.694,5650,10048
1980-03-31,173.271,173.469,172.443,172.543,2804,10535
1980-04-01,170.623,172.741,170.623,172.642,5819,9559
1980-04-02,172.046,173.271,172.013,172.146,4262,8805
1980-04-03,172.013,172.079,170.69,170.789,2709,9354
1980-04-07,170.061,171.55,169.895,170.292,4381,9455
1980-04-08,172.179,173.602,171.98,173.602,4813,8264
1980-04-09,176.911,176.911,176.911,176.911,428,8110
1980-04-10,177.507,180.187,177.341,179.988,5044,8106
1980-04-11,179.823,180.386,178.466,180.187,3195,7929
1980-04-14,180.187,180.22,179.194,179.525,2731,8051
1980-04-15,177.374,178.235,176.282,177.606,5032,7817
1980-04-16,177.705,180.915,177.639,180.915,5325,8358
1980-04-17,181.246,182.305,179.988,181.941,6693,8990
1980-04-18,181.511,182.272,180.286,180.717,4710,8575
1980-04-21,181.081,181.809,180.948,181.544,2997,8591
1980-04-22,180.253,180.518,179.658,180.121,3853,8157
1980-04-23,183.066,183.43,182.901,183.43,2546,8765
1980-04-24,183.265,184.555,183.033,184.158,3429,9451
1980-04-25,184.324,184.754,183.397,184.059,2796,9499
1980-04-28,186.144,186.144,184.919,185.383,2032,9225
1980-04-29,185.151,185.846,184.82,185.68,2495,9103
1980-04-30,185.151,185.316,184.621,184.853,3643,9317
1980-05-01,184.82,184.985,184.324,184.688,2478,9067
1980-05-02,183.331,183.496,181.775,181.941,6395,8598
1980-05-05,183.662,185.25,183.463,184.721,4489,8593
1980-05-06,185.482,185.78,184.257,184.522,4259,8502
1980-05-07,185.978,186.342,185.383,185.846,3759,8938
1980-05-08,184.952,185.184,184.489,184.688,3493,8710
1980-05-09,183.43,183.893,182.537,183.298,3816,8657
1980-05-12,184.985,185.349,184.489,185.184,2239,8542
1980-05-13,184.886,185.283,184.092,185.217,2857,8408
1980-05-14,184.886,185.118,184.489,184.621,2882,9216
1980-05-15,184.588,184.886,184.39,184.522,2177,9874
1980-05-16,183.86,185.118,183.596,184.588,3881,8970
1980-05-19,184.158,184.257,183.265,183.331,3700,9595
1980-05-20,183.496,184.257,183.132,184.158,4079,9085
1980-05-21,184.82,185.383,184.754,184.919,4192,8601
1980-05-22,184.654,185.151,184.588,184.952,2685,8629
1980-05-23,185.482,186.872,185.482,186.805,5334,10016
1980-05-27,187.534,188.129,187.534,187.964,4469,10864
1980-05-28,186.805,186.905,186.111,186.574,3869,10062
1980-05-29,186.574,186.607,185.482,185.515,5704,9677
1980-05-30,185.316,187.07,185.151,186.144,3660,9399
1980-06-02,186.541,186.607,185.581,185.647,2158,9119
1980-06-03,185.78,186.971,185.78,186.739,3264,9314
1980-06-04,186.441,186.839,186.111,186.21,3041,8927
1980-06-05,186.805,186.905,186.21,186.541,1936,9117
1980-06-06,186.375,186.938,186.309,186.508,4596,9990
1980-06-09,187.268,187.863,187.268,187.565,2686,10120
1980-06-10,187.532,188.061,187.169,187.532,4927,10407
1980-06-11,187.136,187.4,186.805,187.102,3460,9980
1980-06-12,187.169,187.697,187.169,187.466,2373,9892
1980-06-13,188.358,188.755,188.094,188.689,4281,11628
1980-06-16,187.301,187.532,185.979,186.144,7958,9674
1980-06-17,186.871,187.466,186.309,187.301,3742,8239
1980-06-18,187.301,187.433,187.036,187.301,1458,8037
1980-06-19,186.706,187.136,186.442,186.772,3244,9189
1980-06-20,186.805,187.069,186.739,186.904,1232,8877
1980-06-23,187.069,187.136,186.64,186.673,1545,9239
1980-06-24,186.706,186.904,186.475,186.706,1945,9384
1980-06-25,186.706,186.937,186.64,186.673,2284,9597
1980-06-26,186.904,187.664,186.904,187.631,3744,8971
1980-06-27,187.4,187.598,187.169,187.565,1857,8409
1980-06-30,187.929,188.028,187.301,187.466,1282,8249
1980-07-01,187.367,187.929,187.235,187.863,2063,8450
1980-07-02,187.796,188.259,187.73,188.094,3289,8436
1980-07-03,187.962,189.118,187.4,188.887,5809,10445
1980-07-07,189.548,190.242,189.548,190.01,5316,11944
1980-07-08,190.671,190.804,189.548,190.01,4030,11972
1980-07-09,190.341,190.341,189.68,189.878,2756,11621
1980-07-10,189.779,190.341,189.515,190.242,3526,12044
1980-07-11,189.614,190.374,189.548,189.911,2909,11136
1980-07-14,189.317,189.746,189.217,189.449,2975,10086
1980-07-15,188.953,189.217,188.722,188.92,2873,9436
1980-07-16,189.548,190.143,189.416,190.11,2731,9396
1980-07-17,190.341,190.572,189.515,189.548,3315,9301
1980-07-18,189.548,189.812,189.085,189.581,2061,9271
1980-07-21,190.077,190.209,189.746,189.944,1005,9307
1980-07-22,190.242,190.44,189.713,189.878,2823,9417
1980-07-23,189.845,190.242,189.647,190.077,2004,9491
1980-07-24,190.275,190.837,190.176,190.44,4600,11261
1980-07-25,190.308,190.473,189.878,190.242,2023,10867
1980-07-28,189.944,189.977,188.788,188.821,6411,9619
1980-07-29,188.424,188.49,187.301,187.433,6488,9101
1980-07-30,187.4,187.73,185.45,185.483,7040,9454
1980-07-31,185.748,185.88,184.492,184.921,5055,9554
1980-08-01,184.624,184.789,184.294,184.591,2524,9970
1980-08-04,185.88,186.375,185.186,186.21,2597,10058
1980-08-05,186.309,186.838,185.979,186.673,4172,10089
1980-08-06,186.871,187.565,186.375,187.036,4089,10223
1980-08-07,185.946,186.541,185.45,186.276,2442,10353
1980-08-08,185.219,185.682,184.988,185.153,1961,10305
1980-08-11,185.12,185.715,185.054,185.549,2798,9853
1980-08-12,185.285,186.177,185.252,186.111,2457,9403
1980-08-13,186.375,186.409,185.384,185.88,2886,9737
1980-08-14,185.318,185.45,184.888,185.318,3150,10483
1980-08-15,185.219,185.285,184.657,184.69,2879,11347
1980-08-18,183.468,184.062,183.302,183.434,5272,12507
1980-08-19,183.633,183.963,183.468,183.666,3338,12729
1980-08-20,184.062,184.161,183.699,183.897,2823,12317
1980-08-21,183.765,184.459,183.203,183.401,6892,13128
1980-08-22,183.203,183.6,182.674,183.434,4669,12136
1980-08-25,183.401,183.434,182.906,183.17,2827,12774
1980-08-26,183.401,184.327,183.269,184.062,5708,10792
1980-08-27,183.401,184.029,183.335,183.501,3100,10699
1980-08-28,184.789,185.549,184.69,185.021,7959,9606
1980-08-29,184.591,185.285,183.93,184.822,2965,9264
1980-09-02,185.946,186.243,185.946,186.111,3546,9050
1980-09-03,185.648,186.21,185.582,185.88,3397,9011
1980-09-04,186.375,186.442,185.285,185.45,3042,8978
1980-09-05,185.384,185.814,185.219,185.516,2568,8588
1980-09-08,186.139,186.303,185.779,185.877,2064,8432
1980-09-09,186.238,186.336,185.582,185.877,2542,7987
1980-09-10,185.779,185.877,185.484,185.877,1535,7913
1980-09-11,186.041,186.205,185.91,186.074,1290,7586
1980-09-12,185.516,185.746,185.254,185.484,3056,7747
1980-09-15,185.418,185.516,185.221,185.385,1573,7949
1980-09-16,185.352,185.484,185.156,185.352,1875,6268
1980-09-17,185.516,185.746,185.352,185.418,1994,6452
1980-09-18,184.795,184.795,183.844,184.106,6456,8140
1980-09-19,183.549,184.205,183.516,184.041,2934,8712
1980-09-22,183.549,183.582,182.467,182.697,6039,11748
1980-09-23,182.401,182.86,181.975,182.795,5015,12468
1980-09-24,183.287,184.139,183.024,183.615,5297,11522
1980-09-25,183.811,184.041,183.156,183.385,2485,11658
1980-09-26,183.024,183.549,182.533,183.385,3002,11946
1980-09-29,182.533,182.664,182.205,182.336,2441,13100
1980-09-30,182.86,182.992,182.434,182.533,1739,13314
1980-10-01,183.352,183.549,182.795,182.828,3949,12934
1980-10-02,183.024,183.123,182.434,182.5,1686,12880
1980-10-03,182.5,183.746,182.5,183.713,4878,11396
1980-10-06,183.713,184.041,183.483,183.615,3102,10678
1980-10-07,183.024,183.254,182.926,183.123,2007,10399
1980-10-08,182.959,183.156,182.926,183.123,1349,10728
1980-10-09,182.926,183.385,182.86,183.188,1937,10208
1980-10-10,183.123,183.319,183.057,183.254,1277,9754
1980-10-13,183.057,183.057,181.746,181.942,3159,10590
1980-10-14,182.27,182.27,181.254,181.352,6269,13530
1980-10-15,180.237,181.352,180.205,181.287,4687,13265
1980-10-16,181.09,181.09,179.811,179.877,6124,15527
1980-10-17,179.516,179.909,178.631,178.696,7553,17945
1980-10-20,178.696,178.795,176.959,177.614,8191,17051
1980-10-21,176.532,177.483,176.401,176.598,6086,16981
1980-10-22,176.598,178.041,176.008,177.221,8166,15854
1980-10-23,176.991,177.778,176.5,176.663,4666,15674
1980-10-24,176.27,177.188,176.073,176.729,5852,15573
1980-10-27,175.745,175.877,175.286,175.549,6625,16872
1980-10-28,174.303,174.827,174.04,174.499,5490,16375
1980-10-29,174.368,175.516,174.106,174.958,7219,14207
1980-10-30,174.893,174.893,173.417,173.68,6604,16441
1980-10-31,172.991,173.876,172.532,172.598,5301,16035
1980-11-03,171.942,173.155,171.614,172.565,5149,15959
1980-11-05,170.335,170.762,169.45,170.073,6563,17056
1980-11-06,170.171,170.237,169.155,169.352,4339,17749
1980-11-07,168.827,170.368,168.204,169.68,7392,15813
1980-11-10,170.827,172.958,170.663,172.958,5332,14463
1980-11-11,174.598,176.237,173.876,175.877,6586,13962
1980-11-12,173.286,174.762,172.794,173.745,6532,12051
1980-11-13,174.27,174.467,173.221,173.516,3595,11866
1980-11-14,173.122,173.549,172.762,173.155,3188,11529
1980-11-17,171.221,171.385,170.499,170.86,4007,11614
1980-11-18,171.024,172.467,170.827,171.876,5002,10887
1980-11-19,173.516,173.745,172.86,173.614,4720,10882
1980-11-20,172.63,172.794,171.745,172.204,7080,12230
1980-11-21,171.188,172.303,171.057,172.171,4641,12393
1980-11-24,171.811,172.401,171.712,172.171,3186,12287
1980-11-25,172.171,172.368,171.942,172.106,2504,12094
1980-11-26,171.483,171.516,170.434,170.532,4958,14000
1980-11-28,170.827,170.991,170.04,170.106,3444,14771
1980-12-01,168.86,170.106,168.86,169.417,5553,15168
1980-12-02,169.68,169.975,168.827,168.958,5088,15603
1980-12-03,169.286,169.778,168.86,169.221,3170,14083
1980-12-04,169.155,169.155,168.827,168.925,3821,13855
1980-12-05,168.04,168.106,167.122,167.811,3244,14322
1980-12-08,167.586,167.971,167.009,167.49,3980,14486
1980-12-09,166.11,166.527,165.02,165.501,6495,15302
1980-12-10,164.731,165.18,163.384,163.993,8605,14164
1980-12-11,162.967,164.442,162.614,163.159,6612,13280
1980-12-12,164.699,165.469,164.089,164.795,7890,10827
1980-12-15,166.816,167.361,164.089,164.955,5766,10426
1980-12-16,163.993,164.089,162.967,163.961,4936,9617
1980-12-17,164.41,167.137,164.41,166.624,5114,9811
1980-12-18,165.533,165.918,164.891,165.533,4308,9424
1980-12-19,165.212,168.581,165.212,167.779,6440,10486
1980-12-22,166.399,167.971,166.239,167.137,4060,10562
1980-12-23,167.939,168.516,167.458,168.196,2761,10519
1980-12-24,167.682,169.383,166.816,167.875,2264,10745
1980-12-29,167.779,167.779,166.912,167.329,1512,10981
1980-12-30,167.907,168.035,166.207,166.239,2460,10405
1980-12-31,167.137,167.137,164.442,164.988,2262,10250
1981-01-02,165.052,166.527,164.153,166.142,2636,10623
1981-01-05,167.105,168.484,166.848,168.131,4476,11302
1981-01-06,169.094,169.126,167.714,168.131,5830,10750
1981-01-07,167.618,167.843,166.559,166.88,5260,9825
1981-01-08,166.078,166.592,165.533,165.597,4564,10273
1981-01-09,165.822,166.078,164.186,164.667,6100,10831
1981-01-12,165.052,165.244,163.672,163.865,9277,11834
1981-01-13,163.865,163.865,162.549,163.448,8415,10836
1981-01-14,163.64,164.089,163.384,163.704,4448,10721
1981-01-15,163.063,163.191,161.363,161.651,5725,12555
1981-01-16,161.459,163.384,161.01,162.838,8093,11260
1981-01-19,162.71,163.287,162.132,162.678,5814,11609
1981-01-20,162.517,163.512,162.132,163.223,5535,11185
1981-01-21,163.448,163.672,162.004,162.1,4827,12142
1981-01-22,161.01,162.036,160.272,161.363,9692,12685
1981-01-23,160.528,160.817,159.438,159.502,6688,13079
1981-01-26,157.994,158.636,157.866,158.187,6885,14073
1981-01-27,157.93,158.636,156.39,156.935,6957,13153
1981-01-28,155.684,156.294,155.107,155.813,6940,12074
1981-01-29,154.497,155.171,154.337,154.497,5856,12823
1981-01-30,152.637,153.439,151.514,151.578,6178,12732
1981-02-02,153.824,153.888,151.963,152.027,5126,13391
1981-02-03,150.552,153.343,150.199,152.605,9658,11630
1981-02-04,152.027,153.439,151.963,152.637,5614,11224
1981-02-05,151.995,151.995,149.91,150.102,7788,14021
1981-02-06,150.744,152.22,150.006,151.386,7145,12387
1981-02-09,151.161,151.482,150.487,150.744,3755,12520
1981-02-10,149.974,150.776,149.75,150.519,6776,12558
1981-02-11,149.974,150.327,149.525,149.75,3521,12252
1981-02-12,148.37,148.466,147.055,147.119,3501,13005
1981-02-13,146.927,146.959,145.002,145.515,2784,12661
1981-02-17,146.734,148.691,146.189,148.466,10483,11191
1981-02-18,148.915,149.91,146.991,147.921,7385,10788
1981-02-19,150.616,151.739,149.589,151.514,7276,11261
1981-02-20,154.369,154.947,151.899,153.727,5124,10992
1981-02-23,152.925,152.925,150.616,151.065,4879,10430
1981-02-24,152.541,153.727,151.097,152.733,8542,11250
1981-02-25,152.541,153.15,151.771,152.027,5248,11896
1981-02-26,151.45,152.701,150.904,151.354,7703,11784
1981-02-27,150.391,151.033,149.621,150.519,4884,11559
1981-03-02,149.108,149.493,148.434,148.659,6406,10718
1981-03-03,147.889,151.161,147.889,150.68,5427,10023
1981-03-04,151.321,151.739,149.429,150.006,7566,9591
1981-03-05,150.006,150.68,149.333,149.75,4923,9440
1981-03-06,149.814,150.584,149.621,150.327,3993,9417
1981-03-09,150.582,152.46,150.582,151.696,6159,9804
1981-03-10,152.173,153.192,151.855,152.078,6387,10289
1981-03-11,151.537,152.078,150.964,151.951,4212,9990
1981-03-12,151.696,152.301,151.569,151.632,2987,9783
1981-03-13,152.142,152.619,152.014,152.364,3371,10118
1981-03-16,153.097,153.861,153.001,153.224,5839,11631
1981-03-17,154.211,154.306,153.511,154.02,6736,9702
1981-03-18,155.039,156.694,154.434,156.567,8382,10722
1981-03-19,155.803,156.949,155.102,155.261,9354,11360
1981-03-20,155.039,155.612,154.084,154.848,6858,10410
1981-03-23,153.383,154.338,153.129,154.306,4053,9606
1981-03-24,153.351,153.988,153.288,153.511,3361,9477
1981-03-25,153.447,153.702,152.683,153.415,5866,9200
1981-03-26,152.619,152.81,150.231,150.263,6809,8611
1981-03-27,150.263,151.409,149.563,150.741,7516,8501
1981-03-30,150.709,153.924,150.582,153.924,5333,7982
1981-03-31,152.333,153.033,151.218,151.632,4762,8061
1981-04-01,152.651,152.715,151.728,152.237,3737,7742
1981-04-02,152.173,152.301,151.091,151.218,3753,8091
1981-04-03,150.295,150.964,149.531,149.977,6598,8618
1981-04-06,148.863,149.181,148.258,148.512,7872,10731
1981-04-07,149.722,151.441,149.372,150.932,8343,10005
1981-04-08,150.964,151.409,149.627,149.722,7239,10233
1981-04-09,149.531,149.818,148.926,149.69,5694,10038
1981-04-10,149.181,149.372,148.481,148.672,4234,10706
1981-04-13,147.334,148.099,147.207,147.907,5431,10361
1981-04-14,148.003,148.385,147.366,147.525,6116,10813
1981-04-15,147.43,147.685,146.411,146.539,5594,11740
1981-04-16,146.666,146.889,146.125,146.443,5276,12038
1981-04-20,145.424,148.035,145.265,147.43,8317,11361
1981-04-21,147.112,147.716,146.411,147.621,7659,10490
1981-04-22,147.653,148.672,147.398,147.844,8668,10240
1981-04-23,147.366,148.194,147.016,147.557,7865,9938
1981-04-24,146.889,147.398,146.316,146.379,6245,10890
1981-04-27,147.334,147.398,146.443,146.507,5727,10298
1981-04-28,146.443,146.761,146.061,146.316,4688,10435
1981-04-29,144.979,145.329,144.565,145.042,7700,12308
1981-04-30,144.756,145.297,144.406,144.756,6254,12023
1981-05-01,144.788,145.838,144.406,145.615,6507,10460
1981-05-04,143.228,143.578,142.686,142.877,4015,10503
1981-05-05,141.477,142.145,141.318,141.986,5913,11444
1981-05-06,142.623,142.877,141.763,141.954,6542,12016
1981-05-07,140.84,141.795,140.84,141.604,7123,12087
1981-05-08,142.782,143.005,142.018,142.432,4862,11538
1981-05-11,141.19,141.19,140.012,140.203,6231,12775
1981-05-12,140.108,140.49,139.535,140.14,7703,11895
1981-05-13,140.203,140.203,139.471,139.758,3045,11805
1981-05-14,138.707,139.598,138.484,139.312,6230,11547
1981-05-15,139.503,139.789,138.166,138.23,5088,11239
1981-05-18,139.853,139.98,138.739,139.598,5805,11494
1981-05-19,139.344,139.407,138.452,138.516,4475,12293
1981-05-20,139.567,139.662,138.866,139.503,5795,11488
1981-05-21,138.07,138.293,137.465,138.039,6934,12766
1981-05-22,137.688,138.58,137.688,138.452,3771,12392
1981-05-26,136.892,137.243,136.479,136.733,4707,12645
1981-05-27,135.969,137.243,135.81,136.765,5269,12181
1981-05-28,136.733,137.943,136.733,137.561,6002,12165
1981-05-29,137.306,137.434,136.829,136.988,3825,11504
1981-06-01,137.465,137.593,135.587,135.715,6139,12405
1981-06-02,135.364,135.524,134.505,135.237,6435,12027
1981-06-03,135.205,135.237,134.25,134.346,6331,12886
1981-06-04,133.231,133.518,132.149,132.626,6516,13051
1981-06-05,131.735,132.435,131.449,132.276,5498,13419
1981-06-08,131.867,133.126,131.867,132.497,4902,12075
1981-06-09,133.283,133.378,132.339,132.465,5344,12108
1981-06-10,133.944,134.574,133.693,133.976,5752,12240
1981-06-11,132.906,133.126,132.308,132.402,6946,13858
1981-06-12,132.906,133.409,132.591,133.189,5937,13104
1981-06-15,134.668,136.336,134.542,135.959,9947,12271
1981-06-16,136.116,136.273,135.109,135.423,5688,8618
1981-06-17,135.927,136.21,135.361,135.581,3606,8827
1981-06-18,134.7,134.857,134.007,134.259,4016,9319
1981-06-19,133.598,134.794,133.504,134.7,3912,9434
1981-06-22,134.763,135.361,134.353,135.172,3608,9379
1981-06-23,135.077,135.644,134.574,134.605,6330,9287
1981-06-24,134.542,134.605,133.976,134.605,6718,9454
1981-06-25,134.102,134.165,132.906,132.969,5816,9873
1981-06-26,132.874,133.787,132.654,133.567,3547,10354
1981-06-29,133.441,133.598,132.937,133.126,3750,10376
1981-06-30,132.843,133.409,132.748,132.906,4312,9788
1981-07-01,132.182,132.213,131.552,131.962,7167,10576
1981-07-02,132.087,132.465,131.71,132.213,5016,10432
1981-07-06,129.979,130.231,129.57,129.884,6379,11259
1981-07-07,130.325,130.451,130.01,130.136,5269,12206
1981-07-08,128.909,129.192,128.216,128.877,6776,12732
1981-07-09,129.633,130.923,128.94,130.577,8925,10432
1981-07-10,129.979,130.923,129.916,130.514,6895,9884
1981-07-13,131.364,131.615,130.577,130.797,7427,9590
1981-07-14,129.821,131.017,129.727,130.766,5163,9064
1981-07-15,130.734,132.213,130.734,131.836,9462,10475
1981-07-16,131.395,132.182,131.269,131.552,6870,9999
1981-07-17,131.017,131.49,130.671,131.143,4114,9678
1981-07-20,130.042,130.231,129.727,129.79,4620,9941
1981-07-21,128.877,129.161,128.531,128.909,7555,11063
1981-07-22,129.444,130.419,129.286,130.105,7473,10531
1981-07-23,130.168,130.388,129.696,129.947,5456,10374
1981-07-24,130.073,130.608,130.073,130.482,5272,10498
1981-07-27,131.175,131.206,129.759,129.884,6893,10999
1981-07-28,130.01,130.199,129.664,129.947,4877,11137
1981-07-29,129.727,129.916,128.594,128.814,6249,11179
1981-07-30,128.248,129.381,128.059,129.129,5685,11448
1981-07-31,128.563,128.909,128.028,128.059,5034,11660
1981-08-03,126.643,126.674,125.006,125.132,6079,11408
1981-08-04,125.95,126.139,125.006,125.384,6078,11483
1981-08-05,126.265,126.423,125.73,126.202,4336,11303
1981-08-06,125.541,126.202,125.258,126.076,5099,11142
1981-08-07,124.912,125.384,124.566,124.723,8024,13433
1981-08-10,123.055,123.401,122.74,122.992,5948,13689
1981-08-11,123.212,124.125,122.929,123.936,7431,12874
1981-08-12,124.755,127.083,124.629,125.95,10812,13195
1981-08-13,126.234,126.36,125.415,125.793,7152,11934
1981-08-14,125.604,125.699,125.038,125.164,4485,11532
1981-08-17,125.321,127.272,125.29,127.083,9793,10718
1981-08-18,127.933,127.933,126.517,126.769,8375,10445
1981-08-19,126.423,127.587,126.076,127.052,8009,10667
1981-08-20,127.209,128.311,127.209,127.43,7031,10992
1981-08-21,129.192,129.853,128.531,129.79,8406,12671
1981-08-24,129.035,129.161,126.611,126.832,11061,11702
1981-08-25,125.825,126.611,125.258,126.076,7523,11276
1981-08-26,126.895,128.153,126.832,127.996,7241,11184
1981-08-27,127.461,127.713,127.146,127.618,5722,10632
1981-08-28,128.405,129.286,128.405,128.594,5070,11376
1981-08-31,129.633,129.664,127.965,128.405,8607,10850
1981-09-01,128.626,128.846,127.996,128.689,5614,11192
1981-09-02,129.255,129.947,128.877,129.696,8308,12788
1981-09-03,129.979,130.482,129.601,130.357,9688,14434
1981-09-04,129.947,130.923,129.853,130.388,7773,15049
1981-09-08,130.11,130.203,128.564,128.997,8429,13404
1981-09-09,129.09,129.832,128.842,129.615,5590,13161
1981-09-10,129.893,131.099,129.739,130.264,10261,15111
1981-09-11,130.821,131.099,130.326,130.883,6420,14485
1981-09-14,132.397,132.985,131.748,132.923,8285,15470
1981-09-15,133.201,135.118,133.077,134.53,9351,13814
1981-09-16,134.654,137.158,134.159,136.601,11810,14943
1981-09-17,137.869,138.611,135.612,136.292,10444,13989
1981-09-18,138.271,139.074,137.714,138.642,5368,13884
1981-09-21,139.878,140.496,139.198,139.631,6050,14183
1981-09-22,137.158,138.24,136.54,136.787,5895,13504
1981-09-23,136.601,137.374,135.21,135.489,6789,12238
1981-09-24,134.067,135.705,133.788,135.365,5986,12372
1981-09-25,133.943,134.808,133.541,133.696,6328,11573
1981-09-28,133.077,134.159,132.706,134.097,6225,11619
1981-09-29,135.581,135.921,134.561,134.747,4196,11750
1981-09-30,134.808,134.963,134.036,134.468,6376,9921
1981-10-01,134.221,134.778,134.036,134.623,4155,10054
1981-10-02,136.478,137.22,136.014,136.57,6620,11328
1981-10-05,139.662,139.662,139.538,139.662,2185,11551
1981-10-06,139.26,139.723,136.632,139.043,9451,11559
1981-10-07,140.651,141.115,139.94,140.342,7588,11773
1981-10-08,139.971,141.887,139.94,141.826,4361,12706
1981-10-09,142.66,142.938,141.64,141.671,8166,12136
1981-10-12,142.506,143.031,141.331,141.424,6120,12493
1981-10-13,141.3,141.733,140.156,140.434,7917,11968
1981-10-14,139.847,141.331,139.383,141.238,7159,12376
1981-10-15,141.3,141.516,138.951,139.105,7355,11900
1981-10-16,138.92,139.662,138.487,139.229,5592,11019
1981-10-19,139.136,139.631,138.951,139.229,5322,11067
1981-10-20,139.754,139.909,138.178,138.394,9611,12069
1981-10-21,137.961,138.023,136.199,136.663,10576,11961
1981-10-22,136.663,137.003,135.55,136.725,11259,12352
1981-10-23,136.478,137.158,136.169,136.663,7060,11265
1981-10-26,133.881,135.056,133.881,134.561,9419,12339
1981-10-27,135.056,135.179,134.499,134.932,6542,12405
1981-10-28,135.241,136.014,135.025,135.89,5805,11208
1981-10-29,136.014,137.745,135.952,137.467,8224,10561
1981-10-30,137.961,140.033,137.591,139.878,9993,11094
1981-11-02,140.064,140.28,138.982,139.445,11369,10899
1981-11-03,139.693,141.269,139.322,141.207,7603,11047
1981-11-04,140.465,140.744,139.291,139.785,11845,10791
1981-11-05,139.971,140.805,138.58,139.322,9085,10814
1981-11-06,139.476,140.064,139.322,140.002,5003,10518
1981-11-09,140.775,141.207,140.187,140.404,7187,11348
1981-11-10,139.754,139.847,138.672,138.796,7832,10896
1981-11-11,140.156,140.311,139.414,140.249,5687,11165
1981-11-12,140.311,140.775,139.878,140.187,6211,11280
1981-11-13,139.94,140.094,139.043,139.754,6645,11300
1981-11-16,138.147,138.58,137.251,137.652,9203,12078
1981-11-17,138.023,138.332,136.941,138.147,11918,11715
1981-11-18,137.714,138.982,137.591,138.642,10642,11482
1981-11-19,138.796,139.105,137.003,137.312,8576,11530
1981-11-20,137.56,137.838,136.663,137.034,11219,12613
1981-11-23,136.632,138.054,136.509,137.467,8781,11563
1981-11-24,138.456,139.167,138.24,138.642,8524,10586
1981-11-25,139.291,139.445,138.271,138.549,7227,10513
1981-11-27,138.92,140.589,138.92,140.342,10106,11046
1981-11-30,140.651,140.775,139.569,139.723,9633,11319
1981-12-01,139.6,139.6,138.58,138.858,8730,10540
1981-12-02,138.549,140.033,138.425,139.971,8355,11462
1981-12-03,138.858,139.013,138.302,138.827,7300,11255
1981-12-04,139.198,139.476,138.456,138.827,9043,11716
1981-12-07,138.672,138.858,137.683,138.085,9562,11674
1981-12-08,137.316,138.239,137.039,137.808,9548,10683
1981-12-09,138.024,138.485,137.747,137.931,6893,10570
1981-12-10,137.747,137.901,137.224,137.47,8739,11295
1981-12-11,137.131,137.531,136.362,136.578,8594,13580
1981-12-14,134.947,136.916,134.485,136.362,12337,15385
1981-12-15,136.116,137.224,136.116,136.731,7918,13930
1981-12-16,135.839,136.608,135.408,135.808,6213,13637
1981-12-17,136.178,136.393,135.408,135.685,5449,14619
1981-12-18,135.008,135.993,134.608,135.839,5993,14751
1981-12-21,135.716,136.239,135.316,135.562,3589,14289
1981-12-22,136.178,136.824,135.747,136.793,4509,12749
1981-12-23,135.931,136.454,135.685,135.993,2166,12427
1981-12-24,136.147,137.408,136.147,136.485,2897,11853
1981-12-28,136.731,136.762,136.085,136.331,1469,11833
1981-12-29,136.485,136.762,136.147,136.67,1556,11339
1981-12-30,136.793,138.024,136.608,137.808,3147,10979
1981-12-31,137.901,138.731,137.747,138.085,2403,10731
1982-01-04,138.7,138.793,137.839,138.362,8214,10870
1982-01-05,137.162,137.316,136.762,137.193,4964,10896
1982-01-06,137.685,138.177,137.624,137.777,6738,10076
1982-01-07,136.762,137.254,136.639,137.07,6454,8570
1982-01-08,136.793,137.377,136.731,136.947,3495,8485
1982-01-11,135.931,136.054,135.008,135.162,7037,10523
1982-01-12,135.131,135.654,134.916,135.285,7348,11018
1982-01-13,135.501,135.808,134.362,134.393,8110,12309
1982-01-14,134.301,134.731,133.47,134.516,9532,13292
1982-01-15,134.547,134.793,133.378,133.932,6708,14295
1982-01-18,133.901,135.316,133.747,134.947,7769,13703
1982-01-19,135.224,135.378,134.239,134.362,6335,13848
1982-01-20,134.239,134.578,133.932,134.455,5814,13471
1982-01-21,134.331,134.885,134.27,134.455,4841,13154
1982-01-22,134.393,134.485,133.408,133.778,4318,13397
1982-01-25,132.608,132.855,132.055,132.67,6921,13888
1982-01-26,132.608,133.993,132.608,133.87,7758,13310
1982-01-27,133.993,134.455,132.916,133.101,7089,12859
1982-01-28,132.947,133.285,132.608,132.916,6821,12394
1982-01-29,133.993,134.116,133.132,133.255,6345,13411
1982-02-01,131.993,132.116,131.47,131.655,6225,14174
1982-02-02,131.501,132.085,131.409,131.685,7150,13189
1982-02-03,132.332,132.393,131.009,131.316,7028,13453
1982-02-04,131.47,132.608,131.439,132.024,6974,14032
1982-02-05,132.239,132.362,131.593,131.962,4771,13307
1982-02-08,131.655,131.778,130.793,130.886,6210,14191
1982-02-09,130.486,130.67,129.932,130.362,6423,14035
1982-02-10,130.609,130.886,130.239,130.609,6485,14453
1982-02-11,130.639,130.855,130.147,130.332,3484,14145
1982-02-12,129.316,129.778,129.316,129.562,2640,13438
1982-02-16,128.824,129.47,128.578,129.439,4234,13472
1982-02-17,129.501,129.655,128.639,129.101,4896,13656
1982-02-18,129.624,130.762,129.316,130.393,9109,12643
1982-02-19,130.455,131.009,130.301,130.701,4861,12185
1982-02-22,131.316,131.716,131.162,131.655,7500,11847
1982-02-23,130.855,130.947,129.901,130.362,7570,11763
1982-02-24,130.609,130.701,130.024,130.393,4673,11431
1982-02-25,129.87,130.178,129.686,129.839,5037,11442
1982-02-26,129.224,129.532,128.639,128.67,6359,12974
1982-03-01,129.224,129.501,128.793,129.039,6441,13219
1982-03-02,129.747,129.839,129.501,129.809,4448,12929
1982-03-03,129.87,130.116,129.655,129.87,5379,13148
1982-03-04,130.055,130.916,129.993,130.732,6320,12269
1982-03-05,131.316,131.501,130.855,131.132,6338,12029
1982-03-08,131.436,131.709,130.615,130.767,8098,10920
1982-03-09,130.311,130.493,129.794,130.007,6599,11270
1982-03-10,130.19,130.98,130.068,130.767,8586,11459
1982-03-11,130.311,130.463,129.703,129.734,6177,12071
1982-03-12,129.551,129.764,129.278,129.551,4347,12128
1982-03-15,130.038,130.25,129.703,129.916,4597,12348
1982-03-16,129.643,129.764,129.369,129.521,4524,10891
1982-03-17,129.703,130.19,129.673,129.825,4540,11034
1982-03-18,129.916,130.007,129.43,129.643,4291,10990
1982-03-19,129.096,129.551,128.944,129.43,5563,12647
1982-03-22,129.065,129.156,128.275,128.336,7442,14570
1982-03-23,128.609,129.794,128.518,129.582,8174,13488
1982-03-24,129.491,129.551,128.792,128.974,5327,13225
1982-03-25,128.7,128.883,128.397,128.731,3993,13425
1982-03-26,128.397,128.64,128.184,128.427,3641,13450
1982-03-29,127.515,127.88,127.303,127.758,5411,14089
1982-03-30,127.242,128.001,127.242,127.606,4616,14072
1982-03-31,127.363,127.758,127.272,127.485,4182,13824
1982-04-01,127.971,128.245,127.85,128.001,4644,13820
1982-04-02,128.366,128.427,128.123,128.397,3533,13383
1982-04-05,127.637,127.819,127.454,127.515,3512,13315
1982-04-06,127.424,127.515,127.181,127.454,3754,13768
1982-04-07,127.454,127.637,127.211,127.363,2835,13826
1982-04-08,126.907,127.151,126.756,127.029,3827,14825
1982-04-12,126.968,127.181,126.847,127.151,2750,14475
1982-04-13,127.272,127.546,127.151,127.272,5548,12857
1982-04-14,127.059,127.181,126.877,127.029,3004,12982
1982-04-15,126.573,126.756,126.512,126.695,3189,13246
1982-04-16,126.482,127.09,126.452,126.907,2651,12780
1982-04-19,127.12,127.515,126.999,127.424,5044,12371
1982-04-20,127.941,128.245,127.758,127.941,6405,12350
1982-04-21,128.153,128.427,127.819,128.275,5666,12395
1982-04-22,127.606,128.062,127.576,127.88,3895,12587
1982-04-23,128.001,128.609,127.971,128.366,6218,12924
1982-04-26,129.247,129.399,128.944,129.187,7902,13558
1982-04-27,129.004,130.007,129.004,129.703,10116,16487
1982-04-28,130.19,130.281,129.946,130.25,7312,16583
1982-04-29,129.916,131.344,129.673,131.132,9241,17062
1982-04-30,131.284,131.922,130.98,131.223,6347,16874
1982-05-03,131.77,131.77,130.828,131.101,7290,16125
1982-05-04,130.737,130.949,130.433,130.706,6734,15796
1982-05-05,131.739,132.438,131.679,132.378,7619,16895
1982-05-06,132.59,132.955,132.408,132.864,7872,18285
1982-05-07,133.532,134.262,133.259,134.14,8188,19215
1982-05-10,133.806,134.019,133.137,133.259,7153,18808
1982-05-11,134.323,134.444,133.776,134.049,6555,19719
1982-05-12,134.11,134.323,133.776,134.019,7927,19671
1982-05-13,133.259,133.38,132.134,132.256,11052,17497
1982-05-14,131.922,132.773,131.861,132.317,6731,17247
1982-05-17,133.411,133.472,131.101,131.314,10996,16465
1982-05-18,131.436,132.043,130.98,131.557,10824,16088
1982-05-19,131.648,132.134,131.344,131.375,7565,16261
1982-05-20,131.375,132.621,131.375,132.56,7903,17807
1982-05-21,132.651,132.985,132.226,132.651,8342,17976
1982-05-24,132.742,133.077,132.378,132.712,7191,18390
1982-05-25,131.952,132.074,131.436,131.709,10302,17563
1982-05-26,131.557,131.952,130.463,130.585,11741,16113
1982-05-27,130.463,130.767,129.582,130.159,12051,14607
1982-05-28,129.825,130.25,129.43,129.551,6803,13293
1982-06-01,128.579,128.579,128.001,128.184,10821,13084
1982-06-02,127.728,128.761,127.637,128.7,9665,13111
1982-06-03,128.731,129.156,128.488,128.609,7227,13177
1982-06-04,129.217,129.339,128.67,128.731,5616,13408
1982-06-07,127.485,128.032,127.333,127.728,6044,13413
1982-06-08,127.488,127.518,126.201,126.291,9905,14659
1982-06-09,125.812,126.53,125.542,125.932,9618,15170
1982-06-10,126.051,126.351,125.662,125.782,6741,15132
1982-06-11,127.069,128.057,126.68,128.027,8000,13112
1982-06-14,126.021,126.261,125.303,125.542,6645,13426
1982-06-15,125.333,126.141,125.243,125.722,6271,11661
1982-06-16,125.003,125.273,124.794,124.973,6321,12468
1982-06-17,124.375,124.554,124.015,124.165,4932,12561
1982-06-18,124.105,124.375,123.446,123.536,4242,12671
1982-06-21,122.548,123.566,122.339,123.177,6435,12627
1982-06-22,123.476,124.315,123.117,123.297,6381,12398
1982-06-23,122.428,123.896,122.189,123.626,7390,12675
1982-06-24,123.596,123.776,122.548,122.608,5612,13315
1982-06-25,122.069,122.698,121.86,122.219,5156,13748
1982-06-28,122.069,122.309,121.83,122.249,4553,13822
1982-06-29,122.878,123.746,122.548,123.716,7374,12537
1982-06-30,123.357,124.015,122.818,123.207,9038,11917
1982-07-01,123.207,123.656,122.488,123.536,5186,12141
1982-07-02,123.057,123.147,122.099,122.159,5492,12778
1982-07-06,122.279,122.398,120.961,121.201,7417,15071
1982-07-07,120.482,120.931,120.243,120.662,7620,15336
1982-07-08,120.842,121.261,120.213,121.171,10507,14146
1982-07-09,121.381,121.979,121.321,121.65,8811,13701
1982-07-12,122.818,122.997,121.65,121.979,7863,13197
1982-07-13,122.039,122.039,120.842,121.68,8071,13617
1982-07-14,121.111,121.53,120.842,121.171,6342,13195
1982-07-15,120.961,121.351,120.632,120.961,5579,13589
1982-07-16,121.141,122.548,121.021,122.309,6524,13496
1982-07-19,122.548,122.638,121.74,122.159,7279,13946
1982-07-20,122.428,123.357,122.279,123.087,11828,12417
1982-07-21,123.686,124.255,123.297,123.656,12907,12964
1982-07-22,123.716,124.195,123.327,124.105,10096,14024
1982-07-23,125.632,126.321,125.123,126.261,11239,16111
1982-07-26,125.153,125.243,124.704,124.794,11248,19259
1982-07-27,123.985,124.434,123.596,124.195,8516,17701
1982-07-28,123.147,123.626,121.86,121.919,11596,15478
1982-07-29,122.339,122.907,121.261,121.77,10436,14064
1982-07-30,122.518,122.818,121.83,122.159,5531,13903
1982-08-02,123.656,123.776,123.057,123.716,6124,14336
1982-08-03,123.746,123.776,122.608,122.758,6644,13176
1982-08-04,121.321,121.74,120.722,121.231,11062,13547
1982-08-05,121.351,121.381,120.363,120.752,10689,13239
1982-08-06,119.734,120.363,119.614,119.674,8603,14353
1982-08-09,118.596,120.063,118.536,119.764,10479,14487
1982-08-10,120.602,120.602,119.195,119.434,7040,15102
1982-08-11,118.806,119.255,118.626,119.195,6693,14650
1982-08-12,119.075,120.303,118.985,119.973,5951,14482
1982-08-13,120.063,120.392,119.015,119.195,5836,14605
1982-08-16,118.955,119.614,118.836,119.374,7046,14660
1982-08-17,118.865,120.093,118.806,119.973,8184,14012
1982-08-18,121.231,121.71,120.243,120.333,14049,13870
1982-08-19,120.363,121.949,120.363,121.74,9958,13592
1982-08-20,122.099,122.608,121.949,122.518,7627,13798
1982-08-23,121.86,122.967,121.71,122.518,8360,13633
1982-08-24,123.357,124.255,123.057,124.015,10453,13584
1982-08-25,123.626,124.105,122.997,123.057,10959,14881
1982-08-26,122.937,123.836,122.219,122.339,11964,15457
1982-08-27,121.77,121.949,120.512,120.662,8974,15066
1982-08-30,120.333,120.632,119.225,119.434,11145,14565
1982-08-31,119.883,121.111,119.674,120.303,10645,14025
1982-09-01,120.303,120.752,120.123,120.602,6744,14027
1982-09-02,121.56,121.74,121.111,121.44,7873,13065
1982-09-03,121.56,121.56,120.842,121.201,6794,12687
1982-09-07,121.171,121.44,120.512,120.692,5651,12293
1982-09-08,120.306,120.811,119.683,120.425,9510,11603
1982-09-09,120.247,120.87,120.069,120.544,6133,12056
1982-09-10,119.594,120.039,119.149,119.476,10026,12700
1982-09-13,119.031,119.446,118.764,119.387,6972,13117
1982-09-14,119.476,119.743,119.061,119.149,7284,11814
1982-09-15,119.921,120.099,118.912,119.061,8925,12265
1982-09-16,119.209,119.98,118.823,119.772,8049,11127
1982-09-17,119.683,120.217,119.446,119.594,8406,10886
1982-09-20,120.158,120.306,119.268,119.832,7522,10408
1982-09-21,119.654,119.832,119.09,119.802,5398,10592
1982-09-22,119.98,120.336,119.772,119.861,5746,10165
1982-09-23,119.505,119.535,118.942,118.972,7120,11585
1982-09-24,118.883,119.149,118.497,119.061,9798,12408
1982-09-27,118.082,118.26,117.222,117.31,6846,14659
1982-09-28,117.607,118.408,117.548,118.141,7300,14459
1982-09-29,118.289,118.497,118.052,118.2,5140,14918
1982-09-30,118.171,118.349,118.052,118.2,2355,14600
1982-10-01,118.319,118.616,118.082,118.378,4078,15068
1982-10-04,117.073,117.281,116.925,116.984,4409,15561
1982-10-05,117.133,117.429,117.014,117.34,3951,15375
1982-10-06,117.37,117.637,117.133,117.192,3053,15482
1982-10-07,117.726,118.734,117.666,118.675,13876,14574
1982-10-08,118.467,119.09,117.963,118.171,11088,13403
1982-10-11,119.327,120.217,118.645,120.099,12125,14028
1982-10-12,119.505,120.069,119.209,119.327,10779,13950
1982-10-13,119.001,119.209,118.764,119.149,8403,14040
1982-10-14,118.616,118.764,118.022,118.111,6644,12805
1982-10-15,118.26,118.942,118.082,118.408,5948,12730
1982-10-18,118.705,118.764,118.319,118.408,3937,12707
1982-10-19,118.527,118.794,117.844,117.904,8884,12803
1982-10-20,117.933,117.993,117.518,117.726,6533,12682
1982-10-21,117.726,117.874,117.548,117.726,3809,12508
1982-10-22,117.844,117.963,117.31,117.518,3596,12748
1982-10-25,116.688,116.836,116.48,116.806,5195,13795
1982-10-26,117.073,117.103,116.658,116.925,4150,14226
1982-10-27,117.192,117.281,116.45,116.599,4336,14541
1982-10-28,116.45,116.658,116.035,116.51,5006,14485
1982-10-29,115.857,116.421,115.827,116.005,3968,14491
1982-11-01,116.332,116.955,116.243,116.806,4874,14310
1982-11-02,116.806,116.955,116.45,116.628,4269,14479
1982-11-03,116.48,116.539,115.857,115.946,4836,14796
1982-11-04,115.501,115.768,115.175,115.412,5133,15638
1982-11-05,115.56,115.62,115.116,115.145,5118,15376
1982-11-08,114.789,114.878,114.404,114.671,3324,15275
1982-11-09,114.997,115.382,114.819,115.234,5454,14721
1982-11-10,115.738,115.857,115.145,115.323,5793,14292
1982-11-11,114.73,115.086,114.285,114.433,5076,14978
1982-11-12,114.7,115.086,114.552,114.997,3825,15017
1982-11-15,114.789,115.234,114.671,115.145,3272,14961
1982-11-16,115.471,115.798,115.382,115.56,7843,14734
1982-11-17,116.094,116.124,115.442,115.709,9392,13986
1982-11-18,115.768,116.065,115.531,115.976,5237,14278
1982-11-19,116.658,117.162,116.51,116.895,13315,15013
1982-11-22,117.103,117.222,116.124,116.302,10578,14509
1982-11-23,116.272,117.103,116.213,116.836,9130,14824
1982-11-24,117.162,118.111,117.133,118.082,17163,18481
1982-11-26,117.488,119.061,117.37,119.001,14570,21135
1982-11-29,119.179,119.683,118.764,119.327,15118,20770
1982-11-30,119.476,120.751,119.446,120.544,14149,22873
1982-12-01,120.722,120.988,119.861,120.277,15173,21132
1982-12-02,120.247,122.056,120.069,121.819,13348,23660
1982-12-03,121.819,122.442,121.433,122.116,10947,23411
1982-12-06,122.65,122.857,122.116,122.827,8348,23441
1982-12-07,123.065,123.094,122.027,122.323,11665,20995
1982-12-08,121.499,122.058,121.058,121.117,9880,20005
1982-12-09,121.234,121.47,120.499,121.382,8815,19210
1982-12-10,121.234,121.382,120.646,120.911,6647,18693
1982-12-13,120.057,120.293,119.704,119.763,7222,18197
1982-12-14,121.411,121.941,121.293,121.411,7152,15155
1982-12-15,121.117,121.47,120.734,121.382,4482,14858
1982-12-16,122.47,123.294,122.323,123.265,10453,18114
1982-12-17,122.971,123.353,122.353,122.706,6393,17999
1982-12-20,122.588,122.971,122.382,122.618,3379,17987
1982-12-21,123.324,123.795,123.147,123.677,6411,20553
1982-12-22,123.324,123.441,123.029,123.206,4486,20343
1982-12-23,123.353,123.883,123.235,123.559,3130,20773
1982-12-27,124.471,124.972,124.295,124.883,4426,21902
1982-12-28,125.178,125.295,124.648,125.06,3510,21702
1982-12-29,124.913,125.178,124.501,124.707,4546,21196
1982-12-30,124.795,124.883,124.207,124.412,3577,20275
1982-12-31,124.56,125.648,123.824,125.325,2828,19792
1983-01-03,124.618,125.295,124.589,125.119,6288,21197
1983-01-04,125.619,125.796,125.119,125.678,7370,21091
1983-01-05,126.237,126.737,125.854,126.502,7842,21827
1983-01-06,126.149,126.296,125.796,126.031,6600,21569
1983-01-07,126.178,126.943,126.09,126.796,7479,22796
1983-01-10,126.943,127.09,126.767,126.914,7755,22326
1983-01-11,126.413,126.443,125.472,125.619,10850,20717
1983-01-12,125.796,125.825,125.089,125.413,7677,20048
1983-01-13,126.325,126.472,126.09,126.266,6272,19465
1983-01-14,125.266,125.825,124.972,125.619,7167,18832
1983-01-17,125.384,125.678,124.824,124.913,8883,19025
1983-01-18,123.736,123.912,123.088,123.294,13156,17622
1983-01-19,122.412,122.647,121.382,121.529,14667,16177
1983-01-20,122.294,122.588,121.676,122.088,9695,15512
1983-01-21,121.735,122.029,120.823,121.087,8501,15994
1983-01-24,119.234,120.469,119.204,120.44,9446,15472
1983-01-25,121.323,122.353,121.293,122.147,11247,15404
1983-01-26,122.735,122.853,121.382,121.705,9854,15311
1983-01-27,120.94,122.0,120.911,121.47,10552,15710
1983-01-28,121.293,121.794,121.146,121.646,5988,16202
1983-01-31,120.646,120.646,119.469,119.498,7353,16806
1983-02-01,119.469,120.234,118.88,119.057,12309,17591
1983-02-02,119.057,119.175,118.174,119.086,10061,17814
1983-02-03,119.528,119.969,119.292,119.322,8764,18137
1983-02-04,118.939,119.704,118.88,119.41,4709,17962
1983-02-07,119.44,120.734,119.351,120.646,7526,18650
1983-02-08,121.205,121.617,120.558,120.646,9938,18229
1983-02-09,121.558,121.911,121.205,121.764,9409,18851
1983-02-10,122.353,122.618,122.117,122.382,10280,18307
1983-02-11,122.706,123.0,122.412,122.676,7586,18459
1983-02-14,121.794,122.853,121.794,122.735,7798,19368
1983-02-15,123.0,123.294,122.412,122.912,9344,19427
1983-02-16,122.353,123.677,122.294,123.324,9996,19734
1983-02-17,123.383,123.471,122.823,123.059,9746,20312
1983-02-18,122.618,123.177,122.618,123.0,7614,20536
1983-02-22,123.177,123.324,121.176,121.264,14077,18059
1983-02-23,121.058,122.176,120.823,121.764,11036,18048
1983-02-24,121.97,122.706,121.323,121.588,10155,17806
1983-02-25,121.97,122.412,121.794,122.088,6271,17880
1983-02-28,121.588,121.617,120.646,120.705,13030,16653
1983-03-01,120.94,121.058,120.411,120.558,9375,16704
1983-03-02,121.411,121.411,121.058,121.293,5884,16265
1983-03-03,121.44,121.882,121.352,121.617,8812,16785
1983-03-04,122.117,123.265,122.058,123.235,13356,18879
1983-03-07,123.206,123.559,122.971,123.324,15191,21556
1983-03-08,122.916,123.062,122.101,122.247,11090,20046
1983-03-09,122.305,122.742,122.043,122.421,9473,21300
1983-03-10,123.091,123.295,122.916,123.207,10408,23307
1983-03-11,123.12,123.178,122.48,123.004,9071,22734
1983-03-14,122.974,124.284,122.887,124.226,15592,27841
1983-03-15,123.731,123.935,122.974,123.236,12253,26316
1983-03-16,123.091,123.906,122.974,123.702,7683,26721
1983-03-17,123.673,123.848,122.654,122.858,11256,25802
1983-03-18,122.654,123.586,122.567,123.527,6679,25943
1983-03-21,122.451,122.451,121.374,121.636,12937,22606
1983-03-22,122.305,122.421,121.694,121.839,8271,21600
1983-03-23,120.966,121.665,120.966,121.432,9510,20524
1983-03-24,121.927,122.13,121.228,121.344,7028,19768
1983-03-25,121.49,121.868,120.966,121.083,6712,19419
1983-03-28,120.791,121.199,120.588,121.112,5587,18903
1983-03-29,120.821,121.053,120.762,120.85,4546,18401
1983-03-30,121.374,121.403,120.821,120.908,5318,18304
1983-03-31,121.024,121.141,120.762,120.85,3554,18195
1983-04-04,121.053,121.694,121.053,121.49,3515,18055
1983-04-05,121.141,121.898,121.112,121.781,9118,19310
1983-04-06,121.81,121.985,121.286,121.432,10946,20079
1983-04-07,121.723,121.752,121.257,121.374,4762,20066
1983-04-08,120.995,121.199,120.791,120.966,5755,19955
1983-04-11,121.257,121.315,120.821,120.908,5786,19721
1983-04-12,121.053,121.228,120.704,120.762,9560,20618
1983-04-13,120.879,120.879,119.918,120.151,12735,21625
1983-04-14,120.006,120.297,119.889,120.268,7909,21779
1983-04-15,120.151,120.384,119.918,120.18,5385,22163
1983-04-18,119.365,119.394,118.929,119.045,8881,21303
1983-04-19,119.482,119.744,119.278,119.336,5655,20538
1983-04-20,118.958,119.569,118.87,119.453,5871,20261
1983-04-21,119.453,119.54,119.132,119.278,3640,20758
1983-04-22,119.656,119.802,119.482,119.569,4587,20392
1983-04-25,119.976,120.122,119.685,119.744,5812,20875
1983-04-26,119.249,119.598,119.191,119.54,4002,21071
1983-04-27,119.307,119.54,118.841,118.958,7237,22368
1983-04-28,118.434,118.9,118.317,118.87,7932,22334
1983-04-29,118.9,119.045,118.492,118.783,6225,22944
1983-05-02,118.608,118.929,118.492,118.783,3458,23167
1983-05-03,119.045,119.278,118.9,119.191,4880,22462
1983-05-04,119.656,119.802,119.423,119.569,12449,24041
1983-05-05,119.802,119.947,119.569,119.627,10155,23186
1983-05-06,119.482,120.326,119.394,120.297,10002,25577
1983-05-09,120.18,120.268,119.86,120.122,11371,25702
1983-05-10,119.453,119.86,119.365,119.802,11868,25867
1983-05-11,119.744,120.035,119.569,119.86,10192,26894
1983-05-12,119.54,119.831,119.54,119.685,7170,26600
1983-05-13,119.191,119.627,119.191,119.365,8234,27215
1983-05-16,118.696,118.754,118.492,118.638,10421,27107
1983-05-17,118.23,118.754,118.201,118.579,9070,26261
1983-05-18,118.696,118.87,118.23,118.317,9058,26552
1983-05-19,117.968,118.114,117.532,117.677,12965,28156
1983-05-20,117.823,117.939,117.473,117.648,6651,27920
1983-05-23,117.182,117.59,116.979,117.561,9798,26679
1983-05-24,117.27,117.386,116.891,117.037,9850,27351
1983-05-25,117.27,117.357,117.066,117.182,6361,26855
1983-05-26,116.979,117.037,116.513,116.6,9874,26285
1983-05-27,116.076,116.426,115.785,116.018,8894,25202
1983-05-31,115.611,115.669,114.97,115.028,9439,25382
1983-06-01,114.359,114.475,114.01,114.039,15160,25897
1983-06-02,114.563,114.97,114.417,114.563,13148,25390
1983-06-03,114.534,114.796,114.475,114.621,7887,23901
1983-06-06,113.515,113.631,113.311,113.457,7000,24524
1983-06-07,113.515,113.602,113.34,113.544,10677,24441
1983-06-08,112.997,113.63,112.997,113.256,10751,24127
1983-06-09,114.004,114.148,113.371,113.63,14495,22422
1983-06-10,114.033,114.119,113.573,113.602,12104,21932
1983-06-13,114.551,114.608,113.745,114.004,11106,21773
1983-06-14,113.544,113.86,113.343,113.803,6970,19028
1983-06-15,113.055,113.544,112.969,113.256,7199,19203
1983-06-16,113.86,114.234,113.573,114.206,8509,19640
1983-06-17,114.292,114.378,113.544,114.119,7203,20269
1983-06-20,113.975,114.349,113.717,114.177,6979,21036
1983-06-21,113.889,114.867,113.86,114.752,12306,22356
1983-06-22,115.385,115.615,115.155,115.184,13726,23264
1983-06-23,115.155,115.299,114.954,115.126,8743,23383
1983-06-24,115.184,115.558,115.04,115.356,6308,23721
1983-06-27,115.644,115.644,114.407,114.436,12928,24110
1983-06-28,114.062,114.637,113.918,114.062,13399,23543
1983-06-29,114.321,114.58,114.062,114.206,8943,23365
1983-06-30,114.177,114.551,114.091,114.234,6296,23269
1983-07-01,114.465,114.522,114.263,114.378,2164,23035
1983-07-05,113.112,113.371,112.911,113.112,15251,25811
1983-07-06,113.112,113.256,112.969,113.17,6755,26645
1983-07-07,113.026,113.199,112.508,113.141,14412,26751
1983-07-08,112.796,112.911,112.623,112.681,6187,26555
1983-07-11,112.336,112.652,112.221,112.422,9941,26940
1983-07-12,112.106,112.422,112.019,112.192,10171,26377
1983-07-13,112.048,112.652,112.048,112.393,9809,25393
1983-07-14,112.508,112.767,112.336,112.365,8324,25530
1983-07-15,111.674,111.818,111.415,111.53,7411,25457
1983-07-18,112.019,112.106,111.559,111.875,6217,25254
1983-07-19,111.818,112.048,111.76,111.904,4943,25743
1983-07-20,112.652,112.997,112.508,112.911,15366,27899
1983-07-21,112.997,112.997,112.106,112.163,10001,27514
1983-07-22,112.077,112.221,111.674,111.933,7066,27181
1983-07-25,110.955,111.386,110.926,111.3,8310,27343
1983-07-26,111.473,111.502,110.897,111.185,7556,27218
1983-07-27,110.495,110.725,110.38,110.523,7030,26919
1983-07-28,110.38,110.466,109.948,109.977,6238,27190
1983-07-29,109.488,109.66,108.912,109.056,7474,27585
1983-08-01,108.538,108.74,107.906,108.395,9229,26919
1983-08-02,108.884,109.028,108.654,108.797,10396,27475
1983-08-03,108.855,108.855,108.625,108.769,5416,26855
1983-08-04,109.028,109.171,108.165,108.28,7748,26995
1983-08-05,107.445,108.049,107.388,107.848,8437,26015
1983-08-08,107.186,107.675,107.043,107.647,7646,26200
1983-08-09,107.589,107.704,107.244,107.33,6163,25608
1983-08-10,106.438,106.582,105.834,106.036,10071,25455
1983-08-11,105.518,105.892,105.46,105.547,13286,25325
1983-08-12,105.949,106.295,105.777,106.237,9540,24704
1983-08-15,106.697,107.791,106.352,107.618,15043,25890
1983-08-16,107.992,108.654,107.704,108.107,19184,25923
1983-08-17,109.229,109.862,109.085,109.66,15570,26131
1983-08-18,109.833,110.034,109.171,109.373,17517,26041
1983-08-19,108.711,108.912,108.395,108.682,15067,24599
1983-08-22,109.43,109.919,109.402,109.891,13968,26840
1983-08-23,110.293,110.408,109.2,109.402,16656,26289
1983-08-24,109.171,109.862,109.114,109.488,13128,28219
1983-08-25,109.488,109.632,108.538,108.711,16159,26952
1983-08-26,108.452,108.538,107.877,107.906,13932,24844
1983-08-29,107.532,107.791,107.215,107.445,11680,25129
1983-08-30,107.129,107.589,106.956,107.186,11581,24641
1983-08-31,106.554,107.589,106.467,107.186,15555,23531
1983-09-01,107.215,107.302,106.726,106.812,7537,22893
1983-09-02,106.726,107.215,106.726,107.129,5418,23244
1983-09-06,107.934,107.934,107.215,107.302,9444,23691
1983-09-07,106.956,107.388,106.87,107.302,10056,23747
1983-09-08,107.302,107.785,107.245,107.444,8917,25503
1983-09-09,107.813,107.927,107.501,107.643,8849,25770
1983-09-12,108.297,108.382,107.586,107.728,12186,25004
1983-09-13,107.358,107.557,107.216,107.273,10267,24073
1983-09-14,107.216,107.358,106.989,107.188,10071,23495
1983-09-15,107.159,107.387,107.074,107.245,6910,22310
1983-09-16,107.472,107.899,107.415,107.785,9925,22635
1983-09-19,107.785,108.382,107.757,108.297,13176,25410
1983-09-20,107.984,108.126,107.245,107.33,15798,22015
1983-09-21,107.785,107.899,107.415,107.472,7111,21563
1983-09-22,107.557,107.614,106.989,107.472,10614,21393
1983-09-23,107.813,108.382,107.813,108.268,12667,22890
1983-09-26,108.496,108.695,108.268,108.524,12553,23566
1983-09-27,108.24,108.553,108.012,108.496,13648,25909
1983-09-28,108.809,108.866,108.325,108.553,9945,26298
1983-09-29,108.382,108.78,108.24,108.667,9315,27802
1983-09-30,108.667,109.179,108.638,109.065,9838,30077
1983-10-03,109.434,109.605,109.207,109.349,10631,29995
1983-10-04,108.894,109.975,108.866,109.861,12265,31527
1983-10-05,110.316,110.942,110.117,110.913,20933,33571
1983-10-06,110.828,111.482,110.828,110.97,15213,33285
1983-10-07,111.283,111.852,111.198,111.653,11073,33504
1983-10-10,110.942,111.226,110.572,111.112,13432,30851
1983-10-11,111.084,111.226,110.259,110.316,14286,27856
1983-10-12,109.69,109.975,109.491,109.548,13130,28383
1983-10-13,109.975,110.117,109.52,109.634,7374,27400
1983-10-14,108.951,109.776,108.951,109.52,11104,28517
1983-10-17,110.316,110.6,109.975,110.572,12064,29578
1983-10-18,110.856,111.141,110.544,110.572,13178,31070
1983-10-19,110.544,110.828,110.288,110.401,12466,30400
1983-10-20,110.401,110.771,110.316,110.657,8069,31518
1983-10-21,110.743,110.942,110.544,110.6,6307,31102
1983-10-24,109.548,109.946,109.548,109.918,7324,30550
1983-10-25,109.946,109.975,109.406,109.434,7326,29476
1983-10-26,109.434,109.52,109.036,109.491,10589,28081
1983-10-27,109.065,109.406,108.951,109.235,8122,27088
1983-10-28,109.179,109.434,108.809,108.951,5905,26602
1983-10-31,108.695,108.837,108.012,108.069,13915,24460
1983-11-01,107.842,108.069,107.614,107.956,15994,22248
1983-11-02,107.842,108.325,107.757,108.098,8654,21712
1983-11-03,108.041,108.069,107.387,107.529,9177,22444
1983-11-04,107.131,107.273,106.875,106.989,9559,22518
1983-11-07,106.562,106.875,106.42,106.761,8615,22515
1983-11-08,106.619,106.761,106.477,106.534,5478,22637
1983-11-09,106.733,107.273,106.733,107.216,11276,22625
1983-11-10,107.188,107.501,107.159,107.387,7911,22530
1983-11-11,107.017,107.131,106.135,106.448,10903,22778
1983-11-14,107.188,107.245,106.534,106.647,9446,22713
1983-11-15,106.505,106.676,106.477,106.562,6823,23288
1983-11-16,106.704,106.761,105.936,106.022,12109,23861
1983-11-17,106.05,106.079,105.652,106.022,9503,23767
1983-11-18,105.766,105.794,105.311,105.481,8884,23243
1983-11-21,105.51,105.908,105.282,105.823,8491,22940
1983-11-22,105.709,106.135,105.624,105.794,11785,22601
1983-11-23,105.908,105.936,105.311,105.368,8725,22256
1983-11-28,105.225,105.453,104.742,104.827,12201,22875
1983-11-29,104.6,105.311,104.6,105.282,12042,23096
1983-11-30,105.624,106.306,105.453,105.794,19603,23385
1983-12-01,105.538,105.709,105.254,105.567,10455,23117
1983-12-02,105.311,105.396,104.77,104.969,13794,25307
1983-12-05,104.202,104.372,103.661,103.889,14367,26232
1983-12-06,104.088,104.458,104.031,104.344,11889,25365
1983-12-07,104.116,104.429,103.86,104.287,13053,25795
1983-12-08,104.118,104.231,103.977,104.005,10585,27267
1983-12-09,103.554,103.723,103.413,103.667,7198,27145
1983-12-12,103.47,103.582,103.103,103.16,9354,26721
1983-12-13,103.441,103.47,102.737,102.821,10060,26727
1983-12-14,102.652,103.3,102.511,103.131,14403,25772
1983-12-15,103.329,103.357,102.737,102.821,11222,24863
1983-12-16,102.596,102.878,102.455,102.568,9529,23767
1983-12-19,102.878,102.906,102.596,102.765,4318,22547
1983-12-20,102.934,103.103,102.624,102.737,6456,17996
1983-12-21,102.596,102.878,102.568,102.765,5551,17855
1983-12-22,102.849,103.16,102.737,103.047,5026,19341
1983-12-23,102.878,103.385,102.878,103.131,3477,19195
1983-12-27,103.019,103.526,103.019,103.498,5771,19711
1983-12-28,103.385,103.723,103.244,103.498,5259,19648
1983-12-29,104.09,104.766,104.09,104.738,9746,19942
1983-12-30,104.202,104.625,104.118,104.569,8854,22804
1984-01-03,103.244,103.498,102.709,102.821,13251,21980
1984-01-04,101.666,102.173,101.666,102.032,12044,20938
1984-01-05,101.609,101.75,101.327,101.497,15455,23046
1984-01-06,101.271,101.327,100.848,100.905,10481,22635
1984-01-09,100.2,100.425,99.721,99.805,14467,21936
1984-01-10,101.074,101.158,100.538,100.595,14301,21764
1984-01-11,100.397,100.482,99.693,99.834,14548,22095
1984-01-12,99.805,100.51,99.693,100.256,13262,22424
1984-01-13,100.087,101.497,100.087,101.187,13728,22749
1984-01-16,101.074,101.891,101.046,101.722,16253,24196
1984-01-17,101.666,101.75,100.679,100.905,16999,22616
1984-01-18,100.736,101.412,100.51,101.271,17941,23635
1984-01-19,101.44,101.863,101.299,101.553,16852,25170
1984-01-20,101.046,101.102,100.228,100.679,17762,24490
1984-01-23,100.566,101.017,100.425,100.566,11958,24488
1984-01-24,100.369,100.595,100.059,100.228,15210,24619
1984-01-25,100.425,100.792,100.369,100.736,14487,25069
1984-01-26,100.736,101.074,100.425,100.566,13816,26349
1984-01-27,100.679,100.679,100.313,100.51,9329,25131
1984-01-30,100.792,100.961,100.623,100.651,8630,25608
1984-01-31,100.595,100.848,100.425,100.736,15521,24829
1984-02-01,101.187,101.581,101.102,101.525,21346,27985
1984-02-02,102.511,103.16,102.286,103.131,28373,30576
1984-02-03,103.047,103.836,102.737,103.61,25940,32909
1984-02-06,102.906,103.554,102.793,102.878,25405,33539
1984-02-07,102.314,102.624,102.145,102.342,23740,31755
1984-02-08,102.962,103.216,102.68,103.047,19957,34524
1984-02-09,103.667,103.723,102.709,103.131,27461,33876
1984-02-10,103.075,103.61,102.821,103.272,20047,35771
1984-02-13,103.441,103.61,103.357,103.441,9045,36451
1984-02-14,102.962,104.653,102.878,104.456,39283,42992
1984-02-15,105.33,106.147,105.076,105.358,40555,42729
1984-02-16,105.978,106.034,105.273,105.696,27549,39665
1984-02-17,105.273,105.809,105.189,105.443,17819,39096
1984-02-21,104.371,105.076,104.343,105.048,24754,41078
1984-02-22,105.894,106.57,105.809,106.288,31084,44650
1984-02-23,106.711,106.852,105.894,106.598,31303,41931
1984-02-24,107.416,107.754,107.162,107.641,27698,41506
1984-02-27,107.077,107.669,106.852,107.556,28146,41259
1984-02-28,108.515,108.881,107.951,108.233,37514,38445
1984-02-29,108.43,109.219,108.007,108.233,35137,38569
1984-03-01,108.261,108.768,108.036,108.712,21944,40116
1984-03-02,109.248,109.727,108.768,108.909,27476,40840
1984-03-05,109.952,109.952,109.276,109.67,22812,40354
1984-03-06,110.15,111.023,109.952,110.995,33016,42693
1984-03-07,111.192,111.249,110.009,110.488,28872,42207
1984-03-08,109.485,110.014,108.733,109.931,39252,43098
1984-03-09,109.569,109.736,109.012,109.29,21819,40423
1984-03-12,108.204,109.067,108.148,108.761,25984,41298
1984-03-13,109.207,109.959,109.207,109.875,26102,41512
1984-03-14,110.766,110.961,108.956,109.095,34200,40334
1984-03-15,109.067,109.402,108.204,108.594,29005,42716
1984-03-16,107.508,107.73,107.034,107.146,23723,40469
1984-03-19,106.784,107.535,106.561,106.644,28447,39287
1984-03-20,106.923,107.424,106.728,106.811,24637,33110
1984-03-21,106.087,107.146,106.032,106.978,23851,32460
1984-03-22,106.589,107.062,106.449,106.505,23097,31992
1984-03-23,106.978,107.619,106.895,107.368,18408,32291
1984-03-26,108.12,108.705,108.009,108.538,23123,34076
1984-03-27,109.095,109.374,108.622,108.733,25049,33489
1984-03-28,108.26,109.29,108.093,109.262,27288,37322
1984-03-29,109.039,109.318,108.51,108.566,23291,38924
1984-03-30,108.705,109.067,108.343,109.039,16115,37871
1984-04-02,108.845,108.984,107.758,107.814,24692,36639
1984-04-03,107.535,108.065,107.034,107.341,28857,35313
1984-04-04,107.368,108.037,107.285,107.925,16714,35232
1984-04-05,107.953,107.953,106.7,106.867,21624,34990
1984-04-06,106.951,107.563,106.951,107.313,15865,35373
1984-04-09,107.452,107.619,106.784,106.978,17506,35585
1984-04-10,107.034,107.591,106.978,107.424,16740,35202
1984-04-11,107.73,108.009,107.48,107.535,18330,35624
1984-04-12,107.647,107.925,106.867,107.118,18360,35623
1984-04-13,107.146,107.229,106.756,107.034,14722,35684
1984-04-16,106.561,106.811,106.199,106.477,16466,35416
1984-04-17,106.533,106.784,106.171,106.616,14491,35975
1984-04-18,106.115,106.366,105.864,106.366,19903,36153
1984-04-19,106.004,106.143,105.196,105.252,22167,35589
1984-04-23,105.28,105.586,105.14,105.363,9683,36957
1984-04-24,104.862,104.973,104.416,104.528,22618,35906
1984-04-25,104.806,104.862,104.528,104.722,13206,35184
1984-04-26,104.165,104.165,103.887,103.943,15440,35275
1984-04-27,103.915,104.333,103.302,103.441,22387,34918
1984-04-30,103.274,103.33,102.856,103.135,12928,33228
1984-05-01,102.745,103.135,102.578,102.801,17495,32421
1984-05-02,102.689,103.274,102.55,103.024,18022,32144
1984-05-03,102.829,103.998,102.745,103.664,26646,32309
1984-05-04,103.497,103.581,102.439,102.634,22632,31605
1984-05-07,101.603,101.714,100.795,100.99,21470,32374
1984-05-08,100.74,101.102,100.517,100.879,20509,33439
1984-05-09,100.768,101.436,100.322,100.6,22309,33236
1984-05-10,100.573,101.13,100.433,100.823,22611,33827
1984-05-11,101.185,101.325,100.545,100.684,15943,33622
1984-05-14,101.492,101.882,101.241,101.714,20664,33482
1984-05-15,101.52,102.327,101.297,102.272,23870,34774
1984-05-16,102.355,102.439,101.854,102.383,21842,31752
1984-05-17,101.603,101.854,101.046,101.157,22468,33329
1984-05-18,100.656,101.046,100.573,100.879,13777,33984
1984-05-21,101.13,101.659,101.13,101.325,17824,33349
1984-05-22,101.937,102.272,101.687,102.216,18892,34800
1984-05-23,101.937,102.16,101.102,101.213,24840,32663
1984-05-24,101.018,103.497,100.99,102.801,28882,33570
1984-05-25,102.522,103.33,102.299,102.522,23644,35383
1984-05-29,101.826,102.411,101.77,101.993,16724,33741
1984-05-30,102.355,102.522,101.826,102.188,18732,34474
1984-05-31,102.077,102.439,101.965,102.244,9189,34665
1984-06-01,103.608,104.277,103.413,104.11,31832,38061
1984-06-04,104.611,104.945,104.221,104.667,29592,40182
1984-06-05,104.388,104.388,103.692,103.803,26198,39963
1984-06-06,103.803,104.277,103.553,103.803,20328,40465
1984-06-07,103.943,103.97,102.829,103.274,26533,38925
1984-06-08,103.357,103.768,103.11,103.658,20487,39959
1984-06-11,103.658,103.658,102.424,102.643,29434,37556
1984-06-12,102.506,102.753,101.985,102.424,32123,34161
1984-06-13,102.616,102.863,102.204,102.424,26921,34102
1984-06-14,102.643,102.671,102.012,102.177,22301,33587
1984-06-15,101.655,101.738,101.271,101.381,22823,33282
1984-06-18,101.189,101.244,100.887,101.079,15250,31994
1984-06-19,100.613,101.107,100.53,100.723,16542,23715
1984-06-20,100.86,100.86,100.009,100.119,22500,23863
1984-06-21,99.845,100.393,99.762,100.091,17067,23108
1984-06-22,100.037,100.256,99.845,100.064,9993,23050
1984-06-25,99.159,99.378,99.021,99.241,12382,23504
1984-06-26,99.79,100.311,99.515,100.229,21483,24624
1984-06-27,99.625,100.064,99.159,99.652,26034,24105
1984-06-28,99.433,100.064,99.241,99.79,19828,25436
1984-06-29,99.927,100.256,99.817,99.872,11093,25166
1984-07-02,99.378,99.762,99.323,99.68,8675,24821
1984-07-03,98.857,98.994,98.445,98.5,18945,26249
1984-07-05,98.089,98.308,97.896,97.951,12890,25671
1984-07-06,98.253,98.308,97.759,97.924,13164,25457
1984-07-09,97.704,98.774,97.65,98.72,23270,27431
1984-07-10,98.39,98.72,97.759,97.814,31092,27655
1984-07-11,97.567,98.061,97.348,97.65,27746,27734
1984-07-12,97.238,97.457,96.936,97.018,16164,26784
1984-07-13,97.403,98.061,97.375,97.869,21060,26701
1984-07-16,98.308,98.555,97.869,98.034,20079,26800
1984-07-17,97.485,97.595,97.073,97.156,16893,26939
1984-07-18,97.211,97.238,96.717,96.909,18883,26477
1984-07-19,97.018,97.567,96.964,97.265,21103,28417
1984-07-20,96.936,97.156,96.689,96.826,13753,27729
1984-07-23,96.525,96.525,96.086,96.168,17113,27943
1984-07-24,96.086,96.634,96.086,96.415,19894,28327
1984-07-25,96.552,97.32,96.552,97.101,25706,29708
1984-07-26,97.238,97.293,96.36,96.415,22151,29920
1984-07-27,96.607,96.607,95.701,95.784,17195,30004
1984-07-30,95.564,95.756,95.427,95.674,11983,29507
1984-07-31,95.564,95.866,94.878,94.961,23192,29713
1984-08-01,94.851,95.29,94.631,94.961,16745,30008
1984-08-02,95.098,96.003,94.988,95.729,24016,31401
1984-08-03,96.36,96.909,96.195,96.717,21618,33017
1984-08-06,96.442,96.497,95.592,95.647,20316,32602
1984-08-07,94.549,95.016,94.247,94.412,20594,32205
1984-08-08,94.741,95.4,94.577,94.988,21577,32312
1984-08-09,94.933,95.811,94.796,95.647,20841,33847
1984-08-10,96.058,96.058,94.796,94.906,21589,32804
1984-08-13,94.549,95.839,94.384,95.564,20997,34343
1984-08-14,95.345,96.525,95.345,95.866,28711,34712
1984-08-15,95.894,97.046,95.564,96.991,33518,35858
1984-08-16,96.415,96.964,96.086,96.47,27801,36316
1984-08-17,96.442,96.634,96.25,96.525,15947,36009
1984-08-20,96.058,96.25,95.729,95.948,19585,34225
1984-08-21,95.509,95.756,95.153,95.262,18877,33491
1984-08-22,95.564,96.168,95.317,96.031,22001,34796
1984-08-23,96.058,96.47,95.345,95.619,24155,34046
1984-08-24,95.948,96.195,95.701,96.058,12084,34961
1984-08-27,95.866,95.921,95.208,95.4,15316,33114
1984-08-28,95.29,95.811,95.262,95.482,17997,33491
1984-08-29,95.647,96.003,95.482,95.729,15241,35128
1984-08-30,95.345,95.455,95.125,95.317,10429,34196
1984-08-31,95.235,95.427,95.125,95.18,4955,34871
1984-09-04,94.192,94.302,93.616,93.671,28332,33270
1984-09-05,93.369,93.452,93.013,93.15,25975,35773
1984-09-06,93.095,93.479,93.04,93.369,21148,36499
1984-09-07,92.382,92.574,91.805,91.888,22536,38794
1984-09-10,91.753,92.185,91.537,91.672,25449,39230
1984-09-11,91.321,91.645,91.213,91.402,25340,39237
1984-09-12,91.699,91.807,91.078,91.213,21160,40764
1984-09-13,90.727,90.835,90.187,90.403,27535,38907
1984-09-14,90.673,90.916,90.187,90.214,25257,39450
1984-09-17,89.431,89.539,88.539,88.647,24859,39800
1984-09-18,87.891,88.782,87.864,88.62,42398,35503
1984-09-19,88.647,88.809,88.107,88.377,25768,35353
1984-09-20,88.485,88.62,87.243,87.27,26023,35470
1984-09-21,86.514,89.971,86.487,89.944,47851,36941
1984-09-24,91.213,91.726,90.025,90.322,30633,35750
1984-09-25,89.242,89.458,88.809,89.187,31164,37919
1984-09-26,88.755,90.997,88.566,90.052,40155,39520
1984-09-27,90.241,90.835,89.755,90.133,23396,38858
1984-09-28,90.241,90.322,88.809,88.89,22742,37068
1984-10-01,90.052,90.214,89.215,89.539,17623,37410
1984-10-02,89.836,90.619,89.647,90.538,22590,39020
1984-10-03,90.565,90.997,89.728,89.782,30690,39201
1984-10-04,89.809,90.511,89.701,90.322,18961,38612
1984-10-05,90.052,90.079,89.404,89.566,18342,37586
1984-10-08,89.728,89.782,89.187,89.566,8407,36941
1984-10-09,88.728,88.944,88.188,88.269,23456,35680
1984-10-10,88.026,88.836,87.81,88.188,28525,37257
1984-10-11,87.702,88.323,87.432,87.513,20096,36101
1984-10-12,87.729,87.918,87.243,87.405,18042,36313
1984-10-15,86.784,87.0,86.46,86.649,20952,37177
1984-10-16,86.757,86.919,86.46,86.568,20321,38985
1984-10-17,87.891,87.891,86.811,86.892,23376,37288
1984-10-18,86.811,87.729,86.703,87.459,21851,39867
1984-10-19,88.35,88.863,88.242,88.593,25874,41177
1984-10-22,88.215,88.566,88.08,88.134,17638,41380
1984-10-23,88.863,89.782,88.863,89.755,29894,44752
1984-10-24,89.944,90.187,89.458,89.674,26035,44396
1984-10-25,89.782,90.727,89.187,90.106,32358,45160
1984-10-26,89.458,89.755,88.944,89.215,27528,41628
1984-10-29,88.728,88.782,88.296,88.35,17604,40579
1984-10-30,88.782,89.485,88.701,89.242,20507,41984
1984-10-31,89.539,90.079,89.296,90.025,23321,42785
1984-11-01,89.89,90.97,89.809,90.862,33222,49460
1984-11-02,92.347,92.374,91.699,92.293,37315,49053
1984-11-05,92.509,92.833,91.915,92.32,34580,47760
1984-11-06,92.05,92.239,91.699,91.807,16885,49282
1984-11-07,93.049,93.373,92.131,93.157,40676,49233
1984-11-08,92.212,92.293,91.861,92.212,25699,49490
1984-11-09,91.402,92.347,91.402,91.861,31240,51034
1984-11-12,91.807,92.185,91.564,91.996,13167,52359
1984-11-13,92.509,92.617,91.456,91.591,34364,50852
1984-11-14,91.753,91.915,91.024,91.537,31401,48814
1984-11-15,91.213,91.672,91.024,91.213,26478,49727
1984-11-16,91.375,91.537,91.024,91.132,18520,48815
1984-11-19,90.889,91.078,90.349,90.484,26309,47456
1984-11-20,90.484,90.673,89.863,90.106,23411,46271
1984-11-21,89.782,90.295,89.485,89.836,20401,47022
1984-11-23,89.62,89.701,88.998,89.052,20803,46209
1984-11-26,88.539,88.593,88.215,88.269,31003,45101
1984-11-27,88.512,88.728,87.864,88.107,29616,44345
1984-11-28,87.864,88.593,87.621,87.864,31319,45825
1984-11-29,87.945,88.107,87.513,87.783,21566,46742
1984-11-30,87.324,87.459,86.784,86.838,27108,44888
1984-12-03,86.676,87.594,86.595,87.54,23598,47071
1984-12-04,87.405,88.485,87.405,88.242,29354,46679
1984-12-05,88.188,88.35,87.27,87.324,29802,45350
1984-12-06,88.08,88.539,87.594,88.188,28744,46057
1984-12-07,87.945,87.972,87.189,87.405,21591,47140
1984-12-10,87.298,87.646,87.138,87.245,20450,43891
1984-12-11,87.459,87.833,87.191,87.298,22273,41440
1984-12-12,87.245,87.512,87.191,87.298,16149,43458
1984-12-13,87.325,87.352,86.737,86.817,22378,40875
1984-12-14,86.817,87.699,86.683,87.379,26868,42849
1984-12-17,87.085,87.352,86.897,87.138,14674,43336
1984-12-18,87.138,87.432,87.031,87.325,12736,39332
1984-12-19,87.111,87.191,86.577,86.63,18264,36528
1984-12-20,86.657,86.871,85.988,86.122,21281,35228
1984-12-21,86.175,86.683,85.988,86.55,9691,35084
1984-12-24,86.336,86.443,85.667,85.855,4019,35111
1984-12-26,86.042,86.175,85.881,86.015,2870,34458
1984-12-27,85.587,85.774,85.32,85.427,8513,34095
1984-12-28,85.694,85.881,85.347,85.774,5480,33917
1984-12-31,85.24,85.454,85.186,85.24,3967,33746
1985-01-02,84.678,84.946,84.544,84.651,10566,34007
1985-01-03,85.026,85.373,84.598,85.186,18577,34510
1985-01-04,85.052,85.32,84.758,84.972,14638,35132
1985-01-07,84.705,85.828,84.491,85.534,24524,38347
1985-01-08,85.507,85.641,84.758,84.839,25638,36738
1985-01-09,84.839,85.347,84.732,85.213,22864,38539
1985-01-10,85.106,85.748,85.052,85.534,25163,41847
1985-01-11,85.373,85.614,84.732,84.758,23649,39874
1985-01-14,84.839,84.946,83.876,84.01,22938,39363
1985-01-15,84.063,84.571,83.983,84.143,21525,40172
1985-01-16,84.277,84.411,84.01,84.143,14251,39983
1985-01-17,84.224,84.518,84.197,84.464,17359,42443
1985-01-18,84.544,84.919,84.17,84.812,24824,43761
1985-01-21,84.625,84.785,84.518,84.651,8147,44343
1985-01-22,84.678,84.892,84.411,84.491,17447,43751
1985-01-23,84.518,84.651,84.331,84.598,11595,44569
1985-01-24,84.625,85.293,84.518,84.892,27688,49049
1985-01-25,84.972,85.026,84.598,84.705,15113,48084
1985-01-28,84.705,84.999,84.651,84.919,15277,51448
1985-01-29,84.812,84.839,84.357,84.518,18728,48761
1985-01-30,84.625,84.892,84.464,84.732,17422,49629
1985-01-31,84.785,85.079,84.678,84.758,19158,49483
1985-02-01,84.491,84.732,83.849,83.876,28366,45934
1985-02-04,83.849,83.903,83.261,83.368,22416,44781
1985-02-05,83.261,83.368,82.94,83.181,20451,44515
1985-02-06,83.101,83.421,82.887,82.994,21641,43176
1985-02-07,83.02,83.074,82.512,82.646,19298,42090
1985-02-08,82.539,82.806,82.218,82.352,19562,42985
1985-02-11,82.298,82.325,81.71,82.085,20502,42901
1985-02-12,81.63,81.684,81.202,81.336,18576,44613
1985-02-13,81.336,81.47,81.015,81.175,25649,49514
1985-02-14,81.55,81.71,81.309,81.363,21168,49419
1985-02-15,82.004,82.218,81.79,82.165,18875,51253
1985-02-19,80.667,80.988,80.587,80.667,26158,50395
1985-02-20,80.641,80.694,80.186,80.293,19364,48808
1985-02-21,80.053,80.133,79.678,79.865,26476,49891
1985-02-22,79.09,79.277,78.903,78.93,19273,50175
1985-02-25,77.86,78.181,77.432,77.7,29569,50184
1985-02-26,77.058,79.304,77.031,78.742,42091,50570
1985-02-27,80.641,81.015,80.079,80.721,34945,47031
1985-02-28,80.373,80.774,79.651,79.839,24611,45759
1985-03-01,79.732,80.186,79.438,79.812,21699,46687
1985-03-04,79.331,79.544,79.036,79.357,21154,45815
1985-03-05,78.181,78.448,77.807,77.914,22683,45797
1985-03-06,77.914,79.357,77.7,79.143,36366,47665
1985-03-07,78.448,78.796,78.422,78.502,23870,47115
1985-03-08,78.316,79.058,78.237,78.528,24655,49624
1985-03-11,79.482,80.171,79.376,80.144,34873,52198
1985-03-12,79.561,80.065,79.111,79.641,45058,52083
1985-03-13,79.667,79.932,79.244,79.297,30206,51502
1985-03-14,78.899,79.138,78.74,78.979,20685,48157
1985-03-15,78.502,79.403,78.502,78.873,26042,49805
1985-03-18,79.244,80.515,79.191,80.25,33089,53064
1985-03-19,81.39,82.529,81.231,82.502,46831,48850
1985-03-20,81.84,82.37,81.416,81.655,30017,49501
1985-03-21,82.105,83.589,82.105,83.165,27562,50287
1985-03-22,83.165,83.218,82.582,82.979,17910,52024
1985-03-25,82.476,82.714,82.29,82.396,16335,50379
1985-03-26,82.529,83.35,82.529,83.085,23122,53086
1985-03-27,84.993,85.549,84.569,85.152,39204,51333
1985-03-28,85.682,85.788,84.807,85.39,30829,49843
1985-03-29,86.582,87.298,86.106,87.086,28337,48190
1985-04-01,85.496,85.973,85.231,85.576,28730,45071
1985-04-02,84.622,85.761,84.436,85.496,24657,46166
1985-04-03,85.178,85.629,84.728,84.94,21879,45333
1985-04-04,84.463,84.569,83.721,84.41,27863,46646
1985-04-08,83.589,85.152,83.483,85.125,23742,48932
1985-04-09,84.569,85.231,84.065,84.516,32351,47691
1985-04-10,84.86,85.443,84.516,85.258,31011,48439
1985-04-11,86.026,87.192,86.026,87.165,31303,50285
1985-04-12,86.847,87.483,86.37,87.139,25831,49329
1985-04-15,88.172,88.463,87.801,88.172,29946,48269
1985-04-16,88.437,88.596,87.51,88.093,31147,48567
1985-04-17,87.854,88.252,87.112,87.43,27818,47247
1985-04-18,87.722,89.603,87.722,89.523,37629,50178
1985-04-19,89.47,89.682,89.152,89.364,19528,48731
1985-04-22,88.94,89.179,87.695,87.775,26240,47619
1985-04-23,87.907,88.49,85.258,85.814,51703,48245
1985-04-24,85.178,85.947,84.913,85.655,31243,47226
1985-04-25,85.152,85.443,84.251,84.754,33453,46904
1985-04-26,84.516,85.125,84.436,84.781,20365,47733
1985-04-29,85.443,86.317,84.94,86.264,25785,48926
1985-04-30,86.238,86.715,84.966,85.019,26957,47318
1985-05-01,84.489,85.046,84.198,84.887,24355,47147
1985-05-02,83.827,84.171,83.562,83.642,29593,45716
1985-05-03,82.926,83.271,82.158,82.211,33225,47078
1985-05-06,81.813,82.741,81.416,82.025,37928,47592
1985-05-07,83.244,84.065,83.244,83.959,34092,48319
1985-05-08,83.191,83.642,82.953,83.191,21827,47118
1985-05-09,85.178,85.655,84.834,85.152,28263,48960
1985-05-10,85.072,85.629,84.887,85.576,18370,49302
1985-05-13,86.158,86.582,85.708,86.503,28369,48937
1985-05-14,86.715,87.324,85.788,87.033,38865,50214
1985-05-15,86.344,87.006,86.079,86.847,32935,51251
1985-05-16,85.47,86.185,85.417,85.841,24449,50573
1985-05-17,86.053,86.794,86.0,86.609,17664,51044
1985-05-20,87.642,87.881,86.185,86.423,35374,52428
1985-05-21,87.059,87.218,85.682,86.741,33416,51475
1985-05-22,86.397,86.582,85.92,86.344,21406,51555
1985-05-23,85.735,86.317,85.549,86.158,22055,50859
1985-05-24,85.92,85.973,85.496,85.523,16534,50452
1985-05-28,85.205,85.39,84.993,85.152,25572,48809
1985-05-29,85.337,86.529,85.205,86.423,26328,49426
1985-05-30,86.397,86.503,85.708,85.947,24290,49309
1985-05-31,85.788,87.245,85.549,87.033,34525,52909
1985-06-03,87.165,87.563,86.503,87.086,32517,54033
1985-06-04,86.9,87.245,86.344,86.476,24907,54782
1985-06-05,86.423,86.688,86.132,86.635,26501,55215
1985-06-06,86.821,86.927,86.397,86.635,18733,54348
1985-06-07,86.635,86.662,85.788,85.867,30977,52650
1985-06-10,85.604,85.946,85.261,85.893,24371,52674
1985-06-11,85.656,86.051,85.656,85.893,16374,51108
1985-06-12,85.972,86.104,85.683,85.709,17099,49188
1985-06-13,85.419,85.893,85.393,85.577,18403,49524
1985-06-14,86.157,86.868,86.131,86.526,31809,54648
1985-06-17,86.368,86.631,86.315,86.526,12334,54269
1985-06-18,87.079,88.054,86.947,87.949,34167,49725
1985-06-19,88.08,88.159,86.842,87.053,29815,49666
1985-06-20,87.079,87.237,85.709,86.131,32407,47845
1985-06-21,85.788,86.552,85.762,86.42,14637,47238
1985-06-24,86.157,86.552,85.972,86.368,12078,46825
1985-06-25,86.42,86.526,85.841,86.473,16171,46481
1985-06-26,86.552,87.105,86.499,86.789,23617,47994
1985-06-27,86.737,86.816,86.341,86.631,19935,48723
1985-06-28,86.552,87.659,86.526,87.343,23380,50400
1985-07-01,87.263,87.448,86.842,86.921,20782,50444
1985-07-02,86.684,87.079,86.552,87.053,17592,49340
1985-07-03,87.079,87.474,87.053,87.369,12538,49051
1985-07-05,87.263,88.37,87.211,88.344,25628,56606
1985-07-08,88.028,89.187,87.711,89.002,33435,59899
1985-07-09,89.266,89.74,89.187,89.24,34762,61266
1985-07-10,90.083,90.504,89.898,90.373,32344,62851
1985-07-11,89.951,91.005,89.793,90.741,30190,64830
1985-07-12,91.4,92.059,91.084,91.953,31728,65004
1985-07-15,92.059,92.164,91.189,92.006,34147,63086
1985-07-16,91.611,92.059,91.426,91.848,30381,60875
1985-07-17,93.086,93.561,92.559,93.139,42032,60020
1985-07-18,93.271,93.666,91.558,91.637,41538,54197
1985-07-19,91.558,92.559,91.374,91.664,22376,54532
1985-07-22,91.664,92.032,91.084,91.98,24766,53964
1985-07-23,92.744,93.376,92.217,92.243,37138,52265
1985-07-24,92.059,92.375,91.585,92.243,26057,54370
1985-07-25,92.428,92.586,91.874,92.032,27730,53634
1985-07-26,92.032,93.64,91.822,93.455,32935,55986
1985-07-29,93.376,94.088,93.165,93.244,45308,55727
1985-07-30,93.402,94.298,93.323,93.587,43492,57344
1985-07-31,94.852,95.036,94.008,94.878,38426,56977
1985-08-01,94.614,94.72,93.165,93.429,45997,54685
1985-08-02,93.455,93.877,93.218,93.771,21328,52181
1985-08-05,93.85,94.167,93.007,93.719,29747,51660
1985-08-06,93.086,93.165,92.507,92.638,29291,49139
1985-08-07,92.612,93.192,92.507,92.77,31612,49148
1985-08-08,93.139,93.561,93.007,93.429,22974,51213
1985-08-09,93.323,94.535,93.034,94.43,29165,53552
1985-08-12,94.456,94.904,94.246,94.773,25008,54777
1985-08-13,95.115,95.563,94.746,95.379,37782,57660
1985-08-14,94.799,95.168,94.483,94.904,33243,56904
1985-08-15,95.616,95.853,95.22,95.774,30931,58314
1985-08-16,95.616,96.09,95.563,95.8,19198,59871
1985-08-19,95.642,95.8,95.405,95.747,18207,58671
1985-08-20,95.379,95.379,94.588,95.141,25367,57947
1985-08-21,94.931,96.195,94.904,96.037,26433,60487
1985-08-22,96.169,96.617,95.431,95.589,36263,58157
1985-08-23,95.826,96.248,95.616,96.011,19991,59080
1985-08-26,95.747,95.8,94.983,95.194,22224,58522
1985-08-27,95.036,95.247,94.483,95.194,30364,57130
1985-08-28,95.405,95.563,95.062,95.405,21318,58069
1985-08-29,95.115,95.168,94.694,94.957,18939,57216
1985-08-30,94.799,94.799,93.64,93.692,33748,54966
1985-09-03,92.665,92.77,92.059,92.085,39839,52995
1985-09-04,92.717,93.06,92.322,92.638,31491,51482
1985-09-05,92.717,92.902,91.4,91.426,35675,50348
1985-09-06,90.504,90.531,89.635,90.214,41173,50729
1985-09-09,89.379,90.032,89.275,89.484,44577,53326
1985-09-10,89.588,89.927,89.327,89.484,32220,54928
1985-09-11,89.614,89.64,88.727,89.014,34783,56680
1985-09-12,88.727,89.875,88.674,89.64,35186,56063
1985-09-13,90.241,91.285,89.927,90.893,40103,56063
1985-09-16,90.632,91.911,90.397,91.885,23577,56312
1985-09-17,91.624,91.859,90.632,90.841,27130,38932
1985-09-18,90.606,91.154,90.345,90.58,24369,38911
1985-09-19,90.371,91.102,90.371,90.945,19460,39533
1985-09-20,91.598,92.825,91.467,92.799,35261,41498
1985-09-23,97.367,97.471,96.114,97.393,45814,43490
1985-09-24,97.262,97.393,96.479,97.132,32320,43610
1985-09-25,97.001,98.594,96.845,98.489,25576,44622
1985-09-26,98.829,99.194,97.732,98.072,37980,44379
1985-09-27,98.568,98.62,97.941,98.411,15858,45008
1985-09-30,98.411,98.463,97.706,97.967,25900,42696
1985-10-01,98.202,99.794,98.124,99.69,36281,48034
1985-10-02,99.664,99.977,98.959,99.194,31854,45778
1985-10-03,99.351,100.682,99.299,100.604,39191,46479
1985-10-04,100.708,100.943,99.533,100.16,28912,45591
1985-10-07,99.533,99.69,99.011,99.351,23576,43667
1985-10-08,99.325,99.586,99.09,99.22,19170,44033
1985-10-09,99.481,99.794,98.803,98.907,23976,45831
1985-10-10,98.985,99.246,98.411,98.568,23427,44949
1985-10-11,98.646,99.168,98.463,98.803,16731,44554
1985-10-14,98.829,98.881,98.411,98.463,5083,44418
1985-10-15,98.646,98.776,98.437,98.542,9999,44914
1985-10-16,97.863,98.019,97.471,97.889,24537,43763
1985-10-17,98.489,99.455,98.28,99.403,27387,45867
1985-10-18,99.586,99.925,99.455,99.847,14676,46116
1985-10-21,99.716,99.951,99.351,99.638,16740,45309
1985-10-22,99.377,99.586,99.09,99.533,14643,45552
1985-10-23,99.56,99.873,99.299,99.481,14621,45326
1985-10-24,99.037,99.194,98.855,98.907,14229,44634
1985-10-25,99.142,99.299,98.568,98.907,17592,44252
1985-10-28,99.09,99.272,98.985,99.194,11010,44925
1985-10-29,99.638,100.421,99.586,100.395,31236,51597
1985-10-30,100.264,100.499,99.742,99.794,28306,50799
1985-10-31,100.108,100.865,99.951,100.212,32299,50796
1985-11-01,100.29,101.1,100.003,101.021,26108,52222
1985-11-04,101.021,101.126,100.578,100.839,23462,51702
1985-11-05,100.317,100.656,100.16,100.395,21713,53155
1985-11-06,100.786,101.282,100.551,101.178,22295,54711
1985-11-07,100.943,100.995,99.037,99.429,39423,50315
1985-11-08,99.977,100.186,99.507,100.029,18233,49876
1985-11-11,99.638,100.395,99.638,99.977,8943,49908
1985-11-12,99.821,100.578,99.612,100.473,21951,51129
1985-11-13,100.264,100.421,99.899,100.003,23879,54086
1985-11-14,100.238,100.525,99.899,100.212,19842,48375
1985-11-15,100.212,100.212,99.69,99.821,17526,47000
1985-11-18,99.794,100.264,99.716,100.212,13013,47667
1985-11-19,100.395,100.865,100.056,100.369,30020,48785
1985-11-20,100.786,100.943,99.925,100.134,19082,49851
1985-11-21,100.917,101.361,100.708,101.282,23951,52998
1985-11-22,101.23,102.013,101.074,101.883,24354,53822
1985-11-25,101.883,102.118,101.7,102.039,21268,54652
1985-11-26,101.804,102.823,101.7,102.666,25327,56391
1985-11-27,102.561,103.057,102.17,102.692,26827,56625
1985-11-29,103.997,104.284,103.736,104.049,24899,57347
1985-12-02,104.571,104.65,103.423,103.814,34917,55967
1985-12-03,103.031,103.553,102.796,103.266,32346,55338
1985-12-04,103.841,103.893,103.58,103.71,16704,55496
1985-12-05,103.214,103.841,103.188,103.736,24176,56550
1985-12-06,103.449,103.606,103.266,103.345,16303,58342
1985-12-09,103.267,103.267,102.905,103.06,21254,55777
1985-12-10,102.724,102.905,102.594,102.775,26338,55028
1985-12-11,102.154,103.189,101.973,103.138,31148,55889
1985-12-12,103.37,103.966,103.241,103.603,29526,58124
1985-12-13,103.681,103.888,103.267,103.396,22689,58490
1985-12-16,103.319,103.966,103.086,103.862,20497,60047
1985-12-17,103.81,104.302,103.759,103.94,20916,43041
1985-12-18,103.681,103.759,103.189,103.37,16277,42192
1985-12-19,103.422,103.888,103.37,103.655,10004,42470
1985-12-20,103.603,103.966,103.396,103.836,10628,43202
1985-12-23,103.862,104.095,103.707,103.784,6893,43596
1985-12-24,103.862,104.328,103.759,104.25,5441,44952
1985-12-26,103.94,104.173,103.94,103.991,3776,46009
1985-12-27,104.897,105.854,104.716,105.777,16603,50487
1985-12-30,105.854,106.01,105.622,105.958,12023,52477
1985-12-31,106.372,106.993,106.191,106.605,14848,53525
1986-01-02,106.45,107.459,105.958,107.433,28698,53654
1986-01-03,105.829,106.01,105.44,105.673,30054,50424
1986-01-06,105.337,106.605,105.311,106.398,28479,50956
1986-01-07,107.071,107.303,106.475,106.708,30498,51821
1986-01-08,106.579,106.631,105.518,105.647,32772,49568
1986-01-09,105.777,107.459,105.208,106.941,48856,49475
1986-01-10,106.01,106.553,105.337,105.544,33574,47274
1986-01-13,105.104,105.906,104.612,105.622,44298,48015
1986-01-14,105.104,105.777,104.923,105.285,27485,49470
1986-01-15,105.415,106.113,105.415,105.803,25422,50125
1986-01-16,106.061,106.061,105.389,105.518,20981,47410
1986-01-17,105.544,105.854,105.363,105.57,11386,48283
1986-01-20,105.13,106.372,105.104,106.191,18039,51229
1986-01-21,105.854,106.268,105.699,105.829,26873,52915
1986-01-22,105.518,106.838,105.44,105.984,41133,51655
1986-01-23,106.217,106.398,105.932,106.217,18589,53209
1986-01-24,107.381,108.028,107.148,107.976,34434,55862
1986-01-27,108.183,108.494,107.899,108.364,26198,57617
1986-01-28,108.364,108.675,108.209,108.571,20693,58649
1986-01-29,108.83,109.037,108.545,108.727,27025,57168
1986-01-30,108.752,109.658,108.675,109.477,29432,58722
1986-01-31,108.752,108.985,108.545,108.778,26561,56622
1986-02-03,108.701,108.727,107.976,108.261,26502,60739
1986-02-04,107.433,107.924,107.2,107.666,32879,60378
1986-02-05,107.899,108.959,107.873,108.675,27722,61235
1986-02-06,108.804,109.115,108.054,108.183,23979,60425
1986-02-07,108.209,108.235,106.993,107.976,22747,59574
1986-02-10,108.752,109.218,108.597,109.141,28786,63829
1986-02-11,109.296,109.425,109.115,109.27,24329,64327
1986-02-12,109.994,109.994,109.451,109.658,26588,64379
1986-02-13,109.451,110.615,109.373,110.46,34382,64567
1986-02-14,110.098,110.771,110.072,110.641,21688,63439
1986-02-18,110.279,111.754,110.253,111.469,29810,65170
1986-02-19,112.194,113.85,111.133,111.987,52414,60481
1986-02-20,112.53,113.332,112.013,112.582,32753,60617
1986-02-21,111.78,112.763,111.78,112.634,26301,60778
1986-02-24,113.513,114.393,113.022,114.29,43313,64052
1986-02-25,115.014,115.946,114.678,115.532,54045,67820
1986-02-26,115.532,116.489,115.221,115.609,42282,68772
1986-02-27,117.472,117.628,115.144,116.644,38615,70107
1986-02-28,116.722,117.343,115.894,116.101,26338,70411
1986-03-03,116.567,117.265,116.282,117.162,28680,71731
1986-03-04,117.369,117.99,117.188,117.86,46519,72966
1986-03-05,116.437,116.515,113.591,114.109,61578,71139
1986-03-06,115.48,116.049,114.781,115.635,59628,69654
1986-03-07,115.376,116.437,115.273,115.816,37261,70585
1986-03-10,113.918,114.277,113.071,113.764,43881,70419
1986-03-11,113.712,114.739,113.635,113.918,36222,67891
1986-03-12,114.046,114.097,113.045,113.712,38597,68928
1986-03-13,113.045,113.302,112.276,112.584,36553,67160
1986-03-14,114.405,114.893,113.918,114.457,32813,68291
1986-03-17,115.098,115.431,114.508,114.585,27825,70574
1986-03-18,114.995,115.303,114.585,115.047,22657,53733
1986-03-19,114.251,114.687,114.072,114.277,20438,53742
1986-03-20,114.662,114.918,114.431,114.739,13699,55597
1986-03-21,114.79,115.355,114.79,115.226,16391,58610
1986-03-24,112.712,113.199,112.07,112.147,36887,55831
1986-03-25,111.429,111.506,109.967,110.146,47214,52056
1986-03-26,110.018,111.018,109.89,110.351,25686,51294
1986-03-27,111.275,111.429,110.454,110.762,16815,53312
1986-03-31,109.838,110.505,108.915,110.146,17652,53054
1986-04-01,110.454,110.788,109.556,109.89,25575,54787
1986-04-02,109.171,109.248,108.453,108.812,30285,53833
1986-04-03,108.401,108.658,107.76,108.145,26947,54740
1986-04-04,108.299,108.709,107.452,107.837,21442,55292
1986-04-07,107.17,108.042,107.093,107.965,23424,57858
1986-04-08,110.172,110.659,109.864,110.531,27991,56289
1986-04-09,110.788,111.121,109.89,110.197,27234,57427
1986-04-10,110.531,112.301,110.3,112.096,30217,58933
1986-04-11,112.07,112.327,111.224,111.48,22677,57250
1986-04-14,111.198,111.711,111.121,111.609,18330,56538
1986-04-15,110.865,112.07,110.813,111.66,26326,58185
1986-04-16,113.918,114.662,113.533,114.61,33032,58530
1986-04-17,115.534,116.355,114.559,115.38,41726,59136
1986-04-18,116.176,116.997,115.508,116.817,29939,57053
1986-04-21,116.201,117.51,116.124,117.227,31579,61010
1986-04-22,117.638,118.459,116.56,117.869,33851,59454
1986-04-23,117.689,117.946,117.048,117.715,28800,57064
1986-04-24,117.381,117.407,116.586,117.279,21629,56795
1986-04-25,116.971,119.152,116.843,119.1,31715,57865
1986-04-28,118.536,119.254,118.433,118.895,24093,59339
1986-04-29,118.356,118.793,118.074,118.254,20126,59120
1986-04-30,117.587,119.075,117.202,117.381,27157,58819
1986-05-01,117.048,117.125,115.457,115.585,29259,54857
1986-05-02,116.355,116.945,115.842,116.56,21988,54825
1986-05-05,117.895,118.356,117.304,117.895,26755,56991
1986-05-06,115.329,117.125,115.252,116.971,33760,58892
1986-05-07,116.612,117.972,116.432,117.766,26041,59729
1986-05-08,118.202,118.793,117.151,117.664,27660,59031
1986-05-09,118.023,118.408,117.407,117.587,21290,58395
1986-05-12,118.331,118.562,117.972,118.485,24242,57875
1986-05-13,118.049,118.382,116.406,117.253,27443,56265
1986-05-14,117.227,117.843,117.099,117.535,20582,57249
1986-05-15,117.356,117.535,116.92,117.279,18530,56741
1986-05-16,116.099,116.586,115.739,115.893,21928,55347
1986-05-19,115.534,116.663,115.201,116.56,24014,54513
1986-05-20,115.765,115.816,114.123,114.457,34587,54103
1986-05-21,114.38,114.867,113.353,113.584,34191,55858
1986-05-22,113.482,113.764,112.532,112.737,26771,55777
1986-05-23,112.558,113.199,112.25,112.404,19762,55100
1986-05-27,112.122,113.456,111.993,113.071,26910,55936
1986-05-28,112.943,113.379,112.096,112.404,28065,56187
1986-05-29,112.276,112.301,111.198,111.326,28848,56036
1986-05-30,111.07,111.301,110.172,110.557,27016,58486
1986-06-02,110.172,110.967,109.967,110.685,26978,59332
1986-06-03,112.814,113.225,112.301,112.712,31818,59644
1986-06-04,113.122,113.276,112.481,113.148,26653,58899
1986-06-05,113.61,114.867,113.61,114.61,39101,57778
1986-06-06,114.79,115.637,114.79,115.457,31640,54701
1986-06-09,114.514,115.126,114.284,114.437,28087,49390
1986-06-10,115.126,116.043,115.1,115.763,34844,48271
1986-06-11,115.992,116.349,115.687,115.891,29216,48235
1986-06-12,115.891,116.502,115.84,116.298,23360,47556
1986-06-13,115.559,116.324,115.406,116.12,21934,49117
1986-06-16,116.757,116.961,115.84,115.865,22012,49072
1986-06-17,115.381,115.814,114.437,114.769,26974,28048
1986-06-18,115.228,115.687,114.081,115.024,29583,27247
1986-06-19,114.998,115.126,114.59,114.82,14704,27511
1986-06-20,114.386,114.386,113.494,113.52,16739,26413
1986-06-23,112.882,115.967,112.857,115.534,29084,28435
1986-06-24,114.998,115.661,114.922,115.202,27337,29640
1986-06-25,115.559,116.247,114.998,115.126,24810,29583
1986-06-26,115.508,115.61,115.177,115.483,11003,29286
1986-06-27,115.585,116.553,115.483,116.528,25408,34429
1986-06-30,116.732,116.91,116.375,116.859,21019,38698
1986-07-01,117.344,118.006,117.114,117.242,25665,41393
1986-07-02,117.267,117.599,116.961,117.446,17161,43348
1986-07-03,118.134,118.287,117.548,117.853,13793,44436
1986-07-07,118.057,118.185,116.757,116.834,26998,44096
1986-07-08,118.108,118.414,117.14,117.395,32937,44311
1986-07-09,117.038,117.828,116.936,117.751,27091,45273
1986-07-10,117.726,117.981,117.395,117.7,16689,44505
1986-07-11,117.165,117.548,116.298,116.451,29266,43670
1986-07-14,116.936,118.083,116.681,118.057,28302,47587
1986-07-15,118.567,119.128,117.93,118.95,29773,50529
1986-07-16,118.924,119.434,118.491,119.23,30726,50868
1986-07-17,119.052,119.383,118.491,118.848,23496,51612
1986-07-18,118.797,120.199,118.669,119.944,22286,51945
1986-07-21,120.148,120.709,119.816,120.556,20514,51948
1986-07-22,120.275,120.556,119.358,120.148,27023,51390
1986-07-23,120.25,120.505,118.797,120.25,28674,50117
1986-07-24,119.816,119.918,119.409,119.587,15920,49577
1986-07-25,118.669,119.307,118.542,118.899,19675,47319
1986-07-28,119.536,121.371,119.383,121.091,32776,49539
1986-07-29,120.785,121.422,120.224,120.734,24608,50206
1986-07-30,120.556,121.32,120.454,120.964,18393,50445
1986-07-31,122.187,122.264,121.754,122.136,20794,50631
1986-08-01,122.876,122.876,122.034,122.595,19337,51002
1986-08-04,122.978,123.258,122.442,122.748,18808,51902
1986-08-05,121.499,122.595,121.499,122.162,27837,49483
1986-08-06,122.723,123.334,122.366,122.952,21305,51049
1986-08-07,123.564,123.742,123.258,123.436,20578,52257
1986-08-08,123.258,123.717,123.079,123.462,13850,52582
1986-08-11,124.252,124.303,123.717,124.023,18147,52717
1986-08-12,123.207,123.385,122.672,122.978,29436,52973
1986-08-13,123.462,123.589,123.13,123.436,22043,53585
1986-08-14,123.819,124.074,123.615,123.972,12384,53243
1986-08-15,123.895,123.997,123.666,123.844,8912,53620
1986-08-18,123.87,123.87,123.105,123.309,17195,53498
1986-08-19,123.309,124.405,123.283,124.252,22804,54697
1986-08-20,124.431,124.864,124.354,124.558,16515,55495
1986-08-21,124.252,125.195,124.227,125.042,21522,57136
1986-08-22,125.17,125.17,124.686,125.042,15903,56872
1986-08-25,124.991,125.017,124.838,124.991,8063,57247
1986-08-26,124.686,124.711,123.921,123.946,23327,55071
1986-08-27,124.099,125.068,123.997,124.813,30607,54587
1986-08-28,124.635,125.017,123.895,124.15,29733,55724
1986-08-29,124.329,125.833,124.329,125.705,32414,57849
1986-09-02,125.756,125.909,125.374,125.807,22326,59112
1986-09-03,125.246,126.011,124.94,125.782,28573,57772
1986-09-04,125.884,126.113,125.374,125.425,27211,58724
1986-09-05,125.527,125.552,123.972,124.099,44081,61028
1986-09-08,123.49,123.744,122.727,122.854,44138,57556
1986-09-09,123.591,124.048,123.159,123.388,35347,56532
1986-09-10,123.845,124.074,123.261,123.54,27489,54938
1986-09-11,123.108,123.108,121.737,122.092,35252,56969
1986-09-12,122.6,123.972,122.27,123.896,32200,54901
1986-09-15,124.404,124.633,124.175,124.556,20452,53369
1986-09-16,124.709,124.938,124.125,124.302,21016,33441
1986-09-17,125.344,125.954,125.319,125.827,35187,41208
1986-09-18,126.767,128.418,126.767,128.316,43720,47337
1986-09-19,128.062,128.52,127.681,128.316,28107,48995
1986-09-22,125.7,125.7,125.141,125.395,26689,45887
1986-09-23,124.658,125.014,124.048,124.252,32348,42682
1986-09-24,124.861,124.963,124.277,124.531,15286,41874
1986-09-25,124.277,124.709,124.15,124.658,13745,41728
1986-09-26,124.734,124.76,124.175,124.252,10682,42316
1986-09-29,125.801,126.513,125.7,126.335,21847,46402
1986-09-30,126.309,126.563,125.293,125.852,22918,45708
1986-10-01,125.674,126.284,125.649,126.132,14987,45940
1986-10-02,126.132,127.224,126.055,127.071,28404,51247
1986-10-03,126.944,127.91,126.944,127.097,23293,52639
1986-10-06,127.834,128.138,127.757,128.011,16186,53466
1986-10-07,126.69,127.554,126.589,127.351,22356,52832
1986-10-08,127.275,127.732,127.249,127.453,13400,53756
1986-10-09,127.503,127.529,126.868,127.427,17105,53494
1986-10-10,127.376,128.342,127.376,128.24,23478,58762
1986-10-13,128.647,129.561,128.545,129.256,9849,60773
1986-10-14,128.647,129.129,128.621,129.002,18898,63674
1986-10-15,128.723,129.231,128.621,129.028,15370,64804
1986-10-16,129.104,129.231,128.697,128.875,16210,63319
1986-10-17,129.104,129.307,128.799,129.028,13361,62922
1986-10-20,128.621,128.647,127.859,128.215,20849,59110
1986-10-21,127.783,128.316,127.63,128.164,21469,56850
1986-10-22,128.393,128.545,127.275,128.316,19473,56812
1986-10-23,127.859,127.884,126.64,126.944,38089,51892
1986-10-24,125.75,125.75,124.836,124.912,37287,46572
1986-10-27,124.785,124.887,124.175,124.353,33876,46663
1986-10-28,125.42,125.471,125.065,125.192,20068,47272
1986-10-29,125.496,125.674,125.242,125.573,11925,47552
1986-10-30,126.157,126.182,123.642,123.998,34734,46579
1986-10-31,122.88,123.718,122.55,123.312,27292,47807
1986-11-03,122.829,123.439,122.727,123.235,24890,48167
1986-11-04,123.744,124.023,123.54,123.642,17658,48000
1986-11-05,122.956,123.718,122.778,123.362,26902,48123
1986-11-06,122.981,123.744,122.981,123.337,23080,46407
1986-11-07,123.108,123.54,122.473,123.388,19802,46174
1986-11-10,124.404,124.582,124.226,124.429,23837,47850
1986-11-11,125.014,125.115,124.76,124.938,15029,47586
1986-11-12,125.7,126.03,125.471,126.005,27405,48319
1986-11-13,125.623,126.69,125.598,126.411,29860,48820
1986-11-14,126.309,127.097,125.954,126.97,27052,48611
1986-11-17,126.462,126.538,126.081,126.182,21028,48538
1986-11-18,125.801,126.436,125.776,126.259,18006,50153
1986-11-19,126.284,126.944,126.005,126.741,23422,52330
1986-11-20,126.792,126.894,126.157,126.563,16367,51853
1986-11-21,126.055,126.259,125.395,125.7,29697,51916
1986-11-24,125.649,126.106,125.598,126.055,21911,52710
1986-11-25,126.563,128.088,126.563,127.91,44308,56663
1986-11-26,127.935,128.189,127.351,127.884,32567,57873
1986-11-28,128.545,128.926,128.494,128.85,17248,58346
1986-12-01,129.637,129.841,128.672,129.104,28710,59483
1986-12-02,128.545,129.078,128.215,128.494,30606,58860
1986-12-03,128.393,129.028,128.316,128.824,18767,58684
1986-12-04,128.316,129.053,126.665,126.843,39636,59243
1986-12-05,127.3,127.63,126.03,126.284,45389,57925
1986-12-08,126.563,126.714,126.056,126.259,30000,59698
1986-12-09,126.284,126.284,125.474,125.575,29501,57063
1986-12-10,125.828,126.588,125.651,126.411,25590,57488
1986-12-11,126.259,126.309,125.752,126.132,26324,55667
1986-12-12,125.347,126.613,125.22,126.411,28795,56412
1986-12-15,126.107,126.436,125.702,125.879,17464,56307
1986-12-16,125.575,126.031,125.524,125.853,13627,34686
1986-12-17,125.98,126.183,125.853,126.107,9825,34924
1986-12-18,126.259,126.74,126.259,126.613,13824,35573
1986-12-19,126.638,127.626,126.588,127.272,12849,35470
1986-12-22,128.031,128.715,127.93,128.538,18481,36428
1986-12-23,128.766,129.399,128.133,129.297,16420,37704
1986-12-24,129.297,129.475,128.892,129.297,7154,38479
1986-12-26,129.297,129.88,128.892,129.5,6940,39338
1986-12-29,130.488,131.045,130.31,130.918,17765,41054
1986-12-30,130.336,130.614,130.032,130.462,11652,42185
1986-12-31,131.045,132.513,130.741,132.007,14729,44292
1987-01-02,132.463,132.564,131.956,132.058,12039,44913
1987-01-05,131.88,132.513,131.045,131.526,24231,47185
1987-01-06,132.159,132.716,131.906,132.412,26257,48685
1987-01-07,131.5,131.931,131.323,131.652,22197,48975
1987-01-08,131.602,132.767,131.602,132.539,25566,51393
1987-01-09,132.361,132.615,131.728,132.412,24378,53365
1987-01-12,133.349,134.463,133.197,133.906,36896,54399
1987-01-13,135.577,135.679,134.995,135.527,33392,52827
1987-01-14,136.666,139.781,136.286,138.439,50602,60105
1987-01-15,138.008,138.971,137.147,137.932,35278,58706
1987-01-16,137.122,138.059,136.768,137.654,22438,57767
1987-01-19,140.541,140.794,139.857,139.958,26154,58390
1987-01-20,138.616,138.844,137.704,137.932,26013,56480
1987-01-21,136.945,137.806,136.945,137.679,25094,56201
1987-01-22,139.123,140.414,138.844,139.958,28961,57209
1987-01-23,139.705,139.958,138.92,139.629,20371,57963
1987-01-26,139.224,139.705,138.768,139.325,25152,59333
1987-01-27,139.604,141.554,139.553,141.478,34677,64113
1987-01-28,143.326,143.351,141.427,142.668,43910,64025
1987-01-29,142.465,142.566,141.554,141.908,26085,64918
1987-01-30,140.211,140.541,136.995,138.464,35312,60164
1987-02-02,139.68,140.87,139.452,140.262,33853,58113
1987-02-03,141.478,142.263,140.844,141.072,35533,58280
1987-02-04,140.034,140.465,139.35,139.984,27481,58010
1987-02-05,138.312,138.565,137.806,138.135,38022,55062
1987-02-06,136.641,137.097,135.729,136.489,29672,53488
1987-02-09,138.211,140.591,137.679,140.389,44873,56599
1987-02-10,139.654,141.807,139.35,139.629,47274,58827
1987-02-11,139.452,140.11,139.097,139.857,28993,59094
1987-02-12,139.781,140.794,138.388,138.895,34272,58773
1987-02-13,138.236,139.553,138.186,139.477,26423,56811
1987-02-17,140.034,140.211,139.224,139.477,26821,57848
1987-02-18,138.717,139.097,138.312,138.667,25313,58429
1987-02-19,137.173,139.123,136.641,138.895,40265,58099
1987-02-20,138.414,139.173,138.414,138.819,24905,59086
1987-02-23,138.565,138.895,137.78,137.882,31190,57374
1987-02-24,137.856,138.464,137.299,138.084,29108,58190
1987-02-25,138.819,139.072,138.388,138.743,25010,57558
1987-02-26,138.92,139.832,138.717,138.996,34954,57233
1987-02-27,138.489,139.148,138.16,138.743,24759,57902
1987-03-02,138.692,138.768,137.704,137.831,20644,56653
1987-03-03,138.338,138.641,138.008,138.363,22905,56768
1987-03-04,138.414,138.414,137.477,137.755,24361,57105
1987-03-05,137.401,138.616,137.198,138.186,35507,57788
1987-03-06,137.983,138.16,137.122,137.223,28666,57496
1987-03-09,136.846,137.097,136.091,136.141,43593,56681
1987-03-10,136.418,136.972,136.292,136.695,31453,55240
1987-03-11,136.191,136.317,135.134,136.015,41210,54679
1987-03-12,136.015,136.493,135.788,136.015,30076,54333
1987-03-13,136.569,136.972,136.468,136.871,29756,50672
1987-03-16,137.5,138.281,137.374,138.18,31522,50352
1987-03-17,138.432,138.482,137.576,138.18,26046,36261
1987-03-18,137.878,138.104,137.651,138.029,16640,35813
1987-03-19,138.079,138.255,137.928,138.054,9007,36272
1987-03-20,138.23,138.532,138.004,138.507,9312,36924
1987-03-23,138.96,139.262,138.86,139.237,23907,38682
1987-03-24,139.741,139.942,138.583,138.885,33167,38814
1987-03-25,138.885,138.986,138.356,138.583,16572,39631
1987-03-26,138.18,138.658,137.979,138.432,17642,39621
1987-03-27,138.834,139.489,138.683,139.363,18792,41866
1987-03-30,140.32,141.075,140.018,140.974,27914,42973
1987-03-31,140.295,140.823,139.816,140.269,23132,41702
1987-04-01,139.288,139.413,138.331,138.507,26765,41630
1987-04-02,138.482,139.841,138.407,139.539,28918,42127
1987-04-03,139.262,139.665,138.205,138.885,30900,41605
1987-04-06,138.633,138.784,137.953,138.558,23820,40982
1987-04-07,138.885,138.91,138.331,138.482,17991,41010
1987-04-08,137.727,137.928,137.299,137.576,24921,41382
1987-04-09,138.381,139.212,138.205,139.187,26951,40155
1987-04-10,140.244,140.395,139.413,139.766,30355,41260
1987-04-13,139.892,140.068,139.59,139.892,14218,41189
1987-04-14,140.295,140.974,140.194,140.899,26775,45986
1987-04-15,139.59,140.194,139.439,139.816,22103,47254
1987-04-16,139.111,139.716,139.011,139.615,16336,46802
1987-04-20,139.439,139.665,138.885,139.64,12454,46786
1987-04-21,139.867,139.917,138.96,139.212,19719,46763
1987-04-22,138.759,139.111,138.407,138.658,27688,46356
1987-04-23,138.834,139.967,138.583,139.917,30394,47614
1987-04-24,140.924,141.83,140.723,141.679,35737,48593
1987-04-27,142.258,142.308,140.899,141.025,33544,47244
1987-04-28,141.453,141.453,140.295,141.025,27561,46169
1987-04-29,140.395,141.05,140.169,140.848,20379,45040
1987-04-30,141.276,141.402,140.244,141.226,22058,46982
1987-05-01,141.251,142.485,141.1,142.434,24051,51152
1987-05-04,142.057,143.265,141.881,143.164,29312,54832
1987-05-05,143.013,143.19,142.283,142.359,25419,51987
1987-05-06,142.157,142.913,142.157,142.862,18087,54211
1987-05-07,142.384,142.384,141.578,141.78,26426,53938
1987-05-08,141.578,141.704,140.622,141.226,30098,52646
1987-05-11,140.446,140.798,140.244,140.546,21830,52578
1987-05-12,141.226,141.478,140.848,140.899,18777,52173
1987-05-13,140.597,141.226,140.546,140.773,15841,52776
1987-05-14,140.848,141.604,140.597,141.327,16941,53460
1987-05-15,141.528,142.51,141.478,142.409,28478,55096
1987-05-18,142.157,142.233,141.528,141.78,20270,54202
1987-05-19,141.604,142.434,141.604,142.359,22542,55928
1987-05-20,142.787,142.787,141.729,142.283,43515,60429
1987-05-21,141.805,142.208,141.654,142.057,26012,58350
1987-05-22,142.107,142.535,141.352,141.578,30558,55350
1987-05-26,140.345,140.446,138.784,138.86,48414,55383
1987-05-27,138.281,139.086,138.104,138.331,38635,52538
1987-05-28,138.86,139.313,138.734,139.011,17919,51263
1987-05-29,138.306,138.532,137.979,138.18,21637,52082
1987-06-01,137.374,137.702,137.173,137.525,29697,54034
1987-06-02,138.834,140.597,138.709,140.068,42497,54903
1987-06-03,139.665,139.841,139.212,139.338,24339,55926
1987-06-04,138.709,139.086,138.482,138.759,28616,50718
1987-06-05,139.187,139.313,138.583,138.633,15847,50323
1987-06-08,140.305,140.38,139.382,139.556,27306,46155
1987-06-09,140.18,141.053,140.105,140.954,33871,47961
1987-06-10,141.078,141.128,139.656,140.23,30149,46879
1987-06-11,140.629,140.654,140.155,140.43,18487,46404
1987-06-12,140.105,140.105,138.608,138.982,31975,46675
1987-06-15,137.835,138.284,137.585,137.909,26580,46018
1987-06-16,138.109,138.259,137.485,137.735,21066,26979
1987-06-17,137.485,138.084,137.236,137.311,20916,27427
1987-06-18,138.009,138.184,137.66,137.685,14374,26639
1987-06-19,137.66,137.934,137.311,137.585,15743,28143
1987-06-22,137.036,137.061,136.038,136.088,25791,29915
1987-06-23,136.637,137.46,136.163,136.961,30402,30883
1987-06-24,137.959,138.384,137.61,138.309,22631,29458
1987-06-25,137.485,137.66,137.211,137.435,16360,31135
1987-06-26,137.61,138.009,137.51,137.535,13124,30847
1987-06-29,137.56,137.61,137.236,137.435,10533,31386
1987-06-30,137.336,137.909,137.111,137.785,15463,32140
1987-07-01,137.81,137.934,137.311,137.485,14727,31164
1987-07-02,137.336,137.385,136.961,137.111,17049,35156
1987-07-06,136.412,136.687,136.138,136.512,18533,34800
1987-07-07,136.587,136.787,136.263,136.288,15881,34285
1987-07-08,135.913,136.687,135.913,136.338,22317,35212
1987-07-09,136.737,136.886,136.288,136.362,17165,35557
1987-07-10,136.113,136.313,135.863,135.963,14486,37152
1987-07-13,135.838,136.288,135.789,136.113,14175,36961
1987-07-14,136.038,136.163,135.414,135.464,20291,38331
1987-07-15,135.514,137.385,135.389,137.211,30698,39435
1987-07-16,136.637,136.812,136.387,136.562,19201,39671
1987-07-17,135.215,135.614,134.466,134.541,30702,39451
1987-07-20,134.815,134.965,134.117,134.341,23628,39811
1987-07-21,134.79,134.865,134.291,134.491,19542,39461
1987-07-22,134.616,134.815,134.242,134.641,16809,38469
1987-07-23,134.84,135.314,134.616,134.815,17005,39760
1987-07-24,135.04,135.489,134.741,135.015,17788,40107
1987-07-27,135.314,135.389,134.865,134.89,13383,37565
1987-07-28,134.666,135.09,134.616,135.04,11005,37182
1987-07-29,134.815,134.94,134.741,134.79,9819,39092
1987-07-30,134.766,135.14,134.366,134.99,21064,40630
1987-07-31,134.89,135.09,134.541,134.616,10475,42132
1987-08-03,134.591,134.716,133.568,133.643,24294,44241
1987-08-04,133.343,133.468,132.245,132.57,30324,46648
1987-08-05,133.094,133.418,132.894,133.044,23473,46087
1987-08-06,132.894,133.219,132.769,132.919,14590,46741
1987-08-07,132.994,133.044,132.195,132.22,28712,47934
1987-08-10,132.071,132.495,131.796,132.171,19692,48309
1987-08-11,131.971,132.096,131.447,131.996,18366,50238
1987-08-12,131.721,132.445,131.647,132.195,17386,50024
1987-08-13,132.171,132.744,132.021,132.52,17989,51220
1987-08-14,132.021,134.616,131.921,133.169,27117,49366
1987-08-17,133.169,133.518,133.094,133.468,16173,48113
1987-08-18,134.965,135.963,134.815,135.539,38422,47522
1987-08-19,135.439,136.387,135.439,136.288,22984,47359
1987-08-20,136.412,136.886,136.088,136.263,23071,46895
1987-08-21,136.812,137.909,136.787,137.735,22550,47293
1987-08-24,137.161,137.735,137.161,137.336,22278,47968
1987-08-25,137.361,137.585,136.537,136.612,19978,46269
1987-08-26,136.462,136.986,136.313,136.787,17587,45910
1987-08-27,137.485,138.209,137.385,138.134,25342,49543
1987-08-28,137.311,138.109,137.261,137.885,16463,49163
1987-08-31,137.61,138.084,137.535,137.635,9606,48534
1987-09-01,137.959,138.284,137.685,137.934,18327,50368
1987-09-02,138.109,139.157,138.059,139.007,27767,50835
1987-09-03,138.758,139.681,138.608,139.257,33736,42581
1987-09-04,139.057,139.407,138.533,138.908,25052,51206
1987-09-08,139.18,139.477,139.006,139.402,21465,53663
1987-09-09,139.279,139.328,138.289,138.561,33519,51356
1987-09-10,138.116,138.413,137.893,138.264,22584,50375
1987-09-11,138.19,139.575,137.844,138.116,36484,48979
1987-09-14,137.398,137.473,136.879,137.3,31279,46257
1987-09-15,137.374,137.745,137.275,137.671,17099,27977
1987-09-16,137.745,137.844,137.052,137.473,17990,28957
1987-09-17,137.25,137.596,137.176,137.423,14090,29500
1987-09-18,138.091,138.264,137.819,138.116,14942,30071
1987-09-21,137.745,137.794,137.349,137.646,12600,28797
1987-09-22,137.176,137.349,136.706,137.102,23267,30500
1987-09-23,136.434,137.052,136.31,136.829,21916,30909
1987-09-24,137.052,137.176,136.829,137.052,6556,30830
1987-09-25,136.854,137.027,136.681,136.854,8383,30593
1987-09-28,136.533,136.706,136.359,136.409,13891,30966
1987-09-29,135.271,135.889,135.246,135.494,28166,30413
1987-09-30,135.642,135.692,134.875,135.024,17618,31167
1987-10-01,135.123,135.444,134.776,135.395,18921,31300
1987-10-02,135.37,135.469,134.925,135.123,11263,32961
1987-10-05,135.073,135.494,135.024,135.469,11198,32342
1987-10-06,135.865,136.038,135.617,135.815,17116,33767
1987-10-07,136.458,136.557,136.285,136.458,18154,32609
1987-10-08,136.632,137.374,136.508,137.324,22790,34236
1987-10-09,137.374,137.695,137.003,137.621,20165,33689
1987-10-12,137.3,137.448,137.003,137.102,9043,35192
1987-10-13,136.656,136.953,136.582,136.755,10934,34511
1987-10-14,136.632,138.017,136.632,137.869,29066,36380
1987-10-15,138.289,138.734,137.671,137.77,26886,36258
1987-10-16,138.264,138.536,137.943,138.487,18556,38102
1987-10-19,140.219,140.812,139.996,140.392,34394,44218
1987-10-20,138.536,138.536,136.186,137.324,38137,37836
1987-10-21,137.794,138.017,136.632,136.706,24282,36163
1987-10-22,136.953,138.042,136.829,136.904,16257,35532
1987-10-23,137.497,139.897,137.052,139.65,28369,36413
1987-10-26,140.219,140.466,139.749,139.872,24200,36558
1987-10-27,140.046,141.654,140.046,141.208,28221,38380
1987-10-28,141.703,143.657,141.604,143.163,33829,39333
1987-10-29,143.311,144.301,142.989,143.237,28210,39854
1987-10-30,142.915,144.202,142.841,143.756,22565,43385
1987-11-02,144.474,145.513,144.226,145.216,25501,45198
1987-11-03,145.859,146.057,144.152,144.919,30290,44405
1987-11-04,145.34,145.76,144.597,145.538,23101,45706
1987-11-05,146.379,149.075,146.156,148.011,35252,49723
1987-11-06,147.937,148.877,147.442,148.16,24155,51610
1987-11-09,148.481,149.793,148.407,149.248,23298,51314
1987-11-10,150.188,150.535,147.813,148.902,33863,52120
1987-11-11,148.927,148.951,147.838,148.061,16169,53140
1987-11-12,147.764,147.987,146.008,146.651,33407,53538
1987-11-13,146.453,147.047,146.131,146.824,18805,52413
1987-11-16,144.498,145.661,144.35,144.845,25918,52994
1987-11-17,146.131,146.626,146.057,146.552,18684,52573
1987-11-18,146.057,147.591,145.834,147.146,25075,52335
1987-11-19,147.789,147.863,146.898,147.517,20433,53700
1987-11-20,148.382,149.397,145.958,147.987,33368,56098
1987-11-23,148.704,148.828,148.234,148.506,19268,57536
1987-11-24,147.146,148.086,146.7,148.061,24194,57503
1987-11-25,148.333,148.927,148.16,148.283,15853,56584
1987-11-27,149.595,150.164,149.347,150.04,15937,59041
1987-11-30,151.524,151.772,150.856,151.45,28840,59808
1987-12-01,149.842,150.584,149.545,149.718,29233,58623
1987-12-02,149.99,150.263,149.421,149.595,24324,59436
1987-12-03,150.213,150.362,148.58,148.902,29850,61006
1987-12-04,149.743,149.743,147.64,148.333,36746,63466
1987-12-07,148.333,148.556,147.541,147.739,25998,68992
1987-12-08,148.522,148.865,148.229,148.792,21821,68320
1987-12-09,149.159,149.208,148.694,148.988,26481,68953
1987-12-10,148.841,152.488,148.449,151.533,38740,70194
1987-12-11,151.729,151.949,151.288,151.802,25458,68829
1987-12-14,152.439,152.561,151.631,151.9,21077,68870
1987-12-15,152.096,152.121,151.215,151.46,12525,29360
1987-12-16,151.655,151.974,151.141,151.9,13165,29801
1987-12-17,152.096,152.659,151.851,152.586,11913,31112
1987-12-18,152.096,152.194,150.799,151.117,17016,30120
1987-12-21,151.484,151.753,151.044,151.729,10396,31043
1987-12-22,151.46,151.9,151.313,151.704,6175,31430
1987-12-23,150.823,151.141,150.432,150.921,13182,30852
1987-12-24,151.435,152.977,151.435,152.879,9820,31354
1987-12-28,154.25,155.205,154.25,154.446,14929,31967
1987-12-29,155.253,155.351,154.103,154.666,10376,32494
1987-12-30,154.446,154.862,154.25,154.593,7887,33168
1987-12-31,157.016,157.285,156.379,157.163,11306,32536
1988-01-04,156.012,156.061,155.058,155.425,18535,32750
1988-01-05,152.757,153.173,150.848,150.97,33063,29369
1988-01-06,148.571,149.991,148.449,149.844,27269,29051
1988-01-07,150.309,150.578,149.55,149.795,16098,27842
1988-01-08,148.718,149.869,148.449,149.746,16423,28964
1988-01-11,150.578,150.774,150.138,150.309,15319,30067
1988-01-12,150.652,151.092,150.456,150.799,14779,30068
1988-01-13,151.509,151.582,150.26,150.676,24229,29795
1988-01-14,150.309,151.019,150.236,150.921,9693,29441
1988-01-15,150.995,151.313,146.001,146.075,25993,31481
1988-01-18,146.197,146.834,145.904,146.344,19672,33241
1988-01-19,146.075,147.274,145.757,146.662,24390,32930
1988-01-20,147.984,148.425,147.592,148.376,23237,33991
1988-01-21,147.96,148.4,147.47,147.813,17983,35690
1988-01-22,147.25,147.543,146.638,147.348,18311,34911
1988-01-25,147.005,147.103,146.295,146.466,14146,37153
1988-01-26,146.809,147.201,146.295,146.932,19185,39782
1988-01-27,146.76,147.568,146.32,147.348,23068,37784
1988-01-28,147.446,147.69,147.299,147.592,14592,36073
1988-01-29,146.491,146.711,146.026,146.075,16290,36616
1988-02-01,145.145,145.536,144.998,145.316,20740,36967
1988-02-02,145.365,146.197,145.341,146.05,20379,38489
1988-02-03,145.512,145.904,145.047,145.071,22701,41280
1988-02-04,144.851,145.977,144.704,145.781,27691,41140
1988-02-05,145.218,145.561,144.068,144.313,33562,48134
1988-02-08,144.239,144.924,144.166,144.313,27884,50820
1988-02-09,144.092,144.778,143.847,144.557,20787,50564
1988-02-10,145.096,145.536,144.973,145.218,19564,48073
1988-02-11,145.194,145.487,144.924,145.022,14857,47171
1988-02-12,144.215,144.778,142.208,143.285,23944,44386
1988-02-16,143.113,144.166,143.113,143.701,20562,45609
1988-02-17,143.358,144.092,143.358,143.945,18050,45616
1988-02-18,144.092,144.239,143.236,143.382,24831,46599
1988-02-19,143.774,144.019,143.456,143.554,21717,47037
1988-02-22,143.945,144.753,143.945,144.435,22710,47446
1988-02-23,144.827,145.194,144.582,144.729,26371,47492
1988-02-24,144.729,144.949,144.386,144.582,15152,48472
1988-02-25,144.166,144.827,144.043,144.655,23676,49059
1988-02-26,144.998,145.463,144.973,145.12,15378,47956
1988-02-29,145.243,145.316,144.9,145.071,17543,47177
1988-03-01,145.071,145.512,145.022,145.243,13877,47683
1988-03-02,144.459,144.827,144.337,144.41,21095,47760
1988-03-03,144.41,144.582,144.337,144.484,21281,51522
1988-03-04,144.41,145.071,144.239,144.949,28473,51954
1988-03-07,145.341,146.295,145.316,146.148,37672,55827
1988-03-08,146.512,147.119,146.27,146.901,34586,51624
1988-03-09,146.658,146.949,146.537,146.876,19945,51603
1988-03-10,146.876,147.24,146.828,147.095,26857,51849
1988-03-11,147.532,147.604,147.265,147.41,18706,50888
1988-03-14,147.677,147.726,146.949,147.095,16671,50014
1988-03-15,147.046,147.192,146.609,146.755,12116,28917
1988-03-16,146.609,146.755,146.148,146.294,12095,29940
1988-03-17,146.1,146.318,144.449,144.522,37589,33021
1988-03-18,144.522,144.619,143.964,144.013,27172,31552
1988-03-21,144.668,144.983,144.547,144.644,23081,32455
1988-03-22,144.498,144.644,144.231,144.401,25863,35041
1988-03-23,144.255,144.765,144.182,144.498,21873,35326
1988-03-24,145.105,145.857,145.032,145.833,24952,35516
1988-03-25,145.566,146.027,145.42,145.736,16966,35776
1988-03-28,146.901,147.701,146.804,147.677,26268,34180
1988-03-29,146.925,147.24,146.634,146.731,19859,33085
1988-03-30,146.634,147.143,146.439,146.973,19549,36353
1988-03-31,147.435,147.677,147.24,147.41,12977,35369
1988-04-04,147.847,148.308,147.532,147.774,14567,38140
1988-04-05,146.804,147.046,146.148,146.415,23711,34943
1988-04-06,146.294,146.682,145.129,145.59,31936,38741
1988-04-07,145.299,145.736,145.178,145.542,19816,36743
1988-04-08,145.857,146.075,145.614,145.857,11031,36982
1988-04-11,144.862,145.105,144.474,145.08,18616,36278
1988-04-12,144.983,144.983,144.522,144.547,12723,36414
1988-04-13,144.28,144.741,143.916,144.11,28476,38601
1988-04-14,144.255,147.143,144.207,147.119,31985,37757
1988-04-15,146.804,147.168,146.804,147.07,21065,36121
1988-04-18,147.022,147.313,146.876,146.998,10186,35721
1988-04-19,146.731,146.949,146.488,146.561,12591,35723
1988-04-20,146.925,147.07,146.537,146.561,13395,35318
1988-04-21,146.512,146.755,146.294,146.318,20224,38848
1988-04-22,145.93,145.954,145.59,145.639,19731,38833
1988-04-25,145.736,145.736,145.275,145.542,12768,38837
1988-04-26,145.881,146.075,145.396,145.469,17555,40269
1988-04-27,145.25,145.76,145.105,145.687,18255,40247
1988-04-28,145.857,146.173,145.808,146.075,14034,40064
1988-04-29,145.978,146.124,145.226,145.275,12243,40603
1988-05-02,144.838,145.25,144.668,145.153,16020,42641
1988-05-03,145.323,145.444,145.08,145.153,6674,41634
1988-05-04,144.983,145.323,144.886,145.226,11321,41966
1988-05-05,145.25,145.42,144.498,144.571,14815,42564
1988-05-06,145.105,145.493,144.619,145.032,20493,44662
1988-05-09,144.911,144.983,144.716,144.838,11372,48071
1988-05-10,144.983,145.202,144.983,145.08,13397,48530
1988-05-11,145.202,145.25,144.571,144.765,17143,48130
1988-05-12,144.741,145.032,144.692,144.813,12798,48051
1988-05-13,144.838,144.911,144.449,144.522,16311,47164
1988-05-16,144.352,144.425,143.964,144.013,16454,48431
1988-05-17,144.474,144.522,142.338,142.581,36612,55843
1988-05-18,142.726,143.042,142.532,143.018,21540,58884
1988-05-19,143.212,143.212,142.945,143.018,8092,59295
1988-05-20,142.896,142.945,142.702,142.945,9744,60942
1988-05-23,142.823,143.115,142.702,143.066,9105,61267
1988-05-24,143.09,143.236,142.775,143.066,13030,61043
1988-05-25,142.823,142.823,142.484,142.532,20146,65361
1988-05-26,142.314,142.484,142.144,142.338,12750,65158
1988-05-27,141.853,141.95,141.343,141.489,19986,67820
1988-05-31,140.93,141.052,140.154,140.251,25089,66274
1988-06-01,141.076,141.149,140.518,140.615,30209,70701
1988-06-02,140.542,141.149,140.105,140.858,34616,72068
1988-06-03,140.858,141.052,140.542,140.688,20359,71875
1988-06-06,141.1,141.707,141.076,141.513,26942,75283
1988-06-07,141.853,141.974,141.464,141.95,28586,74824
1988-06-08,141.493,141.662,140.677,140.701,28852,78973
1988-06-09,140.941,141.71,140.797,141.59,29739,79103
1988-06-10,141.373,141.421,140.893,140.989,20211,80067
1988-06-13,140.725,140.917,140.533,140.773,19065,77112
1988-06-14,140.557,140.557,138.612,138.708,28381,46113
1988-06-15,138.492,138.54,138.131,138.179,17983,46894
1988-06-16,138.852,139.02,138.107,138.348,21664,46054
1988-06-17,138.203,138.612,137.987,138.348,12640,45956
1988-06-20,138.131,138.276,137.555,137.651,18380,49435
1988-06-21,137.939,138.251,137.795,138.083,13712,47469
1988-06-22,136.739,136.787,135.874,136.018,27078,49449
1988-06-23,135.25,136.042,135.178,135.874,23422,48809
1988-06-24,134.697,134.841,132.896,133.545,35777,50322
1988-06-27,132.704,133.401,132.656,132.848,24384,48389
1988-06-28,134.433,134.577,133.184,133.28,33437,46754
1988-06-29,132.656,132.992,131.984,132.704,31668,46728
1988-06-30,132.824,133.473,132.416,133.353,22681,47134
1988-07-01,132.68,133.112,132.56,132.944,15181,46028
1988-07-05,132.56,133.112,132.272,132.8,18640,44783
1988-07-06,132.848,132.968,132.56,132.728,15477,44260
1988-07-07,133.208,133.377,132.512,132.8,19085,44589
1988-07-08,132.608,132.656,130.999,131.167,26137,48810
1988-07-11,131.215,131.503,130.735,130.927,24271,49026
1988-07-12,131.191,131.696,131.143,131.455,18238,48606
1988-07-13,131.311,131.311,130.567,131.095,17182,48581
1988-07-14,130.735,131.047,130.423,130.567,15635,47267
1988-07-15,130.039,130.159,128.478,128.598,28721,50200
1988-07-18,127.517,128.838,127.517,128.598,39579,52255
1988-07-19,129.606,130.231,129.246,130.111,31050,50956
1988-07-20,130.063,130.639,129.966,130.279,19126,49660
1988-07-21,131.383,131.696,130.975,131.551,24995,48094
1988-07-22,132.152,132.368,131.792,132.272,19613,48355
1988-07-25,131.215,131.503,130.519,130.615,21254,49102
1988-07-26,130.135,130.231,129.486,129.991,24356,47662
1988-07-27,128.742,131.239,128.742,130.639,23708,49997
1988-07-28,130.087,130.159,129.078,129.462,22418,51226
1988-07-29,128.886,129.558,128.237,128.261,20551,52040
1988-08-01,128.454,128.862,128.237,128.766,16629,53070
1988-08-02,129.03,129.246,128.43,128.694,22133,52425
1988-08-03,128.43,128.838,128.334,128.598,15318,52762
1988-08-04,128.021,128.382,127.973,128.285,13453,53872
1988-08-05,128.069,128.237,127.085,127.253,22821,56984
1988-08-08,126.628,127.229,126.508,126.628,24692,60809
1988-08-09,127.085,127.181,125.404,125.476,24607,61595
1988-08-10,125.572,126.388,125.284,126.196,28786,61201
1988-08-11,126.797,128.117,126.532,127.949,32140,60263
1988-08-12,127.805,128.478,127.805,128.141,20060,61920
1988-08-15,127.877,128.454,127.781,128.213,19342,63722
1988-08-16,127.877,130.063,127.061,127.421,44962,59247
1988-08-17,126.941,127.037,125.572,126.124,37064,60151
1988-08-18,127.277,127.301,126.028,126.556,22403,61312
1988-08-19,127.133,127.517,126.821,127.133,14229,61431
1988-08-22,125.596,126.508,125.068,126.124,30136,65097
1988-08-23,126.124,126.869,125.932,126.028,30819,65920
1988-08-24,127.157,128.045,126.893,127.949,33334,67261
1988-08-25,129.39,129.558,128.67,129.222,35486,64656
1988-08-26,129.102,129.822,129.006,129.534,22239,64513
1988-08-29,128.79,128.934,128.502,128.574,16430,62985
1988-08-30,128.574,129.198,128.574,128.79,21434,64079
1988-08-31,128.213,128.309,127.829,128.213,22136,63215
1988-09-01,127.973,128.478,127.877,128.285,21810,62377
1988-09-02,128.309,130.159,128.261,130.087,32171,63443
1988-09-06,130.207,130.807,130.111,130.447,40831,63758
1988-09-07,130.399,130.567,129.991,130.471,31509,61303
1988-09-08,129.923,130.233,129.566,130.137,27118,60601
1988-09-09,130.352,130.376,129.661,129.876,28300,57392
1988-09-12,130.114,130.376,129.947,129.995,22545,55564
1988-09-13,130.114,130.161,129.709,129.852,19835,52535
1988-09-14,129.328,129.495,127.376,127.876,41416,53260
1988-09-15,127.947,128.114,127.78,127.947,23785,52182
1988-09-16,128.019,128.328,127.852,128.233,20614,51557
1988-09-19,128.328,128.542,128.233,128.518,12930,51427
1988-09-20,128.495,128.804,128.376,128.518,14176,30892
1988-09-21,128.066,128.185,127.852,128.09,10855,31207
1988-09-22,127.804,127.971,127.423,127.899,17237,32071
1988-09-23,127.828,128.09,127.614,128.066,11144,33445
1988-09-26,126.995,127.638,126.852,127.447,22171,37484
1988-09-27,127.542,127.876,127.423,127.733,16030,39733
1988-09-28,127.638,127.923,127.542,127.876,10793,38565
1988-09-29,127.495,127.519,127.304,127.399,9189,38335
1988-09-30,127.59,128.399,127.519,128.328,13931,36267
1988-10-03,128.471,128.947,128.471,128.757,24302,37815
1988-10-04,128.971,129.138,128.518,128.685,18717,37834
1988-10-05,128.542,128.804,128.423,128.614,14010,37956
1988-10-06,128.685,128.78,128.471,128.495,8763,38666
1988-10-07,128.233,129.018,128.233,128.661,23204,41073
1988-10-10,129.138,129.376,129.09,129.28,6362,44735
1988-10-11,129.495,129.614,129.209,129.28,21390,40590
1988-10-12,130.161,130.947,130.042,130.852,32853,42543
1988-10-13,130.804,132.352,130.518,132.09,40670,42298
1988-10-14,131.471,132.947,131.423,132.828,29037,45354
1988-10-17,132.185,132.661,132.09,132.566,29256,49011
1988-10-18,132.256,132.852,132.209,132.447,20380,48466
1988-10-19,132.399,132.542,132.042,132.09,18735,46789
1988-10-20,132.733,133.161,132.733,132.923,22202,50341
1988-10-21,133.828,134.756,133.685,134.709,33684,54104
1988-10-24,133.78,134.209,133.78,133.852,25465,53199
1988-10-25,133.256,134.066,133.209,133.518,22498,51042
1988-10-26,133.614,135.137,133.518,134.994,34460,52452
1988-10-27,135.185,135.352,134.542,134.613,31603,54110
1988-10-28,134.209,135.042,133.661,134.971,23965,53596
1988-10-31,135.233,135.28,133.471,133.614,35343,52715
1988-11-01,133.875,134.161,133.352,133.923,25383,51002
1988-11-02,134.352,135.328,133.994,135.09,35301,53115
1988-11-03,134.899,134.994,134.28,134.399,20990,50077
1988-11-04,134.471,134.661,132.995,133.328,36109,52599
1988-11-07,133.899,134.637,133.661,134.494,25190,51051
1988-11-08,134.114,134.114,133.352,133.756,21556,50539
1988-11-09,134.733,136.09,134.637,135.852,43431,52469
1988-11-10,135.828,136.494,135.732,136.399,31991,52788
1988-11-11,136.923,137.899,136.923,137.59,21349,54082
1988-11-14,136.685,137.137,136.494,136.685,25695,53643
1988-11-15,136.899,137.209,136.566,136.971,19793,52856
1988-11-16,137.328,138.899,136.947,138.828,37484,53193
1988-11-17,138.994,139.018,137.351,138.399,30651,55523
1988-11-18,137.518,137.804,136.661,137.518,26708,55591
1988-11-21,137.566,138.375,137.471,138.209,20137,54625
1988-11-22,138.232,138.923,137.875,138.899,26665,56042
1988-11-23,138.661,139.28,138.59,138.923,22767,53838
1988-11-25,138.59,139.209,138.328,138.994,14064,54485
1988-11-28,137.732,138.066,137.328,137.566,24445,56850
1988-11-29,137.637,138.232,137.304,137.351,31839,57156
1988-11-30,137.209,137.923,137.042,137.756,30411,56077
1988-12-01,137.78,138.018,137.542,137.78,18907,53827
1988-12-02,137.566,138.78,136.661,138.685,31992,53468
1988-12-05,138.447,138.518,138.137,138.304,13116,53251
1988-12-06,138.137,138.28,137.018,137.066,33709,53080
1988-12-07,136.423,136.59,134.28,135.256,62577,50920
1988-12-08,136.767,137.498,136.389,137.31,45043,49454
1988-12-09,137.026,137.829,136.885,137.31,28983,52129
1988-12-12,137.097,137.097,136.578,136.908,18467,52039
1988-12-13,136.554,136.672,135.964,136.177,21449,51203
1988-12-14,136.295,137.475,136.248,137.121,37380,53154
1988-12-15,137.026,137.097,135.186,135.492,38448,54091
1988-12-16,135.398,135.964,134.737,135.304,35983,54123
1988-12-19,135.327,135.563,134.784,134.973,22313,54955
1988-12-20,133.982,134.501,133.628,133.651,21038,37033
1988-12-21,134.265,134.761,134.171,134.501,18872,36882
1988-12-22,134.147,134.336,133.958,134.241,8640,36874
1988-12-23,133.935,134.241,133.864,134.194,3187,35217
1988-12-27,134.076,134.1,133.769,133.817,4733,35759
1988-12-28,132.849,133.227,132.33,132.967,19732,38112
1988-12-29,133.109,133.132,132.873,133.085,9668,34622
1988-12-30,134.123,134.713,133.84,134.643,10432,35504
1989-01-03,135.02,135.28,134.407,134.501,26093,35723
1989-01-04,133.439,133.486,132.731,133.061,32086,37733
1989-01-05,132.92,132.967,131.999,132.07,30946,39112
1989-01-06,131.244,131.457,130.607,130.725,29765,43863
1989-01-09,129.899,130.607,129.639,130.465,31348,45205
1989-01-10,130.064,130.206,129.026,129.333,29936,49085
1989-01-11,129.757,130.631,129.592,130.135,30749,49855
1989-01-12,130.324,130.513,129.757,130.064,19808,50863
1989-01-13,128.931,130.064,128.577,128.908,33497,51419
1989-01-16,127.94,128.082,127.586,128.011,21520,53866
1989-01-17,128.459,128.624,128.058,128.27,22450,54426
1989-01-18,127.397,128.388,126.5,126.548,39697,56118
1989-01-19,126.5,128.034,126.335,127.964,41950,56644
1989-01-20,128.2,129.285,127.987,129.167,26438,54053
1989-01-23,128.341,129.993,128.27,129.38,27014,55402
1989-01-24,129.828,130.088,128.506,128.695,33746,55834
1989-01-25,128.695,129.12,128.082,129.049,31303,57217
1989-01-26,128.577,128.813,128.176,128.341,20431,55747
1989-01-27,127.869,128.341,126.878,127.09,27944,56706
1989-01-30,126.713,127.492,126.689,127.421,26611,60883
1989-01-31,127.114,127.208,125.958,126.146,40225,60485
1989-02-01,126.5,127.232,126.359,126.642,27688,59637
1989-02-02,126.312,126.902,125.816,126.146,28550,61905
1989-02-03,125.91,126.5,125.297,125.934,31707,64197
1989-02-06,125.486,126.642,125.462,126.43,32527,61166
1989-02-07,126.453,126.972,126.359,126.453,24037,61839
1989-02-08,126.359,126.736,126.194,126.571,17348,65137
1989-02-09,127.35,127.987,127.208,127.751,30502,63066
1989-02-10,128.506,128.53,126.335,126.477,45971,64794
1989-02-13,126.382,126.807,126.217,126.784,24437,66066
1989-02-14,126.996,128.27,126.854,128.129,42168,64648
1989-02-15,128.27,129.403,127.846,128.459,51160,65101
1989-02-16,127.987,128.719,127.869,128.577,26759,68132
1989-02-17,128.813,129.474,128.058,128.742,24865,66372
1989-02-21,127.515,128.813,127.492,128.294,37010,65952
1989-02-22,128.436,129.073,128.365,128.86,33661,65476
1989-02-23,129.71,130.324,129.333,130.064,44138,68171
1989-02-24,129.309,129.993,128.742,129.993,35454,70011
1989-02-27,130.418,130.631,129.521,129.734,40314,68605
1989-02-28,129.238,129.923,129.238,129.71,25465,69499
1989-03-01,128.412,128.766,128.176,128.624,45284,70227
1989-03-02,128.412,128.554,127.846,127.893,31225,65697
1989-03-03,128.294,128.624,128.082,128.176,27551,67060
1989-03-06,127.893,128.034,127.279,127.397,38323,69045
1989-03-07,127.326,127.751,127.09,127.326,34664,63189
1989-03-08,127.233,127.514,126.601,126.718,31712,62208
1989-03-09,126.789,127.116,126.742,127.069,27056,63383
1989-03-10,127.069,127.116,126.461,126.882,35872,62535
1989-03-13,126.578,126.695,126.274,126.391,31044,64302
1989-03-14,126.508,127.209,126.508,126.929,23885,35206
1989-03-15,126.648,126.929,125.9,126.087,39397,37144
1989-03-16,126.344,126.531,125.993,126.344,23782,43483
1989-03-17,126.274,126.274,125.666,125.806,21519,42874
1989-03-20,125.947,126.484,125.596,126.391,27846,43964
1989-03-21,125.97,126.625,125.83,126.11,26670,44765
1989-03-22,125.947,126.742,125.923,126.414,22826,45189
1989-03-23,126.578,126.648,125.9,126.11,22652,45311
1989-03-27,125.385,125.455,125.011,125.315,17873,41813
1989-03-28,125.268,125.549,124.356,124.45,31677,40641
1989-03-29,124.684,124.988,124.426,124.613,24129,41007
1989-03-30,124.894,125.034,123.865,124.543,21195,41571
1989-03-31,124.684,124.73,124.122,124.45,14251,42522
1989-04-03,124.777,125.549,124.684,125.526,34020,42718
1989-04-04,125.923,126.438,125.806,126.274,34743,42990
1989-04-05,125.759,126.251,125.713,126.134,23709,43366
1989-04-06,125.993,126.321,125.97,126.04,17441,43831
1989-04-07,126.04,126.601,125.455,125.526,36357,45007
1989-04-10,125.455,125.526,125.034,125.081,23768,46206
1989-04-11,125.128,125.245,124.777,124.917,17542,47262
1989-04-12,124.847,125.221,124.777,125.128,18739,47820
1989-04-13,125.876,126.18,125.666,125.783,33252,50401
1989-04-14,125.409,126.484,125.245,126.368,42475,52443
1989-04-17,126.672,126.929,126.484,126.531,34184,54982
1989-04-18,126.297,127.256,126.204,127.069,40301,60928
1989-04-19,126.484,126.718,126.274,126.461,24015,59206
1989-04-20,126.484,127.701,126.438,127.397,32315,63283
1989-04-21,127.209,127.584,127.163,127.233,22385,65955
1989-04-24,126.625,126.765,126.251,126.508,24334,64581
1989-04-25,126.063,126.368,125.947,125.97,24566,62068
1989-04-26,125.759,126.063,124.964,125.058,40230,55940
1989-04-27,125.292,125.432,125.034,125.292,25585,54175
1989-04-28,124.988,125.058,124.637,124.847,32242,50707
1989-05-01,124.45,124.59,124.122,124.263,22376,52875
1989-05-02,124.356,124.66,124.216,124.263,24034,56038
1989-05-03,124.309,124.59,123.982,124.005,19050,58042
1989-05-04,124.356,124.567,123.748,123.795,22261,61453
1989-05-05,123.842,124.777,123.491,123.795,33346,63539
1989-05-08,123.701,123.865,122.696,122.859,41075,63206
1989-05-09,122.672,123.023,122.275,122.953,32320,66373
1989-05-10,123.21,123.748,122.953,123.467,25067,68014
1989-05-11,122.625,122.812,122.391,122.579,26492,69111
1989-05-12,122.345,123.959,122.087,122.228,41086,71413
1989-05-15,120.637,121.035,120.474,120.941,30850,70780
1989-05-16,121.199,121.316,120.614,121.012,21076,70820
1989-05-17,120.544,120.801,118.649,118.977,44921,73095
1989-05-18,118.392,119.491,117.994,118.813,41152,71568
1989-05-19,119.164,119.374,118.649,118.72,41152,71568
1989-05-22,116.474,116.919,116.381,116.544,44386,77270
1989-05-23,116.848,117.363,116.311,116.544,36301,78934
1989-05-24,116.661,116.848,116.006,116.053,32717,79132
1989-05-25,117.059,118.182,116.989,118.111,44979,76716
1989-05-26,119.608,119.819,117.761,118.252,38118,79981
1989-05-30,116.591,117.48,116.287,117.316,48013,83600
1989-05-31,117.831,119.024,117.433,118.228,44544,77298
1989-06-01,118.252,118.509,117.924,118.228,31730,79217
1989-06-02,119.0,120.778,118.579,120.544,57479,80865
1989-06-05,119.842,120.006,118.018,118.135,46376,80709
1989-06-06,117.761,118.883,117.69,118.836,42333,81290
1989-06-07,119.117,119.445,118.579,118.743,34678,81910
1989-06-08,118.603,118.789,118.254,118.51,21525,82004
1989-06-09,117.766,117.859,116.323,116.44,47114,82564
1989-06-12,115.137,115.951,115.137,115.672,48084,89071
1989-06-13,115.951,116.207,115.23,116.137,56247,97995
1989-06-14,115.672,115.788,115.067,115.114,29009,96091
1989-06-15,114.765,117.836,114.23,117.138,61269,95340
1989-06-16,116.603,118.72,116.579,118.254,49743,92513
1989-06-19,117.812,118.743,117.743,118.44,36463,88269
1989-06-20,118.859,118.859,117.603,117.719,31349,47113
1989-06-21,117.649,119.511,117.58,119.394,38793,46955
1989-06-22,119.58,120.348,118.72,120.069,37949,46736
1989-06-23,120.464,121.255,119.953,120.883,33874,48921
1989-06-26,119.906,119.929,119.092,119.673,29561,47010
1989-06-27,119.534,120.278,119.255,119.441,25322,46345
1989-06-28,118.929,119.511,118.766,119.325,21241,47649
1989-06-29,120.395,120.697,119.022,119.255,31273,49738
1989-06-30,119.627,120.116,119.441,119.767,15992,50042
1989-07-03,120.976,121.325,120.651,121.209,22344,49638
1989-07-05,122.465,124.35,122.349,124.303,49179,54104
1989-07-06,123.675,124.001,123.373,123.931,25232,53507
1989-07-07,123.861,125.048,123.419,125.001,36471,56408
1989-07-10,125.746,125.908,125.164,125.327,34284,57141
1989-07-11,124.303,124.513,123.931,123.977,29750,58699
1989-07-12,124.14,124.768,124.117,124.489,22658,59533
1989-07-13,124.419,124.582,123.535,123.722,33108,62454
1989-07-14,123.535,124.187,122.046,122.07,38200,64382
1989-07-17,122.07,122.721,121.86,122.605,24416,63523
1989-07-18,121.302,123.745,121.209,123.28,39279,67208
1989-07-19,122.884,123.256,122.14,122.186,29872,66204
1989-07-20,122.046,122.954,121.907,122.465,23384,67063
1989-07-21,123.117,123.442,122.209,122.326,23635,66294
1989-07-24,122.419,123.21,122.14,123.047,21731,66062
1989-07-25,123.326,124.001,122.884,123.931,31302,67678
1989-07-26,123.954,125.117,123.931,124.955,35211,67642
1989-07-27,124.908,125.21,124.047,124.117,26384,68373
1989-07-28,124.21,124.21,123.14,124.071,23376,65211
1989-07-31,124.955,125.397,124.582,125.117,24568,66181
1989-08-01,124.955,126.141,124.606,126.048,30238,71277
1989-08-02,125.978,126.211,125.49,125.629,37687,74134
1989-08-03,125.583,125.746,124.071,124.489,31427,70040
1989-08-04,124.326,124.419,122.186,122.233,44040,65693
1989-08-07,121.884,122.489,121.465,121.581,36030,61907
1989-08-08,123.07,123.396,122.698,123.14,29350,57875
1989-08-09,122.675,123.28,122.419,123.14,21743,58220
1989-08-10,123.628,123.698,122.395,122.558,23384,60573
1989-08-11,121.093,121.511,119.79,120.046,51628,61177
1989-08-14,120.185,120.464,119.441,119.511,42895,62283
1989-08-15,119.743,120.441,119.58,120.278,24711,60195
1989-08-16,119.86,120.302,119.464,120.022,21477,60101
1989-08-17,119.162,119.185,118.138,118.65,34471,64246
1989-08-18,118.696,119.231,118.557,119.022,27812,63753
1989-08-21,118.836,119.441,118.813,119.045,24051,64568
1989-08-22,118.999,120.232,118.952,120.139,29460,66383
1989-08-23,119.673,119.836,119.022,119.348,31786,71447
1989-08-24,118.813,119.325,118.58,119.162,23384,72929
1989-08-25,118.859,119.371,118.766,118.813,16126,71825
1989-08-28,118.557,118.976,118.417,118.65,14974,73449
1989-08-29,119.72,120.604,119.348,120.116,37380,72213
1989-08-30,120.278,120.558,119.069,119.162,30405,70774
1989-08-31,118.696,119.092,118.068,118.301,27830,74899
1989-09-01,118.231,118.347,117.487,117.626,33848,77472
1989-09-05,117.021,117.254,116.742,116.998,38735,74347
1989-09-06,117.603,118.022,117.417,117.603,28539,74242
1989-09-07,116.858,117.37,116.858,117.324,27836,75859
1989-09-08,117.416,117.811,116.791,116.86,30795,75282
1989-09-11,116.86,117.254,116.698,116.883,35050,78575
1989-09-12,117.44,117.579,116.953,117.022,35600,80231
1989-09-13,117.579,118.205,117.277,118.042,36926,77266
1989-09-14,118.251,118.506,117.579,117.671,35263,77074
1989-09-15,117.718,120.778,116.072,118.923,76032,81568
1989-09-18,117.95,119.596,117.903,119.364,63582,76332
1989-09-19,118.923,119.48,118.738,119.155,29210,44387
1989-09-20,119.642,120.152,119.619,119.943,31368,43832
1989-09-21,119.549,119.804,119.364,119.642,20923,43024
1989-09-22,119.549,119.758,119.016,119.132,20573,44581
1989-09-25,122.146,122.54,121.983,122.47,43665,43988
1989-09-26,122.122,123.305,122.03,123.003,49785,49273
1989-09-27,123.838,124.139,123.328,123.583,33912,54463
1989-09-28,123.096,123.768,123.05,123.606,25416,55308
1989-09-29,124.417,124.788,123.907,124.139,30353,55318
1989-10-02,123.815,124.232,123.421,123.699,20107,54872
1989-10-03,123.722,123.931,122.887,123.212,26234,55588
1989-10-04,123.792,123.977,123.467,123.583,24923,59236
1989-10-05,123.792,124.719,123.05,123.142,40109,60668
1989-10-06,122.354,123.745,122.262,122.957,50095,66126
1989-10-09,123.05,123.212,122.911,122.957,8697,67104
1989-10-10,123.142,123.328,121.543,121.798,40516,64111
1989-10-11,121.218,121.473,120.755,121.334,39030,66238
1989-10-12,121.636,121.891,121.357,121.612,23087,66914
1989-10-13,121.937,123.142,121.033,123.096,31655,69971
1989-10-16,125.832,126.063,123.792,124.464,59739,67364
1989-10-17,124.394,125.994,124.255,124.441,44711,71551
1989-10-18,125.669,126.11,124.835,125.484,32920,70567
1989-10-19,126.11,126.342,125.09,125.484,36697,73089
1989-10-20,125.229,125.368,124.719,124.974,25925,72585
1989-10-23,124.974,125.553,124.904,125.553,16751,73748
1989-10-24,125.739,126.736,125.507,126.643,38561,79125
1989-10-25,126.156,126.573,125.901,126.55,28125,85259
1989-10-26,125.994,126.434,125.53,126.063,31381,82850
1989-10-27,125.507,127.083,125.414,126.852,37717,83681
1989-10-30,126.411,126.689,126.11,126.481,25347,86468
1989-10-31,126.365,126.504,125.924,126.063,22514,84374
1989-11-01,126.11,126.388,125.229,125.391,29238,82985
1989-11-02,125.414,126.202,125.298,125.901,29877,81392
1989-11-03,125.994,126.272,125.414,125.716,32934,82688
1989-11-06,125.229,125.53,125.113,125.182,22637,82643
1989-11-07,125.808,125.994,125.53,125.832,19658,82177
1989-11-08,125.947,125.994,125.553,125.716,15543,81384
1989-11-09,125.716,125.878,125.136,125.159,22597,81417
1989-11-10,125.136,125.182,124.023,124.232,41770,78798
1989-11-13,124.464,124.672,124.209,124.603,28061,75357
1989-11-14,124.951,126.573,124.904,126.457,46729,83696
1989-11-15,125.947,126.295,125.669,126.133,38070,87003
1989-11-16,125.785,126.805,125.067,125.901,44935,91351
1989-11-17,125.878,126.272,125.762,126.063,21371,90482
1989-11-20,125.901,126.736,125.901,126.527,27813,92327
1989-11-21,127.547,128.08,127.222,128.011,45851,99814
1989-11-22,128.219,128.497,127.57,127.779,44079,102141
1989-11-24,128.66,128.868,128.242,128.845,23101,105006
1989-11-27,129.541,129.981,129.239,129.633,47067,108984
1989-11-28,128.984,131.001,128.984,130.584,53321,110602
1989-11-29,130.329,130.537,129.262,129.703,46833,109895
1989-11-30,129.68,130.514,129.541,130.236,34194,109116
1989-12-01,129.958,130.19,129.703,129.819,26663,109539
1989-12-04,130.306,130.422,129.703,129.749,33037,108892
1989-12-05,129.888,130.63,129.819,130.468,40808,111862
1989-12-06,130.561,131.534,130.422,131.442,47792,114177
1989-12-07,131.233,131.395,130.653,130.885,37325,111489
1989-12-08,130.978,131.58,130.584,130.908,42314,116219
1989-12-11,131.14,131.904,131.001,131.696,60725,123682
1989-12-12,132.368,133.989,132.275,133.665,78970,119905
1989-12-13,134.592,134.962,133.086,134.291,82047,112633
1989-12-14,133.619,134.082,133.294,133.688,30203,110471
1989-12-15,133.688,134.939,133.642,134.8,45031,110785
1989-12-18,134.267,134.8,134.198,134.754,31088,108167
1989-12-19,133.781,134.013,133.248,133.341,21235,60593
1989-12-20,132.576,134.267,132.437,133.897,30887,58998
1989-12-21,133.781,134.638,133.665,134.244,13700,58217
1989-12-22,135.263,135.958,135.171,135.75,22890,56789
1989-12-26,136.63,136.63,135.889,136.306,21736,56724
1989-12-27,136.769,137.58,136.653,137.511,28333,56548
1989-12-28,137.835,137.951,136.538,136.978,30272,57205
1989-12-29,136.978,137.256,136.63,136.931,16796,58073
1990-01-02,137.024,137.024,134.846,135.009,45338,59483
1990-01-03,135.148,135.24,134.175,134.43,43776,58524
1990-01-04,135.773,138.599,135.495,138.252,55007,62939
1990-01-05,136.491,138.136,136.491,137.487,46262,63798
1990-01-08,138.02,139.271,137.974,138.993,46083,66722
1990-01-09,137.974,138.414,137.256,138.252,42833,66963
1990-01-10,138.483,139.016,137.372,137.927,47700,66097
1990-01-11,137.626,138.113,137.094,137.881,37328,64534
1990-01-12,137.65,138.761,137.256,137.603,44880,64027
1990-01-15,137.696,137.789,136.445,136.63,26501,62609
1990-01-16,135.727,137.256,135.611,136.63,50130,60781
1990-01-17,136.7,137.927,136.561,137.279,38856,62741
1990-01-18,136.121,136.63,134.939,135.24,49767,62465
1990-01-19,134.846,135.958,134.846,135.356,39259,66198
1990-01-22,134.893,135.009,134.013,134.383,33996,64508
1990-01-23,135.75,136.978,135.565,136.468,44272,63900
1990-01-24,137.603,138.205,136.7,136.885,49247,65388
1990-01-25,137.256,137.65,136.862,137.348,38088,64696
1990-01-26,137.256,137.603,136.445,137.348,31449,65460
1990-01-29,138.414,138.599,137.673,138.043,44997,64209
1990-01-30,138.113,138.46,134.476,136.213,51925,63147
1990-01-31,137.626,137.997,137.163,137.58,49872,63208
1990-02-01,137.765,138.344,137.511,138.298,39125,67308
1990-02-02,137.626,138.043,136.978,137.742,37320,66893
1990-02-05,138.02,139.572,138.02,139.549,54579,77621
1990-02-06,139.989,140.012,139.341,139.642,53572,78020
1990-02-07,140.383,140.453,139.225,139.503,53221,78078
1990-02-08,139.016,139.178,138.321,138.831,47084,77558
1990-02-09,138.669,138.9,138.09,138.854,35046,75935
1990-02-12,138.437,138.97,138.136,138.321,33735,74992
1990-02-13,137.441,138.275,137.14,138.02,47858,74132
1990-02-14,138.483,138.854,138.159,138.298,34814,73528
1990-02-15,138.043,138.09,136.677,136.769,40815,72293
1990-02-16,136.746,138.182,135.518,138.113,55597,70667
1990-02-20,138.46,138.854,137.974,138.808,31685,67869
1990-02-21,139.063,139.341,138.599,138.738,37270,67434
1990-02-22,138.46,139.086,138.205,138.391,34321,66640
1990-02-23,138.252,138.414,137.835,137.951,27468,68257
1990-02-26,137.395,137.487,136.607,136.677,48511,75785
1990-02-27,137.163,137.65,137.094,137.279,40987,76582
1990-02-28,137.024,137.163,135.819,136.005,49930,81516
1990-03-01,135.426,135.68,134.337,134.661,68648,81386
1990-03-02,135.055,135.634,134.383,135.101,64408,83320
1990-03-05,136.306,136.769,135.657,136.7,55769,83127
1990-03-06,136.538,136.653,135.843,136.028,30799,80376
1990-03-07,135.912,136.422,135.449,136.144,38643,79780
1990-03-08,136.19,136.653,136.074,136.399,34580,80406
1990-03-09,136.167,136.491,135.657,136.121,40959,81198
1990-03-12,135.704,136.005,134.985,135.217,58465,85057
1990-03-13,134.985,135.611,134.499,135.356,61251,86211
1990-03-14,135.263,135.68,134.962,135.518,41042,83529
1990-03-15,135.495,136.769,135.379,136.561,50451,83414
1990-03-16,136.491,137.047,136.422,136.491,45903,80549
1990-03-19,137.673,138.113,137.302,137.603,46115,81130
1990-03-20,137.441,137.65,135.727,135.773,57393,53495
1990-03-21,135.866,136.005,135.379,135.634,32790,52828
1990-03-22,135.356,136.375,135.31,136.167,35963,52846
1990-03-23,135.68,136.167,135.194,135.31,37810,56049
1990-03-26,135.333,136.167,135.055,135.796,37120,53962
1990-03-27,135.24,135.657,135.008,135.495,28836,55510
1990-03-28,135.263,135.912,135.263,135.588,30793,58789
1990-03-29,136.422,136.862,136.329,136.793,36908,55406
1990-03-30,136.561,137.603,136.352,136.932,37409,52809
1990-04-02,136.26,136.514,135.796,136.329,26304,51448
1990-04-03,136.26,136.63,136.144,136.375,17697,51721
1990-04-04,136.584,136.607,136.26,136.422,17089,52190
1990-04-05,136.422,136.491,136.352,136.422,11093,54802
1990-04-06,136.653,137.001,136.468,136.7,22929,58310
1990-04-09,137.094,137.256,136.723,136.816,18737,58252
1990-04-10,136.932,138.461,136.908,138.414,38359,63831
1990-04-11,138.414,138.739,138.252,138.646,34909,68863
1990-04-12,138.345,138.855,138.345,138.716,14396,69512
1990-04-16,138.299,138.322,137.603,138.183,19774,70058
1990-04-17,137.905,138.275,137.742,138.206,15394,69410
1990-04-18,138.02,138.947,137.812,138.901,36089,73369
1990-04-19,138.716,138.762,137.673,138.136,31207,69055
1990-04-20,137.858,138.09,137.001,137.488,33917,67304
1990-04-23,136.607,136.7,136.236,136.306,38954,63619
1990-04-24,136.584,136.955,136.375,136.561,30038,63238
1990-04-25,136.908,138.229,136.885,138.136,44604,63133
1990-04-26,138.322,138.368,137.719,137.974,33746,61800
1990-04-27,137.835,138.6,137.464,138.229,32972,65366
1990-04-30,137.881,138.345,137.627,138.136,22382,65896
1990-05-01,137.65,138.16,137.349,137.951,23708,62847
1990-05-02,137.488,137.905,137.418,137.511,19624,61952
1990-05-03,137.766,138.044,137.673,137.766,18180,62893
1990-05-04,137.951,139.364,137.905,139.295,50456,69138
1990-05-07,139.55,140.314,139.48,139.99,40240,73094
1990-05-08,139.99,140.106,139.573,139.944,31207,72708
1990-05-09,141.218,142.052,141.033,141.797,55068,78057
1990-05-10,141.426,141.959,141.056,141.913,29555,80044
1990-05-11,141.681,142.562,141.148,141.334,40315,77399
1990-05-14,141.079,141.241,140.639,141.172,29999,76984
1990-05-15,140.917,141.102,140.43,140.986,30384,74512
1990-05-16,140.708,141.334,140.639,140.87,24523,75886
1990-05-17,141.38,141.797,140.129,140.222,45436,73010
1990-05-18,140.407,140.824,140.198,140.708,24466,70382
1990-05-21,139.805,139.874,139.202,139.364,32955,66766
1990-05-22,138.461,138.994,138.368,138.484,47572,67330
1990-05-23,138.808,139.04,137.812,138.113,42739,67187
1990-05-24,138.461,138.785,137.418,137.557,42142,66541
1990-05-25,137.65,137.974,137.511,137.557,23520,65826
1990-05-29,138.692,138.855,138.067,138.299,29492,66730
1990-05-30,138.414,138.461,137.464,137.65,32875,68266
1990-05-31,137.001,137.047,136.306,136.491,45607,72909
1990-06-01,136.839,137.835,136.121,136.352,64275,73737
1990-06-04,136.306,137.024,136.005,136.932,38573,75188
1990-06-05,136.538,137.719,136.399,137.464,43426,74549
1990-06-06,137.395,137.534,137.001,137.21,30631,72087
1990-06-07,136.769,137.094,136.723,136.908,22468,73685
1990-06-08,136.677,136.769,136.144,136.422,34386,70059
1990-06-11,137.001,137.117,136.723,136.955,46517,72967
1990-06-12,137.001,137.163,136.399,136.584,37655,73498
1990-06-13,136.793,137.511,136.746,137.418,36988,71860
1990-06-14,137.511,137.65,136.561,136.654,40968,71609
1990-06-15,136.769,137.603,135.982,137.279,68377,75843
1990-06-18,137.256,138.576,137.233,138.182,55045,74669
1990-06-19,138.206,138.877,138.136,138.646,36361,48566
1990-06-20,138.136,138.182,137.557,138.113,34926,48198
1990-06-21,137.835,138.206,137.696,138.182,17370,47459
1990-06-22,137.928,138.53,137.789,138.368,17209,47000
1990-06-25,138.229,138.484,137.742,137.997,24798,50303
1990-06-26,138.043,139.318,137.742,139.271,56045,55416
1990-06-27,139.318,139.665,139.04,139.364,38478,55380
1990-06-28,138.924,139.271,138.391,138.53,29622,54282
1990-06-29,138.646,139.549,138.646,139.503,39745,55345
1990-07-02,140.105,140.314,139.711,140.267,31936,56341
1990-07-03,139.897,140.846,139.781,140.43,28435,57537
1990-07-05,140.36,140.731,139.874,140.198,28820,55862
1990-07-06,140.198,140.545,139.711,140.198,30733,57673
1990-07-09,140.615,140.823,140.059,140.198,26681,60262
1990-07-10,141.101,141.356,140.499,141.148,36921,62688
1990-07-11,140.708,140.754,140.198,140.499,25939,60681
1990-07-12,139.619,142.236,139.364,141.379,55066,60818
1990-07-13,140.823,141.379,140.291,140.337,28456,59983
1990-07-16,139.874,140.43,139.735,139.804,22073,60166
1990-07-17,140.383,141.009,140.036,140.893,26810,60583
1990-07-18,141.009,141.518,140.337,140.545,31464,59854
1990-07-19,140.8,141.263,140.708,141.101,15769,60425
1990-07-20,141.055,141.333,140.916,141.148,18447,64110
1990-07-23,141.449,143.047,141.379,142.955,47508,70651
1990-07-24,142.538,143.511,142.329,143.094,42003,71892
1990-07-25,142.653,143.395,142.399,142.538,32972,72288
1990-07-26,142.816,143.117,142.26,142.7,27232,74009
1990-07-27,142.839,143.928,142.839,143.742,32359,78504
1990-07-30,143.858,144.53,143.742,144.46,22709,76801
1990-07-31,145.225,146.151,145.063,146.036,42311,78953
1990-08-01,145.595,145.92,145.155,145.804,33843,76222
1990-08-02,143.302,146.29,143.094,145.433,51395,76330
1990-08-03,145.549,146.244,144.785,145.387,38260,75767
1990-08-06,147.402,147.588,146.406,146.731,33700,76329
1990-08-07,146.8,146.939,145.827,146.128,28984,76401
1990-08-08,144.97,145.734,144.46,145.549,32278,74114
1990-08-09,145.294,145.595,144.924,145.016,14968,72213
1990-08-10,144.924,146.082,144.808,145.758,26047,74396
1990-08-13,146.916,147.31,146.615,146.777,24875,71613
1990-08-14,146.916,148.19,146.823,148.074,30391,74020
1990-08-15,148.607,149.07,147.842,148.028,40546,70412
1990-08-16,148.167,149.348,147.75,149.302,35742,71570
1990-08-17,149.325,149.858,148.607,149.742,36797,72241
1990-08-20,148.792,148.839,147.866,147.912,36859,70371
1990-08-21,147.68,149.186,147.588,148.144,41989,71550
1990-08-22,148.723,149.441,148.537,148.723,33921,68692
1990-08-23,150.02,150.321,149.464,149.997,38668,70844
1990-08-24,148.862,149.626,148.468,148.537,35045,70068
1990-08-27,150.066,150.229,148.746,149.441,31616,69161
1990-08-28,149.649,149.649,148.862,148.908,30185,71859
1990-08-29,149.209,149.395,148.306,148.398,37001,72342
1990-08-30,147.727,148.144,147.402,147.889,37731,72606
1990-08-31,147.796,147.981,146.522,146.684,34676,72630
1990-09-04,147.101,147.194,146.059,146.638,39964,73973
1990-09-05,147.958,148.63,147.588,148.584,45555,71227
1990-09-06,149.047,149.047,148.468,148.931,39811,69517
1990-09-07,148.561,148.723,147.565,147.703,37364,69036
1990-09-10,146.984,147.031,146.126,146.335,47438,70475
1990-09-11,145.384,146.172,145.175,145.987,54778,70185
1990-09-12,146.404,146.52,145.476,145.546,47685,68030
1990-09-13,145.5,147.866,145.314,147.773,50000,66428
1990-09-14,147.796,148.887,147.077,147.935,59247,68130
1990-09-17,149.049,149.954,148.747,149.907,49018,68033
1990-09-18,149.281,150.209,149.026,149.188,37203,40784
1990-09-19,149.119,149.188,147.286,147.356,36481,39360
1990-09-20,147.286,147.495,146.312,147.124,25412,39444
1990-09-21,147.124,147.657,146.799,146.938,25435,40041
1990-09-24,148.307,149.095,147.773,149.095,38223,43217
1990-09-25,148.863,149.095,147.379,147.541,31025,42034
1990-09-26,147.611,148.399,147.356,148.075,29713,46369
1990-09-27,147.912,148.794,147.379,148.678,28880,46167
1990-09-28,148.144,148.376,147.727,147.796,15443,45433
1990-10-01,149.443,149.675,148.562,148.701,35008,45143
1990-10-02,148.747,149.513,148.678,149.467,25309,45157
1990-10-03,149.513,150.603,149.443,150.348,41480,60002
1990-10-04,151.276,151.369,150.673,150.974,41379,64165
1990-10-05,150.998,151.485,148.887,149.815,52538,60084
1990-10-08,151.206,151.369,150.812,151.322,22335,64723
1990-10-09,151.74,152.32,151.508,151.833,33545,66992
1990-10-10,151.81,152.088,151.485,151.81,27404,64447
1990-10-11,151.23,153.364,150.905,153.201,45084,64779
1990-10-12,152.506,152.923,151.833,152.134,31538,63080
1990-10-15,152.158,152.529,151.763,152.018,20437,64219
1990-10-16,151.926,153.805,151.879,153.526,45091,64200
1990-10-17,153.99,154.037,152.923,153.155,37760,62810
1990-10-18,153.573,155.081,153.109,154.918,42987,65750
1990-10-19,154.037,154.547,153.341,154.454,31197,64438
1990-10-22,153.805,153.874,152.25,152.436,36027,62467
1990-10-23,152.784,153.271,152.529,152.645,29585,61672
1990-10-24,152.761,154.106,152.668,153.781,33112,63700
1990-10-25,153.781,153.944,152.761,152.969,29084,62845
1990-10-26,152.993,153.271,152.598,152.923,21517,62530
1990-10-29,153.457,153.526,151.995,152.39,27382,62034
1990-10-30,152.39,153.503,151.601,153.225,46905,63746
1990-10-31,152.622,153.178,152.552,152.923,24231,63324
1990-11-01,152.622,154.477,152.552,154.269,49181,68981
1990-11-02,154.663,155.266,153.828,155.057,52175,71991
1990-11-05,155.197,156.287,154.872,156.008,40352,70026
1990-11-06,155.452,156.333,155.081,155.313,33699,69836
1990-11-07,156.055,156.797,155.707,155.846,29915,70350
1990-11-08,154.918,156.194,154.918,155.776,29621,72883
1990-11-09,155.452,156.008,155.429,155.869,21057,74586
1990-11-12,156.82,156.89,156.38,156.867,16626,76985
1990-11-13,156.635,157.122,156.426,156.797,27025,81203
1990-11-14,157.029,157.725,157.029,157.632,33183,85292
1990-11-15,157.099,157.331,156.867,157.192,22219,84902
1990-11-16,156.89,158.05,156.728,157.679,26936,87014
1990-11-19,157.98,158.236,157.052,157.54,34506,81853
1990-11-20,157.076,157.47,156.82,157.261,24038,82469
1990-11-21,157.052,157.192,156.426,157.029,21095,82127
1990-11-23,156.24,156.333,155.869,156.032,23794,76236
1990-11-26,155.545,156.171,155.22,155.985,35014,75069
1990-11-27,155.846,157.261,155.8,156.797,28498,76735
1990-11-28,156.96,157.192,156.032,156.148,30705,75876
1990-11-29,155.985,156.217,153.109,153.851,59706,73041
1990-11-30,154.361,155.313,153.921,154.895,37833,72210
1990-12-03,153.944,154.129,152.969,153.225,59257,74751
1990-12-04,154.176,154.918,153.967,154.245,44546,73903
1990-12-05,155.173,155.197,154.176,154.756,43444,76469
1990-12-06,155.545,156.217,155.289,155.73,39332,79139
1990-12-07,156.24,157.702,156.124,157.656,66326,82056
1990-12-10,158.005,158.191,157.167,157.539,57271,85419
1990-12-11,157.376,157.725,156.398,156.678,43594,85185
1990-12-12,157.236,157.353,156.631,157.05,30020,85801
1990-12-13,157.283,157.399,156.445,156.794,27466,84918
1990-12-14,156.328,156.584,155.676,156.026,35314,82839
1990-12-17,155.979,156.072,155.607,155.886,24122,78892
1990-12-18,155.816,156.584,155.816,156.189,16829,43573
1990-12-19,156.864,157.004,156.584,156.887,18372,44971
1990-12-20,155.257,155.537,153.464,153.534,49038,45917
1990-12-21,153.022,153.208,150.764,151.509,47744,49350
1990-12-24,150.531,150.717,149.762,150.228,15966,50042
1990-12-26,151.276,151.741,150.74,150.81,13864,50534
1990-12-27,151.415,151.974,151.159,151.881,12661,50207
1990-12-28,153.674,155.537,153.558,155.374,28686,44257
1990-12-31,154.908,155.956,154.745,155.816,9749,42712
1991-01-02,155.537,156.259,155.118,155.886,30586,43817
1991-01-03,155.257,155.676,155.071,155.49,21599,44555
1991-01-04,155.607,155.816,153.674,154.023,40954,46990
1991-01-07,150.973,151.811,150.88,151.113,37755,50809
1991-01-08,151.159,151.718,150.321,150.391,37510,50190
1991-01-09,152.626,153.558,150.461,150.833,39814,50996
1991-01-10,151.835,151.835,151.206,151.648,24841,48733
1991-01-11,151.089,151.998,150.787,151.672,21886,50467
1991-01-14,149.646,150.81,149.506,149.995,35533,53585
1991-01-15,150.67,150.67,150.018,150.438,28744,55224
1991-01-16,150.414,150.717,149.949,150.228,19565,55868
1991-01-17,152.673,154.233,152.067,154.163,41750,54610
1991-01-18,153.162,155.374,153.162,155.304,31239,51008
1991-01-21,154.698,156.142,154.652,156.049,24383,49612
1991-01-22,156.072,156.235,154.885,155.164,35372,48725
1991-01-23,155.048,156.771,155.024,156.631,33281,49766
1991-01-24,156.515,156.98,156.072,156.305,30117,49839
1991-01-25,156.445,156.584,155.397,155.607,23614,50366
1991-01-28,156.119,156.259,155.746,156.119,15473,50252
1991-01-29,156.398,156.445,155.024,155.141,32194,56459
1991-01-30,155.467,156.096,154.745,155.723,35259,54570
1991-01-31,156.608,157.632,156.212,157.586,54085,60217
1991-02-01,156.887,158.657,156.841,158.191,47794,65557
1991-02-04,159.262,159.355,157.819,158.657,38486,68597
1991-02-05,158.75,159.448,158.494,159.379,34826,72181
1991-02-06,159.542,160.496,159.006,160.426,39010,77100
1991-02-07,159.821,160.543,159.402,159.565,33872,77167
1991-02-08,159.239,159.681,158.843,159.495,38063,83435
1991-02-11,159.658,160.939,159.588,160.613,38815,87573
1991-02-12,159.542,160.1,159.402,159.891,30037,87715
1991-02-13,159.495,159.844,158.447,158.587,41361,77415
1991-02-14,158.773,159.006,158.051,158.424,32451,77696
1991-02-15,157.423,157.888,156.584,157.213,36359,74742
1991-02-19,155.979,156.538,155.35,155.583,43261,70890
1991-02-20,155.816,156.002,154.885,155.327,39758,69910
1991-02-21,155.863,156.468,155.42,155.956,27814,67291
1991-02-22,155.863,156.049,154.14,154.349,38325,65934
1991-02-25,153.441,153.488,152.487,152.719,43168,67400
1991-02-26,152.37,153.138,151.951,152.673,44613,67724
1991-02-27,152.556,153.371,152.277,152.719,40545,68791
1991-02-28,153.022,153.185,152.091,152.463,35940,68685
1991-03-01,151.322,152.067,151.066,151.136,41314,67769
1991-03-04,151.229,151.974,151.089,151.811,39567,66498
1991-03-05,152.3,152.696,150.787,150.857,49368,68998
1991-03-06,150.74,151.415,149.855,151.159,54487,68674
1991-03-07,150.81,151.043,150.042,150.531,38415,68425
1991-03-08,149.406,150.039,148.165,148.282,59646,75866
1991-03-11,147.907,148.071,146.572,147.087,70614,83280
1991-03-12,148.469,148.563,147.509,147.837,47336,86117
1991-03-13,147.766,148.094,147.064,148.048,43752,88570
1991-03-14,147.743,147.884,146.619,147.134,40662,91918
1991-03-15,146.619,146.736,144.417,144.698,59119,91408
1991-03-18,143.901,144.065,142.027,142.871,55584,88342
1991-03-19,142.285,142.426,138.795,141.512,59694,56003
1991-03-20,140.247,141.957,139.966,141.746,43964,53427
1991-03-21,142.66,143.035,141.816,142.683,38536,54587
1991-03-22,141.489,142.098,140.903,141.653,30739,56478
1991-03-25,139.193,139.849,137.787,138.022,54220,61974
1991-03-26,137.834,138.162,136.991,137.858,48965,64383
1991-03-27,136.218,136.85,135.562,135.984,47023,65750
1991-03-28,135.679,136.85,135.468,136.499,30150,63338
1991-04-01,137.904,139.029,137.577,138.959,29851,62541
1991-04-02,137.647,139.872,137.272,139.778,50859,60882
1991-04-03,139.169,140.036,138.748,139.076,43301,61750
1991-04-04,138.56,140.388,138.49,139.708,47143,60879
1991-04-05,139.544,140.786,138.186,138.232,47014,65216
1991-04-08,137.998,138.326,137.436,137.553,29562,65003
1991-04-09,138.818,139.896,138.56,139.732,43827,67378
1991-04-10,139.521,139.685,137.975,138.396,43891,70070
1991-04-11,138.607,139.942,138.092,139.31,44430,71737
1991-04-12,139.24,139.755,137.694,138.162,43120,74372
1991-04-15,138.841,139.872,138.841,139.755,42456,71302
1991-04-16,140.224,140.505,139.404,140.036,35688,71968
1991-04-17,139.966,140.247,139.287,139.966,32368,71706
1991-04-18,138.42,139.099,136.522,136.874,58387,74521
1991-04-19,135.351,136.007,134.11,134.297,59954,80989
1991-04-22,132.236,133.009,131.72,132.282,58118,78434
1991-04-23,132.751,134.156,132.61,133.969,49754,77676
1991-04-24,134.414,134.531,132.657,133.383,48355,78205
1991-04-25,132.587,133.805,132.118,133.383,44255,78070
1991-04-26,133.243,133.641,132.751,133.43,28057,76703
1991-04-29,131.814,133.758,131.205,133.079,58895,77656
1991-04-30,134.625,136.803,134.227,136.593,70691,81160
1991-05-01,137.483,137.975,135.913,136.452,64468,80162
1991-05-02,135.164,135.843,134.929,135.539,44051,77271
1991-05-03,136.288,136.405,133.055,133.337,52319,78362
1991-05-06,133.899,135.211,133.547,134.742,34992,76555
1991-05-07,135.304,136.007,134.742,135.843,41678,78090
1991-05-08,134.859,135.304,134.625,134.859,30139,78248
1991-05-09,134.039,135.117,133.618,134.859,32895,79260
1991-05-10,134.765,135.749,134.484,135.515,38654,81547
1991-05-13,135.492,136.991,135.375,136.429,45768,80297
1991-05-14,136.101,138.092,135.492,137.623,59113,78691
1991-05-15,137.834,138.935,137.811,138.677,53687,78053
1991-05-16,138.279,138.42,137.577,137.975,34174,78145
1991-05-17,137.178,137.881,133.992,134.602,73140,81778
1991-05-20,134.32,135.539,133.946,134.976,49124,80649
1991-05-21,136.288,136.85,135.82,136.476,38241,79109
1991-05-22,136.241,136.335,135.515,135.796,26996,78931
1991-05-23,135.281,136.757,135.093,136.546,41882,79162
1991-05-24,137.061,137.225,136.522,137.108,20010,78083
1991-05-28,136.663,138.279,136.639,138.068,31963,78810
1991-05-29,137.928,138.303,136.054,136.546,53552,78875
1991-05-30,136.71,137.155,135.773,135.96,37720,79519
1991-05-31,135.562,135.796,134.227,134.274,54960,81975
1991-06-03,133.36,134.25,133.126,133.899,59639,87983
1991-06-04,133.547,134.672,133.43,134.133,47018,87507
1991-06-05,133.688,134.227,133.173,133.782,49650,90834
1991-06-06,133.711,133.922,133.266,133.477,39238,90573
1991-06-07,133.219,133.266,131.908,132.142,68191,95532
1991-06-10,132.26,132.59,132.047,132.519,55168,92588
1991-06-11,132.26,132.496,131.835,132.024,54578,94007
1991-06-12,131.481,131.623,130.514,130.82,65483,100066
1991-06-13,129.9,130.891,129.452,130.608,82397,94927
1991-06-14,130.018,131.292,129.9,130.561,52071,92708
1991-06-17,130.301,130.537,130.089,130.419,37353,90479
1991-06-18,129.121,129.711,128.909,129.003,49165,62694
1991-06-19,129.381,131.151,129.381,130.915,53529,61247
1991-06-20,130.726,131.245,130.301,130.82,44465,60455
1991-06-21,130.278,130.372,129.877,130.183,28355,61687
1991-06-24,130.372,131.741,130.372,131.552,44754,62497
1991-06-25,130.608,130.938,130.065,130.608,38336,61810
1991-06-26,130.655,131.576,130.608,131.127,36981,62643
1991-06-27,130.231,131.127,130.042,130.514,31145,62512
1991-06-28,129.239,129.853,128.602,129.357,42679,64390
1991-07-01,129.381,129.664,128.13,128.225,54777,72207
1991-07-02,128.225,128.461,127.446,127.706,37833,72526
1991-07-03,127.989,128.862,127.918,128.154,31791,70947
1991-07-05,127.894,128.602,127.564,128.461,23720,71157
1991-07-08,129.499,130.018,129.192,129.877,37583,69992
1991-07-09,129.357,129.523,128.956,129.098,33248,69157
1991-07-10,128.744,129.735,128.673,129.428,34677,69907
1991-07-11,129.57,129.593,127.753,127.942,42811,68042
1991-07-12,128.98,131.552,128.956,131.34,74498,67182
1991-07-15,130.797,131.505,130.75,131.41,37138,66101
1991-07-16,131.009,131.056,130.301,130.514,28677,64613
1991-07-17,130.561,131.434,130.537,131.104,30905,67285
1991-07-18,132.59,133.086,132.165,132.378,53794,65699
1991-07-19,133.723,134.549,133.345,134.525,50170,66030
1991-07-22,133.652,134.053,133.109,133.345,37129,66421
1991-07-23,132.944,133.982,132.944,133.699,37439,67247
1991-07-24,134.266,135.776,134.242,135.186,46230,65984
1991-07-25,134.478,134.761,132.991,133.416,43444,65552
1991-07-26,134.62,135.681,134.572,134.785,37853,67679
1991-07-29,134.454,134.62,133.935,134.407,26140,65977
1991-07-30,134.62,135.044,133.982,134.006,30550,68681
1991-07-31,134.549,135.162,134.266,134.808,35157,68648
1991-08-01,134.478,134.549,133.44,133.746,34643,65399
1991-08-02,133.109,135.681,133.086,134.95,55718,68875
1991-08-05,135.469,137.026,135.28,136.979,51429,71545
1991-08-06,137.451,137.852,136.908,137.663,48871,74520
1991-08-07,137.026,137.616,136.578,137.475,36784,76229
1991-08-08,137.168,137.262,136.342,136.979,49204,75542
1991-08-09,136.908,137.522,135.799,136.012,45874,73020
1991-08-12,136.153,136.578,135.516,136.389,25199,77649
1991-08-13,136.271,136.271,135.611,135.776,28357,76851
1991-08-14,135.162,135.681,135.021,135.375,29168,74582
1991-08-15,135.681,136.625,134.148,134.478,57234,75327
1991-08-16,134.36,134.761,133.322,133.345,60994,72433
1991-08-19,129.216,129.971,129.051,129.145,76731,74384
1991-08-20,130.608,131.198,129.711,130.632,65683,74532
1991-08-21,132.897,135.799,132.732,135.422,72681,75813
1991-08-22,135.186,136.578,135.115,136.13,52844,74932
1991-08-23,135.917,136.224,134.218,134.761,39626,75147
1991-08-26,134.454,134.95,134.313,134.808,16065,73876
1991-08-27,134.502,134.903,134.454,134.525,17809,73063
1991-08-28,134.1,135.799,134.03,135.375,39385,73280
1991-08-29,135.799,136.271,134.761,135.068,40807,73686
1991-08-30,135.257,135.823,134.36,134.926,33948,74242
1991-09-03,135.422,135.87,135.115,135.658,28837,74846
1991-09-04,135.823,136.035,135.445,135.729,31020,73616
1991-09-05,135.634,135.705,135.327,135.681,25850,72531
1991-09-06,135.823,137.498,135.375,137.404,66854,77429
1991-09-09,138.213,139.57,138.047,139.308,78995,90543
1991-09-10,139.237,139.594,138.761,139.189,54568,89379
1991-09-11,138.975,139.284,138.499,139.189,41010,89747
1991-09-12,139.689,140.712,139.427,140.379,54613,90449
1991-09-13,139.498,140.474,138.642,139.903,69014,85730
1991-09-16,139.855,141.212,139.855,140.831,54104,85440
1991-09-17,141.188,141.522,140.617,141.069,48302,53896
1991-09-18,139.903,140.427,139.141,139.951,38970,52926
1991-09-19,140.07,140.308,139.403,139.736,33537,52378
1991-09-20,139.094,140.284,138.88,140.046,39130,54191
1991-09-23,141.069,141.522,140.831,141.188,37217,54204
1991-09-24,140.926,141.95,139.951,140.236,50575,58156
1991-09-25,140.593,140.712,140.022,140.308,37464,56364
1991-09-26,140.403,141.022,139.76,139.998,44184,56528
1991-09-27,140.07,141.45,139.784,141.236,46780,54897
1991-09-30,141.926,142.212,141.736,141.926,32815,54198
1991-10-01,141.569,141.855,141.307,141.617,35423,53538
1991-10-02,142.164,142.331,141.45,141.712,32453,58371
1991-10-03,142.164,142.331,141.617,141.974,26484,56665
1991-10-04,141.95,142.259,139.951,140.593,62321,54341
1991-10-07,140.736,140.784,140.308,140.474,29937,56289
1991-10-08,139.832,140.189,138.975,139.07,51937,57045
1991-10-09,138.642,140.07,138.475,139.951,53441,56798
1991-10-10,140.379,140.403,139.046,139.522,41472,58379
1991-10-11,139.57,140.141,138.689,139.808,45689,58914
1991-10-14,139.641,139.641,139.022,139.046,12422,58355
1991-10-15,138.356,138.57,137.88,138.118,51411,60249
1991-10-16,138.689,139.118,138.451,138.499,33283,60767
1991-10-17,138.951,139.237,138.475,138.999,34221,62613
1991-10-18,139.498,140.355,139.498,140.331,37301,59922
1991-10-21,140.379,140.379,139.641,139.808,34876,59606
1991-10-22,139.403,139.808,139.284,139.403,36501,59878
1991-10-23,138.618,138.903,138.166,138.237,42400,61695
1991-10-24,138.999,139.641,138.88,139.046,44206,60212
1991-10-25,139.237,139.498,138.999,139.213,19751,59357
1991-10-28,138.523,138.761,137.428,137.785,51519,63227
1991-10-29,138.38,140.784,137.975,140.355,86814,60929
1991-10-30,140.855,142.045,140.379,141.545,70231,61918
1991-10-31,141.403,142.236,141.212,141.664,44766,63371
1991-11-01,141.998,144.187,141.998,144.092,77983,72026
1991-11-04,144.544,145.472,144.473,144.83,64821,75885
1991-11-05,143.925,144.925,143.806,144.497,53122,77755
1991-11-06,144.687,145.425,144.044,144.497,51359,80389
1991-11-07,144.901,145.853,144.211,144.425,59772,78285
1991-11-08,143.616,144.687,143.616,144.14,47421,83757
1991-11-11,143.902,144.806,143.854,144.735,20559,80814
1991-11-12,145.115,145.306,144.544,144.735,36905,79626
1991-11-13,144.901,145.377,144.235,144.901,47114,82644
1991-11-14,145.211,145.901,145.139,145.592,48385,86420
1991-11-15,145.377,145.83,144.711,145.782,49121,85691
1991-11-18,148.186,148.4,147.281,147.329,72530,87157
1991-11-19,147.71,149.233,147.472,148.924,74418,87966
1991-11-20,147.995,148.448,147.638,148.114,39690,86313
1991-11-21,147.876,148.971,147.876,148.448,53705,90498
1991-11-22,149.566,150.423,149.304,149.971,60882,95302
1991-11-25,150.042,150.138,149.257,149.519,43606,95573
1991-11-26,148.995,150.471,145.901,146.615,76450,95513
1991-11-27,147.543,147.686,146.52,146.686,51096,93249
1991-11-29,145.52,146.544,145.496,146.234,35897,90097
1991-12-02,147.781,148.138,147.234,147.258,47281,88921
1991-12-03,147.329,147.615,146.924,147.448,37474,89168
1991-12-04,148.019,148.495,146.996,148.114,51831,89596
1991-12-05,148.995,149.971,148.424,149.804,66985,90930
1991-12-06,149.947,151.732,149.9,151.637,64785,89210
1991-12-09,151.035,151.733,150.963,151.179,65030,99644
1991-12-10,150.698,151.276,149.879,150.818,66318,103467
1991-12-11,149.541,150.938,149.324,150.553,62250,101439
1991-12-12,151.107,151.42,150.071,150.216,46772,98341
1991-12-13,149.614,150.553,149.541,149.638,45104,95611
1991-12-16,150.457,151.107,150.433,150.842,31434,93693
1991-12-17,151.3,151.83,150.649,151.083,28990,54521
1991-12-18,151.685,151.733,151.035,151.541,25038,54686
1991-12-19,152.336,152.962,151.902,152.865,32899,57421
1991-12-20,152.962,155.563,152.962,155.154,35798,56149
1991-12-23,156.768,158.093,156.503,157.394,31314,56992
1991-12-24,156.599,156.864,155.852,156.816,13458,54809
1991-12-26,157.9,158.069,157.442,157.9,10304,54177
1991-12-27,157.105,157.442,156.262,156.696,16461,54283
1991-12-30,156.912,157.226,156.623,156.84,12597,53562
1991-12-31,157.009,157.226,156.455,156.84,10950,54472
1992-01-02,157.057,157.659,155.178,155.949,42814,52468
1992-01-03,154.552,154.937,153.757,154.407,46034,52391
1992-01-06,156.214,157.298,156.093,157.129,49510,60674
1992-01-07,157.177,157.78,156.455,157.635,43094,63008
1992-01-08,157.611,158.382,156.864,158.213,48488,65040
1992-01-09,156.455,156.599,151.517,153.058,86910,58593
1992-01-10,153.106,153.13,150.119,150.722,65368,58226
1992-01-13,151.565,151.854,150.963,151.252,39923,57886
1992-01-14,151.998,152.456,149.349,149.614,57700,60362
1992-01-15,147.59,147.903,146.097,146.819,73897,59807
1992-01-16,148.0,148.337,146.819,147.542,51691,55570
1992-01-17,146.964,150.36,145.976,150.264,63501,60020
1992-01-20,150.408,150.481,149.349,150.119,31124,54813
1992-01-21,150.36,151.348,149.782,150.433,36483,57738
1992-01-22,150.818,151.083,149.589,150.071,40143,61984
1992-01-23,150.143,150.505,147.855,148.722,41164,63098
1992-01-24,148.385,151.998,148.313,149.927,40801,61612
1992-01-27,148.867,149.204,147.759,148.481,41146,62548
1992-01-28,148.746,150.192,148.746,149.3,30925,63636
1992-01-29,150.601,151.155,148.77,149.252,52395,65300
1992-01-30,149.276,150.071,147.108,148.168,54467,66816
1992-01-31,148.265,149.951,147.47,148.265,37726,67001
1992-02-03,149.108,150.023,148.867,149.397,32256,64624
1992-02-04,149.927,151.035,149.83,150.553,46407,63752
1992-02-05,151.131,151.589,150.36,151.348,44820,64130
1992-02-06,151.974,152.239,151.3,151.782,41958,62068
1992-02-07,151.589,153.805,151.372,153.636,59135,62524
1992-02-10,152.817,152.962,151.685,151.926,42969,64311
1992-02-11,150.89,151.252,150.071,150.168,46822,65487
1992-02-12,149.83,149.951,148.65,149.011,52099,65662
1992-02-13,149.614,149.638,147.229,147.735,56537,66513
1992-02-14,147.711,148.578,146.338,147.831,41382,69406
1992-02-18,145.543,146.145,145.229,145.687,51362,73147
1992-02-19,145.735,146.217,145.302,145.976,41584,71859
1992-02-20,144.989,146.265,144.651,145.832,44819,73690
1992-02-21,145.157,146.048,144.964,145.085,35756,73880
1992-02-24,144.94,145.952,144.94,145.326,40160,74197
1992-02-25,145.735,147.301,144.651,144.724,65304,76248
1992-02-26,144.964,145.952,144.41,145.928,45299,74160
1992-02-27,146.892,147.036,145.591,146.892,46383,74623
1992-02-28,146.747,147.301,146.338,146.723,35133,75349
1992-03-02,147.084,147.349,145.928,146.338,42870,78419
1992-03-03,145.205,145.422,144.627,144.916,54188,81211
1992-03-04,144.627,144.964,143.64,144.097,62525,84268
1992-03-05,143.519,144.097,143.158,143.832,63877,85739
1992-03-06,144.242,145.494,143.086,144.314,70719,85210
1992-03-09,144.436,144.9,144.265,144.778,40655,88370
1992-03-10,144.729,144.778,143.85,144.094,69480,95452
1992-03-11,143.728,144.973,143.655,144.924,63622,90897
1992-03-12,144.436,144.607,143.46,144.314,57134,95176
1992-03-13,144.412,144.851,144.143,144.412,47380,97465
1992-03-16,144.485,145.071,144.436,144.924,35359,96305
1992-03-17,145.339,146.56,144.924,146.34,53019,59415
1992-03-18,145.95,146.34,145.584,145.779,33628,57524
1992-03-19,144.778,144.998,143.997,144.241,43708,58623
1992-03-20,143.826,144.583,142.947,144.119,44435,65491
1992-03-23,144.461,144.9,144.265,144.534,31202,61027
1992-03-24,144.998,145.193,144.509,144.973,31863,59166
1992-03-25,145.584,146.218,145.486,145.95,38840,59245
1992-03-26,145.755,146.048,145.071,145.144,36851,60897
1992-03-27,145.559,147.219,145.51,147.122,51995,63193
1992-03-30,146.487,146.878,145.901,146.78,38511,62730
1992-03-31,146.804,147.097,146.243,146.829,36151,64946
1992-04-01,145.974,146.34,145.681,146.121,39466,65477
1992-04-02,146.292,147.097,146.292,146.829,34514,67719
1992-04-03,147.659,148.88,147.439,148.611,61049,72607
1992-04-06,148.88,149.27,148.513,148.684,44316,75112
1992-04-07,148.22,148.904,148.172,148.806,34062,74494
1992-04-08,148.831,148.928,148.245,148.489,40452,74391
1992-04-09,147.83,149.881,147.708,149.661,68469,80674
1992-04-10,148.806,149.051,147.488,147.586,55323,77429
1992-04-13,146.389,146.878,146.218,146.365,20389,77403
1992-04-14,146.56,147.171,146.121,146.365,41651,74836
1992-04-15,146.316,146.682,145.388,145.535,56556,78580
1992-04-16,145.974,145.974,144.68,144.998,47621,78245
1992-04-20,144.778,145.462,144.412,145.437,25874,76421
1992-04-21,145.51,145.584,144.876,144.998,40016,74927
1992-04-22,145.169,145.877,145.071,145.584,40703,75301
1992-04-23,145.486,146.194,145.095,145.657,41048,77154
1992-04-24,146.707,147.219,146.438,146.804,38683,75301
1992-04-27,146.414,146.853,146.194,146.633,28955,75295
1992-04-28,145.925,146.633,145.632,146.536,30329,72653
1992-04-29,146.487,146.511,146.048,146.218,20731,75052
1992-04-30,146.023,147.366,145.925,146.951,36687,74784
1992-05-01,147.073,147.927,146.975,147.732,35259,74652
1992-05-04,147.097,147.781,146.853,147.293,33780,75937
1992-05-05,147.757,148.245,147.634,148.196,34788,76742
1992-05-06,148.318,149.197,148.172,149.051,40681,77536
1992-05-07,148.684,148.953,148.025,148.098,34939,78667
1992-05-08,148.855,149.124,147.219,147.683,52701,78704
1992-05-11,147.757,148.196,147.61,148.147,26095,82033
1992-05-12,148.831,149.734,148.782,149.49,58882,84904
1992-05-13,150.125,151.028,149.466,150.955,62753,87553
1992-05-14,150.589,151.126,150.32,150.906,44693,86152
1992-05-15,150.125,151.321,150.125,150.882,39726,88153
1992-05-18,152.029,152.493,151.931,152.346,39518,89093
1992-05-19,152.713,153.152,152.542,152.786,37345,90402
1992-05-20,152.42,152.737,151.516,151.712,40039,92482
1992-05-21,150.808,150.882,150.369,150.662,43355,90763
1992-05-22,149.881,150.589,149.807,150.296,34439,89128
1992-05-26,151.419,151.541,150.784,150.979,39229,92188
1992-05-27,149.246,149.441,148.465,148.635,54798,90522
1992-05-28,149.368,149.734,149.148,149.661,34141,87818
1992-05-29,151.199,151.907,150.906,151.541,40435,89035
1992-06-01,152.151,152.2,150.857,151.956,55577,89547
1992-06-02,150.979,152.053,150.833,151.419,48186,84969
1992-06-03,151.541,152.078,151.297,152.029,47925,87630
1992-06-04,151.614,152.664,151.541,152.371,54493,87792
1992-06-05,153.03,154.007,152.713,153.347,51114,88280
1992-06-08,153.372,153.62,153.174,153.546,45962,93343
1992-06-09,153.843,154.115,153.001,153.199,53915,89726
1992-06-10,152.778,153.347,152.778,153.075,37357,87174
1992-06-11,153.496,154.833,153.323,154.685,56842,86805
1992-06-12,155.007,155.502,154.511,154.784,50119,84200
1992-06-15,155.527,155.7,154.784,155.428,37241,81625
1992-06-16,155.18,156.195,154.932,156.146,37248,55414
1992-06-17,155.403,155.576,154.536,155.254,36226,54953
1992-06-18,155.329,156.27,155.205,155.948,36742,55704
1992-06-19,155.675,155.923,155.131,155.23,32737,56726
1992-06-22,155.428,156.171,155.428,155.824,25343,57120
1992-06-23,156.369,156.592,155.849,156.146,30981,59170
1992-06-24,156.592,157.88,156.542,157.607,42722,60452
1992-06-25,158.35,159.044,158.127,158.845,48613,64490
1992-06-26,158.424,159.539,158.152,159.365,33534,64675
1992-06-29,160.926,161.57,160.554,161.223,41765,65078
1992-06-30,160.207,160.752,159.836,160.579,32349,63171
1992-07-01,161.371,161.966,160.356,160.777,38568,64204
1992-07-02,161.025,163.204,160.752,161.991,42484,64590
1992-07-06,161.619,162.065,161.57,161.892,36206,72740
1992-07-07,163.774,164.467,163.006,164.418,51851,72561
1992-07-08,163.848,164.69,163.08,164.616,67661,74321
1992-07-09,162.907,163.006,161.0,161.916,63102,75413
1992-07-10,162.659,164.046,162.659,163.798,42238,75758
1992-07-13,165.359,166.126,165.012,165.928,43065,78347
1992-07-14,165.086,165.433,164.294,165.161,39200,77605
1992-07-15,165.383,166.003,165.309,165.483,39637,75925
1992-07-16,165.681,166.919,164.938,166.225,56766,80110
1992-07-17,166.869,168.355,166.671,168.108,45149,82020
1992-07-20,169.024,169.47,163.798,164.467,62253,81919
1992-07-21,164.74,165.284,163.328,164.764,61902,83023
1992-07-22,165.086,165.284,164.021,165.037,37597,81706
1992-07-23,164.863,165.804,164.715,165.309,29329,82209
1992-07-24,165.26,165.334,163.031,163.427,44321,84024
1992-07-27,165.383,165.928,165.111,165.804,37154,82577
1992-07-28,166.3,167.018,165.433,166.77,38591,84639
1992-07-29,166.671,166.746,165.359,165.78,36782,88613
1992-07-30,165.582,165.928,164.69,165.854,37316,91059
1992-07-31,166.225,166.795,165.705,166.671,34144,91191
1992-08-03,166.25,166.721,165.904,166.671,25231,88011
1992-08-04,166.399,166.845,166.201,166.498,24225,87210
1992-08-05,166.374,166.671,165.532,165.681,23796,92427
1992-08-06,165.656,166.622,165.433,166.547,30101,93951
1992-08-07,166.721,168.207,166.102,167.885,58967,94289
1992-08-10,167.489,168.231,167.34,168.132,25287,91691
1992-08-11,167.167,167.959,166.473,167.91,38627,89728
1992-08-12,167.538,168.38,167.365,168.281,30845,87944
1992-08-13,168.454,169.395,167.711,169.272,37623,86608
1992-08-14,168.331,168.38,167.538,168.157,44712,90012
1992-08-17,167.984,168.652,167.761,168.256,24864,87957
1992-08-18,168.752,169.247,168.727,169.148,19228,88486
1992-08-19,168.999,169.792,168.702,169.742,34060,90152
1992-08-20,169.767,170.535,169.594,170.485,30852,91856
1992-08-21,170.089,173.11,169.024,172.64,57410,92974
1992-08-24,173.531,176.305,173.531,175.909,65310,98524
1992-08-25,175.438,176.949,175.191,176.28,48748,97556
1992-08-26,175.587,176.206,175.116,175.562,34857,96091
1992-08-27,174.695,175.513,174.175,175.364,50923,103841
1992-08-28,175.612,176.181,175.265,175.364,40602,101043
1992-08-31,175.339,176.503,175.24,176.156,33003,103224
1992-09-01,177.073,177.89,176.206,177.791,45360,104166
1992-09-02,177.766,178.212,177.048,177.593,39770,103142
1992-09-03,177.147,177.37,174.472,174.968,67398,105756
1992-09-04,173.209,177.197,173.16,176.28,65464,111698
1992-09-08,177.362,178.017,177.211,177.488,68437,110243
1992-09-09,175.903,176.406,175.022,175.123,78675,110429
1992-09-10,174.896,176.205,174.015,174.317,75189,108114
1992-09-11,172.355,172.631,170.19,170.996,91942,106398
1992-09-14,167.221,167.473,165.459,166.592,70772,94471
1992-09-15,168.454,169.058,166.013,166.063,59489,53490
1992-09-16,165.635,166.466,162.188,165.459,66343,52144
1992-09-17,165.963,168.278,165.661,167.322,47220,53305
1992-09-18,166.34,166.718,165.283,165.334,33794,55122
1992-09-21,167.07,167.951,165.711,167.447,43424,57616
1992-09-22,169.083,169.133,166.088,166.642,53301,62289
1992-09-23,164.377,166.592,164.0,166.189,51828,64414
1992-09-24,167.296,168.076,165.761,167.598,39811,67779
1992-09-25,168.63,169.284,167.095,168.127,40139,67105
1992-09-28,170.517,171.675,170.014,171.147,47217,64402
1992-09-29,174.544,176.23,173.311,176.104,76081,64743
1992-09-30,176.658,176.658,174.997,175.903,50036,66474
1992-10-01,175.903,176.532,174.141,174.569,46441,68833
1992-10-02,175.248,177.161,173.16,176.909,55155,71337
1992-10-05,177.916,179.099,174.77,175.399,61954,74688
1992-10-06,175.374,175.374,173.663,174.393,42786,72266
1992-10-07,174.846,175.223,171.625,171.725,44990,72701
1992-10-08,169.31,170.366,167.774,167.85,71596,72472
1992-10-09,168.328,168.882,166.793,167.523,61237,76192
1992-10-12,168.479,169.863,168.479,169.813,27035,87506
1992-10-13,168.102,170.417,167.749,169.838,45802,89493
1992-10-14,169.788,170.97,169.31,170.492,43995,91543
1992-10-15,171.7,172.455,170.92,171.524,47636,91763
1992-10-16,170.467,171.474,168.253,168.731,54633,94562
1992-10-19,168.026,168.806,166.843,166.919,53995,93127
1992-10-20,165.334,165.661,163.597,164.629,73779,92171
1992-10-21,164.73,166.038,164.1,164.302,48078,90848
1992-10-22,165.434,165.988,164.654,165.635,45991,91707
1992-10-23,164.277,164.428,162.54,163.32,64173,97232
1992-10-26,162.012,163.018,161.81,162.666,49054,97552
1992-10-27,162.465,163.673,161.609,163.622,44765,96656
1992-10-28,162.792,163.22,160.904,161.634,48256,102913
1992-10-29,161.911,162.993,161.634,162.465,37910,101758
1992-10-30,162.515,162.817,161.685,162.238,31192,101633
1992-11-02,160.955,161.005,159.042,159.294,62471,108824
1992-11-03,159.344,160.577,159.193,159.42,42404,108964
1992-11-04,160.099,160.779,158.539,158.564,56161,113020
1992-11-05,158.262,158.765,157.86,158.061,49952,116019
1992-11-06,157.91,158.287,156.626,156.702,48109,115372
1992-11-09,157.23,158.136,156.425,156.475,51569,122096
1992-11-10,156.501,157.256,155.922,156.626,52063,121328
1992-11-11,156.979,158.086,156.928,157.759,28543,121365
1992-11-12,157.709,158.614,157.407,158.539,42140,122642
1992-11-13,159.747,160.275,158.942,159.546,52400,125001
1992-11-16,157.96,157.96,156.979,157.205,49412,131466
1992-11-17,156.123,157.356,156.073,157.331,55235,128153
1992-11-18,158.136,158.212,156.727,157.683,44935,129429
1992-11-19,158.463,159.797,157.205,159.395,54886,127148
1992-11-20,158.011,158.438,155.519,155.821,65831,138145
1992-11-23,156.022,157.205,156.022,156.928,49118,142117
1992-11-24,156.576,157.155,156.022,156.979,45004,139415
1992-11-25,157.759,158.162,157.029,157.834,32964,138011
1992-11-27,156.425,157.13,156.249,156.828,23262,140092
1992-11-30,156.903,157.86,156.903,157.784,37116,139008
1992-12-01,157.558,160.301,157.381,159.772,82791,126071
1992-12-02,159.546,160.2,159.067,159.621,63737,125634
1992-12-03,158.841,159.344,158.489,158.64,38918,124845
1992-12-04,159.143,159.369,157.281,157.759,79266,130384
1992-12-07,159.344,161.886,159.344,161.307,105871,150253
1992-12-08,161.894,162.047,160.721,161.537,102043,152325
1992-12-09,159.751,160.517,159.573,160.057,62768,157143
1992-12-10,159.318,160.797,158.757,159.012,55564,162510
1992-12-11,159.114,159.828,158.91,159.292,34075,162054
1992-12-14,160.057,160.466,159.7,160.185,28269,162349
1992-12-15,160.134,160.797,160.083,160.466,20607,102276
1992-12-16,161.358,162.098,161.18,161.511,29649,102927
1992-12-17,162.455,162.659,160.925,161.358,32513,106497
1992-12-18,160.848,160.925,160.083,160.823,20395,107621
1992-12-21,160.746,160.848,160.287,160.593,10173,106795
1992-12-22,159.19,159.19,158.196,158.451,38944,116598
1992-12-23,158.323,158.604,157.89,157.941,17063,117350
1992-12-24,158.247,158.247,157.456,157.635,9017,118068
1992-12-28,157.609,157.609,155.135,155.339,29411,129212
1992-12-29,155.518,156.462,155.339,156.002,27469,131489
1992-12-30,156.232,156.64,155.722,156.13,14532,132297
1992-12-31,156.002,156.028,155.569,155.722,6918,132558
1993-01-04,154.166,154.625,153.707,153.886,48437,135798
1993-01-05,154.472,155.62,154.37,155.467,48407,136544
1993-01-06,154.625,154.957,154.09,154.498,46174,139253
1993-01-07,154.141,154.88,154.141,154.319,36273,140665
1993-01-08,153.452,154.523,153.248,153.656,56483,143543
1993-01-11,154.778,155.518,154.676,154.982,37469,142403
1993-01-12,155.339,155.416,154.574,154.982,37192,144121
1993-01-13,154.829,155.977,154.6,155.747,44960,140673
1993-01-14,155.696,156.513,155.39,155.62,48429,137164
1993-01-15,155.773,156.079,154.472,154.727,43159,139848
1993-01-18,155.798,157.15,155.747,156.921,33311,136653
1993-01-19,156.589,157.507,156.564,157.176,59236,129696
1993-01-20,157.737,157.89,157.15,157.737,47489,125052
1993-01-21,156.946,157.099,156.385,156.819,42147,127661
1993-01-22,157.354,159.471,157.099,159.165,70489,125855
1993-01-25,159.93,161.231,159.93,160.67,62175,123254
1993-01-26,161.052,161.639,160.006,160.363,52412,125684
1993-01-27,159.93,160.312,159.42,159.649,50674,128711
1993-01-28,160.517,160.695,159.42,159.802,58716,134018
1993-01-29,158.604,158.731,157.048,157.303,60102,132060
1993-02-01,155.875,156.181,154.702,154.829,59896,135420
1993-02-02,155.416,155.467,153.988,154.421,56302,136999
1993-02-03,154.319,155.084,153.248,153.911,56379,138559
1993-02-04,153.019,153.631,151.998,153.503,58905,142044
1993-02-05,152.662,154.039,152.254,152.917,54906,141225
1993-02-08,153.707,154.013,152.968,153.019,38879,150916
1993-02-09,153.376,153.962,153.172,153.605,27139,151858
1993-02-10,154.472,154.472,152.713,152.968,70025,155999
1993-02-11,152.84,153.376,152.687,153.172,43034,150495
1993-02-12,154.115,154.574,152.662,152.738,50807,148520
1993-02-16,154.396,155.951,154.192,155.569,66244,144687
1993-02-17,155.9,156.564,155.824,156.538,56298,140330
1993-02-18,153.937,156.181,153.656,155.569,67850,140052
1993-02-19,154.906,156.002,154.906,155.059,56588,137210
1993-02-22,156.181,156.819,155.645,156.793,53452,132113
1993-02-23,156.079,157.762,155.977,157.048,56783,133541
1993-02-24,157.15,157.533,156.13,156.36,56840,126084
1993-02-25,155.543,156.283,155.212,155.492,39818,126127
1993-02-26,154.6,155.186,154.345,154.6,43545,131318
1993-03-01,154.192,154.651,153.58,153.682,49395,133077
1993-03-02,155.186,155.671,154.804,155.186,58782,131837
1993-03-03,155.467,155.518,154.421,154.523,56340,132857
1993-03-04,155.492,156.104,155.161,155.314,65604,129669
1993-03-05,154.855,154.931,152.279,152.662,128112,149713
1993-03-08,153.023,153.41,152.92,153.126,71262,157833
1993-03-09,153.565,153.616,152.584,152.894,63264,162319
1993-03-10,152.816,153.332,152.662,152.971,58478,160421
1993-03-11,152.61,153.745,152.558,153.436,57142,161296
1993-03-12,153.126,153.565,152.765,153.281,48132,161415
1993-03-15,153.074,153.719,153.049,153.41,42905,157901
1993-03-16,153.461,154.055,153.332,153.487,34018,101671
1993-03-17,153.461,153.565,153.049,153.539,22114,102618
1993-03-18,153.745,155.577,153.384,155.396,67284,100103
1993-03-19,156.17,156.867,155.654,156.17,65358,97968
1993-03-22,155.706,156.325,155.448,155.912,33833,100757
1993-03-23,156.067,156.661,155.938,156.428,35137,99857
1993-03-24,156.377,156.867,155.783,155.912,41570,99485
1993-03-25,156.041,156.17,155.113,155.577,37657,98847
1993-03-26,156.17,156.79,156.041,156.299,38034,99545
1993-03-29,156.712,157.099,156.48,157.048,26544,99092
1993-03-30,156.764,158.105,156.661,157.925,45518,102961
1993-03-31,158.363,158.879,158.209,158.828,46093,105643
1993-04-01,158.363,160.815,158.312,160.66,59555,111592
1993-04-02,160.273,161.253,158.028,159.705,62769,110011
1993-04-05,159.834,160.428,159.679,160.299,22502,109087
1993-04-06,159.318,159.318,158.415,158.621,28750,108900
1993-04-07,158.905,158.931,157.899,158.131,37551,110391
1993-04-08,158.518,159.628,158.415,159.137,37873,110462
1993-04-12,159.963,160.944,159.86,160.479,33987,115449
1993-04-13,161.073,162.259,160.866,161.795,57232,118261
1993-04-14,161.253,161.434,160.35,160.453,41510,117599
1993-04-15,160.015,160.686,159.163,159.318,43536,117393
1993-04-16,159.267,159.499,158.209,158.286,47475,114524
1993-04-19,158.725,160.428,158.699,160.247,56822,122764
1993-04-20,161.073,161.743,159.963,160.737,49728,121861
1993-04-21,159.886,160.299,159.344,159.937,38191,120967
1993-04-22,160.273,160.737,158.415,159.989,47798,124667
1993-04-23,160.505,162.414,160.505,162.001,54455,125769
1993-04-26,163.24,163.859,162.904,163.653,49973,127127
1993-04-27,162.956,163.446,161.95,162.156,58085,128610
1993-04-28,161.227,162.492,160.918,162.285,46109,128604
1993-04-29,162.595,163.42,161.847,162.492,42902,124900
1993-04-30,162.466,162.595,161.176,161.743,35168,124763
1993-05-03,161.64,162.311,160.866,162.285,34700,125501
1993-05-04,163.085,163.524,162.724,162.827,52241,123875
1993-05-05,163.059,163.188,162.234,162.569,34717,124687
1993-05-06,162.517,163.24,162.001,163.162,34520,124642
1993-05-07,163.008,163.756,162.027,162.259,49819,121811
1993-05-10,161.305,161.382,159.499,159.602,74054,130020
1993-05-11,159.447,160.041,159.267,159.86,39753,129556
1993-05-12,159.55,159.86,159.137,159.241,39090,129151
1993-05-13,159.163,159.55,158.802,159.008,47617,131844
1993-05-14,159.705,160.608,159.576,160.453,46425,129606
1993-05-17,160.144,160.195,158.905,159.292,48650,137379
1993-05-18,158.209,158.596,158.002,158.183,49081,135653
1993-05-19,158.57,159.215,157.744,158.467,57176,136119
1993-05-20,158.854,159.654,158.699,159.447,32289,135273
1993-05-21,158.415,158.518,157.693,158.338,39501,136447
1993-05-24,156.79,157.564,156.738,157.357,46854,136283
1993-05-25,157.409,158.286,157.357,157.796,54823,139209
1993-05-26,158.131,158.544,157.435,158.002,43177,140821
1993-05-27,159.034,160.737,158.802,160.273,75655,135745
1993-05-28,161.279,162.517,161.202,162.259,53025,132702
1993-06-01,162.208,162.363,161.666,161.95,42489,132942
1993-06-02,161.64,161.95,160.944,161.279,69159,132728
1993-06-03,161.098,161.279,160.711,161.021,55591,130545
1993-06-04,161.382,161.692,158.209,158.26,100054,139599
1993-06-07,158.725,159.318,158.363,158.957,89879,163423
1993-06-08,158.853,159.087,158.514,158.566,79537,161849
1993-06-09,158.175,158.305,157.158,157.601,115130,174449
1993-06-10,157.418,158.514,157.236,158.227,67109,173675
1993-06-11,158.018,159.583,157.914,158.54,68883,174901
1993-06-14,158.853,159.192,158.279,158.357,40321,173603
1993-06-15,158.67,159.322,156.323,156.636,68897,132652
1993-06-16,156.688,156.845,155.176,155.645,75266,154091
1993-06-17,155.541,156.193,154.967,155.541,46906,157873
1993-06-18,155.046,155.046,153.142,153.585,62754,159466
1993-06-21,152.96,153.246,152.308,152.986,55469,161051
1993-06-22,152.881,153.09,151.864,152.255,56561,161739
1993-06-23,151.656,152.96,151.551,152.621,59445,160830
1993-06-24,151.16,151.447,150.769,151.343,53951,164925
1993-06-25,151.291,152.36,151.108,151.577,57459,159606
1993-06-28,151.056,152.282,151.004,152.047,59504,158906
1993-06-29,152.151,153.246,152.151,153.142,54975,157960
1993-06-30,153.064,153.325,151.186,151.447,57491,160945
1993-07-01,151.916,152.803,151.838,152.725,53620,160249
1993-07-02,152.725,154.107,151.916,152.438,44820,164758
1993-07-06,151.89,152.594,151.708,151.76,30760,164262
1993-07-07,152.229,152.386,151.16,151.395,35713,168350
1993-07-08,151.812,152.151,151.239,151.995,41119,168376
1993-07-09,150.613,150.613,150.039,150.378,49353,174833
1993-07-12,149.335,149.883,149.335,149.648,37355,171506
1993-07-13,150.195,150.9,150.013,150.639,43569,172161
1993-07-14,149.961,151.134,149.778,150.847,48772,169747
1993-07-15,151.16,151.186,149.987,150.456,42582,172529
1993-07-16,150.169,151.082,149.491,150.978,46822,173552
1993-07-19,151.395,152.151,151.395,151.89,42888,167647
1993-07-20,151.838,152.673,151.369,152.568,62932,163002
1993-07-21,152.699,153.142,152.334,152.725,42835,159833
1993-07-22,152.021,152.177,151.447,152.099,35352,158992
1993-07-23,150.9,151.239,150.613,150.9,33463,160800
1993-07-26,150.248,150.534,150.195,150.404,27040,160786
1993-07-27,150.691,150.795,150.143,150.195,28164,160013
1993-07-28,150.769,151.16,150.456,151.056,35749,155085
1993-07-29,150.717,151.186,148.866,148.996,94373,165972
1993-07-30,149.1,149.439,148.709,149.152,52140,164051
1993-08-02,149.909,152.334,149.883,152.125,81666,156643
1993-08-03,152.203,152.829,151.551,152.151,64949,153562
1993-08-04,151.916,152.047,151.577,151.916,24342,151585
1993-08-05,151.682,151.89,151.082,151.786,35825,151081
1993-08-06,151.734,153.559,151.551,153.298,66841,146718
1993-08-09,153.246,153.585,152.699,153.142,37786,145264
1993-08-10,152.751,152.803,151.265,151.369,45470,147771
1993-08-11,151.656,151.864,150.717,150.926,46026,149716
1993-08-12,151.473,151.682,150.691,151.551,42666,152621
1993-08-13,151.916,152.203,151.499,151.916,31279,148591
1993-08-16,152.542,154.628,152.49,154.289,88703,142215
1993-08-17,153.95,154.237,153.168,153.585,40167,140710
1993-08-18,153.742,155.15,153.637,154.811,50093,142595
1993-08-19,154.394,155.358,153.481,153.976,51754,144379
1993-08-20,154.263,155.619,154.237,155.28,36454,143803
1993-08-23,155.072,155.15,153.898,154.368,38506,148478
1993-08-24,154.498,155.15,154.498,154.993,28628,147508
1993-08-25,154.628,155.072,153.637,154.42,43289,149357
1993-08-26,155.046,156.584,155.046,156.271,69558,147708
1993-08-27,156.141,156.688,155.854,156.506,49242,143097
1993-08-30,156.01,156.219,155.437,155.828,32446,142753
1993-08-31,156.036,156.089,154.811,155.306,39134,141725
1993-09-01,156.167,157.236,156.089,156.923,60684,145249
1993-09-02,157.627,158.67,157.314,158.566,69307,147991
1993-09-03,158.279,161.043,158.175,160.808,69550,155155
1993-09-07,160.6,162.399,160.339,161.799,88696,145870
1993-09-08,161.247,161.668,160.748,161.457,62736,150612
1993-09-09,163.35,163.587,162.325,162.982,99520,152919
1993-09-10,162.141,163.797,162.115,163.219,68967,150163
1993-09-13,162.772,162.877,161.379,161.799,49620,141422
1993-09-14,161.641,162.325,161.168,161.957,35525,77088
1993-09-15,163.035,164.139,163.035,163.35,45475,80992
1993-09-16,163.876,164.139,161.72,162.719,43753,79358
1993-09-17,161.405,162.535,161.352,161.694,35164,80616
1993-09-20,161.168,162.193,161.063,161.852,33094,81127
1993-09-21,162.772,162.877,158.119,158.75,92547,80287
1993-09-22,160.222,160.721,159.591,160.117,53517,80912
1993-09-23,159.67,159.933,158.25,158.802,52493,78075
1993-09-24,157.646,159.302,157.409,159.17,39126,77247
1993-09-27,160.117,160.564,159.67,160.327,35082,77720
1993-09-28,160.117,162.062,159.801,161.668,51055,79798
1993-09-29,162.299,162.509,161.51,161.72,40119,79969
1993-09-30,161.116,161.247,159.46,159.801,53671,81253
1993-10-01,159.039,160.537,158.697,160.117,50492,80833
1993-10-04,159.512,161.195,159.46,160.748,47801,83157
1993-10-05,161.326,161.799,160.274,160.669,42371,83760
1993-10-06,160.406,161.379,160.09,160.905,35879,83260
1993-10-07,161.142,161.431,160.669,160.958,27143,82558
1993-10-08,161.063,163.376,161.011,162.929,67147,92512
1993-10-11,163.166,163.245,162.693,162.929,20555,108023
1993-10-12,163.403,164.244,163.324,163.902,48377,111816
1993-10-13,163.324,163.376,162.824,163.061,43078,109460
1993-10-14,163.324,163.771,161.668,162.062,65161,110334
1993-10-15,161.668,162.141,161.273,161.694,29926,108161
1993-10-18,160.642,160.958,159.17,159.565,61348,108620
1993-10-19,159.565,159.854,159.013,159.249,52832,104834
1993-10-20,158.566,159.591,158.329,159.407,62530,110075
1993-10-21,158.539,158.697,156.778,156.936,89673,116944
1993-10-22,156.831,157.015,155.858,156.016,56307,111243
1993-10-25,156.305,157.015,155.07,155.306,48560,113583
1993-10-26,155.385,156.121,154.964,155.569,63859,112679
1993-10-27,156.121,156.279,155.49,155.753,49572,116137
1993-10-28,155.727,157.015,154.702,156.358,73372,115664
1993-10-29,156.305,156.621,155.254,155.28,35154,114470
1993-11-01,155.148,155.201,154.255,154.57,47473,120445
1993-11-02,154.228,154.964,153.361,153.65,82648,124103
1993-11-03,154.228,154.833,154.176,154.57,44939,126634
1993-11-04,154.833,155.017,154.202,154.491,36077,128406
1993-11-05,154.176,155.096,153.387,154.675,67742,131047
1993-11-08,155.096,155.753,155.096,155.543,38410,130532
1993-11-09,154.912,155.648,154.307,154.807,48542,133594
1993-11-10,154.649,155.28,154.412,155.122,37069,131646
1993-11-11,155.148,155.438,154.675,154.78,17503,132690
1993-11-12,154.255,156.042,153.834,155.648,56664,132881
1993-11-15,155.543,155.727,154.675,154.964,41922,133918
1993-11-16,154.78,154.859,153.256,153.86,70336,141690
1993-11-17,153.151,154.439,153.072,154.071,53333,140818
1993-11-18,153.229,153.808,152.835,153.151,52327,141898
1993-11-19,153.151,153.545,152.546,152.835,52851,145810
1993-11-22,153.65,154.439,153.519,153.939,47334,142955
1993-11-23,153.624,154.807,153.308,154.176,51133,140200
1993-11-24,154.334,154.649,153.781,154.018,27108,142192
1993-11-26,153.335,153.519,153.124,153.282,16048,141406
1993-11-29,152.888,153.781,152.861,153.571,42920,138009
1993-11-30,153.624,153.676,152.835,153.019,63264,154300
1993-12-01,152.73,153.308,152.309,152.415,74076,156419
1993-12-02,152.704,152.861,152.204,152.415,40814,155454
1993-12-03,152.467,153.177,151.889,152.704,91761,177999
1993-12-06,153.781,154.702,153.519,154.518,128599,182178
1993-12-07,154.36,154.649,153.992,154.412,68690,178764
1993-12-08,153.909,154.439,153.539,154.148,73648,183136
1993-12-09,153.962,154.386,153.857,154.095,55595,190027
1993-12-10,154.968,155.286,154.651,154.915,72780,183468
1993-12-13,154.518,155.55,153.883,153.936,45948,185174
1993-12-14,153.248,153.777,153.036,153.248,44945,127988
1993-12-15,153.063,153.407,152.692,153.063,32825,130563
1993-12-16,153.486,154.068,153.327,153.645,31375,131177
1993-12-17,153.883,154.306,153.83,153.962,27553,127295
1993-12-20,153.248,153.698,153.063,153.592,34996,118601
1993-12-21,153.83,154.174,153.645,153.804,21423,116569
1993-12-22,154.174,154.862,154.121,154.545,31892,114844
1993-12-23,154.756,155.498,154.704,155.445,28029,106997
1993-12-27,154.492,154.809,154.465,154.624,14730,107044
1993-12-28,154.677,154.968,154.359,154.862,14648,106185
1993-12-29,153.512,153.724,152.136,152.295,61758,118412
1993-12-30,152.268,152.268,151.448,151.633,37318,121185
1993-12-31,151.633,151.633,151.236,151.316,14591,121940
1994-01-03,151.66,151.766,150.919,151.025,39232,134087
1994-01-04,151.527,151.792,151.157,151.66,41260,136136
1994-01-05,151.633,151.713,151.21,151.369,43279,143151
1994-01-06,151.474,151.819,150.813,150.945,51591,146065
1994-01-07,151.448,152.586,151.21,152.427,68411,140582
1994-01-10,152.427,152.454,151.686,151.898,44515,143652
1994-01-11,151.342,151.527,151.077,151.263,34206,144485
1994-01-12,151.607,152.057,151.448,151.924,32297,142503
1994-01-13,151.157,151.236,150.257,150.469,62905,154668
1994-01-14,150.23,150.786,149.992,150.68,42400,155534
1994-01-17,150.23,150.283,150.045,150.151,12486,156123
1994-01-18,150.389,151.051,150.336,150.945,34467,151789
1994-01-19,150.972,151.263,150.786,150.919,27214,151177
1994-01-20,151.157,152.004,151.025,151.686,50971,148988
1994-01-21,151.924,151.951,150.363,150.416,48725,152293
1994-01-24,150.495,150.813,150.283,150.707,27673,150813
1994-01-25,150.363,150.707,150.204,150.601,37736,153643
1994-01-26,150.945,151.183,150.919,151.157,32033,151594
1994-01-27,151.21,153.036,150.945,152.56,55126,141300
1994-01-28,151.924,153.38,151.236,151.395,88362,139363
1994-01-31,151.448,152.374,151.13,152.163,62972,143639
1994-02-01,152.401,153.089,151.871,152.189,58347,143625
1994-02-02,152.374,152.533,152.004,152.321,28782,144231
1994-02-03,152.004,152.718,151.157,151.58,62468,147450
1994-02-04,151.607,152.718,149.542,149.966,104174,160710
1994-02-07,149.886,150.125,149.675,150.045,57539,159674
1994-02-08,149.86,149.966,149.331,149.648,49522,157813
1994-02-09,149.992,150.336,149.86,150.098,30998,154480
1994-02-10,149.939,150.866,149.886,150.707,35201,154456
1994-02-11,150.627,151.157,150.23,150.442,46274,153135
1994-02-14,151.474,153.83,151.183,153.168,66281,138285
1994-02-15,152.718,153.592,152.718,152.824,62799,135605
1994-02-16,153.142,153.83,152.957,153.248,52166,136284
1994-02-17,152.692,153.407,152.348,153.115,47838,138152
1994-02-18,153.698,154.518,153.433,154.492,40073,137839
1994-02-22,152.639,153.38,152.56,153.195,53867,140007
1994-02-23,152.957,153.089,152.666,152.877,28471,137339
1994-02-24,152.401,154.227,151.924,153.804,64116,137069
1994-02-25,154.492,155.286,154.148,154.704,51969,136667
1994-02-28,154.121,155.603,154.095,155.206,52062,134477
1994-03-01,155.736,155.842,154.254,154.783,56007,135632
1994-03-02,155.709,156.159,154.968,155.153,51787,136625
1994-03-03,154.756,155.153,154.333,154.809,75835,144858
1994-03-04,154.306,154.492,153.618,153.883,73500,143438
1994-03-07,153.83,154.28,153.645,153.724,99516,140288
1994-03-08,154.309,154.362,154.017,154.309,49618,140512
1994-03-09,154.575,155.187,154.549,155.001,75211,134500
1994-03-10,156.437,158.032,156.304,157.58,106572,141748
1994-03-11,157.314,158.112,156.835,157.101,70222,142912
1994-03-14,156.782,156.968,156.304,156.623,50241,138083
1994-03-15,155.958,156.277,155.665,155.905,42089,88551
1994-03-16,155.958,156.915,155.825,156.756,44213,90069
1994-03-17,157.394,157.766,156.437,156.702,60753,91652
1994-03-18,156.543,156.782,155.798,156.091,43288,90421
1994-03-21,155.719,156.702,155.506,156.569,44168,93444
1994-03-22,156.942,157.819,156.569,156.942,46838,97542
1994-03-23,156.702,157.5,156.569,157.42,41669,97632
1994-03-24,157.58,159.096,157.527,158.723,64488,104958
1994-03-25,159.122,159.548,158.564,158.936,51109,104367
1994-03-28,158.298,158.564,157.952,158.351,31103,104306
1994-03-29,158.777,158.989,157.686,157.926,45400,102334
1994-03-30,157.66,158.351,157.553,158.165,38198,102953
1994-03-31,158.271,159.468,158.032,158.803,42940,102991
1994-04-01,157.872,158.032,155.878,156.277,37220,102858
1994-04-04,156.463,156.649,155.559,156.33,42355,95198
1994-04-05,156.463,156.463,154.203,154.362,75646,96232
1994-04-06,154.416,154.788,154.283,154.522,39806,93613
1994-04-07,154.868,155.054,154.043,154.416,49631,95778
1994-04-08,154.735,155.08,154.442,154.735,25996,92827
1994-04-11,155.24,155.267,154.522,154.814,36026,93734
1994-04-12,154.07,154.389,153.777,154.336,41596,93228
1994-04-13,154.176,155.213,154.043,155.08,42131,93450
1994-04-14,154.761,155.399,154.336,155.027,48053,95083
1994-04-15,154.814,155.293,154.442,154.788,35528,98009
1994-04-18,154.974,155.506,153.964,155.187,49187,99714
1994-04-19,155.825,156.49,155.639,155.984,63000,99751
1994-04-20,156.41,156.995,156.197,156.835,58772,98587
1994-04-21,157.048,157.341,156.543,156.915,46178,102556
1994-04-22,156.782,157.261,156.41,157.048,31388,101920
1994-04-25,158.032,158.192,157.766,157.846,48502,102253
1994-04-26,157.5,158.457,157.474,158.298,42815,103668
1994-04-28,158.325,159.867,158.325,159.84,75550,111021
1994-04-29,159.92,161.569,159.362,160.638,68072,114060
1994-05-02,160.372,161.383,160.319,160.984,34791,115355
1994-05-03,161.329,162.393,160.797,162.233,62032,118956
1994-05-04,161.01,161.01,159.548,160.744,62909,119496
1994-05-05,159.042,159.76,158.989,159.415,50251,122481
1994-05-06,159.122,160.08,158.457,160.0,63636,122147
1994-05-09,160.133,160.851,159.92,160.744,57231,125580
1994-05-10,159.149,159.441,158.378,158.617,52560,120631
1994-05-11,158.138,159.601,158.085,159.042,57835,121144
1994-05-12,159.069,159.574,158.67,159.362,40933,121866
1994-05-13,158.883,159.495,158.777,159.122,23514,121825
1994-05-16,158.777,158.91,158.617,158.777,18615,121893
1994-05-17,158.963,159.893,158.644,158.723,35817,123820
1994-05-18,159.574,160.611,159.362,160.399,53301,122488
1994-05-19,160.638,160.797,160.266,160.399,43036,125213
1994-05-20,160.984,161.702,160.904,161.595,41364,132809
1994-05-23,161.515,162.18,160.93,161.808,38386,133756
1994-05-24,161.25,161.462,160.478,160.532,33211,133362
1994-05-25,160.638,161.781,160.638,161.462,42688,133680
1994-05-26,161.781,162.154,161.09,161.276,41515,133220
1994-05-27,161.303,161.835,160.93,161.675,35007,130017
1994-05-31,162.047,162.127,161.196,161.383,34469,132018
1994-06-01,161.702,162.021,161.515,161.542,33179,132610
1994-06-02,161.303,161.409,160.425,160.744,70889,138328
1994-06-03,160.08,160.478,159.042,159.308,101695,137298
1994-06-06,159.175,159.548,158.963,159.069,97019,148046
1994-06-07,159.255,159.893,159.122,159.495,46154,144225
1994-06-08,159.468,159.548,158.882,159.148,61522,143325
1994-06-09,159.281,159.601,158.669,159.441,49619,138907
1994-06-10,159.441,159.867,159.388,159.601,52399,136874
1994-06-13,160.853,161.732,160.72,161.572,76631,137745
1994-06-14,161.918,162.104,161.492,161.758,36576,64111
1994-06-15,162.184,162.823,162.158,162.744,39219,70950
1994-06-16,163.09,163.303,162.77,163.09,26141,70446
1994-06-17,162.557,165.54,162.371,165.353,54153,80104
1994-06-20,166.552,166.658,165.779,166.339,39030,80363
1994-06-21,165.726,167.644,165.46,167.271,47802,85635
1994-06-22,166.206,166.578,165.274,165.806,47690,81227
1994-06-23,165.939,166.392,165.646,166.072,28429,81483
1994-06-24,167.058,168.549,165.247,167.963,67890,86304
1994-06-27,168.309,169.055,167.937,168.017,27856,86814
1994-06-28,167.484,168.869,167.297,168.549,34999,92046
1994-06-29,168.496,168.682,167.617,168.043,32841,89090
1994-06-30,166.791,168.203,166.791,167.75,40565,88706
1994-07-01,166.419,167.511,166.232,167.005,25453,89830
1994-07-05,167.857,168.336,167.697,168.23,29083,91289
1994-07-06,168.895,170.067,168.309,169.029,62324,92721
1994-07-07,168.682,169.561,168.176,169.348,38086,91206
1994-07-08,169.055,170.786,168.443,170.36,48695,95669
1994-07-11,171.718,175.367,171.692,174.275,94888,104201
1994-07-12,173.982,175.633,173.742,174.195,52045,100195
1994-07-13,173.662,174.541,172.89,173.05,44556,102420
1994-07-14,172.304,173.29,171.052,171.266,61276,103128
1994-07-15,171.132,171.851,170.44,171.292,34637,100126
1994-07-18,172.597,172.81,171.772,172.144,27550,101739
1994-07-19,171.558,171.985,169.561,169.961,60114,101086
1994-07-20,169.002,170.946,169.002,169.987,56874,101578
1994-07-21,170.653,170.946,166.871,167.404,68413,91300
1994-07-22,166.791,167.537,165.993,166.525,48053,87570
1994-07-25,167.484,168.176,167.191,167.404,43392,88668
1994-07-26,167.59,168.096,167.218,167.803,32347,87935
1994-07-27,168.789,169.295,168.576,168.949,33136,88450
1994-07-28,169.641,169.961,166.925,167.218,50857,88944
1994-07-29,166.898,168.256,166.499,167.91,44986,91750
1994-08-01,169.215,169.428,168.576,168.762,30062,90162
1994-08-02,168.336,168.762,167.777,168.043,33513,91853
1994-08-03,167.803,169.055,167.803,168.895,36456,95294
1994-08-04,168.949,169.108,167.218,167.537,43571,92839
1994-08-05,167.564,168.895,167.005,168.549,43159,95294
1994-08-08,167.91,168.682,167.857,168.07,45926,96686
1994-08-09,167.883,168.496,167.75,168.23,24195,96298
1994-08-10,169.188,169.242,167.883,168.176,44773,96877
1994-08-11,168.096,171.239,167.351,170.626,67683,103217
1994-08-12,171.558,171.558,170.653,171.425,50537,107676
1994-08-15,171.532,171.958,171.345,171.532,22481,105368
1994-08-16,170.866,172.704,169.641,170.999,53535,111157
1994-08-17,170.546,171.638,170.413,171.585,34376,110324
1994-08-18,172.198,172.89,171.718,172.73,39435,113528
1994-08-19,172.97,173.556,172.464,173.13,31198,113201
1994-08-22,173.503,174.488,173.29,174.381,38883,115765
1994-08-23,173.662,173.822,172.784,173.716,34845,115485
1994-08-24,172.491,173.05,172.171,172.384,35655,115643
1994-08-25,171.985,172.89,171.878,172.704,33357,117983
1994-08-26,172.57,172.597,168.549,169.108,82978,118136
1994-08-29,168.789,168.975,166.978,168.869,66870,119696
1994-08-30,168.256,169.295,168.23,168.949,46154,115603
1994-08-31,168.469,168.975,168.256,168.416,25328,114799
1994-09-01,168.336,169.508,168.23,169.002,36991,116874
1994-09-02,168.949,171.345,168.043,171.132,52181,120857
1994-09-06,172.357,172.997,172.091,172.81,56861,127746
1994-09-07,172.064,172.384,171.345,171.878,54598,132078
1994-09-08,171.665,171.958,170.653,171.239,61166,130524
1994-09-09,170.493,173.556,170.493,173.13,78363,132093
1994-09-12,172.943,173.183,172.437,172.757,116499,133809
1994-09-13,172.624,173.369,171.558,172.73,55985,131978
1994-09-14,172.97,173.449,172.331,172.73,47190,132398
1994-09-15,172.224,172.357,171.772,172.198,36933,132828
1994-09-16,172.144,173.955,171.772,172.597,64128,135558
1994-09-19,172.357,172.491,171.186,171.905,52984,123352
1994-09-20,171.372,171.958,171.052,171.452,36974,76548
1994-09-21,171.772,172.517,171.479,172.331,25020,76350
1994-09-22,171.931,172.331,171.798,172.198,17108,75354
1994-09-23,171.985,172.837,171.931,172.171,24346,77152
1994-09-26,171.505,171.692,170.999,171.479,27841,75924
1994-09-27,171.798,173.343,171.665,172.677,31851,76856
1994-09-28,172.224,172.464,171.372,171.665,39108,75906
1994-09-29,172.038,172.464,171.825,172.224,26664,75787
1994-09-30,172.118,172.304,171.186,171.798,29268,76806
1994-10-03,170.813,171.612,170.626,171.399,31267,77982
1994-10-04,171.905,172.331,171.665,172.278,22019,78689
1994-10-05,172.57,173.103,172.437,172.704,32379,81026
1994-10-06,172.597,172.943,172.437,172.65,17339,81906
1994-10-07,173.21,173.902,171.958,172.198,45462,80509
1994-10-10,172.011,172.65,171.878,172.464,24050,80753
1994-10-11,172.517,172.517,171.931,172.384,26201,80340
1994-10-12,172.757,173.076,172.65,172.97,13980,80688
1994-10-13,173.183,173.796,172.437,173.716,36572,84049
1994-10-14,174.674,175.606,174.594,175.287,54795,93051
1994-10-17,177.444,178.376,177.018,177.764,43043,95157
1994-10-18,177.311,177.604,176.938,177.284,30568,96235
1994-10-19,177.79,178.057,176.831,177.417,30194,96123
1994-10-20,177.337,178.749,177.284,178.483,34051,96104
1994-10-21,178.483,178.829,177.258,177.657,28548,95010
1994-10-24,177.63,178.483,177.391,178.323,19504,95714
1994-10-25,179.095,179.255,177.843,178.349,45919,94387
1994-10-26,177.817,178.642,177.764,178.536,32294,93622
1994-10-27,178.216,178.243,177.737,177.87,24490,92787
1994-10-28,177.897,178.562,175.553,176.432,87047,95619
1994-10-31,176.299,177.417,176.166,177.045,36211,94714
1994-11-01,177.843,178.19,177.337,177.95,39337,93663
1994-11-02,178.136,178.589,174.834,175.713,53360,94320
1994-11-03,175.74,176.086,174.541,175.58,45125,91706
1994-11-04,174.914,175.846,174.301,175.766,39073,91148
1994-11-07,175.979,176.112,175.5,175.606,30858,95713
1994-11-08,176.033,176.858,175.953,176.485,31787,97268
1994-11-09,174.248,174.807,173.929,174.275,51489,96046
1994-11-10,174.515,174.648,173.29,173.982,45212,99279
1994-11-11,174.222,174.461,173.875,174.142,13208,99322
1994-11-14,172.677,172.97,172.224,172.491,49729,95215
1994-11-15,172.677,172.81,171.186,171.266,34204,100907
1994-11-16,171.239,172.038,170.893,171.772,43768,101407
1994-11-17,172.038,172.491,171.878,172.038,24248,101123
1994-11-18,171.239,171.905,170.919,171.239,33463,104064
1994-11-21,170.626,171.292,170.6,171.079,30166,106250
1994-11-22,171.798,171.931,170.973,171.106,30193,107645
1994-11-23,172.064,172.064,171.372,171.479,23536,106887
1994-11-25,170.973,171.052,170.733,170.866,13551,108097
1994-11-28,170.094,170.44,170.04,170.12,34028,109137
1994-11-29,170.467,170.733,169.455,169.614,41649,115740
1994-11-30,169.614,169.934,169.321,169.588,31013,113965
1994-12-01,169.694,169.854,168.895,169.242,31090,117301
1994-12-02,168.975,169.215,168.416,168.709,46694,119626
1994-12-05,168.949,169.668,168.895,169.401,42469,119046
1994-12-06,169.801,169.827,169.135,169.401,46047,114551
1994-12-07,169.854,170.174,169.215,169.801,58388,114676
1994-12-08,168.897,169.11,168.605,168.738,41994,117733
1994-12-09,168.499,168.977,168.366,168.897,42062,114175
1994-12-12,168.844,169.376,168.791,169.243,69496,115930
1994-12-13,169.057,169.854,168.871,169.482,35804,115357
1994-12-14,169.269,169.721,169.19,169.615,29070,116716
1994-12-15,169.269,169.641,169.057,169.429,25408,118750
1994-12-16,169.402,169.562,169.269,169.376,16425,115966
1994-12-19,168.924,169.296,168.924,169.11,15075,110643
1994-12-20,169.429,169.615,169.243,169.455,9058,71283
1994-12-21,169.455,169.721,168.153,168.578,19314,75337
1994-12-22,168.419,168.95,168.153,168.897,28034,73861
1994-12-23,169.004,169.03,168.525,168.711,6301,73975
1994-12-27,168.764,169.057,168.764,169.004,5150,74147
1994-12-28,169.057,173.255,168.924,172.644,48671,73671
1994-12-29,171.236,172.325,171.103,171.315,31233,70876
1994-12-30,171.741,172.139,171.687,172.06,9355,69792
1995-01-03,170.997,171.661,170.943,171.183,22134,71231
1995-01-04,170.757,171.236,170.412,170.731,27410,71688
1995-01-05,171.236,171.874,171.183,171.661,24562,73596
1995-01-06,171.687,171.953,170.12,170.253,43309,76950
1995-01-09,170.864,173.68,170.757,173.388,59590,76635
1995-01-10,173.308,173.866,172.724,173.68,39432,76724
1995-01-11,173.149,173.734,173.043,173.601,22055,76530
1995-01-12,173.362,174.504,173.335,174.159,39325,79083
1995-01-13,173.388,173.76,172.936,173.627,28367,78239
1995-01-16,173.388,174.292,173.362,173.866,12983,78326
1995-01-17,174.052,174.106,173.388,173.76,23202,79571
1995-01-18,174.292,174.371,173.122,173.415,32360,80774
1995-01-19,173.415,176.205,173.335,175.753,46018,81613
1995-01-20,175.753,176.71,175.62,176.152,36418,82456
1995-01-23,175.727,176.55,175.7,176.045,28864,83519
1995-01-24,176.125,176.285,175.78,175.886,17507,83686
1995-01-25,176.71,176.843,175.062,175.381,37800,83054
1995-01-26,175.381,175.966,175.275,175.408,22529,82904
1995-01-27,175.461,176.285,175.036,175.62,32141,83165
1995-01-30,175.833,177.294,175.727,176.763,30235,84478
1995-01-31,176.045,176.63,173.92,174.451,49370,83711
1995-02-01,174.504,175.647,174.478,175.036,21723,83229
1995-02-02,175.115,175.541,174.929,175.222,27477,83433
1995-02-03,175.089,175.594,173.734,174.185,42409,85533
1995-02-06,173.68,174.026,173.308,173.76,40975,87429
1995-02-07,173.548,173.76,172.91,173.149,34227,87437
1995-02-08,173.601,173.999,173.441,173.654,27931,85955
1995-02-09,173.76,174.398,173.654,173.999,24109,85262
1995-02-10,173.76,175.195,173.415,174.983,43336,87128
1995-02-13,175.301,175.434,174.797,174.929,22941,84752
1995-02-14,174.823,176.603,174.717,176.285,48229,88408
1995-02-15,176.285,176.55,175.647,176.285,34351,89124
1995-02-16,177.959,178.836,177.587,178.517,49854,96206
1995-02-17,179.208,179.606,178.517,179.128,39732,97431
1995-02-21,180.058,180.589,179.34,180.483,39540,101381
1995-02-22,179.845,181.573,179.739,180.908,50994,102915
1995-02-23,180.191,181.413,180.164,181.201,31791,104621
1995-02-24,180.935,182.131,179.978,181.865,44325,105722
1995-02-27,182.529,182.981,181.493,181.599,35927,105515
1995-02-28,181.679,182.582,181.227,181.945,35568,105051
1995-03-01,181.227,181.918,181.015,181.732,34024,105041
1995-03-02,181.945,185.293,181.493,184.15,53518,108861
1995-03-03,183.406,186.94,183.008,186.409,69275,107639
1995-03-06,189.996,190.687,189.066,189.518,94694,114998
1995-03-07,190.979,195.842,189.73,194.381,84667,119737
1995-03-08,192.262,193.374,188.952,190.302,66135,113750
1995-03-09,190.302,192.262,189.879,190.514,54136,109414
1995-03-10,187.548,189.084,186.833,187.601,56692,108896
1995-03-13,189.296,189.534,188.343,188.925,36637,97681
1995-03-14,188.608,189.243,187.363,187.601,31555,58082
1995-03-15,188.316,191.891,188.131,190.912,39864,59789
1995-03-16,192.289,192.58,189.746,190.144,33425,58732
1995-03-17,191.415,192.289,190.488,191.574,21913,58124
1995-03-20,189.614,190.435,188.766,189.27,27589,58463
1995-03-21,190.064,190.144,187.257,188.21,32098,56947
1995-03-22,187.893,189.879,187.813,189.376,27418,56757
1995-03-23,189.852,190.276,188.714,189.243,23980,56235
1995-03-24,188.608,189.058,186.621,187.257,28554,55122
1995-03-27,187.389,189.429,187.389,188.687,27462,56240
1995-03-28,189.587,191.706,189.402,191.309,33183,57783
1995-03-29,192.686,193.454,191.785,192.262,29863,59115
1995-03-30,188.819,189.005,187.575,188.21,30436,58170
1995-03-31,192.686,195.175,190.408,193.057,31335,58125
1995-04-03,193.189,194.248,192.712,193.586,23136,56794
1995-04-04,192.209,192.686,191.309,192.659,27610,57978
1995-04-05,193.666,194.248,191.6,193.798,32189,60480
1995-04-06,192.765,193.798,192.474,193.242,25741,58401
1995-04-07,192.315,193.454,191.653,193.004,27979,58524
1995-04-10,189.482,189.905,187.098,188.449,75611,59656
1995-04-11,188.608,190.064,188.131,189.429,25331,58208
1995-04-12,189.852,190.276,188.819,189.64,23067,57893
1995-04-13,189.693,191.6,189.667,191.282,21575,58943
1995-04-17,191.838,194.46,191.68,194.036,34242,60599
1995-04-18,194.593,196.685,193.825,196.314,33152,62066
1995-04-19,194.963,196.552,192.527,193.772,40215,65230
1995-04-20,193.48,194.248,191.017,191.6,33174,65666
1995-04-21,191.997,193.719,191.521,193.639,26650,64604
1995-04-24,194.328,194.831,192.05,192.818,32584,63656
1995-04-25,194.089,195.387,193.348,193.851,33712,66309
1995-04-26,191.838,194.116,191.468,193.48,39373,67038
1995-04-27,192.5,193.507,192.395,192.924,22129,67295
1995-04-28,191.944,192.924,190.17,191.309,34071,67789
1995-05-01,190.779,191.335,190.514,190.859,16449,66609
1995-05-02,192.474,193.216,190.726,192.474,24222,67609
1995-05-03,192.951,193.48,192.448,193.216,25258,69913
1995-05-04,193.057,194.169,192.924,193.295,27051,71513
1995-05-05,193.56,194.725,192.659,193.11,32839,73474
1995-05-08,193.931,194.751,193.878,194.063,44156,77325
1995-05-09,193.533,193.851,191.812,192.13,29225,70925
1995-05-10,191.521,191.68,190.276,191.123,37389,70674
1995-05-11,187.972,188.263,184.238,185.059,72003,72177
1995-05-12,183.788,184.317,182.967,183.391,40174,71985
1995-05-15,183.444,184.45,182.993,184.37,34547,68991
1995-05-16,182.649,185.006,182.49,184.079,32320,70884
1995-05-17,184.979,185.509,183.046,183.205,26233,69169
1995-05-18,183.099,184.847,180.875,183.894,39822,70799
1995-05-19,184.0,184.662,182.861,183.099,20521,69591
1995-05-22,182.967,184.529,182.517,184.0,26678,69047
1995-05-23,184.238,185.112,183.073,183.576,23973,68388
1995-05-24,183.417,184.662,183.311,184.026,18008,68303
1995-05-25,185.138,190.011,185.112,189.746,47227,74191
1995-05-26,191.706,192.818,191.15,192.659,27988,75005
1995-05-30,191.044,191.521,190.197,190.779,22107,73055
1995-05-31,191.044,191.362,186.568,187.442,34519,73477
1995-06-01,185.191,188.687,185.112,187.734,35701,75083
1995-06-02,187.946,190.673,185.933,187.654,38893,74454
1995-06-05,187.893,188.899,187.178,187.946,22024,73590
1995-06-06,187.098,188.104,186.515,187.495,24846,74700
1995-06-07,187.681,188.661,187.628,188.157,24361,75743
1995-06-08,187.155,188.527,186.337,188.131,34914,74842
1995-06-09,189.002,190.004,188.237,188.711,30277,76521
1995-06-12,188.58,189.292,188.368,188.791,50873,76011
1995-06-13,189.529,189.819,187.946,188.184,32270,76343
1995-06-14,188.474,189.74,188.342,189.054,36538,76073
1995-06-15,187.92,188.395,187.181,187.999,28572,73172
1995-06-16,188.448,189.529,188.368,189.081,22980,70803
1995-06-19,189.556,189.635,188.58,189.213,27091,58849
1995-06-20,190.11,190.875,189.582,190.373,29732,34043
1995-06-21,190.031,191.482,189.978,190.98,17795,34445
1995-06-22,191.244,191.534,188.632,189.345,27615,34205
1995-06-23,189.767,191.402,189.265,191.007,24719,36504
1995-06-26,190.901,190.954,189.608,190.558,20175,36317
1995-06-27,191.165,191.798,189.951,191.033,26189,36914
1995-06-28,190.611,190.848,187.841,189.371,33850,39505
1995-06-29,189.951,192.51,189.556,191.798,33710,40607
1995-06-30,191.112,191.64,190.479,191.376,18669,40208
1995-07-03,191.402,192.088,191.402,191.851,5071,39733
1995-07-05,190.98,191.877,190.954,191.719,9984,39882
1995-07-06,191.455,192.194,190.875,191.851,16468,41255
1995-07-07,190.901,190.901,188.237,190.004,34032,42708
1995-07-10,189.556,189.899,188.975,189.767,23018,42656
1995-07-11,188.421,188.949,188.025,188.421,26844,43332
1995-07-12,188.289,188.685,188.184,188.5,19195,43543
1995-07-13,188.105,190.848,188.025,190.268,39698,46512
1995-07-14,190.453,190.611,189.608,190.189,18502,45557
1995-07-17,189.397,189.793,188.843,189.661,20271,45251
1995-07-18,189.951,190.848,189.819,190.611,21946,46084
1995-07-19,190.716,192.853,190.162,192.299,36830,50077
1995-07-20,191.561,192.194,190.796,191.402,23698,52005
1995-07-21,190.69,191.059,190.268,190.875,12097,51229
1995-07-24,190.875,191.297,190.611,190.822,12864,50910
1995-07-25,190.822,190.848,189.45,189.714,26247,50199
1995-07-26,189.793,191.165,189.74,190.769,22395,50831
1995-07-27,190.901,191.798,190.585,191.086,18220,51106
1995-07-28,190.716,192.062,190.321,191.35,21472,51953
1995-07-31,191.745,191.798,190.664,190.98,14354,51819
1995-08-01,190.769,192.59,190.769,191.983,24654,54136
1995-08-02,190.11,190.242,188.105,189.16,48361,57632
1995-08-03,189.503,190.585,189.476,189.872,22683,56710
1995-08-04,189.107,189.899,188.632,189.213,20646,56968
1995-08-07,188.448,188.817,187.524,187.709,31069,58658
1995-08-08,187.419,188.21,187.155,187.683,22486,58257
1995-08-09,187.524,188.21,187.445,187.894,15844,57911
1995-08-10,187.26,187.287,185.466,186.284,33766,62667
1995-08-11,184.306,184.886,183.567,183.699,34941,63475
1995-08-14,184.306,184.649,183.804,184.121,24405,64107
1995-08-15,181.034,181.245,178.475,178.739,38116,66074
1995-08-16,178.924,179.372,178.343,178.607,30030,66432
1995-08-17,177.684,180.322,177.446,179.504,30107,66115
1995-08-18,178.976,179.926,178.686,179.056,15538,65787
1995-08-21,179.187,179.662,178.66,178.844,17071,65630
1995-08-22,177.71,178.264,177.288,177.71,21245,66481
1995-08-23,178.159,178.765,177.974,178.027,20098,67124
1995-08-24,176.681,179.267,176.523,178.792,30875,69702
1995-08-25,178.818,180.058,178.37,179.346,14430,68676
1995-08-28,180.823,181.061,180.111,180.269,18437,69033
1995-08-29,179.953,180.032,178.66,178.844,22051,69511
1995-08-30,178.686,179.319,178.317,178.871,16924,69157
1995-08-31,180.058,180.216,179.53,179.9,17001,66904
1995-09-01,179.794,180.823,179.161,180.375,19901,66344
1995-09-05,179.979,180.744,179.953,180.48,19407,67362
1995-09-06,178.502,179.003,178.29,178.449,29572,69330
1995-09-07,178.607,179.267,178.343,178.449,26795,68979
1995-09-08,177.766,178.843,177.503,178.738,27523,69771
1995-09-11,179.421,179.526,179.027,179.185,65646,73386
1995-09-12,179.027,179.579,178.869,179.342,32188,73695
1995-09-13,177.976,178.002,176.189,176.504,53668,78487
1995-09-14,177.371,177.871,177.004,177.529,33427,79199
1995-09-15,176.741,177.844,175.979,177.214,38126,80806
1995-09-18,177.398,178.396,177.293,178.265,22585,77856
1995-09-19,177.293,177.687,177.109,177.187,14189,56135
1995-09-20,178.186,180.998,178.028,180.498,47081,51915
1995-09-21,181.917,187.252,181.891,186.069,62606,48391
1995-09-22,185.176,187.488,184.939,185.544,26173,48762
1995-09-25,185.438,185.833,183.941,184.177,19878,48341
1995-09-26,183.468,183.836,182.784,183.547,21107,49029
1995-09-27,184.098,185.833,183.941,185.176,26479,48872
1995-09-28,185.754,186.095,185.071,185.544,17618,48769
1995-09-29,185.964,186.017,184.361,184.571,20690,49006
1995-10-02,183.993,184.939,183.783,184.493,15824,48178
1995-10-03,184.624,184.624,182.811,183.704,26532,50771
1995-10-04,183.52,184.335,183.336,183.862,13263,49057
1995-10-05,183.757,185.806,183.678,185.596,24144,48607
1995-10-06,185.57,186.542,184.361,185.438,25277,51395
1995-10-09,186.279,187.015,186.227,186.49,21350,52770
1995-10-10,185.517,186.463,185.255,185.99,18676,53058
1995-10-11,185.412,185.465,184.676,184.913,20195,52673
1995-10-12,185.386,186.069,185.202,185.754,18346,52080
1995-10-13,184.729,185.071,183.888,184.624,23273,52404
1995-10-16,185.491,185.911,185.176,185.438,13100,51493
1995-10-17,185.228,186.726,185.149,186.49,21892,50071
1995-10-18,186.884,186.936,184.598,185.176,21799,51999
1995-10-19,186.095,187.62,185.911,187.278,29604,52579
1995-10-20,186.805,188.907,186.674,188.513,26222,54403
1995-10-23,190.352,190.904,189.433,190.168,28799,56924
1995-10-24,190.221,190.247,188.592,189.249,23302,57137
1995-10-25,188.723,189.564,188.355,189.38,19072,57704
1995-10-26,189.196,189.853,186.568,189.748,36539,57195
1995-10-27,188.881,189.748,186.884,187.199,22570,56777
1995-10-30,186.936,187.777,186.647,186.884,16441,57175
1995-10-31,186.7,187.514,186.332,187.041,18186,58157
1995-11-01,186.332,186.516,185.544,185.938,21522,56116
1995-11-02,185.333,185.911,184.992,185.097,16861,55834
1995-11-03,185.123,186.411,184.887,185.806,22724,56039
1995-11-06,186.568,186.91,186.017,186.174,19312,56298
1995-11-07,185.99,186.253,185.517,185.806,13502,56384
1995-11-08,185.964,186.279,185.097,185.386,15951,57176
1995-11-09,184.992,187.488,184.545,186.884,34580,57017
1995-11-10,186.437,187.278,185.78,185.911,14832,56183
1995-11-13,186.779,187.12,185.123,185.701,20820,56331
1995-11-14,185.544,186.568,185.491,186.174,16309,56314
1995-11-15,187.751,188.092,187.173,187.33,18590,55623
1995-11-16,187.252,187.278,186.358,187.015,14862,55646
1995-11-17,187.698,188.066,186.884,187.173,20066,56977
1995-11-20,185.859,187.436,185.833,187.147,21588,56700
1995-11-21,186.595,187.041,186.384,186.857,13562,56616
1995-11-22,186.726,187.357,185.938,186.805,15187,56700
1995-11-24,185.78,186.043,185.307,185.36,14077,58309
1995-11-27,184.203,184.203,182.758,183.205,46235,68610
1995-11-28,183.363,183.993,183.047,183.415,25336,69608
1995-11-29,182.968,183.468,182.364,182.916,28551,70134
1995-11-30,182.89,183.231,181.234,181.576,33957,72978
1995-12-01,181.471,182.443,181.313,181.839,26398,79507
1995-12-04,183.205,183.415,182.443,182.706,19495,77866
1995-12-05,183.257,183.678,182.89,183.52,22300,78221
1995-12-06,182.627,182.811,181.891,182.285,31696,75649
1995-12-07,182.522,182.758,181.523,181.602,20310,75963
1995-12-08,181.393,182.361,180.66,181.576,41121,81897
1995-12-11,182.125,182.308,181.864,182.021,55873,85341
1995-12-12,181.733,181.916,181.21,181.497,33789,84212
1995-12-13,181.157,181.393,180.843,181.183,26691,83324
1995-12-14,181.393,183.198,181.288,182.701,40213,81938
1995-12-15,182.099,182.465,181.837,182.099,25291,79424
1995-12-18,182.832,183.931,182.832,183.878,27215,78155
1995-12-19,183.25,183.538,182.178,182.256,18936,52695
1995-12-20,182.204,182.649,181.968,182.361,16193,52783
1995-12-21,182.308,182.675,182.204,182.622,7770,52363
1995-12-22,181.837,183.067,181.759,182.989,10847,53088
1995-12-26,182.832,183.669,182.727,183.59,7217,52039
1995-12-27,182.936,183.774,182.884,183.146,11378,52381
1995-12-28,183.172,183.669,182.151,182.596,13615,52119
1995-12-29,183.224,183.8,182.727,182.832,7816,52439
1996-01-02,183.486,183.59,182.675,182.832,20080,54054
1996-01-03,182.57,182.701,181.445,181.602,26359,57370
1996-01-04,181.157,181.707,180.006,181.55,44545,66970
1996-01-05,182.125,183.224,181.994,182.387,30710,61821
1996-01-08,182.492,182.544,182.021,182.413,15042,62659
1996-01-09,181.759,182.465,181.445,182.178,22544,61283
1996-01-10,182.465,182.989,182.151,182.832,22846,60812
1996-01-11,182.858,182.884,181.89,182.151,18990,61837
1996-01-12,181.628,182.57,181.497,182.021,22790,61792
1996-01-15,181.602,181.602,181.131,181.288,17432,64162
1996-01-16,180.137,180.398,179.273,179.404,42576,73180
1996-01-17,179.457,179.561,178.358,178.489,35224,77362
1996-01-18,178.619,178.959,177.913,178.096,32398,83718
1996-01-19,177.808,177.965,176.788,177.154,31768,84891
1996-01-22,177.207,177.965,177.102,177.651,35596,86433
1996-01-23,178.07,178.201,177.023,177.442,27222,87475
1996-01-24,176.526,177.337,176.526,176.709,23486,89136
1996-01-25,177.677,177.991,175.741,176.16,36425,89541
1996-01-26,176.5,176.579,175.611,175.872,28220,88747
1996-01-29,175.977,176.971,175.951,176.762,21831,88064
1996-01-30,176.395,176.474,175.846,176.16,18765,88904
1996-01-31,176.134,176.657,175.846,176.081,20400,89966
1996-02-01,176.422,176.552,175.349,176.317,33837,93693
1996-02-02,176.238,177.128,175.741,177.05,24287,92012
1996-02-05,177.887,179.483,177.887,178.724,57451,85165
1996-02-06,178.567,178.619,177.939,178.227,20526,78153
1996-02-07,177.651,177.808,177.207,177.625,25015,81554
1996-02-08,177.468,177.834,177.285,177.651,23202,79459
1996-02-09,178.096,178.148,177.023,177.364,25579,80825
1996-02-12,177.782,178.122,177.468,177.599,19282,79164
1996-02-13,177.547,177.939,177.259,177.782,14206,79053
1996-02-14,178.384,179.116,178.122,178.986,27563,78609
1996-02-15,178.672,178.803,178.07,178.672,17939,78658
1996-02-16,178.698,179.98,178.672,179.64,31773,76463
1996-02-20,180.608,181.105,179.901,180.948,30976,74987
1996-02-21,180.137,180.817,180.032,180.712,29576,71157
1996-02-22,180.425,180.843,180.058,180.555,19469,74383
1996-02-23,179.901,181.576,179.771,181.0,27066,75743
1996-02-26,181.079,181.183,180.634,180.712,18385,75499
1996-02-27,180.451,180.66,180.006,180.372,17512,75392
1996-02-28,179.718,179.718,178.358,178.567,48611,81110
1996-02-29,177.834,178.436,177.625,177.782,29930,79915
1996-03-01,176.919,177.547,176.919,177.207,26760,76382
1996-03-04,177.861,177.991,177.05,177.18,20700,75408
1996-03-05,176.997,177.599,176.736,177.442,18984,73997
1996-03-06,177.154,177.573,177.128,177.207,16608,75228
1996-03-07,176.422,177.337,176.291,177.259,26808,76209
1996-03-08,176.894,178.222,175.358,175.983,67937,87915
1996-03-11,176.738,177.103,176.374,176.686,64225,83313
1996-03-12,176.295,177.806,176.165,177.571,46329,82076
1996-03-13,177.832,177.962,177.363,177.884,25323,79918
1996-03-14,178.04,178.066,177.441,177.78,24964,82762
1996-03-15,177.649,178.613,177.051,177.832,34682,83585
1996-03-18,177.623,177.649,177.155,177.311,16614,82097
1996-03-19,176.79,177.597,176.738,177.493,15026,55864
1996-03-20,177.441,177.78,176.972,177.545,20183,56305
1996-03-21,176.998,177.415,176.686,176.92,17915,56456
1996-03-22,176.972,177.415,176.868,177.103,12909,55745
1996-03-25,177.207,177.389,176.842,176.946,11880,54932
1996-03-26,177.181,177.311,176.79,176.868,7375,54603
1996-03-27,176.087,176.295,175.801,176.113,20180,57931
1996-03-28,176.998,177.623,176.764,177.467,28525,55798
1996-03-29,177.181,178.144,176.92,177.103,23927,54727
1996-04-01,176.53,176.686,176.165,176.243,19423,53438
1996-04-02,176.634,176.66,176.269,176.322,8188,53619
1996-04-03,176.868,177.025,176.426,176.53,13749,55592
1996-04-04,176.53,176.79,176.452,176.608,8405,55288
1996-04-05,176.608,176.764,175.957,176.374,18236,58268
1996-04-08,177.259,177.389,176.53,176.556,21106,55470
1996-04-09,175.436,175.436,174.499,174.577,45958,68213
1996-04-10,174.343,174.707,173.457,174.577,40277,72283
1996-04-11,173.952,174.447,173.77,174.056,36789,78032
1996-04-12,174.03,174.16,173.484,173.77,16010,77925
1996-04-15,172.963,173.275,172.624,172.728,22476,81588
1996-04-16,173.275,173.379,172.807,173.093,14892,82789
1996-04-17,173.327,173.692,173.197,173.457,13753,82988
1996-04-18,173.067,174.577,172.598,173.952,43541,81327
1996-04-19,174.134,174.134,172.754,172.833,23700,83467
1996-04-22,172.156,172.468,171.973,172.182,20358,85244
1996-04-23,171.791,172.312,171.661,171.739,23810,85638
1996-04-24,171.609,171.869,171.505,171.817,9994,85142
1996-04-25,170.854,170.984,170.125,170.307,28191,89027
1996-04-26,170.489,171.375,170.281,170.828,23383,90622
1996-04-29,171.843,172.025,170.984,171.036,22776,91469
1996-04-30,170.75,170.932,169.916,170.385,26470,90721
1996-05-01,169.76,170.515,169.76,169.942,17106,89720
1996-05-02,169.838,170.802,169.578,170.672,25758,89031
1996-05-03,170.776,171.375,170.645,171.114,18929,88872
1996-05-06,171.14,171.192,170.88,171.114,14809,89275
1996-05-07,171.14,171.661,171.14,171.192,15927,87583
1996-05-08,171.375,172.416,171.348,171.947,36159,84602
1996-05-09,172.208,172.234,171.531,171.713,19259,82769
1996-05-10,172.078,172.13,170.489,170.645,27120,88054
1996-05-13,170.229,170.437,170.047,170.203,15465,86028
1996-05-14,169.89,170.203,169.63,170.021,19134,86568
1996-05-15,169.969,170.385,169.838,170.073,16982,85785
1996-05-16,169.838,170.281,169.5,170.073,19019,85194
1996-05-17,170.255,171.192,169.995,170.073,31928,82535
1996-05-20,169.786,170.203,169.63,169.916,15324,83035
1996-05-21,169.161,169.396,168.771,168.927,28867,87731
1996-05-22,169.187,169.552,168.901,168.953,16279,87085
1996-05-23,168.771,169.396,168.641,169.031,14813,86928
1996-05-24,168.901,169.161,168.745,168.771,11843,89345
1996-05-28,168.406,168.615,168.276,168.458,13192,89453
1996-05-29,168.432,170.021,168.406,169.838,26648,86144
1996-05-30,170.489,170.567,169.708,169.76,34602,87677
1996-05-31,169.864,171.348,169.838,171.01,48899,83370
1996-06-03,170.906,171.114,170.281,170.463,25976,80921
1996-06-04,170.307,170.645,169.838,170.255,25731,81682
1996-06-05,170.021,170.541,169.969,170.203,15084,79395
1996-06-06,170.724,170.88,169.995,170.229,19849,81452
1996-06-07,170.515,170.854,169.448,169.552,38174,84573
1996-06-10,169.5,169.966,169.5,169.656,59378,84744
1996-06-11,169.889,169.94,169.397,169.656,23487,83180
1996-06-12,169.578,169.94,169.5,169.811,29650,80785
1996-06-13,169.707,170.614,169.526,170.536,33136,80517
1996-06-14,171.209,171.831,170.458,170.484,55788,88325
1996-06-17,171.65,171.779,171.132,171.183,27623,82805
1996-06-18,172.038,172.349,171.727,172.297,28718,55359
1996-06-19,171.391,171.624,171.054,171.209,22422,55427
1996-06-20,170.873,171.028,170.64,170.795,17842,55317
1996-06-21,170.329,170.458,169.422,169.604,29144,58014
1996-06-24,169.811,170.199,169.785,170.07,9737,57243
1996-06-25,169.656,170.277,169.604,170.122,12200,55589
1996-06-26,170.096,170.717,169.966,170.51,15871,55868
1996-06-27,170.925,171.417,170.795,171.391,18673,55303
1996-06-28,170.847,171.235,170.614,170.769,14729,56181
1996-07-01,170.795,170.873,170.588,170.769,8003,55875
1996-07-02,170.329,170.588,170.277,170.484,9599,56054
1996-07-03,170.199,171.132,170.173,171.054,14161,56187
1996-07-05,170.458,170.588,169.733,170.173,21214,58762
1996-07-08,170.199,170.407,170.07,170.381,13774,57775
1996-07-09,170.717,170.847,170.355,170.458,13230,57125
1996-07-10,170.562,170.614,170.329,170.484,7709,55913
1996-07-11,170.381,171.183,170.381,170.899,22351,55107
1996-07-12,171.209,171.339,170.458,170.64,17534,56269
1996-07-15,170.614,171.624,170.329,171.52,25669,58031
1996-07-16,173.204,177.14,172.919,175.483,69309,70543
1996-07-17,174.99,175.353,174.447,175.094,32773,70744
1996-07-18,174.084,175.146,173.98,174.265,26198,70723
1996-07-19,174.006,174.965,174.006,174.783,13596,69680
1996-07-22,174.343,175.327,174.214,174.939,20956,71793
1996-07-23,175.146,175.146,174.162,174.447,20125,69660
1996-07-24,174.835,175.224,174.162,174.447,19095,69620
1996-07-25,176.182,176.182,175.379,175.793,27364,74461
1996-07-26,175.249,175.69,174.913,175.249,14780,74948
1996-07-29,175.198,175.534,175.146,175.457,6625,74160
1996-07-30,175.741,176.0,175.068,175.923,15898,76135
1996-07-31,176.803,176.959,175.975,176.493,24148,73314
1996-08-01,176.156,176.7,175.767,175.871,14327,74152
1996-08-02,175.483,175.949,175.198,175.897,15941,73124
1996-08-05,175.845,175.923,174.835,175.172,19922,72934
1996-08-06,174.757,175.146,174.472,174.887,15351,72615
1996-08-07,174.939,175.224,174.628,174.887,13058,73371
1996-08-08,174.628,175.068,174.421,174.887,11965,73473
1996-08-09,175.301,175.716,175.224,175.56,13682,74402
1996-08-12,175.793,175.949,175.457,175.508,25014,76727
1996-08-13,175.586,176.026,175.534,175.845,8946,76912
1996-08-14,174.861,175.016,174.343,174.395,24288,74482
1996-08-15,174.343,174.861,174.239,174.472,16308,73599
1996-08-16,173.877,174.11,173.54,173.903,34500,73321
1996-08-19,174.239,174.524,174.188,174.343,10902,70472
1996-08-20,173.98,174.447,173.799,174.239,12189,69859
1996-08-21,174.809,175.172,174.757,174.913,17083,71408
1996-08-22,173.67,173.929,173.307,173.825,27999,71564
1996-08-23,174.317,175.845,174.084,175.405,29645,75410
1996-08-26,175.483,175.612,175.146,175.301,11522,73242
1996-08-27,175.638,175.716,175.249,175.379,11632,73109
1996-08-28,175.457,175.845,175.405,175.586,13165,74354
1996-08-29,175.431,175.612,174.913,175.56,16746,74505
1996-08-30,174.706,175.483,174.68,175.12,20346,76680
1996-09-03,174.239,174.835,174.239,174.602,21484,78520
1996-09-04,174.447,175.301,174.395,175.016,18840,78294
1996-09-05,174.861,174.887,174.239,174.447,23425,77438
1996-09-06,174.472,174.706,173.437,173.618,43561,79042
1996-09-09,173.798,173.978,172.537,172.82,70964,78257
1996-09-10,172.306,172.434,171.276,171.379,54341,79787
1996-09-11,171.662,171.945,171.431,171.559,39217,83788
1996-09-12,171.173,171.508,170.813,171.122,35392,88979
1996-09-13,171.25,171.611,170.89,171.07,39562,87866
1996-09-16,171.148,171.714,171.122,171.302,15851,85209
1996-09-17,171.173,171.25,170.736,171.07,16836,61500
1996-09-18,171.173,172.125,171.148,171.534,29829,60938
1996-09-19,171.456,171.456,170.813,171.019,19613,60110
1996-09-20,170.684,171.045,170.633,170.762,15681,63204
1996-09-23,170.71,171.276,170.684,171.148,11283,63940
1996-09-24,171.019,172.434,170.864,172.357,20662,62613
1996-09-25,171.456,171.611,170.478,170.633,28080,66159
1996-09-26,169.887,170.221,169.552,169.809,35586,69166
1996-09-27,169.526,170.041,169.526,169.681,14633,70132
1996-09-30,169.295,169.707,169.192,169.578,18679,71048
1996-10-01,169.629,169.758,169.372,169.501,10733,70218
1996-10-02,169.552,169.655,168.6,168.677,25308,74533
1996-10-03,168.832,169.192,168.626,168.857,15175,72823
1996-10-04,168.754,169.321,168.549,168.677,20486,72669
1996-10-07,168.806,169.063,168.703,168.78,15262,72091
1996-10-08,169.398,169.526,169.14,169.166,13385,71817
1996-10-09,168.883,169.218,168.729,169.063,14478,70566
1996-10-10,168.754,169.166,168.729,169.063,12005,70060
1996-10-11,168.986,169.037,168.574,168.78,12733,71899
1996-10-14,168.832,169.063,168.806,169.037,3948,71469
1996-10-15,167.854,167.957,167.596,167.674,25727,74160
1996-10-16,167.674,168.163,167.622,167.854,18151,75231
1996-10-17,167.828,168.034,167.108,167.365,24328,78022
1996-10-18,167.468,167.828,167.288,167.416,14628,78581
1996-10-21,167.879,168.317,167.828,168.24,18865,79067
1996-10-22,168.42,169.758,168.163,169.398,30416,74936
1996-10-23,169.732,170.041,169.398,169.707,44242,70423
1996-10-24,169.501,169.912,169.398,169.861,15890,69000
1996-10-25,169.295,170.273,169.243,169.707,26698,66015
1996-10-28,169.475,170.17,169.475,169.861,16621,65899
1996-10-29,170.916,171.302,170.71,170.967,27677,63734
1996-10-30,171.07,171.482,170.71,170.839,24816,64024
1996-10-31,170.401,170.684,169.835,169.964,19440,64072
1996-11-01,169.809,170.864,169.475,170.376,27891,64877
1996-11-04,170.504,170.993,170.273,170.787,14589,64803
1996-11-05,170.401,170.53,169.501,169.938,21731,65267
1996-11-06,169.938,170.324,169.758,170.015,19302,66215
1996-11-07,171.045,171.456,170.35,170.478,32671,65853
1996-11-08,170.839,171.636,170.556,171.456,30348,68658
1996-11-11,171.456,172.846,171.379,172.666,26735,72454
1996-11-12,171.971,172.306,170.787,170.942,32929,70502
1996-11-13,171.225,171.611,170.942,171.225,14751,70251
1996-11-14,171.199,171.302,170.504,170.813,18065,69510
1996-11-15,171.122,171.353,170.607,170.839,12855,70001
1996-11-18,171.173,172.048,171.019,171.636,19777,74072
1996-11-19,171.559,171.688,171.045,171.173,10813,71603
1996-11-20,171.868,172.511,171.791,172.151,20780,74849
1996-11-21,171.456,172.177,171.456,172.048,14721,74910
1996-11-22,171.611,171.688,170.71,170.967,24241,73296
1996-11-25,170.144,170.144,169.063,169.166,54698,74056
1996-11-26,168.677,169.14,168.368,168.96,22975,75132
1996-11-27,169.012,169.321,168.42,168.549,13745,75690
1996-11-29,167.854,167.931,167.339,167.468,17648,76738
1996-12-02,166.85,167.365,165.126,165.461,49181,86705
1996-12-03,164.534,166.104,164.2,165.461,50370,88307
1996-12-04,164.972,165.358,164.328,165.049,23028,88408
1996-12-05,165.203,166.619,164.997,166.027,26578,87247
1996-12-06,168.085,168.265,166.207,166.413,41843,88813
1996-12-09,165.773,165.978,165.21,165.312,62775,87676
1996-12-10,165.696,166.054,165.491,165.747,22195,89039
1996-12-11,166.771,167.871,166.694,167.36,36442,86185
1996-12-12,166.592,167.104,166.336,166.822,23505,84767
1996-12-13,167.129,167.206,165.466,165.619,31523,87462
1996-12-16,165.415,166.72,165.415,166.336,17071,84796
1996-12-17,166.131,166.643,165.927,166.054,10250,53136
1996-12-18,165.722,166.003,165.44,165.799,10096,53143
1996-12-19,165.517,165.747,164.621,165.287,16584,53596
1996-12-20,165.236,166.029,165.133,165.671,8183,53262
1996-12-23,165.568,165.619,165.184,165.415,4159,53493
1996-12-24,165.415,165.415,165.133,165.159,2248,53884
1996-12-26,165.415,165.491,165.133,165.44,3988,53784
1996-12-27,165.031,165.517,164.98,165.415,6906,53327
1996-12-30,165.082,165.44,165.031,165.338,6502,53036
1996-12-31,165.722,167.488,165.619,167.129,34600,59115
1997-01-02,166.259,167.18,166.259,166.899,22865,59032
1997-01-03,165.645,165.696,163.879,164.289,64875,66898
1997-01-06,164.186,164.596,163.905,164.417,24948,68922
1997-01-07,164.519,164.903,164.186,164.391,14418,69022
1997-01-08,163.393,163.649,162.753,163.188,25098,73290
1997-01-09,163.188,163.47,162.702,162.83,16900,73532
1997-01-10,162.881,163.316,161.934,162.19,24427,74814
1997-01-13,161.807,162.037,161.346,161.832,21740,75638
1997-01-14,161.986,162.088,160.808,161.116,22002,78904
1997-01-15,160.808,161.934,160.808,161.832,25860,77307
1997-01-16,161.192,161.423,160.808,161.141,22962,78351
1997-01-17,160.246,160.322,159.043,159.247,40853,82414
1997-01-21,158.301,158.454,157.635,157.661,39288,83047
1997-01-22,156.484,157.2,156.202,156.253,48766,89168
1997-01-23,156.458,157.149,155.972,156.637,36920,89293
1997-01-24,157.789,158.147,157.277,157.533,27474,87925
1997-01-27,156.791,156.893,155.563,155.998,28014,92363
1997-01-28,155.358,156.049,155.025,155.767,26128,93174
1997-01-29,156.381,156.996,156.049,156.33,26675,90013
1997-01-30,156.484,157.328,156.125,156.868,24666,86206
1997-01-31,157.072,157.098,156.279,156.688,9155,86633
1997-02-03,155.767,156.535,155.588,156.407,18521,88628
1997-02-04,156.202,156.407,155.818,155.921,14548,89445
1997-02-05,155.332,156.177,155.281,155.716,18323,92172
1997-02-06,155.281,155.588,155.102,155.383,16700,88223
1997-02-07,153.95,155.46,153.029,154.667,55849,94281
1997-02-10,155.051,155.179,154.564,154.897,45122,96956
1997-02-11,153.362,153.874,152.517,153.029,37317,99418
1997-02-12,152.389,152.773,152.031,152.21,32842,101966
1997-02-13,152.338,152.492,151.775,152.261,21109,98716
1997-02-14,152.082,152.517,151.801,151.954,18089,98705
1997-02-18,150.675,152.338,150.649,152.21,33824,95936
1997-02-19,151.417,151.826,150.675,151.059,28764,97963
1997-02-20,152.185,152.287,151.417,152.005,24269,98255
1997-02-21,152.313,152.466,151.494,151.724,16687,99450
1997-02-24,152.901,153.669,152.85,153.157,50346,99621
1997-02-25,152.901,153.285,152.594,153.183,25615,98014
1997-02-26,153.08,153.234,151.187,151.673,44757,102023
1997-02-27,151.698,152.133,151.315,151.698,25897,102921
1997-02-28,151.289,152.236,151.161,151.647,27916,103287
1997-03-03,151.289,151.647,150.752,150.828,24332,103637
1997-03-04,149.856,149.958,149.293,149.37,56552,112867
1997-03-05,149.498,149.779,149.395,149.523,23651,115160
1997-03-06,148.935,149.319,148.756,149.267,22559,114307
1997-03-07,149.191,149.395,148.73,149.242,35156,115463
1997-03-10,150.082,150.565,150.005,150.514,85916,116883
1997-03-11,150.056,150.438,149.929,150.285,38672,120262
1997-03-12,150.209,151.38,150.082,151.227,47605,119932
1997-03-13,151.074,151.074,149.929,149.954,41130,119794
1997-03-14,150.031,151.38,149.929,151.125,38809,115986
1997-03-17,151.787,151.838,151.201,151.405,36768,110996
1997-03-18,152.041,153.11,151.889,152.983,51300,65021
1997-03-19,152.067,152.525,151.889,152.245,19631,64750
1997-03-20,152.703,153.212,151.049,151.278,39416,65615
1997-03-21,151.227,152.296,151.125,151.838,22464,62567
1997-03-24,151.354,151.761,151.278,151.685,8716,61974
1997-03-25,151.634,151.812,150.667,151.456,15410,62807
1997-03-26,151.201,151.558,150.871,151.43,17853,63903
1997-03-27,152.219,153.034,151.914,152.907,28224,63469
1997-03-31,152.779,154.103,152.627,152.703,31388,63766
1997-04-01,153.085,153.899,152.881,153.721,21816,65795
1997-04-02,153.085,153.212,152.449,152.474,20092,64325
1997-04-03,153.237,153.619,153.034,153.39,23685,65471
1997-04-04,152.601,153.008,151.71,151.838,30807,65503
1997-04-07,150.209,150.234,149.394,149.547,56190,79400
1997-04-08,149.14,149.623,149.089,149.191,23390,81287
1997-04-09,148.809,148.962,147.995,148.173,30480,85180
1997-04-10,149.013,149.089,148.402,148.758,19061,83006
1997-04-11,148.198,148.835,148.071,148.58,19844,82890
1997-04-14,148.427,148.555,147.715,147.842,13423,85217
1997-04-15,147.537,148.275,147.104,148.096,22073,86439
1997-04-16,148.147,148.275,147.715,147.867,12717,87127
1997-04-17,147.918,148.504,147.74,148.224,20820,90282
1997-04-18,148.784,149.369,148.656,149.267,17502,89213
1997-04-21,149.954,150.667,149.878,150.489,38385,83751
1997-04-22,149.725,149.751,148.809,148.936,21902,85564
1997-04-23,148.987,149.445,148.911,149.216,15896,82771
1997-04-24,148.605,149.089,148.427,149.013,11971,82330
1997-04-25,148.911,148.936,147.689,147.918,15749,84885
1997-04-28,147.486,148.046,147.308,147.358,20925,85599
1997-04-29,147.358,148.275,147.333,148.147,20593,84627
1997-04-30,147.817,147.842,147.129,147.613,17960,86106
1997-05-01,147.918,148.758,147.791,148.224,21389,86173
1997-05-02,148.173,148.453,147.511,147.638,14023,85311
1997-05-05,147.664,147.689,147.257,147.358,7401,85381
1997-05-06,147.511,148.504,147.486,148.198,18621,86503
1997-05-07,148.376,148.631,148.122,148.402,15619,87702
1997-05-08,149.038,149.751,148.86,149.394,28211,89116
1997-05-09,150.082,151.634,150.031,151.201,42335,87415
1997-05-12,150.667,150.769,149.42,149.471,41753,86487
1997-05-13,150.005,150.794,149.98,150.438,19731,82984
1997-05-14,149.445,150.667,149.445,150.642,20456,82569
1997-05-15,150.947,150.947,149.903,150.285,19881,83604
1997-05-16,150.056,151.074,149.751,150.692,16377,82858
1997-05-19,149.7,149.878,148.962,149.344,19960,81617
1997-05-20,150.209,152.067,149.903,151.736,29189,82531
1997-05-21,151.074,151.176,150.234,150.387,23512,81308
1997-05-22,150.565,151.074,150.234,150.514,13603,80213
1997-05-23,150.514,150.947,150.438,150.54,8694,79950
1997-05-27,150.031,150.336,149.242,149.293,27814,81138
1997-05-28,149.802,150.82,149.394,150.158,26570,80846
1997-05-29,149.649,150.412,149.471,150.107,14068,80198
1997-05-30,149.725,150.209,148.936,149.445,21945,81016
1997-06-02,147.664,147.689,147.028,147.18,57286,90098
1997-06-03,147.562,147.817,147.231,147.46,33080,93944
1997-06-04,147.282,147.613,146.977,147.129,25536,98808
1997-06-05,147.333,147.511,147.155,147.282,13956,98501
1997-06-06,146.519,147.918,146.086,147.486,48149,106703
1997-06-09,148.573,149.584,148.522,149.129,74363,101935
1997-06-10,148.649,148.851,147.966,148.168,33409,100912
1997-06-11,148.345,148.649,148.194,148.421,28596,94374
1997-06-12,147.612,147.915,147.132,147.208,29423,95984
1997-06-13,147.106,147.385,146.196,146.398,43534,106444
1997-06-16,146.955,147.334,146.803,146.98,31206,91434
1997-06-17,146.626,146.955,146.449,146.879,15116,64881
1997-06-18,147.385,147.587,146.702,146.752,16255,66902
1997-06-19,146.98,147.789,146.5,147.739,26227,63162
1997-06-20,147.258,147.41,146.828,147.258,10604,62161
1997-06-23,147.612,148.143,147.562,147.966,20368,60539
1997-06-24,147.511,147.713,147.233,147.435,10935,60014
1997-06-25,147.587,147.713,147.359,147.562,9238,59977
1997-06-26,147.233,147.41,147.031,147.309,6974,59385
1997-06-27,146.854,146.879,146.146,146.196,32060,72796
1997-06-30,145.766,146.146,145.69,145.766,30937,88842
1997-07-01,145.665,146.196,145.463,145.539,22157,93002
1997-07-02,145.21,145.387,144.805,145.008,35618,103191
1997-07-03,144.881,145.488,144.831,145.084,18243,101195
1997-07-07,145.589,145.741,144.957,145.134,16245,104853
1997-07-08,144.78,144.881,144.199,144.325,18882,109860
1997-07-09,144.224,144.401,143.87,144.325,16871,110124
1997-07-10,144.831,145.488,144.78,144.982,31035,106580
1997-07-11,144.173,144.325,143.111,143.187,35501,112252
1997-07-14,141.746,142.353,141.089,141.24,28711,114804
1997-07-15,141.544,141.771,140.76,141.746,23212,114281
1997-07-16,141.847,142.024,140.987,141.746,16238,112252
1997-07-17,141.468,142.075,141.266,141.468,15621,110934
1997-07-18,141.063,142.226,141.038,141.544,18247,109691
1997-07-21,141.443,141.645,141.114,141.316,12368,116393
1997-07-22,140.027,140.128,139.066,139.116,40788,130841
1997-07-23,138.762,139.268,138.585,138.914,30739,128292
1997-07-24,138.206,138.889,137.877,138.257,29816,132194
1997-07-25,138.105,138.383,137.877,137.953,18751,132976
1997-07-28,137.523,137.751,137.144,137.65,22514,132921
1997-07-29,138.408,138.864,137.852,138.08,27230,127961
1997-07-30,137.625,138.484,137.448,138.13,19902,126297
1997-07-31,138.484,138.51,137.599,137.802,16723,125970
1997-08-01,137.043,137.043,135.754,136.032,44220,133895
1997-08-04,135.602,136.133,135.577,135.804,19019,134408
1997-08-05,134.919,135.172,134.616,134.919,27491,134008
1997-08-06,134.363,135.324,134.287,134.692,23538,131609
1997-08-07,134.995,135.829,134.97,135.703,28864,128139
1997-08-08,136.285,137.928,136.209,137.195,52874,122505
1997-08-11,136.487,136.79,136.108,136.158,29544,119177
1997-08-12,136.108,136.335,135.602,135.88,19634,120443
1997-08-13,137.523,138.611,136.993,138.08,49721,119818
1997-08-14,137.979,138.181,137.119,137.625,34916,115840
1997-08-15,137.776,139.546,137.751,138.762,48662,108589
1997-08-18,139.192,139.268,138.56,138.661,31410,104733
1997-08-19,138.156,138.358,137.346,137.776,24694,104712
1997-08-20,136.891,137.018,136.335,136.462,32975,109106
1997-08-21,136.993,137.928,136.917,137.726,35226,107010
1997-08-22,139.723,140.204,138.965,139.572,59422,106491
1997-08-25,138.965,139.445,138.914,139.066,20208,106604
1997-08-26,140.987,141.291,140.406,140.937,44842,109161
1997-08-27,140.052,140.735,139.597,140.482,32551,105530
1997-08-28,140.305,141.695,140.001,140.937,38848,104676
1997-08-29,140.912,140.987,139.47,139.9,32947,108444
1997-09-02,138.914,139.116,137.827,137.903,47405,109805
1997-09-03,138.965,139.572,138.864,138.965,27866,108691
1997-09-04,138.864,139.47,138.56,139.268,20877,106265
1997-09-05,139.293,140.962,138.965,140.381,45630,109314
1997-09-08,140.205,140.381,139.652,139.978,56502,126927
1997-09-09,139.576,139.978,139.375,139.4,49777,123409
1997-09-10,140.205,140.959,140.104,140.431,49728,117549
1997-09-11,141.135,142.341,140.959,141.964,60514,112904
1997-09-12,141.864,143.02,141.336,142.869,54779,111810
1997-09-15,143.874,144.076,143.271,143.472,45267,103580
1997-09-16,142.517,143.271,142.366,142.844,28748,61067
1997-09-17,142.542,143.045,142.517,142.668,15993,61058
1997-09-18,142.869,143.171,141.688,142.065,22749,58224
1997-09-19,142.09,142.995,142.065,142.266,20354,61618
1997-09-22,140.934,141.336,140.582,141.11,29007,63165
1997-09-23,140.833,141.034,140.255,140.934,28241,60480
1997-09-24,142.668,142.819,142.241,142.618,28230,61849
1997-09-25,142.391,143.523,142.266,143.497,19835,62930
1997-09-26,143.724,143.9,143.07,143.548,20253,63166
1997-09-29,143.397,143.774,143.271,143.372,10487,61137
1997-09-30,142.97,143.497,142.794,143.397,13064,61020
1997-10-01,142.693,142.769,142.14,142.391,18098,60998
1997-10-02,142.869,142.97,142.216,142.417,13197,61612
1997-10-03,142.065,143.874,142.014,143.573,28387,65645
1997-10-06,143.497,143.724,143.07,143.623,15679,64981
1997-10-07,144.453,144.754,143.648,143.699,30809,67792
1997-10-08,143.673,144.578,143.422,144.352,16493,68346
1997-10-09,144.704,145.584,144.603,144.729,40278,76437
1997-10-10,144.603,144.729,143.824,144.277,3220,74735
1997-10-14,143.774,144.151,143.523,143.975,14561,71177
1997-10-15,143.849,144.503,143.699,144.151,13086,72258
1997-10-16,144.277,144.779,144.126,144.578,11373,73299
1997-10-17,142.869,143.02,142.065,142.391,47282,74457
1997-10-20,142.065,142.417,142.065,142.241,18861,73774
1997-10-21,141.512,141.587,140.833,140.858,38490,67083
1997-10-22,141.21,141.839,141.084,141.11,31794,67756
1997-10-23,142.165,142.97,141.839,142.593,36943,66377
1997-10-24,141.336,142.266,141.16,141.763,26915,64933
1997-10-27,142.869,143.573,142.743,143.447,23773,66037
1997-10-28,146.262,147.494,144.905,144.98,51978,69241
1997-10-29,144.729,146.036,144.453,145.709,28301,68314
1997-10-30,147.042,147.268,145.659,146.463,27284,68969
1997-10-31,146.137,146.639,145.584,146.137,22918,67860
1997-11-03,144.629,145.559,144.629,145.081,17840,67671
1997-11-04,146.363,146.614,146.011,146.338,20741,70769
1997-11-05,145.709,146.815,145.609,146.69,17079,73696
1997-11-06,146.061,146.639,146.011,146.137,21659,77718
1997-11-07,147.846,148.173,147.142,147.645,31517,83743
1997-11-10,146.514,147.67,146.463,147.494,19828,84858
1997-11-12,147.016,147.293,145.885,146.489,30522,78556
1997-11-13,146.011,146.564,145.785,145.91,18540,77314
1997-11-14,145.508,145.91,145.182,145.709,17157,76680
1997-11-17,144.754,145.659,144.679,145.533,16642,76852
1997-11-18,145.659,146.061,145.408,145.659,13201,77690
1997-11-19,145.408,145.458,144.955,145.383,14059,74285
1997-11-20,145.533,145.734,144.478,144.578,28118,73366
1997-11-21,143.9,145.006,143.673,144.804,43477,80106
1997-11-24,145.131,145.332,144.679,144.704,11517,72828
1997-11-25,144.427,144.553,143.749,143.799,18849,74088
1997-11-26,143.422,143.447,142.743,142.894,31395,77230
1997-11-28,142.769,142.794,142.366,142.492,15852,78182
1997-12-01,141.587,141.839,141.311,141.461,31467,81374
1997-12-02,141.989,142.04,141.461,141.537,17580,83052
1997-12-03,142.014,142.391,141.864,142.014,18729,81795
1997-12-04,141.939,142.216,141.788,141.914,19276,82606
1997-12-05,141.864,141.939,140.833,141.084,48081,97600
1997-12-08,140.709,140.984,140.384,140.509,50390,100855
1997-12-09,140.534,140.634,140.009,140.384,56766,107924
1997-12-10,140.934,141.059,140.609,140.709,21146,105778
1997-12-11,141.384,142.76,141.334,142.66,62289,99749
1997-12-12,142.26,142.41,141.409,141.484,30541,97925
1997-12-15,141.659,142.16,141.559,141.659,24550,94706
1997-12-16,140.959,141.184,140.759,141.084,11075,66959
1997-12-17,142.485,142.635,141.634,141.684,24568,69690
1997-12-18,141.684,141.885,141.084,141.534,10176,69935
1997-12-19,141.659,142.385,141.584,141.634,15265,70088
1997-12-22,140.959,141.209,140.909,141.084,7002,70147
1997-12-23,141.259,141.735,141.234,141.484,9032,72523
1997-12-24,141.484,141.76,141.359,141.735,6338,70608
1997-12-26,141.584,141.76,141.459,141.634,2704,70475
1997-12-29,141.159,141.209,140.259,140.309,29659,77748
1997-12-30,140.084,140.434,139.884,140.309,17321,82008
1997-12-31,139.959,139.959,139.534,139.609,9068,83642
1998-01-02,139.184,139.334,138.959,139.184,19009,92503
1998-01-05,138.409,138.559,137.109,137.559,37805,106075
1998-01-06,137.609,137.984,136.684,136.959,27352,108590
1998-01-07,137.409,138.059,137.359,137.859,20248,111734
1998-01-08,137.509,138.359,137.459,137.709,20324,112602
1998-01-09,137.909,138.109,137.459,137.684,18776,111244
1998-01-12,138.284,138.484,137.684,137.859,17882,112016
1998-01-13,137.959,138.409,137.584,137.859,16901,110806
1998-01-14,137.309,137.809,137.259,137.684,11689,111904
1998-01-15,137.359,137.584,136.734,136.884,23539,118492
1998-01-16,137.034,137.534,136.859,136.884,16519,116106
1998-01-20,136.409,136.534,136.034,136.234,14456,117380
1998-01-21,136.909,137.984,136.609,137.884,41824,107585
1998-01-22,139.009,139.509,138.659,138.884,56115,91366
1998-01-23,139.559,141.434,139.284,141.034,54661,82758
1998-01-26,140.734,141.009,139.509,139.734,30549,75665
1998-01-27,140.334,140.634,139.734,140.084,18079,74849
1998-01-28,138.859,139.084,138.209,138.359,26105,79039
1998-01-29,138.609,138.659,137.009,137.109,35325,82141
1998-01-30,137.659,137.859,136.709,136.984,24992,85301
1998-02-02,136.809,138.009,136.734,137.759,30674,86024
1998-02-03,137.709,138.559,137.359,138.384,20703,84452
1998-02-04,138.209,139.384,138.109,139.209,30099,78652
1998-02-05,139.709,140.459,139.409,140.384,30600,77176
1998-02-06,139.659,140.034,138.384,138.409,28740,80710
1998-02-09,138.159,138.284,137.634,137.834,22555,82873
1998-02-10,138.334,138.734,138.109,138.534,16459,78067
1998-02-11,137.434,137.859,137.409,137.834,17620,79279
1998-02-12,138.034,138.659,137.834,138.434,18037,78099
1998-02-13,137.109,137.634,137.059,137.559,22830,82207
1998-02-17,137.609,137.634,136.934,137.159,24791,86656
1998-02-18,137.184,137.784,137.134,137.484,18238,85129
1998-02-19,137.634,137.984,137.084,137.734,22600,82373
1998-02-20,137.584,137.684,137.184,137.409,9952,81929
1998-02-23,137.759,139.834,137.734,139.459,46487,76958
1998-02-24,139.084,139.409,138.734,139.359,20182,75164
1998-02-25,138.509,138.584,137.509,137.609,30653,77729
1998-02-26,137.609,138.334,137.534,137.859,26066,76506
1998-02-27,138.009,138.459,137.684,137.859,15299,77026
1998-03-02,138.509,138.709,137.934,138.009,24485,80603
1998-03-03,137.909,138.484,137.859,138.309,23165,82499
1998-03-04,137.684,137.859,137.309,137.584,32600,83667
1998-03-05,138.159,138.259,136.009,136.134,72153,111685
1998-03-06,136.509,136.859,135.984,136.409,59965,120616
1998-03-09,136.907,137.081,136.658,136.857,64962,124702
1998-03-10,136.757,136.757,136.409,136.733,27203,123557
1998-03-11,136.21,136.782,136.086,136.608,27958,122452
1998-03-12,136.534,137.056,136.434,136.857,22701,118692
1998-03-13,136.832,138.125,136.21,137.578,60711,117048
1998-03-16,137.205,137.553,137.13,137.479,22197,109431
1998-03-17,137.255,138.101,136.981,137.379,22943,67958
1998-03-18,137.106,137.23,136.633,136.932,19483,67749
1998-03-19,136.733,137.006,136.26,136.31,22119,71551
1998-03-20,136.384,136.757,136.036,136.509,16095,73882
1998-03-23,136.658,136.981,136.509,136.907,10106,74302
1998-03-24,136.782,136.882,136.534,136.733,6674,74075
1998-03-25,136.509,137.106,136.409,136.807,13658,73535
1998-03-26,136.782,137.454,136.683,137.354,24504,73204
1998-03-27,137.13,137.13,136.558,136.757,24614,73848
1998-03-30,136.285,136.285,135.091,135.215,47190,93554
1998-03-31,135.315,135.464,134.842,135.165,27119,94374
1998-04-01,134.966,135.19,134.593,134.892,20035,96103
1998-04-02,135.116,135.215,134.693,134.718,16214,100372
1998-04-03,134.593,135.315,134.568,135.19,16575,97200
1998-04-06,135.787,135.812,135.439,135.688,9911,103618
1998-04-07,135.663,136.061,135.539,136.036,9911,103618
1998-04-08,136.185,138.076,136.185,137.802,79872,85203
1998-04-09,137.081,137.902,136.932,137.056,26936,85303
1998-04-13,136.658,137.056,136.335,136.832,13278,83410
1998-04-14,137.429,138.797,137.305,138.523,41011,85883
1998-04-15,138.424,139.096,138.349,138.499,26574,89559
1998-04-16,137.827,138.349,137.752,138.225,18834,92261
1998-04-17,138.349,138.548,137.877,138.001,12443,90652
1998-04-20,138.026,138.747,137.926,138.523,23618,98268
1998-04-21,139.22,139.767,139.12,139.568,38284,108963
1998-04-22,139.12,139.369,138.847,139.22,30452,117066
1998-04-23,139.295,139.369,138.374,138.772,32536,110005
1998-04-24,138.872,139.419,138.598,139.344,16874,112585
1998-04-27,139.096,139.842,139.046,139.618,21741,118552
1998-04-28,139.046,139.27,138.797,139.145,17878,115677
1998-04-29,138.474,139.145,138.225,138.847,30640,113221
1998-04-30,138.847,139.419,138.698,138.822,20352,114623
1998-05-01,139.27,140.613,139.22,140.091,49978,124867
1998-05-04,139.742,140.19,139.668,140.016,26780,129402
1998-05-05,140.837,141.235,140.588,141.085,36434,137700
1998-05-06,140.762,141.434,140.712,141.135,30361,145155
1998-05-07,141.434,141.533,140.812,141.061,28130,143192
1998-05-08,140.613,140.986,140.364,140.862,15427,142949
1998-05-11,140.538,140.538,140.016,140.289,18976,136915
1998-05-12,140.563,140.837,140.265,140.289,14706,136723
1998-05-13,139.941,140.24,139.842,140.14,13795,136883
1998-05-14,140.265,140.538,139.792,140.115,23536,133360
1998-05-15,139.892,140.115,139.295,139.618,23868,129409
1998-05-18,139.444,139.618,139.12,139.618,22002,126176
1998-05-19,139.693,139.792,139.394,139.717,11105,127447
1998-05-20,140.066,140.812,140.041,140.762,34463,144334
1998-05-21,141.558,142.031,141.434,141.881,28872,151209
1998-05-22,141.384,141.832,141.359,141.707,13604,149747
1998-05-26,140.687,140.911,140.464,140.663,23667,145245
1998-05-27,141.284,141.384,139.046,139.717,59147,134166
1998-05-28,139.369,140.364,139.344,139.892,29615,130227
1998-05-29,139.568,139.867,138.996,139.419,23992,125714
1998-06-01,139.742,140.115,139.394,140.041,15019,125908
1998-06-02,139.742,139.991,139.618,139.817,21900,127149
1998-06-03,140.339,140.712,140.289,140.613,30291,134053
1998-06-04,140.488,141.235,140.464,141.061,30764,138162
1998-06-05,140.439,140.687,139.916,140.19,57404,135197
1998-06-08,140.141,140.239,139.72,139.794,73117,148483
1998-06-09,139.893,140.091,139.522,139.745,41259,146266
1998-06-10,139.398,139.448,138.235,138.458,65604,137044
1998-06-11,138.26,138.334,137.369,137.468,60270,138050
1998-06-12,137.444,138.112,137.345,137.642,52070,130581
1998-06-15,136.973,137.419,136.949,137.369,30949,129688
1998-06-16,138.211,138.557,138.013,138.384,23338,83331
1998-06-17,139.2,139.472,138.73,139.25,26116,81571
1998-06-18,139.2,139.373,138.31,138.557,24523,81273
1998-06-19,138.73,139.571,138.681,139.002,23499,76688
1998-06-22,138.211,138.681,138.062,138.557,13534,76629
1998-06-23,138.483,138.508,137.716,138.062,24847,79807
1998-06-24,137.988,138.136,137.691,137.864,8563,80317
1998-06-25,138.136,138.631,138.062,138.112,16077,78883
1998-06-26,138.087,138.161,136.924,137.369,28693,89743
1998-06-29,137.369,137.444,136.875,137.097,13318,90661
1998-06-30,137.666,137.914,137.072,137.419,12359,89971
1998-07-01,136.875,136.924,136.503,136.652,25314,98271
1998-07-02,136.355,136.627,136.058,136.454,23803,104238
1998-07-06,137.221,137.567,136.949,137.048,16748,103145
1998-07-07,136.973,137.295,136.776,136.949,7800,102764
1998-07-08,136.602,136.776,136.503,136.627,7986,102788
1998-07-09,135.835,135.934,135.538,135.811,27502,113419
1998-07-10,136.627,136.776,136.33,136.652,19402,111866
1998-07-13,137.048,138.136,136.998,137.839,38511,103326
1998-07-14,137.815,138.285,137.567,137.666,15836,101412
1998-07-15,137.889,138.062,137.642,138.037,10920,99328
1998-07-16,138.854,139.126,138.31,139.077,46328,91274
1998-07-17,138.879,139.472,138.582,139.373,23648,90570
1998-07-20,139.299,139.819,139.176,139.324,17877,90031
1998-07-21,138.879,139.027,138.656,138.903,14133,88298
1998-07-22,138.705,138.903,138.508,138.73,10075,89086
1998-07-23,138.384,138.978,138.334,138.879,15753,84720
1998-07-24,139.052,139.695,139.027,139.299,17496,83384
1998-07-27,139.373,139.497,138.829,138.879,11356,81317
1998-07-28,139.002,140.462,138.978,140.19,43226,97551
1998-07-29,140.116,140.239,139.646,140.141,33960,106883
1998-07-30,140.437,140.586,139.176,139.373,36254,107051
1998-07-31,139.423,139.621,139.002,139.472,13695,105455
1998-08-03,138.953,139.2,138.755,138.928,15660,107425
1998-08-04,139.126,140.141,138.928,139.769,23798,107880
1998-08-05,140.066,140.314,139.868,140.215,15569,109698
1998-08-06,140.19,140.71,139.794,139.819,24083,101936
1998-08-07,139.967,140.017,139.126,139.324,18835,102154
1998-08-10,139.2,139.646,139.151,139.621,13008,105925
1998-08-11,139.002,139.522,138.953,139.25,24385,103313
1998-08-12,139.893,139.967,138.606,138.681,32567,103589
1998-08-13,138.656,139.176,138.483,138.829,29744,100977
1998-08-14,138.483,138.582,137.295,137.592,44948,95904
1998-08-17,137.864,138.409,137.765,138.161,32392,97439
1998-08-18,137.765,138.062,137.493,137.543,21244,98455
1998-08-19,137.493,137.914,137.295,137.864,14769,94363
1998-08-20,138.062,138.136,137.543,137.691,17952,92591
1998-08-21,137.666,138.186,137.345,137.79,21397,96915
1998-08-24,137.914,138.112,137.765,137.938,9080,95524
1998-08-25,137.839,137.914,137.592,137.666,12924,98684
1998-08-26,137.072,137.345,136.825,137.147,34969,101445
1998-08-27,136.701,138.186,136.503,137.914,50770,100178
1998-08-28,138.359,141.031,138.211,140.932,83405,110293
1998-08-31,139.967,141.081,139.943,140.908,43976,118584
1998-09-01,141.551,142.639,141.056,141.699,46235,134591
1998-09-02,141.056,141.749,140.982,141.551,25389,137329
1998-09-03,143.357,144.124,142.639,143.06,71873,142523
1998-09-04,142.169,143.406,142.12,143.011,38214,145098
1998-09-08,143.158,143.7,142.617,143.208,78501,160112
1998-09-09,142.346,143.946,142.1,143.798,54543,158644
1998-09-10,145.349,147.441,145.349,146.531,74086,179030
1998-09-11,146.801,147.269,145.817,145.989,49130,181652
1998-09-14,145.226,145.841,145.078,145.743,21865,181176
1998-09-15,146.604,147.023,146.087,146.457,19328,136981
1998-09-16,145.743,146.457,145.324,146.358,27893,144492
1998-09-17,147.515,147.589,146.26,146.358,23282,147918
1998-09-18,146.038,146.703,145.718,145.866,20402,144269
1998-09-21,147.195,147.786,146.161,146.407,23300,146772
1998-09-22,146.137,147.269,145.915,146.924,18570,147776
1998-09-23,146.038,147.441,145.915,147.392,23223,151099
1998-09-24,147.244,147.983,146.9,147.49,22857,157085
1998-09-25,148.475,148.746,147.072,147.17,33255,151422
1998-09-28,146.85,147.687,146.604,147.589,19472,152110
1998-09-29,147.466,147.983,146.998,147.687,22384,155371
1998-09-30,147.441,148.204,147.367,148.007,21325,156341
1998-10-01,149.755,150.1,149.287,150.026,32134,163461
1998-10-02,150.961,151.626,149.952,150.124,28092,161677
1998-10-05,151.109,151.773,150.493,151.355,24265,158791
1998-10-06,150.543,151.872,150.149,151.478,24265,158791
1998-10-07,153.3,154.038,152.66,153.078,30471,146631
1998-10-08,153.546,154.087,150.444,150.887,45605,135797
1998-10-09,150.887,151.601,150.272,150.715,26234,131804
1998-10-13,150.198,151.38,150.075,151.183,19021,133410
1998-10-14,150.567,150.764,149.977,150.493,11483,130147
1998-10-15,151.158,152.118,151.133,151.355,15983,134259
1998-10-16,152.881,153.053,151.798,152.463,24801,136480
1998-10-19,152.241,152.266,151.01,151.257,14657,135208
1998-10-20,150.937,151.38,149.977,150.666,21677,134737
1998-10-21,150.198,150.395,149.263,149.632,18598,133714
1998-10-22,149.386,150.764,149.287,150.617,23773,131171
1998-10-23,150.321,151.109,150.149,150.617,11229,126631
1998-10-26,149.435,150.075,147.958,148.254,29971,127335
1998-10-27,148.623,149.263,148.254,149.189,23241,129888
1998-10-28,149.337,149.509,148.721,149.066,12800,130621
1998-10-29,149.583,150.001,148.918,149.164,14087,129930
1998-10-30,149.435,149.484,148.623,149.066,11639,125688
1998-11-02,149.509,149.78,149.066,149.189,13508,124390
1998-11-03,148.254,148.844,148.204,148.475,14651,121783
1998-11-04,147.663,148.204,147.638,148.204,22922,117434
1998-11-05,148.598,148.992,148.377,148.672,16764,119792
1998-11-06,148.623,148.721,147.17,147.244,27521,119430
1998-11-09,146.949,147.121,145.546,146.112,54228,111012
1998-11-10,146.457,146.703,145.866,146.383,16957,106356
1998-11-11,146.383,147.146,146.211,146.998,12399,107030
1998-11-12,146.087,146.481,145.177,146.432,23035,100749
1998-11-13,145.964,146.555,145.595,146.358,14042,102064
1998-11-16,147.86,148.204,147.441,147.737,32100,103092
1998-11-17,147.835,148.057,147.072,147.49,11149,100880
1998-11-18,147.86,148.106,146.974,147.023,13731,99771
1998-11-19,147.072,147.17,145.866,146.014,13927,97087
1998-11-20,145.989,146.087,145.472,145.571,23777,99993
1998-11-23,144.168,144.881,143.995,144.611,30295,95258
1998-11-24,144.291,144.635,144.168,144.438,12801,95136
1998-11-25,144.931,144.98,144.315,144.66,9503,93601
1998-11-27,144.586,144.635,143.651,143.749,14768,94474
1998-11-30,144.807,145.694,144.807,145.374,29245,94861
1998-12-01,146.432,146.924,145.964,146.358,20149,94816
1998-12-02,146.777,147.687,146.604,147.466,28705,94794
1998-12-03,146.9,147.614,146.777,147.318,48760,93088
1998-12-04,146.9,147.195,146.407,147.023,35970,97691
1998-12-07,146.703,146.949,146.457,146.629,29856,100791
1998-12-08,147.241,147.78,147.143,147.731,24233,105381
1998-12-09,147.584,147.927,147.364,147.535,18367,104060
1998-12-10,148.221,149.03,148.099,148.981,36122,115331
1998-12-11,148.76,149.618,148.564,149.422,28324,115250
1998-12-14,149.054,149.52,148.76,149.299,22769,111297
1998-12-15,148.613,148.736,148.246,148.442,9200,65168
1998-12-16,147.976,148.123,146.776,147.143,19380,64366
1998-12-17,147.878,147.976,147.535,147.56,7309,63860
1998-12-18,148.295,148.564,147.535,147.952,11913,63487
1998-12-21,147.756,147.927,146.972,147.217,7527,61592
1998-12-22,147.143,147.266,146.653,147.217,8628,59991
1998-12-23,146.972,147.241,146.825,147.021,6967,58528
1998-12-24,146.678,146.849,146.139,146.188,6187,57306
1998-12-28,146.286,146.776,146.188,146.751,6298,56394
1998-12-29,146.874,147.437,146.8,147.021,7282,57312
1998-12-30,147.241,147.437,145.992,146.506,13274,58241
1998-12-31,146.653,147.731,146.506,147.462,11821,61127
1999-01-04,148.221,148.834,148.001,148.687,14429,66044
1999-01-05,148.221,148.319,147.682,148.05,12201,67444
1999-01-06,147.658,147.682,144.914,145.82,20964,63833
1999-01-07,146.188,147.486,146.163,147.192,11025,61110
1999-01-08,146.482,146.531,144.939,145.698,12599,60184
1999-01-11,145.404,145.477,144.302,144.375,9843,59713
1999-01-12,144.792,145.38,144.718,145.159,9212,59288
1999-01-13,147.486,148.148,146.212,146.384,19666,59700
1999-01-14,146.384,147.339,146.188,147.094,7112,59117
1999-01-15,145.967,146.139,145.282,145.6,7248,56972
1999-01-19,145.82,145.992,145.502,145.845,4970,56520
1999-01-20,145.233,145.624,144.914,145.135,8986,56878
1999-01-21,145.306,145.918,145.257,145.673,7413,58247
1999-01-22,145.233,145.673,145.184,145.502,10009,58282
1999-01-25,145.477,145.575,144.988,145.11,4734,58049
1999-01-26,145.453,145.551,145.135,145.184,5146,58477
1999-01-27,144.694,144.694,143.248,143.567,40773,64482
1999-01-28,143.273,143.42,142.856,143.371,7508,63612
1999-01-29,142.979,142.979,142.415,142.685,10658,58966
1999-02-01,142.342,142.44,141.68,141.999,10289,58252
1999-02-02,142.317,142.66,141.901,142.489,10140,57867
1999-02-03,142.342,142.562,141.901,142.048,6215,57945
1999-02-04,141.386,142.415,141.239,142.244,16363,58289
1999-02-05,141.582,141.852,141.166,141.337,11619,59404
1999-02-08,141.068,142.195,140.823,142.097,17338,60793
1999-02-09,142.195,142.244,141.484,141.656,7396,59971
1999-02-10,142.293,142.562,141.95,142.317,8976,58578
1999-02-11,141.925,142.048,140.749,140.847,10385,60619
1999-02-12,141.068,141.631,140.97,141.509,6563,59933
1999-02-16,140.186,140.651,139.965,140.553,9367,61008
1999-02-17,141.141,141.166,140.774,140.945,5890,60050
1999-02-18,140.896,141.092,140.284,140.504,6667,61148
1999-02-19,140.039,140.063,138.667,138.74,15796,61889
1999-02-22,137.883,138.544,137.809,138.373,11566,59261
1999-02-23,137.319,138.103,137.148,138.005,10087,58891
1999-02-24,138.471,138.495,137.001,137.76,9887,58946
1999-02-25,138.25,138.912,137.956,138.446,11931,58120
1999-02-26,138.128,138.348,137.319,138.128,10899,58402
1999-03-01,137.785,137.809,136.413,136.462,13944,59254
1999-03-02,136.535,137.099,136.511,136.854,19447,62231
1999-03-03,136.535,136.878,136.364,136.511,8455,62134
1999-03-04,136.143,136.168,135.212,135.58,14799,62137
1999-03-05,135.727,136.143,135.188,135.678,27153,68769
1999-03-08,136.675,136.675,136.301,136.426,21152,39649
1999-03-09,136.301,136.675,136.177,136.426,19572,44090
1999-03-10,137.299,137.548,137.049,137.299,21738,44952
1999-03-11,136.301,138.671,135.304,138.172,28775,52365
1999-03-12,138.172,138.421,136.551,136.675,16688,51548
1999-03-15,136.675,137.424,136.551,137.049,12739,49350
1999-03-16,136.925,137.922,135.553,137.798,20198,32579
1999-03-17,137.798,138.421,137.049,137.922,9779,31269
1999-03-18,137.798,138.671,137.299,137.424,10309,29761
1999-03-19,137.424,137.673,136.301,136.426,7723,32815
1999-03-22,136.675,136.8,135.927,136.675,8009,32373
1999-03-23,136.675,136.8,136.052,136.675,7642,29252
1999-03-24,136.675,137.299,136.301,136.426,7474,27883
1999-03-25,136.301,136.551,135.678,135.678,5306,30060
1999-03-26,135.678,136.052,134.181,134.805,20962,37931
1999-03-29,134.68,135.054,133.807,134.431,10164,36932
1999-03-30,134.431,134.93,134.057,134.181,3013,36612
1999-03-31,134.181,135.553,133.932,134.68,7379,33997
1999-04-01,134.93,135.428,134.306,135.054,6653,34944
1999-04-05,135.054,135.054,134.057,134.181,2610,34718
1999-04-06,134.181,135.927,134.057,135.678,12022,30360
1999-04-07,135.678,135.802,134.805,134.93,6808,29212
1999-04-08,134.93,136.177,134.306,134.431,15038,30871
1999-04-09,134.555,135.428,134.431,135.304,7056,32129
1999-04-12,135.428,136.177,135.428,135.553,6002,31411
1999-04-13,135.428,135.553,134.68,134.805,5621,31725
1999-04-14,134.93,135.428,134.93,135.179,1898,31134
1999-04-15,135.304,135.428,133.807,133.932,12952,36149
1999-04-16,134.057,134.181,133.184,134.057,8482,39408
1999-04-19,133.682,133.932,132.56,133.059,9841,44896
1999-04-20,133.184,133.682,132.81,132.934,6828,43656
1999-04-21,133.059,133.059,132.311,132.934,9654,44146
1999-04-22,132.81,133.308,132.186,132.81,11372,44104
1999-04-23,132.81,133.682,132.56,132.81,8273,41316
1999-04-26,132.685,132.81,132.311,132.435,2252,41712
1999-04-27,132.435,133.433,132.435,133.433,4578,42000
1999-04-28,133.184,133.807,132.685,132.934,6203,43362
1999-04-29,132.934,133.059,132.186,132.435,7266,43858
1999-04-30,132.435,132.934,131.937,132.311,6192,44395
1999-05-03,132.435,132.56,131.937,132.311,3083,45097
1999-05-04,132.311,132.934,132.186,132.934,10370,41973
1999-05-05,132.934,134.68,132.81,134.306,25584,41484
1999-05-06,134.306,135.304,134.181,135.179,16358,42765
1999-05-07,135.054,135.179,134.306,134.306,6338,42284
1999-05-10,134.057,135.428,133.932,134.93,5078,41333
1999-05-11,134.805,134.93,133.807,133.932,7339,43471
1999-05-12,133.932,134.057,133.059,133.059,11965,44821
1999-05-13,133.059,133.433,132.56,133.308,4629,45314
1999-05-14,133.184,134.181,132.934,133.059,14615,46428
1999-05-17,133.308,133.558,133.059,133.308,2454,46198
1999-05-18,133.308,133.807,133.184,133.558,4252,45633
1999-05-19,133.433,133.558,132.685,133.184,5145,45729
1999-05-20,133.184,133.807,132.56,132.81,4329,45954
1999-05-21,132.81,132.81,131.687,132.061,9419,48385
1999-05-24,131.812,132.435,131.687,132.311,4790,46585
1999-05-25,132.311,132.934,131.937,132.311,8224,47949
1999-05-26,132.56,132.685,130.565,130.69,14891,54516
1999-05-27,130.44,130.939,129.941,130.315,14792,55358
1999-05-28,130.565,131.064,129.817,129.817,10074,57643
1999-06-01,130.44,130.69,129.941,130.44,5279,57438
1999-06-02,130.44,130.565,128.944,129.193,12727,60046
1999-06-03,129.193,129.941,128.57,128.819,15596,62679
1999-06-04,128.944,129.443,128.195,129.443,23054,59376
1999-06-07,129.318,129.318,128.071,128.32,16735,62423
1999-06-08,128.444,130.552,128.196,130.552,26152,61075
1999-06-09,130.552,130.924,130.18,130.676,20966,63766
1999-06-10,130.676,131.172,130.304,130.8,16031,61895
1999-06-11,130.8,131.792,130.676,131.544,12054,62609
1999-06-14,131.296,131.296,129.932,130.056,13588,64764
1999-06-15,130.056,130.18,129.56,130.056,6658,37513
1999-06-16,130.056,130.18,128.444,128.692,17798,39694
1999-06-17,128.568,129.188,128.32,128.94,11030,39414
1999-06-18,128.94,130.056,128.444,129.56,10806,38030
1999-06-21,129.56,129.932,128.568,129.064,9715,39981
1999-06-22,129.064,129.188,128.444,128.692,4699,39350
1999-06-23,128.816,129.064,128.072,128.816,8850,39323
1999-06-24,128.816,129.808,128.568,129.808,17228,40064
1999-06-25,129.684,130.552,129.684,130.056,10148,39812
1999-06-28,129.684,130.056,129.064,129.064,6565,40168
1999-06-29,129.188,129.312,128.692,128.816,3145,39951
1999-06-30,128.692,129.188,128.32,128.94,5724,39960
1999-07-01,128.816,129.436,127.204,127.576,14909,45117
1999-07-02,127.452,127.824,127.328,127.7,9737,45322
1999-07-06,127.7,127.824,126.956,127.576,8241,45322
1999-07-07,127.452,127.948,127.08,127.452,5632,46460
1999-07-08,127.452,127.452,126.46,127.204,14251,47143
1999-07-09,127.328,127.576,126.584,126.708,13983,46545
1999-07-12,126.956,127.08,125.965,126.46,8658,47596
1999-07-13,126.337,127.204,125.965,126.708,12694,45494
1999-07-14,126.584,127.328,126.089,127.204,8153,43555
1999-07-15,127.204,127.7,126.832,127.08,8790,45024
1999-07-16,127.08,127.328,126.832,126.956,4182,44861
1999-07-19,126.832,128.692,125.965,128.196,16872,46603
1999-07-20,128.196,129.932,127.948,129.56,17538,46600
1999-07-21,129.684,131.296,129.436,130.924,22083,45118
1999-07-22,131.172,131.668,130.428,130.924,10910,43374
1999-07-23,130.924,131.172,130.056,130.8,12143,45235
1999-07-26,131.048,133.403,130.924,132.66,27985,50531
1999-07-27,132.66,133.155,132.04,132.164,8481,51204
1999-07-28,132.164,133.031,131.792,132.66,9218,51473
1999-07-29,132.66,133.651,132.536,133.403,17027,50642
1999-07-30,133.403,133.651,132.784,133.155,8200,50149
1999-08-02,132.907,133.155,132.164,132.907,12312,53957
1999-08-03,132.907,133.155,132.288,132.907,7457,54806
1999-08-04,132.784,134.147,132.784,134.023,15023,59705
1999-08-05,134.023,134.643,133.651,133.775,11912,58768
1999-08-06,133.775,134.147,133.279,133.775,11290,58970
1999-08-09,133.403,133.527,132.784,133.031,5051,59111
1999-08-10,133.155,133.899,133.031,133.155,6787,58263
1999-08-11,133.155,133.403,132.288,132.412,12163,57407
1999-08-12,132.412,132.66,131.916,132.536,11429,58054
1999-08-13,132.66,132.907,131.172,131.296,17657,55283
1999-08-16,131.42,131.668,131.048,131.296,10711,52910
1999-08-17,131.42,131.42,130.304,130.552,13633,55724
1999-08-18,130.676,131.172,130.428,130.8,8295,55149
1999-08-19,130.676,132.288,129.932,132.04,15650,55207
1999-08-20,132.164,132.784,132.04,132.536,9573,54477
1999-08-23,132.536,132.536,129.808,130.428,17128,55118
1999-08-24,130.428,131.048,129.064,130.8,11288,54915
1999-08-25,130.8,130.924,129.312,129.436,15435,53119
1999-08-26,129.312,129.932,129.312,129.684,6863,52759
1999-08-27,129.808,130.056,129.436,129.808,4628,53322
1999-08-30,130.056,130.18,129.56,129.808,3717,52638
1999-08-31,129.932,131.668,129.932,131.296,27503,59260
1999-09-01,131.172,132.04,131.048,131.42,11450,58988
1999-09-02,131.42,133.155,130.924,132.536,24061,59690
1999-09-03,132.66,133.031,131.296,131.668,21057,59981
1999-09-07,131.296,131.668,130.428,131.296,44193,54762
1999-09-08,131.419,131.911,131.05,131.296,36902,61000
1999-09-09,131.296,131.788,130.434,130.557,29236,63239
1999-09-10,130.681,130.927,128.219,128.343,30616,65825
1999-09-13,128.466,129.204,127.604,129.081,13746,65433
1999-09-14,129.081,129.327,127.85,128.343,22688,36189
1999-09-15,128.343,129.081,127.481,128.835,16102,36814
1999-09-16,128.835,129.696,128.219,128.958,13839,38987
1999-09-17,128.835,129.081,128.343,128.958,4918,38605
1999-09-20,129.081,129.45,128.589,128.589,6130,39248
1999-09-21,128.466,130.065,128.219,129.819,23320,40795
1999-09-22,129.942,130.557,128.835,129.327,21630,40214
1999-09-23,129.327,129.573,128.712,129.204,11934,40214
1999-09-24,129.327,130.434,129.081,129.45,12878,40214
1999-09-27,129.204,129.696,128.589,129.696,11489,40214
1999-09-28,129.696,130.804,129.327,130.557,15698,40214
1999-09-29,130.557,131.911,130.188,131.665,18183,40214
1999-09-30,131.788,132.403,131.296,132.034,13889,40214
1999-10-01,132.157,133.265,132.034,132.895,21259,51283
1999-10-04,132.526,133.265,132.28,132.772,9234,51283
1999-10-05,132.772,133.018,131.911,133.018,8972,51283
1999-10-06,132.895,133.265,132.157,132.157,9045,51283
1999-10-07,132.28,132.895,131.788,132.403,9659,51283
1999-10-08,132.403,132.526,131.05,131.173,20247,51625
1999-10-12,131.911,133.018,131.788,133.018,12221,51625
1999-10-13,133.265,133.388,132.649,133.388,12625,51625
1999-10-14,133.388,133.88,132.895,133.265,12913,51625
1999-10-15,133.265,134.864,133.018,134.618,12696,51625
1999-10-18,134.741,134.741,133.757,133.88,9271,51625
1999-10-19,133.757,134.003,133.142,133.88,10601,51625
1999-10-20,133.88,133.88,132.526,132.649,12181,51625
1999-10-21,132.772,133.757,132.649,133.634,8407,51625
1999-10-22,133.511,133.511,131.542,131.788,13522,51625
1999-10-25,132.034,132.157,131.419,131.665,6948,51625
1999-10-26,131.05,131.173,130.434,130.681,12625,51625
1999-10-27,130.804,131.296,129.327,129.696,14465,51625
1999-10-28,129.696,130.188,129.204,129.819,15528,50748
1999-10-29,129.819,130.311,128.835,130.065,12201,50748
1999-11-01,130.188,130.681,129.327,129.696,11655,50748
1999-11-02,129.696,130.311,129.327,129.819,8856,50748
1999-11-03,129.819,129.942,129.081,129.327,9720,50748
1999-11-04,129.327,130.065,127.604,127.85,20853,52133
1999-11-05,127.973,128.712,127.85,128.589,21647,49614
1999-11-08,128.712,128.958,127.604,128.096,13743,51304
1999-11-09,128.096,128.712,127.85,128.219,11744,54274
1999-11-10,128.343,128.958,128.096,128.835,8073,53362
1999-11-12,128.466,128.466,126.866,127.235,25152,59732
1999-11-15,127.235,127.481,126.989,127.235,10762,61853
1999-11-16,127.235,127.604,126.989,127.235,13074,59141
1999-11-17,127.235,128.589,126.866,128.343,19656,58673
1999-11-18,128.343,128.589,126.497,126.866,20147,61156
1999-11-19,126.866,127.358,126.251,127.112,10962,63011
1999-11-22,127.112,127.481,126.866,127.112,6924,63846
1999-11-23,127.112,127.358,126.374,126.62,9988,65696
1999-11-24,126.743,126.743,125.143,125.266,17338,68928
1999-11-26,125.389,125.635,124.159,125.266,18222,68712
1999-11-29,125.02,125.635,123.667,124.405,14014,68873
1999-11-30,124.405,124.897,123.79,124.282,17936,70945
1999-12-01,124.282,124.651,123.79,124.282,12002,72385
1999-12-02,124.159,124.405,123.297,123.42,40413,81759
1999-12-03,123.297,123.667,123.051,123.42,21945,86303
1999-12-06,123.42,126.374,123.174,125.881,45580,80734
1999-12-07,125.881,126.743,125.635,126.128,30217,79429
1999-12-08,126.25,126.616,125.883,126.494,33843,81477
1999-12-09,126.494,126.494,125.028,125.639,39930,87291
1999-12-10,125.761,125.761,124.417,124.539,24029,87295
1999-12-13,124.661,125.028,124.417,124.783,9384,87397
1999-12-14,124.783,124.905,123.439,123.683,10932,55677
1999-12-15,123.805,124.172,123.194,123.928,9386,52195
1999-12-16,123.928,125.394,123.805,125.028,22332,49820
1999-12-17,124.905,126.005,123.805,124.05,17848,47630
1999-12-20,124.05,124.661,123.561,124.417,4174,46925
1999-12-21,124.539,124.783,123.928,124.05,7354,46637
1999-12-22,124.05,124.294,123.805,124.05,7893,47986
1999-12-23,124.05,125.15,123.928,124.783,12758,48292
1999-12-27,124.661,124.783,124.417,124.539,5259,47603
1999-12-28,124.539,124.661,123.439,123.683,13442,54115
1999-12-29,123.805,124.172,123.317,123.561,6945,55298
1999-12-30,123.439,124.05,123.194,123.928,6225,54271
1999-12-31,123.805,124.294,123.561,124.172,1062,54221
2000-01-03,124.05,126.25,123.561,126.25,32238,54553
2000-01-04,126.128,127.105,125.517,126.494,30619,52778
2000-01-05,126.494,127.716,126.372,126.739,27855,55806
2000-01-06,126.739,127.839,126.25,126.494,22793,56500
2000-01-07,126.616,126.861,126.005,126.25,11914,56323
2000-01-10,126.494,126.494,125.394,125.883,14401,59951
2000-01-11,125.883,126.861,125.883,126.739,18592,64026
2000-01-12,126.861,127.228,126.005,126.616,24450,66019
2000-01-13,126.739,126.739,125.639,125.883,10915,66380
2000-01-14,125.883,126.128,124.172,124.539,41657,61558
2000-01-18,124.172,124.539,123.561,124.172,27557,62211
2000-01-19,124.294,124.783,123.805,124.172,9975,62990
2000-01-20,124.294,124.905,123.561,124.783,18237,61779
2000-01-21,124.661,125.028,123.317,123.928,15689,63541
2000-01-24,123.194,123.561,122.706,123.194,20632,65221
2000-01-25,123.439,123.805,122.583,122.828,15458,65619
2000-01-26,122.828,123.317,122.583,122.828,10847,66918
2000-01-27,122.828,122.95,120.995,121.117,26626,77429
2000-01-28,121.117,121.239,119.406,119.772,21595,76839
2000-01-31,119.895,120.506,118.55,118.917,21890,75115
2000-02-01,119.039,119.895,118.55,119.283,12937,74547
2000-02-02,119.283,120.139,118.795,119.528,16160,76119
2000-02-03,119.65,121.85,119.039,121.361,23777,77457
2000-02-04,121.361,121.728,119.528,120.383,19363,73576
2000-02-07,120.506,120.506,119.528,120.139,8480,71573
2000-02-08,120.139,121.483,119.895,120.75,14165,69619
2000-02-09,120.872,122.094,120.628,121.606,18700,67386
2000-02-10,121.606,121.972,120.383,120.75,16786,66972
2000-02-11,120.872,120.995,119.895,120.872,11275,67170
2000-02-14,120.872,121.483,119.772,120.139,16617,65593
2000-02-15,120.017,120.75,119.528,120.139,11628,66045
2000-02-16,120.139,120.872,119.895,120.75,9090,65051
2000-02-17,120.75,121.972,120.383,120.995,18258,64816
2000-02-18,120.995,121.117,120.139,120.506,9454,65127
2000-02-22,120.628,123.317,120.506,122.95,35497,68723
2000-02-23,122.828,123.439,122.461,122.706,14506,66912
2000-02-24,122.706,122.828,120.995,121.606,16747,66993
2000-02-25,121.483,121.606,119.039,119.161,25469,68037
2000-02-28,119.161,119.161,115.373,118.917,22041,65252
2000-02-29,118.917,120.261,117.695,118.184,14017,64192
2000-03-01,118.061,119.528,117.695,119.161,12933,63852
2000-03-02,119.039,119.772,117.572,118.184,16494,66327
2000-03-03,118.061,118.306,117.328,117.572,24923,68094
2000-03-06,116.961,118.306,116.961,117.328,42091,72543
2000-03-07,117.328,117.695,116.595,117.084,29162,74944
2000-03-08,117.084,117.812,116.476,117.569,29025,75026
2000-03-09,117.569,118.541,117.326,118.298,46723,75720
2000-03-10,118.298,118.42,117.326,117.691,30005,76372
2000-03-13,117.691,118.905,117.569,117.934,20657,78566
2000-03-14,118.055,118.298,117.326,118.177,13729,50962
2000-03-15,118.298,118.662,117.812,118.298,11411,51037
2000-03-16,118.298,119.027,117.934,118.784,16302,51295
2000-03-17,118.541,118.905,118.055,118.905,10943,52312
2000-03-20,118.784,119.027,118.42,118.905,7003,51600
2000-03-21,118.905,119.027,117.691,117.812,15210,51262
2000-03-22,117.812,117.812,117.084,117.326,13902,52098
2000-03-23,117.326,118.905,117.326,118.784,23505,51027
2000-03-24,118.662,119.391,118.177,119.148,15977,51609
2000-03-27,119.27,119.513,117.691,117.934,18767,51973
2000-03-28,117.934,118.42,117.205,117.448,9789,52329
2000-03-29,117.326,117.448,115.748,116.112,17436,54691
2000-03-30,116.233,117.569,116.112,117.326,15540,53351
2000-03-31,117.448,117.569,116.355,116.719,10864,54349
2000-04-03,116.841,117.205,115.99,116.962,14220,53298
2000-04-04,117.084,119.148,116.233,117.691,20909,55207
2000-04-05,117.448,118.541,117.084,117.569,15715,54261
2000-04-06,117.569,117.691,116.719,117.205,6890,54496
2000-04-07,117.084,117.326,116.355,116.476,8632,52549
2000-04-10,116.476,117.448,116.355,117.326,10650,53227
2000-04-11,117.326,117.691,116.719,116.962,18193,56936
2000-04-12,116.962,117.205,116.112,116.598,12716,57833
2000-04-13,116.719,117.084,116.112,116.355,9786,58359
2000-04-14,116.355,117.326,115.99,116.962,20006,59633
2000-04-17,117.691,117.934,116.233,116.355,21610,58677
2000-04-18,116.233,116.233,115.262,115.505,16683,60605
2000-04-19,115.505,115.626,114.169,114.533,16753,61193
2000-04-20,114.654,114.897,114.047,114.169,9841,62292
2000-04-24,114.29,115.14,114.169,114.533,5789,61477
2000-04-25,114.412,114.533,111.74,112.104,21175,64805
2000-04-26,112.225,112.711,111.861,112.59,11951,64242
2000-04-27,112.59,113.076,110.403,111.011,28329,69094
2000-04-28,110.889,111.375,110.039,110.768,13621,69007
2000-05-01,111.132,111.74,110.525,111.74,10801,70968
2000-05-02,111.74,111.74,110.039,110.525,16279,69848
2000-05-03,110.525,111.011,108.217,109.189,24362,72579
2000-05-04,109.067,109.31,107.731,108.46,15255,70126
2000-05-05,108.46,109.796,108.339,109.432,11590,68945
2000-05-08,109.31,110.161,108.582,109.31,8246,68805
2000-05-09,109.31,110.525,108.946,110.403,9944,68044
2000-05-10,110.403,111.132,110.282,110.646,13210,65827
2000-05-11,110.646,110.889,109.553,109.553,13205,66054
2000-05-12,109.918,111.982,109.31,111.861,15724,65320
2000-05-15,111.74,111.861,111.011,111.132,10270,64340
2000-05-16,111.132,111.132,109.918,110.039,10184,65049
2000-05-17,109.918,110.161,108.217,108.946,17274,66804
2000-05-18,108.946,109.189,108.339,108.703,6476,66044
2000-05-19,108.703,109.553,107.61,109.432,14646,67624
2000-05-22,109.189,110.403,109.067,110.039,15009,68988
2000-05-23,109.918,111.375,109.675,110.282,14238,68152
2000-05-24,110.282,111.011,109.918,110.403,14224,67905
2000-05-25,110.403,111.011,109.31,111.011,19741,68291
2000-05-26,111.011,113.44,110.889,113.318,25241,67206
2000-05-30,113.318,114.533,112.347,113.318,21248,65497
2000-05-31,113.318,113.926,112.711,113.804,12844,64995
2000-06-01,113.926,114.047,112.833,113.44,8193,65552
2000-06-02,113.318,115.505,113.076,114.533,18680,67460
2000-06-05,114.897,115.383,114.412,115.262,12216,65945
2000-06-06,115.262,116.719,114.776,116.112,24946,66367
2000-06-07,116.112,117.084,115.869,116.841,17591,65541
2000-06-08,116.841,117.565,115.513,116.237,37625,65727
2000-06-09,116.237,116.237,114.909,115.875,18319,64123
2000-06-12,115.875,116.116,115.151,115.754,15638,64711
2000-06-13,115.754,116.841,115.634,116.599,32756,68349
2000-06-14,116.599,117.203,116.237,116.599,36191,72091
2000-06-15,116.479,116.599,115.392,115.754,16786,73769
2000-06-16,115.754,117.203,115.392,117.203,19235,76187
2000-06-19,117.082,117.565,116.237,116.479,14597,73739
2000-06-20,116.358,116.72,115.634,116.237,8485,54310
2000-06-21,116.237,116.358,114.427,114.668,15645,53120
2000-06-22,114.789,114.909,113.461,113.823,16355,55526
2000-06-23,113.823,114.427,113.34,113.582,9435,55617
2000-06-26,113.582,113.944,112.737,113.823,12239,53488
2000-06-27,113.702,114.909,113.582,114.789,10713,52074
2000-06-28,114.789,114.789,114.064,114.427,8618,52365
2000-06-29,114.185,115.634,114.064,115.513,12455,53278
2000-06-30,115.392,116.479,115.272,115.634,13889,52773
2000-07-03,115.513,115.754,114.909,115.272,5935,52833
2000-07-05,115.272,116.116,115.272,115.634,15172,54598
2000-07-06,115.634,116.358,115.151,115.272,12524,54384
2000-07-07,115.272,115.513,114.668,114.789,12167,54713
2000-07-10,115.03,115.754,114.909,115.754,9421,54920
2000-07-11,115.754,115.996,115.03,115.392,10068,55213
2000-07-12,115.392,115.513,113.823,114.185,17193,55229
2000-07-13,114.185,114.306,112.978,113.461,12534,55521
2000-07-14,113.582,113.823,112.857,113.582,8098,56051
2000-07-17,113.702,113.944,113.22,113.34,6585,56323
2000-07-18,113.34,113.461,111.892,112.254,13811,58300
2000-07-19,112.375,112.375,111.409,111.892,12911,58165
2000-07-20,111.892,113.099,111.409,112.978,20083,60363
2000-07-21,112.978,113.582,112.857,113.461,6475,59688
2000-07-24,113.461,113.582,112.737,112.978,6298,60107
2000-07-25,112.978,114.185,112.857,113.582,14888,62286
2000-07-26,113.702,114.427,113.582,114.064,7723,61992
2000-07-27,114.064,114.306,112.737,112.857,16866,61389
2000-07-28,112.978,112.978,111.65,111.771,14819,60931
2000-07-31,111.892,112.495,111.65,112.254,11350,61452
2000-08-01,112.254,112.495,111.288,111.409,12986,62111
2000-08-02,110.926,111.288,110.323,110.443,15440,62439
2000-08-03,110.564,111.047,108.874,109.719,24178,68635
2000-08-04,109.719,110.081,109.116,109.84,13087,67175
2000-08-07,109.84,110.202,109.598,109.961,7032,67157
2000-08-08,109.961,109.961,108.754,109.116,14560,68746
2000-08-09,109.116,109.236,108.512,108.754,10913,69174
2000-08-10,108.754,110.081,108.754,109.84,11245,69222
2000-08-11,109.84,110.685,109.116,109.236,14158,69007
2000-08-14,109.357,109.719,108.874,109.478,9725,69470
2000-08-15,109.478,110.564,109.478,110.443,11851,68247
2000-08-16,110.443,110.926,109.598,110.685,17813,69144
2000-08-17,110.685,110.926,110.202,110.926,10240,69363
2000-08-18,110.926,111.047,109.598,109.598,18070,69580
2000-08-21,109.598,109.719,108.874,108.995,8985,70383
2000-08-22,108.995,109.236,108.15,108.512,10734,70673
2000-08-23,108.512,108.874,107.667,108.754,14220,73115
2000-08-24,108.754,109.357,108.633,108.995,10934,71867
2000-08-25,108.995,109.598,108.512,109.116,13310,72316
2000-08-28,109.116,109.357,108.633,108.754,6306,72173
2000-08-29,108.754,108.995,107.667,107.788,15574,73012
2000-08-30,107.909,108.029,107.184,107.909,13737,72982
2000-08-31,107.909,108.391,106.822,107.305,18222,73902
2000-09-01,107.305,108.995,107.184,108.633,16678,74065
2000-09-05,108.633,109.236,106.943,107.305,20651,77486
2000-09-06,107.426,107.547,104.891,105.132,29997,79895
2000-09-07,105.253,105.857,104.288,105.495,28071,82267
2000-09-08,105.254,105.495,104.413,105.014,29424,83442
2000-09-11,104.413,105.014,103.452,103.692,34999,83927
2000-09-12,103.692,104.894,103.212,104.173,40776,84086
2000-09-13,104.173,105.014,103.812,103.933,41519,81725
2000-09-14,103.812,105.254,103.332,104.413,39068,83123
2000-09-15,104.413,105.014,103.212,103.332,38119,87036
2000-09-18,102.971,103.452,102.731,103.091,19257,86819
2000-09-19,103.212,103.332,102.371,102.731,11511,73646
2000-09-20,102.851,102.851,101.89,102.371,17335,74847
2000-09-21,102.25,103.692,102.13,103.572,15808,76457
2000-09-22,103.572,109.339,103.332,106.095,31192,70664
2000-09-25,106.215,106.456,105.134,105.254,10625,68774
2000-09-26,105.374,106.576,105.254,106.456,17853,66421
2000-09-27,106.456,107.177,105.975,106.576,16410,67289
2000-09-28,106.576,106.936,106.215,106.336,10061,67814
2000-09-29,106.095,106.696,105.495,106.336,16929,68598
2000-10-02,106.576,106.816,105.855,105.975,10177,68035
2000-10-03,105.975,106.095,105.254,105.374,8701,67596
2000-10-04,105.495,105.855,105.134,105.495,8983,67662
2000-10-05,105.495,105.975,104.653,104.774,19449,68519
2000-10-06,104.774,105.374,104.533,104.653,11504,69064
2000-10-10,104.774,105.374,104.413,105.014,13595,71703
2000-10-11,105.014,105.615,104.653,104.774,13646,71791
2000-10-12,104.774,104.894,103.812,104.053,11950,71615
2000-10-13,104.053,104.413,102.851,102.851,15754,72037
2000-10-16,102.971,103.091,101.89,102.371,11727,72178
2000-10-17,102.491,103.091,102.13,103.091,10454,73195
2000-10-18,103.091,103.332,100.328,101.049,23314,77263
2000-10-19,101.049,101.77,100.929,101.65,11237,75749
2000-10-20,101.65,102.25,100.568,101.409,15136,76909
2000-10-23,101.289,101.289,100.568,100.688,7598,77152
2000-10-24,100.688,101.169,100.568,100.809,7459,76773
2000-10-25,100.929,100.929,99.367,99.727,15885,77859
2000-10-26,99.727,100.208,99.126,99.847,21799,78771
2000-10-27,99.847,101.65,99.847,101.169,17393,78429
2000-10-30,101.289,102.731,101.049,101.409,15835,75712
2000-10-31,101.289,102.371,100.929,102.25,14517,75650
2000-11-01,102.25,103.692,102.01,103.692,21619,73773
2000-11-02,103.692,104.293,102.971,103.572,19361,74812
2000-11-03,103.452,105.975,103.212,104.173,19575,74669
2000-11-06,104.293,105.014,103.091,103.572,12575,75284
2000-11-07,103.692,104.293,103.212,103.692,9149,73922
2000-11-08,103.452,104.653,102.491,102.971,12771,75081
2000-11-09,102.971,104.413,102.491,104.173,17532,77658
2000-11-10,104.293,104.774,103.452,103.692,11818,78030
2000-11-13,103.692,104.293,103.212,103.572,8030,78354
2000-11-14,103.572,103.692,102.851,103.091,9551,78068
2000-11-15,103.212,103.933,102.971,103.212,6691,78324
2000-11-16,103.212,103.452,102.491,102.491,9699,80204
2000-11-17,102.491,103.212,102.01,102.01,10969,79647
2000-11-20,102.13,102.371,101.77,102.13,6892,80481
2000-11-21,102.25,102.611,101.289,101.409,13797,81781
2000-11-22,101.529,102.01,101.169,101.65,9133,82084
2000-11-24,101.529,101.65,100.688,101.049,14097,84665
2000-11-27,100.929,102.491,100.809,102.491,16680,85294
2000-11-28,102.371,103.212,102.25,102.971,18452,85904
2000-11-29,103.091,104.173,102.971,103.212,17154,84592
2000-11-30,103.212,105.014,103.091,104.894,31493,88480
2000-12-01,104.774,105.735,104.653,105.615,22300,89476
2000-12-04,105.735,107.417,105.254,106.696,37675,93113
2000-12-05,106.816,107.057,105.615,105.855,24533,89752
2000-12-06,105.855,107.177,105.495,107.057,21231,92526
2000-12-07,107.177,107.898,106.456,106.816,30563,94877
2000-12-08,107.055,107.055,105.979,106.099,23414,94049
2000-12-11,105.979,106.457,105.142,105.381,32561,95892
2000-12-12,105.261,106.099,105.142,105.74,34651,98322
2000-12-13,105.74,105.979,104.663,105.142,37239,102236
2000-12-14,105.261,106.936,105.142,106.816,40803,103256
2000-12-15,106.816,108.132,106.816,107.534,30570,105879
2000-12-18,107.414,108.252,107.175,107.295,14314,76936
2000-12-19,107.295,107.773,106.577,107.295,9907,77326
2000-12-20,107.414,109.089,107.414,108.969,21741,81583
2000-12-21,109.089,110.046,108.73,109.687,21060,82338
2000-12-22,109.807,111.122,109.807,110.883,18826,84710
2000-12-26,111.122,111.601,111.122,111.601,5877,84237
2000-12-27,111.72,112.079,111.362,111.72,8966,84502
2000-12-28,111.601,111.84,111.003,111.481,11561,84117
2000-12-29,111.481,112.797,111.362,112.797,12651,84672
2001-01-02,113.515,113.993,112.677,113.874,21117,84654
2001-01-03,114.113,114.83,111.242,111.481,34941,85096
2001-01-04,111.362,114.113,111.122,113.874,25427,88553
2001-01-05,113.874,115.07,113.515,114.711,25293,89934
2001-01-08,114.83,114.95,113.515,113.874,18623,92670
2001-01-09,113.754,113.754,112.438,113.156,21780,92722
2001-01-10,113.156,113.395,112.438,112.558,16521,92716
2001-01-11,112.558,114.472,112.199,113.993,24389,92877
2001-01-12,114.113,114.83,113.395,113.874,16743,93272
2001-01-16,114.113,114.113,112.319,112.797,17491,93621
2001-01-17,112.797,113.275,111.362,111.96,30107,92809
2001-01-18,111.96,113.395,111.96,113.156,24180,92083
2001-01-19,113.275,113.874,111.84,111.96,24445,89536
2001-01-22,112.079,112.558,111.003,112.319,19310,86763
2001-01-23,112.438,113.156,112.199,112.438,11790,85880
2001-01-24,112.319,112.438,110.405,110.644,28841,87735
2001-01-25,110.524,110.644,109.209,110.405,24732,85617
2001-01-26,110.644,111.601,110.165,110.644,14067,85109
2001-01-29,110.524,110.883,109.926,109.926,9976,84947
2001-01-30,109.926,111.122,109.448,111.003,20719,85158
2001-01-31,111.003,111.96,110.883,111.72,23018,88272
2001-02-01,111.96,113.036,111.96,112.797,21563,91348
2001-02-02,112.797,112.797,111.601,111.96,20884,92373
2001-02-05,112.079,113.036,111.96,112.438,18079,92109
2001-02-06,112.319,112.438,111.122,111.362,20064,90774
2001-02-07,111.362,111.96,110.883,111.481,13931,90115
2001-02-08,111.242,111.362,109.567,109.926,24181,90832
2001-02-09,109.926,111.003,109.328,110.883,17283,88920
2001-02-12,110.764,111.72,110.764,111.481,12501,89082
2001-02-13,111.481,111.72,109.807,110.165,22875,90316
2001-02-14,110.165,110.405,109.687,110.046,12278,89154
2001-02-15,109.926,110.046,108.012,108.132,31312,93117
2001-02-16,108.252,109.807,108.132,109.687,18954,89618
2001-02-20,109.328,110.644,108.371,108.85,25311,89783
2001-02-21,109.089,109.926,108.371,108.73,18053,89937
2001-02-22,108.73,109.209,107.893,108.371,21919,90904
2001-02-23,108.252,110.165,108.012,109.926,16615,92686
2001-02-26,109.807,109.926,108.61,109.089,16160,93248
2001-02-27,109.089,110.165,108.73,109.687,21385,94625
2001-02-28,109.687,110.764,109.687,110.405,19885,92523
2001-03-01,110.524,111.481,110.405,111.481,29357,96478
2001-03-02,111.362,112.199,111.122,111.84,23095,95467
2001-03-05,111.96,111.96,111.122,111.242,13803,95566
2001-03-06,111.242,111.72,110.644,111.72,17254,96223
2001-03-07,111.72,112.079,110.883,111.122,18475,96008
2001-03-08,111.361,111.72,110.883,111.361,19190,96746
2001-03-09,111.6,112.078,111.122,111.481,28288,96774
2001-03-12,111.361,111.72,110.764,111.003,75312,105650
2001-03-13,111.003,111.242,109.211,109.33,57311,102063
2001-03-14,109.45,110.166,108.613,108.733,40744,99063
2001-03-15,108.972,109.091,107.06,107.657,36749,103739
2001-03-16,107.657,107.657,106.462,107.06,34912,105638
2001-03-19,107.179,107.777,106.821,107.418,24159,101531
2001-03-20,107.418,108.613,107.418,108.613,14415,73043
2001-03-21,108.494,109.091,106.821,107.06,17896,74305
2001-03-22,107.06,107.179,105.626,106.104,19922,74163
2001-03-23,106.104,107.299,105.745,106.343,13121,72729
2001-03-26,106.343,107.299,106.223,107.179,9548,72862
2001-03-27,107.179,107.538,106.343,106.821,13413,73047
2001-03-28,106.821,106.94,105.745,105.984,13177,73799
2001-03-29,105.984,106.223,105.148,105.507,13623,73957
2001-03-30,105.507,105.984,104.67,105.148,22613,78088
2001-04-02,104.67,105.626,104.431,105.148,18541,78221
2001-04-03,105.148,107.418,105.148,107.179,20221,77853
2001-04-04,107.299,108.255,106.821,107.896,20403,77380
2001-04-05,107.657,108.613,106.94,107.179,19561,78055
2001-04-06,107.179,108.135,106.701,107.896,20550,74036
2001-04-09,108.016,108.135,107.06,107.418,7879,74143
2001-04-10,107.179,107.538,105.984,106.223,20256,75092
2001-04-11,106.223,106.582,105.268,105.984,17351,76513
2001-04-12,106.104,106.821,105.626,106.582,12985,76212
2001-04-16,106.343,106.343,105.507,105.865,6591,76209
2001-04-17,106.223,106.462,104.909,105.387,17161,77532
2001-04-18,105.626,106.343,103.953,105.626,33406,81130
2001-04-19,105.626,107.299,105.148,106.821,22836,81597
2001-04-20,107.179,108.016,106.94,108.016,20663,80364
2001-04-23,107.657,108.494,106.821,107.179,20101,82049
2001-04-24,107.06,107.777,106.701,106.821,16634,80964
2001-04-25,106.701,107.538,106.343,107.06,13961,80837
2001-04-26,107.179,108.016,106.821,107.896,19486,81876
2001-04-27,107.896,108.135,106.104,106.462,25678,82971
2001-04-30,106.462,106.582,105.745,106.104,14056,82216
2001-05-01,106.104,106.821,105.745,106.582,15947,82811
2001-05-02,106.701,106.94,106.104,106.701,13557,82676
2001-05-03,106.701,107.179,105.984,106.223,21778,85091
2001-05-04,106.223,107.538,106.223,106.821,22578,85125
2001-05-07,106.582,106.701,106.223,106.343,8550,85042
2001-05-08,106.343,106.462,105.387,105.507,22289,87560
2001-05-09,105.507,105.865,105.268,105.626,12763,85676
2001-05-10,105.745,106.582,104.79,105.268,29154,89749
2001-05-11,105.268,105.387,104.312,104.67,16317,89196
2001-05-14,104.431,104.67,104.192,104.431,9588,88823
2001-05-15,104.431,105.148,104.312,104.909,15540,88743
2001-05-16,104.909,105.865,104.551,105.626,21717,88980
2001-05-17,105.507,106.104,105.029,105.507,15197,89103
2001-05-18,105.507,105.507,104.551,105.029,14515,89391
2001-05-21,105.148,105.387,104.431,104.79,14934,89055
2001-05-22,104.79,104.79,102.997,103.356,39903,92969
2001-05-23,103.356,103.475,102.041,102.28,28659,92257
2001-05-24,102.28,102.878,101.563,102.28,15500,93657
2001-05-25,102.4,102.997,102.041,102.519,12690,94184
2001-05-29,102.758,102.878,101.922,102.28,14412,93121
2001-05-30,102.161,102.639,102.041,102.4,10554,94203
2001-05-31,102.4,102.4,100.847,101.086,31556,99172
2001-06-01,100.966,101.563,100.727,101.324,23660,99623
2001-06-04,101.205,102.041,100.727,101.086,26138,100890
2001-06-05,101.086,102.161,100.608,101.802,25516,99312
2001-06-06,102.041,102.4,100.966,101.324,27332,99803
2001-06-07,101.324,101.802,101.086,101.563,28403,103500
2001-06-08,101.563,101.803,101.085,101.683,34259,99164
2001-06-11,101.563,102.042,100.487,100.846,51842,111876
2001-06-12,100.726,102.042,100.487,101.444,61281,114364
2001-06-13,101.922,102.281,101.683,101.922,45803,114857
2001-06-14,102.162,103.119,101.444,103.119,61752,113705
2001-06-15,102.999,103.597,102.76,102.879,42131,107760
2001-06-18,103.119,103.238,102.401,102.76,13490,109983
2001-06-19,102.76,102.76,101.803,102.042,12390,73278
2001-06-20,101.803,102.162,101.444,102.042,10133,72534
2001-06-21,102.162,102.52,101.683,102.162,12963,73232
2001-06-22,102.042,102.401,101.683,102.162,10008,74153
2001-06-25,102.281,102.999,102.281,102.76,17093,76531
2001-06-26,102.64,103.358,102.64,103.119,14869,75413
2001-06-27,103.119,103.477,102.52,102.76,15204,74382
2001-06-28,102.76,102.879,100.726,100.846,33567,78925
2001-06-29,100.846,101.563,100.846,101.444,12409,77519
2001-07-02,101.563,101.563,100.846,101.085,9102,78480
2001-07-03,101.324,101.563,101.085,101.324,10926,77138
2001-07-05,101.324,101.324,99.769,99.889,29024,82095
2001-07-06,99.889,101.324,99.769,101.205,26445,83309
2001-07-09,101.205,101.683,100.846,101.324,17135,82191
2001-07-10,101.563,102.401,101.444,102.162,26933,83100
2001-07-11,102.162,103.238,101.922,102.64,27816,82858
2001-07-12,102.64,102.64,101.683,101.922,17332,82806
2001-07-13,102.042,102.281,101.683,102.042,11528,82852
2001-07-16,102.042,102.64,101.922,102.162,13945,82611
2001-07-17,101.922,102.879,101.563,102.64,30024,83755
2001-07-18,102.64,104.435,102.401,104.195,38833,87243
2001-07-19,104.435,104.913,103.717,104.076,27476,86388
2001-07-20,104.076,104.913,103.956,104.076,19161,86844
2001-07-23,104.076,104.076,103.358,103.836,17167,86659
2001-07-24,103.836,104.793,103.836,104.554,20035,87072
2001-07-25,104.435,105.272,104.195,105.152,22470,86992
2001-07-26,105.272,105.392,104.554,104.913,16260,86210
2001-07-27,104.913,105.272,104.195,104.674,21019,87939
2001-07-30,104.793,104.913,104.195,104.554,9122,87779
2001-07-31,104.554,104.913,104.315,104.554,13317,89655
2001-08-01,104.674,105.511,104.674,105.272,17460,91634
2001-08-02,105.272,105.631,104.913,105.511,16978,93110
2001-08-03,105.631,106.109,104.793,105.631,23844,95786
2001-08-06,105.511,105.631,105.033,105.392,15008,95327
2001-08-07,105.272,105.392,104.674,104.793,15168,94227
2001-08-08,104.793,105.272,104.435,105.272,13957,94302
2001-08-09,105.272,106.827,105.033,106.707,32004,98534
2001-08-10,106.707,107.066,106.588,106.827,17479,99516
2001-08-13,106.827,107.664,106.707,107.306,18112,100026
2001-08-14,107.186,108.023,106.827,107.904,20313,99325
2001-08-15,108.023,109.339,107.904,109.1,35792,110928
2001-08-16,109.22,110.057,108.621,109.339,27681,111019
2001-08-17,108.98,109.818,108.861,109.698,17702,113042
2001-08-20,109.698,110.057,108.861,109.22,19506,109214
2001-08-21,109.339,109.818,108.502,109.1,15241,109131
2001-08-22,109.818,110.416,109.22,109.339,26871,109893
2001-08-23,109.339,109.578,108.741,109.459,18744,107710
2001-08-24,109.339,109.578,108.502,109.22,19660,108358
2001-08-27,109.22,109.339,108.621,108.98,12552,108920
2001-08-28,108.98,109.22,107.904,108.98,32821,113131
2001-08-29,109.22,109.339,108.621,108.861,17509,111603
2001-08-30,108.741,109.818,108.382,109.698,32473,114747
2001-08-31,109.578,110.057,108.382,108.861,27792,112569
2001-09-04,108.741,108.861,105.75,105.99,56530,108326
2001-09-05,106.229,106.588,105.75,105.99,23205,106425
2001-09-06,105.99,107.306,105.511,107.066,33467,103837
2001-09-07,107.066,108.502,106.827,108.263,57306,108075
2001-09-10,108.382,108.622,107.303,107.663,52066,117970
2001-09-11,107.423,108.862,107.064,108.502,8150,119744
2001-09-13,108.382,109.342,108.382,109.102,75118,133602
2001-09-14,108.982,110.66,108.742,110.181,49607,152396
2001-09-17,110.421,111.62,109.701,110.78,39027,153487
2001-09-18,110.66,111.02,109.941,110.9,15969,100031
2001-09-19,110.9,111.5,110.421,111.26,23349,106842
2001-09-20,110.9,111.14,110.301,110.66,21060,105202
2001-09-21,110.9,110.9,108.742,109.222,31047,104348
2001-09-24,109.342,109.941,108.862,109.581,14858,104570
2001-09-25,109.581,110.66,109.462,110.421,22321,108418
2001-09-26,110.421,110.541,109.941,110.421,14671,107637
2001-09-27,110.421,110.421,109.581,109.701,20424,107850
2001-09-28,109.821,109.821,108.622,108.862,26284,108028
2001-10-01,108.982,109.821,108.502,109.701,28163,109699
2001-10-02,109.701,110.061,109.342,109.941,16526,109676
2001-10-03,109.941,110.421,109.222,109.222,29764,112410
2001-10-04,109.342,109.941,108.982,109.581,13567,112394
2001-10-05,109.821,110.181,109.581,109.701,10226,114363
2001-10-09,110.181,110.301,109.102,109.222,20707,113099
2001-10-10,109.222,109.581,108.862,108.982,20007,113656
2001-10-11,108.862,109.102,107.543,108.023,39684,108256
2001-10-12,108.023,109.222,107.783,108.742,23865,107590
2001-10-15,108.982,109.342,108.382,108.622,12313,107370
2001-10-16,108.742,108.982,108.143,108.742,13901,106649
2001-10-17,108.622,108.742,107.783,108.023,30874,106059
2001-10-18,108.143,108.382,107.663,108.143,12434,104843
2001-10-19,108.143,108.143,107.303,107.663,26637,105049
2001-10-22,107.543,107.663,106.464,106.824,32581,106744
2001-10-23,106.704,106.944,106.105,106.584,22102,104525
2001-10-24,106.584,107.064,106.464,106.944,13944,102036
2001-10-25,106.944,107.423,106.224,106.944,25574,106037
2001-10-26,106.824,107.064,106.584,106.704,14637,101149
2001-10-29,106.824,108.382,106.824,108.143,38725,107393
2001-10-30,108.382,108.982,108.143,108.263,22671,107845
2001-10-31,108.263,108.622,107.543,107.663,25502,106528
2001-11-01,107.783,109.222,107.663,108.143,41695,106040
2001-11-02,108.023,108.622,107.783,108.023,17940,103386
2001-11-05,107.903,107.903,107.064,107.423,14698,102255
2001-11-06,107.423,107.663,107.064,107.423,12170,102865
2001-11-07,107.064,108.263,107.064,107.184,31273,104903
2001-11-08,107.543,107.783,106.584,106.944,30122,100254
2001-11-09,106.824,107.184,106.464,106.944,12261,99289
2001-11-13,107.064,107.064,105.265,105.505,43123,108807
2001-11-14,105.505,105.865,105.025,105.745,31261,113031
2001-11-15,105.745,105.985,105.505,105.505,11083,112020
2001-11-16,105.625,106.224,105.505,105.985,11705,111437
2001-11-19,105.865,105.985,105.025,105.385,24518,114081
2001-11-20,105.265,105.985,105.145,105.745,11891,114006
2001-11-21,105.865,105.865,104.906,105.145,17806,112963
2001-11-23,105.265,105.625,104.666,105.265,25175,113478
2001-11-26,105.145,105.745,105.145,105.505,17093,111593
2001-11-27,105.505,105.865,105.025,105.745,21315,112644
2001-11-28,105.865,106.464,105.745,106.344,26644,114028
2001-11-29,106.344,106.944,106.105,106.464,26150,110474
2001-11-30,106.344,107.663,105.985,107.303,45289,112570
2001-12-03,107.303,107.423,106.584,106.824,25239,110589
2001-12-04,106.824,106.944,106.464,106.704,16550,109051
2001-12-05,106.704,107.184,105.985,106.344,29803,106543
2001-12-06,106.464,107.303,106.224,107.303,29564,107805
2001-12-07,107.184,107.303,106.464,106.584,30784,106881
2001-12-10,106.584,106.825,105.983,106.584,39033,110285
2001-12-11,106.704,107.065,106.464,106.825,78395,114593
2001-12-12,106.945,107.787,106.945,107.667,64627,118504
2001-12-13,107.667,107.787,106.945,107.065,39664,116315
2001-12-14,107.065,108.509,106.945,108.389,55823,120022
2001-12-17,108.389,108.87,108.028,108.268,21546,117493
2001-12-18,108.148,108.389,107.787,108.268,15331,90033
2001-12-19,108.268,108.268,107.306,107.907,15857,89868
2001-12-20,107.907,108.028,107.426,107.907,14924,93122
2001-12-21,107.907,108.148,106.223,106.344,48201,93493
2001-12-24,106.584,106.825,104.78,105.141,26932,92239
2001-12-26,105.501,105.622,105.141,105.381,6638,90780
2001-12-27,105.622,106.344,105.261,105.862,26086,93058
2001-12-28,105.983,106.223,105.381,105.983,13408,88738
2001-12-31,106.103,107.065,105.862,106.825,15733,90702
2002-01-02,108.028,108.749,108.028,108.389,39141,97749
2002-01-03,108.389,108.629,107.667,107.907,22594,96261
2002-01-04,107.787,107.907,107.186,107.426,14326,94479
2002-01-07,107.426,107.907,106.584,107.186,25870,93648
2002-01-08,107.186,107.186,106.584,107.065,17073,95885
2002-01-09,107.186,107.426,106.344,106.825,24353,95285
2002-01-10,106.945,107.306,106.825,106.945,16323,95063
2002-01-11,106.945,107.065,106.704,107.065,9221,96602
2002-01-14,107.186,107.426,106.945,107.306,17764,98747
2002-01-15,107.306,107.306,105.862,106.103,24019,99564
2002-01-16,105.983,106.103,105.622,105.862,16701,99849
2002-01-17,105.862,106.223,105.501,105.742,11615,100099
2002-01-18,105.742,106.223,105.501,106.223,12053,101859
2002-01-22,106.103,106.344,105.742,106.344,17802,103166
2002-01-23,106.464,106.704,105.261,105.381,34859,104140
2002-01-24,105.381,105.501,105.02,105.261,17039,101315
2002-01-25,105.381,105.381,103.577,103.817,35715,102356
2002-01-28,103.697,103.938,102.855,103.456,30236,109074
2002-01-29,103.456,103.938,103.216,103.817,16649,107634
2002-01-30,103.938,104.178,103.216,103.456,16514,106347
2002-01-31,103.456,103.817,102.975,103.095,17699,106289
2002-02-01,103.216,103.817,102.855,103.456,17547,105729
2002-02-04,103.456,104.539,103.336,104.539,27766,108202
2002-02-05,104.419,104.9,103.938,104.178,19866,107814
2002-02-06,104.178,104.539,103.697,104.298,21615,107721
2002-02-07,104.178,104.659,103.817,104.659,15147,108451
2002-02-08,104.539,105.141,104.419,104.9,14850,108408
2002-02-11,104.659,105.742,104.539,105.261,34289,109377
2002-02-12,105.261,105.742,105.02,105.261,20088,107689
2002-02-13,105.261,105.381,104.659,104.659,15639,107788
2002-02-14,104.659,105.141,104.298,105.02,18046,106756
2002-02-15,105.02,105.02,104.419,104.9,11115,106543
2002-02-19,104.9,105.501,104.178,105.261,36398,112662
2002-02-20,105.261,105.501,104.419,104.539,32202,108785
2002-02-21,104.539,104.78,104.298,104.419,15815,106279
2002-02-22,104.659,105.501,104.298,105.261,34188,112310
2002-02-25,105.261,105.261,104.419,104.419,24553,108360
2002-02-26,104.539,104.9,103.577,103.817,27446,109561
2002-02-27,103.817,104.178,103.697,104.058,15507,108990
2002-02-28,104.058,104.659,103.697,104.419,32395,118712
2002-03-01,104.539,104.539,103.817,104.058,19835,117728
2002-03-04,104.058,104.78,103.817,104.539,37192,122891
2002-03-05,104.539,104.9,104.058,104.78,28841,118935
2002-03-06,104.78,105.501,104.539,105.381,30674,121483
2002-03-07,105.381,106.344,105.141,106.223,70452,120578
2002-03-08,105.982,106.223,104.895,105.016,47731,116270
2002-03-11,105.016,105.499,105.016,105.258,41119,116964
2002-03-12,105.258,105.378,104.654,105.378,55424,114001
2002-03-13,105.258,105.62,104.895,105.378,44104,112385
2002-03-14,105.378,106.344,105.258,106.102,48332,116394
2002-03-15,106.223,106.706,105.982,106.102,47618,124353
2002-03-18,105.982,106.223,105.62,106.102,17918,123731
2002-03-19,106.223,106.344,105.74,106.223,10757,96111
2002-03-20,106.102,106.585,105.74,106.344,19079,100660
2002-03-21,106.465,106.585,105.982,106.102,20069,99065
2002-03-22,106.223,106.223,105.258,105.499,27991,100424
2002-03-25,105.499,105.62,105.258,105.499,12948,103861
2002-03-26,105.499,105.861,105.016,105.499,23557,105052
2002-03-27,105.499,105.499,104.895,105.016,16972,102267
2002-03-28,105.016,105.137,104.654,104.775,11254,102703
2002-04-01,104.895,106.102,104.895,105.982,27898,111824
2002-04-02,105.861,106.102,105.62,105.74,16878,109996
2002-04-03,105.861,106.223,105.62,105.982,16070,111126
2002-04-04,105.982,106.585,105.499,105.62,36189,104513
2002-04-05,105.62,106.102,105.62,105.861,12819,101674
2002-04-08,105.861,105.861,105.137,105.258,26944,99232
2002-04-09,105.258,106.102,105.137,105.982,28745,105254
2002-04-10,105.982,106.223,105.74,105.982,11929,104704
2002-04-11,105.982,106.465,105.861,106.344,25671,112819
2002-04-12,106.223,106.223,105.62,105.861,17038,108943
2002-04-15,105.861,106.223,105.861,105.982,9220,108241
2002-04-16,105.861,106.465,105.861,106.223,22008,115039
2002-04-17,106.223,107.31,106.223,107.068,34318,123699
2002-04-18,107.189,107.43,106.706,107.189,38809,113611
2002-04-19,107.31,107.43,106.947,107.43,12215,111481
2002-04-22,107.189,107.31,106.827,107.189,14953,111019
2002-04-23,107.189,107.189,106.706,107.068,16651,114239
2002-04-24,107.068,107.551,106.947,107.43,21845,117457
2002-04-25,107.551,108.275,107.43,108.155,25488,118777
2002-04-26,108.155,108.758,107.913,108.637,18482,118597
2002-04-29,108.517,108.999,108.517,108.879,24816,126364
2002-04-30,108.758,108.879,108.275,108.517,18321,124468
2002-05-01,108.517,109.482,108.396,109.12,28322,131861
2002-05-02,109.241,109.362,108.517,108.758,20054,131527
2002-05-03,108.758,110.569,108.758,110.448,38014,131078
2002-05-06,110.448,110.689,110.086,110.448,21676,135099
2002-05-07,110.569,110.689,109.844,110.327,26788,135303
2002-05-08,110.207,110.207,108.879,109.12,40541,133642
2002-05-09,108.999,109.844,108.999,109.603,22063,132345
2002-05-10,109.603,110.207,109.482,110.086,17124,132480
2002-05-13,110.086,110.448,109.603,109.965,23452,131073
2002-05-14,109.965,109.965,108.637,108.758,27476,132612
2002-05-15,108.758,109.965,108.517,109.844,33418,136033
2002-05-16,109.844,110.207,109.482,109.965,19343,136523
2002-05-17,109.844,111.172,109.844,111.052,33538,139695
2002-05-20,111.052,111.293,110.689,111.172,18206,135133
2002-05-21,111.052,111.172,110.448,110.931,28166,136129
2002-05-22,110.931,111.896,110.689,111.655,27971,138849
2002-05-23,111.655,111.776,110.689,111.172,23682,138822
2002-05-24,111.172,111.293,110.569,111.052,18435,141186
2002-05-28,111.052,112.259,110.81,112.017,29444,143233
2002-05-29,112.017,112.983,111.776,112.983,39244,143356
2002-05-30,112.862,113.586,112.741,113.224,32332,141738
2002-05-31,113.104,113.345,112.017,112.5,42098,148806
2002-06-03,112.5,113.586,112.259,113.104,31497,148912
2002-06-04,113.586,114.069,113.345,113.586,34988,146821
2002-06-05,113.345,113.586,112.862,113.345,36804,146238
2002-06-06,113.345,114.431,112.621,114.069,47222,147419
2002-06-07,114.311,114.552,113.828,113.949,37673,137452
2002-06-10,113.827,114.433,113.342,113.949,68459,148386
2002-06-11,113.949,114.676,113.585,114.312,93328,146872
2002-06-12,114.433,114.797,113.827,114.07,80199,149311
2002-06-13,113.949,114.433,113.464,113.706,46959,151445
2002-06-14,113.827,115.04,113.706,114.191,60416,156109
2002-06-17,114.07,114.312,113.585,113.949,26433,151953
2002-06-18,114.07,114.918,113.949,114.797,28418,109609
2002-06-19,114.918,115.646,114.918,115.524,27237,111150
2002-06-20,115.646,116.737,115.403,116.373,31752,111550
2002-06-21,116.494,117.343,116.252,117.222,31568,112850
2002-06-24,117.222,118.555,116.979,117.222,68729,116702
2002-06-25,117.222,118.434,116.737,118.07,34426,116946
2002-06-26,118.313,120.252,118.191,119.161,55806,121611
2002-06-27,118.676,119.646,118.555,119.404,31273,117313
2002-06-28,119.404,120.737,118.797,119.888,44474,118391
2002-07-01,119.767,120.495,119.161,119.282,36658,111157
2002-07-02,119.888,119.888,118.434,118.797,31677,114480
2002-07-03,119.161,119.282,117.949,118.555,22273,111760
2002-07-05,118.555,118.555,117.464,117.585,21544,110535
2002-07-08,117.828,119.646,117.706,119.404,29798,111897
2002-07-09,119.767,120.252,119.282,120.131,31006,112614
2002-07-10,120.01,120.495,119.161,119.525,34658,113898
2002-07-11,119.525,120.131,118.919,119.767,30352,112259
2002-07-12,119.525,120.01,119.04,119.767,21141,113737
2002-07-15,119.888,121.949,119.888,121.586,42761,118964
2002-07-16,121.222,122.677,121.222,121.828,37924,115406
2002-07-17,122.313,122.798,121.343,122.07,30480,113511
2002-07-18,121.707,122.313,121.464,122.07,17964,113688
2002-07-19,122.313,123.525,122.192,122.555,27768,114097
2002-07-22,122.07,122.555,121.586,121.828,36213,116186
2002-07-23,121.949,122.07,119.04,119.282,48147,111955
2002-07-24,119.525,120.737,119.161,120.495,38802,112510
2002-07-25,120.495,121.586,120.01,121.222,24990,108347
2002-07-26,121.343,121.707,119.282,119.404,35991,111373
2002-07-29,119.404,119.646,118.191,118.676,27871,108632
2002-07-30,118.676,119.646,118.313,119.04,20893,109782
2002-07-31,118.919,119.161,118.07,118.191,27246,107375
2002-08-01,118.191,119.282,117.706,119.04,33867,107152
2002-08-02,119.161,120.01,119.04,119.404,24498,105374
2002-08-05,119.404,119.525,118.555,118.676,22946,105754
2002-08-06,118.676,118.676,116.494,116.737,42886,104950
2002-08-07,116.858,118.191,116.737,117.949,26643,101325
2002-08-08,117.949,118.313,116.737,116.858,20315,101402
2002-08-09,117.1,117.949,116.858,117.464,22457,98072
2002-08-12,117.464,118.676,117.343,118.434,21487,98359
2002-08-13,118.555,119.04,118.07,118.797,18570,97747
2002-08-14,118.919,119.767,118.434,118.919,23692,100331
2002-08-15,118.434,119.282,117.949,119.04,21838,101010
2002-08-16,118.797,119.525,118.434,119.161,15217,100009
2002-08-19,119.161,119.525,118.07,118.313,24508,100977
2002-08-20,118.191,118.797,117.828,118.555,24480,100332
2002-08-21,118.555,119.161,118.07,118.676,27368,104267
2002-08-22,118.676,118.797,117.222,117.464,27298,102035
2002-08-23,117.343,117.828,116.979,117.706,21912,100667
2002-08-26,117.828,117.949,117.343,117.706,11181,99827
2002-08-27,117.828,119.161,117.585,119.04,37317,104194
2002-08-28,119.04,119.161,118.555,118.676,13626,103636
2002-08-29,118.555,119.767,118.434,119.161,28285,104284
2002-08-30,119.282,119.525,118.676,118.797,15147,102119
2002-09-03,119.04,120.858,118.676,120.737,43828,109350
2002-09-04,120.858,120.858,120.01,120.131,24299,110116
2002-09-05,120.252,121.101,119.767,120.373,29580,109939
2002-09-06,120.252,120.616,118.797,118.919,48961,110505
2002-09-09,118.919,119.162,118.553,118.675,70057,122062
2002-09-10,118.797,119.284,117.823,118.188,52386,115622
2002-09-11,118.31,118.432,117.58,118.31,27447,114567
2002-09-12,118.432,119.162,118.067,119.04,60961,116326
2002-09-13,119.04,119.284,117.701,117.945,45962,114857
2002-09-16,117.823,117.945,117.215,117.701,34235,107947
2002-09-17,117.58,118.188,116.484,117.823,37819,80614
2002-09-18,118.067,118.797,117.458,118.432,22186,81841
2002-09-19,118.553,119.771,118.432,119.406,23763,83651
2002-09-20,119.771,119.771,118.675,118.919,21434,84065
2002-09-23,118.919,119.527,118.31,118.553,21796,81345
2002-09-24,118.675,119.284,118.432,119.04,22228,82896
2002-09-25,119.162,119.527,118.31,118.432,22753,82609
2002-09-26,118.553,119.04,117.945,118.553,21521,81256
2002-09-27,118.553,119.04,118.31,118.797,13867,80934
2002-09-30,119.04,120.136,119.04,119.649,30185,87516
2002-10-01,119.771,120.014,119.162,119.527,24382,85802
2002-10-02,119.162,119.771,119.04,119.527,18832,85427
2002-10-03,119.771,120.258,119.649,119.771,30470,85020
2002-10-04,119.892,120.014,118.675,118.919,35557,84249
2002-10-07,118.919,119.406,118.675,119.162,19367,83264
2002-10-08,119.284,119.527,118.553,118.553,28197,84730
2002-10-09,118.797,120.379,118.675,120.258,50440,90968
2002-10-10,120.258,120.501,119.527,119.771,21842,89282
2002-10-11,119.771,119.892,119.406,119.771,11872,88862
2002-10-15,119.892,120.136,118.919,119.04,22992,88339
2002-10-16,119.162,119.406,119.04,119.162,11395,86283
2002-10-17,119.284,119.284,117.701,117.945,46232,88070
2002-10-18,117.823,118.31,117.823,117.945,14576,85934
2002-10-21,118.067,118.553,117.701,118.31,16611,82948
2002-10-22,118.188,119.04,118.067,118.797,31180,84417
2002-10-23,118.797,119.04,118.432,118.553,15950,83105
2002-10-24,118.432,118.797,118.067,118.675,15739,81988
2002-10-25,118.797,119.04,118.553,118.675,12338,81369
2002-10-28,118.675,119.649,118.188,119.527,37485,84831
2002-10-29,119.527,119.892,119.162,119.649,19772,83640
2002-10-30,119.406,119.649,119.284,119.649,10208,82929
2002-10-31,119.527,120.379,119.527,120.136,26475,88503
2002-11-01,120.379,121.596,120.136,121.11,40939,99699
2002-11-04,121.11,121.231,120.623,121.11,20221,102667
2002-11-05,121.231,121.962,121.11,121.475,28143,102158
2002-11-06,121.475,122.083,120.744,121.84,20795,104361
2002-11-07,121.962,122.692,121.353,122.57,29443,107697
2002-11-08,122.692,123.3,122.448,123.057,19830,104344
2002-11-12,122.814,123.179,122.327,122.935,16257,105714
2002-11-13,123.057,123.057,122.083,122.327,24792,107556
2002-11-14,122.57,122.814,121.84,122.205,18713,105302
2002-11-15,122.083,122.692,121.718,122.57,23622,105555
2002-11-18,122.692,123.057,122.327,122.57,14859,105687
2002-11-19,122.692,123.3,121.596,121.962,36676,103629
2002-11-20,121.962,122.083,121.475,121.718,18100,103967
2002-11-21,121.718,122.083,121.353,121.718,21659,103966
2002-11-22,121.84,121.962,121.11,121.231,18342,101656
2002-11-25,121.231,121.231,120.258,120.501,22765,99026
2002-11-26,120.623,120.866,120.379,120.623,15381,99487
2002-11-27,120.866,120.866,120.136,120.501,24438,96586
2002-11-29,120.501,121.11,120.379,120.988,21161,98963
2002-12-02,120.988,121.475,119.892,121.353,47853,96658
2002-12-03,121.231,121.718,120.988,121.11,17824,98385
2002-12-04,121.353,122.083,121.231,121.596,24301,100829
2002-12-05,121.718,121.962,121.353,121.718,16229,100936
2002-12-06,121.718,123.3,121.718,122.814,58338,107211
2002-12-09,123.058,123.18,122.569,122.936,74971,122611
2002-12-10,123.058,123.425,122.569,122.814,53741,121589
2002-12-11,122.814,122.936,122.447,122.691,39555,122443
2002-12-12,122.814,124.158,122.691,124.036,52947,129639
2002-12-13,123.913,124.891,123.791,124.402,43365,129446
2002-12-16,124.524,124.769,124.158,124.402,21223,124867
2002-12-17,124.524,125.869,124.402,125.258,36862,100434
2002-12-18,125.135,125.258,124.524,124.891,17493,100204
2002-12-19,125.135,125.258,124.28,125.013,24391,99336
2002-12-20,125.135,125.135,124.769,125.013,9189,98510
2002-12-23,125.013,125.624,124.402,124.891,22022,98907
2002-12-24,125.013,125.746,124.891,125.502,11626,99844
2002-12-26,125.991,126.357,125.869,126.357,8533,101676
2002-12-27,126.357,127.213,126.235,127.213,15985,100340
2002-12-30,126.969,127.824,126.846,127.702,17811,101685
2002-12-31,127.702,127.946,127.335,127.946,11112,98699
2003-01-02,127.58,127.58,125.869,126.235,35836,99028
2003-01-03,126.235,127.213,125.991,126.846,19455,98008
2003-01-06,126.969,127.946,126.969,127.58,16567,98677
2003-01-07,127.457,127.457,126.724,126.846,20431,98275
2003-01-08,126.846,128.435,126.235,127.824,37538,104222
2003-01-09,127.946,128.435,127.457,127.824,26395,103401
2003-01-10,127.824,129.046,127.702,129.046,26082,102729
2003-01-13,128.924,129.046,128.313,128.557,20866,102422
2003-01-14,128.435,129.168,128.435,128.802,28205,110075
2003-01-15,128.557,129.168,128.068,128.557,37140,110629
2003-01-16,128.679,129.535,128.557,129.413,26481,111589
2003-01-17,129.413,130.146,129.29,129.901,21520,110014
2003-01-21,129.901,130.879,129.657,130.635,28511,113184
2003-01-22,130.39,131.001,130.268,130.635,23243,110940
2003-01-23,130.879,131.49,130.635,131.246,21021,110613
2003-01-24,131.001,132.345,131.001,132.223,38328,109663
2003-01-27,132.101,133.079,131.49,132.345,52159,107676
2003-01-28,132.345,132.345,131.49,131.979,20502,105577
2003-01-29,131.979,132.956,131.857,132.101,32656,105442
2003-01-30,132.101,132.223,130.879,131.857,35227,105853
2003-01-31,131.979,132.223,130.757,131.246,42449,102982
2003-02-03,131.612,131.612,130.39,131.368,37737,104869
2003-02-04,131.612,133.079,131.368,132.712,48337,108531
2003-02-05,132.712,133.445,131.001,131.857,56082,107997
2003-02-06,131.612,132.59,131.368,132.223,37374,107473
2003-02-07,132.101,132.223,131.001,132.223,47518,106837
2003-02-10,132.101,132.101,130.879,131.123,33960,104867
2003-02-11,130.879,131.368,130.146,131.001,50198,107453
2003-02-12,131.001,131.49,130.635,130.879,33935,104615
2003-02-13,130.879,132.59,130.635,132.345,50275,108363
2003-02-14,132.223,132.468,131.368,131.49,25280,107090
2003-02-18,131.49,131.49,130.268,130.39,38610,108102
2003-02-19,130.39,131.368,130.268,131.368,29228,105035
2003-02-20,131.246,132.345,131.123,132.101,38094,109190
2003-02-21,132.101,132.468,131.246,131.49,33023,106547
2003-02-24,131.001,131.979,130.757,131.734,45478,106878
2003-02-25,131.857,132.101,131.123,131.49,34258,105427
2003-02-26,131.368,131.979,131.001,131.734,32160,108168
2003-02-27,131.734,132.345,131.123,131.49,41163,107965
2003-02-28,131.246,131.979,131.123,131.979,36485,105884
2003-03-03,131.612,133.079,131.49,132.956,51976,116012
2003-03-04,133.079,133.567,132.834,132.834,54716,123014
2003-03-05,133.445,134.423,133.445,134.056,52712,125467
2003-03-06,133.934,134.545,133.445,134.056,57220,124953
2003-03-07,134.056,135.156,133.934,134.545,71713,128915
2003-03-10,134.545,135.281,134.545,135.036,58342,137094
2003-03-11,135.158,135.404,134.545,134.79,67534,136246
2003-03-12,134.913,135.158,134.177,134.422,52615,135484
2003-03-13,134.422,134.422,131.724,132.092,83516,131719
2003-03-14,131.847,132.215,130.62,131.356,57859,119471
2003-03-17,131.847,132.583,129.394,130.007,64343,113397
2003-03-18,130.007,130.252,128.903,130.007,39791,78765
2003-03-19,130.252,130.252,129.026,129.149,28152,76602
2003-03-20,129.026,130.498,128.535,129.762,27532,76605
2003-03-21,129.884,129.884,128.413,128.781,25514,71993
2003-03-24,129.516,130.62,129.271,130.13,27154,70926
2003-03-25,130.13,131.111,130.007,130.252,25143,72434
2003-03-26,130.375,130.866,129.884,130.62,24600,73463
2003-03-27,130.866,131.479,130.498,130.743,26018,76601
2003-03-28,130.743,132.092,130.498,131.847,39992,76762
2003-03-31,131.969,133.687,131.847,133.319,41451,76707
2003-04-01,133.564,133.564,132.951,133.196,29077,75951
2003-04-02,133.564,134.054,131.479,131.602,51070,77051
2003-04-03,131.724,132.092,130.743,131.234,40679,74428
2003-04-04,131.724,131.724,130.743,131.234,31826,71175
2003-04-07,130.62,130.988,129.149,130.375,43611,74121
2003-04-08,130.866,131.234,130.252,130.988,32044,71412
2003-04-09,130.988,131.969,130.62,131.724,54553,74784
2003-04-10,131.847,132.583,131.724,132.092,33924,77364
2003-04-11,131.969,132.092,130.866,131.602,34506,76171
2003-04-14,131.356,132.337,131.111,131.847,27579,79406
2003-04-15,131.847,132.46,131.356,132.337,27691,77639
2003-04-16,132.215,133.687,131.969,133.564,43126,87285
2003-04-17,133.564,134.177,133.073,133.196,33558,86731
2003-04-21,133.441,133.564,132.46,132.951,21129,86890
2003-04-22,133.073,134.668,132.828,134.3,44411,95982
2003-04-23,134.3,134.422,133.687,134.177,23253,96022
2003-04-24,134.3,135.281,134.054,135.036,38321,100574
2003-04-25,135.036,135.281,134.177,135.036,40422,102050
2003-04-28,135.036,135.649,134.422,134.422,36116,101714
2003-04-29,134.545,135.772,133.932,135.526,54950,103869
2003-04-30,135.649,136.998,135.526,136.875,43687,107059
2003-05-01,136.875,138.225,136.63,137.489,40046,111786
2003-05-02,137.611,138.102,136.998,137.489,34546,110827
2003-05-05,137.366,138.47,137.243,138.102,32634,114532
2003-05-06,138.347,140.31,138.102,139.819,42858,115082
2003-05-07,140.064,140.187,138.715,139.328,50501,113501
2003-05-08,139.083,140.923,138.47,140.8,59801,105984
2003-05-09,140.8,141.291,140.064,140.8,37381,98711
2003-05-12,141.536,142.395,141.168,141.536,36204,106036
2003-05-13,141.659,141.659,140.432,141.045,37561,100930
2003-05-14,141.291,141.413,140.555,140.923,37578,102776
2003-05-15,140.677,140.8,139.328,139.696,40064,102086
2003-05-16,139.574,142.027,139.206,141.904,43778,103186
2003-05-19,142.762,143.866,142.395,142.762,50714,107263
2003-05-20,142.762,143.621,142.149,143.498,38893,108716
2003-05-21,143.621,143.989,142.64,143.008,36418,108257
2003-05-22,142.64,143.744,142.395,143.376,30325,107685
2003-05-23,143.376,145.093,143.008,144.602,30541,110305
2003-05-27,144.848,146.319,144.602,145.338,53520,110029
2003-05-28,144.848,145.215,143.498,144.112,56501,112022
2003-05-29,144.112,146.074,143.376,145.461,64154,116540
2003-05-30,145.951,146.074,143.989,144.48,48730,114748
2003-06-02,143.744,144.357,142.885,144.112,52817,119549
2003-06-03,144.234,144.48,143.253,143.989,44599,115440
2003-06-04,143.866,144.112,142.64,143.253,40520,115004
2003-06-05,142.762,145.829,142.64,145.215,74230,127275
2003-06-06,145.215,145.706,143.253,143.498,66133,121737
2003-06-09,143.498,144.605,143.007,143.99,86881,125896
2003-06-10,143.744,143.99,143.13,143.252,78507,136383
2003-06-11,143.13,144.482,143.007,144.236,69279,136146
2003-06-12,144.113,144.851,143.498,144.236,62677,138389
2003-06-13,144.236,145.712,143.867,145.589,65088,143733
2003-06-16,145.589,146.327,144.974,145.22,49358,131960
2003-06-17,145.097,145.466,144.359,144.728,35950,103252
2003-06-18,144.605,144.728,143.007,143.375,45414,102623
2003-06-19,143.375,143.99,142.023,143.621,60808,100203
2003-06-20,143.744,143.867,141.654,142.023,47449,95743
2003-06-23,142.023,142.392,141.162,141.654,38123,92835
2003-06-24,141.777,142.023,140.793,141.162,32824,94856
2003-06-25,141.162,142.515,140.916,141.531,33009,93305
2003-06-26,141.408,141.654,140.055,140.178,42157,91483
2003-06-27,140.178,140.67,139.687,140.055,35226,90493
2003-06-30,140.301,141.285,139.932,141.039,42776,96116
2003-07-01,141.285,142.515,141.162,141.9,44042,101717
2003-07-02,141.9,142.023,141.162,141.654,31056,98341
2003-07-03,141.654,141.654,140.301,140.916,39068,94951
2003-07-07,140.916,140.916,138.826,138.949,45707,99500
2003-07-08,138.949,139.318,138.211,138.703,40293,94616
2003-07-09,138.949,139.441,138.826,139.195,25076,93632
2003-07-10,139.318,139.809,138.826,139.809,35489,95207
2003-07-11,139.687,139.809,138.334,138.826,31065,97741
2003-07-14,138.58,138.826,137.965,138.457,27647,94464
2003-07-15,138.457,139.195,136.981,137.473,53260,99175
2003-07-16,137.227,137.842,136.367,137.596,48384,93759
2003-07-17,137.719,138.088,136.981,137.596,37056,97013
2003-07-18,137.596,138.826,137.104,138.58,41304,94456
2003-07-21,138.211,139.441,138.088,139.318,36686,98111
2003-07-22,139.318,139.687,138.826,139.072,28623,96459
2003-07-23,139.195,141.039,138.949,140.793,53755,94047
2003-07-24,141.039,141.408,140.301,140.793,40960,96680
2003-07-25,140.916,141.777,140.547,141.285,40199,94343
2003-07-28,141.285,141.408,140.67,141.285,29182,96466
2003-07-29,141.162,141.777,140.424,140.793,48125,96272
2003-07-30,140.547,140.67,139.195,139.441,44188,95914
2003-07-31,139.441,139.564,137.842,138.088,44985,96565
2003-08-01,137.965,138.457,136.735,138.334,42671,96104
2003-08-04,138.58,139.687,138.334,139.441,29727,94460
2003-08-05,139.564,140.055,138.826,139.441,36058,93299
2003-08-06,139.932,140.301,139.072,139.318,34832,94867
2003-08-07,139.318,140.301,139.072,139.687,39841,99354
2003-08-08,139.809,139.809,138.58,138.703,34889,95711
2003-08-11,138.826,139.809,138.334,139.564,42119,102339
2003-08-12,139.564,139.687,138.58,138.949,33655,97523
2003-08-13,138.457,139.195,137.842,138.949,48410,97420
2003-08-14,138.949,139.318,137.965,138.211,39701,98317
2003-08-15,138.58,138.703,138.088,138.211,16769,96890
2003-08-18,138.457,138.457,136.735,136.981,41067,99744
2003-08-19,136.981,136.981,135.752,136.981,47852,95786
2003-08-20,136.981,136.981,136.121,136.612,30049,95972
2003-08-21,136.489,136.612,133.784,134.276,70266,102785
2003-08-22,134.153,134.522,133.169,133.784,41715,100027
2003-08-25,133.415,134.153,133.292,133.784,30455,98014
2003-08-26,133.538,134.03,132.678,133.784,53986,100114
2003-08-27,133.415,134.399,133.169,133.784,29936,101447
2003-08-28,133.661,134.153,132.924,133.538,45267,105533
2003-08-29,133.784,135.137,133.661,134.891,35201,106393
2003-09-02,135.014,135.383,132.801,133.046,52332,107173
2003-09-03,132.924,133.661,132.309,133.292,48856,107139
2003-09-04,133.415,134.645,132.924,134.276,44514,107776
2003-09-05,134.522,136.612,134.153,136.489,75439,107080
2003-09-08,136.366,136.859,135.873,136.366,60300,109838
2003-09-09,136.12,138.216,135.996,137.969,77663,114940
2003-09-10,138.092,138.216,137.229,137.846,70212,116649
2003-09-11,137.846,138.586,137.229,137.722,67288,121736
2003-09-12,137.722,139.325,136.983,138.832,93063,120223
2003-09-15,138.462,139.079,138.339,138.955,27095,111782
2003-09-16,138.832,139.202,137.229,137.353,36354,80591
2003-09-17,137.476,138.955,136.983,138.955,43474,80039
2003-09-18,138.832,139.572,138.092,138.339,47777,81575
2003-09-19,138.339,140.065,138.216,139.695,43151,81521
2003-09-22,139.942,141.545,139.942,141.298,56796,82067
2003-09-23,141.051,141.791,140.682,141.051,36507,82549
2003-09-24,140.805,141.545,140.558,141.298,32790,83726
2003-09-25,141.421,141.915,140.928,141.298,40148,83916
2003-09-26,141.298,141.545,140.682,141.175,28607,82897
2003-09-29,140.928,142.778,140.188,142.531,62767,87634
2003-09-30,142.901,144.504,142.408,143.271,61044,91864
2003-10-01,143.517,144.38,143.271,144.134,36101,90486
2003-10-02,144.257,144.874,143.517,143.887,41924,94770
2003-10-03,143.887,144.257,142.161,142.284,57586,93269
2003-10-06,142.408,144.257,141.915,144.011,40685,97031
2003-10-07,144.134,145.367,144.011,144.874,49267,96823
2003-10-08,144.874,145.737,144.75,145.244,49005,100765
2003-10-09,145.49,145.983,143.764,144.504,60105,102351
2003-10-10,144.627,145.86,144.011,145.244,37621,102835
2003-10-14,145.244,145.367,142.531,144.504,93514,105915
2003-10-15,144.38,144.627,142.654,143.394,52444,106941
2003-10-16,143.024,144.011,142.408,142.778,52609,106573
2003-10-17,142.778,143.887,142.161,143.394,54589,106031
2003-10-20,144.011,144.134,142.778,143.517,43545,109922
2003-10-21,143.148,144.011,143.024,143.394,35081,106515
2003-10-22,143.641,145.613,143.394,145.367,53315,108097
2003-10-23,145.367,145.86,144.75,145.12,38434,106223
2003-10-24,145.244,145.983,144.874,145.49,44538,106298
2003-10-27,144.997,145.12,144.257,144.627,35796,104372
2003-10-28,144.504,144.627,143.517,143.887,40164,102842
2003-10-29,143.764,144.38,143.641,143.764,35583,102423
2003-10-30,143.641,144.75,143.024,143.271,63046,103691
2003-10-31,143.148,143.517,142.408,142.531,52599,102737
2003-11-03,142.531,143.148,140.682,141.175,66099,97389
2003-11-04,141.175,141.791,140.805,141.545,36184,98943
2003-11-05,141.545,141.668,140.558,140.928,50788,97932
2003-11-06,140.928,141.175,140.188,140.558,44392,99652
2003-11-07,140.558,142.161,140.188,142.038,62665,104913
2003-11-10,141.668,142.038,141.298,141.545,34809,104595
2003-11-12,141.791,143.641,141.791,143.271,59819,109188
2003-11-13,143.271,144.627,143.271,144.504,58791,106866
2003-11-14,144.504,145.49,144.504,144.997,51689,106866
2003-11-17,145.613,145.983,144.504,144.997,49559,108984
2003-11-18,144.75,147.586,144.627,147.216,89018,125596
2003-11-19,147.34,147.586,146.353,146.477,61632,129259
2003-11-20,146.477,147.586,146.477,146.723,50256,127870
2003-11-21,146.723,147.093,146.107,146.846,36660,122808
2003-11-24,146.723,146.846,144.874,144.997,43450,120713
2003-11-25,145.12,145.613,144.874,145.244,43460,122880
2003-11-26,145.367,147.216,144.997,146.97,59341,130294
2003-11-28,146.97,148.079,146.477,147.709,41985,131842
2003-12-01,147.833,148.449,147.093,147.586,54328,128332
2003-12-02,147.586,149.066,147.216,148.942,63848,135551
2003-12-03,149.189,149.559,148.696,149.189,41948,133402
2003-12-04,149.312,149.929,148.326,149.189,105514,140558
2003-12-05,148.942,150.052,148.696,149.929,75524,132136
2003-12-08,149.929,150.918,149.805,150.67,81664,144241
2003-12-09,150.67,151.288,150.176,150.918,117874,152632
2003-12-10,151.041,151.165,149.805,150.67,76555,163273
2003-12-11,150.67,150.794,149.311,150.67,99276,162202
2003-12-12,150.67,151.783,150.547,151.536,79439,163763
2003-12-15,149.929,152.03,149.805,151.659,67009,167987
2003-12-16,151.783,152.401,151.659,152.03,48122,119162
2003-12-17,152.03,153.142,151.659,152.895,58292,124410
2003-12-18,152.895,153.39,152.401,153.266,47287,119731
2003-12-19,153.142,153.266,152.154,152.772,42333,118887
2003-12-22,152.524,153.513,152.277,153.019,29896,118490
2003-12-23,153.019,153.266,152.772,152.772,22736,118873
2003-12-24,152.895,153.884,152.895,153.637,20840,117892
2003-12-26,153.513,153.76,153.266,153.39,5509,117228
2003-12-29,153.266,154.255,153.266,154.008,26027,121549
2003-12-30,154.008,154.996,153.884,154.749,31742,119095
2003-12-31,154.749,155.985,154.378,154.873,36806,117042
2004-01-02,155.491,155.738,154.996,155.491,30979,120530
2004-01-05,155.862,156.603,155.738,156.356,39931,122291
2004-01-06,156.356,158.087,156.232,157.469,71817,126442
2004-01-07,157.098,157.221,155.738,155.985,69655,123255
2004-01-08,155.862,157.716,154.996,157.469,91328,130638
2004-01-09,157.592,158.828,156.727,158.457,67095,122704
2004-01-12,158.581,159.199,157.098,157.345,60666,127858
2004-01-13,157.221,157.963,156.851,157.345,67035,130510
2004-01-14,157.592,157.839,155.862,156.356,80726,129173
2004-01-15,156.109,156.356,154.996,155.244,68438,126105
2004-01-16,155.244,155.614,152.401,152.772,103460,122994
2004-01-20,152.895,155.491,152.277,155.12,97594,129548
2004-01-21,155.367,156.48,154.873,155.862,70018,121899
2004-01-22,155.985,157.345,155.985,156.851,67938,124574
2004-01-23,157.098,157.716,155.12,155.491,72842,125271
2004-01-26,155.244,155.738,153.76,153.884,75946,125760
2004-01-27,153.884,156.232,153.513,155.862,75218,129170
2004-01-28,155.985,156.109,153.884,154.378,97586,133337
2004-01-29,153.39,154.749,152.648,153.142,90347,124533
2004-01-30,153.142,154.255,152.524,153.884,88706,120983
2004-02-02,154.131,154.131,153.019,153.142,47069,120591
2004-02-03,153.637,155.614,153.266,154.873,69168,124312
2004-02-04,154.873,155.367,154.008,154.749,50163,123533
2004-02-05,154.873,156.109,154.626,154.873,61118,126298
2004-02-06,154.996,157.098,154.502,156.727,86501,128319
2004-02-09,155.985,157.592,155.862,156.603,80475,134298
2004-02-10,156.851,157.963,156.48,156.851,63258,128407
2004-02-11,156.603,158.581,155.985,158.21,79310,135982
2004-02-12,158.581,158.705,157.963,157.963,59255,137838
2004-02-13,158.334,159.323,157.098,157.345,91286,144584
2004-02-17,157.221,159.075,157.098,158.581,79191,145315
2004-02-18,158.705,159.693,156.356,156.974,97479,147070
2004-02-19,156.851,157.345,156.232,156.851,79770,144909
2004-02-20,157.345,157.716,154.378,154.626,100752,141340
2004-02-23,154.626,155.614,153.76,154.873,73031,130770
2004-02-24,155.244,157.098,154.749,156.727,81799,133504
2004-02-25,156.727,156.974,154.131,154.378,96832,134058
2004-02-26,154.378,154.626,153.019,153.637,94143,130814
2004-02-27,153.637,154.626,152.895,154.378,78550,128161
2004-03-01,154.378,154.996,153.513,153.76,62123,136059
2004-03-02,154.008,154.008,150.67,151.165,127139,135662
2004-03-03,150.918,151.041,148.94,150.67,107913,141223
2004-03-04,150.67,151.288,149.929,150.67,99664,144943
2004-03-05,150.67,153.637,150.3,152.895,107745,138321
2004-03-08,153.019,153.515,152.524,153.143,101974,140335
2004-03-09,153.267,154.01,151.656,152.647,112760,142361
2004-03-10,152.152,152.647,150.665,151.161,115199,137713
2004-03-11,151.037,153.143,150.293,152.276,91957,144058
2004-03-12,152.647,152.771,150.417,151.037,97829,144645
2004-03-15,151.037,152.276,150.913,151.532,59610,139957
2004-03-16,151.656,152.895,151.161,151.656,62885,87390
2004-03-17,151.656,151.904,150.541,151.285,67357,92577
2004-03-18,151.285,153.639,151.037,153.019,91894,97310
2004-03-19,153.143,153.391,151.532,151.78,58894,94811
2004-03-22,151.78,153.391,151.161,152.524,51393,94660
2004-03-23,152.647,152.895,151.656,152.4,55404,95616
2004-03-24,152.647,153.019,149.798,149.922,90859,102339
2004-03-25,149.922,150.913,149.55,150.046,59788,103098
2004-03-26,149.922,151.037,149.302,149.798,63345,102340
2004-03-29,150.046,150.541,149.054,150.169,41868,101220
2004-03-30,150.417,151.285,150.293,150.541,44204,100890
2004-03-31,150.665,152.4,150.541,152.152,65894,102720
2004-04-01,152.276,153.267,151.532,152.771,73360,104676
2004-04-02,152.895,153.019,149.674,150.046,76756,108511
2004-04-05,149.798,150.046,148.187,148.559,76399,106849
2004-04-06,148.559,150.046,148.187,149.55,54315,107414
2004-04-07,150.169,151.037,149.054,150.665,71476,107459
2004-04-08,150.541,151.161,149.178,149.426,61050,109530
2004-04-12,149.426,149.674,149.054,149.302,17140,109077
2004-04-13,149.426,149.426,147.32,147.691,57876,110366
2004-04-14,147.691,148.063,146.824,147.939,69515,108268
2004-04-15,147.939,148.311,146.948,148.187,65565,105963
2004-04-16,148.187,149.054,147.444,148.311,62160,108893
2004-04-19,148.683,149.426,148.435,148.683,41322,107911
2004-04-20,148.559,148.559,146.452,147.32,65874,114818
2004-04-21,146.576,147.444,146.205,146.452,71795,115343
2004-04-22,146.452,147.32,145.709,147.196,65764,117446
2004-04-23,147.32,147.815,145.957,146.452,62581,115888
2004-04-26,146.205,147.072,145.585,146.948,52523,118004
2004-04-27,146.7,147.815,146.452,147.691,69254,119710
2004-04-28,147.567,147.939,146.328,146.576,67268,122959
2004-04-29,146.576,148.311,146.081,148.063,88393,120604
2004-04-30,148.063,148.683,147.567,148.311,56278,119903
2004-05-03,148.559,148.559,147.567,147.815,42368,119731
2004-05-04,147.815,150.046,147.567,149.674,81637,124170
2004-05-05,149.798,150.913,149.674,150.665,69488,125315
2004-05-06,150.541,150.665,149.302,149.55,60877,127706
2004-05-07,149.426,150.417,146.948,147.196,93599,131263
2004-05-10,147.072,147.196,146.205,146.824,61573,130456
2004-05-11,146.452,147.196,145.957,146.824,67504,127408
2004-05-12,146.948,147.815,146.452,147.444,71700,132375
2004-05-13,147.444,147.691,145.709,146.328,69556,135272
2004-05-14,146.205,147.444,145.585,147.072,76135,137040
2004-05-17,147.196,149.302,147.072,148.683,87026,141587
2004-05-18,148.806,149.054,147.691,147.939,58220,145574
2004-05-19,147.939,149.178,147.815,148.806,58885,145034
2004-05-20,148.806,148.806,147.32,147.567,60200,145502
2004-05-21,148.187,149.426,148.063,148.683,67196,146303
2004-05-24,148.559,148.93,147.815,148.806,43186,144341
2004-05-25,148.683,150.293,148.435,149.922,73802,148621
2004-05-26,149.922,150.417,149.55,150.046,50704,150971
2004-05-27,149.922,152.152,149.674,152.028,82230,153347
2004-05-28,152.028,152.276,151.161,151.285,53057,151850
2004-06-01,151.532,151.904,150.541,151.408,82067,159590
2004-06-02,151.656,152.4,151.161,151.408,65570,153719
2004-06-03,151.285,151.78,150.789,151.285,68365,150943
2004-06-04,151.408,152.4,150.293,152.276,91779,150675
2004-06-07,152.276,152.895,152.152,152.524,82748,161347
2004-06-08,152.648,153.02,151.655,151.903,87909,159172
2004-06-09,151.903,152.027,149.173,149.173,182473,155617
2004-06-10,149.049,150.166,149.049,150.041,113439,154131
2004-06-14,148.552,149.793,148.18,149.421,71985,148705
2004-06-15,149.421,150.786,149.049,150.786,91612,85653
2004-06-16,150.662,150.786,148.428,148.8,83874,91778
2004-06-17,148.8,149.669,148.676,149.545,67427,90258
2004-06-18,149.297,150.538,148.428,150.414,68184,93635
2004-06-21,150.414,150.538,149.669,150.041,48568,92319
2004-06-22,150.041,150.29,149.421,149.917,53187,92563
2004-06-23,150.166,151.158,149.545,149.793,59620,102524
2004-06-24,149.917,151.034,149.297,150.786,67535,109522
2004-06-25,150.91,151.034,150.041,150.662,48901,109627
2004-06-28,150.91,151.531,150.29,151.034,66366,111488
2004-06-29,151.034,151.158,149.545,149.793,75508,106582
2004-06-30,149.669,151.407,149.545,151.158,79804,107101
2004-07-01,151.034,151.407,150.414,150.91,52050,109305
2004-07-02,150.662,152.772,150.538,152.772,68596,118381
2004-07-06,152.772,152.896,152.027,152.524,68041,125199
2004-07-07,152.399,153.64,152.151,153.268,68637,129044
2004-07-08,153.392,153.765,152.896,153.64,57616,136245
2004-07-09,153.64,154.013,153.392,153.765,47233,138992
2004-07-12,153.889,154.137,153.516,153.765,47438,147937
2004-07-13,153.765,153.889,152.524,152.896,81612,147585
2004-07-14,152.896,154.013,152.772,153.64,65509,148301
2004-07-15,153.516,153.765,152.896,153.02,51896,144991
2004-07-16,153.144,154.509,152.772,154.385,70792,149949
2004-07-19,154.385,154.509,153.765,154.137,44073,147083
2004-07-20,154.261,154.385,152.524,152.896,72042,145213
2004-07-21,152.896,153.144,151.407,151.779,96529,148201
2004-07-22,152.151,152.399,151.655,151.779,65613,140295
2004-07-23,151.903,152.151,149.917,150.041,92454,143564
2004-07-26,150.041,150.91,149.917,150.538,57968,137533
2004-07-27,150.538,151.158,149.297,149.297,95328,137974
2004-07-28,149.545,149.793,148.8,149.545,104038,147123
2004-07-29,149.545,150.041,148.676,149.297,96166,151732
2004-07-30,149.297,150.29,148.8,149.049,87589,154373
2004-08-02,149.421,150.041,149.173,149.297,49753,156867
2004-08-03,149.173,149.793,148.8,149.421,61444,156968
2004-08-04,149.421,149.669,148.428,149.297,90176,159312
2004-08-05,149.545,149.793,149.049,149.669,52036,159051
2004-08-06,149.545,152.399,149.421,152.275,104620,156690
2004-08-09,152.399,152.399,151.903,152.275,39643,155658
2004-08-10,152.275,152.772,151.655,151.779,60143,154249
2004-08-11,151.655,151.903,151.283,151.531,57100,156796
2004-08-12,151.655,152.772,151.531,152.027,77372,157798
2004-08-13,151.903,153.516,151.034,153.516,92101,156428
2004-08-16,153.516,153.64,152.772,153.268,54470,152920
2004-08-17,153.268,153.765,152.648,153.144,61175,154281
2004-08-18,153.268,153.392,152.399,152.896,68880,156912
2004-08-19,153.02,153.64,153.02,153.392,58044,155617
2004-08-20,153.516,153.64,152.399,152.648,65572,165642
2004-08-23,152.648,152.772,150.538,150.662,82727,166405
2004-08-24,150.662,150.91,149.669,149.793,86099,164966
2004-08-25,149.793,150.29,149.545,150.041,67742,163771
2004-08-26,150.041,150.414,149.421,150.166,67639,166110
2004-08-27,150.166,150.538,148.925,149.173,81227,171776
2004-08-30,149.049,149.793,148.8,149.545,49283,167390
2004-08-31,149.545,151.283,149.421,151.034,91223,171325
2004-09-01,151.158,151.655,150.662,151.283,76386,167061
2004-09-02,151.283,151.407,150.662,150.91,54548,166354
2004-09-03,151.034,151.407,149.421,149.793,92749,170838
2004-09-07,149.669,150.29,149.545,150.29,99864,168870
2004-09-08,150.29,151.283,149.296,151.283,145056,180751
2004-09-09,151.159,151.656,150.911,151.283,114230,180439
2004-09-10,151.78,152.774,151.159,152.277,145985,181451
2004-09-13,152.277,152.525,151.78,152.153,50171,176447
2004-09-14,152.153,152.65,151.78,152.153,84959,90696
2004-09-15,152.029,152.153,150.662,150.911,101839,86574
2004-09-16,150.787,151.408,150.414,151.283,83069,85387
2004-09-17,151.283,151.78,150.911,151.159,51010,84911
2004-09-20,151.159,151.159,150.538,151.035,44909,84908
2004-09-21,151.159,153.271,151.035,152.898,88931,91424
2004-09-22,153.146,153.146,151.78,152.153,81675,93773
2004-09-23,152.277,153.146,152.153,152.277,83385,91388
2004-09-24,152.277,153.519,151.904,152.277,99924,94362
2004-09-27,152.525,152.898,152.029,152.65,49444,97753
2004-09-28,152.65,153.395,152.525,153.022,75221,107544
2004-09-29,153.022,153.271,152.525,153.022,72271,111873
2004-09-30,153.146,154.513,152.898,154.388,103112,124178
2004-10-01,154.388,154.388,153.767,154.14,53114,126337
2004-10-04,154.016,154.016,152.153,152.65,85416,132070
2004-10-05,152.525,153.146,152.277,153.022,64828,132300
2004-10-06,152.898,153.022,152.029,152.401,71412,131616
2004-10-07,152.525,152.898,152.401,152.65,49964,125334
2004-10-08,152.525,154.388,152.401,154.14,106142,136452
2004-10-12,154.264,154.264,152.525,153.022,70131,132397
2004-10-13,153.146,153.519,151.78,153.146,111120,131623
2004-10-14,153.271,154.264,153.022,154.016,86788,123519
2004-10-15,153.767,155.258,153.643,154.885,107035,126985
2004-10-18,154.885,155.631,154.761,155.258,70970,129055
2004-10-19,155.134,155.631,154.637,155.506,79379,130386
2004-10-20,155.382,156.873,155.258,156.252,96905,137174
2004-10-21,156.252,157.121,156.127,156.748,87114,144335
2004-10-22,156.624,157.618,156.5,157.121,69769,146744
2004-10-25,157.866,159.357,157.866,158.86,100324,147511
2004-10-26,158.984,159.481,157.99,158.363,87353,150482
2004-10-27,158.363,159.108,157.618,157.742,142236,150562
2004-10-28,157.742,158.612,156.873,158.115,118799,150282
2004-10-29,158.239,158.984,157.866,158.86,104446,152534
2004-11-01,159.108,159.357,157.99,158.239,89836,159712
2004-11-02,158.363,158.363,157.245,157.618,65009,158411
2004-11-03,158.239,159.357,157.245,159.233,127032,164161
2004-11-04,159.233,160.226,158.86,159.729,100760,164040
2004-11-05,159.854,161.096,158.487,160.847,161104,169962
2004-11-08,160.971,161.344,160.35,160.35,90797,184697
2004-11-09,160.35,160.723,159.978,160.226,82530,185582
2004-11-10,160.226,161.468,159.605,160.102,167413,195168
2004-11-12,160.102,161.344,159.729,161.344,155714,200760
2004-11-15,161.096,161.468,160.475,160.723,75746,201310
2004-11-16,160.847,161.468,160.475,161.096,98399,203471
2004-11-17,160.971,162.089,160.847,161.965,107148,213050
2004-11-18,161.965,162.338,160.723,161.22,108089,221734
2004-11-19,160.847,162.338,160.723,161.717,120569,226525
2004-11-22,161.965,162.089,161.592,161.965,62436,231714
2004-11-23,161.965,162.835,161.22,162.462,108369,233859
2004-11-24,162.462,163.704,162.462,163.58,89495,226034
2004-11-26,163.828,165.567,163.456,165.07,117900,236044
2004-11-29,164.946,165.319,164.325,164.946,90055,234594
2004-11-30,164.822,165.691,164.325,165.07,114578,233254
2004-12-01,165.07,166.064,164.946,165.443,113298,231002
2004-12-02,165.691,166.188,164.449,164.822,156910,224213
2004-12-03,164.822,167.182,164.698,167.058,181100,220364
2004-12-06,167.058,167.182,166.312,166.685,149919,245465
2004-12-07,166.437,167.306,166.312,166.809,138417,223808
2004-12-08,166.685,166.809,163.83,165.692,210094,221319
2004-12-09,165.816,165.94,164.575,165.568,173056,235017
2004-12-10,165.32,165.444,163.21,164.451,200868,229963
2004-12-13,163.955,165.568,163.955,165.444,92225,224738
2004-12-14,165.32,165.692,164.699,165.196,125415,136413
2004-12-15,165.072,167.057,164.699,166.561,102950,139483
2004-12-16,166.437,166.809,163.955,164.327,170242,142569
2004-12-17,164.575,165.444,164.327,165.072,106033,138411
2004-12-20,165.568,166.561,165.196,166.313,78687,141787
2004-12-21,166.437,166.561,165.816,166.064,74664,147150
2004-12-22,166.064,166.561,165.692,166.437,76910,153934
2004-12-23,166.313,167.926,166.189,167.43,86360,158333
2004-12-27,167.926,169.416,167.802,169.167,72546,148669
2004-12-28,169.167,169.416,168.795,169.043,66277,147687
2004-12-29,169.043,169.54,168.423,168.795,80782,149412
2004-12-30,169.043,169.912,168.547,169.54,66017,147968
2004-12-31,169.291,169.664,167.802,168.299,60899,150853
2005-01-03,168.423,168.671,166.313,167.43,130390,149738
2005-01-04,167.181,167.554,164.575,164.823,186084,141191
2005-01-05,164.823,165.196,164.079,164.699,144155,135698
2005-01-06,164.823,164.947,163.334,163.582,129316,139459
2005-01-07,163.706,164.575,161.72,162.093,204156,141853
2005-01-10,162.093,162.962,162.093,162.589,113145,143660
2005-01-11,162.713,163.582,162.713,162.962,110818,143785
2005-01-12,162.837,165.072,162.465,164.823,178372,154776
2005-01-13,164.575,164.699,163.83,163.955,121729,132178
2005-01-14,164.079,164.079,162.217,162.589,135851,128776
2005-01-18,162.713,163.086,161.348,161.845,126745,131661
2005-01-19,161.72,162.962,160.976,161.348,148339,133480
2005-01-20,161.472,161.72,160.479,160.852,132735,130949
2005-01-21,160.976,162.341,160.603,162.093,125303,129262
2005-01-24,161.969,162.713,161.72,162.217,89617,126460
2005-01-25,161.969,162.341,160.728,160.976,126530,131203
2005-01-26,161.1,162.837,161.1,162.341,117943,131783
2005-01-27,162.341,162.962,161.596,161.845,112048,135454
2005-01-28,161.969,162.465,161.224,161.969,111661,131790
2005-01-31,161.596,162.217,161.1,161.845,101067,121813
2005-02-01,161.969,162.217,161.472,162.093,102538,129210
2005-02-02,161.969,162.589,161.596,161.969,106635,134621
2005-02-03,161.845,161.845,160.728,161.1,108990,140897
2005-02-04,161.1,161.969,159.735,159.859,156717,146358
2005-02-07,159.611,159.735,158.121,158.618,135661,156820
2005-02-08,158.369,158.866,158.121,158.618,104237,152377
2005-02-09,158.493,159.114,158.121,158.866,113821,154020
2005-02-10,159.114,160.231,158.121,159.859,162515,152792
2005-02-11,159.859,160.107,159.486,159.735,75546,144588
2005-02-14,159.983,161.348,159.859,160.976,84934,152045
2005-02-15,161.1,162.093,160.852,161.596,137230,148131
2005-02-16,161.72,162.217,160.852,161.845,144936,158695
2005-02-17,161.72,162.465,161.596,162.341,113410,157188
2005-02-18,162.341,162.465,161.596,162.341,93048,154798
2005-02-22,162.093,164.699,161.845,164.575,156998,164961
2005-02-23,164.575,164.823,163.706,164.327,134018,158143
2005-02-24,163.955,164.699,163.582,163.955,114776,158870
2005-02-25,163.83,164.451,163.21,164.327,112590,162492
2005-02-28,164.327,164.823,164.079,164.327,107844,163092
2005-03-01,164.079,164.203,163.458,163.706,112506,169942
2005-03-02,163.706,163.706,162.465,163.086,112457,171598
2005-03-03,163.086,163.458,162.589,162.713,84983,161675
2005-03-04,162.713,164.575,162.465,164.327,170842,165372
2005-03-07,164.327,164.699,163.582,163.83,109881,156405
2005-03-08,163.954,165.812,163.954,165.564,159209,169161
2005-03-09,165.688,166.679,165.44,166.307,178700,178183
2005-03-10,166.183,166.926,165.936,166.679,187385,186562
2005-03-11,166.555,167.298,166.183,166.926,173620,171953
2005-03-14,167.05,167.298,165.44,165.936,107666,166259
2005-03-15,165.812,166.431,165.069,165.316,131877,122371
2005-03-16,165.193,166.802,164.945,166.431,126133,124626
2005-03-17,166.555,166.555,165.564,165.936,99926,124248
2005-03-18,166.059,166.183,164.573,165.193,106518,122899
2005-03-21,165.193,165.316,163.087,163.459,132330,118792
2005-03-22,163.335,164.078,161.973,162.344,122739,115071
2005-03-23,162.344,162.344,160.735,160.982,146686,121008
2005-03-24,161.23,161.725,160.487,160.735,122617,121044
2005-03-28,160.735,160.735,159.496,159.744,72161,117173
2005-03-29,159.992,160.735,159.744,160.363,84539,116888
2005-03-30,160.487,161.106,160.239,160.487,97360,126423
2005-03-31,160.239,161.478,160.115,160.735,122265,118917
2005-04-01,160.858,161.973,159.62,160.115,157846,123227
2005-04-04,159.992,160.115,159.001,159.496,102095,119902
2005-04-05,159.372,159.744,158.753,159.744,88240,126079
2005-04-06,159.496,160.115,159.249,159.744,104801,129019
2005-04-07,159.62,160.487,159.372,159.372,119833,124210
2005-04-08,159.372,160.487,158.877,160.363,137499,122973
2005-04-11,160.363,161.23,160.115,160.982,103935,133147
2005-04-12,160.858,161.478,159.496,160.363,211929,131025
2005-04-13,160.239,160.735,159.372,160.115,167297,140306
2005-04-14,160.239,160.239,158.382,159.125,168431,142580
2005-04-15,158.753,160.487,158.506,160.115,188598,129793
2005-04-18,160.115,161.725,159.62,161.478,141013,117947
2005-04-19,161.478,162.221,160.982,161.725,135435,118581
2005-04-20,161.973,162.468,161.106,162.221,178122,132524
2005-04-21,162.344,162.716,161.478,161.849,182537,130721
2005-04-22,161.849,162.344,161.478,161.973,119862,131251
2005-04-25,161.973,161.973,160.611,161.106,126355,135485
2005-04-26,161.106,161.354,160.487,160.858,102869,133030
2005-04-27,161.106,161.106,159.992,160.487,142385,135061
2005-04-28,160.239,160.487,159.744,159.868,147842,137241
2005-04-29,159.992,160.858,159.372,159.496,165034,138639
2005-05-02,159.372,159.62,159.125,159.496,73414,132771
2005-05-03,159.372,160.115,159.001,159.496,125192,138018
2005-05-04,159.62,160.858,159.496,160.487,128088,142415
2005-05-05,160.611,160.982,160.239,160.487,121528,141109
2005-05-06,160.611,160.735,158.753,158.877,180598,147905
2005-05-09,158.877,159.249,158.506,159.001,83898,140021
2005-05-10,159.372,159.744,158.877,159.496,103223,148731
2005-05-11,159.62,160.115,158.382,158.629,207304,148139
2005-05-12,158.753,158.877,157.267,157.515,167232,158384
2005-05-13,157.143,157.267,156.277,156.524,138282,149406
2005-05-16,156.524,156.772,155.905,156.648,123769,147604
2005-05-17,156.524,156.896,156.029,156.4,114453,156860
2005-05-18,156.277,157.267,156.029,157.02,125512,157343
2005-05-19,157.02,157.267,156.153,156.648,105484,158882
2005-05-20,156.648,156.772,155.286,155.534,151040,167852
2005-05-23,155.534,156.153,155.286,155.905,97591,164232
2005-05-24,155.781,156.524,155.534,155.905,118630,162145
2005-05-25,155.781,156.4,155.534,156.153,119057,161386
2005-05-26,156.153,156.277,154.791,155.038,156264,169833
2005-05-27,155.038,156.029,154.914,155.905,100199,166237
2005-05-31,155.286,155.41,152.314,152.438,230844,190494
2005-06-01,152.438,152.933,150.58,151.447,233181,186090
2005-06-02,151.076,152.314,150.828,152.19,172005,182831
2005-06-03,152.066,152.933,151.199,151.447,190052,175735
2005-06-06,151.447,152.314,151.323,152.066,149700,176886
2005-06-07,151.942,152.562,151.571,152.066,169875,193707
2005-06-08,152.066,152.93,151.08,151.45,243701,210841
2005-06-09,151.45,151.696,150.71,151.203,226164,218134
2005-06-10,151.326,151.573,149.846,149.97,227796,221875
2005-06-13,149.846,149.97,148.86,149.846,156331,217160
2005-06-14,149.846,150.463,148.736,148.86,190419,140233
2005-06-15,148.86,150.093,148.736,149.97,203850,139321
2005-06-16,149.97,150.586,149.23,149.723,185611,141157
2005-06-17,149.846,152.066,149.6,151.943,183047,171822
2005-06-20,151.08,151.45,149.97,150.34,150376,175889
2005-06-21,150.34,150.833,149.353,150.71,166888,142566
2005-06-22,150.71,151.08,149.723,150.093,110915,144578
2005-06-23,150.093,150.216,148.736,148.736,141679,147700
2005-06-24,148.86,149.846,148.243,149.6,107015,140486
2005-06-27,149.6,150.71,149.6,150.463,74783,137996
2005-06-28,150.586,150.586,149.106,149.353,93885,139172
2005-06-29,149.23,149.846,148.613,149.353,142885,138658
2005-06-30,149.353,149.97,148.983,149.723,130572,139481
2005-07-01,149.723,149.723,147.75,147.996,165239,147544
2005-07-05,147.626,147.873,146.763,147.38,138248,148960
2005-07-06,147.38,147.873,147.133,147.503,100447,143934
2005-07-07,147.626,148.86,147.256,147.75,149629,149050
2005-07-08,147.75,148.243,146.763,147.873,154724,139452
2005-07-11,147.873,149.476,147.873,149.353,107855,142030
2005-07-12,149.353,151.573,149.106,151.326,168425,140286
2005-07-13,151.326,151.326,149.23,149.476,134042,144045
2005-07-14,149.353,149.97,149.106,149.476,126361,141839
2005-07-15,149.353,150.093,148.613,148.983,116749,142884
2005-07-18,148.613,149.476,148.613,148.983,67998,141072
2005-07-19,148.983,149.23,147.75,148.86,118536,143052
2005-07-20,148.736,150.71,148.243,150.34,165581,142076
2005-07-21,150.216,151.45,149.476,150.463,243510,145147
2005-07-22,150.34,150.71,148.983,149.106,121465,139425
2005-07-25,148.983,149.353,148.613,149.106,79593,137614
2005-07-26,149.106,149.23,148.12,148.613,125463,144785
2005-07-27,148.613,149.353,147.873,149.23,157035,142227
2005-07-28,149.106,150.216,148.736,149.97,150155,140327
2005-07-29,149.846,150.34,149.23,149.846,141593,140787
2005-08-01,149.846,151.326,149.723,150.71,143513,145585
2005-08-02,150.463,151.45,150.463,150.71,127353,143594
2005-08-03,150.71,152.56,150.093,152.436,147297,147440
2005-08-04,152.436,153.3,151.943,152.93,151252,149701
2005-08-05,153.053,153.176,152.066,152.56,148922,147631
2005-08-08,152.436,153.053,152.19,152.683,69180,144204
2005-08-09,152.56,153.423,152.313,152.806,113294,145759
2005-08-10,152.93,153.546,152.313,152.93,126194,148317
2005-08-11,153.053,154.163,152.93,153.67,129619,149099
2005-08-12,154.04,154.286,152.93,153.67,150131,147734
2005-08-15,153.793,153.793,152.436,152.806,99343,146137
2005-08-16,152.806,152.806,151.82,152.56,107442,148418
2005-08-17,152.56,152.806,151.45,151.45,117386,148950
2005-08-18,151.573,151.82,150.093,150.34,125361,153020
2005-08-19,150.34,150.586,149.723,150.216,106030,146256
2005-08-22,150.216,151.203,150.093,150.956,88129,145984
2005-08-23,150.956,151.326,150.586,151.08,97027,145089
2005-08-24,151.08,151.573,150.216,151.45,133187,149193
2005-08-25,151.573,152.19,151.326,151.943,99180,148456
2005-08-26,151.82,152.313,151.45,151.696,90252,149785
2005-08-29,151.696,152.436,150.833,150.956,104233,154637
2005-08-30,150.833,151.08,150.216,150.833,112725,153731
2005-08-31,150.833,152.56,150.463,152.19,178052,152398
2005-09-01,152.313,154.533,152.066,154.286,243773,166635
2005-09-02,154.286,155.396,153.916,154.78,189983,160837
2005-09-06,154.656,155.273,153.546,154.04,159395,161018
2005-09-07,153.793,154.656,153.053,153.3,156876,161740
2005-09-08,153.177,153.668,152.808,153.054,137716,161477
2005-09-09,152.931,153.791,152.685,153.054,166868,161517
2005-09-12,153.177,153.177,151.457,151.457,209052,164298
2005-09-13,151.58,151.948,151.089,151.334,210058,162743
2005-09-14,151.457,152.194,151.211,151.457,216380,158291
2005-09-15,151.58,151.58,150.474,150.72,184873,182988
2005-09-16,150.843,151.826,150.474,151.089,128679,187998
2005-09-19,150.229,150.229,149.369,149.86,111415,186161
2005-09-20,149.737,150.352,149.492,149.737,100367,118666
2005-09-21,149.492,150.966,149.492,150.597,116450,121760
2005-09-22,150.843,151.334,149.615,149.86,125312,126796
2005-09-23,149.983,150.106,148.509,148.632,123076,130300
2005-09-26,148.386,149.0,148.14,148.878,90428,130422
2005-09-27,148.878,149.0,147.649,148.14,133943,135698
2005-09-28,148.263,148.755,147.895,148.386,115621,133504
2005-09-29,148.509,148.878,148.018,148.509,119974,136697
2005-09-30,148.386,149.123,148.018,148.14,166381,139561
2005-10-03,148.263,148.386,146.789,146.912,97808,143733
2005-10-04,146.912,147.403,146.789,147.035,90431,143338
2005-10-05,147.035,147.772,146.912,147.403,101204,136291
2005-10-06,147.772,150.474,147.772,150.229,200126,138257
2005-10-07,150.229,150.229,149.123,149.369,143717,127110
2005-10-11,149.369,149.86,147.649,147.772,164570,130998
2005-10-12,147.772,148.632,147.403,148.263,99007,130445
2005-10-13,148.263,148.386,146.789,148.14,152042,139342
2005-10-14,148.263,149.246,147.649,149.0,191280,139842
2005-10-17,148.878,149.369,148.018,148.263,105272,140939
2005-10-18,148.14,148.14,146.912,147.281,115504,144421
2005-10-19,147.403,147.895,146.298,147.649,145397,148261
2005-10-20,147.772,148.14,147.281,147.772,112953,153908
2005-10-21,148.14,149.0,147.035,147.158,148627,150714
2005-10-24,147.158,148.14,146.912,147.526,100608,153091
2005-10-25,147.649,149.369,147.035,149.123,156340,151243
2005-10-26,149.246,149.492,148.386,148.755,110900,150229
2005-10-27,148.509,149.983,148.386,149.615,126022,149822
2005-10-28,149.492,149.86,148.386,148.632,134745,142240
2005-10-31,148.509,148.878,147.403,147.649,115068,143361
2005-11-01,147.526,148.263,147.403,147.772,110369,144306
2005-11-02,148.14,148.878,147.649,148.632,121363,145079
2005-11-03,148.755,148.755,146.912,147.035,175117,153021
2005-11-04,147.035,147.649,145.315,145.561,234755,164923
2005-11-07,145.315,145.684,144.947,145.438,129923,163137
2005-11-08,145.192,145.192,144.087,145.07,136708,159878
2005-11-09,145.07,145.07,144.21,144.947,141335,164427
2005-11-10,144.824,145.315,143.718,143.841,170578,168199
2005-11-14,144.21,144.947,143.473,143.841,114781,169761
2005-11-15,143.841,144.333,143.227,144.087,155039,175265
2005-11-16,144.21,144.455,143.35,143.841,138774,174727
2005-11-17,143.596,144.701,143.227,144.578,171873,177272
2005-11-18,144.455,145.07,143.473,144.701,225176,179602
2005-11-21,144.824,145.684,144.087,144.21,189443,186691
2005-11-22,144.21,145.438,143.718,145.192,195567,185618
2005-11-23,145.438,146.052,144.701,145.192,140724,184092
2005-11-25,145.315,145.438,143.964,144.087,100979,180363
2005-11-28,143.964,146.421,143.596,146.052,164011,185118
2005-11-29,145.684,145.807,144.333,144.947,169412,182131
2005-11-30,144.701,145.192,144.578,144.947,133472,177094
2005-12-01,144.947,145.07,143.718,144.333,181491,187043
2005-12-02,144.333,144.455,143.35,143.964,195926,188212
2005-12-05,143.964,145.315,143.718,144.947,150001,185113
2005-12-06,144.947,145.192,144.455,144.947,137584,179353
2005-12-07,144.824,145.07,143.841,144.087,127356,180910
2005-12-08,143.965,145.553,143.842,145.065,190170,185270
2005-12-09,145.187,145.431,144.576,145.187,152423,192547
2005-12-12,144.82,147.142,144.82,146.776,249719,192672
2005-12-13,146.898,147.264,146.287,146.776,195588,192392
2005-12-14,146.653,148.12,146.531,147.387,241692,202444
2005-12-15,147.264,147.875,146.531,147.02,175026,228269
2005-12-16,147.02,147.631,146.531,147.509,157610,199367
2005-12-19,147.631,147.875,147.02,147.387,81176,197438
2005-12-20,147.387,147.509,145.309,145.676,134488,123445
2005-12-21,145.676,146.287,144.82,145.431,99278,120818
2005-12-22,145.309,146.042,144.942,145.798,106202,116509
2005-12-23,145.676,145.92,145.187,145.553,58507,114518
2005-12-27,145.431,145.798,145.187,145.187,33784,112370
2005-12-28,145.187,146.409,144.942,145.187,111846,119814
2005-12-29,145.187,145.798,145.065,145.309,62946,111758
2005-12-30,145.309,145.92,144.576,145.187,100783,112700
2006-01-03,145.065,147.631,144.942,147.509,183322,119238
2006-01-04,147.387,148.975,147.387,148.731,187220,119476
2006-01-05,148.609,148.731,147.998,148.486,129384,122225
2006-01-06,148.486,149.464,148.12,149.098,172816,124010
2006-01-09,148.975,149.098,147.875,148.242,104184,126507
2006-01-10,148.242,148.486,147.631,148.12,109997,127386
2006-01-11,147.875,148.975,147.753,148.731,133193,132329
2006-01-12,148.853,149.098,147.264,147.631,206440,126438
2006-01-13,147.509,148.853,147.509,148.853,174718,127526
2006-01-17,148.975,149.22,147.753,148.364,151283,129565
2006-01-18,148.486,149.098,147.998,148.486,163623,134990
2006-01-19,148.486,148.609,147.753,148.242,133362,135006
2006-01-20,148.242,148.853,147.631,148.731,139070,139420
2006-01-23,148.853,150.931,148.731,150.809,134058,140430
2006-01-24,150.686,151.053,150.197,150.564,107638,144608
2006-01-25,150.442,151.053,149.953,150.197,132559,142916
2006-01-26,149.953,150.32,149.464,149.586,116491,141898
2006-01-27,149.586,149.953,148.12,148.364,206044,139640
2006-01-30,148.364,148.486,147.753,148.12,98804,140282
2006-01-31,148.12,149.342,147.998,148.853,171751,147953
2006-02-01,148.853,148.975,147.631,147.753,130578,144430
2006-02-02,147.753,148.364,147.387,148.242,121853,144681
2006-02-03,148.12,148.364,146.531,147.264,213662,149728
2006-02-06,147.264,147.509,146.287,146.531,120928,144320
2006-02-07,146.653,147.142,146.287,146.531,108076,140121
2006-02-08,146.776,146.898,146.042,146.287,121974,142522
2006-02-09,146.409,146.898,146.287,146.531,110680,141977
2006-02-10,146.776,147.264,145.553,145.798,269802,152821
2006-02-13,145.676,145.92,145.431,145.798,91504,144501
2006-02-14,145.676,145.92,145.187,145.798,113507,140958
2006-02-15,145.798,146.287,145.309,145.431,149786,143581
2006-02-16,145.553,145.798,144.942,145.553,101365,146918
2006-02-17,145.676,146.287,145.065,145.798,216510,152799
2006-02-21,145.92,146.531,145.431,145.92,102905,151300
2006-02-22,145.676,145.92,145.065,145.553,117833,155932
2006-02-23,145.676,146.409,145.431,145.798,147151,158786
2006-02-24,145.798,145.92,145.065,145.309,118369,168314
2006-02-27,145.187,145.431,144.698,144.942,77597,168254
2006-02-28,144.942,146.042,144.698,145.798,129866,159681
2006-03-01,145.92,146.409,145.431,145.798,140873,160380
2006-03-02,145.798,147.264,145.676,147.142,165897,159765
2006-03-03,147.142,147.387,146.653,147.142,126191,162278
2006-03-06,147.264,147.875,146.531,146.898,144631,162760
2006-03-07,146.776,147.02,145.065,145.309,203021,177395
2006-03-08,145.309,146.038,145.188,145.673,182429,191328
2006-03-09,145.795,146.159,145.43,145.552,184122,195768
2006-03-10,145.552,145.795,144.945,145.673,214352,201223
2006-03-13,145.673,146.524,145.552,146.159,113763,199111
2006-03-14,146.159,147.01,145.916,146.888,157860,134870
2006-03-15,146.888,147.617,146.767,147.496,159653,136634
2006-03-16,147.496,148.954,147.131,148.832,193087,152402
2006-03-17,148.711,149.197,148.346,148.954,124021,135243
2006-03-20,148.832,148.954,148.468,148.589,87891,137672
2006-03-21,148.589,148.589,147.496,147.86,149731,141536
2006-03-22,147.86,147.982,147.374,147.617,108055,141735
2006-03-23,147.496,147.617,146.038,146.159,164262,142216
2006-03-24,146.159,147.131,145.916,146.888,145381,137928
2006-03-27,146.888,147.253,146.645,146.645,59518,135492
2006-03-28,146.645,147.86,146.402,146.645,159802,140715
2006-03-29,146.645,147.131,146.281,146.767,99440,139060
2006-03-30,146.888,148.589,146.767,148.346,185924,155893
2006-03-31,148.468,148.589,147.496,147.982,141300,142665
2006-04-03,147.86,148.346,146.888,148.225,129078,159011
2006-04-04,148.103,149.804,147.982,149.683,162569,161921
2006-04-05,149.683,150.169,149.44,150.169,149268,163391
2006-04-06,150.047,150.533,148.832,149.197,221353,165362
2006-04-07,149.197,149.197,147.617,147.739,202456,160491
2006-04-10,147.739,147.982,147.374,147.617,83418,157793
2006-04-11,147.86,148.346,147.496,148.103,97066,159310
2006-04-12,148.103,148.468,147.253,147.617,149324,151380
2006-04-13,147.617,147.982,147.253,147.617,101814,148608
2006-04-17,147.86,149.926,147.739,149.561,120661,159764
2006-04-18,149.44,150.776,149.075,150.169,188032,165741
2006-04-19,150.776,151.141,149.804,151.019,199277,171508
2006-04-20,151.019,151.019,149.804,150.169,140789,171167
2006-04-21,150.169,150.776,149.561,150.533,144209,174438
2006-04-24,150.776,151.384,150.412,151.262,136313,179050
2006-04-25,151.019,151.748,150.776,151.627,176959,177240
2006-04-26,151.505,152.113,151.019,151.87,193719,180563
2006-04-27,151.748,152.963,151.262,152.842,207806,184534
2006-04-28,152.72,154.057,152.599,153.692,180248,180210
2006-05-01,153.814,154.664,153.085,153.692,167348,190660
2006-05-02,153.206,154.421,153.085,153.935,166155,187074
2006-05-03,153.692,154.421,153.449,153.935,169438,185689
2006-05-04,153.935,155.029,153.206,154.907,239870,195606
2006-05-05,154.664,155.515,154.421,155.15,198052,190613
2006-05-08,155.272,155.758,154.664,154.786,140968,195477
2006-05-09,154.786,155.758,154.3,155.393,193482,198501
2006-05-10,155.515,156.365,155.393,156.001,233722,195251
2006-05-11,155.758,156.73,154.543,156.487,251718,197329
2006-05-12,156.365,157.823,156.244,157.216,272944,194193
2006-05-15,157.702,157.945,155.636,156.001,237727,196453
2006-05-16,155.879,156.73,155.515,156.608,192162,195254
2006-05-17,156.608,157.337,154.664,155.272,317907,197851
2006-05-18,155.029,156.608,154.907,156.122,196271,201475
2006-05-19,156.487,156.608,154.543,155.515,203637,202690
2006-05-22,155.393,156.851,154.543,156.608,178944,201461
2006-05-23,156.487,156.73,155.879,156.608,158122,197806
2006-05-24,155.879,156.973,154.907,155.636,233393,201606
2006-05-25,155.272,156.001,155.15,155.879,152753,199455
2006-05-26,156.001,156.122,154.543,154.786,174402,192004
2006-05-30,154.907,157.094,154.786,156.608,235419,195502
2006-05-31,156.608,156.973,155.758,155.758,181897,201307
2006-06-01,155.879,156.001,154.786,155.758,194681,205735
2006-06-02,155.879,157.337,155.636,157.094,236288,207302
2006-06-05,157.216,157.823,156.973,157.094,148601,205151
2006-06-06,156.973,157.337,155.758,156.122,161963,209552
2006-06-07,156.001,156.122,155.15,155.636,139864,208165
2006-06-08,155.757,156.119,153.582,153.703,272723,201575
2006-06-09,153.944,154.307,153.219,153.824,225837,195193
2006-06-12,153.461,153.824,152.857,153.34,156475,199766
2006-06-13,152.978,153.461,152.374,152.494,229210,202394
2006-06-14,152.494,153.824,152.374,153.099,281998,207840
2006-06-15,153.219,153.944,152.978,153.34,216170,204637
2006-06-16,153.582,154.065,153.34,153.824,155253,207805
2006-06-19,153.703,153.824,152.615,152.978,103747,210222
2006-06-20,152.857,153.34,152.374,152.978,110360,132604
2006-06-21,152.978,154.186,152.978,153.944,113421,143064
2006-06-22,153.944,154.065,152.615,152.978,178017,145028
2006-06-23,152.736,152.978,151.649,152.132,161920,146759
2006-06-26,152.011,153.219,152.011,152.857,103753,147846
2006-06-27,152.978,153.34,152.615,152.978,105448,148166
2006-06-28,152.857,152.978,152.132,152.615,126964,149126
2006-06-29,152.494,153.944,152.132,153.824,175423,152949
2006-06-30,153.824,155.394,153.703,155.274,167563,155583
2006-07-03,155.394,155.757,155.032,155.394,110715,162104
2006-07-05,155.515,155.999,154.307,154.669,188138,168464
2006-07-06,154.549,155.274,154.428,155.153,151999,160852
2006-07-07,155.153,156.24,155.032,155.636,162673,166159
2006-07-10,155.515,155.636,154.428,154.549,102003,163381
2006-07-11,154.669,155.153,154.186,155.032,111713,168069
2006-07-12,155.032,155.153,153.824,154.186,148864,161653
2006-07-13,154.186,154.549,153.703,154.065,132313,156320
2006-07-14,154.065,154.186,153.219,153.582,142774,155687
2006-07-17,153.34,153.461,151.769,152.011,138938,152097
2006-07-18,151.89,152.374,151.286,151.769,181884,152795
2006-07-19,151.769,152.978,151.044,152.857,200700,146297
2006-07-20,152.736,153.461,152.736,153.34,118117,149895
2006-07-21,153.219,153.944,153.099,153.944,99245,149275
2006-07-24,154.065,154.065,152.978,153.219,82492,142077
2006-07-25,153.219,153.703,152.374,152.615,124518,146454
2006-07-26,152.615,154.186,152.253,153.944,139634,152013
2006-07-27,154.186,154.911,153.703,153.944,166837,152196
2006-07-28,153.944,154.79,153.461,154.549,167654,157309
2006-07-31,154.79,155.032,154.428,154.79,117758,154194
2006-08-01,154.79,155.515,154.186,155.394,207875,157856
2006-08-02,155.394,155.515,154.79,155.153,120940,163081
2006-08-03,155.032,155.515,154.428,155.274,179862,167897
2006-08-04,155.153,156.482,154.79,155.999,182881,176918
2006-08-07,156.119,156.24,155.394,155.636,84391,176346
2006-08-08,155.274,156.24,155.153,155.757,131938,177763
2006-08-09,155.394,156.361,154.669,155.757,127084,183363
2006-08-10,155.757,156.361,154.428,155.032,184494,174678
2006-08-11,154.911,155.032,153.944,154.065,138460,167926
2006-08-14,153.944,154.549,153.944,153.944,89856,168221
2006-08-15,154.065,155.032,153.703,154.79,148805,178761
2006-08-16,154.79,155.757,154.669,155.515,110325,181283
2006-08-17,155.515,155.999,155.153,155.274,131823,180040
2006-08-18,155.274,155.515,154.669,155.274,119509,180155
2006-08-21,155.274,156.603,155.274,156.119,133474,183339
2006-08-22,155.999,155.999,154.79,154.911,161732,175943
2006-08-23,155.032,155.636,154.669,154.911,145554,170204
2006-08-24,154.79,155.636,154.307,154.428,159223,169636
2006-08-25,154.428,154.669,153.944,154.428,115926,166707
2006-08-28,154.428,155.153,154.307,154.669,73284,169050
2006-08-29,154.669,155.394,154.307,155.274,178166,170168
2006-08-30,155.274,155.515,155.032,155.274,106099,166436
2006-08-31,155.274,155.757,154.669,154.911,197769,176712
2006-09-01,154.911,155.394,154.307,155.274,170268,171338
2006-09-05,155.274,155.636,154.79,155.032,131013,171026
2006-09-06,155.032,155.153,154.428,154.911,156188,170472
2006-09-07,154.79,155.153,153.582,153.944,202717,171497
2006-09-08,153.944,153.944,152.863,153.223,209982,165314
2006-09-11,152.983,153.944,152.863,153.464,155540,165786
2006-09-12,153.464,153.944,153.103,153.344,249609,168483
2006-09-13,153.223,153.704,152.983,153.344,200564,175548
2006-09-14,153.344,154.065,153.103,153.704,220557,183765
2006-09-15,153.704,153.824,152.623,152.983,217823,185498
2006-09-18,152.623,153.584,152.623,153.464,136189,183945
2006-09-19,153.464,153.704,152.743,153.103,176717,131398
2006-09-20,153.103,153.704,152.983,153.344,113399,133229
2006-09-21,153.223,154.545,153.223,154.425,184968,143302
2006-09-22,154.305,154.906,154.305,154.305,122964,138526
2006-09-25,154.425,154.786,153.704,154.065,119663,139012
2006-09-26,153.944,154.065,152.863,153.344,161338,136955
2006-09-27,153.103,153.584,152.983,153.344,131059,140522
2006-09-28,153.344,153.704,152.983,153.464,124355,143053
2006-09-29,153.223,153.464,152.502,153.103,177064,143385
2006-10-02,152.983,153.944,152.863,153.704,149058,143223
2006-10-03,153.704,154.065,153.464,153.584,93062,142202
2006-10-04,153.584,153.704,152.863,153.344,152066,142172
2006-10-05,153.464,153.464,152.863,153.103,148167,147929
2006-10-06,153.103,153.464,151.661,152.142,240054,146751
2006-10-10,151.901,152.142,150.94,151.18,147144,150795
2006-10-11,151.18,151.421,150.82,150.94,126564,149150
2006-10-12,151.06,151.541,150.94,151.301,116506,146663
2006-10-13,151.421,151.661,150.58,150.94,171472,153771
2006-10-16,150.82,151.18,150.58,151.06,105113,154821
2006-10-17,151.18,151.541,150.82,151.18,144814,154610
2006-10-18,151.18,151.421,150.7,151.06,146012,156109
2006-10-19,151.06,152.382,151.06,152.262,201913,154388
2006-10-20,152.142,152.382,151.901,152.142,105313,149701
2006-10-23,152.142,152.142,151.06,151.301,123496,159256
2006-10-24,151.301,151.541,150.94,151.421,109254,158034
2006-10-25,151.301,152.142,151.301,152.022,144730,159789
2006-10-26,151.901,153.103,151.901,152.983,164632,158748
2006-10-27,152.863,153.584,152.623,153.464,182520,155555
2006-10-30,153.344,153.464,152.983,153.344,111796,154703
2006-10-31,153.223,154.065,152.743,153.824,191217,162230
2006-11-01,153.824,154.185,153.464,153.944,150309,161514
2006-11-02,153.704,154.065,153.464,153.944,118647,166638
2006-11-03,153.944,154.065,152.743,153.223,218403,162793
2006-11-06,153.103,153.223,152.863,153.223,92526,161036
2006-11-07,153.344,154.425,153.223,153.824,200590,178237
2006-11-08,153.944,154.185,153.464,153.824,136560,178302
2006-11-09,153.584,154.666,153.584,154.425,199903,181594
2006-11-10,154.545,155.387,154.425,154.666,151838,171773
2006-11-13,154.666,155.026,154.065,154.185,147373,173935
2006-11-14,154.185,155.026,153.944,154.425,222943,170609
2006-11-15,154.185,154.545,153.824,154.425,170865,175155
2006-11-16,154.425,154.545,153.824,154.065,169364,168325
2006-11-17,154.065,154.666,153.584,154.185,204651,179129
2006-11-20,154.425,154.666,154.065,154.185,114433,173794
2006-11-21,154.305,154.666,154.065,154.545,127293,178692
2006-11-22,154.666,155.987,154.545,155.507,215072,197795
2006-11-24,155.747,157.79,155.507,157.43,236322,204796
2006-11-27,158.151,158.391,157.43,157.91,186651,200439
2006-11-28,158.03,158.872,157.79,158.631,271138,207573
2006-11-29,158.751,158.992,157.91,158.271,210954,212155
2006-11-30,158.151,159.713,158.03,159.352,244524,219382
2006-12-01,159.232,160.554,158.992,160.314,281099,219294
2006-12-04,160.674,160.674,159.713,160.314,179531,219656
2006-12-05,160.434,160.674,159.833,160.314,259014,223733
2006-12-06,160.194,160.434,159.352,159.713,198676,223891
2006-12-07,159.713,160.194,159.593,159.713,199957,232264
2006-12-08,159.833,160.671,158.635,158.755,401624,226792
2006-12-11,158.635,159.473,157.917,159.354,312814,230215
2006-12-12,159.354,159.833,158.875,159.593,296221,230245
2006-12-13,159.833,159.833,158.635,158.755,276824,239161
2006-12-14,158.815,159.354,157.989,158.144,276824,239161
2006-12-15,158.121,158.552,157.007,157.27,301326,252503
2006-12-18,157.27,157.713,156.899,157.462,334495,253272
2006-12-19,157.474,158.875,157.282,158.587,156472,257504
2006-12-20,158.635,159.198,158.192,158.396,236512,194079
2006-12-21,158.348,158.815,157.905,158.372,172663,199688
2006-12-22,158.384,158.803,157.522,157.654,166623,196952
2006-12-26,157.678,157.917,157.306,157.426,151123,189552
2006-12-27,157.45,158.36,157.378,157.69,28417,186755
2006-12-28,157.701,158.611,157.462,157.953,113624,188822
2006-12-29,157.989,158.659,157.845,158.468,157333,192942
2007-01-02,159.461,159.761,159.354,159.629,91805,193448
2007-01-03,159.533,159.653,157.929,158.168,65814,191200
2007-01-04,158.132,158.324,157.043,157.211,193184,189612
2007-01-05,157.235,157.426,155.918,156.265,201300,178348
2007-01-08,156.253,156.576,155.798,156.373,212815,176832
2007-01-09,156.456,156.768,155.954,156.145,162513,185618
2007-01-10,156.061,156.145,155.271,155.379,142980,183293
2007-01-11,155.367,156.289,154.684,154.78,174145,182070
2007-01-12,154.816,155.427,154.457,155.163,297738,171426
2007-01-16,155.187,155.954,154.996,155.151,179493,164776
2007-01-17,155.091,155.487,154.744,155.259,214787,164594
2007-01-18,155.331,155.798,154.816,155.558,131035,161282
2007-01-19,155.606,156.061,155.02,155.63,225387,165999
2007-01-22,155.546,155.834,155.127,155.487,171388,167828
2007-01-23,155.379,156.564,155.175,156.301,150046,169518
2007-01-24,156.301,156.468,155.403,155.57,183077,170958
2007-01-25,155.57,156.037,154.972,155.139,202468,172593
2007-01-26,155.139,155.343,154.457,154.9,198112,172905
2007-01-29,155.044,155.606,154.768,155.475,108001,172667
2007-01-30,155.511,155.762,155.307,155.522,110758,174218
2007-01-31,155.57,156.42,155.068,156.325,246412,174074
2007-02-01,156.253,156.648,155.989,156.229,160788,175432
2007-02-02,156.229,156.744,155.367,155.534,238221,184429
2007-02-05,155.427,155.546,154.912,155.091,125112,184565
2007-02-06,155.091,155.834,154.9,155.702,125771,182666
2007-02-07,155.75,156.241,155.594,156.001,140654,184892
2007-02-08,156.085,156.42,155.606,156.373,170676,185399
2007-02-09,156.361,156.432,155.678,155.965,132519,180636
2007-02-12,156.121,156.337,155.187,155.427,122759,179521
2007-02-13,155.451,156.42,155.343,156.265,165294,187086
2007-02-14,156.325,157.701,156.157,157.354,214998,202226
2007-02-15,157.438,157.929,157.27,157.618,191468,197845
2007-02-16,157.51,157.606,156.971,157.474,138690,198455
2007-02-20,157.701,158.121,157.306,157.45,133121,202370
2007-02-21,157.45,157.809,157.151,157.51,156993,204190
2007-02-22,157.51,157.522,156.768,157.33,142582,209555
2007-02-23,157.318,158.061,157.007,157.773,156322,222834
2007-02-26,157.869,158.168,157.606,157.989,110754,218930
2007-02-27,158.037,158.899,157.713,158.695,213464,221471
2007-02-28,158.659,158.659,157.941,158.54,191946,219799
2007-03-01,158.48,158.635,157.606,158.097,239017,214184
2007-03-02,157.869,158.156,157.45,158.025,192403,207095
2007-03-05,158.18,158.264,156.588,156.923,243535,203878
2007-03-06,156.744,157.318,156.708,157.175,155468,201319
2007-03-07,157.259,157.965,157.043,157.893,142424,209699
2007-03-08,157.798,157.869,157.106,157.344,165537,211295
2007-03-09,157.332,157.607,156.736,157.07,191845,204316
2007-03-12,157.13,158.12,157.01,157.941,255093,216947
2007-03-13,157.953,158.346,157.559,158.024,246983,216699
2007-03-14,158.048,158.621,157.786,158.406,331949,239330
2007-03-15,158.287,158.68,157.988,158.454,266118,244572
2007-03-16,158.513,159.754,158.454,159.348,214501,248375
2007-03-19,159.456,159.539,159.003,159.241,124545,249613
2007-03-20,159.253,159.492,158.895,159.325,142520,182591
2007-03-21,159.48,160.291,159.098,160.184,163063,183892
2007-03-22,160.219,160.553,159.337,159.587,205223,187539
2007-03-23,159.575,159.706,158.919,159.074,206974,182471
2007-03-26,159.098,159.766,158.645,159.551,168122,190088
2007-03-27,159.563,159.969,159.456,159.718,195709,192918
2007-03-28,159.85,160.076,159.277,159.456,183342,193180
2007-03-29,159.313,159.814,159.181,159.587,132332,199344
2007-03-30,159.539,160.363,159.003,159.79,260579,205716
2007-04-02,160.005,160.16,159.527,159.921,133114,203890
2007-04-03,159.933,160.112,159.372,159.504,117686,198368
2007-04-04,159.468,160.088,159.325,159.909,149251,204896
2007-04-05,159.957,160.816,159.742,160.613,142977,0
2007-04-06,160.649,160.685,159.85,159.969,42058,214036
2007-04-09,160.04,160.052,159.587,159.802,51862,206649
2007-04-10,159.802,160.971,159.706,160.589,141810,212087
2007-04-11,160.661,160.792,160.374,160.601,108275,210314
2007-04-12,160.661,161.532,160.613,161.245,173606,216849
2007-04-13,161.317,162.116,161.245,161.925,217866,216149
2007-04-16,162.069,162.391,161.842,162.033,121635,218926
2007-04-17,161.818,162.582,161.746,162.236,178043,217447
2007-04-18,162.319,162.844,162.116,162.379,154102,212102
2007-04-19,162.772,162.856,162.152,162.641,146672,223834
2007-04-20,162.82,163.059,162.438,162.582,124215,218242
2007-04-23,162.51,162.689,161.89,162.283,103186,225784
2007-04-24,162.307,163.118,161.985,162.892,159668,232312
2007-04-25,163.071,163.381,162.844,163.095,136495,230224
2007-04-26,163.106,163.214,162.379,162.605,169494,226929
2007-04-27,162.51,163.619,162.331,163.071,220648,234136
2007-04-30,163.226,163.5,162.426,163.154,171973,238714
2007-05-01,163.083,163.44,162.438,162.784,190754,235249
2007-05-02,162.605,162.701,162.045,162.51,145221,234713
2007-05-03,162.343,162.796,161.89,161.973,172005,228216
2007-05-04,161.973,162.653,161.746,162.438,174487,231849
2007-05-07,162.522,162.844,162.403,162.546,87564,234265
2007-05-08,162.486,162.76,161.496,161.83,180665,223364
2007-05-09,161.818,162.104,161.544,161.627,125077,225268
2007-05-10,161.627,162.057,160.864,161.078,210766,222965
2007-05-11,161.031,161.663,160.84,161.603,143564,221263
2007-05-14,161.651,161.985,161.567,161.758,86344,223682
2007-05-15,161.77,162.582,161.603,162.355,172943,236773
2007-05-16,162.367,162.582,161.305,161.52,188425,222205
2007-05-17,161.448,161.77,160.959,161.162,130347,220628
2007-05-18,161.198,161.508,160.816,161.317,129370,222251
2007-05-21,161.46,161.603,160.458,160.852,120707,216957
2007-05-22,160.816,160.935,160.494,160.685,82879,218897
2007-05-23,160.613,161.245,160.219,160.709,183361,209152
2007-05-24,160.685,160.732,160.184,160.398,153557,209251
2007-05-25,160.363,160.876,160.136,160.601,209376,213871
2007-05-30,160.565,160.673,160.052,160.327,144322,211739
2007-05-31,160.327,160.899,160.243,160.613,176497,209882
2007-06-01,160.601,160.72,159.861,160.482,255948,206184
2007-06-04,160.446,161.138,160.327,160.995,166587,207700
2007-06-05,161.043,161.794,161.007,161.4,192306,214948
2007-06-06,161.365,161.579,160.947,161.198,192596,214595
2007-06-07,161.114,161.257,160.172,160.303,237799,219204
2007-06-08,160.243,160.255,158.959,159.458,287365,208850
2007-06-11,159.518,159.577,159.102,159.399,153735,217290
2007-06-12,159.411,159.542,158.709,158.911,210825,227892
2007-06-13,158.745,158.887,158.269,158.792,287420,240486
2007-06-14,158.828,158.983,158.435,158.768,221235,235733
2007-06-15,158.78,159.756,158.745,159.613,260474,246656
2007-06-18,159.768,160.101,159.589,160.017,136989,244772
2007-06-19,160.029,160.315,159.672,160.148,123037,183775
2007-06-20,160.148,160.315,159.803,160.077,112941,185099
2007-06-21,159.863,159.934,159.506,159.708,138031,189506
2007-06-22,159.708,160.684,159.601,160.612,179967,192609
2007-06-25,160.624,160.719,160.303,160.612,133706,182294
2007-06-26,160.588,160.767,160.196,160.624,140494,183893
2007-06-27,160.493,160.541,160.006,160.362,134284,181150
2007-06-28,160.434,160.791,160.089,160.196,137164,187515
2007-06-29,160.35,161.492,160.16,161.385,174713,196743
2007-07-02,161.433,162.634,161.326,162.468,202923,202536
2007-07-03,162.527,162.599,161.98,162.396,129596,195000
2007-07-05,162.265,162.872,161.897,162.147,188747,199210
2007-07-06,162.075,162.646,161.766,162.396,152165,208154
2007-07-09,162.491,162.61,162.265,162.408,87037,204588
2007-07-10,162.468,163.907,162.075,163.681,250703,223674
2007-07-11,164.121,164.288,163.693,164.062,196787,224583
2007-07-12,163.847,164.478,163.812,164.299,144145,229293
2007-07-13,164.371,164.668,164.062,164.347,185707,216973
2007-07-16,164.323,164.525,164.002,164.276,118586,222205
2007-07-17,164.169,164.478,163.978,164.276,133045,221237
2007-07-18,164.264,164.894,163.907,164.418,182023,226003
2007-07-19,164.514,164.835,164.299,164.525,139422,228062
2007-07-20,164.454,164.977,164.216,164.704,145157,233758
2007-07-23,164.847,164.989,164.383,164.49,126297,229603
2007-07-24,164.537,165.073,164.43,164.775,140114,225781
2007-07-25,164.751,164.787,163.193,163.336,249204,216672
2007-07-26,163.526,164.085,163.134,163.705,247862,227938
2007-07-27,163.681,163.859,162.325,162.599,234281,218275
2007-07-30,162.337,163.288,162.135,163.074,144514,218341
2007-07-31,163.193,163.538,162.967,163.086,162214,214527
2007-08-01,162.955,163.336,162.468,162.706,196151,214577
2007-08-02,162.908,163.265,162.61,163.098,136428,217217
2007-08-03,163.217,164.609,162.991,164.395,198988,222391
2007-08-06,164.371,164.859,164.133,164.359,178569,224742
2007-08-07,164.311,164.561,163.598,163.895,160164,227532
2007-08-08,163.669,164.68,163.419,164.335,171746,229851
2007-08-09,164.299,164.561,162.622,162.991,279726,225978
2007-08-10,162.932,163.253,162.491,163.146,180729,222092
2007-08-13,163.086,163.288,162.028,162.218,155261,220666
2007-08-14,162.075,162.289,161.124,161.266,179335,218546
2007-08-15,161.183,161.207,159.994,160.315,214926,215818
2007-08-16,159.851,160.113,159.03,159.613,261292,218399
2007-08-17,159.839,161.278,159.185,160.434,304251,217321
2007-08-20,160.624,160.838,160.243,160.505,125460,213269
2007-08-21,160.434,160.969,160.208,160.339,145440,216026
2007-08-22,160.279,161.326,160.124,161.1,152286,219927
2007-08-23,161.278,161.754,161.124,161.385,128848,217839
2007-08-24,161.492,162.884,161.326,162.741,149887,220687
2007-08-27,162.777,162.896,162.289,162.503,84282,220551
2007-08-28,162.396,162.848,161.885,162.265,130452,221098
2007-08-29,161.921,162.86,161.433,162.599,169668,226480
2007-08-30,162.789,162.789,161.79,162.325,176365,229894
2007-08-31,162.254,163.312,162.123,162.325,193957,224292
2007-09-04,162.254,162.527,161.278,161.992,198469,221662
2007-09-05,161.932,162.717,161.48,162.48,186018,223632
2007-09-06,162.42,163.146,162.242,162.848,171616,223623
2007-09-07,162.908,164.192,162.575,163.824,212091,227851
2007-09-10,163.93,164.393,163.8,164.263,136791,226495
2007-09-11,164.251,164.773,163.942,164.595,166524,235169
2007-09-12,164.69,165.58,164.5,165.509,264072,249373
2007-09-13,165.473,165.711,164.927,165.177,289727,270858
2007-09-14,165.01,165.307,164.654,165.034,240168,280650
2007-09-17,165.034,165.2,164.726,164.939,117587,281805
2007-09-18,164.88,166.292,164.464,166.114,164140,203437
2007-09-19,166.245,166.268,165.627,165.924,141251,196183
2007-09-20,165.96,167.55,165.936,167.289,193802,207100
2007-09-21,167.182,167.799,166.862,167.348,114539,202233
2007-09-24,167.491,167.942,167.17,167.407,97563,202666
2007-09-25,167.324,168.226,167.099,168.084,133839,209652
2007-09-26,168.12,168.309,167.716,167.977,115821,208682
2007-09-27,167.93,168.677,167.87,168.298,155952,211232
2007-09-28,168.12,169.698,168.108,169.615,186649,211171
2007-10-01,169.603,169.722,168.879,169.223,139455,211568
2007-10-02,169.128,169.223,168.036,168.214,167374,214561
2007-10-03,168.167,168.772,167.384,167.633,161758,210453
2007-10-04,167.455,168.155,167.17,167.764,170231,213469
2007-10-05,167.953,168.238,166.743,168.013,170231,213469
2007-10-08,168.001,168.179,166.79,168.013,65454,198324
2007-10-09,166.992,167.728,166.529,167.562,169221,204193
2007-10-10,167.585,168.428,167.491,167.918,151405,203457
2007-10-11,168.072,169.247,167.965,168.891,230939,211350
2007-10-12,168.737,168.903,168.179,168.416,174836,204096
2007-10-15,168.416,169.247,168.274,168.713,139067,205771
2007-10-16,168.903,169.045,168.06,168.309,182450,208345
2007-10-17,168.404,169.104,168.214,168.559,173224,221022
2007-10-18,168.855,170.018,168.677,169.828,151911,225550
2007-10-19,169.745,170.173,169.211,169.828,170395,219384
2007-10-22,170.125,170.445,167.787,168.167,278245,199962
2007-10-23,168.392,169.627,168.321,169.271,178715,195913
2007-10-24,169.306,169.484,168.523,169.33,166713,197547
2007-10-25,169.377,170.362,169.211,170.054,168112,205071
2007-10-26,170.161,170.968,170.018,170.837,121585,201204
2007-10-29,171.217,171.454,170.742,171.3,120687,202498
2007-10-30,171.288,171.502,170.707,171.419,185964,206040
2007-10-31,171.466,172.273,171.217,172.19,116762,199482
2007-11-01,171.953,171.988,171.039,171.703,178961,210662
2007-11-02,171.217,172.51,171.217,172.154,212298,216044
2007-11-05,172.344,172.463,171.502,171.822,128864,216661
2007-11-06,171.869,173.021,171.798,172.819,147434,217765
2007-11-07,172.926,174.907,172.819,174.184,253370,223352
2007-11-08,173.685,174.587,173.59,174.16,216197,223326
2007-11-09,174.243,175.157,173.697,174.16,216197,223326
2007-11-12,174.255,174.278,172.463,172.807,165437,217371
2007-11-13,172.547,173.733,172.522,173.317,149791,219866
2007-11-14,173.543,174.848,173.495,174.017,214963,229407
2007-11-15,173.922,174.587,173.4,173.507,263736,221792
2007-11-16,173.555,174.219,173.127,174.029,171796,227155
2007-11-19,174.16,174.397,173.602,174.136,114814,224258
2007-11-20,174.148,176.367,173.756,175.881,200741,227240
2007-11-21,176.165,176.569,175.418,176.213,123183,220573
2007-11-23,176.308,177.732,175.465,176.082,170313,220780
2007-11-26,176.082,176.735,175.75,176.486,156600,225600
2007-11-27,176.474,177.032,175.809,176.248,173168,222881
2007-11-28,176.07,176.438,174.67,176.391,222062,225615
2007-11-29,176.118,176.237,174.777,175.133,170039,223080
2007-11-30,175.085,175.513,173.685,173.768,214278,221288
2007-12-03,173.744,174.611,173.543,174.16,136251,223198
2007-12-04,174.124,175.323,173.733,175.275,176367,236107
2007-12-05,175.263,175.323,173.21,173.495,224022,237975
2007-12-06,173.495,173.922,172.392,173.697,222763,245847
2007-12-07,173.756,174.172,173.27,173.934,159251,242638
2007-12-10,173.875,174.907,173.768,174.622,149942,249263
2007-12-11,174.67,175.061,173.733,174.136,260209,259477
2007-12-12,173.946,175.013,173.851,174.634,258228,269715
2007-12-13,174.551,174.847,172.962,173.496,304131,263236
2007-12-14,173.496,173.922,171.029,171.171,309713,252683
2007-12-17,170.828,171.527,170.069,170.839,163114,155063
2007-12-18,171.029,171.349,170.507,170.994,116487,150165
2007-12-19,171.005,171.195,170.021,170.685,115164,150264
2007-12-20,170.602,170.816,169.843,169.997,116090,161121
2007-12-21,169.974,171.017,169.938,170.401,95600,160157
2007-12-24,170.401,171.077,170.401,170.934,19074,157379
2007-12-26,171.243,172.156,171.231,172.096,47576,165031
2007-12-27,171.907,173.768,171.705,173.614,112935,172304
2007-12-28,173.424,174.836,173.175,174.622,99838,172670
2007-12-31,174.776,175.013,172.891,173.009,74663,166421
2008-01-02,174.053,175.013,173.756,174.705,110796,172754
2008-01-03,174.681,175.357,174.231,174.895,136491,175345
2008-01-04,174.883,175.855,174.314,175.227,188189,176429
2008-01-07,175.013,175.037,173.839,174.266,107994,176943
2008-01-08,174.219,174.954,174.089,174.432,101963,179512
2008-01-09,174.444,174.812,173.579,173.863,131301,176507
2008-01-10,173.816,175.654,173.602,175.393,222050,186423
2008-01-11,175.547,175.666,174.99,175.262,130799,177524
2008-01-14,175.251,176.78,175.191,176.306,130213,175394
2008-01-15,176.176,176.875,175.405,175.832,190813,177003
2008-01-16,175.191,176.128,172.974,173.768,303752,169793
2008-01-17,173.673,174.432,172.903,173.922,194955,168479
2008-01-18,173.531,174.183,173.081,173.341,156508,168557
2008-01-22,173.021,173.59,170.223,173.069,414932,184289
2008-01-23,173.745,173.768,171.764,172.808,233403,182645
2008-01-24,173.294,175.061,172.784,174.8,207564,187637
2008-01-25,174.776,175.025,173.626,173.804,165521,182212
2008-01-28,173.934,175.274,173.638,175.025,121561,183876
2008-01-29,175.168,175.215,174.539,175.025,109337,187780
2008-01-30,174.954,176.567,174.764,176.436,143971,191155
2008-01-31,175.938,176.638,175.298,176.199,167913,194494
2008-02-01,175.855,177.231,175.12,175.357,216751,198346
2008-02-04,175.298,175.891,175.227,175.618,104214,201881
2008-02-05,175.689,175.701,173.211,173.543,210301,199494
2008-02-06,173.496,173.792,172.832,173.27,142514,197102
2008-02-07,173.223,173.579,171.041,171.29,242647,198219
2008-02-08,171.669,172.345,171.183,171.847,115413,193652
2008-02-11,172.001,172.689,171.539,171.954,163037,207601
2008-02-12,172.001,173.164,171.741,172.879,124601,194897
2008-02-13,172.713,172.974,172.156,172.701,163037,207601
2008-02-14,172.677,173.567,172.393,173.377,115964,203900
2008-02-15,173.484,174.29,173.365,173.804,123019,7607
2008-02-19,173.851,174.871,173.128,174.575,201629,209143
2008-02-20,174.515,174.575,173.175,174.397,185667,209777
2008-02-21,174.397,175.855,174.243,175.606,183630,212341
2008-02-22,175.63,176.152,175.274,175.701,132598,209685
2008-02-25,175.796,175.938,175.345,175.677,102587,204904
2008-02-26,175.749,177.61,175.156,177.409,202216,217521
2008-02-27,177.753,179.496,177.575,179.187,242438,220785
2008-02-28,179.211,180.516,178.666,180.338,173399,221724
2008-02-29,180.077,180.646,179.508,180.065,180065,214856
2008-03-03,180.041,181.097,179.662,180.101,203486,219204
2008-03-04,180.195,180.788,179.863,180.267,172601,226280
2008-03-05,180.231,181.417,179.531,180.942,227398,234395
2008-03-06,181.085,182.496,180.99,182.152,234495,241995
2008-03-07,182.472,183.326,181.547,181.974,258554,239596
2008-03-10,182.058,182.951,181.51,181.95,214145,248577
2008-03-11,181.938,183.689,181.2,181.593,359601,245172
2008-03-12,181.843,184.63,181.807,184.046,375800,229981
2008-03-13,184.546,185.475,184.046,184.773,348294,237479
2008-03-14,185.285,185.987,184.141,185.654,357358,245248
2008-03-17,185.773,188.393,185.666,186.428,261924,159200
2008-03-18,186.428,187.643,185.07,186.214,252233,162474
2008-03-19,185.142,187.154,184.749,185.106,246609,170573
2008-03-20,185.428,185.511,182.558,182.927,212906,160921
2008-03-24,182.76,183.248,181.879,182.808,96940,159042
2008-03-25,182.998,185.702,182.677,184.939,161449,163586
2008-03-26,185.404,188.119,184.832,187.607,207876,164811
2008-03-27,187.916,188.012,186.571,187.202,183262,162554
2008-03-28,187.238,187.952,186.785,187.0,148494,162414
2008-03-31,187.464,188.667,187.023,187.309,185031,168172
2008-04-01,187.083,187.345,184.701,185.154,221044,165921
2008-04-02,185.404,186.368,184.368,185.892,221044,165158
2008-04-03,186.225,186.225,184.118,186.106,222521,170873
2008-04-04,186.154,187.285,185.642,186.63,160617,169667
2008-04-07,186.738,186.869,185.499,186.499,122949,174438
2008-04-08,186.44,187.583,186.059,186.642,129101,174498
2008-04-09,186.476,188.357,186.178,187.881,162780,180874
2008-04-10,187.976,188.953,186.69,186.928,220754,172753
2008-04-11,186.94,188.262,186.845,187.988,171229,174400
2008-04-14,186.225,188.631,186.011,187.678,184002,176143
2008-04-15,188.059,188.512,187.035,187.488,173958,175248
2008-04-16,187.488,189.822,187.142,189.5,204147,182686
2008-04-17,189.417,189.893,188.238,188.738,221576,178329
2008-04-18,188.869,189.596,186.666,187.762,299744,180655
2008-04-21,187.809,189.512,187.643,189.131,299744,180590
2008-04-22,189.06,190.358,188.167,190.108,269125,176770
2008-04-23,190.084,190.108,188.464,188.857,210213,177074
2008-04-24,188.774,188.845,185.821,186.38,336596,182907
2008-04-25,186.333,186.666,184.844,185.32,233052,189639
2008-04-28,185.463,186.523,185.309,185.916,169398,190516
2008-04-29,186.071,186.13,184.689,184.951,208401,191215
2008-04-30,185.011,185.963,184.403,185.88,279770,193956
2008-05-01,185.69,185.952,183.403,183.749,213897,201298
2008-05-02,183.891,184.213,182.546,183.225,265582,197927
2008-05-05,183.415,184.463,183.308,184.201,137405,200828
2008-05-06,184.237,185.38,183.653,184.582,195760,202781
2008-05-07,184.606,184.701,182.641,183.046,226952,206205
2008-05-08,182.998,183.57,181.665,183.094,289466,207973
2008-05-09,183.094,184.141,182.998,184.01,179256,210109
2008-05-12,183.868,185.142,182.677,184.725,206256,206669
2008-05-13,184.796,185.082,183.451,184.034,233627,206527
2008-05-14,183.951,184.141,183.07,183.796,194156,204549
2008-05-15,184.058,184.88,183.344,183.749,227671,204955
2008-05-16,183.665,185.535,183.57,185.273,257110,207927
2008-05-19,185.32,185.916,184.141,184.451,189020,209004
2008-05-20,184.534,186.571,184.368,186.321,236490,212616
2008-05-21,186.142,187.857,185.892,187.666,216207,214371
2008-05-22,187.857,188.107,186.666,186.738,182391,213295
2008-05-23,187.071,187.893,186.702,187.833,160067,217967
2008-05-27,187.607,188.202,186.559,186.809,227767,221085
2008-05-28,186.511,187.524,185.713,186.011,225688,221924
2008-05-29,186.202,186.404,184.272,184.546,244384,224145
2008-05-30,184.63,185.285,183.987,185.13,185047,223705
2008-06-02,185.13,185.535,184.296,184.963,183735,222698
2008-06-03,184.916,186.011,183.391,184.07,364327,230195
2008-06-04,183.677,184.284,183.51,183.784,216249,235446
2008-06-05,183.629,185.713,182.879,185.571,356763,244025
2008-06-06,185.511,187.821,185.368,187.666,356763,244025
2008-06-09,187.858,188.612,185.884,186.326,258688,238119
2008-06-10,186.338,186.362,183.837,183.945,397985,253784
2008-06-11,184.101,185.608,184.005,185.381,345698,253897
2008-06-12,185.273,185.381,183.167,183.682,337192,253244
2008-06-13,184.029,184.436,182.306,182.856,283760,254837
2008-06-16,183.61,184.89,182.808,184.484,198221,246875
2008-06-17,184.292,185.285,184.196,184.807,194342,131486
2008-06-18,184.747,185.13,184.196,184.962,164833,132578
2008-06-19,185.046,185.704,184.244,184.591,183714,136433
2008-06-20,184.699,186.482,184.555,186.147,208401,156883
2008-06-23,185.967,186.302,184.28,184.926,204803,143928
2008-06-24,184.89,186.159,184.579,185.596,182450,146818
2008-06-25,185.56,186.948,185.13,186.697,206094,154361
2008-06-26,186.613,187.93,186.278,187.81,209816,166100
2008-06-27,187.774,188.265,187.355,188.001,185246,169390
2008-07-01,187.786,188.672,187.415,188.217,203742,178160
2008-07-02,188.277,189.449,188.073,189.389,203335,186677
2008-07-03,189.461,189.689,186.96,187.128,305667,171632
2008-07-04,187.164,187.511,186.637,187.128,45100,171917
2008-07-07,187.26,187.834,186.123,187.535,249501,175265
2008-07-08,187.487,187.69,186.422,186.673,178322,175336
2008-07-09,186.841,187.798,186.613,187.726,155192,180613
2008-07-10,187.69,188.444,187.116,188.193,177924,180195
2008-07-11,188.253,190.203,188.001,189.485,246791,184274
2008-07-14,190.143,190.73,188.935,189.808,186618,177694
2008-07-15,189.689,191.304,189.222,189.33,272545,182996
2008-07-16,189.784,190.227,188.432,188.564,209278,177695
2008-07-17,188.707,189.605,188.277,188.695,222580,175428
2008-07-18,189.186,189.545,188.576,189.007,151089,173498
2008-07-21,188.971,190.071,188.851,189.617,133019,175746
2008-07-22,189.988,190.263,188.001,188.336,237362,171397
2008-07-23,188.384,188.504,186.972,187.056,228389,162432
2008-07-24,187.152,187.523,186.482,186.853,197910,153593
2008-07-25,187.116,188.025,186.925,187.295,184192,149597
2008-07-28,187.331,188.205,187.188,188.025,139116,157776
2008-07-29,187.87,188.097,185.668,186.027,250586,149921
2008-07-30,186.051,186.41,185.285,185.86,207757,146696
2008-07-31,185.967,187.439,185.872,186.147,252113,156900
2008-08-01,186.231,186.243,185.202,185.608,219745,154477
2008-08-04,185.955,186.637,185.692,186.111,146363,158984
2008-08-05,185.931,185.991,184.388,184.735,207991,159739
2008-08-06,184.508,185.297,183.861,184.077,171228,156913
2008-08-07,184.041,185.154,182.832,183.0,284889,153452
2008-08-08,183.048,183.155,179.099,179.267,389622,158593
2008-08-11,178.477,180.164,177.723,178.297,262814,148257
2008-08-12,177.962,178.74,176.909,178.142,253673,145114
2008-08-13,178.13,178.944,177.292,178.369,283123,137371
2008-08-14,178.285,178.632,176.515,176.945,259941,150699
2008-08-15,176.862,176.886,175.127,175.354,239355,144090
2008-08-18,175.45,176.455,175.282,175.593,179204,141736
2008-08-19,175.342,176.766,174.804,176.431,244279,153355
2008-08-20,176.67,176.921,175.306,176.108,217685,150830
2008-08-21,176.192,178.106,176.06,177.771,243235,153761
2008-08-22,178.01,178.118,176.371,176.586,195371,158456
2008-08-25,176.754,176.993,175.821,176.383,139733,157653
2008-08-26,176.347,176.431,174.169,175.103,272786,153480
2008-08-27,175.067,176.658,174.911,175.833,246763,153377
2008-08-28,175.916,177.089,175.414,175.761,292499,159246
2008-08-29,175.713,176.562,175.043,175.067,192487,160902
2008-09-02,175.976,176.0,172.973,173.547,348090,164139
2008-09-03,173.583,173.786,171.992,173.272,282327,167530
2008-09-04,173.356,173.954,171.202,171.31,410787,168734
2008-09-05,170.556,171.609,169.778,170.34,386548,162469
2008-09-08,171.988,172.601,168.08,168.705,428227,175695
2008-09-09,168.898,170.148,168.02,169.451,402525,182776
2008-09-10,168.753,169.595,167.299,167.84,373868,187468
2008-09-11,167.13,167.443,166.048,166.842,404744,207708
2008-09-12,167.611,170.244,167.154,170.028,360410,192995
2008-09-15,170.978,173.214,168.501,169.908,362879,196329
2008-09-16,170.857,171.062,168.441,169.631,230534,141548
2008-09-17,168.982,172.901,168.826,172.781,234802,134768
2008-09-18,172.216,174.837,171.627,172.901,227076,148416
2008-09-19,172.288,173.971,169.835,173.647,203112,146765
2008-09-22,173.959,178.492,173.31,177.698,252558,157576
2008-09-23,177.602,178.023,175.655,176.761,207771,150768
2008-09-24,176.22,177.206,175.643,176.196,153432,146998
2008-09-25,175.739,177.518,175.065,175.787,203671,157829
2008-09-26,175.727,176.448,174.957,175.811,183526,166939
2008-09-29,174.669,175.414,172.084,174.188,232779,171868
2008-09-30,173.599,173.923,169.042,169.932,220183,173238
2008-10-01,170.232,170.857,168.26,169.331,184613,172463
2008-10-02,168.669,168.874,165.339,166.313,208747,180103
2008-10-03,166.084,167.287,164.606,166.265,227179,177757
2008-10-06,163.992,164.437,161.684,161.84,198696,178129
2008-10-07,162.297,165.303,162.093,164.137,191011,179818
2008-10-08,163.812,165.94,162.922,164.93,213963,175751
2008-10-09,164.425,166.337,163.692,164.593,133919,173428
2008-10-10,163.74,164.618,159.664,162.153,185777,175000
2008-10-13,163.487,164.714,162.021,162.634,126873,171743
2008-10-14,163.547,165.615,163.499,164.173,171407,175721
2008-10-15,163.824,164.606,162.009,162.441,176087,177306
2008-10-16,161.888,162.706,160.397,161.419,187405,177772
2008-10-17,161.948,162.453,160.854,161.347,144703,170829
2008-10-20,160.854,162.429,159.544,159.965,164798,184611
2008-10-21,160.133,160.385,156.67,157.668,177903,183953
2008-10-22,156.755,156.995,152.991,154.53,211024,188932
2008-10-23,154.11,155.456,152.895,154.29,226660,191066
2008-10-24,155.648,155.817,150.034,151.537,245810,197613
2008-10-27,150.695,152.45,148.206,150.539,189836,195991
2008-10-28,149.902,153.112,148.194,151.44,205283,179423
2008-10-29,153.629,156.033,151.669,154.314,253229,183726
2008-10-30,155.648,159.628,153.773,155.709,247687,187813
2008-10-31,154.566,154.903,152.126,153.184,240965,174726
2008-11-03,153.352,154.855,151.212,151.597,175876,173041
2008-11-04,151.116,156.646,150.37,155.468,222326,169595
2008-11-05,155.973,157.452,153.544,155.961,225925,170946
2008-11-06,155.252,155.528,152.186,152.883,225925,170946
2008-11-07,152.258,154.278,151.897,153.039,140350,163901
2008-11-10,153.581,155.168,152.595,153.172,164670,164318
2008-11-11,153.039,153.641,150.082,150.671,164685,170161
2008-11-12,150.202,151.609,149.637,150.154,248670,169514
2008-11-13,149.553,154.47,148.747,152.39,180440,169199
2008-11-14,153.581,154.073,150.767,153.568,154020,165963
2008-11-17,150.803,153.027,150.238,152.246,154020,166438
2008-11-18,151.669,152.535,150.899,151.044,218410,164455
2008-11-19,151.669,153.857,150.767,151.344,218662,170675
2008-11-20,150.118,151.308,149.288,150.286,192436,169362
2008-11-21,149.589,151.849,149.264,150.238,223036,166305
2008-11-24,151.501,155.925,150.984,154.735,207720,171975
2008-11-25,155.636,157.223,153.869,156.514,242617,172407
2008-11-26,156.971,156.971,154.025,154.783,143117,172526
2008-11-28,154.771,155.853,151.957,152.691,140889,173017
2008-12-01,152.522,152.787,151.212,152.306,140889,173017
2008-12-02,151.657,153.436,150.972,152.643,139350,169544
2008-12-03,152.943,153.16,151.452,152.09,150070,172955
2008-12-04,152.787,154.434,150.839,153.761,222970,168221
2008-12-05,153.508,153.857,151.729,152.547,198560,174071
2008-12-08,152.944,155.821,152.908,155.641,198462,167569
2008-12-09,155.484,156.122,153.666,155.159,172442,176905
2008-12-10,155.195,157.001,154.918,156.267,214495,179112
2008-12-11,156.363,160.986,156.17,159.902,239816,178459
2008-12-12,160.348,161.13,159.144,160.601,266393,192388
2008-12-15,160.878,164.838,160.853,164.164,194504,187698
2008-12-16,164.537,169.931,163.731,167.872,150698,188687
2008-12-17,168.655,173.398,168.221,172.315,171584,118652
2008-12-18,173.025,176.817,170.292,171.953,230532,116320
2008-12-19,171.315,171.965,166.018,166.777,268267,117823
2008-12-22,167.054,169.666,166.993,167.656,101630,117505
2008-12-23,167.559,168.462,167.246,167.848,57759,117634
2008-12-24,167.379,168.486,167.27,167.872,19625,118017
2008-12-26,168.859,169.726,168.462,169.04,18915,118353
2008-12-29,169.004,172.567,167.162,169.269,101670,118963
2008-12-30,167.535,170.846,167.439,169.209,73350,121256
2008-12-31,169.425,169.943,166.343,167.595,70534,120487
2009-01-02,167.343,168.017,166.187,166.415,144240,118691
2009-01-05,167.029,167.728,162.683,163.406,144240,118691
2009-01-06,163.767,164.068,159.914,162.407,180640,123855
2009-01-07,162.214,165.139,161.335,163.526,177960,120617
2009-01-08,163.996,165.777,162.539,164.862,177440,117409
2009-01-09,164.586,165.2,161.022,161.323,176381,114393
2009-01-12,161.744,161.744,159.589,160.902,138618,114604
2009-01-13,160.504,160.625,157.856,158.313,179280,117012
2009-01-14,158.373,160.227,157.278,158.157,144150,128486
2009-01-15,158.193,159.192,156.495,158.181,178408,118178
2009-01-16,157.88,160.396,157.856,159.108,144398,133500
2009-01-20,160.42,160.89,154.545,154.99,196140,131681
2009-01-21,154.641,157.47,154.232,155.701,196149,133567
2009-01-22,157.121,157.398,155.255,156.604,182668,131020
2009-01-23,156.58,156.808,153.558,156.11,195615,135859
2009-01-26,155.472,158.879,154.726,158.012,181280,131146
2009-01-27,158.843,160.348,157.771,158.518,178737,131146
2009-01-28,158.542,160.372,157.579,158.024,179774,134266
2009-01-29,158.193,158.554,155.556,155.942,195347,134807
2009-01-30,155.677,155.713,153.606,153.907,188343,139364
2009-02-02,153.714,155.231,152.872,154.352,143349,144624
2009-02-03,154.268,157.109,154.027,156.507,143349,144624
2009-02-04,156.664,157.266,154.148,154.665,197846,154058
2009-02-05,154.461,155.279,153.534,153.943,197846,154058
2009-02-06,153.835,156.363,153.353,155.725,210986,150456
2009-02-09,156.002,157.555,154.906,156.712,167588,147925
2009-02-10,156.447,157.338,154.124,154.81,266940,151474
2009-02-11,155.328,156.411,154.425,155.291,201205,151496
2009-02-12,155.099,155.773,153.064,153.738,155420,157084
2009-02-13,155.159,155.761,154.292,154.99,155423,152618
2009-02-17,153.967,154.352,151.186,151.86,253842,157962
2009-02-18,151.415,152.149,150.584,151.078,190350,155842
2009-02-19,151.03,153.582,150.897,152.667,190358,154967
2009-02-20,152.655,155.075,151.114,154.533,210450,156006
2009-02-23,154.268,156.375,152.727,153.028,191370,153455
2009-02-24,152.944,154.99,152.39,154.689,194840,166903
2009-02-25,154.87,155.063,152.727,153.004,154240,169953
2009-02-26,153.112,154.22,152.643,153.462,235410,167897
2009-02-27,153.281,153.474,151.704,152.848,155250,176764
2009-03-02,151.872,152.065,151.006,151.331,185730,179411
2009-03-03,151.21,152.631,150.729,151.559,186410,183799
2009-03-04,150.981,152.486,149.958,152.173,204670,182156
2009-03-05,152.258,152.354,150.006,151.006,205566,182165
2009-03-06,150.994,153.558,150.921,152.426,215530,173221
2009-03-09,152.438,153.197,151.198,152.089,297190,177776
2009-03-10,151.824,154.449,151.511,152.185,252410,180253
2009-03-11,152.655,154.882,151.933,154.136,313000,178140
2009-03-12,154.641,155.857,153.269,154.858,186250,178691
2009-03-13,155.363,156.026,154.81,155.303,193710,176574
2009-03-16,155.267,157.398,154.521,156.302,150310,104833
2009-03-17,156.206,156.94,155.688,156.579,233140,110527
2009-03-18,156.688,162.478,156.351,161.443,228850,114415
2009-03-19,162.598,165.403,161.491,164.44,185629,113998
2009-03-20,164.524,165.223,162.695,163.14,163030,111319
2009-03-23,164.151,165.355,162.333,164.079,211420,112974
2009-03-24,163.983,164.657,161.683,162.743,247890,112877
2009-03-25,162.177,164.38,161.527,163.309,168450,115783
2009-03-26,163.501,164.223,162.43,162.683,186700,109610
2009-03-27,162.791,163.634,159.589,160.167,164290,112264
2009-03-30,159.264,159.962,157.867,158.469,155180,105225
2009-03-31,158.951,160.648,158.602,159.902,140790,104358
2009-04-01,159.468,159.974,158.505,159.312,223750,104333
2009-04-02,159.312,162.743,159.3,161.828,156160,117627
2009-04-03,162.093,162.466,160.865,162.333,143770,119631
2009-04-06,162.683,163.501,160.781,161.358,140490,116554
2009-04-07,161.346,161.395,159.18,159.529,142280,113507
2009-04-08,159.673,160.179,158.253,159.264,155650,109716
2009-04-09,159.637,160.528,157.952,158.216,154878,108065
2009-04-13,158.698,161.19,157.976,160.769,133840,109001
2009-04-14,160.829,161.033,159.155,159.926,155140,108271
2009-04-15,159.577,160.01,158.192,158.698,144530,109615
2009-04-16,159.011,159.685,157.94,158.481,123430,111044
2009-04-17,158.578,158.806,156.615,156.736,141400,112534
2009-04-20,157.013,157.013,155.075,155.496,128080,107035
2009-04-21,155.508,156.363,155.159,155.58,165580,105971
2009-04-22,155.761,156.88,155.026,156.652,137290,105936
2009-04-23,156.423,158.385,156.182,157.807,159950,107486
2009-04-24,158.06,160.07,157.783,159.42,152280,109060
2009-04-27,159.384,159.396,156.423,156.712,152287,110209
2009-04-28,156.712,158.481,156.026,158.253,164780,108590
2009-04-29,158.168,160.829,157.928,159.962,191080,107626
2009-04-30,159.565,161.118,158.722,159.637,190906,113664
2009-05-01,159.167,160.444,159.083,159.685,69557,107813
2009-05-04,159.805,161.647,159.023,160.961,154800,110698
2009-05-05,161.479,161.744,159.866,160.239,189930,110045
2009-05-06,160.251,160.997,159.432,160.672,250790,113808
2009-05-07,160.215,162.141,159.505,160.949,182580,117420
2009-05-08,161.13,164.308,160.576,163.935,177352,118450
2009-05-11,164.368,164.536,163.176,163.658,143173,121616
2009-05-12,163.417,164.982,163.236,164.163,190422,124434
2009-05-13,164.223,165.15,163.26,163.802,148980,122851
2009-05-14,163.573,164.488,162.779,164.32,148904,120083
2009-05-15,164.139,164.308,162.02,162.165,149580,119128
2009-05-18,162.285,163.272,161.551,162.911,149587,118953
2009-05-19,163.128,164.5,162.851,164.296,195316,125506
2009-05-20,164.019,166.438,163.465,166.125,229220,133238
2009-05-21,165.632,167.594,165.211,167.185,228779,132473
2009-05-22,167.317,169.111,167.257,168.69,184165,133963
2009-05-26,168.81,168.942,166.812,168.316,220990,139178
2009-05-27,168.353,168.521,166.426,167.522,211100,138591
2009-05-28,166.547,168.304,166.017,168.052,242926,138591
2009-05-29,167.727,170.555,167.594,170.11,254527,139727
2009-06-01,170.134,171.482,169.701,170.568,246590,143355
2009-06-02,170.363,172.53,169.749,172.361,275150,150813
2009-06-03,172.193,172.602,169.833,170.134,289680,151627
2009-06-04,170.303,171.434,169.364,170.676,298090,156446
2009-06-05,170.664,171.747,167.702,168.064,241000,151243
2009-06-08,167.871,168.546,166.184,167.22,283390,150320
2009-06-09,167.305,169.751,166.75,169.449,349060,151644
2009-06-10,169.389,170.245,167.497,168.148,347185,161793
2009-06-11,168.16,170.69,167.835,170.076,231090,160301
2009-06-12,169.714,170.088,167.75,168.666,210750,160759
2009-06-15,168.425,168.558,165.581,165.979,193352,154169
2009-06-16,166.003,167.75,165.509,166.69,208070,106447
2009-06-17,166.545,168.401,166.22,168.148,202190,109236
2009-06-18,167.871,168.618,167.039,167.389,202190,109236
2009-06-19,167.437,168.775,167.184,168.064,193530,110178
2009-06-22,167.991,168.027,166.497,167.027,277000,111117
2009-06-23,166.859,169.931,166.533,169.606,276601,118102
2009-06-24,169.534,170.293,167.292,167.714,265139,114066
2009-06-25,167.811,168.835,167.317,168.509,197920,110943
2009-06-26,168.582,170.088,168.449,169.594,149990,111701
2009-06-29,169.389,169.907,168.437,169.666,231940,114290
2009-06-30,169.558,170.486,168.666,169.172,231809,114954
2009-07-01,169.112,171.124,168.678,170.461,218356,120161
2009-07-02,170.473,170.522,168.546,168.991,209946,119982
2009-07-03,168.196,169.016,167.967,168.991,41330,113284
2009-07-06,168.22,168.666,167.196,168.208,205870,120814
2009-07-07,168.377,169.305,167.509,167.847,232530,121877
2009-07-08,167.69,167.943,166.654,166.883,250950,122973
2009-07-09,167.172,169.582,166.979,169.112,196440,125319
2009-07-10,168.931,169.064,167.208,168.088,176800,117252
2009-07-13,168.027,168.726,167.461,168.377,179410,115175
2009-07-14,168.558,168.907,167.642,167.907,219000,116643
2009-07-15,168.353,170.341,168.256,170.257,174390,133741
2009-07-16,169.919,170.702,169.377,170.473,148760,136289
2009-07-17,170.425,170.486,169.461,170.377,180010,138527
2009-07-20,170.088,171.715,170.004,171.329,200930,142485
2009-07-21,171.425,172.052,170.666,171.04,170430,142409
2009-07-22,171.293,171.799,170.57,171.437,231980,143096
2009-07-23,171.196,172.233,170.124,171.148,165970,143182
2009-07-24,170.498,171.763,170.317,171.293,181010,139062
2009-07-27,171.425,172.293,170.751,171.63,255100,138904
2009-07-28,171.606,172.377,170.269,170.823,296690,135224
2009-07-29,170.727,171.064,168.775,168.811,222670,121255
2009-07-30,169.148,169.847,168.787,169.618,286770,117707
2009-07-31,169.534,172.088,169.473,171.751,267280,133980
2009-08-03,172.546,173.932,172.425,173.618,168590,141077
2009-08-04,173.727,173.908,173.124,173.389,168851,138189
2009-08-05,173.51,174.1,172.968,173.871,200589,143472
2009-08-06,173.691,173.908,172.654,172.823,272390,143581
2009-08-07,172.944,173.739,170.558,170.763,273705,144152
2009-08-10,170.799,171.341,169.955,170.281,176082,133089
2009-08-11,170.425,170.943,170.016,170.473,165581,129246
2009-08-12,170.473,171.69,169.738,171.269,249416,138718
2009-08-13,171.16,172.654,171.112,171.871,216629,138819
2009-08-14,172.1,172.401,170.618,170.739,167834,126803
2009-08-17,171.004,171.04,169.232,169.678,187383,122956
2009-08-18,169.57,170.582,169.51,170.365,178724,127532
2009-08-19,170.257,171.919,169.714,171.582,267580,130820
2009-08-20,171.449,172.052,171.112,171.775,164696,126650
2009-08-21,171.666,173.245,171.196,172.739,143100,127203
2009-08-24,172.811,173.004,172.088,172.184,227133,128401
2009-08-25,172.293,173.173,171.739,172.401,180605,129403
2009-08-26,172.269,172.944,171.172,171.594,199250,128281
2009-08-27,171.63,173.618,171.341,173.173,231448,137125
2009-08-28,172.871,173.389,172.076,172.184,178461,133220
2009-08-31,172.365,173.124,171.775,172.666,164989,134113
2009-09-01,172.678,173.257,170.823,171.269,262187,129641
2009-09-02,171.365,172.257,170.967,171.968,209874,129120
2009-09-03,171.871,172.907,171.546,171.703,206173,132907
2009-09-04,171.763,172.666,170.992,172.413,341650,135207
2009-09-08,172.425,175.149,172.341,174.582,349509,149788
2009-09-09,174.558,175.944,174.317,175.233,287400,153173
2009-09-10,175.522,176.076,174.739,175.715,361052,178875
2009-09-11,175.691,176.341,175.341,175.823,259478,184135
2009-09-14,175.872,176.546,174.884,176.076,214806,153362
2009-09-15,176.221,176.944,175.414,176.619,233935,156522
2009-09-16,176.631,177.571,176.414,177.39,241360,150501
2009-09-17,177.221,178.004,176.968,177.691,210916,155893
2009-09-18,177.631,177.655,176.474,177.366,176430,158203
2009-09-21,177.064,177.269,176.04,176.848,176888,159730
2009-09-22,176.884,178.595,176.823,178.209,181852,160764
2009-09-23,178.149,178.86,177.438,178.293,229487,165827
2009-09-24,177.113,178.354,176.245,176.558,283824,162552
2009-09-25,176.691,177.426,176.088,176.691,225159,165023
2009-09-28,177.125,177.354,175.462,175.799,234770,166560
2009-09-29,176.052,176.474,174.968,175.534,245375,164904
2009-09-30,175.739,176.811,175.606,176.462,294569,173657
2009-10-01,176.39,176.727,174.896,175.125,262570,165790
2009-10-02,175.185,176.486,174.462,175.763,297968,169855
2009-10-05,175.763,176.739,175.655,176.643,157259,168194
2009-10-06,176.51,177.86,176.45,177.257,207549,170429
2009-10-07,177.39,177.558,176.462,176.739,221420,169349
2009-10-08,176.944,178.522,176.884,178.028,281578,171244
2009-10-09,178.245,178.245,176.763,177.209,213125,165267
2009-10-12,177.342,178.462,176.811,178.173,122687,164772
2009-10-13,178.004,179.221,177.824,178.571,248146,165313
2009-10-14,178.944,180.065,178.763,179.571,218699,167975
2009-10-15,179.896,180.306,178.812,179.848,244666,171018
2009-10-16,179.956,180.318,178.884,179.498,220053,166432
2009-10-19,179.498,180.318,178.643,180.041,189250,170262
2009-10-20,180.294,180.643,179.294,179.836,252969,168966
2009-10-21,179.956,181.282,179.366,181.149,297930,175539
2009-10-22,180.788,181.197,180.041,181.029,223180,169871
2009-10-23,181.077,181.45,180.535,180.776,232476,170614
2009-10-26,180.739,181.487,178.848,179.016,261445,167671
2009-10-27,179.173,179.86,177.932,178.402,330730,163963
2009-10-28,178.414,178.8,177.004,177.342,319160,164467
2009-10-29,177.354,179.028,176.896,178.86,312804,173068
2009-10-30,178.727,179.016,177.149,177.438,314214,168745
2009-11-02,177.486,178.848,177.125,177.739,277570,165089
2009-11-03,177.992,178.462,176.209,177.137,334231,160433
2009-11-04,177.342,179.631,177.125,179.474,291032,167843
2009-11-05,179.221,179.727,178.45,179.137,207508,168846
2009-11-06,179.197,179.691,178.474,178.751,261211,163006
2009-11-09,179.221,180.968,178.944,180.691,195401,162895
2009-11-10,180.691,180.968,179.968,180.486,220646,162524
2009-11-11,180.535,181.318,180.149,180.282,228592,164275
2009-11-12,180.523,180.932,178.571,179.089,316724,164961
2009-11-13,178.884,179.98,178.607,179.45,246387,162920
2009-11-16,179.788,180.92,179.269,180.535,280868,162740
2009-11-17,180.318,180.715,178.402,178.968,281802,171291
2009-11-18,179.089,180.619,179.077,179.992,260937,173310
2009-11-19,180.27,180.294,178.836,179.739,287132,172145
2009-11-20,179.691,179.944,178.318,178.992,271017,173457
2009-11-23,178.956,180.727,178.908,180.414,202731,175415
2009-11-24,180.245,180.595,179.366,180.438,251719,173834
2009-11-25,180.306,182.475,180.185,182.39,269725,181715
2009-11-27,182.39,182.438,178.655,180.258,458090,175952
2009-11-30,180.86,181.752,180.306,180.631,276603,177162
2009-12-01,180.8,182.161,180.378,181.872,271683,175155
2009-12-02,181.667,182.065,181.125,181.161,231858,173417
2009-12-03,181.294,182.45,181.282,181.824,328140,182812
2009-12-04,181.366,181.848,178.583,178.655,469095,187861
2009-12-07,179.185,179.595,177.787,178.571,338013,176528
2009-12-08,178.655,179.113,176.883,176.907,385225,179294
2009-12-09,177.184,178.113,176.726,177.317,403347,188071
2009-12-10,177.558,177.847,176.943,177.353,315347,191047
2009-12-11,177.498,178.052,175.75,176.148,366119,205243
2009-12-14,176.112,176.968,175.967,176.497,194832,131610
2009-12-15,176.558,176.642,174.738,175.051,241430,132017
2009-12-16,175.208,175.834,174.786,174.918,238442,129842
2009-12-17,175.111,175.147,172.387,172.93,302637,129553
2009-12-18,172.918,173.677,171.857,172.592,246195,133097
2009-12-21,172.472,173.207,171.941,172.206,139839,131670
2009-12-22,172.002,172.725,171.339,171.785,176524,134600
2009-12-23,171.773,173.147,171.543,172.773,139765,133409
2009-12-24,172.725,173.761,172.689,173.002,57228,132406
2009-12-28,173.231,173.701,172.954,173.327,59365,135599
2009-12-29,173.183,174.255,172.725,172.966,152005,144152
2009-12-30,172.918,173.086,172.014,172.761,134933,146039
2009-12-31,172.833,174.051,172.411,172.773,103261,147317
2010-01-04,172.64,174.231,171.833,173.689,222047,154546
2010-01-05,173.653,174.569,172.893,173.171,218547,156155
2010-01-06,173.11,173.966,172.134,173.665,264377,156511
2010-01-07,173.568,174.123,172.315,172.664,244143,161681
2010-01-08,172.435,174.026,171.893,173.749,349099,152621
2010-01-11,173.689,175.437,173.677,174.991,212476,160284
2010-01-12,174.918,175.304,174.195,174.714,226451,161287
2010-01-13,174.677,175.702,174.231,174.906,271440,165939
2010-01-14,174.774,175.437,174.087,174.786,245754,162094
2010-01-15,174.738,174.906,172.773,173.026,252619,162002
2010-01-19,172.942,173.725,171.748,172.243,345847,164501
2010-01-20,172.218,172.218,169.687,170.013,341646,171726
2010-01-21,170.037,170.459,169.073,169.989,367156,175424
2010-01-22,169.735,170.917,169.519,170.362,273576,175661
2010-01-25,170.519,171.073,170.266,170.543,188061,182186
2010-01-26,170.531,170.881,169.229,169.772,313513,184978
2010-01-27,169.699,169.892,168.639,169.145,336421,187498
2010-01-28,169.073,169.362,167.891,168.446,377559,188230
2010-01-29,168.301,168.59,167.036,167.12,356835,189248
2010-02-01,167.06,167.988,166.951,167.783,247214,183477
2010-02-02,167.927,168.434,167.349,168.301,266248,186878
2010-02-03,168.325,169.06,167.361,167.566,323753,191466
2010-02-04,167.445,167.554,165.396,165.649,410590,199200
2010-02-05,165.469,165.686,163.733,164.348,466308,185942
2010-02-08,164.613,165.3,164.179,164.782,248079,191334
2010-02-09,164.625,166.819,164.504,166.011,432370,197457
2010-02-10,166.24,166.481,164.842,165.553,299854,200282
2010-02-11,165.529,166.348,163.853,164.974,371036,202149
2010-02-12,164.999,165.071,163.094,164.131,341077,205768
2010-02-16,164.143,166.083,163.661,165.806,324124,196042
2010-02-17,165.842,166.204,163.733,164.119,295105,207928
2010-02-18,163.926,164.589,162.672,164.119,349493,202711
2010-02-19,162.672,164.155,162.021,163.865,344769,198864
2010-02-22,164.131,164.577,163.588,164.01,220909,198757
2010-02-23,163.926,165.035,162.684,162.986,392299,208474
2010-02-24,162.877,164.251,162.745,163.022,328468,208806
2010-02-25,163.203,163.576,162.13,163.251,390663,216056
2010-02-26,163.227,164.938,163.082,164.179,387238,218055
2010-03-01,164.215,164.577,162.238,163.624,364593,221432
2010-03-02,163.552,164.203,161.913,163.926,377648,218803
2010-03-03,164.022,165.577,163.829,165.131,375696,219325
2010-03-04,165.059,165.288,163.323,163.649,378383,228469
2010-03-05,163.697,164.287,163.082,164.203,359707,243524
2010-03-08,164.42,165.179,163.998,164.336,326650,225693
2010-03-09,164.311,164.372,163.166,163.841,276765,236042
2010-03-10,163.986,164.89,163.263,164.541,365021,250413
2010-03-11,164.601,164.987,164.179,164.806,329214,247391
2010-03-12,164.842,166.313,164.77,165.842,350094,247597
2010-03-15,165.903,166.072,164.42,164.83,225817,163138
2010-03-16,164.89,166.18,164.649,165.842,289316,163822
2010-03-17,166.011,166.59,165.481,165.806,255263,162897
2010-03-18,165.589,165.662,163.793,164.191,310345,177677
2010-03-19,164.058,164.287,162.78,163.178,287108,188159
2010-03-22,163.118,163.576,162.298,163.275,303395,187022
2010-03-23,163.528,163.588,162.443,162.612,324287,195287
2010-03-24,162.696,162.756,160.478,160.791,413489,207909
2010-03-25,160.635,161.394,159.923,160.225,380348,213994
2010-03-26,160.14,161.84,159.948,161.539,344651,211758
2010-03-29,162.346,162.817,161.756,162.31,235274,220257
2010-03-30,162.455,163.202,161.491,161.792,305410,223554
2010-03-31,161.792,163.335,161.358,162.865,369695,216215
2010-04-01,162.829,163.865,162.262,163.588,369695,216215
2010-04-02,163.793,163.865,162.467,162.576,313609,208137
2010-04-05,162.648,163.214,162.262,162.551,128561,201323
2010-04-06,162.539,162.72,160.996,161.466,311035,208883
2010-04-07,161.491,161.647,160.647,161.201,289763,216539
2010-04-08,160.828,161.141,160.128,160.948,313986,223157
2010-04-09,161.02,162.817,160.84,162.214,383025,208370
2010-04-12,164.287,165.083,163.552,163.805,305801,210563
2010-04-13,163.829,164.299,163.299,163.902,246990,203199
2010-04-14,164.143,164.938,163.89,164.625,313084,203485
2010-04-15,164.577,164.782,163.022,163.66,304135,196334
2010-04-16,163.709,163.745,162.431,162.72,341447,201574
2010-04-19,162.503,162.744,161.744,162.443,257248,202305
2010-04-20,162.624,163.046,161.888,162.033,272454,208291
2010-04-21,162.057,162.129,161.045,161.599,274640,215004
2010-04-22,161.43,161.828,159.839,160.514,450374,227926
2010-04-23,160.225,161.563,159.152,161.394,424410,227155
2010-04-26,160.936,161.527,160.237,160.876,296110,232668
2010-04-27,161.454,161.72,158.706,159.236,541151,238298
2010-04-28,158.706,159.948,158.127,158.995,609313,243718
2010-04-29,159.26,160.104,158.959,159.682,361927,247397
2010-04-30,159.622,160.864,159.453,160.43,362822,245894
2010-05-03,160.731,160.755,158.597,159.297,250931,254083
2010-05-04,159.007,159.321,156.5,156.777,472123,261076
2010-05-05,156.439,156.705,154.378,154.631,574373,277888
2010-05-06,154.535,155.017,150.991,151.931,833803,288985
2010-05-07,152.413,154.342,151.786,153.582,675510,259340
2010-05-10,155.776,157.886,153.799,154.33,611113,299154
2010-05-11,154.185,154.354,152.522,153.052,427558,287589
2010-05-12,152.329,153.607,151.979,152.305,317484,286887
2010-05-13,152.293,152.943,150.882,151.473,291165,289678
2010-05-14,151.003,151.629,148.941,149.327,465529,297171
2010-05-17,148.917,149.689,147.495,149.351,496312,302990
2010-05-18,149.472,150.05,146.627,147.157,557679,300526
2010-05-19,146.735,149.785,146.349,149.194,644867,299881
2010-05-20,149.773,151.895,148.242,151.509,610759,299606
2010-05-21,150.388,152.787,150.267,151.738,436736,287524
2010-05-24,151.292,151.473,148.833,149.508,283419,283513
2010-05-25,148.917,148.977,146.844,148.495,405665,281966
2010-05-26,149.134,149.243,146.711,147.085,358036,283052
2010-05-27,146.663,149.447,146.53,149.23,489338,282579
2010-05-28,149.001,150.159,147.88,148.567,376442,283010
2010-06-01,148.073,148.965,146.012,147.772,542112,275266
2010-06-02,147.266,147.989,146.771,147.555,341794,267862
2010-06-03,147.675,148.616,146.494,146.807,373903,281105
2010-06-04,146.651,147.278,144.119,144.252,549696,276740
2010-06-07,144.083,144.565,143.143,143.89,423561,290131
2010-06-08,143.685,144.769,143.481,143.733,503624,305060
2010-06-09,144.191,145.528,143.721,144.456,463351,301584
2010-06-10,144.408,146.359,144.119,145.793,520268,314213
2010-06-11,145.95,146.504,145.179,145.54,358632,311524
2010-06-14,146.07,148.25,146.022,147.551,305797,226569
2010-06-15,147.19,148.864,146.66,148.66,330675,227632
2010-06-16,148.503,148.9,147.696,148.407,257395,226179
2010-06-17,148.286,149.623,147.551,149.189,319080,220387
2010-06-18,149.189,149.659,148.888,148.997,185350,213371
2010-06-21,149.816,150.273,148.274,148.479,253487,220629
2010-06-22,148.503,148.888,147.636,147.816,284852,228161
2010-06-23,147.877,148.768,147.13,148.491,314363,223680
2010-06-24,148.346,149.286,147.756,148.599,342468,222978
2010-06-25,148.587,149.37,147.66,149.262,295612,224390
2010-06-28,149.153,149.394,147.78,148.045,251379,224857
2010-06-29,147.973,148.093,146.419,147.106,331850,226964
2010-06-30,146.913,148.274,146.6,147.515,346577,227246
2010-07-01,147.407,151.092,146.901,150.322,480032,225568
2010-07-02,150.779,151.96,150.382,151.237,275500,224465
2010-07-06,151.261,152.55,150.346,152.032,361270,223222
2010-07-07,152.08,152.574,151.225,152.405,283850,222963
2010-07-08,152.176,153.26,152.02,152.718,245548,220098
2010-07-09,152.887,153.236,151.863,152.309,249319,210801
2010-07-12,152.237,152.345,151.177,151.719,188604,221445
2010-07-13,151.658,153.441,150.839,152.983,339598,226912
2010-07-14,153.296,153.911,152.742,153.321,256684,220979
2010-07-15,153.465,156.175,153.056,155.308,342061,234454
2010-07-16,155.741,156.645,155.236,155.886,290112,231919
2010-07-19,155.44,156.452,154.995,156.067,227655,234920
2010-07-20,155.934,156.922,154.621,155.284,287240,231003
2010-07-21,155.248,155.513,153.333,153.477,272664,224509
2010-07-22,153.61,155.765,153.405,155.284,288673,227485
2010-07-23,155.211,156.163,154.067,155.609,343845,226525
2010-07-26,155.32,156.645,155.079,156.428,230440,238950
2010-07-27,156.404,157.126,155.97,156.428,273491,234052
2010-07-28,156.572,157.066,156.151,156.32,221458,223564
2010-07-29,156.428,157.849,156.295,157.488,250891,234194
2010-07-30,157.5,157.705,156.332,157.223,286956,227379
2010-08-02,157.295,158.921,157.223,158.584,253784,238043
2010-08-03,158.644,159.728,158.331,159.355,237515,237010
2010-08-04,159.306,159.451,158.126,158.644,262900,238893
2010-08-05,158.451,159.403,157.994,158.68,242055,241303
2010-08-06,158.801,160.583,158.451,159.873,291101,231782
2010-08-09,159.993,160.27,159.162,159.282,166919,236043
2010-08-10,159.282,159.343,157.452,158.945,307382,238497
2010-08-11,158.704,158.813,154.874,155.103,428445,244648
2010-08-12,154.718,155.753,153.911,154.429,364151,242071
2010-08-13,154.477,155.44,153.549,153.586,284785,246798
2010-08-16,153.718,155.019,153.345,154.248,233733,247953
2010-08-17,154.441,155.549,154.2,155.127,297702,251151
2010-08-18,155.103,155.633,154.429,154.922,255808,254388
2010-08-19,154.814,155.404,153.802,154.429,377322,250728
2010-08-20,154.38,154.573,152.514,153.068,303271,254384
2010-08-23,153.056,153.321,152.309,152.718,249748,245361
2010-08-24,152.357,153.188,151.598,152.622,380945,246883
2010-08-25,152.164,153.284,151.839,152.405,337658,248374
2010-08-26,152.502,153.73,152.357,152.983,336239,235556
2010-08-27,153.128,153.923,152.658,153.333,317951,241907
2010-08-30,153.742,153.754,152.453,152.55,189294,241948
2010-08-31,152.526,153.477,152.032,152.502,293345,240022
2010-09-01,152.815,154.838,152.502,154.115,319663,241694
2010-09-02,154.164,154.742,153.863,154.308,255149,241998
2010-09-03,154.453,155.332,154.26,155.103,287259,237609
2010-09-07,155.284,155.597,152.682,152.959,476862,257788
2010-09-08,152.754,153.73,152.465,153.212,432880,257643
2010-09-09,153.2,153.754,152.538,152.935,375419,259808
2010-09-10,152.923,153.525,152.273,153.152,366860,257082
2010-09-13,153.032,155.272,152.995,154.923,294850,162956
2010-09-14,155.055,156.959,154.501,156.79,417426,170651
2010-09-15,156.441,157.007,156.031,156.634,331290,167021
2010-09-16,156.694,157.959,156.26,157.525,350896,166978
2010-09-17,157.465,158.477,156.802,157.079,327679,163239
2010-09-20,157.152,158.031,156.911,157.284,231212,165079
2010-09-21,157.32,160.031,157.26,159.513,328231,162364
2010-09-22,159.573,161.874,159.549,161.235,427981,173372
2010-09-23,161.38,161.573,160.236,160.597,342519,171130
2010-09-24,160.368,162.561,160.031,162.235,305032,177303
2010-09-27,162.44,162.693,161.693,162.284,209499,177918
2010-09-28,161.91,163.741,161.151,163.38,427949,190039
2010-09-29,163.621,164.368,163.404,164.283,336120,188789
2010-09-30,164.042,164.777,163.271,164.247,435494,187493
2010-10-01,164.127,166.078,163.97,165.91,324910,188528
2010-10-04,166.054,166.054,164.56,164.789,261367,189600
2010-10-05,164.669,166.897,164.223,166.729,362111,197406
2010-10-06,166.572,167.958,166.151,167.801,340817,193434
2010-10-07,167.656,168.921,166.837,167.717,449974,197762
2010-10-08,167.584,168.391,166.548,167.5,410885,186929
2010-10-11,168.572,168.668,166.958,167.211,191846,188790
2010-10-12,167.138,167.825,165.861,167.524,396312,197836
2010-10-13,167.584,168.608,167.512,168.126,292383,202321
2010-10-14,168.09,170.054,168.03,169.247,335302,205611
2010-10-15,169.5,170.536,167.801,168.102,336681,205611
2010-10-18,168.223,168.536,166.524,168.512,460480,209085
2010-10-19,167.909,168.608,165.078,165.428,317548,217114
2010-10-20,165.428,168.439,164.898,168.042,486252,219761
2010-10-21,168.042,169.162,166.994,167.717,439439,219081
2010-10-22,167.681,168.247,166.849,167.693,415172,212940
2010-10-25,167.958,169.524,167.765,168.259,268812,209685
2010-10-26,168.03,168.343,166.452,166.729,285028,210272
2010-10-27,166.861,167.102,165.355,165.669,341070,209103
2010-10-28,165.873,167.921,165.777,167.681,359850,204736
2010-10-29,167.693,168.006,166.247,167.307,368886,207292
2010-11-01,168.186,168.717,166.922,167.223,351237,207188
2010-11-02,167.331,169.283,167.15,169.006,290170,201079
2010-11-03,168.957,171.078,168.464,169.837,332907,206972
2010-11-04,170.126,171.981,169.801,171.09,439381,202206
2010-11-05,171.15,171.608,168.861,169.114,411023,211253
2010-11-08,169.259,169.608,167.223,167.668,411023,208693
2010-11-09,167.572,168.295,165.584,166.56,328038,206666
2010-11-10,165.741,166.488,164.621,165.922,444119,204528
2010-11-11,165.898,166.452,164.223,164.428,492181,203587
2010-11-12,164.548,165.934,163.464,164.922,361557,204457
2010-11-15,164.765,165.608,163.368,163.813,484495,199760
2010-11-16,163.573,164.464,161.958,162.476,372106,200103
2010-11-17,162.452,163.404,162.127,162.862,456362,195598
2010-11-18,162.946,164.669,162.946,164.199,318796,189858
2010-11-19,164.307,165.428,163.91,164.693,330703,184255
2010-11-22,165.464,166.066,163.548,163.994,263536,185843
2010-11-23,164.103,164.187,160.934,161.103,338229,187968
2010-11-24,161.187,161.681,160.007,160.38,455197,187189
2010-11-26,160.669,161.284,159.019,159.525,378779,192163
2010-11-29,159.898,160.248,157.368,158.007,394086,189411
2010-11-30,157.959,158.416,156.224,156.718,434017,195370
2010-12-01,156.429,158.802,156.236,158.2,511765,203930
2010-12-02,158.103,159.585,157.32,159.043,509510,208134
2010-12-03,159.175,161.886,158.922,161.163,497009,204013
2010-12-06,161.513,161.681,159.549,160.464,421728,194415
2010-12-07,160.308,161.428,159.705,160.055,379585,192652
2010-12-08,159.778,159.983,158.777,159.741,417629,198099
2010-12-09,159.838,160.525,158.596,159.464,461934,200293
2010-12-10,159.524,160.055,158.777,159.404,488613,203603
2010-12-13,159.115,161.887,158.825,161.465,322810,205520
2010-12-14,161.272,162.646,161.019,161.321,320792,142879
2010-12-15,161.26,161.26,159.163,159.235,373577,146781
2010-12-16,159.307,159.874,158.849,159.235,337697,149887
2010-12-17,159.573,161.019,158.259,158.789,271351,152603
2010-12-20,158.669,158.874,157.801,158.078,338376,157656
2010-12-21,158.126,159.103,157.536,157.765,217691,154473
2010-12-22,157.825,158.861,157.584,157.704,228327,156136
2010-12-23,157.873,158.488,157.307,158.042,215678,159288
2010-12-27,158.018,158.729,157.523,158.391,201434,166295
2010-12-28,158.584,159.983,157.801,158.078,93920,155997
2010-12-29,157.957,159.597,157.668,159.247,205499,162312
2010-12-30,159.307,160.477,159.295,160.103,155071,164631
2010-12-31,160.163,161.803,160.127,161.092,179335,162907
2011-01-03,160.85,161.453,159.693,161.067,90103,160687
2011-01-04,160.923,161.899,160.163,160.332,232147,164004
2011-01-05,160.392,160.585,158.162,158.464,311101,163239
2011-01-06,158.512,158.693,156.607,156.824,361524,168145
2011-01-07,156.704,156.981,155.51,155.848,389255,185263
2011-01-10,155.414,156.234,155.137,156.089,436767,182750
2011-01-11,156.029,156.571,155.474,156.294,301423,191987
2011-01-12,156.366,158.415,156.185,158.247,321496,202004
2011-01-13,158.174,161.272,157.716,160.838,466266,203959
2011-01-14,160.862,162.164,160.441,160.959,519151,192847
2011-01-18,161.152,162.273,159.524,161.284,358553,183044
2011-01-19,161.308,163.141,161.067,162.164,540784,188933
2011-01-20,162.188,162.948,161.405,162.321,374453,189216
2011-01-21,162.2,164.201,162.032,163.828,385727,191039
2011-01-24,163.96,164.901,163.129,164.286,327466,191192
2011-01-25,164.322,165.093,163.526,164.696,296957,190856
2011-01-26,164.804,165.31,164.322,164.84,297610,203824
2011-01-27,165.045,165.781,164.286,165.407,385587,212206
2011-01-28,165.443,165.624,163.647,164.045,416907,198886
2011-01-31,163.635,165.552,163.502,164.997,368950,205316
2011-02-01,164.937,166.781,164.925,166.504,333206,205561
2011-02-02,166.528,167.022,165.865,166.251,366707,211730
2011-02-03,166.335,166.588,163.984,164.286,276896,204863
2011-02-04,164.201,164.852,163.189,163.683,369366,200782
2011-02-07,163.551,164.189,162.755,163.719,285402,200564
2011-02-08,163.635,164.937,163.551,164.189,351090,203541
2011-02-09,164.201,165.612,163.984,165.359,357228,205692
2011-02-10,165.347,165.431,163.599,163.768,343184,201573
2011-02-11,163.876,164.141,162.634,163.141,350185,193026
2011-02-14,163.032,163.394,161.815,162.466,290954,193725
2011-02-15,162.586,163.297,162.213,162.598,320676,193304
2011-02-16,162.55,163.768,162.225,163.502,418821,194940
2011-02-17,163.394,164.141,163.129,163.948,295258,192808
2011-02-18,163.997,165.31,163.237,164.913,356146,205737
2011-02-22,164.985,165.31,163.008,164.635,510403,210254
2011-02-23,164.575,166.166,164.551,165.636,313154,210294
2011-02-24,165.708,166.576,165.154,166.407,314290,210109
2011-02-25,166.335,166.793,165.395,165.636,240669,206992
2011-02-28,165.684,166.998,165.262,166.359,274531,217238
2011-03-01,166.383,166.986,165.877,165.985,279455,217066
2011-03-02,166.034,167.432,165.648,167.07,343817,225445
2011-03-03,167.107,168.457,166.721,168.228,458003,236492
2011-03-04,168.264,168.842,168.011,168.577,364829,253246
2011-03-07,168.637,169.18,168.203,168.348,277426,252467
2011-03-08,168.396,168.614,167.081,167.563,357667,263702
2011-03-09,167.72,168.058,167.008,167.6,346657,281199
2011-03-10,167.636,167.841,166.066,166.308,537039,299019
2011-03-11,166.404,167.781,165.789,167.431,422357,308267
2011-03-14,168.384,168.819,167.636,168.686,273980,190745
2011-03-15,168.638,168.952,167.032,168.746,381005,190848
2011-03-16,168.734,168.819,167.177,167.588,370510,184217
2011-03-17,167.853,169.447,167.201,168.867,311287,188732
2011-03-18,169.0,171.028,168.553,170.666,289630,192068
2011-03-21,170.932,171.68,170.461,171.511,234011,191864
2011-03-22,171.39,171.777,170.932,171.245,219463,194709
2011-03-23,171.221,171.378,169.809,170.256,310797,201591
2011-03-24,169.93,171.451,169.435,170.992,292414,210653
2011-03-25,170.895,171.137,169.447,169.628,237107,211453
2011-03-28,169.362,170.183,169.012,169.954,237345,218273
2011-03-29,169.797,170.581,169.326,169.833,277900,218177
2011-03-30,170.074,170.569,169.386,170.219,293701,223451
2011-03-31,170.304,171.596,170.171,171.197,313317,226985
2011-04-01,170.835,171.752,169.507,171.62,402443,229814
2011-04-04,171.632,172.018,171.101,171.402,204664,231717
2011-04-05,171.427,171.74,170.594,171.487,258853,236270
2011-04-06,171.451,172.984,171.39,172.803,313316,245924
2011-04-07,172.742,172.827,171.692,172.368,337963,242135
2011-04-08,172.416,174.662,172.272,174.01,258657,247497
2011-04-11,174.215,174.589,173.841,173.938,174984,243990
2011-04-12,174.022,175.048,173.31,174.638,299310,243203
2011-04-13,174.553,175.048,173.744,174.082,269925,242731
2011-04-14,174.131,174.988,173.177,174.698,299409,244115
2011-04-15,174.662,174.855,173.479,174.034,255638,242595
2011-04-18,173.829,173.865,170.666,171.608,409797,241916
2011-04-19,171.596,173.044,171.258,172.887,258917,244006
2011-04-20,172.803,175.435,172.767,175.012,311205,249907
2011-04-21,175.109,176.63,174.891,175.712,277167,246991
2011-04-25,175.616,176.364,175.145,175.857,103508,248734
2011-04-26,175.797,176.738,174.758,176.424,242669,249000
2011-04-27,176.606,178.404,176.424,177.716,314311,250993
2011-04-28,178.151,179.443,178.127,178.694,280591,248777
2011-04-29,178.754,179.418,178.441,178.911,179800,249973
2011-05-02,178.791,179.696,177.994,179.032,215138,259822
2011-05-03,178.779,179.563,177.921,178.706,289429,264337
2011-05-04,178.754,180.179,178.163,179.068,375703,267394
2011-05-05,178.827,179.684,175.0,175.145,512012,261163
2011-05-06,175.338,175.954,172.561,172.911,542320,251383
2011-05-09,173.249,174.203,171.934,172.924,387555,245001
2011-05-10,173.105,173.865,172.127,173.636,320780,242927
2011-05-11,173.829,173.998,170.956,171.233,361596,246772
2011-05-12,171.306,172.235,170.4,171.656,370357,242139
2011-05-13,171.801,172.996,169.688,170.219,391111,254172
2011-05-16,169.869,171.861,169.471,171.185,314317,255936
2011-05-17,170.835,171.813,170.352,171.644,350527,250533
2011-05-18,171.728,172.38,171.258,171.62,289308,256392
2011-05-19,171.958,172.863,171.402,172.67,347560,261698
2011-05-20,172.67,173.105,170.533,171.402,422781,264832
2011-05-23,170.581,170.69,168.565,169.664,415576,265346
2011-05-24,169.543,170.545,168.952,170.256,311627,258663
2011-05-25,170.123,170.376,169.085,169.857,382070,261428
2011-05-26,169.954,171.463,169.773,170.666,379875,266305
2011-05-27,170.594,172.634,170.485,172.247,331290,265253
2011-05-31,172.73,174.107,172.078,173.587,346041,270101
2011-06-01,173.708,174.541,172.851,173.467,369654,275614
2011-06-02,172.996,175.193,172.899,174.807,354093,271346
2011-06-03,174.879,176.75,174.42,176.521,384242,276229
2011-06-06,176.606,176.956,175.712,176.074,267393,276545
2011-06-07,176.002,177.402,175.797,177.366,341841,296126
2011-06-08,177.33,177.366,175.816,175.998,416340,297571
2011-06-09,176.107,177.015,174.775,175.162,530856,303705
2011-06-10,175.199,175.683,172.91,173.286,447705,296707
2011-06-13,173.044,174.23,172.898,174.012,210344,187099
2011-06-14,174.036,175.029,173.613,174.666,232070,190373
2011-06-15,174.363,174.472,170.937,171.106,412687,189979
2011-06-16,171.082,171.76,169.98,170.755,415584,182450
2011-06-17,171.639,173.177,170.61,172.85,319735,188481
2011-06-20,172.378,173.032,171.373,172.741,242076,188428
2011-06-21,172.777,174.182,172.656,174.109,259470,189190
2011-06-22,173.964,174.436,173.213,173.601,288043,182218
2011-06-23,173.177,173.189,170.634,171.712,399078,177410
2011-06-24,172.293,172.814,170.828,171.179,290870,184855
2011-06-27,171.385,172.693,170.356,172.329,293482,180032
2011-06-28,172.644,173.94,171.978,173.516,365455,183206
2011-06-29,173.601,174.545,173.044,174.279,345130,182910
2011-06-30,174.363,175.647,174.291,175.417,290723,190820
2011-07-01,175.102,175.804,174.412,175.296,251876,190778
2011-07-05,175.707,176.131,173.928,174.121,318564,194329
2011-07-06,174.315,174.799,172.608,172.729,299761,186237
2011-07-07,173.032,173.685,171.821,173.383,340630,189064
2011-07-08,173.504,173.625,171.639,172.099,370060,184304
2011-07-11,171.833,171.93,169.0,169.46,420176,179997
2011-07-12,169.738,169.956,167.22,169.508,574289,185541
2011-07-13,168.806,171.506,168.576,170.925,436477,184942
2011-07-14,171.797,172.608,170.562,170.816,372133,189786
2011-07-15,170.973,171.603,170.295,170.816,288996,185294
2011-07-18,170.719,170.816,169.363,170.198,277248,185894
2011-07-19,170.453,171.845,170.029,170.816,372738,180314
2011-07-20,171.058,172.123,170.816,171.942,305032,179045
2011-07-21,171.881,174.509,170.888,174.23,491541,179492
2011-07-22,174.279,174.521,173.141,173.673,264723,180158
2011-07-25,174.109,174.158,173.153,173.891,235611,178862
2011-07-26,173.806,175.623,173.576,175.538,287095,183690
2011-07-27,175.441,175.732,173.371,173.77,333505,187959
2011-07-28,173.734,174.133,172.341,173.044,305768,184848
2011-07-29,173.237,174.327,172.075,173.722,360567,183232
2011-08-01,173.613,174.811,171.554,172.523,390806,187360
2011-08-02,172.39,172.789,171.191,171.688,371832,190722
2011-08-03,171.675,173.528,171.094,173.116,421169,188281
2011-08-04,173.697,173.806,170.356,170.973,578487,186897
2011-08-05,170.44,172.971,170.005,172.535,514821,178462
2011-08-08,173.734,174.267,170.961,171.675,471359,183900
2011-08-09,171.445,174.012,171.264,172.039,486105,183571
2011-08-10,174.17,174.291,171.373,171.845,458209,180661
2011-08-11,171.409,173.019,170.695,172.027,450384,174298
2011-08-12,172.305,172.971,171.24,172.39,275646,171834
2011-08-15,172.608,175.223,172.608,174.884,307839,174577
2011-08-16,174.848,175.162,173.722,174.218,317567,168931
2011-08-17,174.279,175.707,173.371,174.908,320863,169986
2011-08-18,174.569,174.92,172.717,173.383,326568,175215
2011-08-19,173.419,174.945,172.571,174.133,314013,174554
2011-08-22,174.012,174.715,173.649,173.952,182935,172824
2011-08-23,173.758,175.526,173.734,174.593,278237,174714
2011-08-24,174.702,175.296,174.036,174.545,256992,175004
2011-08-25,174.412,175.223,173.407,173.915,322213,178618
2011-08-26,173.988,175.562,173.431,175.32,353064,177970
2011-08-29,175.441,176.204,175.102,175.598,167665,179862
2011-08-30,175.683,175.925,174.109,174.92,245495,179162
2011-08-31,174.787,175.15,173.806,174.073,248758,178099
2011-09-01,174.061,174.085,172.22,172.777,294965,183335
2011-09-02,172.644,172.983,171.688,171.736,266572,187458
2011-09-06,171.47,172.935,169.133,169.339,622865,209515
2011-09-07,169.508,171.312,169.399,170.586,299177,211955
2011-09-08,170.598,170.658,167.945,168.127,408665,220431
2011-09-09,168.066,168.72,165.026,165.401,531048,254327
2011-09-12,164.408,165.874,163.536,164.42,472334,247321
2011-09-13,165.474,166.346,164.19,165.995,551404,264500
2011-09-14,165.595,166.867,164.577,166.455,547652,296330
2011-09-15,166.358,168.684,165.886,168.078,519729,313181
2011-09-16,168.042,168.042,166.443,166.964,381114,334126
2011-09-19,165.619,166.092,164.468,165.45,318967,204334
2011-09-20,165.571,166.419,164.565,165.692,307879,201556
2011-09-21,165.861,167.061,164.19,165.534,353005,206520
2011-09-22,164.468,164.674,162.082,163.099,455991,212862
2011-09-23,163.027,164.299,162.494,162.99,360525,213719
2011-09-26,163.548,164.081,161.803,163.039,399573,211056
2011-09-27,163.778,165.498,163.221,165.219,370930,215172
2011-09-28,164.529,165.764,163.838,164.396,307506,219123
2011-09-29,163.814,165.655,163.693,164.214,279183,219818
2011-09-30,164.505,164.698,162.082,162.506,323105,226458
2011-10-03,161.755,162.07,159.429,160.107,376562,227577
2011-10-04,159.696,161.937,159.199,160.338,416919,220839
2011-10-05,161.488,162.082,160.58,161.731,357907,217760
2011-10-06,161.658,162.869,160.325,162.53,451991,220525
2011-10-07,162.627,163.754,161.755,162.094,330320,224514
2011-10-10,162.106,165.837,161.973,165.401,257291,222508
2011-10-11,165.074,165.668,164.226,165.389,286619,223167
2011-10-12,165.231,167.473,164.42,166.915,317047,224965
2011-10-13,166.818,167.376,165.668,166.867,305404,226049
2011-10-14,166.734,168.199,166.128,168.018,284691,222315
2011-10-17,168.03,168.442,166.237,166.382,283539,234846
2011-10-18,166.297,167.303,165.292,166.37,339273,230483
2011-10-19,166.285,167.921,166.164,166.431,291743,234265
2011-10-20,166.576,167.618,165.341,166.721,428850,238248
2011-10-21,166.782,168.345,165.922,167.884,290818,241764
2011-10-24,167.909,168.975,167.351,168.866,280125,237313
2011-10-25,168.684,169.035,167.678,168.623,344072,235774
2011-10-26,168.43,169.229,167.073,168.26,354700,234089
2011-10-27,168.272,172.512,167.872,172.027,433835,228623
2011-10-28,171.712,171.955,171.119,171.385,233543,221214
2011-10-31,171.361,171.603,167.436,168.623,343063,223555
2011-11-01,167.836,167.969,164.795,166.043,434262,231229
2011-11-02,165.874,167.473,165.147,166.649,300427,230165
2011-11-03,166.455,167.824,165.377,167.533,448336,235681
2011-11-04,167.315,168.127,166.055,166.843,322312,235255
2011-11-07,167.364,167.4,165.692,166.818,268066,233644
2011-11-08,166.758,167.727,166.225,167.654,269209,231445
2011-11-09,167.533,167.86,163.79,164.02,425976,247495
2011-11-10,163.863,165.389,163.342,164.529,341169,249611
2011-11-11,164.844,167.109,164.48,166.54,237313,243922
2011-11-14,166.867,167.097,164.626,164.88,229507,242483
2011-11-15,165.013,165.231,163.475,164.044,262233,244552
2011-11-16,163.863,164.238,162.663,163.669,300253,247098
2011-11-17,163.015,164.02,162.566,163.099,325954,255447
2011-11-18,163.124,164.917,162.894,163.693,289084,261528
2011-11-21,163.802,164.056,162.688,163.487,273237,259988
2011-11-22,163.39,164.371,163.148,163.608,272190,260064
2011-11-23,163.717,163.911,161.343,161.452,321712,270204
2011-11-25,161.67,162.47,160.047,160.374,309084,275198
2011-11-28,161.295,162.336,160.786,161.149,248540,271200
2011-11-29,161.258,162.857,160.943,161.476,309672,277511
2011-11-30,161.5,163.96,160.628,162.76,449834,281443
2011-12-01,162.821,163.802,162.53,163.003,286876,275159
2011-12-02,163.051,164.141,161.864,162.373,292959,277240
2011-12-05,162.409,163.378,161.997,162.324,258793,277324
2011-12-06,162.264,162.675,161.513,162.445,239887,283309
2011-12-07,162.361,162.966,161.719,162.276,275774,297017
2011-12-08,162.482,163.075,160.992,161.573,399808,308786
2011-12-09,161.719,162.821,160.932,162.021,335735,310019
2011-12-12,161.888,162.094,159.551,159.83,346034,318679
2011-12-13,159.66,160.484,157.711,158.074,553709,327740
2011-12-14,157.977,158.413,156.984,157.336,405268,350776
2011-12-15,157.408,158.195,157.118,157.711,355300,367383
2011-12-16,157.784,158.571,157.481,157.856,296708,361795
2011-12-19,157.977,158.074,157.323,157.723,158717,266167
2011-12-20,157.493,159.128,157.445,158.425,191145,266597
2011-12-21,158.522,160.12,157.868,158.098,235479,272742
2011-12-22,158.11,159.019,157.759,158.11,147103,274244
2011-12-23,158.219,158.728,157.893,158.268,77631,274701
2011-12-27,158.486,158.583,158.28,158.413,37824,276022
2011-12-28,158.401,158.558,156.488,156.839,136911,286171
2011-12-29,156.851,157.154,155.822,156.766,113270,282054
2011-12-30,156.936,157.505,156.379,157.021,135570,282054
2012-01-03,157.977,158.437,157.65,158.171,214860,282790
2012-01-04,158.123,158.377,156.246,156.73,262690,293235
2012-01-05,156.779,156.827,154.708,154.89,226730,298476
2012-01-06,154.962,155.229,153.812,154.127,185410,293406
2012-01-09,153.776,154.878,153.449,154.514,211730,290436
2012-01-10,154.66,155.277,154.345,154.926,288300,294263
2012-01-11,154.72,154.914,153.34,153.776,319890,299073
2012-01-12,153.933,155.568,153.8,155.374,396990,292949
2012-01-13,155.168,156.004,152.892,153.437,372540,292949
2012-01-17,153.073,155.652,152.904,154.066,352140,300962
2012-01-18,154.272,155.858,154.212,155.471,283130,307115
2012-01-19,155.677,157.093,155.483,156.645,240520,307146
2012-01-20,157.033,157.275,156.064,156.5,269150,315634
2012-01-23,156.016,158.086,155.955,157.65,306590,310527
2012-01-24,157.614,158.207,156.875,157.711,361610,315350
2012-01-25,157.82,158.91,156.597,158.462,277350,309825
2012-01-26,158.655,159.66,158.534,158.74,327070,306415
2012-01-27,158.704,160.205,158.353,159.915,215990,301752
2012-01-30,160.048,160.12,158.353,158.934,317120,303113
2012-01-31,159.14,160.024,157.929,158.45,346570,305328
2012-02-01,158.534,160.084,157.735,159.321,292140,303919
2012-02-02,159.455,159.806,158.45,159.14,350170,299921
2012-02-03,159.188,160.036,158.219,159.273,274060,299553
2012-02-06,158.898,159.152,157.747,158.922,369890,297477
2012-02-07,158.934,160.702,158.51,160.411,273050,288657
2012-02-08,160.556,160.92,160.096,160.472,307950,283223
2012-02-09,160.472,161.343,160.024,160.92,244879,289183
2012-02-10,160.895,160.944,159.309,159.491,280070,286579
2012-02-14,159.527,160.048,158.377,158.546,320771,291060
2012-02-15,159.031,159.733,157.953,158.171,347320,299085
2012-02-16,158.171,159.188,157.105,159.115,233040,294084
2012-02-17,159.031,159.818,158.813,159.333,381529,294084
2012-02-21,159.903,160.98,159.612,160.399,236819,287525
2012-02-22,160.193,160.653,159.975,160.375,315240,286560
2012-02-23,160.423,161.949,160.217,161.477,263760,280074
2012-02-24,161.888,163.317,161.743,162.978,259809,276318
2012-02-27,162.978,163.135,161.852,162.227,245180,272859
2012-02-28,162.179,163.099,162.13,162.954,349740,271282
2012-02-29,162.954,163.305,161.222,161.513,251810,275227
2012-03-01,161.307,161.731,160.823,161.234,270520,273182
2012-03-02,161.247,161.452,159.685,159.903,223180,279851
2012-03-05,159.83,160.363,159.358,160.157,284010,275921
2012-03-06,160.024,160.157,158.667,158.692,257560,284739
2012-03-07,158.849,159.406,158.571,159.212,291900,285689
2012-03-08,159.237,160.834,159.055,160.713,335930,283003
2012-03-09,160.737,160.737,158.583,158.704,256659,291238
2012-03-12,158.825,159.333,158.365,159.212,421170,288792
2012-03-13,159.237,159.733,158.038,158.293,409061,311057
2012-03-14,158.45,158.51,157.53,157.675,339520,321293
2012-03-15,157.712,158.849,157.433,158.559,305530,336650
2012-03-16,158.341,159.684,157.99,159.491,228681,352816
2012-03-19,159.563,160.616,159.116,160.289,206920,348796
2012-03-20,160.277,160.459,159.479,160.18,235960,258535
2012-03-21,160.096,160.858,159.563,159.866,241890,259397
2012-03-22,159.987,160.483,159.019,159.6,239700,263924
2012-03-23,159.817,160.955,159.696,160.592,258830,251002
2012-03-26,160.604,161.851,159.709,161.548,180810,238423
2012-03-27,161.681,162.056,161.221,161.451,238620,239446
2012-03-28,161.221,161.911,160.737,161.294,224890,238212
2012-03-29,161.221,161.572,160.435,160.858,236060,236328
2012-03-30,161.052,161.959,160.991,161.427,239440,234844
2012-04-02,161.742,162.008,160.749,161.415,300010,238405
2012-04-03,161.245,161.851,159.963,159.987,272550,241006
2012-04-04,160.241,160.289,158.68,159.031,231960,252492
2012-04-05,159.103,159.37,157.809,158.147,49024,263795
2012-04-06,158.159,158.765,157.857,158.377,101100,265475
2012-04-09,158.547,159.019,157.772,158.861,283560,266257
2012-04-10,158.716,159.14,158.038,158.317,227180,274830
2012-04-11,158.402,159.297,158.196,158.583,272770,275863
2012-04-12,158.68,159.963,158.607,159.745,237880,276566
2012-04-13,159.648,159.817,158.22,158.329,301270,286835
2012-04-16,158.232,159.188,157.324,159.007,225100,292004
2012-04-17,158.995,159.479,158.474,159.055,240150,295844
2012-04-18,158.922,159.091,158.063,158.898,302470,297484
2012-04-19,158.825,159.382,158.196,158.97,241220,298079
2012-04-20,159.007,160.096,158.922,159.975,224550,286554
2012-04-23,159.672,159.914,158.619,159.116,222000,294644
2012-04-24,159.297,160.011,159.116,159.66,244881,287215
2012-04-25,159.733,160.217,159.442,160.132,223880,288332
2012-04-26,160.023,160.544,159.757,160.241,222870,284470
2012-04-27,159.745,160.628,159.261,160.495,147440,286136
2012-04-30,160.314,160.58,159.878,160.253,157610,281773
2012-05-01,160.265,160.798,159.83,160.132,158472,279605
2012-05-02,160.229,160.289,158.825,159.309,234370,293516
2012-05-03,159.249,159.539,158.498,159.164,236160,297560
2012-05-04,159.188,159.527,158.317,158.402,224410,303971
2012-05-07,157.688,158.147,156.804,157.978,264700,312266
2012-05-08,158.075,158.135,157.131,157.688,327940,321037
2012-05-09,157.373,157.433,156.272,156.695,250559,331233
2012-05-10,156.55,157.095,156.417,156.756,217370,342631
2012-05-11,156.489,156.828,156.187,156.405,267340,343506
2012-05-14,155.933,156.199,155.219,155.449,354940,348458
2012-05-15,155.243,155.763,153.972,154.13,362800,356674
2012-05-16,154.117,154.432,153.488,153.984,318241,356978
2012-05-17,153.9,154.323,153.307,153.875,303350,365356
2012-05-18,153.524,154.856,153.016,154.166,223920,361901
2012-05-21,154.626,155.219,154.009,154.783,287060,367296
2012-05-22,155.037,155.134,153.198,153.936,395430,376708
2012-05-23,153.452,153.561,151.83,152.169,342890,383249
2012-05-24,152.338,152.75,151.467,151.588,270460,386077
2012-05-25,151.733,152.532,151.225,151.491,406620,382468
2012-05-29,152.121,152.786,150.814,151.14,361970,394160
2012-05-30,151.152,151.201,149.603,149.833,352720,394133
2012-05-31,149.712,150.414,149.301,149.676,357681,394133
2012-06-01,149.591,150.814,148.708,150.221,467537,393283
2012-06-04,150.487,151.407,149.894,151.189,467537,393283
2012-06-05,151.213,151.794,150.184,150.62,262030,394562
2012-06-06,150.693,152.302,150.56,151.83,387390,401812
2012-06-07,152.193,152.81,151.758,152.52,342230,403728
2012-06-08,152.036,152.181,150.513,151.359,427400,403229
2012-06-11,153.052,153.33,151.033,151.262,476300,413421
2012-06-12,150.948,151.637,150.609,151.299,514300,422131
2012-06-13,151.383,152.617,150.96,152.351,435650,455558
2012-06-14,152.073,152.955,151.794,152.496,266850,461997
2012-06-15,152.871,153.282,152.387,152.931,314380,443097
2012-06-18,154.225,154.285,151.964,152.254,302879,448036
2012-06-19,152.206,154.068,152.097,153.56,294471,311933
2012-06-20,153.524,154.213,152.919,153.282,363160,311475
2012-06-21,153.681,153.705,151.649,151.915,249770,327009
2012-06-22,151.843,152.29,151.492,152.024,213450,323626
2012-06-25,151.927,151.988,150.924,151.226,272530,314101
2012-06-26,151.274,151.661,150.561,151.226,196039,315785
2012-06-27,151.202,151.383,150.609,150.767,276870,313152
2012-06-28,150.9,151.577,150.15,150.38,278832,313152
2012-06-29,150.561,153.608,150.464,153.185,222730,301184
2012-07-02,153.306,153.354,152.097,152.278,182410,297884
2012-07-03,152.314,152.834,152.0,152.629,395250,302864
2012-07-05,152.593,152.593,149.63,149.956,288360,319830
2012-07-06,150.041,150.114,148.384,148.53,217740,326679
2012-07-09,148.493,149.17,148.324,148.989,225910,323895
2012-07-10,149.074,149.279,148.082,148.288,228880,326374
2012-07-11,148.264,148.832,147.792,147.913,203360,326065
2012-07-12,148.143,148.239,147.236,147.598,226070,330898
2012-07-13,147.659,148.336,147.175,148.143,210760,326792
2012-07-16,148.203,148.747,147.332,148.566,264070,324472
2012-07-17,148.505,149.062,147.49,148.699,215280,323228
2012-07-18,148.735,148.941,147.828,148.397,255450,325076
2012-07-19,148.638,149.158,147.973,148.578,243430,323944
2012-07-20,148.566,148.638,146.958,147.139,283070,335578
2012-07-23,146.704,146.97,146.026,146.74,239450,325219
2012-07-24,146.619,146.885,145.724,145.966,280700,324443
2012-07-25,145.966,147.272,145.845,147.127,336870,325267
2012-07-26,147.018,149.183,146.607,148.65,347900,318048
2012-07-27,148.554,149.908,148.094,148.941,181060,314254
2012-07-30,148.856,148.941,147.925,148.36,220710,315458
2012-07-31,148.312,149.195,148.203,148.892,209440,311436
2012-08-01,148.808,149.267,147.828,148.046,478200,318593
2012-08-02,147.961,150.102,146.8,147.284,299400,325191
2012-08-03,147.381,149.932,147.199,149.727,209040,321918
2012-08-06,149.92,150.549,149.303,149.944,171480,319401
2012-08-07,149.969,150.525,149.715,150.15,185460,322243
2012-08-08,149.981,150.029,149.11,149.461,188440,321727
2012-08-09,149.582,149.848,148.372,148.735,167390,323313
2012-08-10,148.844,149.001,148.07,148.699,185440,321922
2012-08-13,148.638,149.678,148.312,149.195,182060,322689
2012-08-14,149.158,149.823,148.977,149.158,159430,321568
2012-08-15,149.001,149.316,148.336,148.65,220980,324366
2012-08-16,148.65,149.666,148.227,149.533,198100,321335
2012-08-17,149.449,149.775,148.638,149.025,183320,320906
2012-08-20,149.243,149.606,148.711,149.352,266830,319717
2012-08-21,149.328,151.057,149.328,150.791,259830,321166
2012-08-22,150.827,151.674,150.355,151.541,229710,311830
2012-08-23,151.528,152.278,151.48,151.976,229460,313528
2012-08-24,151.976,152.048,150.948,151.408,113820,312012
2012-08-27,151.299,151.625,151.057,151.214,209900,309302
2012-08-28,151.154,152.121,150.755,151.94,177610,311925
2012-08-29,151.976,152.073,151.408,151.504,183940,311626
2012-08-30,151.553,151.952,151.008,151.262,315290,311588
2012-08-31,151.262,152.846,151.105,152.145,270100,313802
2012-09-04,152.133,152.726,151.831,152.048,306860,314363
2012-09-05,151.976,152.677,151.19,152.375,335430,319270
2012-09-06,152.411,153.016,151.903,152.943,332760,321053
2012-09-07,152.774,154.963,152.689,154.757,229690,318671
2012-09-10,154.878,154.914,154.25,154.419,336040,325538
2012-09-11,154.31,155.639,154.286,155.506,513190,332637
2012-09-12,155.409,156.424,154.962,155.905,508830,355244
2012-09-13,155.953,157.222,155.095,156.992,427140,371335
2012-09-14,156.992,159.215,156.932,158.599,245800,362580
2012-09-17,158.683,159.263,158.176,158.454,226230,360770
2012-09-18,158.551,158.623,157.548,157.632,260720,234394
2012-09-19,157.729,158.224,157.101,157.946,276780,225691
2012-09-20,157.741,157.898,156.207,156.823,279580,220816
2012-09-21,156.775,157.765,156.642,157.065,210110,222672
2012-09-24,156.907,156.944,155.869,156.412,255060,217349
2012-09-25,156.376,156.847,155.82,156.303,240810,218363
2012-09-26,156.013,156.134,155.192,155.494,284339,216200
2012-09-27,155.651,156.328,155.107,156.171,304540,217333
2012-09-28,156.134,156.702,155.228,155.385,281310,214558
2012-10-01,155.337,156.448,154.793,155.796,233130,219300
2012-10-02,155.808,156.799,155.724,156.146,226030,217516
2012-10-03,156.195,156.412,155.699,155.953,307240,216503
2012-10-04,156.062,157.548,156.05,157.391,246820,221440
2012-10-05,157.354,158.019,157.077,157.56,161320,222122
2012-10-08,157.451,157.463,156.388,156.859,306780,221051
2012-10-09,156.787,157.052,155.409,155.748,214190,227541
2012-10-10,155.748,156.11,155.168,155.905,222560,223902
2012-10-11,155.434,156.569,155.035,156.303,198890,223276
2012-10-12,156.316,157.052,156.207,156.63,193330,223204
2012-10-15,156.605,156.895,155.82,156.436,271710,225287
2012-10-16,156.545,157.886,156.448,157.657,235970,219809
2012-10-17,158.236,158.828,158.14,158.647,234800,221651
2012-10-18,158.514,158.695,157.801,157.898,215590,219803
2012-10-19,157.959,158.067,157.282,157.415,202960,220735
2012-10-22,157.463,158.14,157.318,157.681,205232,220735
2012-10-23,157.886,158.043,156.533,156.799,227980,216842
2012-10-24,156.992,157.089,156.158,156.811,223650,216067
2012-10-25,156.763,157.403,156.231,156.509,259940,217634
2012-10-26,156.388,156.593,155.687,156.316,121110,221684
2012-10-29,156.448,156.448,155.724,155.965,118780,221033
2012-10-30,155.965,156.932,155.748,156.678,212100,221524
2012-10-31,156.642,157.379,156.473,156.654,213293,221210
2012-11-01,156.581,156.907,156.207,156.352,189357,219118
2012-11-02,156.424,156.521,154.95,155.011,276696,224305
2012-11-05,154.95,155.204,154.298,154.552,219721,224942
2012-11-06,154.636,155.023,154.238,154.89,234476,227725
2012-11-07,154.842,155.615,153.923,154.31,362078,229796
2012-11-08,154.334,154.407,153.682,154.056,298133,232975
2012-11-09,154.032,154.564,153.344,153.621,287305,232853
2012-11-12,153.658,153.948,153.44,153.634,148103,231664
2012-11-13,153.573,153.827,153.005,153.537,309706,231660
2012-11-14,153.513,154.479,153.501,154.032,270142,235605
2012-11-15,153.887,154.721,153.682,154.358,243994,230596
2012-11-16,154.443,154.491,153.344,153.791,254944,238289
2012-11-19,153.984,154.926,153.948,154.769,215326,233449
2012-11-20,154.479,155.023,154.25,154.745,239768,232328
2012-11-21,154.854,155.071,153.899,154.975,238896,231884
2012-11-23,154.999,156.98,154.999,156.907,309767,225946
2012-11-26,156.738,156.895,156.4,156.63,181424,216205
2012-11-27,156.968,157.197,156.05,156.279,244759,210234
2012-11-28,156.34,156.533,155.615,156.255,234892,210662
2012-11-29,156.485,157.258,156.34,156.763,250133,209569
2012-11-30,156.799,157.427,156.678,157.052,271451,210576
2012-12-03,156.992,157.995,156.932,157.765,278775,210155
2012-12-04,157.765,158.381,157.62,158.273,261053,217546
2012-12-05,158.224,158.623,157.789,158.019,260090,218652
2012-12-06,157.922,158.116,156.46,156.618,332243,229932
2012-12-07,156.569,156.738,155.567,156.183,283824,234636
2012-12-10,155.784,156.4,155.688,156.315,193750,235776
2012-12-11,156.34,157.233,156.195,157.088,299563,241932
2012-12-12,157.1,158.234,156.991,158.017,364979,249486
2012-12-13,157.848,158.246,157.522,157.957,336143,251366
2012-12-14,157.945,159.139,157.836,158.958,337113,248920
2012-12-17,159.139,159.369,158.777,158.971,160791,185313
2012-12-18,158.995,159.936,158.922,159.683,181392,193681
2012-12-19,159.731,160.769,159.731,160.021,228658,198454
2012-12-20,159.526,160.612,159.453,159.936,204958,202677
2012-12-21,160.045,160.045,158.946,159.152,202166,201124
2012-12-24,159.212,159.876,159.103,159.321,59460,202591
2012-12-26,159.55,160.117,159.296,159.695,53695,205688
2012-12-27,159.731,160.455,159.465,159.9,154392,205952
2012-12-28,159.852,160.105,159.007,159.683,132203,206007
2012-12-31,159.634,159.852,159.079,159.405,103163,207608
2013-01-02,159.996,160.383,158.85,159.115,170432,205121
2013-01-03,159.248,159.284,157.558,157.727,254034,198105
2013-01-04,157.498,158.102,156.955,157.86,263118,197024
2013-01-07,157.921,158.439,157.196,158.343,229312,193523
2013-01-08,158.536,158.681,157.667,157.993,228200,194251
2013-01-09,157.993,158.15,157.426,157.643,221388,195928
2013-01-10,157.691,160.274,157.45,160.021,344838,201179
2013-01-11,160.226,161.396,159.972,161.07,308519,205069
2013-01-14,161.42,161.879,161.022,161.541,225357,210075
2013-01-15,161.505,161.734,160.153,160.564,305539,211373
2013-01-16,160.588,160.902,160.057,160.467,265962,210593
2013-01-17,160.479,161.65,160.226,161.626,291692,217353
2013-01-18,161.493,161.77,160.346,160.817,298302,212151
2013-01-22,160.721,161.445,160.177,160.805,401046,216059
2013-01-23,160.829,161.239,160.141,160.817,235219,218594
2013-01-24,160.721,161.698,160.407,161.457,287050,226126
2013-01-25,161.517,162.748,161.167,162.555,325317,230150
2013-01-28,162.543,162.712,162.072,162.446,214774,234304
2013-01-29,162.338,162.965,161.939,162.82,275865,237856
2013-01-30,162.845,164.039,162.76,163.774,288587,240839
2013-01-31,163.786,164.112,163.472,163.87,241000,243165
2013-02-01,164.003,165.524,163.979,164.92,405819,244671
2013-02-04,164.788,164.836,163.038,163.207,279341,244567
2013-02-05,162.977,164.16,162.47,163.991,364669,251236
2013-02-06,163.979,164.136,162.893,163.279,277533,247379
2013-02-07,163.207,163.907,161.408,161.807,452064,242764
2013-02-08,161.71,162.12,161.191,161.312,271744,241390
2013-02-11,161.408,162.096,161.239,161.626,217056,237101
2013-02-12,161.77,162.688,161.324,162.277,251999,239566
2013-02-13,162.362,163.207,162.072,162.338,246638,238454
2013-02-14,162.35,162.434,160.721,161.119,261577,236553
2013-02-15,161.264,161.674,160.612,161.215,238897,234927
2013-02-19,161.107,161.71,160.805,161.614,304843,234039
2013-02-20,161.589,162.169,160.189,160.358,314468,233699
2013-02-21,160.371,160.419,158.862,158.971,370071,233551
2013-02-22,159.224,159.876,158.669,159.079,284146,228111
2013-02-25,159.248,160.769,157.498,158.367,462565,230406
2013-02-26,157.655,158.415,157.136,157.571,452787,230567
2013-02-27,157.703,158.693,157.402,158.452,348935,222614
2013-02-28,158.536,158.874,157.558,157.679,283779,221448
2013-03-01,157.715,158.138,156.496,157.136,328979,218764
2013-03-04,157.088,157.293,156.69,157.196,215226,218132
2013-03-05,157.233,157.812,157.027,157.402,217002,218469
2013-03-06,157.438,157.764,156.472,156.846,236929,221521
2013-03-07,156.593,158.331,156.581,158.198,406880,215491
2013-03-08,158.222,158.524,156.365,156.932,367301,217525
2013-03-11,156.895,157.547,156.666,157.402,214488,206878
2013-03-12,157.426,157.8,156.799,157.221,305651,213113
2013-03-13,157.269,157.692,155.967,156.413,409310,230279
2013-03-14,156.449,157.306,155.81,156.871,443212,231844
2013-03-15,156.92,158.186,156.883,157.547,322691,224874
2013-03-18,156.015,156.859,155.496,156.268,349872,188408
2013-03-19,156.413,156.534,155.014,155.4,411189,195073
2013-03-20,155.315,156.654,155.183,156.244,319932,195264
2013-03-21,156.208,156.365,155.436,155.882,314885,196646
2013-03-22,155.629,157.028,155.557,156.69,295118,192845
2013-03-25,156.497,157.933,154.833,155.255,400435,202055
2013-03-26,155.086,155.581,154.821,155.171,265775,204257
2013-03-27,155.183,155.279,153.88,154.17,289611,219753
2013-03-28,154.218,155.014,153.928,154.664,270938,224366
2013-04-01,154.616,155.291,154.121,155.062,95799,224761
2013-04-02,155.014,155.412,154.58,154.652,217546,235871
2013-04-03,154.724,155.243,154.351,155.026,216086,236022
2013-04-04,155.002,156.268,153.796,156.124,448724,232265
2013-04-05,156.087,157.366,155.677,157.028,298647,218629
2013-04-08,156.787,157.33,156.497,156.908,185933,218231
2013-04-09,157.064,158.126,156.92,158.065,245614,220353
2013-04-10,157.836,158.343,157.499,157.571,214726,220866
2013-04-11,157.692,158.548,157.402,158.222,238066,214243
2013-04-12,158.126,158.391,157.306,157.824,243383,216270
2013-04-15,158.162,158.186,157.125,157.342,250527,218959
2013-04-16,157.39,159.308,157.173,159.163,317949,215657
2013-04-17,158.982,159.272,156.871,157.04,354523,216016
2013-04-18,157.294,158.017,157.125,157.438,253348,212597
2013-04-19,157.547,158.427,157.414,157.595,218947,213223
2013-04-22,157.679,157.872,157.028,157.571,185874,215925
2013-04-23,157.619,157.885,156.522,156.739,274727,220051
2013-04-24,156.883,157.269,156.304,157.125,242022,218406
2013-04-25,157.016,157.981,156.715,157.052,271747,220007
2013-04-26,156.98,157.426,156.727,157.197,208290,218991
2013-04-29,157.535,158.258,157.233,158.017,209656,222701
2013-04-30,157.957,159.103,157.486,158.801,285501,222618
2013-05-01,158.861,159.79,158.789,159.416,198764,221789
2013-05-02,159.054,159.477,157.281,157.535,440801,218547
2013-05-03,157.619,158.777,157.221,158.162,298165,211566
2013-05-06,158.258,158.548,157.474,157.776,134193,215899
2013-05-07,157.74,158.427,157.655,157.86,183088,214597
2013-05-08,157.8,159.187,157.704,158.753,235828,219825
2013-05-09,158.729,158.982,156.944,157.028,282443,221357
2013-05-10,157.366,157.45,156.051,156.63,303866,229844
2013-05-13,156.546,156.835,156.124,156.473,213789,227244
2013-05-14,156.594,157.185,155.726,156.063,284651,232417
2013-05-15,155.979,156.136,154.929,155.315,288482,244341
2013-05-16,155.4,155.979,154.966,155.701,265701,247558
2013-05-17,155.448,155.496,154.363,154.761,266897,263513
2013-05-20,154.966,155.629,154.652,155.581,197035,265383
2013-05-21,155.436,156.027,154.905,155.629,259338,265194
2013-05-22,155.701,156.799,154.809,154.917,398857,267198
2013-05-23,155.026,156.304,154.664,155.991,326905,263708
2013-05-24,156.003,156.739,155.665,155.822,240073,259703
2013-05-28,156.051,156.22,155.002,155.303,311512,264212
2013-05-29,155.062,156.558,154.857,156.027,310841,261515
2013-05-30,156.063,157.559,156.015,157.354,319500,264778
2013-05-31,157.366,157.523,156.136,156.594,295120,251163
2013-06-03,156.69,158.114,156.268,157.679,303157,250282
2013-06-04,157.679,158.041,157.318,157.788,230430,240733
2013-06-05,157.812,158.222,157.45,157.848,257236,238105
2013-06-06,157.909,160.502,157.704,159.778,499487,250778
2013-06-07,159.706,160.249,159.103,159.501,329033,248055
2013-06-10,159.26,160.043,158.934,159.947,372670,249756
2013-06-11,159.911,160.622,159.609,160.501,383709,260418
2013-06-12,160.586,161.14,159.995,160.767,403341,272993
2013-06-13,160.899,161.514,160.152,160.959,405564,270293
2013-06-14,161.273,161.297,160.345,160.899,298524,269419
2013-06-17,161.02,161.405,160.634,160.911,173399,201233
2013-06-18,161.176,161.815,160.718,161.671,242924,213331
2013-06-19,161.538,161.827,159.947,160.031,224402,214133
2013-06-20,160.357,160.429,158.729,159.139,360215,216740
2013-06-21,159.501,159.85,157.97,158.476,274453,213769
2013-06-24,158.078,158.524,157.5,158.283,278856,211714
2013-06-25,158.259,158.597,157.56,157.873,246433,211651
2013-06-26,157.765,157.825,156.571,156.812,273536,204825
2013-06-27,156.861,157.463,156.764,157.343,231869,202068
2013-06-28,157.234,158.018,156.656,156.993,266847,202787
2013-07-01,156.885,157.584,156.825,157.476,190043,199401
2013-07-02,157.524,157.705,156.318,156.487,263642,196064
2013-07-03,156.511,157.162,155.836,156.921,237653,194197
2013-07-05,156.861,157.054,154.401,154.703,432233,216693
2013-07-08,154.631,155.342,154.486,155.245,183087,215604
2013-07-09,155.185,155.523,153.763,154.184,283660,225051
2013-07-10,154.172,156.595,153.919,155.342,299457,222643
2013-07-11,156.909,159.272,156.812,157.934,379148,223441
2013-07-12,157.909,157.958,156.752,157.476,220762,220297
2013-07-15,157.548,157.717,156.668,157.56,180926,221614
2013-07-16,157.536,158.862,157.271,158.681,221993,220137
2013-07-17,158.633,158.946,157.753,158.102,253508,220966
2013-07-18,158.259,158.271,157.548,157.982,172759,220433
2013-07-19,158.102,158.621,157.825,158.392,146892,222515
2013-07-22,158.416,159.392,158.404,159.031,170858,223443
2013-07-23,158.958,159.645,158.717,159.573,170826,219429
2013-07-24,159.453,159.838,158.874,159.091,222467,217976
2013-07-25,159.151,160.321,158.741,159.682,232837,219817
2013-07-26,160.043,160.333,159.79,160.079,154307,218768
2013-07-29,160.14,160.308,159.621,159.947,155885,220592
2013-07-30,159.911,160.393,159.561,159.923,184358,222957
2013-07-31,159.911,160.899,159.236,160.803,336390,227617
2013-08-01,160.393,160.489,159.043,159.32,278581,226752
2013-08-02,159.296,160.296,158.97,160.188,229851,228360
2013-08-05,160.164,160.369,159.537,159.862,155395,226589
2013-08-06,159.874,160.646,159.706,160.417,197286,228726
2013-08-07,160.429,160.923,159.935,160.742,210118,227515
2013-08-08,160.791,161.562,160.682,161.43,203761,234246
2013-08-09,161.321,161.442,160.742,160.839,143418,230679
2013-08-12,160.827,160.887,160.079,160.477,143752,231569
2013-08-13,160.381,160.574,159.549,159.874,220251,225665
2013-08-14,159.923,160.14,159.609,159.862,170372,225855
2013-08-15,159.85,161.104,159.211,160.923,315563,230531
2013-08-16,160.947,161.321,160.477,160.779,182872,234232
2013-08-19,160.803,161.261,160.538,160.863,137104,237482
2013-08-20,160.779,162.189,160.634,161.791,246279,249660
2013-08-21,161.767,161.888,160.767,161.249,221501,243851
2013-08-22,161.032,161.225,160.321,160.984,202784,246055
2013-08-23,161.02,161.683,160.742,161.345,196061,250853
2013-08-26,161.333,161.49,161.032,161.225,96323,249645
2013-08-27,161.188,161.538,160.61,161.369,208610,248672
2013-08-28,161.466,161.526,160.381,160.803,213743,246847
2013-08-29,160.863,160.863,159.356,159.645,235891,250169
2013-08-30,159.645,159.802,158.802,159.224,181365,242949
2013-09-03,159.272,159.453,158.38,158.753,267106,244563
2013-09-04,158.753,159.356,158.609,159.211,174961,247361
2013-09-05,159.199,159.416,158.042,158.163,317218,254235
2013-09-06,158.139,159.007,157.982,158.91,247430,250932
2013-09-09,158.838,160.091,158.717,159.85,216487,256720
2013-09-10,159.79,160.043,159.489,159.934,254070,257969
2013-09-11,159.934,160.621,159.645,160.441,329886,266589
2013-09-12,160.441,160.621,159.79,160.368,300442,269516
2013-09-13,160.344,160.597,159.754,160.392,240766,266020
2013-09-16,161.091,161.368,160.682,160.718,164212,218272
2013-09-17,160.718,161.2,160.621,161.019,103828,218264
2013-09-18,161.019,163.248,160.778,162.79,230010,232318
2013-09-19,162.839,163.562,162.742,163.043,225101,237134
2013-09-20,163.08,163.309,162.694,162.971,166149,249782
2013-09-23,163.152,163.26,162.465,162.658,151653,253753
2013-09-24,162.634,162.947,162.284,162.429,138058,254464
2013-09-25,162.369,163.164,162.248,162.983,135049,260629
2013-09-26,162.995,163.031,162.369,162.561,140893,252637
2013-09-27,162.561,163.489,162.405,162.935,150157,256964
2013-09-30,162.453,163.393,162.441,163.007,159426,259039
2013-10-01,162.971,163.778,162.911,163.08,187045,255067
2013-10-02,162.995,164.007,162.766,163.706,231480,263986
2013-10-03,163.67,164.477,163.646,164.176,165057,263361
2013-10-04,164.176,164.309,163.176,163.381,153212,262487
2013-10-07,163.441,163.815,163.224,163.646,110705,264325
2013-10-08,163.658,164.02,163.405,163.513,133471,263859
2013-10-09,163.61,163.995,162.537,162.983,198846,254448
2013-10-10,163.031,163.309,162.561,163.14,157428,262301
2013-10-11,163.019,163.706,162.959,163.369,92633,266578
2013-10-14,163.393,163.911,163.26,163.646,207250,272318
2013-10-15,163.429,163.574,162.465,162.959,208930,257199
2013-10-16,163.055,163.537,162.381,163.104,208849,258971
2013-10-17,163.14,164.911,162.899,164.839,242883,272724
2013-10-18,164.779,165.176,164.634,164.863,131721,272005
2013-10-21,164.923,164.984,164.526,164.851,101257,273868
2013-10-22,164.851,166.237,164.658,166.116,197045,278139
2013-10-23,166.068,166.237,165.61,166.068,168321,278767
2013-10-24,166.032,166.622,165.887,166.345,177315,279670
2013-10-25,166.309,166.707,166.008,166.381,148848,285041
2013-10-28,166.406,166.526,166.008,166.381,106064,283138
2013-10-29,166.164,166.478,165.55,165.682,218723,282923
2013-10-30,165.658,166.14,165.056,165.429,200527,285881
2013-10-31,165.562,165.574,163.598,163.791,288052,273531
2013-11-01,163.766,163.778,162.441,162.598,242434,259969
2013-11-04,162.561,162.995,161.983,162.899,142966,253196
2013-11-05,162.839,162.971,162.079,162.381,189554,252554
2013-11-06,162.369,163.272,162.308,162.947,185784,248231
2013-11-07,162.875,163.043,160.199,161.814,439650,238531
2013-11-08,161.682,162.116,160.489,160.947,260743,233115
2013-11-11,160.971,161.694,160.826,161.525,114137,233723
2013-11-12,161.549,162.164,160.983,161.814,230939,229166
2013-11-13,161.899,162.67,161.368,162.236,231310,230812
2013-11-14,162.477,162.622,161.706,162.14,193601,227521
2013-11-15,162.188,162.766,161.862,162.561,146721,229560
2013-11-18,162.598,163.2,162.381,162.682,123014,231251
2013-11-19,162.718,163.26,162.537,163.068,201960,232326
2013-11-20,163.104,163.67,161.646,161.718,289289,237684
2013-11-21,161.947,162.429,161.477,162.212,231812,235599
2013-11-22,162.405,163.405,162.236,163.296,153059,234569
2013-11-25,163.333,163.405,162.561,162.875,137965,233126
2013-11-26,162.959,163.598,162.911,163.586,185046,243049
2013-11-27,163.489,164.068,163.381,163.562,160191,246048
2013-11-29,163.61,164.164,163.453,163.73,187504,249961
2013-12-02,163.742,164.08,162.995,163.164,187261,249719
2013-12-03,163.176,164.068,162.971,163.778,175713,253653
2013-12-04,163.766,163.995,163.019,163.742,246143,258902
2013-12-05,163.778,164.827,163.2,164.803,343993,270928
2013-12-06,164.755,165.2,164.08,165.044,237419,282889
2013-12-09,165.237,165.646,165.032,165.574,160762,289087
2013-12-10,165.538,166.237,165.49,165.851,271954,302100
2013-12-11,165.803,166.43,165.586,166.153,371407,298386
2013-12-12,166.14,166.333,165.538,165.622,387214,299100
2013-12-13,165.683,165.924,165.2,165.502,227218,295455
2013-12-16,165.55,166.273,165.514,165.851,153522,231130
2013-12-17,165.791,166.068,165.357,165.887,144805,230955
2013-12-18,165.924,166.864,164.779,165.791,228473,233576
2013-12-19,164.791,165.032,164.489,164.562,174929,235264
2013-12-20,164.574,165.213,164.2,164.767,181102,239562
2013-12-23,164.743,165.297,164.743,164.972,80975,240274
2013-12-24,165.056,165.092,164.55,164.851,34398,240206
2013-12-26,164.935,165.092,164.851,164.996,26157,239511
2013-12-27,164.959,167.43,164.947,165.502,177105,244274
2013-12-30,165.815,166.538,165.442,166.333,98719,244939
2013-12-31,166.261,166.454,165.61,166.165,64905,242071
2014-01-02,165.417,165.429,164.26,164.526,177360,242618
2014-01-03,164.706,164.767,163.682,163.875,149964,241290
2014-01-06,163.851,164.538,163.549,164.321,164501,237225
2014-01-07,164.309,164.574,163.851,164.104,166136,238570
2014-01-08,164.092,164.309,163.32,163.682,209775,242274
2014-01-09,163.61,164.297,163.26,163.778,243416,243927
2014-01-10,163.923,164.947,163.549,164.622,232010,240652
2014-01-13,164.694,164.923,164.345,164.779,138985,241366
2014-01-14,164.73,165.104,164.489,164.779,167843,243434
2014-01-15,164.803,164.803,163.646,163.887,205296,245351
2014-01-16,163.911,164.489,163.67,164.068,210129,245467
2014-01-17,164.08,164.14,162.875,163.043,211014,257779
2014-01-21,163.055,163.513,162.766,163.405,248228,255300
2014-01-22,163.405,163.694,163.091,163.248,143876,253660
2014-01-23,163.236,165.092,163.043,165.056,321124,261583
2014-01-24,165.008,165.586,164.646,164.815,244810,259628
2014-01-27,164.875,165.309,164.526,164.694,162022,259795
2014-01-28,164.791,164.959,164.236,164.682,163830,260799
2014-01-29,164.562,164.911,163.923,164.658,266717,270509
2014-01-30,164.658,164.67,163.212,163.296,266225,267373
2014-01-31,163.381,163.586,162.441,162.501,328809,273040
2014-02-03,162.549,163.128,162.405,163.067,227327,273420
2014-02-04,163.019,163.164,162.609,162.887,181760,274146
2014-02-05,162.875,163.369,162.67,163.104,210155,270792
2014-02-06,163.128,164.14,162.465,163.742,311407,270510
2014-02-07,163.778,164.453,163.308,164.236,237579,270463
2014-02-10,164.188,164.514,164.116,164.393,124664,275286
2014-02-11,164.429,164.899,164.248,164.357,197672,281037
2014-02-12,164.333,164.538,163.441,163.827,225403,280433
2014-02-13,163.851,165.008,163.718,164.791,200482,285942
2014-02-14,164.839,165.297,164.779,165.104,147301,286783
2014-02-18,165.128,165.96,164.996,165.791,240935,291360
2014-02-19,165.815,165.984,165.405,165.634,131055,290800
2014-02-20,165.514,165.851,164.863,165.345,183369,292390
2014-02-21,165.369,165.815,165.128,165.634,136228,291930
2014-02-24,165.574,165.984,165.2,165.526,124234,293220
2014-02-25,165.526,165.912,165.285,165.61,169423,296924
2014-02-26,165.658,165.791,164.634,164.899,210575,299961
2014-02-27,164.899,165.429,164.417,165.237,199242,298935
2014-02-28,165.2,166.623,165.032,166.574,274276,304251
2014-03-03,166.14,166.225,165.417,165.502,189571,302459
2014-03-04,165.55,166.104,165.357,165.526,162054,304308
2014-03-05,165.586,165.707,165.188,165.478,165105,304193
2014-03-06,165.538,167.189,165.237,167.044,354273,314448
2014-03-07,167.032,167.695,166.936,167.177,264447,318427
2014-03-10,167.177,167.49,167.044,167.141,181445,315827
2014-03-11,167.249,167.261,166.707,167.153,242010,322020
2014-03-12,167.032,167.695,166.827,167.551,365603,332330
2014-03-13,167.538,168.322,166.851,167.02,562086,353650
2014-03-14,167.165,167.972,166.888,167.563,314870,339274
2014-03-17,167.671,168.093,167.261,167.755,134148,260878
2014-03-18,167.767,168.033,167.261,167.864,158501,264443
2014-03-19,167.912,167.924,166.418,166.659,186611,262632
2014-03-20,166.538,166.851,165.682,166.068,209515,262403
2014-03-21,166.08,166.43,165.887,166.225,141041,261305
2014-03-24,166.297,167.225,165.815,166.767,192523,264800
2014-03-25,166.767,166.864,165.682,166.623,245712,262179
2014-03-26,166.635,166.635,166.008,166.189,144553,260692
2014-03-27,166.104,166.261,165.441,165.67,178312,257524
2014-03-28,165.61,165.984,165.14,165.719,167824,259838
2014-03-31,165.731,166.418,165.321,166.008,210212,260294
2014-04-01,165.996,166.49,165.936,166.201,115481,260075
2014-04-02,166.237,166.538,165.731,165.863,123070,258462
2014-04-03,165.911,166.418,165.068,165.261,284680,266032
2014-04-04,165.309,165.465,164.742,165.116,227490,260387
2014-04-07,165.092,165.682,165.044,165.562,105161,259469
2014-04-08,165.61,166.442,165.538,166.237,160442,261439
2014-04-09,166.261,167.044,166.056,166.924,159006,263394
2014-04-10,166.936,167.502,166.731,167.394,137346,266737
2014-04-11,167.346,167.563,167.056,167.346,109130,270770
2014-04-14,166.996,167.068,166.394,166.55,138459,272456
2014-04-15,166.526,166.695,166.165,166.418,124438,270722
2014-04-16,166.454,166.912,166.345,166.55,126694,268304
2014-04-17,166.49,167.093,166.43,166.526,110060,267066
2014-04-21,166.526,166.671,166.14,166.249,41258,266353
2014-04-22,166.225,166.61,166.104,166.333,102760,266259
2014-04-23,166.357,166.972,166.285,166.49,163840,269713
2014-04-24,166.49,166.827,166.189,166.598,157696,267708
2014-04-25,166.695,166.912,166.623,166.731,95027,270279
2014-04-28,166.803,167.261,166.466,166.948,153385,273493
2014-04-29,166.9,167.249,166.369,166.43,182854,271515
2014-04-30,166.442,167.249,165.936,167.165,228285,275728
2014-05-01,167.105,167.382,167.068,167.08,59322,275905
2014-05-02,167.129,167.285,166.381,167.165,197396,269034
2014-05-05,167.201,167.346,167.093,167.237,79978,272167
2014-05-06,167.213,168.129,167.177,167.912,168779,277013
2014-05-07,167.828,167.984,167.623,167.707,133414,277808
2014-05-08,167.647,168.647,166.695,166.948,359200,270775
2014-05-09,166.791,166.839,165.634,165.658,237618,265487
2014-05-12,165.779,165.996,165.682,165.767,101905,260041
2014-05-13,165.803,165.96,164.959,165.08,216300,268142
2014-05-14,165.128,165.478,165.08,165.176,148086,268114
2014-05-15,165.261,165.49,164.453,165.285,235349,268724
2014-05-16,165.224,165.429,164.923,165.08,119442,266916
2014-05-19,165.08,165.526,165.044,165.249,119335,264214
2014-05-20,165.212,165.261,164.827,165.068,114698,268199
2014-05-21,165.092,165.381,164.296,164.851,178680,269442
2014-05-22,164.935,164.959,164.441,164.513,141714,271034
2014-05-23,164.574,164.586,164.079,164.224,125426,274690
2014-05-27,164.188,164.73,164.055,164.321,158427,274051
2014-05-28,164.321,164.369,163.742,163.826,145299,272345
2014-05-29,163.814,164.224,163.742,163.935,132281,275472
2014-05-30,163.923,164.513,163.887,164.321,165631,279121
2014-06-02,164.284,164.345,163.742,163.85,167884,285482
2014-06-03,163.875,164.501,163.73,164.188,173626,280747
2014-06-04,164.224,164.381,163.863,163.899,155989,282741
2014-06-05,163.911,164.766,162.73,164.61,527863,287702
2014-06-06,164.658,164.839,164.164,164.477,220984,288643
2014-06-09,164.477,164.73,163.694,163.754,226200,304169
2014-06-10,163.826,163.923,163.103,163.224,307522,331636
2014-06-11,163.248,163.393,162.959,163.043,370335,365334
2014-06-12,163.091,163.598,162.874,163.501,347446,369744
2014-06-13,163.344,163.682,162.983,163.14,203091,371482
2014-06-16,163.212,163.706,162.887,163.549,131596,283205
2014-06-17,163.622,163.802,163.176,163.248,112745,285489
2014-06-18,163.296,163.983,163.236,163.441,168651,283840
2014-06-19,163.778,164.465,163.754,164.019,153672,287508
2014-06-20,164.019,164.345,163.489,163.839,132387,287315
2014-06-23,163.851,164.092,163.61,163.971,102664,287502
2014-06-24,163.971,164.272,163.73,163.959,157604,291244
2014-06-25,163.983,164.562,163.935,164.26,150508,290073
2014-06-26,164.284,164.429,163.634,164.019,177201,292031
2014-06-27,164.08,164.562,164.043,164.477,118400,291282
2014-06-30,164.477,165.116,164.417,165.068,146207,295225
2014-07-01,165.056,165.152,164.839,164.887,120933,291488
2014-07-02,164.887,164.935,164.405,164.586,106557,289926
2014-07-03,164.622,164.706,163.875,163.959,164828,293325
2014-07-07,163.875,164.067,163.634,164.031,127015,294958
2014-07-08,163.995,164.14,163.79,164.055,100856,294381
2014-07-09,164.08,164.513,163.959,164.489,155044,296645
2014-07-10,164.429,164.537,163.79,163.971,145614,297310
2014-07-11,164.019,164.224,163.826,164.031,96734,297097
2014-07-14,164.019,164.417,163.899,164.152,107023,296215
2014-07-15,164.164,164.26,163.453,163.537,211064,310661
2014-07-16,163.537,163.573,162.959,162.995,133616,316439
2014-07-17,163.019,163.2,162.911,163.031,118751,319913
2014-07-18,163.031,163.14,162.597,163.019,162111,328061
2014-07-21,163.055,163.308,162.862,162.983,96587,330290
2014-07-22,163.007,163.067,162.212,162.296,192846,339706
2014-07-23,162.296,162.392,162.151,162.188,125833,341981
2014-07-24,162.236,162.513,161.947,162.26,150680,346105
2014-07-25,162.26,162.405,161.742,161.874,143874,356229
2014-07-28,161.886,162.031,161.814,161.898,129650,359727
2014-07-29,161.971,162.031,161.537,161.609,134046,356865
2014-07-30,161.609,161.681,161.103,161.392,203116,365275
2014-07-31,161.428,161.513,161.151,161.38,170955,365074
2014-08-01,161.356,162.043,161.236,161.838,219406,368116
2014-08-04,161.838,161.874,161.609,161.73,102763,373254
2014-08-05,161.766,161.802,160.995,161.163,187032,379004
2014-08-06,161.163,161.356,160.693,161.224,200534,376386
2014-08-07,161.296,161.428,160.742,160.995,202499,382192
2014-08-08,161.031,161.898,160.814,161.633,208202,373000
2014-08-11,161.585,161.597,161.26,161.284,91160,374739
2014-08-12,161.32,161.332,160.729,161.103,126630,376424
2014-08-13,161.115,161.681,160.802,161.115,197730,381962
2014-08-14,161.055,161.597,160.874,161.091,152628,386295
2014-08-15,161.079,161.645,160.995,161.477,163016,389303
2014-08-18,161.404,161.477,160.922,161.031,109236,393892
2014-08-19,161.043,161.055,160.44,160.525,161771,396460
2014-08-20,160.501,160.585,159.753,159.85,178181,394530
2014-08-21,159.765,160.151,159.585,160.055,134374,400886
2014-08-22,160.055,160.247,159.332,159.585,209156,405819
2014-08-25,159.163,159.211,158.886,158.994,117665,403253
2014-08-26,158.97,159.247,158.657,158.753,167617,402709
2014-08-27,158.717,159.211,158.5,159.03,193196,408950
2014-08-28,159.006,159.332,158.585,158.886,177400,411211
2014-08-29,158.874,159.042,158.271,158.283,207251,414303
2014-09-02,158.223,158.428,157.994,158.187,229920,419850
2014-09-03,158.271,158.597,158.139,158.416,201029,422799
2014-09-04,158.452,158.512,155.704,155.909,483032,437111
2014-09-05,155.945,156.56,155.716,156.162,291717,430106
2014-09-08,156.126,156.174,155.247,155.548,317654,443189
2014-09-09,155.452,156.162,154.982,155.681,473784,484306
2014-09-10,155.934,156.211,155.259,155.512,558787,525833
2014-09-11,155.633,156.078,155.416,155.729,462957,520035
2014-09-12,155.741,156.403,155.548,156.03,369157,516533
2014-09-15,156.259,156.295,155.548,155.873,157313,400362
2014-09-16,155.909,156.608,155.705,156.162,214151,397652
2014-09-17,156.138,156.451,154.862,155.633,299790,397432
2014-09-18,154.838,155.801,154.645,155.62,228998,393758
2014-09-19,155.633,155.777,154.549,154.657,218882,400853
2014-09-22,154.537,155.03,154.416,154.645,185162,396552
2014-09-23,154.778,155.428,154.729,154.91,193045,398937
2014-09-24,154.79,154.982,153.899,153.971,204413,401435
2014-09-25,153.971,154.007,152.959,153.586,280065,404061
2014-09-26,153.61,153.742,152.719,152.791,216410,407937
2014-09-29,152.779,153.188,152.562,152.923,182595,414501
2014-09-30,152.863,153.044,151.454,152.141,328543,409986
2014-10-01,152.153,152.285,151.599,151.888,265428,408878
2014-10-02,152.02,152.983,151.96,152.694,355373,408879
2014-10-03,152.67,152.67,150.587,150.696,285113,431523
2014-10-06,150.756,152.707,150.684,152.117,269940,426253
2014-10-07,152.466,152.779,151.599,152.562,286184,425656
2014-10-08,152.586,153.586,152.056,153.381,332391,428520
2014-10-09,153.357,154.091,152.538,152.839,341353,429765
2014-10-10,152.875,153.188,151.852,151.948,222211,430453
2014-10-13,152.129,153.068,152.104,152.574,170739,431857
2014-10-14,153.489,153.573,152.261,152.369,225637,434873
2014-10-15,152.466,155.247,152.08,153.899,565400,430179
2014-10-16,154.428,154.729,153.056,154.188,374176,432562
2014-10-17,154.248,154.633,153.513,153.862,175954,430319
2014-10-20,153.694,154.392,153.357,154.284,152446,432845
2014-10-21,154.127,154.669,153.128,153.285,227204,439863
2014-10-22,153.128,153.453,152.213,152.297,207015,445816
2014-10-23,152.321,152.682,151.924,152.357,169895,445624
2014-10-24,152.321,152.923,152.177,152.538,145754,441765
2014-10-27,152.646,153.248,152.55,153.068,144074,442235
2014-10-28,152.947,153.754,152.779,153.393,178417,441369
2014-10-29,153.369,153.826,152.117,152.309,192782,444503
2014-10-30,152.189,152.237,151.093,151.912,251609,451189
2014-10-31,151.912,151.948,150.383,150.876,361161,460276
2014-11-03,150.696,150.696,149.817,150.443,227351,461237
2014-11-04,150.419,151.49,150.407,151.238,220362,465332
2014-11-05,151.153,151.37,150.033,150.31,253444,466524
2014-11-06,150.274,150.961,148.914,149.19,351923,469638
2014-11-07,149.106,150.202,148.841,149.841,330262,470417
2014-11-10,150.106,150.66,149.564,149.612,170743,467870
2014-11-11,149.612,150.563,149.275,150.118,167640,463976
2014-11-12,150.238,150.527,149.576,149.732,235885,465315
2014-11-13,149.708,150.455,149.66,150.395,163908,468036
2014-11-14,150.25,151.117,149.311,150.852,322101,469959
2014-11-17,150.768,151.49,149.877,149.961,190369,469890
2014-11-18,149.961,151.093,149.853,150.961,211717,465168
2014-11-19,150.949,151.779,150.684,151.081,253737,465906
2014-11-20,151.117,151.442,150.587,151.141,268154,465051
2014-11-21,151.057,151.358,149.034,149.178,327554,474866
2014-11-24,149.022,149.865,148.902,149.744,204298,470523
2014-11-25,149.805,150.383,149.347,150.19,209565,465339
2014-11-26,150.214,150.924,149.853,150.708,213346,465322
2014-11-28,150.611,150.816,149.648,149.744,242536,467128
2014-12-01,149.877,150.623,149.564,150.262,248900,465191
2014-12-02,150.19,150.25,149.046,149.082,204605,462058
2014-12-03,149.118,149.215,148.131,148.239,269986,463655
2014-12-04,148.215,150.009,147.83,148.926,470472,459721
2014-12-05,149.058,149.239,147.77,147.974,331581,475869
2014-12-08,147.974,148.648,147.469,148.432,253666,469158
2014-12-09,148.287,149.9,148.01,149.045,464040,477861
2014-12-10,149.057,149.876,148.853,149.803,536442,507568
2014-12-11,149.852,150.453,148.937,149.118,573171,541700
2014-12-12,149.358,150.333,149.105,149.924,344359,541843
2014-12-15,150.176,150.261,149.479,149.743,204726,373949
2014-12-16,149.827,151.368,149.731,150.357,320963,368171
2014-12-17,150.658,150.694,148.347,148.456,309996,368516
2014-12-18,148.54,148.757,147.71,147.914,219205,375181
2014-12-19,147.95,148.155,147.156,147.228,168629,373381
2014-12-22,147.18,147.782,147.12,147.168,96758,373842
2014-12-23,147.252,147.457,146.482,146.627,107039,376849
2014-12-24,146.578,147.156,146.542,146.795,43096,376291
2014-12-26,147.156,147.252,146.518,146.627,32365,380311
2014-12-29,146.675,147.168,146.217,146.386,100933,380196
2014-12-30,146.362,146.759,145.989,146.35,112322,386295
2014-12-31,146.374,146.542,145.652,145.688,73371,386400
