,Open,High,Low,Close,Volume,OpenInterest
1983-01-03,30.842648,31.059528,30.842648,31.002455,3405,5708
1983-01-04,30.922551,30.956796,30.808404,30.888307,3083,5534
1983-01-05,30.956796,31.048114,30.865478,30.899722,2209,5696
1983-01-06,30.854063,30.979625,30.785575,30.854063,2235,5962
1983-01-07,30.899722,31.002455,30.865478,30.876892,2185,6314
1983-01-10,30.888307,30.911137,30.819819,30.899722,2004,6774
1983-01-11,30.945381,31.116602,30.945381,31.059528,2848,6443
1983-01-12,31.013869,31.128017,30.99104,31.093773,2543,6616
1983-01-13,31.185091,31.264994,31.128017,31.128017,2509,6768
1983-01-14,31.150846,31.287823,31.150846,31.185091,1859,6956
1983-01-17,31.173676,31.23075,31.116602,31.185091,2049,7232
1983-01-18,31.162261,31.20792,31.116602,31.185091,3023,7832
1983-01-19,31.139432,31.150846,30.899722,30.96821,5011,8738
1983-01-20,30.956796,30.96821,30.865478,30.911137,2905,8889
1983-01-21,30.933966,30.945381,30.545865,30.591524,4879,9381
1983-01-24,30.408888,30.511621,30.29474,30.397473,3886,9757
1983-01-25,30.431717,30.591524,30.431717,30.580109,3917,9846
1983-01-26,30.637183,30.637183,30.363229,30.443132,4326,10508
1983-01-27,30.477376,30.511621,30.328985,30.477376,3329,10065
1983-01-28,30.511621,30.523035,30.340399,30.397473,2667,10418
1983-01-31,30.340399,30.351814,30.192008,30.249081,1803,10267
1983-02-01,30.237667,30.363229,30.226252,30.283326,2963,10751
1983-02-02,30.214837,30.328985,30.07786,30.283326,5232,10428
1983-02-03,30.31757,30.363229,30.134934,30.146349,2987,10242
1983-02-04,30.009372,30.146349,29.918054,30.032201,3257,11024
1983-02-07,30.134934,30.237667,30.066445,30.112104,2509,10885
1983-02-08,30.123519,30.226252,30.10069,30.112104,2258,11002
1983-02-09,30.066445,30.10069,29.997957,30.089275,2691,11198
1983-02-10,30.157763,30.408888,30.157763,30.340399,7111,11120
1983-02-11,30.523035,30.614353,30.386058,30.454547,5775,11126
1983-02-14,30.454547,30.511621,30.374644,30.465962,2873,10899
1983-02-15,30.545865,30.568694,30.374644,30.374644,4064,11206
1983-02-16,30.31757,30.648598,30.306155,30.488791,3261,11011
1983-02-17,30.55728,30.728501,30.545865,30.717086,3019,11278
1983-02-18,30.785575,30.956796,30.77416,30.956796,6116,11543
1983-02-22,31.176265,31.245571,31.106959,31.187816,5205,11346
1983-02-23,31.141612,31.33798,31.072306,31.072306,5315,10587
1983-02-24,31.164714,31.257122,31.106959,31.199367,3623,10757
1983-02-25,31.33798,31.626756,31.33798,31.55745,6089,9978
1983-02-28,31.649858,31.730715,31.430388,31.441939,2509,9606
1983-03-01,31.45349,31.684511,31.418837,31.603654,3997,9130
1983-03-02,31.765368,31.765368,31.499694,31.592103,2956,9171
1983-03-03,31.800021,31.823124,31.592103,31.649858,4466,9231
1983-03-04,31.626756,31.707613,31.488143,31.522796,2052,9444
1983-03-07,31.418837,31.418837,31.164714,31.23402,3820,9927
1983-03-08,31.222469,31.257122,31.037653,31.083857,4541,10029
1983-03-09,31.106959,31.164714,31.002999,31.095408,3853,10165
1983-03-10,31.164714,31.176265,30.956795,31.014551,4196,10419
1983-03-11,30.979897,31.130061,30.956795,30.956795,4623,11021
1983-03-14,30.991448,31.199367,30.991448,31.176265,2630,10700
1983-03-15,31.164714,31.326429,31.164714,31.280224,2761,10820
1983-03-16,31.222469,31.314878,31.11851,31.164714,2507,10629
1983-03-17,31.11851,31.176265,31.060755,31.11851,1788,10812
1983-03-18,31.141612,31.164714,31.037653,31.153163,1995,11294
1983-03-21,31.060755,31.187816,31.049204,31.095408,2125,10993
1983-03-22,31.060755,31.095408,30.933693,31.060755,3981,10369
1983-03-23,31.106959,31.268673,31.049204,31.210918,4144,8501
1983-03-24,31.326429,31.384184,31.222469,31.280224,3776,8734
1983-03-25,31.33798,31.33798,31.037653,31.095408,3124,8163
1983-03-28,31.095408,31.176265,31.026102,31.11851,1781,8022
1983-03-29,31.153163,31.222469,31.141612,31.187816,2134,8097
1983-03-30,31.268673,31.291776,31.210918,31.222469,2226,7971
1983-03-31,31.187816,31.245571,31.164714,31.164714,1808,7851
1983-04-04,31.187816,31.268673,31.176265,31.245571,1214,7961
1983-04-05,31.280224,31.511245,31.280224,31.488143,3284,7928
1983-04-06,31.545898,31.603654,31.465041,31.522796,2816,7608
1983-04-07,31.545898,31.545898,31.441939,31.441939,2137,7740
1983-04-08,31.465041,31.476592,31.372633,31.372633,1966,7594
1983-04-11,31.499694,31.661409,31.499694,31.603654,2202,8007
1983-04-12,31.649858,31.696062,31.569001,31.580552,2613,7726
1983-04-13,31.603654,31.67296,31.55745,31.661409,1835,7579
1983-04-14,31.67296,31.938634,31.649858,31.915532,4265,7590
1983-04-15,31.915532,31.938634,31.765368,31.846226,2143,7454
1983-04-18,31.903981,31.950185,31.834675,31.938634,2109,6824
1983-04-19,31.857777,31.880879,31.649858,31.661409,3399,6701
1983-04-20,31.638307,31.730715,31.55745,31.707613,2690,6855
1983-04-21,31.684511,31.707613,31.545898,31.569001,2864,6644
1983-04-22,31.580552,31.626756,31.511245,31.580552,2039,6618
1983-04-25,31.696062,31.753817,31.603654,31.649858,2562,7019
1983-04-26,31.649858,31.742266,31.603654,31.730715,2201,6728
1983-04-27,31.684511,32.031042,31.684511,31.903981,3378,6822
1983-04-28,31.834675,31.961736,31.78847,31.915532,3363,7648
1983-04-29,31.973287,31.996389,31.89243,31.973287,2609,7992
1983-05-02,32.054144,32.077246,31.927083,31.984838,2193,8085
1983-05-03,31.973287,32.077246,31.927083,32.042593,2679,7977
1983-05-04,32.077246,32.250512,32.042593,32.238961,4598,8172
1983-05-05,32.181206,32.262063,32.088798,32.1119,3897,8259
1983-05-06,32.1119,32.22741,32.054144,32.169655,3376,8113
1983-05-09,32.077246,32.100349,31.880879,31.950185,3634,8319
1983-05-10,31.984838,32.135002,31.961736,32.1119,3572,8753
1983-05-11,32.192757,32.204308,32.065695,32.077246,2624,8825
1983-05-12,32.042593,32.1119,31.996389,31.996389,3243,9082
1983-05-13,32.019491,32.123451,31.996389,32.042593,1934,9054
1983-05-16,31.903981,31.903981,31.707613,31.730715,5299,9379
1983-05-17,31.661409,31.765368,31.638307,31.67296,3337,9498
1983-05-18,31.684511,31.753817,31.638307,31.649858,2419,9354
1983-05-19,31.626756,31.67296,31.476592,31.476592,3503,9222
1983-05-20,31.511245,31.592103,31.349531,31.418837,4457,9029
1983-05-23,31.279145,31.360632,31.174377,31.360632,4189,8643
1983-05-24,31.360632,31.383914,31.267504,31.383914,3071,7632
1983-05-25,31.430477,31.4654,31.348991,31.360632,2667,7021
1983-05-26,31.360632,31.372273,31.197659,31.220941,2932,6924
1983-05-27,31.255864,31.314068,31.197659,31.197659,2112,6794
1983-05-31,30.988122,31.023045,30.778586,30.83679,3849,6695
1983-06-01,30.790227,31.023045,30.778586,30.964841,3704,6260
1983-06-02,31.011404,31.151095,30.941559,30.941559,3294,6196
1983-06-03,30.9532,30.988122,30.883354,30.906636,2894,6136
1983-06-06,30.871713,30.999763,30.83679,30.999763,2408,6301
1983-06-07,30.999763,31.057968,30.766945,30.83679,4508,6367
1983-06-08,30.83679,30.83679,30.650536,30.650536,4840,7292
1983-06-09,30.813509,30.883354,30.685459,30.778586,3670,7593
1983-06-10,30.83679,30.894995,30.70874,30.755304,2781,8168
1983-06-13,30.976481,31.104532,30.83679,31.092891,2997,8037
1983-06-14,31.023045,31.08125,30.964841,31.011404,2782,8261
1983-06-15,30.918277,31.139454,30.918277,31.08125,2951,8857
1983-06-16,31.127813,31.279145,31.057968,31.255864,3102,8909
1983-06-17,31.244223,31.244223,31.092891,31.151095,2690,9042
1983-06-20,31.139454,31.139454,30.941559,30.941559,2413,9178
1983-06-21,30.871713,31.011404,30.83679,30.999763,3584,8747
1983-06-22,31.034686,31.046327,30.883354,30.918277,2364,7191
1983-06-23,30.860072,30.918277,30.732022,30.871713,3590,7769
1983-06-24,30.813509,30.813509,30.569049,30.592331,2386,7658
1983-06-27,30.615613,30.615613,30.32459,30.382795,2675,7348
1983-06-28,30.45264,30.662177,30.45264,30.522486,4371,8079
1983-06-29,30.569049,30.697099,30.545768,30.662177,2641,8858
1983-06-30,30.755304,30.801868,30.673818,30.766945,2197,8700
1983-07-01,30.720381,30.801868,30.697099,30.801868,557,8932
1983-07-05,30.417717,30.417717,30.126695,30.208181,2181,9090
1983-07-06,30.208181,30.301308,30.19654,30.289667,2144,8931
1983-07-07,30.091772,30.149976,29.998644,30.126695,3455,8909
1983-07-08,30.138335,30.184899,29.975363,29.975363,2638,8906
1983-07-11,30.091772,30.219822,30.080131,30.126695,1382,8898
1983-07-12,30.091772,30.115054,29.789108,29.847312,2011,8931
1983-07-13,29.789108,29.987004,29.789108,29.882235,3252,9523
1983-07-14,30.010285,30.149976,29.905517,29.952081,3717,9424
1983-07-15,29.893876,29.893876,29.707621,29.765826,3186,9827
1983-07-18,29.858953,30.045208,29.765826,30.045208,2368,9751
1983-07-19,30.06849,30.149976,30.033567,30.126695,3336,10029
1983-07-20,30.406077,30.464281,30.208181,30.231463,3340,10488
1983-07-21,30.208181,30.231463,30.091772,30.115054,1965,10093
1983-07-22,30.06849,30.080131,29.824031,29.905517,3254,10002
1983-07-25,29.637776,30.033567,29.637776,30.010285,3983,9890
1983-07-26,29.94044,29.975363,29.777467,29.870594,3085,9494
1983-07-27,29.870594,29.905517,29.765826,29.835672,3406,8789
1983-07-28,29.765826,29.858953,29.56793,29.579571,4989,9006
1983-07-29,29.509726,29.649417,29.323471,29.404958,6831,9843
1983-08-01,29.428239,29.521367,29.300189,29.393317,4532,10578
1983-08-02,29.300189,29.486444,29.288548,29.428239,3963,10763
1983-08-03,29.463162,29.474803,29.265267,29.416599,3865,11458
1983-08-04,29.428239,29.428239,29.044089,29.102294,5635,12203
1983-08-05,29.090653,29.195421,29.044089,29.137217,2142,12478
1983-08-08,29.067371,29.090653,28.846194,29.009166,2549,12544
1983-08-09,29.020807,29.102294,28.997526,29.067371,2514,13104
1983-08-10,29.009166,29.079012,28.869475,28.974244,3890,13825
1983-08-11,29.148857,29.253626,29.102294,29.148857,3864,13519
1983-08-12,29.241985,29.404958,29.241985,29.393317,4563,12228
1983-08-15,29.777467,29.777467,29.614494,29.730903,3563,12018
1983-08-16,29.672699,29.870594,29.649417,29.777467,3874,12544
1983-08-17,29.882235,29.987004,29.765826,29.987004,4280,12380
1983-08-18,29.952081,30.056849,29.824031,29.824031,3453,12508
1983-08-19,29.847312,29.905517,29.661058,29.730903,5428,13060
1983-08-22,30.107245,30.201331,30.048442,30.166049,5348,13262
1983-08-23,30.154288,30.154288,30.024921,30.095485,3707,12322
1983-08-24,30.154288,30.236613,30.107245,30.142527,3053,12531
1983-08-25,30.166049,30.271894,29.977878,29.989639,5089,12627
1983-08-26,29.919075,30.0014,29.813229,29.989639,5699,12930
1983-08-29,29.730905,29.742666,29.578017,29.589777,4623,12655
1983-08-30,29.589777,29.683862,29.483931,29.495692,4017,12770
1983-08-31,29.413368,29.495692,29.319282,29.354564,4230,12881
1983-09-01,29.413368,29.566256,29.413368,29.472171,2920,12433
1983-09-02,29.448649,29.448649,29.366325,29.389846,1861,12227
1983-09-06,29.789708,29.848511,29.695623,29.742666,2424,12125
1983-09-07,29.672102,29.966118,29.660341,29.954357,3081,12565
1983-09-08,30.060203,30.071964,29.848511,29.895554,1857,12813
1983-09-09,29.942596,29.989639,29.907315,29.977878,2467,12724
1983-09-12,30.483586,30.495347,30.166049,30.177809,4522,12813
1983-09-13,30.18957,30.236613,30.119006,30.142527,3989,12635
1983-09-14,30.060203,30.107245,29.872033,29.895554,2446,12540
1983-09-15,29.848511,29.919075,29.730905,29.789708,2273,12441
1983-09-16,29.848511,30.095485,29.836751,30.036682,3203,12096
1983-09-19,30.083724,30.236613,30.0014,30.083724,3037,11777
1983-09-20,30.224852,30.295416,30.166049,30.224852,2804,11584
1983-09-21,30.354219,30.354219,30.071964,30.130767,4472,12137
1983-09-22,30.071964,30.271894,29.977878,30.224852,3173,8516
1983-09-23,30.401262,30.483586,30.307176,30.460065,3293,9500
1983-09-26,30.589432,30.624714,30.495347,30.577671,3523,9506
1983-09-27,30.448304,30.542389,30.413022,30.483586,2603,9482
1983-09-28,30.577671,30.589432,30.389501,30.424783,2881,9731
1983-09-29,30.354219,30.436543,30.295416,30.424783,2038,9750
1983-09-30,30.495347,30.55415,30.471825,30.507107,1471,10119
1983-10-03,30.55415,30.55415,30.413022,30.460065,1773,10369
1983-10-04,30.424783,30.565911,30.401262,30.460065,3133,10664
1983-10-05,30.577671,30.718799,30.542389,30.718799,2176,10757
1983-10-06,30.765841,30.824645,30.659996,30.718799,1978,10822
1983-10-07,30.74232,30.74232,30.636474,30.648235,1935,10822
1983-10-10,30.518868,30.55415,30.424783,30.518868,496,10955
1983-10-11,30.518868,30.518868,30.236613,30.260134,4134,11325
1983-10-12,30.18957,30.283655,30.142527,30.224852,2862,11672
1983-10-13,30.295416,30.295416,30.071964,30.130767,3773,12129
1983-10-14,30.224852,30.283655,30.166049,30.283655,1404,11754
1983-10-17,30.460065,30.483586,30.330698,30.471825,2665,12054
1983-10-18,30.436543,30.518868,30.354219,30.354219,2805,11556
1983-10-19,30.318937,30.483586,30.307176,30.471825,2856,11454
1983-10-20,30.401262,30.483586,30.342458,30.460065,1971,11286
1983-10-21,30.448304,30.601192,30.424783,30.565911,1396,11316
1983-10-24,30.154288,30.201331,30.107245,30.142527,2833,11271
1983-10-25,30.142527,30.154288,29.977878,30.083724,4166,11426
1983-10-26,30.119006,30.142527,30.01316,30.095485,4270,11479
1983-10-27,30.024921,30.142527,29.989639,30.083724,4985,12048
1983-10-28,30.083724,30.166049,30.036682,30.060203,3237,12624
1983-10-31,30.036682,30.119006,29.966118,29.977878,2876,13228
1983-11-01,29.930836,30.095485,29.919075,30.083724,4388,14321
1983-11-02,30.083724,30.119006,29.977878,30.060203,3390,14589
1983-11-03,30.036682,30.060203,29.919075,29.954357,4529,15289
1983-11-04,29.813229,29.883793,29.777947,29.801469,3275,15600
1983-11-07,29.742666,29.836751,29.742666,29.836751,3503,14881
1983-11-08,29.872033,29.883793,29.848511,29.883793,355,14946
1983-11-09,29.883793,29.907315,29.813229,29.836751,4892,14760
1983-11-10,29.872033,30.071964,29.860272,30.060203,4716,15111
1983-11-11,30.201331,30.307176,30.154288,30.295416,1233,15146
1983-11-14,30.224852,30.224852,30.107245,30.142527,2786,14582
1983-11-15,30.036682,30.130767,30.0014,30.095485,3243,14228
1983-11-16,30.130767,30.236613,30.083724,30.083724,2467,14353
1983-11-17,30.024921,30.083724,30.01316,30.083724,5613,14536
1983-11-18,30.048442,30.083724,30.01316,30.048442,2415,14803
1983-11-21,30.107245,30.224852,30.083724,30.213091,5376,15593
1983-11-22,30.284206,30.402735,30.248647,30.390882,5109,15664
1983-11-23,30.331618,30.355323,30.307912,30.355323,2962,15779
1983-11-25,30.367176,30.462,30.355323,30.450147,1498,16068
1983-11-28,30.367176,30.367176,30.248647,30.2605,2861,15029
1983-11-29,30.201236,30.402735,30.189383,30.379029,7204,15095
1983-11-30,30.367176,30.390882,30.236794,30.284206,3026,15301
1983-12-01,30.2605,30.272353,30.17753,30.2605,5835,16020
1983-12-02,30.17753,30.17753,30.011589,30.023442,5856,15555
1983-12-05,29.916766,30.023442,29.881207,30.023442,6488,14066
1983-12-06,30.047148,30.059001,29.97603,30.035295,3418,13153
1983-12-07,29.952324,30.011589,29.940471,29.964177,2785,13721
1983-12-08,29.904913,29.916766,29.774531,29.786383,4861,13912
1983-12-09,29.810089,29.833795,29.750825,29.762678,3036,14644
1983-12-12,29.750825,29.857501,29.738972,29.833795,3057,14425
1983-12-13,29.703413,29.727119,29.644148,29.69156,4324,14438
1983-12-14,29.727119,29.762678,29.644148,29.644148,3880,15428
1983-12-15,29.632295,29.738972,29.620443,29.703413,2294,15152
1983-12-16,29.798236,29.845648,29.750825,29.845648,2416,15573
1983-12-19,29.833795,29.89306,29.798236,29.869354,1753,15151
1983-12-20,29.928618,29.97603,29.857501,29.869354,4148,14681
1983-12-21,29.940471,29.987883,29.869354,29.916766,1487,13154
1983-12-22,29.999736,30.059001,29.97603,30.047148,1337,13891
1983-12-23,30.035295,30.059001,29.928618,30.011589,811,13337
1983-12-27,30.082706,30.141971,30.047148,30.118265,1507,13065
1983-12-28,30.094559,30.094559,29.952324,29.97603,1880,13252
1983-12-29,30.059001,30.106412,29.999736,30.035295,3659,14121
1983-12-30,29.999736,30.011589,29.964177,29.987883,654,14152
1984-01-03,29.904913,29.916766,29.833795,29.904913,1602,13906
1984-01-04,29.833795,30.070853,29.821942,30.047148,3155,15526
1984-01-05,30.082706,30.153824,29.999736,30.047148,3589,14889
1984-01-06,30.011589,30.141971,30.011589,30.130118,2546,15223
1984-01-09,30.035295,30.141971,30.023442,30.094559,2210,15825
1984-01-10,30.165677,30.224941,30.153824,30.189383,3183,16175
1984-01-11,30.141971,30.165677,30.130118,30.130118,1194,16395
1984-01-12,30.118265,30.153824,30.094559,30.094559,1542,17015
1984-01-13,30.236794,30.509411,30.236794,30.462,4943,15990
1984-01-16,30.390882,30.521264,30.390882,30.497559,2665,16464
1984-01-17,30.521264,30.521264,30.426441,30.426441,2741,16470
1984-01-18,30.450147,30.450147,30.343471,30.367176,3128,16948
1984-01-19,30.343471,30.426441,30.343471,30.402735,1181,16829
1984-01-20,30.390882,30.402735,30.319765,30.355323,3015,16723
1984-01-23,30.331618,30.450147,30.331618,30.390882,2533,16434
1984-01-24,30.402735,30.438294,30.367176,30.379029,1806,16322
1984-01-25,30.402735,30.402735,30.331618,30.379029,2295,16148
1984-01-26,30.379029,30.414588,30.355323,30.414588,2151,16160
1984-01-27,30.450147,30.462,30.402735,30.402735,2854,16666
1984-01-30,30.438294,30.473853,30.343471,30.367176,7177,18559
1984-01-31,30.343471,30.390882,30.331618,30.367176,4172,19621
1984-02-01,30.367176,30.414588,30.343471,30.402735,2675,19845
1984-02-02,30.462,30.568676,30.462,30.54497,13327,24316
1984-02-03,30.533117,30.54497,30.497559,30.521264,3263,24609
1984-02-06,30.426441,30.450147,30.367176,30.414588,5007,24734
1984-02-07,30.402735,30.414588,30.331618,30.390882,4274,24447
1984-02-08,30.367176,30.402735,30.296059,30.379029,3658,24336
1984-02-09,30.284206,30.343471,30.284206,30.331618,5958,24634
1984-02-10,30.284206,30.284206,30.189383,30.201236,3534,25157
1984-02-13,30.201236,30.201236,30.047148,30.047148,1951,25523
1984-02-14,29.999736,30.17753,29.999736,30.153824,5970,25410
1984-02-15,30.141971,30.236794,30.130118,30.189383,4970,25918
1984-02-16,30.165677,30.224941,30.141971,30.189383,3286,26339
1984-02-17,30.094559,30.141971,30.023442,30.023442,6191,24975
1984-02-21,30.011589,30.094559,30.011589,30.082706,3779,25138
1984-02-22,30.118645,30.130625,30.034782,30.034782,4473,24671
1984-02-23,29.914978,29.95092,29.795175,29.807155,8573,23562
1984-02-24,29.879037,29.938939,29.879037,29.938939,3962,23698
1984-02-27,29.97488,29.97488,29.795175,29.831116,6008,24166
1984-02-28,29.795175,29.843096,29.723293,29.783194,12079,24119
1984-02-29,29.831116,29.938939,29.819136,29.902998,7571,23254
1984-03-01,29.795175,29.867057,29.747253,29.855077,7850,22271
1984-03-02,29.986861,30.010821,29.926959,29.9629,8960,21292
1984-03-05,29.97488,29.97488,29.795175,29.795175,7375,21941
1984-03-06,29.735273,29.831116,29.711312,29.747253,6042,22513
1984-03-07,29.771214,29.783194,29.495666,29.555567,9233,22710
1984-03-08,29.519626,29.567548,29.435764,29.519626,5087,22910
1984-03-09,29.411803,29.507646,29.339921,29.471705,6776,22732
1984-03-12,29.411803,29.615469,29.411803,29.519626,4765,23376
1984-03-13,29.579528,29.63943,29.471705,29.495666,6267,23815
1984-03-14,29.399823,29.471705,29.31596,29.411803,5444,23817
1984-03-15,29.399823,29.471705,29.375862,29.423783,5404,24191
1984-03-16,29.63943,29.63943,29.351901,29.351901,5688,24111
1984-03-19,29.280019,29.31596,29.136255,29.184176,6549,25131
1984-03-20,29.076353,29.280019,29.076353,29.208137,5927,24968
1984-03-21,29.184176,29.31596,29.172196,29.220117,8317,23277
1984-03-22,29.148235,29.184176,29.040412,29.172196,4235,19543
1984-03-23,29.232097,29.268039,29.112294,29.136255,3711,19687
1984-03-26,29.220117,29.256058,29.184176,29.196156,3176,20156
1984-03-27,29.30398,29.31596,29.172196,29.172196,4034,20528
1984-03-28,29.220117,29.31596,29.124274,29.30398,4064,21175
1984-03-29,29.291999,29.387842,29.280019,29.375862,4285,21684
1984-03-30,29.244078,29.256058,29.148235,29.160215,3655,21771
1984-04-02,29.220117,29.30398,29.124274,29.148235,3833,22171
1984-04-03,29.052392,29.136255,28.968529,29.028431,4088,22490
1984-04-04,29.052392,29.100313,28.956549,28.99249,6475,22373
1984-04-05,29.076353,29.160215,28.99249,29.064372,7219,23173
1984-04-06,29.208137,29.291999,29.148235,29.280019,3985,22993
1984-04-09,29.291999,29.375862,29.220117,29.32794,7114,23551
1984-04-10,29.363882,29.375862,29.244078,29.256058,4968,24661
1984-04-11,29.268039,29.31596,29.220117,29.291999,4388,25515
1984-04-12,29.387842,29.423783,29.351901,29.411803,7260,27903
1984-04-13,29.471705,29.471705,29.160215,29.160215,7121,28522
1984-04-16,29.136255,29.136255,28.99249,29.088333,10605,27447
1984-04-17,29.136255,29.184176,29.100313,29.160215,3996,26835
1984-04-18,29.112294,29.112294,28.920608,28.920608,6781,27295
1984-04-19,28.800804,28.872686,28.776844,28.812785,3489,27625
1984-04-23,28.860706,28.932588,28.812785,28.812785,3101,28404
1984-04-24,28.860706,28.884667,28.752883,28.884667,4808,28990
1984-04-25,28.860706,28.956549,28.860706,28.944569,5225,28157
1984-04-26,28.98051,29.064372,28.956549,29.004471,3649,28060
1984-04-27,28.908628,28.944569,28.788824,28.836745,3600,28080
1984-04-30,28.788824,28.788824,28.716942,28.788824,3553,28060
1984-05-01,28.800804,28.860706,28.776844,28.776844,3315,27374
1984-05-02,28.704961,28.776844,28.692981,28.764863,6427,28793
1984-05-03,28.764863,28.824765,28.716942,28.740902,5938,28773
1984-05-04,28.681001,28.681001,28.465354,28.489315,5098,28143
1984-05-07,28.453374,28.489315,28.357531,28.381491,5146,27765
1984-05-08,28.32159,28.525256,28.32159,28.489315,7411,27541
1984-05-09,28.405452,28.465354,28.285648,28.285648,6679,27637
1984-05-10,28.237727,28.381491,28.189805,28.237727,11731,28029
1984-05-11,28.046041,28.129904,27.470983,27.782473,9033,28958
1984-05-14,27.962179,27.99812,27.590787,27.722571,8730,30100
1984-05-15,27.662669,27.938218,27.614748,27.890296,9243,28509
1984-05-16,27.962179,28.129904,27.818414,28.058021,13468,27260
1984-05-17,27.962179,27.99812,27.782473,27.818414,10068,27108
1984-05-18,27.830394,28.02208,27.758512,27.938218,8496,28014
1984-05-21,28.129904,28.165845,27.950198,27.99812,9342,27926
1984-05-22,27.889225,27.925523,27.828727,27.877125,7854,28432
1984-05-23,27.949722,27.973921,27.852926,27.877125,6880,27981
1984-05-24,27.719832,27.756131,27.477844,27.55044,11899,29259
1984-05-25,27.647236,27.671435,27.429446,27.489943,15478,29502
1984-05-29,27.586739,27.586739,27.320551,27.33265,10948,31122
1984-05-30,27.199556,27.296352,27.018065,27.175357,16059,32798
1984-05-31,27.223755,27.417346,27.211656,27.284252,9853,32505
1984-06-01,27.55044,27.816628,27.381048,27.804529,8668,32464
1984-06-04,27.889225,28.107015,27.877125,28.107015,12642,32553
1984-06-05,28.119114,28.155413,27.961821,28.143313,9505,31991
1984-06-06,28.070716,28.191711,27.901324,27.937622,7479,31770
1984-06-07,27.852926,27.889225,27.695634,27.840827,10479,33881
1984-06-08,27.804529,27.99812,27.756131,27.961821,6267,33095
1984-06-11,27.973921,27.98602,27.792429,27.804529,4140,33376
1984-06-12,27.804529,27.913424,27.744031,27.877125,9130,34277
1984-06-13,28.070716,28.155413,27.949722,28.082816,7781,32912
1984-06-14,28.022319,28.264308,28.022319,28.21591,7787,32808
1984-06-15,28.566794,28.590993,28.361103,28.530495,7755,32922
1984-06-18,28.409501,28.494197,28.300606,28.494197,6208,33076
1984-06-19,28.4216,28.445799,28.288506,28.300606,7548,32527
1984-06-20,27.877125,27.949722,27.731932,27.828727,10398,32498
1984-06-21,27.840827,27.913424,27.707733,27.719832,6006,30712
1984-06-22,27.635136,27.744031,27.586739,27.659335,4775,31082
1984-06-25,27.78033,27.804529,27.707733,27.707733,2273,31122
1984-06-26,27.695634,27.719832,27.586739,27.623037,3716,31212
1984-06-27,27.76823,27.840827,27.683534,27.695634,5095,31955
1984-06-28,27.671435,27.683534,27.586739,27.635136,3806,32010
1984-06-29,27.598838,27.610937,27.514142,27.55044,3630,32255
1984-07-02,27.538341,27.55044,27.477844,27.55044,2935,32753
1984-07-03,27.502042,27.756131,27.502042,27.744031,11956,35138
1984-07-05,27.744031,27.889225,27.671435,27.756131,7015,35495
1984-07-06,27.598838,27.804529,27.55044,27.804529,5441,35646
1984-07-09,27.852926,28.228009,27.852926,28.21591,9215,35856
1984-07-10,28.264308,28.397401,28.119114,28.167512,6183,35562
1984-07-11,28.107015,28.288506,28.058617,28.094915,7465,35821
1984-07-12,28.167512,28.324805,28.155413,28.312705,5375,36307
1984-07-13,28.530495,28.63939,28.409501,28.482098,10025,37142
1984-07-16,28.554694,28.675689,28.445799,28.494197,7713,36172
1984-07-17,28.4216,28.4216,28.312705,28.397401,5491,35104
1984-07-18,28.409501,28.506296,28.385302,28.482098,4152,34994
1984-07-19,28.506296,28.63939,28.506296,28.603092,4049,35267
1984-07-20,28.663589,28.687788,28.385302,28.397401,5344,35083
1984-07-23,28.228009,28.542595,28.191711,28.506296,5247,35737
1984-07-24,28.699888,28.699888,28.482098,28.482098,8817,36976
1984-07-25,28.494197,29.050772,28.445799,28.966075,13342,36307
1984-07-26,28.953976,29.256462,28.893479,29.195965,9981,35356
1984-07-27,29.195965,29.256462,29.07497,29.135468,5856,35328
1984-07-30,29.026573,29.08707,28.905578,28.941877,5472,35991
1984-07-31,29.002374,29.195965,28.990274,29.159667,6097,36457
1984-08-01,29.183866,29.462153,29.111269,29.30486,8517,36483
1984-08-02,29.353258,29.437954,29.341158,29.389556,8717,36986
1984-08-03,29.75254,29.75254,29.571048,29.643644,7524,36466
1984-08-06,29.571048,29.571048,29.377457,29.401656,3544,35841
1984-08-07,29.329059,29.583147,29.316959,29.486352,7846,35918
1984-08-08,29.583147,29.595247,29.462153,29.498451,6994,35416
1984-08-09,29.474252,29.619446,29.377457,29.571048,9725,36147
1984-08-10,29.74044,29.74044,29.462153,29.486352,10302,37457
1984-08-13,29.353258,29.413755,29.256462,29.341158,7141,37818
1984-08-14,29.486352,29.498451,29.30486,29.437954,10999,37559
1984-08-15,29.437954,29.510551,29.292761,29.329059,8016,37403
1984-08-16,29.195965,29.474252,29.183866,29.437954,10510,38175
1984-08-17,29.450053,29.510551,29.316959,29.450053,6678,38194
1984-08-20,29.425854,29.498451,29.341158,29.437954,5488,38453
1984-08-21,29.425854,29.607346,29.413755,29.595247,7440,37792
1984-08-22,29.570897,29.656116,29.497853,29.510027,9670,35288
1984-08-23,29.485678,29.510027,29.388286,29.424808,4911,34704
1984-08-24,29.412634,29.522201,29.412634,29.497853,2560,33984
1984-08-27,29.449156,29.449156,29.217848,29.230022,5819,33287
1984-08-28,29.266545,29.315241,29.1935,29.25437,4555,31801
1984-08-29,29.290893,29.290893,29.169152,29.1935,7273,33233
1984-08-30,29.132629,29.230022,29.132629,29.217848,5666,32765
1984-08-31,29.156978,29.303067,29.144804,29.303067,2858,32790
1984-09-04,29.230022,29.230022,29.083933,29.144804,7977,33173
1984-09-05,29.023063,29.120455,28.962192,29.071759,9608,32795
1984-09-06,29.071759,29.363937,29.071759,29.315241,10207,33100
1984-09-07,29.424808,29.619594,29.412634,29.485678,9380,34046
1984-09-10,29.376112,29.692638,29.351763,29.656116,8476,33492
1984-09-11,29.704812,29.911772,29.692638,29.765683,12855,34507
1984-09-12,29.643942,29.826553,29.643942,29.790031,7172,34797
1984-09-13,29.850902,29.996991,29.850902,29.972643,5915,34508
1984-09-14,30.301343,30.35004,30.057861,30.057861,9234,35188
1984-09-17,30.009165,30.130906,29.911772,30.070035,8859,36063
1984-09-18,30.118732,30.179602,30.009165,30.118732,6832,35577
1984-09-19,30.155254,30.398736,30.118732,30.374388,8139,34214
1984-09-20,30.325692,30.398736,30.191776,30.313517,6892,30335
1984-09-21,30.155254,30.155254,30.021339,30.033513,4961,30424
1984-09-24,29.899598,29.972643,29.850902,29.887424,3482,30560
1984-09-25,29.899598,29.972643,29.790031,29.790031,3484,30650
1984-09-26,29.887424,29.972643,29.838727,29.911772,4308,30570
1984-09-27,29.972643,30.252647,29.972643,30.216125,6181,30537
1984-09-28,30.118732,30.118732,29.863076,29.899598,5499,30288
1984-10-01,29.887424,29.911772,29.777857,29.826553,5301,31100
1984-10-02,29.753509,29.863076,29.741335,29.814379,4453,31370
1984-10-03,29.887424,29.948294,29.777857,29.777857,4580,31224
1984-10-04,29.802205,29.87525,29.729161,29.838727,5062,31433
1984-10-05,29.887424,30.130906,29.850902,30.070035,5672,31592
1984-10-08,30.094384,30.179602,30.094384,30.14308,706,31579
1984-10-09,30.240473,30.276995,30.08221,30.106558,6218,31846
1984-10-10,30.252647,30.264821,30.009165,30.057861,7747,32932
1984-10-11,30.033513,30.179602,30.021339,30.167428,4625,33502
1984-10-12,30.203951,30.313517,30.179602,30.240473,6546,34092
1984-10-15,30.167428,30.325692,30.08221,30.106558,6097,34349
1984-10-16,30.118732,30.228299,30.094384,30.14308,5833,34927
1984-10-17,30.191776,30.289169,30.130906,30.276995,7597,34565
1984-10-18,30.471781,30.605696,30.362214,30.593522,10112,33889
1984-10-19,30.800482,30.910049,30.690915,30.788308,7765,33717
1984-10-22,30.727437,30.922223,30.703089,30.849178,6408,33444
1984-10-23,30.995267,31.190053,30.922223,30.995267,11428,32791
1984-10-24,31.056138,31.117008,30.958745,31.080486,7038,32941
1984-10-25,31.019615,31.09266,30.873526,30.922223,7530,33109
1984-10-26,30.751785,30.776133,30.605696,30.703089,4470,33150
1984-10-29,30.678741,30.800482,30.654392,30.727437,5505,33339
1984-10-30,30.776133,31.141357,30.776133,31.117008,8617,33657
1984-10-31,31.068312,31.238749,31.007441,31.03179,9881,34712
1984-11-01,31.019615,31.348316,31.019615,31.287446,9093,35214
1984-11-02,31.190053,31.287446,31.080486,31.250923,7157,34759
1984-11-05,31.311794,31.470057,31.202227,31.433535,9229,34991
1984-11-06,31.421361,31.50658,31.421361,31.470057,1870,35335
1984-11-07,31.470057,31.470057,31.117008,31.153531,16670,35143
1984-11-08,30.983093,31.043964,30.8857,30.897874,7814,34636
1984-11-09,31.043964,31.190053,31.03179,31.117008,7699,34062
1984-11-12,31.165705,31.165705,31.080486,31.09266,523,34059
1984-11-13,31.03179,31.068312,30.934397,30.946571,4275,34200
1984-11-14,30.946571,31.007441,30.800482,30.910049,7843,34837
1984-11-15,30.788308,31.129182,30.751785,31.056138,6051,35745
1984-11-16,31.129182,31.250923,31.043964,31.117008,7133,35111
1984-11-19,31.214401,31.348316,31.202227,31.250923,8987,35990
1984-11-20,31.433535,31.470057,31.323968,31.384839,8232,35640
1984-11-21,31.409187,31.677017,31.36049,31.628321,7625,36794
1984-11-23,31.824544,32.118875,31.787753,31.996237,10160,38386
1984-11-26,31.996237,32.057556,31.922654,31.947182,4586,37553
1984-11-27,31.947182,31.996237,31.861336,31.947182,8409,36390
1984-11-28,31.947182,31.959446,31.71417,31.738698,6988,35408
1984-11-29,31.824544,31.824544,31.677379,31.689642,13125,34479
1984-11-30,31.567004,31.652851,31.333992,31.346256,12580,33678
1984-12-03,31.284937,31.468894,31.284937,31.35852,8323,34357
1984-12-04,31.444367,31.505685,31.383048,31.444367,11830,35491
1984-12-05,31.517949,31.61606,31.407575,31.419839,9465,35965
1984-12-06,31.370784,31.395311,31.235882,31.272673,8086,36808
1984-12-07,31.235882,31.297201,31.027398,31.064189,10641,38001
1984-12-10,31.027398,31.199091,31.027398,31.186827,6401,37912
1984-12-11,31.309465,31.432103,31.26041,31.333992,11818,35999
1984-12-12,31.419839,31.493422,31.383048,31.419839,5671,35404
1984-12-13,31.35852,31.395311,31.125508,31.125508,7505,36430
1984-12-14,31.125508,31.517949,31.039661,31.35852,16268,38126
1984-12-17,31.370784,31.591532,31.35852,31.517949,6597,37178
1984-12-18,31.763225,31.922654,31.726434,31.885863,14149,39237
1984-12-19,31.800017,31.81228,31.665115,31.738698,6953,38034
1984-12-20,31.689642,31.861336,31.640587,31.726434,5967,33990
1984-12-21,31.787753,31.800017,31.701906,31.763225,2694,33463
1984-12-24,31.81228,31.861336,31.775489,31.824544,946,33461
1984-12-26,31.824544,31.824544,31.542477,31.567004,3157,33729
1984-12-27,31.517949,31.61606,31.481158,31.505685,4455,33845
1984-12-28,31.481158,31.591532,31.45663,31.567004,7963,36012
1984-12-31,31.505685,31.542477,31.309465,31.333992,1761,36000
1985-01-02,31.346256,31.346256,31.088717,31.10098,6665,37271
1985-01-03,31.015134,31.346256,31.015134,31.284937,8633,37111
1985-01-04,31.370784,31.395311,31.125508,31.211354,6356,37088
1985-01-07,31.45663,31.628323,31.419839,31.603796,6376,36971
1985-01-08,31.628323,31.701906,31.505685,31.665115,7835,35610
1985-01-09,31.652851,31.763225,31.61606,31.640587,6546,35677
1985-01-10,31.628323,31.640587,31.517949,31.628323,6493,36769
1985-01-11,31.61606,31.652851,31.383048,31.407575,9759,36673
1985-01-14,31.333992,31.432103,31.272673,31.35852,5718,37811
1985-01-15,31.567004,31.61606,31.468894,31.517949,9734,38138
1985-01-16,31.481158,31.591532,31.468894,31.554741,6048,38480
1985-01-17,31.591532,31.689642,31.567004,31.591532,3954,38171
1985-01-18,31.738698,31.849072,31.726434,31.787753,7332,38428
1985-01-21,31.763225,31.787753,31.726434,31.750961,486,37970
1985-01-22,31.750961,32.06982,31.738698,32.06982,9591,39886
1985-01-23,32.131139,32.216986,32.094348,32.118875,7356,39864
1985-01-24,32.106611,32.511317,32.06982,32.474525,12454,40423
1985-01-25,32.449998,32.572636,32.315096,32.364151,9217,39481
1985-01-28,32.302832,32.449998,32.229249,32.339623,10089,40250
1985-01-29,32.192458,32.351887,32.16793,32.32736,11449,41096
1985-01-30,32.462261,32.535844,32.315096,32.339623,10931,41638
1985-01-31,32.315096,32.376415,32.16793,32.229249,8796,41365
1985-02-01,32.118875,32.131139,31.910391,31.947182,11394,43513
1985-02-04,31.849072,31.959446,31.81228,31.910391,7553,42724
1985-02-05,31.996237,32.045292,31.922654,31.983973,8595,42863
1985-02-06,32.008501,32.033029,31.787753,31.800017,13486,41781
1985-02-07,31.836808,31.922654,31.71417,31.750961,12125,42829
1985-02-08,31.652851,31.922654,31.628323,31.898127,12374,44278
1985-02-11,31.910391,31.996237,31.750961,31.800017,9244,43194
1985-02-12,31.726434,31.824544,31.726434,31.81228,1038,42849
1985-02-13,31.81228,31.885863,31.750961,31.81228,8011,42582
1985-02-14,31.910391,32.057556,31.898127,32.008501,10187,41060
1985-02-15,32.020765,32.045292,31.787753,31.81228,11597,42044
1985-02-19,31.787753,31.885863,31.787753,31.873599,5197,42875
1985-02-20,31.750961,31.750961,31.542477,31.542477,16954,43943
1985-02-21,31.395311,31.407575,31.284937,31.35852,11896,45501
1985-02-22,31.420494,31.494862,31.036259,31.184995,13661,46429
1985-02-25,31.184995,31.222179,31.01147,31.160206,13442,47512
1985-02-26,31.234574,31.321337,31.110627,31.284153,15464,47412
1985-02-27,31.048654,31.172601,30.937102,30.937102,15246,48639
1985-02-28,30.949497,31.073443,30.775971,30.887523,18525,48747
1985-03-01,30.775971,31.036259,30.763577,31.01147,10960,48698
1985-03-04,30.986681,31.123022,30.813155,30.850339,12223,48458
1985-03-05,30.961891,31.036259,30.924707,31.01147,7229,48323
1985-03-06,31.085838,31.147811,30.875129,30.899918,13862,50468
1985-03-07,30.788366,30.850339,30.676814,30.775971,17706,52842
1985-03-08,30.999075,31.246969,30.999075,31.209785,13099,51331
1985-03-11,31.209785,31.271758,31.135417,31.222179,7156,50614
1985-03-12,31.073443,31.135417,31.048654,31.123022,7357,50853
1985-03-13,30.924707,31.023865,30.899918,30.924707,10829,51245
1985-03-14,30.837945,30.949497,30.775971,30.924707,13885,51250
1985-03-15,30.949497,31.073443,30.875129,30.887523,11000,51397
1985-03-18,30.949497,30.961891,30.701603,30.738787,10373,51583
1985-03-19,30.701603,30.850339,30.676814,30.837945,13406,50390
1985-03-20,31.01147,31.061049,30.899918,30.986681,8920,49938
1985-03-21,31.023865,31.209785,30.999075,31.085838,7210,44447
1985-03-22,31.023865,31.085838,30.974286,31.01147,6544,45121
1985-03-25,31.01147,31.135417,30.949497,31.123022,4323,45207
1985-03-26,31.209785,31.333731,31.123022,31.321337,8443,45033
1985-03-27,31.172601,31.234574,31.085838,31.123022,9278,45630
1985-03-28,31.061049,31.358521,31.036259,31.271758,9778,46036
1985-03-29,31.333731,31.556836,31.296547,31.507257,11909,43915
1985-04-01,31.457678,31.581625,31.432889,31.470073,8130,44013
1985-04-02,31.395705,31.457678,31.358521,31.395705,6108,43420
1985-04-03,31.432889,31.457678,31.358521,31.38331,5693,42576
1985-04-04,31.38331,31.38331,31.222179,31.321337,6678,43065
1985-04-08,31.308942,31.507257,31.271758,31.308942,5452,43486
1985-04-09,31.284153,31.556836,31.259363,31.519652,5647,42392
1985-04-10,31.631204,31.792334,31.59402,31.693177,10793,41841
1985-04-11,31.879097,32.114596,31.879097,31.978254,11723,40699
1985-04-12,32.065017,32.065017,31.916281,31.953465,7099,41017
1985-04-15,31.990649,32.102201,31.916281,32.065017,8070,40964
1985-04-16,32.102201,32.325305,32.089806,32.312911,9084,40801
1985-04-17,32.201359,32.350095,32.114596,32.188964,8276,41013
1985-04-18,32.449252,32.622777,32.424463,32.449252,10866,40751
1985-04-19,32.412068,32.573199,32.3377,32.412068,14344,42183
1985-04-22,32.486436,32.560804,32.362489,32.511225,7431,42714
1985-04-23,32.424463,32.498831,32.213753,32.300516,9703,43627
1985-04-24,32.312911,32.362489,32.250937,32.288121,9479,44240
1985-04-25,32.139385,32.164175,32.027833,32.077412,8714,44524
1985-04-26,31.978254,32.213753,31.978254,32.201359,5048,44314
1985-04-29,32.003044,32.077412,31.978254,32.003044,7730,44892
1985-04-30,32.052622,32.226148,32.040228,32.15178,9739,45100
1985-05-01,32.089806,32.325305,32.065017,32.250937,12150,43453
1985-05-02,32.213753,32.3377,32.188964,32.325305,12385,44325
1985-05-03,32.498831,32.635172,32.461647,32.486436,15554,44821
1985-05-06,32.52362,32.548409,32.461647,32.536015,5588,44789
1985-05-07,32.597988,32.734329,32.52362,32.536015,10637,45103
1985-05-08,32.474041,32.474041,32.288121,32.312911,15088,46193
1985-05-09,32.362489,32.548409,32.350095,32.536015,11485,45180
1985-05-10,32.734329,32.870671,32.697145,32.845881,10667,44082
1985-05-13,32.870671,32.883066,32.796303,32.821092,5798,44803
1985-05-14,32.870671,33.205327,32.845881,33.168143,18551,44514
1985-05-15,33.217722,33.354063,33.08138,33.093775,22043,47855
1985-05-16,33.068986,33.354063,33.068986,33.304484,14392,48745
1985-05-17,33.242511,33.2673,33.143354,33.230116,8245,51463
1985-05-20,33.775482,33.949007,33.639141,33.787877,16130,51195
1985-05-21,33.701114,33.763087,33.626746,33.713509,8820,52361
1985-05-22,33.763714,33.801369,33.600544,33.65075,12886,54052
1985-05-23,33.562889,33.700956,33.525234,33.688405,8668,53110
1985-05-24,33.726059,33.801369,33.700956,33.788817,7376,53635
1985-05-28,34.014745,34.165364,34.014745,34.102606,13529,51614
1985-05-29,34.039849,34.102606,33.977091,34.102606,17080,51318
1985-05-30,34.140261,34.278328,34.027297,34.265777,12930,51798
1985-05-31,34.190467,34.466602,34.152813,34.416396,14874,50745
1985-06-03,34.629772,35.16949,34.629772,34.943561,15067,49307
1985-06-04,34.880804,35.043974,34.843149,34.943561,13532,49218
1985-06-05,35.533485,35.608794,35.194593,35.420521,19071,49911
1985-06-06,35.156938,35.382866,35.106732,35.232247,20021,48947
1985-06-07,34.93101,35.018871,34.617221,34.629772,29896,52731
1985-06-10,34.617221,34.730185,34.504257,34.717633,12015,53982
1985-06-11,34.880804,34.968665,34.792943,34.93101,12208,53902
1985-06-12,34.981216,35.106732,34.767839,34.792943,12416,54694
1985-06-13,34.742736,34.905907,34.554463,34.679978,12595,54177
1985-06-14,34.830597,35.307557,34.830597,35.144386,16116,54759
1985-06-17,35.345212,35.407969,35.106732,35.131835,8506,54946
1985-06-18,35.219696,35.382866,35.106732,35.33266,10224,54572
1985-06-19,35.156938,35.207144,34.93101,34.968665,10986,53946
1985-06-20,34.905907,35.043974,34.654875,34.755288,10284,46327
1985-06-21,34.541911,34.567014,34.203019,34.328535,10683,46106
1985-06-24,34.115158,34.215571,34.039849,34.077503,7225,47130
1985-06-25,33.926884,34.090055,33.901781,33.977091,9060,48170
1985-06-26,34.002194,34.102606,33.901781,33.914333,14383,49865
1985-06-27,34.190467,34.328535,34.090055,34.303431,11989,48373
1985-06-28,34.416396,34.592118,34.416396,34.491705,10169,49409
1985-07-01,34.69253,34.755288,34.567014,34.667427,7383,50329
1985-07-02,34.604669,34.717633,34.52936,34.567014,10171,52300
1985-07-03,34.667427,34.742736,34.504257,34.541911,6807,52407
1985-07-05,35.09418,35.269902,34.993768,35.194593,8384,52865
1985-07-08,35.081629,35.156938,34.93101,34.956113,7568,53478
1985-07-09,34.767839,35.119283,34.767839,34.993768,9615,53685
1985-07-10,35.018871,35.081629,34.893355,34.905907,6449,52763
1985-07-11,34.818046,34.830597,34.567014,34.592118,10424,54362
1985-07-12,34.592118,34.705082,34.366189,34.617221,13916,53192
1985-07-15,34.479153,34.717633,34.45405,34.617221,6502,53305
1985-07-16,34.592118,34.780391,34.592118,34.767839,6677,52542
1985-07-17,34.993768,35.018871,34.742736,34.893355,15604,51708
1985-07-18,34.893355,34.905907,34.378741,34.391292,15110,55545
1985-07-19,34.466602,34.504257,34.29088,34.391292,9844,56240
1985-07-22,34.203019,34.265777,34.077503,34.140261,8116,56772
1985-07-23,34.064952,34.190467,34.027297,34.12771,9657,56733
1985-07-24,34.203019,34.265777,34.027297,34.027297,10814,58385
1985-07-25,33.989642,34.0524,33.901781,33.989642,12551,60145
1985-07-26,33.801369,33.989642,33.788817,33.88923,7626,61306
1985-07-29,33.713508,33.776266,33.600544,33.726059,11844,62177
1985-07-30,33.700956,33.876678,33.625647,33.763714,12237,62532
1985-07-31,33.81392,34.002194,33.751163,33.977091,12139,62120
1985-08-01,34.140261,34.203019,34.064952,34.177916,11266,60852
1985-08-02,34.064952,34.077503,33.801369,33.81392,10057,62360
1985-08-05,33.776266,33.926884,33.763714,33.926884,9646,63458
1985-08-06,34.014745,34.0524,33.864127,33.876678,11676,63160
1985-08-07,34.064952,34.140261,33.801369,34.102606,16815,65844
1985-08-08,34.165364,34.428947,34.115158,34.366189,20041,63120
1985-08-09,34.190467,34.567014,34.190467,34.441499,14095,62730
1985-08-12,34.592118,34.592118,34.353638,34.466602,6567,62601
1985-08-13,34.366189,34.366189,34.215571,34.253225,12861,62286
1985-08-14,34.215571,34.45405,34.177916,34.45405,16293,62901
1985-08-15,34.516808,34.642324,34.416396,34.479153,22336,67935
1985-08-16,34.366189,34.717633,34.29088,34.705082,11210,65622
1985-08-19,34.642324,34.8557,34.642324,34.805494,11996,63924
1985-08-20,34.755288,34.905907,34.629772,34.8557,8892,62759
1985-08-21,34.918458,35.031422,34.8557,35.006319,13893,63044
1985-08-22,35.1079,35.234873,35.01902,35.044414,9462,62856
1985-08-23,35.031717,35.095203,34.968231,34.980928,6724,62432
1985-08-26,34.968231,34.968231,34.828561,34.917442,9118,62536
1985-08-27,34.955533,35.133295,34.930139,35.120598,18238,59669
1985-08-28,35.145992,35.184084,35.01902,35.031717,15006,52796
1985-08-29,35.158689,35.158689,35.044414,35.120598,16643,56046
1985-08-30,35.044414,35.069809,34.73968,34.790469,10104,57686
1985-09-03,34.752377,34.904744,34.688891,34.87935,6741,57055
1985-09-04,35.031717,35.133295,34.980928,35.044414,12533,58408
1985-09-05,34.980928,34.993625,34.790469,34.828561,16271,60314
1985-09-06,34.536524,34.549221,34.23179,34.320671,21264,61355
1985-09-09,34.447643,34.473038,34.282579,34.320671,11441,59731
1985-09-10,34.396854,34.473038,34.269882,34.37146,10472,59463
1985-09-11,34.346065,34.409552,34.193698,34.333368,11012,59759
1985-09-12,34.307974,34.396854,34.269882,34.295276,8218,59567
1985-09-13,34.409552,34.688891,34.320671,34.536524,12577,60636
1985-09-16,34.60001,34.676194,34.561919,34.625405,3843,59866
1985-09-17,34.714286,34.73968,34.473038,34.485735,11762,59404
1985-09-18,34.536524,34.561919,34.384157,34.447643,8932,59972
1985-09-19,34.358763,34.523827,34.358763,34.485735,13265,60421
1985-09-20,34.650799,34.714286,34.587313,34.638102,8349,56122
1985-09-23,34.87935,34.87935,34.549221,34.561919,12622,56837
1985-09-24,34.536524,34.765075,34.51113,34.714286,13212,56779
1985-09-25,34.701588,34.917442,34.638102,34.828561,7637,56550
1985-09-26,34.993625,35.01902,34.815864,34.955533,11659,56384
1985-09-27,34.688891,34.892047,34.663497,34.777772,2638,56871
1985-09-30,34.663497,34.841258,34.650799,34.815864,8298,57184
1985-10-01,34.790469,34.904744,34.73968,34.87935,7461,57531
1985-10-02,34.942836,35.057111,34.726983,34.73968,13551,58236
1985-10-03,34.892047,34.892047,34.765075,34.803166,10275,58787
1985-10-04,34.930139,34.980928,34.676194,34.701588,10422,60463
1985-10-07,34.650799,34.676194,34.473038,34.549221,9505,61919
1985-10-08,34.549221,34.650799,34.485735,34.612708,11713,63941
1985-10-09,34.676194,34.714286,34.549221,34.561919,8706,66246
1985-10-10,34.574616,34.676194,34.536524,34.650799,12761,69452
1985-10-11,34.752377,34.777772,34.663497,34.688891,4977,70341
1985-10-14,34.676194,34.828561,34.676194,34.815864,526,70112
1985-10-15,34.841258,34.866653,34.765075,34.866653,4712,69285
1985-10-16,34.866653,35.01902,34.841258,35.006322,9755,69844
1985-10-17,34.993625,35.1079,34.942836,35.1079,10669,67521
1985-10-18,35.133295,35.272965,35.1079,35.171387,8318,68662
1985-10-21,35.171387,35.209478,35.133295,35.158689,3587,68045
1985-10-22,35.145992,35.438029,35.133295,35.311056,11627,67408
1985-10-23,35.399937,35.399937,35.171387,35.298359,14314,68485
1985-10-24,35.209478,35.336451,35.184084,35.272965,7755,68577
1985-10-25,35.184084,35.184084,35.1079,35.158689,9494,69809
1985-10-28,35.1079,35.145992,34.993625,35.006322,11543,69758
1985-10-29,35.095203,35.488818,35.082506,35.476121,16725,70485
1985-10-30,35.704671,35.89513,35.653882,35.653882,23484,70870
1985-10-31,35.603093,35.730066,35.565001,35.691974,12464,70549
1985-11-01,35.539607,35.844341,35.476121,35.691974,13451,69659
1985-11-04,35.679277,35.768158,35.61579,35.730066,6364,69102
1985-11-05,35.272965,35.933222,35.272965,35.869736,13945,69942
1985-11-06,35.920525,36.047497,35.869736,35.882433,20812,72471
1985-11-07,36.022103,36.0348,35.818947,35.945919,10857,72629
1985-11-08,35.996708,36.161772,35.945919,36.123681,10568,74331
1985-11-11,36.0348,36.136378,36.0348,36.072892,434,74247
1985-11-12,36.110983,36.377626,36.098286,36.364928,15183,72157
1985-11-13,36.301442,36.364928,36.199864,36.237956,16994,71718
1985-11-14,36.161772,36.225259,36.072892,36.161772,10381,70268
1985-11-15,35.933222,36.098286,35.882433,36.009405,13902,70554
1985-11-18,36.136378,36.491901,36.123681,36.479204,17031,73102
1985-11-19,36.517295,36.695057,36.40302,36.479204,15867,73774
1985-11-20,36.390323,36.504598,36.339534,36.466506,12976,74090
1985-11-21,36.77124,36.77124,36.504598,36.54269,32271,67373
1985-11-22,36.529859,36.555521,36.401549,36.401549,24742,68481
1985-11-25,36.363056,36.41438,36.273239,36.401549,15552,66565
1985-11-26,36.41438,36.517028,36.401549,36.41438,16816,65427
1985-11-27,36.375887,36.606845,36.350225,36.555521,23893,65581
1985-11-29,36.709493,36.747986,36.594014,36.658169,5479,64533
1985-12-02,36.619676,36.747986,36.350225,36.375887,25996,64120
1985-12-03,36.337394,36.440042,36.260408,36.427211,23800,65206
1985-12-04,36.452873,36.619676,36.401549,36.606845,19478,65056
1985-12-05,36.555521,36.671,36.54269,36.619676,10971,64512
1985-12-06,36.568352,36.722324,36.491366,36.581183,11842,64369
1985-12-09,36.786479,37.081592,36.747986,37.05593,23866,67783
1985-12-10,37.261226,37.351043,37.158578,37.286888,25170,69593
1985-12-11,37.363874,37.761635,37.363874,37.658987,21685,70388
1985-12-12,37.594832,37.748804,37.415198,37.492184,22046,71176
1985-12-13,37.69748,37.69748,37.530677,37.56917,17945,70092
1985-12-16,37.582001,37.787297,37.530677,37.723142,16800,71074
1985-12-17,37.979762,38.069579,37.864283,38.018255,14571,70976
1985-12-18,37.9541,37.992593,37.748804,37.864283,11030,71315
1985-12-19,37.774466,37.992593,37.658987,37.877114,10455,71185
1985-12-20,37.761635,38.185058,37.723142,38.056748,10089,65384
1985-12-23,37.941269,38.056748,37.902776,37.966931,3522,65461
1985-12-24,38.031086,38.043917,37.941269,37.979762,4902,68166
1985-12-26,37.9541,38.223551,37.9541,38.056748,2655,67844
1985-12-27,38.223551,38.287706,38.120903,38.197889,3391,68608
1985-12-30,38.274875,38.326199,38.095241,38.108072,9611,69636
1985-12-31,38.172227,38.185058,38.108072,38.146565,2705,70495
1986-01-02,38.08241,38.197889,37.992593,38.056748,7716,71005
1986-01-03,37.941269,38.108072,37.915607,38.056748,9099,71031
1986-01-06,38.005424,38.120903,38.005424,38.018255,7233,71016
1986-01-07,38.197889,38.377523,38.120903,38.364692,12764,72976
1986-01-08,38.364692,38.441678,37.812959,37.877114,22372,73035
1986-01-09,37.633325,37.723142,37.363874,37.607663,22030,73800
1986-01-10,37.492184,37.69748,37.415198,37.44086,15084,74074
1986-01-13,37.107254,37.261226,36.953282,36.978944,17419,76140
1986-01-14,37.261226,37.286888,37.107254,37.235564,11093,75725
1986-01-15,37.338212,37.594832,37.248395,37.492184,14728,75839
1986-01-16,37.633325,37.658987,37.338212,37.543508,10301,76107
1986-01-17,37.633325,37.82579,37.607663,37.671818,8234,77185
1986-01-20,37.209902,37.646156,37.197071,37.646156,2001,77292
1986-01-21,37.774466,37.82579,37.607663,37.710311,11429,78954
1986-01-22,37.877114,37.889945,37.556339,37.582001,14831,79610
1986-01-23,37.633325,37.710311,37.530677,37.710311,10705,80244
1986-01-24,37.607663,37.748804,37.582001,37.723142,8557,79966
1986-01-27,37.889945,38.031086,37.82579,38.031086,8860,79957
1986-01-28,38.21072,38.274875,38.069579,38.262044,16402,82732
1986-01-29,38.274875,38.33903,38.095241,38.120903,14854,80646
1986-01-30,38.197889,38.21072,38.056748,38.108072,11994,80151
1986-01-31,38.095241,38.313368,38.08241,38.185058,12023,79073
1986-02-03,38.236382,38.377523,38.223551,38.364692,14345,79726
1986-02-04,38.569988,38.634143,38.480171,38.544326,17377,78733
1986-02-05,38.518664,38.59565,38.313368,38.326199,18699,79353
1986-02-06,38.351861,38.351861,38.095241,38.185058,15735,78157
1986-02-07,37.787297,38.018255,37.620494,37.966931,20333,81345
1986-02-10,37.992593,38.249213,37.992593,38.236382,11205,79868
1986-02-11,38.33903,38.493002,38.33903,38.480171,17740,78426
1986-02-12,38.416016,38.621312,38.377523,38.518664,17355,79226
1986-02-13,38.634143,38.711129,38.557157,38.698298,15413,79072
1986-02-14,39.019073,39.160214,38.839439,39.134552,16512,78110
1986-02-18,39.301355,39.314186,39.031904,39.211538,20200,78156
1986-02-19,38.967749,39.314186,38.954918,39.006242,17948,78039
1986-02-20,39.019073,39.134552,38.942087,39.134552,17906,75488
1986-02-21,39.416834,39.673454,39.352679,39.62213,23486,80223
1986-02-24,39.712563,40.151804,39.544618,39.945103,29737,77746
1986-02-25,39.777158,39.919265,39.777158,39.841752,34156,76898
1986-02-26,39.777158,40.035535,39.764239,40.009697,26700,75900
1986-02-27,40.410182,40.836504,40.20348,40.642721,37896,81077
1986-02-28,41.211151,41.379096,40.513532,40.707315,28609,76506
1986-03-03,40.720234,41.146556,40.565208,41.056124,25042,75747
1986-03-04,41.340339,41.508284,41.146556,41.172394,26159,73993
1986-03-05,40.888179,41.1078,40.384344,40.513532,32561,75522
1986-03-06,41.081962,41.249907,40.591046,40.707315,25751,73764
1986-03-07,40.707315,40.99153,40.164723,40.926936,23837,74781
1986-03-10,41.1078,41.585797,41.056124,41.521203,20303,73739
1986-03-11,41.663311,41.818337,41.508284,41.572879,19493,72470
1986-03-12,41.753743,41.792499,41.44369,41.611635,16769,73907
1986-03-13,41.366177,41.469528,41.094881,41.44369,18475,74269
1986-03-14,41.702067,41.77958,41.482447,41.572879,21129,75591
1986-03-17,41.702067,41.727905,41.366177,41.44369,15838,76098
1986-03-18,41.211151,41.598716,41.030287,41.198232,25298,77165
1986-03-19,41.081962,41.392015,41.069043,41.32742,19189,74186
1986-03-20,41.366177,41.521203,41.353258,41.430771,9337,63398
1986-03-21,41.508284,41.598716,41.224069,41.236988,17594,68240
1986-03-24,41.456609,41.637473,41.392015,41.611635,11735,68332
1986-03-25,41.624554,41.727905,41.508284,41.624554,8196,68753
1986-03-26,41.689148,41.857093,41.689148,41.844175,13515,69969
1986-03-27,42.218821,42.23174,42.063795,42.180065,17885,70486
1986-03-31,42.205903,42.503036,42.128389,42.477199,15008,66297
1986-04-01,42.709738,43.071466,42.425523,42.451361,36046,62696
1986-04-02,42.167146,42.554712,41.947525,42.515955,15068,65098
1986-04-03,42.606387,42.670981,42.257578,42.270497,9496,64619
1986-04-04,42.296335,42.477199,42.050876,42.076714,13632,64672
1986-04-07,41.960444,42.335091,41.870012,42.076714,13390,66056
1986-04-08,42.425523,42.6839,42.309253,42.645144,19325,68126
1986-04-09,42.929358,43.032709,42.658062,42.813089,19398,64514
1986-04-10,42.722657,42.981034,42.632225,42.774332,14168,64137
1986-04-11,42.955196,42.955196,42.554712,42.580549,13084,64012
1986-04-14,42.748494,42.942277,42.6839,42.929358,10858,64792
1986-04-15,42.929358,42.968115,42.658062,42.761413,14429,64279
1986-04-16,43.226492,43.510707,43.13606,43.459032,20385,65097
1986-04-17,43.342762,43.47195,43.01979,43.213573,26034,63677
1986-04-18,43.291086,43.291086,42.968115,42.993953,11872,61091
1986-04-21,42.787251,43.13606,42.761413,43.01979,11902,61415
1986-04-22,43.110222,43.174817,42.373848,42.412604,32812,63169
1986-04-23,42.037957,42.360929,41.870012,42.063795,21445,62068
1986-04-24,42.115471,42.141308,41.702067,41.766661,19378,64021
1986-04-25,41.844175,41.908769,41.572879,41.624554,17380,62016
1986-04-28,41.740824,41.999201,41.689148,41.986282,13210,62336
1986-04-29,42.141308,42.360929,42.076714,42.283416,15024,62009
1986-04-30,42.167146,42.386767,42.128389,42.270497,13315,63806
1986-05-01,42.244659,42.335091,41.973363,41.999201,12785,65342
1986-05-02,41.921688,41.921688,41.714986,41.792499,16848,67076
1986-05-05,41.805418,42.23174,41.689148,42.180065,10321,67107
1986-05-06,42.167146,42.270497,42.025039,42.063795,17391,66137
1986-05-07,41.857093,41.934607,41.753743,41.882931,19064,67060
1986-05-08,42.076714,42.076714,41.921688,42.025039,10067,66657
1986-05-09,41.624554,41.934607,41.314501,41.77958,20274,68686
1986-05-12,41.379096,41.508284,41.185313,41.249907,25365,70884
1986-05-13,40.836504,41.611635,40.836504,41.508284,32839,70706
1986-05-14,41.676229,41.753743,41.340339,41.430771,18459,70863
1986-05-15,41.353258,41.534122,40.87526,41.017368,25573,73844
1986-05-16,40.77191,40.952774,40.565208,40.591046,25756,76189
1986-05-19,40.707315,40.926936,40.591046,40.591046,21647,75927
1986-05-20,40.293912,40.939855,40.255155,40.926936,23164,75662
1986-05-21,41.094881,41.211151,40.810666,40.901098,19326,73666
1986-05-22,41.070383,41.148513,40.835993,40.901101,15985,70266
1986-05-23,40.901101,41.135492,40.901101,41.083405,13705,70885
1986-05-27,41.27873,41.369882,41.252687,41.369882,13401,69393
1986-05-28,41.421969,41.487077,41.265709,41.291752,24694,68691
1986-05-29,40.96621,41.135492,40.458364,40.510451,31797,72357
1986-05-30,40.419299,40.692755,40.276061,40.328147,36338,74546
1986-06-02,40.393256,40.510451,39.611955,39.664042,37750,80206
1986-06-03,39.80728,40.289082,39.65102,40.250017,35190,79269
1986-06-04,40.393256,40.588581,39.41663,39.611955,33084,77480
1986-06-05,39.677063,40.158866,39.611955,39.950519,26522,77041
1986-06-06,40.445343,40.783906,40.380234,40.783906,17984,75195
1986-06-09,40.940167,40.992253,40.002605,40.145844,25497,73031
1986-06-10,40.171887,40.380234,40.028649,40.328147,31389,76590
1986-06-11,40.289082,40.679733,40.067714,40.65369,23598,78547
1986-06-12,40.718798,40.940167,40.549516,40.640668,23157,75629
1986-06-13,40.914123,41.474055,40.849015,41.382904,26814,72618
1986-06-16,41.408947,41.786576,41.369882,41.630316,30552,69632
1986-06-17,41.786576,41.851684,41.51312,41.656359,21427,69172
1986-06-18,41.656359,41.812619,41.552186,41.630316,15973,69305
1986-06-19,41.500099,41.51312,41.083405,41.12247,18497,69542
1986-06-20,41.070383,41.695424,41.018297,41.617294,19547,67036
1986-06-23,41.552186,41.864706,41.51312,41.812619,10963,66689
1986-06-24,41.929814,42.007944,41.786576,41.903771,24228,66593
1986-06-25,42.086074,42.294421,41.903771,41.903771,20391,67762
1986-06-26,41.812619,42.086074,41.760532,41.942836,10608,66694
1986-06-27,42.20327,42.268378,41.981901,42.12514,8466,66631
1986-06-30,42.255356,42.2814,42.151183,42.190248,8711,66664
1986-07-01,42.307443,42.333486,42.033988,42.164205,13231,66796
1986-07-02,42.060031,42.177226,41.929814,42.112118,9456,67526
1986-07-03,42.164205,42.502768,42.138161,42.489747,8243,67648
1986-07-07,42.502768,42.528812,42.307443,42.307443,11326,67078
1986-07-08,42.151183,42.151183,41.890749,42.033988,20839,66779
1986-07-09,42.12514,42.35953,42.047009,42.333486,14186,65856
1986-07-10,42.385573,42.476725,42.20327,42.307443,12661,63333
1986-07-11,42.177226,42.463703,42.12514,42.320465,16037,63450
1986-07-14,42.333486,42.489747,42.216291,42.43766,11448,64623
1986-07-15,42.476725,42.763202,42.476725,42.75018,16521,66112
1986-07-16,42.659028,42.867375,42.567877,42.59392,14939,66646
1986-07-17,42.619963,42.724137,42.411617,42.606942,16515,68144
1986-07-18,42.541833,42.815289,42.541833,42.67205,11927,67472
1986-07-21,42.763202,42.841332,42.685072,42.82831,8634,64214
1986-07-22,42.541833,42.737159,42.541833,42.659028,16510,67338
1986-07-23,42.372551,42.476725,42.242335,42.43766,20682,68373
1986-07-24,42.463703,42.476725,42.177226,42.20327,17003,67321
1986-07-25,42.346508,42.385573,42.20327,42.268378,8237,67807
1986-07-28,41.994923,42.177226,41.669381,41.708446,16184,70322
1986-07-29,41.851684,42.190248,41.838663,42.12514,18818,70061
1986-07-30,42.086074,42.242335,42.047009,42.20327,11465,70483
1986-07-31,42.2814,42.476725,42.20327,42.424638,14884,67681
1986-08-01,42.450682,42.554855,42.346508,42.51579,11444,67437
1986-08-04,42.385573,42.580898,42.372551,42.528812,7816,68117
1986-08-05,42.255356,42.476725,42.229313,42.398595,13956,68382
1986-08-06,42.411617,42.489747,42.164205,42.177226,17579,67554
1986-08-07,41.994923,42.411617,41.968879,42.346508,16244,67676
1986-08-08,42.398595,42.75018,42.398595,42.737159,16012,67471
1986-08-11,42.789245,42.919462,42.763202,42.90644,14085,67454
1986-08-12,42.997592,43.075722,42.893419,43.010614,28246,66613
1986-08-13,43.010614,43.284069,42.919462,43.231982,17400,63683
1986-08-14,43.101766,43.323134,43.101766,43.153852,26231,61577
1986-08-15,43.218961,43.284069,43.153852,43.166874,13117,60612
1986-08-18,43.075722,43.245004,43.036657,43.231982,7884,60249
1986-08-19,43.427308,43.492416,43.388243,43.440329,17866,59101
1986-08-20,43.466373,43.661698,43.375221,43.570546,20901,61943
1986-08-21,43.440329,43.765871,43.440329,43.570546,20784,59749
1986-08-22,43.294952,43.413065,43.163716,43.229334,26579,59727
1986-08-25,43.281829,43.360571,43.203087,43.360571,11778,56997
1986-08-26,43.373694,43.688662,43.373694,43.675539,20193,56898
1986-08-27,43.518055,43.60992,43.386818,43.386818,22570,54866
1986-08-28,43.413065,43.675539,43.413065,43.518055,19368,53697
1986-08-29,43.833022,43.872393,43.688662,43.767404,13077,54769
1986-09-02,43.623044,43.780528,43.386818,43.426189,19055,54758
1986-09-03,43.163716,43.21621,42.743759,42.966861,27334,54076
1986-09-04,43.006232,43.229334,42.914366,43.045603,19373,52856
1986-09-05,42.756882,42.874995,42.599398,42.691264,23096,54427
1986-09-08,42.415667,42.691264,42.415667,42.428791,18161,55805
1986-09-09,42.625646,42.717511,42.520657,42.586275,19552,54863
1986-09-10,42.599398,42.704388,42.546904,42.638769,22129,57560
1986-09-11,42.336925,42.441915,41.99571,42.205689,34651,61866
1986-09-12,42.494409,42.573151,41.680742,41.969463,40296,65597
1986-09-15,42.192565,42.271307,42.100699,42.218812,14510,66893
1986-09-16,42.087576,42.310678,42.035081,42.218812,14582,67670
1986-09-17,42.284431,42.546904,42.284431,42.546904,35081,64287
1986-09-18,42.67814,42.730635,42.087576,42.113823,24593,66314
1986-09-19,42.021957,42.074452,41.759484,41.982586,33727,69037
1986-09-22,42.048205,42.192565,42.008834,42.14007,11986,57717
1986-09-23,42.323802,42.415667,42.074452,42.205689,22259,55629
1986-09-24,42.179441,42.691264,42.179441,42.560027,22428,53497
1986-09-25,42.651893,42.704388,42.38942,42.494409,13788,54541
1986-09-26,42.310678,42.638769,42.218812,42.638769,11932,52759
1986-09-29,42.271307,42.441915,42.258183,42.350049,17261,56208
1986-09-30,42.455038,42.651893,42.402544,42.638769,13730,55102
1986-10-01,42.717511,42.809377,42.586275,42.717511,23205,52246
1986-10-02,42.651893,42.691264,42.599398,42.638769,9448,53221
1986-10-03,42.953737,43.111221,42.914366,43.058727,17459,54995
1986-10-06,43.111221,43.203087,43.098098,43.137469,12858,56510
1986-10-07,43.163716,43.189963,43.019356,43.176839,11799,55519
1986-10-08,43.058727,43.229334,42.966861,42.979985,18690,54233
1986-10-09,42.874995,43.098098,42.874995,43.098098,13562,54566
1986-10-10,43.032479,43.045603,42.901243,42.966861,8620,55007
1986-10-13,42.809377,42.874995,42.704388,42.835624,4332,54013
1986-10-14,42.809377,42.953737,42.481286,42.494409,14180,55763
1986-10-15,42.481286,42.625646,42.38942,42.612522,15106,56128
1986-10-16,42.625646,42.665017,42.507533,42.520657,11218,57421
1986-10-17,42.468162,42.53378,42.402544,42.494409,12158,59831
1986-10-20,42.231936,42.336925,42.231936,42.24506,13229,60952
1986-10-21,42.336925,42.586275,42.336925,42.53378,12810,60670
1986-10-22,42.363173,42.756882,42.323802,42.730635,16173,58779
1986-10-23,42.78313,42.993108,42.78313,42.92749,13486,58355
1986-10-24,42.822501,42.901243,42.809377,42.835624,7756,57452
1986-10-27,42.770006,43.006232,42.756882,42.979985,9534,56836
1986-10-28,43.006232,43.058727,42.914366,42.92749,16306,57643
1986-10-29,42.835624,43.150592,42.809377,43.137469,21297,59639
1986-10-30,43.439313,43.531178,43.163716,43.334323,23998,58600
1986-10-31,43.334323,43.413065,43.189963,43.294952,12641,61597
1986-11-03,43.347447,43.518055,43.347447,43.399942,18844,60355
1986-11-04,43.294952,43.439313,43.268705,43.360571,13985,62772
1986-11-05,43.360571,43.426189,43.308076,43.360571,17744,63610
1986-11-06,43.255581,43.294952,43.098098,43.124345,19212,65229
1986-11-07,42.914366,43.032479,42.848748,42.953737,16700,65791
1986-11-10,42.822501,43.019356,42.78313,42.993108,14101,66792
1986-11-11,43.032479,43.058727,42.979985,43.019356,2134,66561
1986-11-12,43.032479,43.124345,42.953737,43.111221,15781,67750
1986-11-13,43.137469,43.242458,43.084974,43.137469,13471,65923
1986-11-14,43.098098,43.3212,43.098098,43.268705,17643,66133
1986-11-17,43.281829,43.518055,43.203087,43.491807,17351,65048
1986-11-18,43.386818,43.491807,43.268705,43.334323,24623,64544
1986-11-19,43.399942,43.60992,43.399942,43.596797,19244,64209
1986-11-20,43.557426,43.71491,43.504931,43.570549,22383,64011
1986-11-21,43.636168,43.728033,43.570549,43.662415,15413,64160
1986-11-24,43.728551,43.82114,43.68887,43.768232,22240,63487
1986-11-25,43.794686,43.860821,43.530146,43.5566,32010,63270
1986-11-26,43.596281,43.649189,43.477237,43.635962,18806,62289
1986-11-28,43.583054,43.675643,43.583054,43.662416,6367,61613
1986-12-01,43.530146,43.622735,43.450783,43.596281,26497,62123
1986-12-02,43.622735,43.993092,43.596281,43.979864,32282,62529
1986-12-03,44.151816,44.151816,43.940183,43.966637,21216,60894
1986-12-04,43.95341,44.244405,43.95341,44.165043,19879,62299
1986-12-05,44.125362,44.125362,43.755005,43.768232,21386,59904
1986-12-08,43.874048,44.019546,43.728551,43.993092,23842,61766
1986-12-09,44.019546,44.059227,43.913729,43.979864,14136,61495
1986-12-10,43.966637,44.112135,43.913729,44.072454,15158,58921
1986-12-11,44.046,44.059227,43.82114,43.887275,38550,57839
1986-12-12,43.82114,43.979864,43.755005,43.900502,17503,59207
1986-12-15,43.728551,43.900502,43.68887,43.847594,10422,59369
1986-12-16,43.979864,44.059227,43.900502,43.979864,13873,59560
1986-12-17,43.993092,44.059227,43.966637,44.006319,7376,58442
1986-12-18,44.138589,44.17827,44.006319,44.059227,12847,57438
1986-12-19,44.046,44.138589,44.032773,44.098908,11973,57454
1986-12-22,44.006319,44.138589,43.966637,44.112135,4776,53002
1986-12-23,44.165043,44.231178,44.112135,44.191497,6067,53247
1986-12-24,44.217951,44.217951,44.151816,44.165043,1705,53475
1986-12-26,44.17827,44.17827,44.085681,44.151816,970,53643
1986-12-29,44.072454,44.072454,43.887275,43.900502,6893,53824
1986-12-30,43.82114,43.847594,43.755005,43.768232,10631,53868
1986-12-31,43.82114,43.847594,43.702097,43.728551,7178,53693
1987-01-02,43.768232,44.072454,43.755005,44.059227,7815,54286
1987-01-05,44.191497,44.270859,44.072454,44.257632,15195,56535
1987-01-06,44.284086,44.297313,44.151816,44.217951,11311,56994
1987-01-07,44.151816,44.297313,44.098908,44.284086,12470,59067
1987-01-08,44.376675,44.403129,44.257632,44.270859,17857,58142
1987-01-09,44.284086,44.376675,44.112135,44.350221,17403,59380
1987-01-12,44.257632,44.350221,44.204724,44.231178,12280,60186
1987-01-13,44.138589,44.191497,44.072454,44.151816,11140,59940
1987-01-14,44.112135,44.204724,44.019546,44.046,17700,60190
1987-01-15,44.151816,44.191497,44.072454,44.151816,18456,58664
1987-01-16,44.244405,44.363448,44.231178,44.350221,13672,57558
1987-01-19,44.284086,44.495719,44.217951,44.44281,6114,59095
1987-01-20,44.456037,44.495719,44.389902,44.416356,15625,60285
1987-01-21,44.403129,44.495719,44.389902,44.429583,10927,60717
1987-01-22,44.376675,44.456037,44.323767,44.389902,13579,61076
1987-01-23,44.297313,44.44281,44.191497,44.231178,18529,60732
1987-01-26,44.17827,44.204724,44.006319,44.059227,23216,60089
1987-01-27,44.098908,44.165043,44.019546,44.098908,14615,60272
1987-01-28,44.006319,44.244405,44.006319,44.231178,17008,60861
1987-01-29,44.270859,44.270859,44.204724,44.217951,14347,61075
1987-01-30,44.297313,44.297313,44.072454,44.098908,15591,57550
1987-02-02,43.993092,44.046,43.913729,44.019546,18100,58059
1987-02-03,43.979864,44.032773,43.940183,43.966637,10852,57860
1987-02-04,43.993092,44.059227,43.95341,44.019546,15045,57615
1987-02-05,44.006319,44.231178,44.006319,44.217951,16558,57483
1987-02-06,44.217951,44.284086,44.125362,44.217951,12279,56978
1987-02-09,44.151816,44.17827,43.926956,43.940183,22147,58596
1987-02-10,43.834367,43.887275,43.635962,43.781459,29518,58928
1987-02-11,43.781459,43.860821,43.5566,43.649189,28780,58433
1987-02-12,43.715324,43.847594,43.715324,43.834367,17915,59072
1987-02-13,43.900502,44.019546,43.874048,43.874048,13194,58726
1987-02-17,43.702097,43.847594,43.649189,43.847594,12800,58372
1987-02-18,43.834367,43.993092,43.834367,43.979864,15487,58739
1987-02-19,44.125362,44.204724,44.059227,44.125362,20389,58822
1987-02-20,44.098908,44.191497,44.072454,44.151816,10512,53955
1987-02-23,44.058499,44.245131,44.018506,44.245131,21670,52065
1987-02-24,44.285123,44.39177,44.285123,44.365108,28076,51480
1987-02-25,44.338447,44.365108,44.271792,44.285123,17721,50944
1987-02-26,44.325116,44.378439,44.205138,44.285123,22288,50468
1987-02-27,44.325116,44.431763,44.311785,44.351778,24968,50769
1987-03-02,44.498417,44.498417,44.39177,44.405101,17996,52425
1987-03-03,44.378439,44.405101,44.285123,44.311785,20227,54076
1987-03-04,44.285123,44.53841,44.258462,44.511748,24811,56927
1987-03-05,44.551741,44.565071,44.431763,44.498417,16344,57182
1987-03-06,44.405101,44.405101,44.258462,44.298454,19323,55582
1987-03-09,44.2318,44.298454,44.191807,44.285123,11265,55321
1987-03-10,44.285123,44.325116,44.2318,44.271792,10540,55639
1987-03-11,44.2318,44.311785,44.151815,44.285123,15033,56073
1987-03-12,44.311785,44.365108,44.285123,44.311785,15281,54763
1987-03-13,44.378439,44.418432,44.325116,44.378439,13764,55096
1987-03-16,44.365108,44.378439,44.311785,44.325116,7616,55418
1987-03-17,44.285123,44.39177,44.245131,44.378439,11359,55237
1987-03-18,44.445094,44.458425,44.325116,44.351778,13939,55357
1987-03-19,44.325116,44.445094,44.298454,44.378439,16262,54952
1987-03-20,44.378439,44.445094,44.325116,44.338447,11079,53390
1987-03-23,44.325116,44.351778,44.271792,44.271792,6910,49719
1987-03-24,44.205138,44.258462,44.178476,44.218469,13428,49217
1987-03-25,44.2318,44.285123,44.205138,44.245131,18239,50193
1987-03-26,44.258462,44.338447,44.258462,44.325116,10814,51743
1987-03-27,44.258462,44.311785,44.058499,44.111822,18527,52836
1987-03-30,43.778551,43.858536,43.445279,43.511933,35548,54770
1987-03-31,43.591918,43.685235,43.325301,43.645242,30342,56048
1987-04-01,43.391956,43.485272,43.31197,43.418617,22873,56608
1987-04-02,43.551926,43.631911,43.29864,43.31197,22261,58690
1987-04-03,43.418617,43.525264,43.245316,43.405286,23854,60374
1987-04-06,43.551926,43.631911,43.485272,43.538595,15906,57827
1987-04-07,43.445279,43.511933,43.271978,43.271978,22297,60788
1987-04-08,43.431948,43.445279,43.271978,43.31197,18569,63095
1987-04-09,43.31197,43.365294,42.432134,42.738743,46270,66637
1987-04-10,42.498788,42.565442,42.112193,42.272163,45337,68394
1987-04-13,42.392141,42.445464,42.018877,42.018877,29769,68247
1987-04-14,41.352334,42.112193,40.952408,41.60562,56878,65829
1987-04-15,42.205509,42.205509,41.725598,41.91223,26581,65064
1987-04-16,42.178847,42.392141,42.138855,42.258832,27851,61276
1987-04-20,42.285494,42.392141,41.60562,41.76559,22759,61514
1987-04-21,41.578958,41.738929,41.165702,41.725598,38243,65701
1987-04-22,41.685605,41.858906,41.472311,41.60562,23056,67721
1987-04-23,41.44565,41.712267,41.272349,41.339003,28981,68325
1987-04-24,41.085716,41.219025,40.765776,40.859092,35000,70412
1987-04-27,40.605805,41.312341,40.552482,41.219025,41420,71581
1987-04-28,41.245687,41.60562,41.152371,41.512304,29487,69468
1987-04-29,41.725598,41.738929,41.325672,41.365665,27662,68982
1987-04-30,41.352334,42.138855,41.219025,41.698936,38707,66870
1987-05-01,41.738929,41.818914,41.205694,41.259018,19331,66949
1987-05-04,41.179032,41.192363,40.805768,40.845761,23298,69085
1987-05-05,40.845761,41.152371,40.819099,41.085716,27277,67698
1987-05-06,41.099047,41.165702,40.779107,40.885754,28186,66297
1987-05-07,40.872423,41.205694,40.765776,41.112378,27012,67957
1987-05-08,41.005731,41.392326,40.9924,41.245687,19589,65289
1987-05-11,41.392326,41.432319,40.792437,40.83243,21737,66544
1987-05-12,40.659129,40.965739,40.445835,40.885754,21937,64969
1987-05-13,40.952408,41.059055,40.712452,40.939077,21548,65576
1987-05-14,41.005731,41.045724,40.752445,40.779107,37187,69729
1987-05-15,40.765776,40.819099,40.085902,40.099233,40050,75230
1987-05-18,40.072571,40.405842,39.965924,40.36585,27162,74034
1987-05-19,40.272534,40.432504,39.965924,39.992586,28345,71158
1987-05-20,39.832615,40.099233,39.75263,39.925931,51132,73761
1987-05-21,39.832615,40.192549,39.832615,39.992586,26092,73658
1987-05-22,39.911877,40.288531,39.911877,40.261627,21766,73122
1987-05-26,40.571021,41.014935,40.571021,41.001483,31867,68498
1987-05-27,41.082195,41.082195,40.745896,40.813156,23731,67226
1987-05-28,40.786252,40.934223,40.624829,40.866964,20769,65186
1987-05-29,40.920771,41.230166,40.893868,41.095647,23328,63978
1987-06-01,41.431945,41.485753,41.149454,41.176358,20652,63332
1987-06-02,41.18981,41.324329,40.328887,40.396146,41396,64857
1987-06-03,40.234723,40.678637,40.234723,40.611377,21470,65300
1987-06-04,40.718993,40.813156,40.597925,40.718993,19575,66775
1987-06-05,40.718993,41.055291,40.705541,41.041839,22685,70686
1987-06-08,40.826608,41.028387,40.692089,40.961127,19756,71405
1987-06-09,40.988031,40.988031,40.7728,40.880416,24323,73767
1987-06-10,40.880416,41.216714,40.745896,40.934223,23033,73062
1987-06-11,40.934223,41.12255,40.934223,41.014935,11664,73483
1987-06-12,41.014935,41.67408,41.001483,41.660628,21480,74931
1987-06-15,41.700983,41.88931,41.593368,41.808599,22403,73430
1987-06-16,41.848955,41.848955,41.633724,41.741339,18395,72737
1987-06-17,41.795147,41.970022,41.741339,41.875859,12468,72023
1987-06-18,41.943118,41.95657,41.633724,41.781695,12294,72615
1987-06-19,41.687531,41.768243,41.593368,41.660628,12398,73488
1987-06-22,41.848955,41.970022,41.822051,41.916214,12275,63670
1987-06-23,41.88931,42.077637,41.822051,41.902762,16315,63882
1987-06-24,41.862407,41.88931,41.60682,41.620272,12250,64156
1987-06-25,41.660628,41.808599,41.660628,41.754791,11447,64560
1987-06-26,41.714435,41.754791,41.405041,41.485753,15608,65948
1987-06-29,41.351233,41.60682,41.310877,41.60682,10522,65702
1987-06-30,41.620272,41.687531,41.297426,41.445397,21442,65632
1987-07-01,41.499204,41.526108,41.310877,41.458849,8113,70691
1987-07-02,41.485753,41.714435,41.445397,41.700983,9734,67028
1987-07-06,41.835503,41.835503,41.633724,41.727887,12818,67264
1987-07-07,41.700983,41.808599,41.633724,41.795147,9899,66952
1987-07-08,41.835503,41.88931,41.593368,41.67408,13097,69239
1987-07-09,41.633724,41.660628,41.472301,41.485753,10967,70664
1987-07-10,41.445397,41.781695,41.431945,41.714435,9497,71947
1987-07-13,41.647176,41.647176,41.526108,41.566464,8892,71613
1987-07-14,41.53956,41.754791,41.472301,41.700983,14653,74014
1987-07-15,41.687531,41.727887,41.364685,41.458849,15597,74487
1987-07-16,41.431945,41.593368,41.431945,41.566464,7487,74801
1987-07-17,41.53956,41.741339,41.53956,41.700983,9062,75498
1987-07-20,41.512656,41.593368,41.499204,41.553012,8406,74383
1987-07-21,41.485753,41.566464,41.216714,41.297426,19451,72109
1987-07-22,41.243618,41.378137,41.068743,41.18981,16735,72854
1987-07-23,41.136002,41.230166,41.014935,41.136002,17584,73410
1987-07-24,41.12255,41.149454,41.001483,41.082195,10065,74749
1987-07-27,41.028387,41.18981,41.028387,41.028387,11661,74570
1987-07-28,41.041839,41.230166,40.947675,41.001483,16463,74412
1987-07-29,41.041839,41.082195,40.974579,41.041839,14671,73335
1987-07-30,41.149454,41.176358,40.920771,41.109098,13649,73051
1987-07-31,41.149454,41.149454,40.90732,40.974579,8333,72255
1987-08-03,40.651733,40.718993,40.530665,40.530665,19160,74350
1987-08-04,40.557569,40.665185,40.315435,40.557569,18634,75543
1987-08-05,40.557569,40.920771,40.557569,40.866964,23969,76122
1987-08-06,40.866964,40.920771,40.732444,40.813156,22130,77064
1987-08-07,40.813156,40.961127,40.651733,40.893868,13269,77036
1987-08-10,40.799704,40.920771,40.759348,40.786252,10745,76752
1987-08-11,40.813156,40.934223,40.759348,40.826608,15488,78703
1987-08-12,40.799704,40.90732,40.745896,40.853512,11352,79742
1987-08-13,40.813156,41.149454,40.813156,41.136002,34735,85020
1987-08-14,41.216714,41.324329,40.799704,41.25707,23650,80847
1987-08-17,41.243618,41.351233,41.18981,41.297426,11019,79328
1987-08-18,41.243618,41.283974,40.786252,40.813156,26563,78673
1987-08-19,40.84006,40.866964,40.678637,40.718993,19714,80021
1987-08-20,40.692089,40.893868,40.651733,40.853512,15488,81091
1987-08-21,40.813156,40.853512,40.678637,40.745896,14061,80155
1987-08-24,40.71877,40.786589,40.65095,40.705206,14857,77017
1987-08-25,40.732334,40.867973,40.732334,40.854409,24010,78226
1987-08-26,40.8951,40.8951,40.691642,40.71877,25312,76239
1987-08-27,40.637387,40.637387,40.284726,40.325417,28461,75873
1987-08-28,40.257598,40.379673,40.013448,40.081267,37782,78127
1987-08-31,40.081267,40.162651,39.864245,40.121959,32783,77978
1987-09-01,40.149087,40.244034,39.972756,39.999884,28720,79339
1987-09-02,39.782862,39.823554,39.308126,39.403073,43012,83157
1987-09-03,39.430201,39.647223,39.240307,39.375946,39938,89832
1987-09-04,39.38951,39.647223,39.240307,39.362382,31464,91532
1987-09-08,39.308126,39.32169,38.752007,38.806263,31844,92403
1987-09-09,38.819827,39.050413,38.616368,38.860518,33687,93636
1987-09-10,38.874082,39.240307,38.874082,39.07754,25701,90841
1987-09-11,39.091104,39.511584,38.90121,39.335254,26151,89174
1987-09-14,39.525148,39.592968,39.226743,39.362382,16581,89776
1987-09-15,39.362382,39.375946,38.996157,39.104668,24401,92046
1987-09-16,38.982593,39.158924,38.792699,38.914774,29492,92358
1987-09-17,38.874082,39.14536,38.874082,39.009721,16425,91312
1987-09-18,39.14536,39.335254,39.131796,39.280998,10562,90755
1987-09-21,39.335254,39.457329,39.091104,39.131796,19968,88970
1987-09-22,39.063976,39.375946,39.023285,39.335254,19809,75339
1987-09-23,39.443765,39.443765,39.172487,39.280998,27165,79785
1987-09-24,39.280998,39.308126,38.955465,38.982593,12043,79887
1987-09-25,38.928338,39.036849,38.83339,38.969029,13558,78032
1987-09-28,39.199615,39.280998,38.874082,38.996157,16243,78914
1987-09-29,38.996157,39.050413,38.738443,38.738443,21029,77790
1987-09-30,38.629932,38.684188,38.521421,38.643496,19886,79037
1987-10-01,38.738443,38.846954,38.48073,38.548549,26522,73638
1987-10-02,38.589241,38.846954,38.23658,38.779135,32254,74566
1987-10-05,38.684188,38.779135,38.534985,38.562113,12127,73673
1987-10-06,38.521421,38.575677,38.331527,38.48073,19856,74747
1987-10-07,38.507857,38.738443,38.426474,38.507857,19491,76805
1987-10-08,38.48073,38.507857,38.073813,38.100941,36915,79919
1987-10-09,38.141633,38.209452,37.870355,37.92461,21026,83160
1987-10-12,37.92461,37.99243,37.653333,37.653333,4814,83521
1987-10-13,37.626205,38.114505,37.585513,38.073813,19102,86073
1987-10-14,38.073813,38.16876,37.436311,37.50413,43089,87395
1987-10-15,37.463438,37.707588,36.8395,37.449875,59693,89052
1987-10-16,37.287108,37.666897,37.137905,37.3278,33544,91845
1987-10-19,37.219289,37.558386,36.866628,37.449875,51426,92922
1987-10-20,38.752007,38.752007,38.440038,38.752007,9090,94339
1987-10-21,39.999884,40.05414,39.172487,39.552276,53604,89593
1987-10-22,39.470893,40.854409,39.38951,40.406801,47490,81644
1987-10-23,40.528876,41.20707,40.108395,40.257598,30687,77778
1987-10-26,40.067704,40.922228,40.067704,40.800153,19780,76818
1987-10-27,40.881536,40.908664,40.23047,40.47462,23135,78165
1987-10-28,40.447492,40.447492,40.040576,40.189779,31021,80762
1987-10-29,40.203342,40.447492,40.149087,40.379673,18204,81684
1987-10-30,40.623823,40.65095,40.216906,40.501748,17064,82598
1987-11-02,40.393237,40.433928,40.135523,40.366109,15259,81438
1987-11-03,40.29829,40.691642,40.094831,40.610259,26483,78994
1987-11-04,40.569567,40.908664,40.488184,40.813717,25852,78861
1987-11-05,40.745898,41.247761,40.610259,41.13925,31554,77022
1987-11-06,41.152814,41.166378,40.596695,41.030739,19543,74450
1987-11-09,41.030739,41.179942,40.854409,40.976484,15352,76227
1987-11-10,41.017175,41.125686,40.71877,40.96292,15228,75532
1987-11-11,40.8951,40.949356,40.827281,40.827281,2155,75693
1987-11-12,40.867973,41.084995,40.840845,40.8951,17474,73527
1987-11-13,40.908664,40.96292,40.773025,40.773025,18349,73134
1987-11-16,40.691642,40.881536,40.65095,40.881536,16616,74218
1987-11-17,40.854409,40.867973,40.664514,40.745898,14788,71476
1987-11-18,40.678078,40.840845,40.65095,40.800153,13448,73290
1987-11-19,40.786589,40.922228,40.528876,40.867973,15486,73655
1987-11-20,40.867973,41.071431,40.867973,40.935792,22443,72108
1987-11-23,40.93579,40.990463,40.894786,40.922122,15980,74200
1987-11-24,41.058803,41.072471,40.635093,40.66243,20675,74791
1987-11-25,40.607757,40.648761,40.416405,40.512081,24842,75491
1987-11-27,40.143044,40.361733,40.088372,40.156712,6044,74927
1987-11-30,40.047368,40.539417,39.979027,40.416405,29015,73749
1987-12-01,40.443741,40.457409,40.266056,40.389069,16589,73510
1987-12-02,40.389069,40.430073,40.293392,40.389069,45233,70271
1987-12-03,40.416405,40.621425,40.389069,40.566753,23445,71099
1987-12-04,40.717102,40.717102,40.498413,40.539417,20675,72948
1987-12-07,40.471077,40.471077,40.156712,40.184048,19346,74937
1987-12-08,40.17038,40.320728,40.10204,40.129376,23593,77386
1987-12-09,40.088372,40.320728,40.088372,40.23872,20369,78069
1987-12-10,40.266056,40.266056,39.691998,39.760339,33357,99375
1987-12-11,39.787675,39.815011,39.514314,39.705666,22903,81578
1987-12-14,39.691998,39.856015,39.691998,39.815011,15683,81173
1987-12-15,39.828679,40.266056,39.828679,40.252388,18630,81810
1987-12-16,40.293392,40.539417,40.074704,40.539417,18451,79635
1987-12-17,40.539417,40.758106,40.402737,40.457409,24881,78865
1987-12-18,40.484745,40.881118,40.416405,40.840114,23776,79145
1987-12-21,40.881118,41.004131,40.717102,40.86745,11687,78608
1987-12-22,40.840114,40.840114,40.648761,40.703434,8236,76756
1987-12-23,40.703434,41.072471,40.703434,41.045135,10654,76313
1987-12-24,41.058803,41.154479,40.976795,40.990463,3067,75687
1987-12-28,40.812778,40.86745,40.553085,40.771774,6033,76092
1987-12-29,40.758106,41.017799,40.744438,40.990463,10063,74864
1987-12-30,41.017799,41.222819,40.949458,41.168147,8760,74685
1987-12-31,41.168147,41.181815,40.922122,40.949458,5050,76156
1988-01-04,40.812778,41.400504,40.73077,41.072471,12535,76458
1988-01-05,41.181815,41.42784,41.154479,41.236487,15136,76664
1988-01-06,41.29116,41.318496,41.031467,41.058803,16994,77317
1988-01-07,41.004131,41.099807,40.826446,41.004131,16555,75199
1988-01-08,41.045135,41.086139,40.457409,40.457409,21211,74362
1988-01-11,40.73077,40.840114,40.553085,40.785442,13925,74228
1988-01-12,40.703434,40.990463,40.676098,40.758106,13003,74269
1988-01-13,40.785442,40.990463,40.66243,40.93579,9339,74317
1988-01-14,40.922122,41.031467,40.826446,40.990463,13328,75721
1988-01-15,40.990463,41.810545,40.990463,41.742205,31463,73852
1988-01-18,41.755873,41.796877,41.605525,41.701201,5332,75474
1988-01-19,41.673865,41.742205,41.56452,41.673865,15420,76762
1988-01-20,41.619193,41.878885,41.605525,41.796877,16328,77537
1988-01-21,41.783209,42.19325,41.728537,42.029234,26169,77591
1988-01-22,42.083906,42.247923,42.05657,42.165914,17775,76825
1988-01-25,42.152246,42.343599,42.138578,42.275259,12834,77040
1988-01-26,42.261591,42.302595,41.98823,42.029234,14060,75967
1988-01-27,42.05657,42.54862,41.947226,42.493947,25015,79029
1988-01-28,42.493947,42.82198,42.480279,42.603292,18295,75893
1988-01-29,42.575956,42.835648,42.54862,42.808312,16360,76815
1988-02-01,42.999665,43.081673,42.780976,42.808312,16136,76935
1988-02-02,42.780976,43.122677,42.671632,43.081673,17922,76746
1988-02-03,43.109009,43.204686,42.780976,42.82198,35187,79617
1988-02-04,42.849316,42.849316,42.61696,42.82198,30884,77722
1988-02-05,42.6853,43.259358,42.671632,43.136345,24978,76009
1988-02-08,43.163681,43.163681,42.903989,42.972329,14067,75926
1988-02-09,42.958661,43.122677,42.876653,43.054337,16046,75328
1988-02-10,43.040669,43.24569,43.040669,43.204686,20226,74244
1988-02-11,43.191018,43.218354,42.903989,43.054337,25990,75822
1988-02-12,43.054337,43.136345,42.644296,42.671632,26538,75800
1988-02-16,42.521283,42.589624,42.398271,42.575956,21755,76043
1988-02-17,42.589624,42.712636,42.54862,42.562288,19392,77366
1988-02-18,42.54862,42.6853,42.411939,42.657964,21777,75986
1988-02-19,42.698968,42.794644,42.630628,42.739972,20503,76975
1988-02-22,42.712404,42.850231,42.657274,42.836448,20909,75015
1988-02-23,42.808883,43.070753,42.7951,43.070753,21308,75116
1988-02-24,43.098318,43.153449,42.960492,43.015622,25043,74311
1988-02-25,42.877796,43.277492,42.822665,42.891579,42733,75024
1988-02-26,42.850231,43.05697,42.726187,43.029405,20103,73826
1988-02-29,43.029405,43.249927,43.029405,43.098318,18442,73883
1988-03-01,43.112101,43.291275,43.05697,43.125883,21683,75088
1988-03-02,43.112101,43.346406,43.112101,43.236145,33400,74409
1988-03-03,43.249927,43.332623,43.208579,43.291275,12865,74098
1988-03-04,43.277492,43.305058,42.726187,42.767535,35222,72928
1988-03-07,42.698622,42.836448,42.698622,42.739969,11837,74397
1988-03-08,42.671056,42.739969,42.53323,42.657274,32282,74359
1988-03-09,42.643491,42.753752,42.602143,42.712404,11382,72205
1988-03-10,42.726187,42.739969,42.53323,42.615926,13523,71687
1988-03-11,42.560795,42.891579,42.505665,42.7951,13686,71752
1988-03-14,42.726187,42.836448,42.712404,42.781317,9831,72376
1988-03-15,42.726187,42.822665,42.726187,42.781317,8696,72094
1988-03-16,42.739969,42.781317,42.547013,42.574578,17143,72842
1988-03-17,42.464317,42.822665,42.464317,42.767535,16536,73090
1988-03-18,42.767535,42.781317,42.381621,42.395403,13162,73932
1988-03-21,42.340273,42.354056,42.119751,42.285142,30898,72331
1988-03-22,42.312708,42.478099,42.188664,42.285142,16572,71475
1988-03-23,42.27136,42.354056,42.147316,42.243794,14373,67475
1988-03-24,42.202446,42.257577,41.981924,42.188664,28241,70089
1988-03-25,42.174881,42.367838,42.105968,42.298925,16311,70901
1988-03-28,42.312708,42.354056,41.981924,42.00949,20925,69857
1988-03-29,41.830315,42.119751,41.830315,42.06462,14800,69826
1988-03-30,42.078403,42.188664,41.968142,42.023272,11715,71401
1988-03-31,42.092185,42.119751,41.968142,42.078403,11911,71406
1988-04-04,41.651141,41.816533,41.651141,41.788967,19615,71311
1988-04-05,41.816533,41.871663,41.706271,41.788967,9938,71821
1988-04-06,41.80275,42.023272,41.720054,41.954359,16414,73012
1988-04-07,42.06462,42.092185,41.954359,42.00949,14911,74268
1988-04-08,41.995707,42.298925,41.981924,42.285142,15335,75159
1988-04-11,42.298925,42.32649,42.06462,42.092185,14173,75379
1988-04-12,42.092185,42.202446,42.00949,42.188664,18720,74115
1988-04-13,42.188664,42.257577,42.023272,42.216229,14113,73861
1988-04-14,42.243794,42.243794,41.678706,41.844098,29210,75027
1988-04-15,41.871663,41.913011,41.59601,41.692489,17117,75005
1988-04-18,41.664923,41.664923,41.444401,41.54088,15448,76005
1988-04-19,41.471967,41.637358,41.458184,41.485749,11776,76514
1988-04-20,41.416836,41.499532,41.33414,41.485749,15279,77261
1988-04-21,41.499532,41.609793,41.471967,41.513314,9289,78304
1988-04-22,41.471967,41.678706,41.458184,41.609793,6657,77625
1988-04-25,41.609793,41.692489,41.554662,41.637358,7194,78950
1988-04-26,41.637358,41.733837,41.568445,41.582228,10234,78636
1988-04-27,41.609793,41.664923,41.54088,41.623576,12286,79095
1988-04-28,41.582228,41.609793,41.403053,41.416836,16232,78704
1988-04-29,41.389271,41.513314,41.292792,41.416836,22079,76681
1988-05-02,41.361705,41.458184,41.223879,41.251444,16730,78058
1988-05-03,41.27901,41.403053,41.265227,41.375488,17667,76702
1988-05-04,41.375488,41.444401,41.361705,41.389271,13944,76110
1988-05-05,41.361705,41.430619,41.306575,41.361705,22644,75879
1988-05-06,41.375488,41.375488,41.127401,41.141183,21667,78262
1988-05-09,41.141183,41.141183,41.003357,41.086053,21961,76259
1988-05-10,41.07227,41.127401,40.962009,40.975791,18360,76999
1988-05-11,40.975791,41.086053,40.906878,40.948226,32354,78640
1988-05-12,40.934444,41.017139,40.879313,40.948226,27801,76409
1988-05-13,40.948226,41.196314,40.86553,41.07227,17313,75322
1988-05-16,41.099835,41.154966,40.948226,41.044705,18623,75617
1988-05-17,41.017139,41.113618,40.713921,40.727704,28870,76567
1988-05-18,40.713921,40.741487,40.493399,40.520964,24956,77605
1988-05-19,40.534747,40.658791,40.465834,40.562312,21889,77190
1988-05-20,40.589878,40.686356,40.479616,40.479616,19128,82130
1988-05-23,40.437987,40.590636,40.396356,40.42411,26612,80004
1988-05-24,40.410233,40.507373,40.410233,40.465741,17355,78494
1988-05-25,40.465741,40.604513,40.465741,40.576758,19682,77443
1988-05-26,40.549004,40.61839,40.410233,40.549004,30170,80693
1988-05-27,40.507373,40.52125,40.340847,40.479618,23007,81459
1988-05-31,40.493496,40.590636,40.451864,40.576758,22531,82973
1988-06-01,40.729407,41.10409,40.687776,41.076335,36964,82729
1988-06-02,41.159598,41.215107,40.951441,40.979195,26665,81787
1988-06-03,40.965318,41.242861,40.937564,41.228984,22950,83758
1988-06-06,41.312247,41.312247,41.090213,41.256738,15994,84878
1988-06-07,41.242861,41.242861,41.048581,41.090213,25950,89417
1988-06-08,41.090213,41.39551,41.076335,41.381633,30329,90126
1988-06-09,41.353878,41.409387,41.242861,41.256738,20718,90087
1988-06-10,41.284493,41.451018,41.256738,41.353878,9679,89523
1988-06-13,41.326124,41.478773,41.326124,41.423264,29440,86448
1988-06-14,41.409387,42.117121,41.409387,42.07549,40412,84848
1988-06-15,42.006104,42.07549,41.88121,41.950595,20603,82620
1988-06-16,41.950595,41.964472,41.423264,41.478773,24325,85461
1988-06-17,41.464895,41.49265,41.00695,41.076335,21179,86376
1988-06-20,41.048581,41.173475,40.937564,41.131844,14667,85488
1988-06-21,41.159598,41.270615,41.00695,41.090213,20850,85488
1988-06-22,41.076335,41.631421,41.048581,41.534281,19701,69428
1988-06-23,41.58979,41.922841,41.534281,41.58979,13232,69212
1988-06-24,41.575913,41.797947,41.451018,41.631421,15186,69550
1988-06-27,41.756315,41.78407,41.367755,41.409387,8011,69383
1988-06-28,41.39551,41.617544,41.29837,41.58979,14963,70874
1988-06-29,41.68693,41.714684,41.464895,41.562035,15948,72818
1988-06-30,41.534281,41.797947,41.506527,41.78407,16737,73920
1988-07-01,41.770192,41.992227,41.770192,41.839578,14659,74656
1988-07-05,41.68693,41.756315,41.631421,41.728561,8378,75443
1988-07-06,41.742438,41.742438,41.520404,41.534281,12525,76193
1988-07-07,41.464895,41.506527,41.256738,41.464895,20889,76102
1988-07-08,41.409387,41.451018,41.090213,41.173475,24747,78250
1988-07-11,41.173475,41.29837,41.145721,41.256738,10098,76977
1988-07-12,41.228984,41.242861,41.090213,41.090213,11571,78297
1988-07-13,41.048581,41.20123,40.854301,40.965318,18872,80101
1988-07-14,41.00695,41.034704,40.895933,40.979195,13667,82290
1988-07-15,41.048581,41.159598,40.965318,41.145721,17768,84445
1988-07-18,41.159598,41.173475,40.868178,40.965318,11514,84838
1988-07-19,40.951441,41.117967,40.882055,41.062458,29676,89591
1988-07-20,41.034704,41.159598,41.00695,41.062458,13857,91740
1988-07-21,41.10409,41.10409,40.882055,40.937564,19842,89925
1988-07-22,40.965318,41.090213,40.895933,41.076335,16592,92409
1988-07-25,41.062458,41.215107,40.979195,41.173475,13871,90736
1988-07-26,41.159598,41.215107,41.062458,41.159598,15087,90596
1988-07-27,41.159598,41.173475,40.923687,40.951441,21708,91612
1988-07-28,40.951441,41.048581,40.854301,40.90981,20157,94456
1988-07-29,40.937564,41.10409,40.937564,41.076335,9485,94607
1988-08-01,41.062458,41.242861,41.062458,41.228984,14542,95327
1988-08-02,41.242861,41.423264,41.242861,41.423264,23035,93672
1988-08-03,41.464895,41.506527,41.312247,41.353878,21070,94699
1988-08-04,41.381633,41.506527,41.312247,41.49265,22241,94838
1988-08-05,41.478773,41.520404,41.10409,41.145721,21279,95151
1988-08-08,41.173475,41.215107,41.076335,41.187353,14417,97333
1988-08-09,41.215107,41.326124,40.798793,40.993073,42536,100518
1988-08-10,40.979195,41.00695,40.604513,40.61839,45236,102572
1988-08-11,40.590636,40.673898,40.451864,40.52125,38316,103255
1988-08-12,40.549004,40.576758,40.354724,40.52125,28127,104608
1988-08-15,40.465741,40.507373,40.382478,40.465741,12586,104866
1988-08-16,40.437987,40.562881,40.215953,40.562881,34055,104484
1988-08-17,40.535127,40.632267,40.437987,40.493496,21679,104712
1988-08-18,40.507373,40.604513,40.437987,40.549004,18931,104826
1988-08-19,40.576758,40.71553,40.562881,40.590636,18683,102993
1988-08-22,40.632469,40.660356,40.506974,40.506974,11178,104478
1988-08-23,40.506974,40.6743,40.451198,40.632469,24987,101836
1988-08-24,40.632469,40.702188,40.604581,40.632469,13841,100599
1988-08-25,40.395423,40.49303,40.367535,40.465142,25063,102193
1988-08-26,40.465142,40.576693,40.42331,40.534861,27804,107882
1988-08-29,40.534861,40.799795,40.506974,40.785851,29871,104827
1988-08-30,40.813739,40.92529,40.74402,40.841627,25029,104645
1988-08-31,40.869515,41.008953,40.799795,40.897402,26889,103503
1988-09-01,40.897402,40.92529,40.827683,40.911346,32114,103464
1988-09-02,40.92529,41.747979,40.92529,41.538821,36979,101738
1988-09-06,41.622484,41.664316,41.510933,41.60854,34831,100171
1988-09-07,41.594596,41.85953,41.552765,41.622484,25852,100301
1988-09-08,41.60854,41.706147,41.538821,41.622484,35021,100593
1988-09-09,41.706147,41.901362,41.552765,41.901362,25838,98284
1988-09-12,41.85953,41.92925,41.734035,41.761923,18680,97580
1988-09-13,41.747979,41.831642,41.67826,41.803755,26587,96060
1988-09-14,41.803755,42.194183,41.803755,41.971081,27310,96243
1988-09-15,41.943193,42.040801,41.817699,41.845586,17089,97182
1988-09-16,41.831642,41.85953,41.734035,41.817699,10695,97603
1988-09-19,41.831642,41.845586,41.67826,41.706147,14265,97941
1988-09-20,41.706147,41.775867,41.650372,41.734035,15656,96492
1988-09-21,41.775867,41.85953,41.747979,41.817699,13865,95605
1988-09-22,41.831642,41.887418,41.734035,41.775867,16826,86655
1988-09-23,41.789811,41.789811,41.594596,41.761923,13402,85824
1988-09-26,41.775867,41.775867,41.622484,41.636428,11926,86741
1988-09-27,41.636428,41.692204,41.510933,41.552765,16508,87968
1988-09-28,41.496989,41.538821,41.441214,41.510933,14862,87728
1988-09-29,41.636428,41.734035,41.538821,41.720091,12831,88130
1988-09-30,41.803755,42.152352,41.747979,42.068688,32689,89622
1988-10-03,42.068688,42.180239,42.026857,42.152352,20780,91517
1988-10-04,42.138408,42.166296,42.012913,42.068688,10925,91515
1988-10-05,42.068688,42.222071,42.040801,42.054744,20210,91682
1988-10-06,42.068688,42.096576,41.985025,42.082632,12626,94926
1988-10-07,42.096576,42.640387,42.096576,42.584612,27446,93642
1988-10-10,42.54278,42.556724,42.445173,42.500949,2903,94387
1988-10-11,42.487005,42.500949,42.36151,42.431229,18349,93633
1988-10-12,42.431229,42.431229,42.138408,42.166296,19781,92244
1988-10-13,42.222071,42.236015,41.998969,42.194183,20743,91517
1988-10-14,42.208127,42.500949,42.180239,42.305734,24772,91097
1988-10-17,42.277847,42.36151,42.208127,42.333622,11422,90879
1988-10-18,42.319678,42.417285,42.29179,42.36151,13891,91694
1988-10-19,42.36151,42.473061,42.208127,42.236015,21894,91434
1988-10-20,42.194183,42.333622,42.166296,42.277847,16675,91118
1988-10-21,42.277847,42.305734,42.152352,42.222071,15662,92543
1988-10-24,42.082632,42.333622,42.068688,42.222071,18597,92268
1988-10-25,42.208127,42.305734,42.180239,42.249959,12959,91163
1988-10-26,42.236015,42.403342,42.208127,42.375454,17046,90397
1988-10-27,42.36151,42.584612,42.29179,42.584612,32949,90249
1988-10-28,42.584612,42.696163,42.514893,42.640387,15955,89587
1988-10-31,42.6125,42.765882,42.54278,42.751939,22551,90539
1988-11-01,42.668275,42.807714,42.640387,42.696163,21796,91150
1988-11-02,42.640387,42.682219,42.528836,42.528836,20155,92255
1988-11-03,42.584612,42.654331,42.528836,42.654331,18067,89506
1988-11-04,42.737995,42.765882,42.180239,42.194183,36606,90000
1988-11-07,42.138408,42.180239,42.012913,42.040801,30870,91122
1988-11-08,42.040801,42.166296,42.026857,42.082632,30857,93750
1988-11-09,42.180239,42.29179,41.873474,41.998969,35805,95450
1988-11-10,42.012913,42.096576,41.92925,42.026857,27337,93680
1988-11-11,41.971081,41.998969,41.761923,41.845586,7672,94317
1988-11-14,41.803755,41.998969,41.775867,41.971081,33315,93385
1988-11-15,42.012913,42.012913,41.803755,41.957137,27560,93338
1988-11-16,41.887418,42.026857,41.734035,41.761923,29531,92706
1988-11-17,41.692204,41.789811,41.580653,41.622484,28851,89747
1988-11-18,41.538821,41.747979,41.538821,41.650372,36647,91946
1988-11-21,41.706147,41.734035,41.622484,41.664316,12607,86787
1988-11-22,41.636375,41.636375,41.482683,41.580487,32599,85736
1988-11-23,41.552543,41.622403,41.524599,41.580487,14831,83702
1988-11-25,41.370908,41.412824,41.24516,41.328992,10714,83318
1988-11-28,41.287076,41.440768,41.259132,41.38488,26904,82279
1988-11-29,41.412824,41.524599,41.342964,41.45474,25652,80603
1988-11-30,41.468711,41.692262,41.45474,41.650347,39494,80684
1988-12-01,41.650347,41.776094,41.636375,41.762122,14992,80555
1988-12-02,41.762122,41.831982,41.342964,41.356936,33470,77378
1988-12-05,41.370908,41.496655,41.370908,41.496655,17089,76281
1988-12-06,41.510627,42.027589,41.496655,41.999645,42166,79257
1988-12-07,42.083477,42.167308,41.74815,41.873898,48674,80879
1988-12-08,41.845954,41.873898,41.692262,41.776094,22993,78053
1988-12-09,41.776094,41.790066,41.566515,41.636375,22993,78053
1988-12-12,41.650347,41.74815,41.580487,41.594459,27018,76736
1988-12-13,41.566515,41.622403,41.38488,41.398852,23599,75517
1988-12-14,41.412824,41.482683,41.203245,41.301048,49054,77960
1988-12-15,41.328992,41.398852,41.231189,41.328992,26530,77410
1988-12-16,41.356936,41.482683,41.31502,41.38488,15073,73954
1988-12-19,41.38488,41.482683,41.356936,41.468711,11464,71968
1988-12-20,41.468711,41.81801,41.468711,41.678291,11464,71968
1988-12-21,41.678291,41.762122,41.622403,41.720206,19428,64180
1988-12-22,41.74815,41.776094,41.678291,41.706234,13740,66408
1988-12-23,41.706234,41.81801,41.706234,41.74815,5357,66353
1988-12-27,41.74815,41.74815,41.496655,41.496655,7011,66455
1988-12-28,41.482683,41.580487,41.24516,41.273104,18160,67007
1988-12-29,41.328992,41.412824,41.273104,41.342964,11749,66958
1988-12-30,41.342964,41.524599,41.31502,41.45474,5917,67939
1989-01-03,41.342964,41.342964,41.161329,41.24516,24437,67313
1989-01-04,41.231189,41.370908,41.203245,41.273104,17120,66802
1989-01-05,41.259132,41.31502,41.091469,41.119413,20133,67589
1989-01-06,41.133385,41.24516,41.077497,41.189273,19258,70153
1989-01-09,41.175301,41.31502,41.175301,41.203245,13642,71420
1989-01-10,41.175301,41.31502,41.175301,41.24516,17199,73640
1989-01-11,41.273104,41.31502,41.217217,41.231189,13328,74343
1989-01-12,41.24516,41.510627,41.203245,41.496655,21189,75360
1989-01-13,41.468711,41.831982,41.426796,41.74815,38786,78704
1989-01-16,41.706234,41.845954,41.706234,41.74815,7562,78901
1989-01-17,41.804038,41.81801,41.664319,41.720206,19879,79633
1989-01-18,41.720206,41.985673,41.552543,41.915813,35370,78690
1989-01-19,41.929785,42.027589,41.831982,41.88787,21529,79301
1989-01-20,41.859926,41.929785,41.776094,41.804038,16262,80795
1989-01-23,41.831982,41.929785,41.790066,41.88787,10118,80771
1989-01-24,41.901842,42.139364,41.845954,42.083477,35781,81745
1989-01-25,42.041561,42.195252,41.88787,41.915813,24081,81752
1989-01-26,41.88787,41.957729,41.692262,41.901842,23934,80855
1989-01-27,41.915813,42.18128,41.845954,41.999645,25664,81182
1989-01-30,42.055533,42.069505,41.873898,41.88787,23427,83314
1989-01-31,41.88787,41.971701,41.81801,41.873898,18633,83987
1989-02-01,41.915813,41.943757,41.81801,41.901842,11623,82907
1989-02-02,41.957729,41.971701,41.901842,41.943757,17626,82487
1989-02-03,41.929785,41.999645,41.762122,41.88787,22478,82670
1989-02-06,41.929785,41.943757,41.831982,41.901842,8947,83239
1989-02-07,41.873898,42.041561,41.831982,42.027589,22264,86324
1989-02-08,42.055533,42.167308,41.985673,41.999645,36515,87266
1989-02-09,41.957729,41.957729,41.580487,41.594459,44104,83312
1989-02-10,41.538571,41.552543,41.189273,41.356936,50522,85282
1989-02-13,41.356936,41.38488,41.273104,41.31502,25167,84820
1989-02-14,41.31502,41.426796,41.161329,41.231189,25577,84877
1989-02-15,41.203245,41.370908,41.161329,41.259132,21872,84903
1989-02-16,41.287076,41.426796,41.259132,41.287076,36627,86131
1989-02-17,41.301048,41.38488,41.175301,41.342964,14901,86437
1989-02-21,41.45474,41.45474,41.231189,41.31502,19379,84029
1989-02-22,41.273144,41.273144,41.063777,41.119608,35630,83483
1989-02-23,41.091693,41.091693,40.882326,40.910242,57211,86396
1989-02-24,40.966073,41.04982,40.770664,40.854411,34498,83958
1989-02-27,40.826495,40.980031,40.728791,40.966073,44013,84297
1989-02-28,40.993988,41.091693,40.952115,41.04982,29083,84681
1989-03-01,41.105651,41.189397,40.9242,40.9242,40641,86837
1989-03-02,40.896284,41.077735,40.854411,41.077735,23937,83939
1989-03-03,41.077735,41.105651,40.966073,41.063777,23103,80889
1989-03-06,41.147524,41.203355,41.105651,41.17544,17232,76403
1989-03-07,41.203355,41.259186,41.119608,41.189397,17174,77994
1989-03-08,41.17544,41.30106,41.105651,41.259186,18113,76527
1989-03-09,41.259186,41.259186,41.17544,41.231271,13390,76301
1989-03-10,41.203355,41.245228,40.938157,40.952115,29422,76037
1989-03-13,40.966073,41.021904,40.910242,40.966073,16671,74128
1989-03-14,40.952115,41.091693,40.9242,41.035862,19415,73670
1989-03-15,41.035862,41.161482,40.993988,41.04982,17721,74425
1989-03-16,41.04982,41.161482,41.021904,41.063777,16313,72781
1989-03-17,41.063777,41.133566,40.477551,40.575255,40438,74380
1989-03-20,40.589213,40.617129,40.435677,40.477551,20117,76294
1989-03-21,40.463593,40.561297,40.379846,40.435677,33713,78665
1989-03-22,40.449635,40.700875,40.449635,40.645044,25813,79847
1989-03-23,40.645044,40.79858,40.617129,40.714833,12465,80873
1989-03-27,40.686917,40.714833,40.617129,40.700875,5920,80768
1989-03-28,40.686917,40.784622,40.686917,40.756706,12681,80791
1989-03-29,40.812537,40.9242,40.770664,40.910242,17108,81547
1989-03-30,41.007946,41.091693,40.882326,40.966073,22728,83505
1989-03-31,40.938157,41.091693,40.9242,41.063777,14437,86225
1989-04-03,41.17544,41.496468,41.133566,41.287102,34792,88185
1989-04-04,41.273144,41.440637,41.259186,41.440637,15749,86302
1989-04-05,41.482511,41.510426,41.398764,41.468553,29409,87854
1989-04-06,41.440637,41.440637,41.259186,41.328975,19973,87865
1989-04-07,41.328975,41.496468,41.105651,41.119608,26583,85882
1989-04-10,41.119608,41.147524,41.063777,41.119608,6214,86051
1989-04-11,41.091693,41.189397,41.063777,41.091693,10720,87021
1989-04-12,41.105651,41.119608,41.007946,41.091693,19678,89872
1989-04-13,41.077735,41.077735,40.952115,40.966073,14624,89441
1989-04-14,40.952115,41.412722,40.9242,41.412722,37943,88291
1989-04-17,41.384806,41.384806,41.287102,41.328975,9389,86022
1989-04-18,41.315017,41.719793,41.287102,41.691877,41946,87496
1989-04-19,41.691877,41.733751,41.580215,41.636046,21007,86559
1989-04-20,41.622088,41.775624,41.30106,41.328975,31444,84542
1989-04-21,41.342933,41.496468,41.342933,41.468553,12430,84569
1989-04-24,41.468553,41.538342,41.398764,41.468553,8106,84741
1989-04-25,41.468553,41.608131,41.42668,41.5523,22623,84938
1989-04-26,41.5523,41.859371,41.538342,41.580215,17920,85263
1989-04-27,41.580215,41.845413,41.5523,41.747708,26673,86631
1989-04-28,41.747708,41.957075,41.747708,41.817497,20154,85695
1989-05-01,41.67792,41.691877,41.510426,41.524384,11832,86837
1989-05-02,41.524384,41.67792,41.496468,41.67792,14146,87257
1989-05-03,41.67792,41.775624,41.608131,41.747708,20993,89030
1989-05-04,41.580215,41.733751,41.580215,41.719793,16605,88172
1989-05-05,41.691877,42.054779,41.67792,41.943117,32185,89729
1989-05-08,41.901244,41.901244,41.733751,41.789582,17297,89742
1989-05-09,41.761666,41.80354,41.468553,41.482511,30345,86640
1989-05-10,41.412722,41.510426,41.315017,41.412722,31792,86902
1989-05-11,41.42668,41.594173,41.356891,41.5523,38379,88552
1989-05-12,41.580215,42.403724,41.580215,42.361851,44842,86747
1989-05-15,42.417682,42.445597,42.264146,42.333935,28702,87504
1989-05-16,42.319977,42.347893,42.208315,42.278104,13495,86769
1989-05-17,42.333935,42.641006,42.236231,42.375808,24433,85402
1989-05-18,42.375808,42.473513,42.264146,42.431639,24065,85576
1989-05-19,42.445597,42.724753,42.417682,42.627048,42304,88310
1989-05-22,42.668879,42.975649,42.613103,42.961705,28886,91342
1989-05-23,42.933817,43.017481,42.794376,42.864096,26880,89727
1989-05-24,42.864096,43.031425,42.752544,42.836208,20800,91546
1989-05-25,42.80832,42.905929,42.640991,42.7386,29541,91205
1989-05-26,42.599159,42.836208,42.585215,42.794376,39245,90676
1989-05-30,42.919873,43.003537,42.80832,42.836208,35772,91262
1989-05-31,42.766488,42.947761,42.7386,42.933817,41711,88568
1989-06-01,42.947761,42.975649,42.80832,42.919873,24251,84102
1989-06-02,42.933817,43.393971,42.878041,43.380027,54168,81800
1989-06-05,43.5613,43.672853,43.449748,43.547356,32792,83622
1989-06-06,43.505524,43.603133,43.463692,43.547356,32393,80174
1989-06-07,43.575244,43.812294,43.533412,43.756518,31511,82043
1989-06-08,43.79835,43.854126,43.686797,43.770462,37019,81140
1989-06-09,43.784406,44.160896,43.407916,44.119064,43197,81857
1989-06-12,44.146952,44.146952,43.937791,44.007511,27023,79864
1989-06-13,43.979623,44.035399,43.5613,43.714685,30469,76316
1989-06-14,43.714685,43.937791,43.617077,43.923846,30010,79364
1989-06-15,43.923846,44.146952,43.589189,43.617077,32133,78018
1989-06-16,43.603133,43.686797,43.352139,43.519468,24089,76209
1989-06-19,43.519468,43.644965,43.449748,43.463692,12989,75677
1989-06-20,43.42186,43.658909,43.366083,43.631021,19317,75446
1989-06-21,43.589189,43.700741,43.449748,43.49158,24712,73594
1989-06-22,43.393971,43.519468,43.324251,43.324251,28245,71630
1989-06-23,43.366083,43.742573,43.366083,43.728629,29138,69300
1989-06-26,43.770462,43.993567,43.728629,43.895958,18458,69241
1989-06-27,43.86807,44.105119,43.854126,44.049343,18516,68348
1989-06-28,44.105119,44.119064,43.812294,43.909902,22064,69234
1989-06-29,43.882014,44.133008,43.784406,44.077231,27181,68752
1989-06-30,44.049343,44.272448,44.035399,44.160896,25043,71036
1989-07-03,44.24456,44.272448,44.091175,44.188784,8751,73028
1989-07-05,44.17484,44.216672,43.979623,44.146952,22927,75002
1989-07-06,44.17484,44.300337,44.133008,44.272448,18611,75130
1989-07-07,44.286392,44.607106,44.077231,44.439777,31165,74715
1989-07-10,44.453721,44.607106,44.411889,44.55133,26225,76345
1989-07-11,44.607106,44.704715,44.495554,44.523442,38626,74401
1989-07-12,44.579218,44.607106,44.495554,44.537386,13510,73622
1989-07-13,44.537386,44.662883,44.509498,44.565274,22283,71082
1989-07-14,44.523442,44.676827,44.300337,44.453721,33574,75790
1989-07-17,44.453721,44.48161,44.356113,44.411889,12330,76558
1989-07-18,44.370057,44.370057,44.160896,44.188784,25911,77354
1989-07-19,44.146952,44.370057,44.119064,44.356113,24259,78249
1989-07-20,44.370057,44.62105,44.370057,44.565274,24220,80005
1989-07-21,44.467665,44.495554,44.286392,44.370057,14863,79352
1989-07-24,44.523442,44.523442,44.314281,44.411889,9055,79846
1989-07-25,44.453721,44.55133,44.425833,44.537386,29259,78578
1989-07-26,44.523442,44.634994,44.467665,44.537386,17501,78862
1989-07-27,44.55133,44.872044,44.55133,44.844156,22279,78736
1989-07-28,44.844156,45.067261,44.816267,44.99754,31813,83053
1989-07-31,45.039373,45.178813,45.011485,45.164869,21595,84524
1989-08-01,45.206702,45.625024,45.206702,45.360087,41850,87256
1989-08-02,45.290366,45.415863,45.123037,45.23459,25323,84969
1989-08-03,45.220646,45.290366,45.095149,45.109093,25783,85188
1989-08-04,45.123037,45.192758,44.55133,44.565274,46635,84802
1989-08-07,44.48161,44.634994,44.342169,44.523442,21826,82933
1989-08-08,44.55133,44.676827,44.509498,44.55133,17361,81914
1989-08-09,44.509498,44.537386,44.370057,44.48161,18671,80491
1989-08-10,44.314281,44.565274,44.202728,44.453721,32689,77379
1989-08-11,44.565274,45.067261,44.105119,44.230616,48107,77827
1989-08-14,44.258504,44.300337,43.714685,43.728629,35168,77462
1989-08-15,43.756518,43.923846,43.686797,43.854126,59855,77277
1989-08-16,43.909902,44.105119,43.895958,44.091175,33481,74526
1989-08-17,44.133008,44.272448,43.812294,43.951735,19839,73060
1989-08-18,43.951735,44.077231,43.714685,43.993567,26221,73494
1989-08-21,44.021455,44.146952,43.79835,43.826238,18084,70885
1989-08-22,43.826238,43.909876,43.575325,43.603204,27997,70628
1989-08-23,43.603204,43.728661,43.589265,43.728661,25349,69799
1989-08-24,43.840178,43.881997,43.75654,43.812299,15563,72914
1989-08-25,43.868057,43.937756,43.742601,43.798359,15054,71279
1989-08-28,43.77048,43.77048,43.589265,43.645023,21082,69614
1989-08-29,43.645023,43.714721,43.477747,43.714721,34838,72416
1989-08-30,43.700782,43.78442,43.672902,43.78442,24057,72729
1989-08-31,43.826238,43.868057,43.700782,43.742601,18996,71554
1989-09-01,43.714721,44.035333,43.408049,44.021393,37115,72079
1989-09-05,43.854118,43.965635,43.812299,43.895937,15142,70563
1989-09-06,43.909876,43.951695,43.826238,43.937756,17239,72279
1989-09-07,43.951695,44.035333,43.868057,43.909876,19983,71207
1989-09-08,43.895937,44.007454,43.881997,43.993514,22686,71780
1989-09-11,44.007454,44.077152,43.979575,44.077152,18079,70485
1989-09-12,44.077152,44.105031,43.993514,44.091092,16174,68705
1989-09-13,44.063212,44.216548,43.937756,43.965635,24890,67893
1989-09-14,43.993514,44.202609,43.951695,44.091092,30963,67359
1989-09-15,44.077152,44.369885,43.993514,44.202609,47436,68083
1989-09-18,44.188669,44.258367,44.132911,44.16079,15548,68297
1989-09-19,44.16079,44.272307,44.132911,44.17473,22612,69995
1989-09-20,44.17473,44.17473,43.979575,44.007454,19396,63531
1989-09-21,43.965635,44.021393,43.798359,43.798359,17221,64472
1989-09-22,43.812299,43.868057,43.658963,43.77048,22037,66748
1989-09-25,43.700782,43.700782,43.408049,43.435928,26330,68918
1989-09-26,43.449868,43.575325,43.338351,43.561385,27764,70439
1989-09-27,43.575325,43.589265,43.421989,43.547446,19355,72078
1989-09-28,43.561385,43.617144,43.449868,43.575325,13419,72580
1989-09-29,43.547446,43.561385,43.324411,43.547446,27381,75284
1989-10-02,43.575325,43.658963,43.547446,43.561385,12512,76644
1989-10-03,43.589265,43.75654,43.589265,43.728661,18602,76216
1989-10-04,43.798359,43.895937,43.714721,43.798359,15124,78436
1989-10-05,43.78442,43.979575,43.631083,43.965635,30270,81317
1989-10-06,43.951695,44.383824,43.951695,44.300186,35036,80805
1989-10-09,44.300186,44.53716,44.272307,44.509281,5312,81712
1989-10-10,44.53716,44.53716,44.314126,44.342005,33278,82715
1989-10-11,44.314126,44.355945,44.188669,44.188669,20867,82176
1989-10-12,44.16079,44.355945,44.16079,44.300186,18499,82022
1989-10-13,44.244428,44.53716,44.132911,44.495341,27899,83024
1989-10-16,45.248082,45.33172,44.342005,44.453522,53035,83102
1989-10-17,44.411703,44.411703,44.411703,44.411703,35893,82438
1989-10-18,44.342005,44.509281,44.286247,44.355945,28628,81871
1989-10-19,44.328066,44.5511,44.300186,44.495341,22950,81116
1989-10-20,44.509281,44.620798,44.369885,44.425643,15532,81799
1989-10-23,44.425643,44.634738,44.425643,44.620798,16882,83647
1989-10-24,44.620798,44.969289,44.606858,44.788074,44811,87298
1989-10-25,44.732315,44.829893,44.718376,44.774134,21638,87620
1989-10-26,44.732315,44.829893,44.676557,44.676557,23134,87226
1989-10-27,44.704436,44.760195,44.495341,44.56504,23200,86783
1989-10-30,44.592919,44.620798,44.495341,44.620798,12857,87207
1989-10-31,44.648677,44.746255,44.578979,44.606858,24480,87412
1989-11-01,44.634738,44.718376,44.578979,44.690496,21184,88956
1989-11-02,44.704436,44.802013,44.704436,44.774134,12182,88860
1989-11-03,44.788074,44.815953,44.383824,44.592919,25459,86420
1989-11-06,44.53716,44.53716,44.355945,44.453522,16590,85945
1989-11-07,44.467462,44.788074,44.453522,44.774134,27422,85880
1989-11-08,44.815953,44.885651,44.690496,44.871712,24369,87637
1989-11-09,44.871712,44.983229,44.718376,44.746255,33288,88534
1989-11-10,44.788074,44.788074,44.690496,44.746255,8494,87705
1989-11-13,44.760195,44.774134,44.592919,44.732315,27529,82641
1989-11-14,44.774134,44.871712,44.718376,44.774134,33213,82040
1989-11-15,44.788074,44.983229,44.788074,44.92747,37344,83025
1989-11-16,44.969289,45.108686,44.829893,44.92747,28412,84047
1989-11-17,44.913531,44.94141,44.704436,44.718376,30334,76288
1989-11-20,44.732315,44.899591,44.718376,44.732315,18074,75856
1989-11-21,44.732315,44.843832,44.634738,44.815953,18648,74161
1989-11-22,44.843819,44.99706,44.774164,44.941336,20476,75787
1989-11-24,44.955267,45.038853,44.941336,44.983129,9674,76661
1989-11-27,44.99706,45.010991,44.760233,44.815957,29481,76180
1989-11-28,44.815957,44.85775,44.746302,44.802026,39828,77971
1989-11-29,44.746302,44.788095,44.704509,44.71844,33781,80660
1989-11-30,44.71844,44.843819,44.71844,44.829888,21725,79891
1989-12-01,44.871681,44.941336,44.829888,44.913474,17907,78551
1989-12-04,44.899543,44.927405,44.843819,44.913474,10481,78566
1989-12-05,44.913474,44.941336,44.85775,44.899543,14312,78040
1989-12-06,44.899543,44.955267,44.788095,44.815957,29353,74084
1989-12-07,44.788095,44.815957,44.676647,44.704509,21653,71815
1989-12-08,44.704509,44.913474,44.551268,44.85775,34948,71199
1989-12-11,44.843819,44.85775,44.802026,44.829888,7853,69697
1989-12-12,44.829888,44.871681,44.802026,44.829888,7456,70247
1989-12-13,44.802026,44.871681,44.774164,44.871681,20737,69136
1989-12-14,44.871681,44.99706,44.85775,44.983129,16993,70466
1989-12-15,44.983129,45.080646,44.899543,44.941336,24062,69710
1989-12-18,44.969198,45.164231,44.927405,45.080646,10203,71398
1989-12-19,45.066715,45.080646,44.969198,45.010991,13556,69577
1989-12-20,45.024922,45.122439,45.010991,45.024922,12830,71698
1989-12-21,45.024922,45.038853,44.969198,44.983129,7956,72410
1989-12-22,44.983129,44.99706,44.774164,44.829888,7660,72714
1989-12-26,44.815957,44.815957,44.314442,44.398028,22703,70924
1989-12-27,44.42589,44.523406,44.342304,44.42589,20076,68668
1989-12-28,44.42589,44.551268,44.411959,44.537337,9516,69544
1989-12-29,44.551268,44.662716,44.384097,44.467683,13222,69973
1990-01-02,44.411959,44.551268,44.342304,44.411959,13547,71538
1990-01-03,44.439821,44.439821,44.28658,44.314442,30099,70243
1990-01-04,44.28658,44.439821,44.28658,44.342304,17601,69710
1990-01-05,44.328373,44.523406,44.272649,44.328373,18813,70508
1990-01-08,44.314442,44.328373,44.230856,44.272649,17144,70530
1990-01-09,44.258718,44.342304,44.230856,44.258718,13159,69996
1990-01-10,44.28658,44.300511,44.14727,44.244787,12871,67571
1990-01-11,44.272649,44.328373,44.216925,44.230856,19972,68539
1990-01-12,44.202994,44.202994,43.980098,44.105477,29695,67084
1990-01-15,44.063684,44.077615,43.85472,43.896512,6497,68735
1990-01-16,43.924374,43.980098,43.71541,43.798996,29616,70625
1990-01-17,43.812927,43.882581,43.771134,43.812927,19267,71002
1990-01-18,43.812927,43.812927,43.422859,43.464652,30249,72878
1990-01-19,43.506445,43.631824,43.408928,43.617893,20550,74465
1990-01-22,43.673617,43.701479,43.562169,43.603962,15292,75620
1990-01-23,43.590031,43.687548,43.506445,43.673617,20962,77356
1990-01-24,43.339273,43.408928,43.269618,43.367135,28551,78911
1990-01-25,43.353204,43.506445,43.241756,43.255687,24038,79740
1990-01-26,43.213895,43.339273,42.990999,43.032792,37019,76927
1990-01-29,43.074585,43.116378,43.018861,43.046723,12716,78354
1990-01-30,42.935275,43.088516,42.782034,42.977068,30937,80044
1990-01-31,43.032792,43.255687,42.823827,43.241756,32672,79049
1990-02-01,43.241756,43.408928,43.14424,43.29748,26222,80664
1990-02-02,43.283549,43.311411,43.046723,43.088516,24330,80966
1990-02-05,43.060654,43.060654,42.935275,43.00493,13527,80991
1990-02-06,42.990999,43.018861,42.823827,42.893482,25371,81628
1990-02-07,42.851689,42.907413,42.698448,42.907413,43962,87001
1990-02-08,42.949206,43.213895,42.879551,43.074585,38482,85049
1990-02-09,43.241756,43.562169,43.186033,43.506445,40757,84676
1990-02-12,43.520376,43.603962,43.255687,43.283549,28030,81846
1990-02-13,43.241756,43.450721,43.199964,43.422859,30936,80644
1990-02-14,43.464652,43.520376,43.353204,43.394997,29123,78151
1990-02-15,43.367135,43.367135,43.130309,43.158171,45945,79120
1990-02-16,43.172102,43.29748,43.116378,43.199964,30896,79452
1990-02-20,42.879551,42.949206,42.545208,42.642724,52665,86250
1990-02-21,42.600931,42.740241,42.447691,42.656655,36889,83734
1990-02-22,42.684539,42.935461,42.573019,42.893641,31734,83677
1990-02-23,42.865761,43.046982,42.82394,42.893641,35257,82527
1990-02-26,42.879701,43.130622,42.879701,43.116682,35005,82604
1990-02-27,43.130622,43.270023,43.102742,43.270023,39849,80271
1990-02-28,43.256083,43.256083,42.949401,42.963341,33284,82762
1990-03-01,42.921521,43.005161,42.71242,42.7403,30426,82818
1990-03-02,42.7403,43.019101,42.7403,42.85182,34332,84384
1990-03-05,42.865761,42.879701,42.517258,42.545139,21398,84043
1990-03-06,42.586959,42.7403,42.503318,42.71242,23876,82257
1990-03-07,42.75424,42.83788,42.71242,42.7403,14186,81868
1990-03-08,42.69848,42.82394,42.69848,42.78212,19018,79267
1990-03-09,42.81,42.879701,42.461498,42.545139,37302,77387
1990-03-12,42.586959,42.628779,42.503318,42.614839,11548,77334
1990-03-13,42.600899,42.614839,42.280277,42.349977,28183,78340
1990-03-14,42.363917,42.614839,42.322097,42.600899,19204,79249
1990-03-15,42.600899,42.600899,42.475438,42.545139,13269,78369
1990-03-16,42.545139,42.82394,42.503318,42.78212,23597,77396
1990-03-19,42.79606,42.79606,42.628779,42.76818,10400,76554
1990-03-20,42.75424,42.935461,42.559079,42.935461,38846,76809
1990-03-21,42.907581,42.963341,42.81,42.879701,20074,69878
1990-03-22,42.81,43.116682,42.79606,42.907581,26782,67408
1990-03-23,42.907581,43.102742,42.85182,42.963341,20972,67022
1990-03-26,43.033042,43.144562,42.991221,43.019101,10575,67261
1990-03-27,43.033042,43.074862,42.935461,42.963341,12036,67973
1990-03-28,42.977281,43.088802,42.865761,43.019101,11940,69460
1990-03-29,43.019101,43.033042,42.7403,42.75424,20670,69416
1990-03-30,42.69848,42.79606,42.531198,42.573019,24010,71324
1990-04-02,42.586959,42.71242,42.573019,42.600899,14769,69791
1990-04-03,42.614839,42.75424,42.586959,42.656659,12114,70229
1990-04-04,42.656659,43.088802,42.642719,42.949401,19841,72477
1990-04-05,42.949401,42.963341,42.76818,42.907581,12973,72619
1990-04-06,42.907581,43.102742,42.78212,42.907581,22922,73017
1990-04-09,42.81,42.85182,42.7403,42.79606,6579,72600
1990-04-10,42.76818,42.907581,42.670599,42.76818,15896,73347
1990-04-11,42.642719,42.865761,42.642719,42.69848,17846,73743
1990-04-12,42.71242,42.81,42.614839,42.642719,10744,73574
1990-04-16,42.7403,42.7403,42.503318,42.559079,12348,74202
1990-04-17,42.573019,42.69848,42.196636,42.322097,27735,74367
1990-04-18,42.349977,42.433618,42.001475,42.043296,31596,76879
1990-04-19,42.057236,42.099056,41.931775,42.029355,21487,78610
1990-04-20,42.029355,42.126936,41.778434,41.820254,19801,79039
1990-04-23,41.764494,41.862074,41.722674,41.750554,20586,79873
1990-04-24,41.722674,41.862074,41.639033,41.694793,26823,81667
1990-04-25,41.736614,41.820254,41.652973,41.694793,24022,80820
1990-04-26,41.708733,41.750554,41.443872,41.541452,27507,82352
1990-04-27,41.555393,41.736614,41.457812,41.555393,24233,81043
1990-04-30,41.583273,41.625093,41.527512,41.597213,8602,80351
1990-05-01,41.666913,41.792374,41.443872,41.527512,19011,81070
1990-05-02,41.541452,41.541452,41.402052,41.499632,23873,81309
1990-05-03,41.583273,41.666913,41.555393,41.597213,21118,81308
1990-05-04,41.597213,42.238457,41.527512,42.182696,41949,80011
1990-05-07,42.154816,42.210577,42.043296,42.085116,12929,82366
1990-05-08,42.099056,42.210577,42.085116,42.196636,20788,81188
1990-05-09,42.140876,42.154816,41.903895,41.931775,30983,81164
1990-05-10,42.015415,42.182696,42.001475,42.182696,29039,80411
1990-05-11,42.140876,42.670599,42.112996,42.656659,53821,79577
1990-05-14,42.656659,42.78212,42.545139,42.75424,23968,81350
1990-05-15,42.7403,42.7403,42.559079,42.614839,19984,82001
1990-05-16,42.614839,42.684539,42.489378,42.559079,38969,82128
1990-05-17,42.573019,42.684539,42.461498,42.517258,24098,80073
1990-05-18,42.503318,42.503318,42.308157,42.363917,23004,84622
1990-05-21,42.363917,42.405738,42.280277,42.377858,22366,80678
1990-05-22,42.391807,42.684742,42.391807,42.670792,33569,82870
1990-05-23,42.698691,42.866082,42.573148,42.754488,43384,85330
1990-05-24,42.782386,42.921879,42.698691,42.698691,38906,82489
1990-05-25,42.656843,42.670792,42.489452,42.503401,18582,81173
1990-05-29,42.559198,42.642894,42.517351,42.642894,28480,82583
1990-05-30,42.684742,42.782386,42.684742,42.754488,42069,86770
1990-05-31,42.754488,42.796336,42.656843,42.796336,24577,87377
1990-06-01,42.796336,43.298509,42.754488,43.242712,56859,86595
1990-06-04,43.214814,43.298509,43.200864,43.256661,24722,87338
1990-06-05,43.242712,43.368255,43.117169,43.145067,21143,86683
1990-06-06,43.145067,43.200864,43.075321,43.159017,24055,84630
1990-06-07,43.172966,43.242712,43.10322,43.172966,16943,82846
1990-06-08,43.172966,43.242712,43.10322,43.159017,12084,81661
1990-06-11,43.131118,43.145067,43.019524,43.117169,14803,80093
1990-06-12,43.10322,43.172966,43.08927,43.117169,12470,78909
1990-06-13,43.10322,43.354306,43.10322,43.340357,17777,77414
1990-06-14,43.340357,43.47985,43.298509,43.424053,26364,78941
1990-06-15,43.438002,43.493799,43.08927,43.172966,31422,77806
1990-06-18,43.172966,43.200864,43.019524,43.047422,12995,77030
1990-06-19,43.047422,43.117169,42.977676,43.033473,17140,77541
1990-06-20,43.033473,43.117169,42.880031,42.90793,18077,73122
1990-06-21,42.921879,43.019524,42.866082,43.005575,17784,73543
1990-06-22,43.005575,43.08927,42.977676,43.033473,12493,73503
1990-06-25,43.08927,43.08927,42.768437,42.782386,12713,72897
1990-06-26,42.782386,43.075321,42.782386,42.90793,21746,72506
1990-06-27,42.963727,43.033473,42.90793,43.005575,12776,71504
1990-06-28,43.047422,43.186915,43.033473,43.159017,12457,70981
1990-06-29,43.172966,43.312458,43.08927,43.298509,24986,72162
1990-07-02,43.312458,43.312458,43.200864,43.270611,12370,72406
1990-07-03,43.298509,43.368255,43.228763,43.368255,8321,72039
1990-07-05,43.354306,43.396154,43.270611,43.28456,9611,71362
1990-07-06,43.312458,43.312458,42.977676,42.991625,27786,70348
1990-07-09,42.935828,42.949778,42.810285,42.866082,16675,70348
1990-07-10,42.852133,42.935828,42.796336,42.810285,13479,68586
1990-07-11,42.810285,42.977676,42.810285,42.880031,14354,69070
1990-07-12,42.852133,43.117169,42.684742,43.08927,31084,71130
1990-07-13,43.10322,43.298509,42.90793,43.200864,26444,69496
1990-07-16,43.214814,43.270611,43.131118,43.256661,10205,70578
1990-07-17,43.214814,43.312458,43.186915,43.28456,12952,71113
1990-07-18,43.270611,43.270611,42.991625,43.061372,30029,72614
1990-07-19,43.061372,43.10322,42.991625,43.047422,16620,72533
1990-07-20,43.061372,43.186915,43.061372,43.159017,16890,72757
1990-07-23,43.131118,43.4659,42.921879,43.145067,29807,71228
1990-07-24,43.075321,43.08927,42.893981,42.977676,21425,72427
1990-07-25,42.977676,43.145067,42.977676,43.117169,21123,71507
1990-07-26,43.131118,43.159017,43.10322,43.145067,13731,70630
1990-07-27,43.117169,43.368255,43.117169,43.354306,31095,72575
1990-07-30,43.340357,43.647241,43.340357,43.633291,28754,74314
1990-07-31,43.577494,43.619342,43.493799,43.535647,18720,72619
1990-08-01,43.549596,43.814632,43.507748,43.730936,26558,71734
1990-08-02,43.772784,43.772784,43.298509,43.410103,28717,71238
1990-08-03,43.410103,43.577494,43.08927,43.298509,34786,69418
1990-08-06,43.186915,43.186915,42.447604,42.5313,50752,67591
1990-08-07,42.559198,42.754488,42.266264,42.349959,36920,67273
1990-08-08,42.377858,42.517351,42.182568,42.33601,58648,72094
1990-08-09,42.475503,42.656843,42.322061,42.642894,31982,70647
1990-08-10,42.670792,42.768437,42.391807,42.587097,36468,69848
1990-08-13,42.698691,42.698691,42.419706,42.573148,17597,72845
1990-08-14,42.573148,42.740539,42.489452,42.656843,24977,75954
1990-08-15,42.656843,42.880031,42.573148,42.726589,25558,75136
1990-08-16,42.740539,42.740539,42.322061,42.363909,28635,75619
1990-08-17,42.322061,42.33601,42.196517,42.252315,18329,76031
1990-08-20,42.182568,42.308112,42.126771,42.252315,16120,77707
1990-08-21,42.224416,42.238365,41.95938,42.196517,29151,79040
1990-08-22,42.154601,42.196518,41.97296,42.000905,26387,81621
1990-08-23,41.903098,41.903098,41.665568,41.749402,35674,82511
1990-08-24,41.707485,41.861181,41.539817,41.637624,40315,79596
1990-08-27,41.903098,42.084739,41.903098,42.02885,28679,80813
1990-08-28,42.154601,42.196518,41.945015,41.945015,23496,81569
1990-08-29,41.945015,42.238435,41.931043,42.238435,25023,81394
1990-08-30,42.26638,42.280352,42.056794,42.168573,26000,79976
1990-08-31,42.168573,42.224463,42.098711,42.182546,25959,80161
1990-09-04,42.02885,42.098711,41.986933,42.042822,21684,78176
1990-09-05,42.056794,42.182546,42.042822,42.168573,26789,80092
1990-09-06,42.196518,42.252407,42.084739,42.224463,15102,78988
1990-09-07,42.224463,42.378159,42.042822,42.322269,36894,78140
1990-09-10,42.336241,42.420076,42.196518,42.196518,14614,77337
1990-09-11,42.154601,42.252407,42.112684,42.224463,37509,76131
1990-09-12,42.294324,42.322269,42.21049,42.238435,16626,74256
1990-09-13,42.238435,42.364186,42.168573,42.26638,12863,74427
1990-09-14,42.252407,42.252407,42.084739,42.112684,22188,71180
1990-09-17,42.084739,42.084739,41.97296,42.02885,26734,70823
1990-09-18,42.02885,42.070767,41.861181,42.042822,24690,68807
1990-09-19,42.014877,42.126656,41.917071,42.084739,24839,63772
1990-09-20,42.070767,42.126656,41.958988,41.986933,11196,64272
1990-09-21,42.000905,42.014877,41.763375,41.805292,20705,64541
1990-09-24,41.819264,41.819264,41.581734,41.665568,19805,65784
1990-09-25,41.623651,41.819264,41.595707,41.763375,18671,65875
1990-09-26,41.777347,41.875154,41.749402,41.79132,17047,66449
1990-09-27,41.805292,42.056794,41.805292,42.042822,22439,67794
1990-09-28,42.098711,42.322269,42.02885,42.308297,24408,68534
1990-10-01,42.392131,42.643633,42.350214,42.601716,27769,65962
1990-10-02,42.573772,42.755412,42.559799,42.657606,26613,67394
1990-10-03,42.671578,42.713495,42.531854,42.629661,19697,65109
1990-10-04,42.545827,42.727467,42.517882,42.713495,15954,67890
1990-10-05,42.797329,42.867191,42.559799,42.783357,27856,69240
1990-10-08,42.755412,42.755412,42.629661,42.68555,2145,68906
1990-10-09,42.629661,42.643633,42.252407,42.26638,19373,67976
1990-10-10,42.280352,42.280352,42.056794,42.140628,19096,67518
1990-10-11,42.014877,42.21049,41.945015,42.000905,28709,66154
1990-10-12,42.000905,42.378159,41.986933,42.26638,24271,66430
1990-10-15,42.322269,42.420076,42.26638,42.364186,15412,65228
1990-10-16,42.392131,42.434048,42.280352,42.406103,15987,65849
1990-10-17,42.489937,42.573772,42.378159,42.489937,29478,66081
1990-10-18,42.489937,42.755412,42.475965,42.629661,26110,65264
1990-10-19,42.671578,43.006915,42.643633,42.881163,27594,68454
1990-10-22,42.867191,42.97897,42.615689,42.867191,16082,68504
1990-10-23,42.867191,42.867191,42.727467,42.797329,12491,68637
1990-10-24,42.769385,42.811302,42.671578,42.769385,15424,68480
1990-10-25,42.811302,42.92308,42.727467,42.895136,15916,68288
1990-10-26,42.867191,42.895136,42.769385,42.853219,12544,68122
1990-10-29,42.895136,42.964998,42.671578,42.671578,14466,68336
1990-10-30,42.629661,42.671578,42.531854,42.657606,37299,66894
1990-10-31,42.671578,42.867191,42.643633,42.811302,15352,67405
1990-11-01,42.881163,43.118693,42.797329,43.034859,25287,70106
1990-11-02,43.076776,43.160611,42.964998,43.034859,27421,70335
1990-11-05,43.020887,43.230472,42.97897,43.230472,12869,72480
1990-11-06,43.244445,43.286362,43.146638,43.202528,27472,72002
1990-11-07,43.188555,43.328279,42.992942,43.020887,40118,72371
1990-11-08,43.048832,43.160611,42.964998,42.992942,27523,69119
1990-11-09,43.048832,43.272389,43.034859,43.272389,22672,70001
1990-11-12,43.328279,43.537864,43.328279,43.523892,13279,72749
1990-11-13,43.523892,43.593754,43.426085,43.579781,25511,76089
1990-11-14,43.537864,43.621698,43.481975,43.621698,26857,72098
1990-11-15,43.607726,43.635671,43.45403,43.565809,22509,72224
1990-11-16,43.551837,43.845256,43.537864,43.733477,28915,70981
1990-11-19,43.775394,43.817311,43.551837,43.635671,30536,69697
1990-11-20,43.621698,43.775394,43.607726,43.719505,23201,70909
1990-11-21,43.733477,43.887173,43.733477,43.873201,23435,70677
1990-11-23,43.831217,43.859207,43.789234,43.817223,9102,70716
1990-11-26,43.775239,43.887196,43.593309,43.873201,43522,76613
1990-11-27,43.859207,43.915185,43.789234,43.817223,38070,79375
1990-11-28,43.789234,43.859207,43.71926,43.74725,42709,79969
1990-11-29,43.761244,43.817223,43.551325,43.677276,42949,85127
1990-11-30,43.607303,43.859207,43.565319,43.677276,20853,84992
1990-12-03,43.887196,44.055132,43.873201,43.943175,24055,86059
1990-12-04,43.92918,44.097116,43.92918,43.999153,28077,85652
1990-12-05,44.097116,44.1391,43.985159,44.097116,28364,82631
1990-12-06,44.069126,44.237062,44.013148,44.027142,24616,81661
1990-12-07,44.055132,44.488966,44.055132,44.488966,39756,82020
1990-12-10,44.50296,44.684891,44.50296,44.600923,33088,81096
1990-12-11,44.614917,44.726875,44.600923,44.726875,25096,81187
1990-12-12,44.796848,44.866821,44.670896,44.796848,31483,79620
1990-12-13,44.782853,44.838832,44.544944,44.572934,28525,77494
1990-12-14,44.614917,44.656901,44.307035,44.363014,27545,73673
1990-12-17,44.279046,44.460976,44.265051,44.446982,16403,71101
1990-12-18,44.446982,44.600923,44.404998,44.544944,23397,72180
1990-12-19,44.810842,44.810842,44.432987,44.488966,30484,69119
1990-12-20,44.488966,44.50296,44.265051,44.32103,22442,70942
1990-12-21,44.307035,44.404998,44.167089,44.181084,15763,71599
1990-12-24,44.125105,44.1391,43.74725,43.873201,11108,69698
1990-12-26,43.971164,44.083121,43.943175,44.055132,7929,69728
1990-12-27,44.083121,44.251057,44.083121,44.153094,6889,69994
1990-12-28,44.181084,44.237062,43.985159,44.027142,10795,70708
1990-12-31,44.041137,44.251057,44.041137,44.223067,4754,70978
1991-01-02,44.307035,44.572934,44.307035,44.558939,18272,72617
1991-01-03,44.544944,44.768858,44.53095,44.670896,22946,74784
1991-01-04,44.670896,44.71288,44.349019,44.446982,34612,76975
1991-01-07,44.307035,44.335025,44.11111,44.125105,27370,76534
1991-01-08,44.125105,44.293041,44.027142,44.027142,32956,73657
1991-01-09,44.013148,44.391003,43.705266,43.733255,38685,69783
1991-01-10,43.74725,44.027142,43.74725,44.013148,25174,70440
1991-01-11,44.069126,44.181084,43.887196,43.985159,22803,69430
1991-01-14,43.789234,43.887196,43.691271,43.845212,24683,69303
1991-01-15,43.943175,43.999153,43.859207,43.887196,22642,71519
1991-01-16,43.92918,43.999153,43.761244,43.901191,21068,73321
1991-01-17,43.887196,44.614917,43.691271,44.460976,41993,71606
1991-01-18,44.391003,44.53095,44.11111,44.516955,28476,71883
1991-01-21,44.50296,44.50296,44.377009,44.446982,5665,71414
1991-01-22,44.432987,44.488966,44.307035,44.391003,22977,71963
1991-01-23,44.335025,44.488966,44.32103,44.474971,12792,72454
1991-01-24,44.516955,44.614917,44.474971,44.586928,13550,70220
1991-01-25,44.628912,44.684891,44.404998,44.418992,25356,73072
1991-01-28,44.404998,44.488966,44.391003,44.460976,16183,73327
1991-01-29,44.460976,44.544944,44.446982,44.53095,14393,74384
1991-01-30,44.516955,44.586928,44.418992,44.460976,18451,74016
1991-01-31,44.460976,44.558939,44.432987,44.516955,16667,74977
1991-02-01,44.544944,44.964783,44.544944,44.89481,42493,74126
1991-02-04,44.89481,44.992773,44.824837,44.978778,13251,73958
1991-02-05,44.978778,45.160708,44.964783,45.076741,22539,72967
1991-02-06,45.062746,45.10473,44.936794,45.090735,21430,71946
1991-02-07,45.118725,45.188698,44.992773,45.006767,20559,72332
1991-02-08,44.964783,45.244676,44.950789,45.188698,23640,71854
1991-02-11,45.160708,45.272666,45.118725,45.146714,19069,73336
1991-02-12,45.174703,45.230682,45.090735,45.174703,20401,73379
1991-02-13,45.188698,45.258671,45.118725,45.160708,22409,77815
1991-02-14,45.188698,45.202692,45.076741,45.090735,18751,79177
1991-02-15,45.090735,45.244676,45.048751,45.146714,22644,82809
1991-02-19,45.160708,45.160708,45.048751,45.048751,12211,83554
1991-02-20,45.034757,45.076741,44.9228,44.9228,20696,84259
1991-02-21,44.908805,45.006767,44.838832,44.852826,39265,87333
1991-02-22,44.824717,44.909054,44.740381,44.740381,35045,88544
1991-02-25,44.85283,44.85283,44.684157,44.782549,36499,87385
1991-02-26,44.838773,44.838773,44.557653,44.571709,47335,85345
1991-02-27,44.571709,44.585765,44.45926,44.557653,45143,86174
1991-02-28,44.585765,44.641989,44.360868,44.417092,36193,81457
1991-03-01,44.360868,44.360868,44.037579,44.093803,60822,84168
1991-03-04,44.093803,44.220308,44.093803,44.121915,22165,84450
1991-03-05,44.107859,44.304644,44.079747,44.220308,24867,84967
1991-03-06,44.276532,44.346812,44.150027,44.164083,24919,84428
1991-03-07,44.135971,44.346812,44.135971,44.304644,16671,85268
1991-03-08,44.332756,44.473316,44.093803,44.107859,45673,84203
1991-03-11,44.093803,44.360868,43.981355,44.346812,25833,83380
1991-03-12,44.360868,44.45926,44.24842,44.276532,26692,79472
1991-03-13,44.262476,44.45926,44.24842,44.445204,25563,81534
1991-03-14,44.487372,44.515484,44.38898,44.45926,24173,80884
1991-03-15,44.417092,44.487372,44.135971,44.206252,36142,78453
1991-03-18,44.178139,44.24842,44.009467,44.051635,17541,77557
1991-03-19,44.065691,44.093803,43.672122,43.742402,32684,67242
1991-03-20,43.78457,43.939187,43.756458,43.897019,24934,66415
1991-03-21,43.967299,44.107859,43.953243,44.051635,15706,65667
1991-03-22,44.051635,44.093803,43.981355,44.079747,10808,65951
1991-03-25,44.107859,44.178139,44.051635,44.107859,14060,66721
1991-03-26,44.107859,44.135971,43.967299,44.121915,15839,67842
1991-03-27,44.135971,44.304644,44.107859,44.276532,23847,68928
1991-03-28,44.290588,44.445204,44.24842,44.417092,17413,67129
1991-04-01,44.332756,44.45926,44.290588,44.38898,12244,68329
1991-04-02,44.374924,44.487372,44.332756,44.473316,17161,68945
1991-04-03,44.501428,44.515484,44.38898,44.431148,15083,69859
1991-04-04,44.417092,44.627933,44.346812,44.585765,23456,71163
1991-04-05,44.571709,44.768493,44.529541,44.599821,19292,71377
1991-04-08,44.641989,44.712269,44.627933,44.698213,10794,73382
1991-04-09,44.698213,44.698213,44.529541,44.543597,20380,72293
1991-04-10,44.529541,44.543597,44.262476,44.290588,17078,71213
1991-04-11,44.332756,44.445204,44.276532,44.3187,17995,67875
1991-04-12,44.346812,44.641989,44.346812,44.641989,27315,68442
1991-04-15,44.684157,44.866886,44.684157,44.768493,30254,69366
1991-04-16,44.768493,44.810661,44.670101,44.754437,18609,69580
1991-04-17,44.796605,44.894998,44.768493,44.810661,14623,70006
1991-04-18,44.810661,44.810661,44.529541,44.585765,24094,69985
1991-04-19,44.571709,44.585765,44.346812,44.403036,24202,70689
1991-04-22,44.346812,44.403036,44.206252,44.234364,15746,71228
1991-04-23,44.234364,44.38898,44.220308,44.3187,22790,71702
1991-04-24,44.346812,44.557653,44.304644,44.501428,22552,71201
1991-04-25,44.515484,44.599821,44.431148,44.45926,22292,73894
1991-04-26,44.45926,44.543597,44.234364,44.515484,28919,75284
1991-04-29,44.529541,44.599821,44.45926,44.501428,20777,77623
1991-04-30,44.501428,44.712269,44.431148,44.656045,40804,78694
1991-05-01,44.684157,44.740381,44.571709,44.712269,25642,79348
1991-05-02,44.726325,44.866886,44.712269,44.838773,25345,80807
1991-05-03,44.85283,44.92311,44.585765,44.627933,30605,83807
1991-05-06,44.45926,44.585765,44.45926,44.585765,11041,83452
1991-05-07,44.613877,44.684157,44.529541,44.571709,15325,83753
1991-05-08,44.529541,44.641989,44.45926,44.585765,30243,85881
1991-05-09,44.613877,44.670101,44.501428,44.613877,24732,87252
1991-05-10,44.641989,44.698213,44.234364,44.24842,30202,85565
1991-05-13,44.304644,44.445204,44.304644,44.431148,18755,84741
1991-05-14,44.45926,44.473316,44.150027,44.220308,48558,81594
1991-05-15,44.262476,44.346812,44.234364,44.24842,33295,84467
1991-05-16,44.276532,44.38898,44.276532,44.290588,17661,85194
1991-05-17,44.276532,44.529541,44.121915,44.445204,36438,86986
1991-05-20,44.417092,44.431148,44.360868,44.374924,10446,85512
1991-05-21,44.403036,44.571709,44.346812,44.557653,29326,83929
1991-05-22,44.515206,44.614255,44.486907,44.515206,26901,84182
1991-05-23,44.486907,44.557656,44.331259,44.387858,27721,85100
1991-05-24,44.387858,44.458607,44.28881,44.416158,21468,85096
1991-05-28,44.458607,44.543506,44.458607,44.543506,16637,84379
1991-05-29,44.515206,44.600105,44.515206,44.529356,18260,83572
1991-05-30,44.515206,44.699153,44.501056,44.699153,36542,82962
1991-05-31,44.685004,44.699153,44.472757,44.543506,31724,84905
1991-06-03,44.543506,44.543506,44.28881,44.302959,38900,79242
1991-06-04,44.302959,44.402008,44.26051,44.317109,21678,77889
1991-06-05,44.302959,44.345409,44.161462,44.203911,28095,77519
1991-06-06,44.232211,44.24636,44.019964,44.090713,34684,78653
1991-06-07,44.048263,44.062413,43.793567,43.906766,43417,81208
1991-06-10,43.935065,43.977515,43.864316,43.906766,16712,80916
1991-06-11,43.920915,43.963365,43.821867,43.920915,16080,81984
1991-06-12,43.906766,43.906766,43.666219,43.722819,21956,83125
1991-06-13,43.694519,43.807717,43.482272,43.779418,41689,83309
1991-06-14,43.793567,43.963365,43.793567,43.920915,20199,84178
1991-06-17,43.991664,43.991664,43.892616,43.892616,16254,83410
1991-06-18,43.878466,44.005814,43.807717,43.836017,25724,82354
1991-06-19,43.821867,43.864316,43.765268,43.836017,15456,74924
1991-06-20,43.836017,44.062413,43.821867,43.949215,19999,75940
1991-06-21,43.963365,44.005814,43.850167,43.864316,12026,75691
1991-06-24,43.850167,43.906766,43.765268,43.850167,9855,75844
1991-06-25,43.850167,43.892616,43.765268,43.850167,16001,77233
1991-06-26,43.821867,43.949215,43.821867,43.850167,12684,77675
1991-06-27,43.850167,43.963365,43.807717,43.920915,18846,81415
1991-06-28,43.920915,44.218061,43.906766,44.147312,24465,81834
1991-07-01,44.189761,44.203911,44.062413,44.104863,17525,81763
1991-07-02,44.104863,44.119012,44.048263,44.090713,9996,82551
1991-07-03,44.090713,44.175611,44.034114,44.147312,11715,83617
1991-07-05,44.161462,44.175611,43.836017,43.864316,12959,82842
1991-07-08,43.850167,43.920915,43.821867,43.906766,13779,82493
1991-07-09,43.906766,43.949215,43.836017,43.850167,15541,83402
1991-07-10,43.864316,43.920915,43.836017,43.906766,11859,83707
1991-07-11,43.935065,44.076563,43.892616,44.076563,11363,82720
1991-07-12,44.076563,44.27466,44.062413,44.232211,24854,81798
1991-07-15,44.218061,44.232211,44.133162,44.218061,11348,81261
1991-07-16,44.189761,44.26051,44.147312,44.189761,14466,80763
1991-07-17,44.175611,44.232211,44.076563,44.104863,12576,80771
1991-07-18,44.076563,44.133162,44.048263,44.090713,12967,81802
1991-07-19,44.133162,44.24636,44.119012,44.175611,11461,81765
1991-07-22,44.175611,44.203911,44.104863,44.189761,8088,80829
1991-07-23,44.189761,44.189761,44.090713,44.090713,12220,80445
1991-07-24,44.104863,44.373708,44.090713,44.359559,19792,81397
1991-07-25,44.345409,44.501056,44.331259,44.486907,19963,83890
1991-07-26,44.458607,44.585955,44.430307,44.486907,21212,85906
1991-07-29,44.472757,44.515206,44.416158,44.444457,9987,85060
1991-07-30,44.444457,44.486907,44.416158,44.458607,14334,84222
1991-07-31,44.472757,44.585955,44.472757,44.585955,20912,82601
1991-08-01,44.628404,44.642554,44.458607,44.486907,21599,82677
1991-08-02,44.543506,44.967999,44.529356,44.953849,34833,84503
1991-08-05,44.9397,44.996299,44.8831,44.982149,15580,86374
1991-08-06,44.996299,45.279294,44.9397,45.222695,40674,90263
1991-08-07,45.194396,45.307594,45.151946,45.222695,29846,89055
1991-08-08,45.194396,45.279294,45.038748,45.081197,28243,87908
1991-08-09,45.052898,45.166096,45.010448,45.081197,21667,88205
1991-08-12,45.109497,45.180246,45.081197,45.166096,14189,88371
1991-08-13,45.180246,45.350043,45.067048,45.279294,27396,90270
1991-08-14,45.293444,45.618889,45.293444,45.57644,45768,97581
1991-08-15,45.57644,45.689638,45.420792,45.477391,36627,97113
1991-08-16,45.491541,45.590589,45.406642,45.53399,28317,96649
1991-08-19,45.54814,45.958484,45.420792,45.53399,35673,95268
1991-08-20,45.519841,45.647189,45.505691,45.618889,24619,96134
1991-08-21,45.633039,45.689638,45.519841,45.618889,42456,95911
1991-08-22,45.675877,45.718618,45.618889,45.675877,25074,96891
1991-08-23,45.675877,45.675877,45.362443,45.405184,35925,101089
1991-08-26,45.405184,45.419431,45.276961,45.291208,34174,99338
1991-08-27,45.291208,45.390937,45.291208,45.37669,19338,100461
1991-08-28,45.405184,45.66163,45.37669,45.647383,58212,103112
1991-08-29,45.647383,45.903829,45.604642,45.861088,52051,105499
1991-08-30,45.818347,45.818347,45.561901,45.647383,33653,102990
1991-09-03,45.704371,45.732865,45.604642,45.675877,21014,104752
1991-09-04,45.690124,45.761359,45.618889,45.647383,26241,100943
1991-09-05,45.647383,45.690124,45.576148,45.590395,16956,100166
1991-09-06,45.547654,45.846841,45.476419,45.818347,34007,98354
1991-09-09,45.818347,46.003558,45.8041,45.94657,25435,96785
1991-09-10,45.94657,46.032052,45.889582,45.918076,26324,94926
1991-09-11,45.932323,45.989311,45.861088,45.889582,21047,95435
1991-09-12,45.903829,46.131781,45.889582,46.117534,26076,97542
1991-09-13,46.23151,46.37398,46.08904,46.131781,40447,96672
1991-09-16,46.174522,46.260004,46.174522,46.245757,14567,95949
1991-09-17,46.23151,46.288498,46.131781,46.274251,19017,95763
1991-09-18,46.302745,46.331239,46.203016,46.274251,19709,95922
1991-09-19,46.260004,46.345486,46.146028,46.274251,22236,82533
1991-09-20,46.288498,46.487956,46.288498,46.388227,21264,86052
1991-09-23,46.37398,46.445215,46.316992,46.430968,15326,86843
1991-09-24,46.459462,46.51645,46.359733,46.402474,23898,89043
1991-09-25,46.416721,46.459462,46.316992,46.37398,18116,87782
1991-09-26,46.37398,46.459462,46.331239,46.445215,21204,91877
1991-09-27,46.445215,46.715908,46.445215,46.687414,27082,94033
1991-09-30,46.701661,46.80139,46.673167,46.772896,21751,95554
1991-10-01,46.80139,46.929613,46.758649,46.80139,19721,96355
1991-10-02,46.858378,46.886872,46.744402,46.744402,14431,97255
1991-10-03,46.744402,46.844131,46.715908,46.744402,14900,96201
1991-10-04,46.730155,47.029342,46.644673,47.000848,31457,98096
1991-10-07,47.029342,47.057836,46.986601,47.000848,15793,99279
1991-10-08,47.000848,47.015095,46.915366,46.929613,12949,97581
1991-10-09,46.886872,46.915366,46.559191,46.644673,28686,95369
1991-10-10,46.644673,46.687414,46.345486,46.430968,42572,95541
1991-10-11,46.445215,46.872625,46.430968,46.829884,21881,96415
1991-10-14,46.844131,46.886872,46.744402,46.80139,4185,95493
1991-10-15,46.80139,46.901119,46.758649,46.886872,17050,94185
1991-10-16,46.915366,46.986601,46.872625,46.886872,13950,94721
1991-10-17,46.886872,46.94386,46.559191,46.559191,29863,94437
1991-10-18,46.487956,46.772896,46.416721,46.701661,31418,94548
1991-10-21,46.744402,46.744402,46.316992,46.402474,28549,92339
1991-10-22,46.37398,46.445215,46.117534,46.260004,46328,88451
1991-10-23,46.260004,46.345486,46.146028,46.23151,24417,87468
1991-10-24,46.245757,46.473709,46.245757,46.402474,23299,86616
1991-10-25,46.37398,46.402474,46.260004,46.274251,21834,85160
1991-10-28,46.23151,46.430968,46.188769,46.430968,23268,87830
1991-10-29,46.416721,46.901119,46.416721,46.844131,45212,89940
1991-10-30,46.886872,46.986601,46.815637,46.901119,33322,89615
1991-10-31,46.886872,47.029342,46.815637,46.94386,26148,90426
1991-11-01,46.915366,47.129071,46.872625,46.915366,25800,90682
1991-11-04,46.829884,46.872625,46.744402,46.872625,18573,90106
1991-11-05,46.858378,46.915366,46.65892,46.687414,28047,90768
1991-11-06,46.65892,46.901119,46.587685,46.744402,32851,89772
1991-11-07,46.744402,47.08633,46.744402,47.072083,25895,91885
1991-11-08,47.08633,47.214553,46.972354,47.08633,39601,94317
1991-11-11,47.043589,47.143318,47.043589,47.143318,5645,94188
1991-11-12,47.143318,47.271541,47.143318,47.243047,25215,98902
1991-11-13,47.285788,47.285788,46.758649,47.043589,51422,101108
1991-11-14,47.072083,47.357023,47.000848,47.243047,35714,103949
1991-11-15,47.243047,47.342776,47.200306,47.271541,34035,103941
1991-11-18,47.385517,47.414011,47.257294,47.271541,22966,101275
1991-11-19,47.243047,47.328529,47.171812,47.214553,49938,93605
1991-11-20,47.114824,47.214553,47.043589,47.157565,30039,90652
1991-11-21,47.200306,47.314282,47.029342,47.08633,36204,89853
1991-11-22,47.028909,47.100687,46.928419,46.942775,37914,87799
1991-11-25,46.914064,47.000197,46.885353,46.885353,35969,92495
1991-11-26,46.899708,47.071975,46.899708,47.043264,53606,93692
1991-11-27,47.071975,47.071975,46.813575,47.05762,60440,104753
1991-11-29,47.115042,47.201176,47.115042,47.18682,11396,105270
1991-12-02,47.18682,47.373443,47.18682,47.373443,23052,98826
1991-12-03,47.416509,47.574421,47.387798,47.560065,35004,102150
1991-12-04,47.560065,47.947666,47.502643,47.933311,43530,103147
1991-12-05,47.875888,47.933311,47.746688,47.761044,66869,97250
1991-12-06,47.703621,48.450112,47.560065,47.574421,56771,93290
1991-12-09,47.560065,47.746688,47.560065,47.732332,24137,93659
1991-12-10,47.703621,47.947666,47.703621,47.732332,36271,93081
1991-12-11,47.746688,47.847177,47.67491,47.717977,37434,95838
1991-12-12,47.717977,47.832822,47.660554,47.789755,26477,93195
1991-12-13,47.80411,47.80411,47.617488,47.646199,33222,90456
1991-12-16,47.703621,47.732332,47.646199,47.717977,18749,91740
1991-12-17,47.789755,47.832822,47.689266,47.818466,32131,94271
1991-12-18,47.818466,47.9046,47.746688,47.80411,18906,95344
1991-12-19,47.818466,48.134289,47.818466,48.105578,23190,95365
1991-12-20,48.148645,48.536245,48.105578,48.493179,33880,96424
1991-12-23,48.493179,48.823357,48.478823,48.708512,20815,97828
1991-12-24,48.737224,48.765935,48.608023,48.751579,8340,97212
1991-12-26,48.751579,48.909491,48.737224,48.852068,6742,97390
1991-12-27,48.866424,48.952557,48.809002,48.923846,13822,99966
1991-12-30,48.895135,49.167891,48.88078,49.13918,15771,101255
1991-12-31,49.196602,49.397581,49.124825,49.282736,15081,101394
1992-01-02,49.311447,49.325803,48.88078,48.981269,36718,103524
1992-01-03,48.995624,49.024335,48.665446,48.823357,44134,105572
1992-01-06,48.823357,48.995624,48.809002,48.923846,22450,103963
1992-01-07,48.938202,49.13918,48.895135,49.110469,26262,107954
1992-01-08,49.096113,49.13918,48.938202,48.995624,28701,108520
1992-01-09,49.038691,49.167891,48.737224,48.909491,59703,109704
1992-01-10,48.923846,48.938202,48.608023,48.665446,50066,113175
1992-01-13,48.65109,48.694157,48.407045,48.421401,41221,120343
1992-01-14,48.335267,48.363978,47.660554,48.062511,79660,121185
1992-01-15,48.0338,48.163,47.80411,48.0338,53127,119355
1992-01-16,47.990733,48.062511,47.689266,47.732332,54412,125232
1992-01-17,47.660554,47.933311,47.660554,47.9046,41258,129005
1992-01-20,47.890244,48.119933,47.890244,48.105578,4097,128933
1992-01-21,48.119933,48.306556,48.048155,48.277845,37229,127613
1992-01-22,48.249134,48.277845,47.962022,48.134289,41440,128770
1992-01-23,48.091222,48.105578,47.775399,47.775399,38890,130667
1992-01-24,47.703621,47.789755,47.646199,47.689266,43713,127273
1992-01-27,47.703621,47.847177,47.631843,47.717977,24198,129850
1992-01-28,47.660554,48.076867,47.660554,48.0338,42565,123163
1992-01-29,48.019444,48.234778,47.631843,47.646199,73579,121655
1992-01-30,47.660554,47.861533,47.416509,47.502643,57234,123457
1992-01-31,47.516999,47.67491,47.488287,47.560065,28919,125361
1992-02-03,47.617488,47.717977,47.31602,47.402154,39893,130061
1992-02-04,47.387798,47.67491,47.387798,47.67491,37223,124670
1992-02-05,47.703621,47.962022,47.689266,47.933311,48191,121576
1992-02-06,48.005089,48.206067,47.890244,47.933311,64777,116111
1992-02-07,47.9046,48.2922,47.789755,47.962022,69280,115035
1992-02-10,47.990733,48.005089,47.847177,47.947666,20241,111340
1992-02-11,47.947666,48.005089,47.746688,47.861533,32230,113214
1992-02-12,47.861533,47.875888,47.67491,47.703621,32088,112242
1992-02-13,47.703621,47.717977,47.201176,47.330376,65302,114369
1992-02-14,47.330376,47.387798,47.000197,47.344732,39860,116710
1992-02-18,47.459576,47.531354,47.100687,47.158109,41658,114988
1992-02-19,47.115042,47.373443,47.000197,47.330376,46483,109942
1992-02-20,47.373443,47.473932,47.301665,47.359087,35524,113171
1992-02-21,47.359087,47.387798,47.158109,47.244242,39336,120080
1992-02-24,47.244245,47.287748,47.157239,47.17174,26702,113348
1992-02-25,47.157239,47.505263,47.157239,47.31675,58913,109909
1992-02-26,47.287748,47.737279,47.229744,47.708277,60354,108465
1992-02-27,47.708277,47.737279,47.505263,47.592269,68379,105303
1992-02-28,47.60677,47.853287,47.563267,47.838786,39984,105367
1992-03-02,47.853287,47.89679,47.418257,47.432758,73558,107679
1992-03-03,47.389255,47.447259,47.070233,47.302249,58657,107717
1992-03-04,47.302249,47.389255,47.17174,47.345752,31119,109828
1992-03-05,47.302249,47.302249,47.084734,47.099235,51073,105218
1992-03-06,47.055732,47.273247,46.780213,47.229744,76753,107432
1992-03-09,47.215243,47.432758,47.215243,47.432758,21388,104868
1992-03-10,47.46176,47.577768,47.418257,47.447259,36463,103588
1992-03-11,47.389255,47.46176,47.157239,47.186241,34370,103210
1992-03-12,47.17174,47.186241,46.823716,46.852718,48483,102687
1992-03-13,46.867219,47.070233,46.577199,46.620702,61867,109006
1992-03-16,46.606201,46.722209,46.577199,46.635203,24582,110114
1992-03-17,46.620702,46.910722,46.490193,46.88172,49535,108975
1992-03-18,46.910722,46.939724,46.780213,46.896221,22640,107372
1992-03-19,46.896221,47.17174,46.867219,47.041231,25254,106838
1992-03-20,47.084734,47.128237,46.780213,46.852718,30024,103649
1992-03-23,46.852718,46.925223,46.809215,46.896221,10879,103335
1992-03-24,46.896221,47.244245,46.896221,47.229744,24434,103449
1992-03-25,47.244245,47.374754,47.17174,47.273247,28699,101097
1992-03-26,47.229744,47.331251,47.055732,47.084734,27456,101712
1992-03-27,47.041231,47.273247,46.954225,47.17174,27873,102115
1992-03-30,47.186241,47.287748,47.099235,47.200742,24195,103698
1992-03-31,47.200742,47.229744,47.041231,47.186241,33686,105934
1992-04-01,47.200742,47.519764,47.113736,47.490762,37420,103920
1992-04-02,47.519764,47.519764,47.360253,47.418257,24315,102989
1992-04-03,47.46176,47.693776,47.447259,47.650273,40280,104525
1992-04-06,47.650273,47.737279,47.635772,47.679275,16722,103200
1992-04-07,47.635772,47.708277,47.563267,47.664774,22274,102875
1992-04-08,47.693776,47.809784,47.519764,47.534265,28143,104090
1992-04-09,47.60677,47.954794,47.519764,47.925792,42500,104826
1992-04-10,47.911291,47.969295,47.635772,47.853287,40744,104862
1992-04-13,47.867788,47.998297,47.824285,47.969295,796,96712
1992-04-15,48.012798,48.027299,47.867788,47.882289,15682,100356
1992-04-16,47.75178,47.795283,47.60677,47.621271,19095,104446
1992-04-20,47.46176,47.490762,47.200742,47.215243,26458,101502
1992-04-21,47.200742,47.374754,47.200742,47.273247,31694,100503
1992-04-22,47.287748,47.403756,47.273247,47.302249,18881,100575
1992-04-23,47.302249,47.31675,47.099235,47.229744,33871,99842
1992-04-24,47.273247,47.476261,47.273247,47.389255,24699,101336
1992-04-27,47.432758,47.432758,47.229744,47.244245,20217,103196
1992-04-28,47.215243,47.403756,47.113736,47.345752,38324,104352
1992-04-29,47.374754,47.389255,47.200742,47.258746,21579,104770
1992-04-30,47.244245,47.302249,47.17174,47.200742,27515,102224
1992-05-01,47.258746,47.476261,47.258746,47.46176,26896,102545
1992-05-04,47.447259,47.46176,47.302249,47.374754,15116,104107
1992-05-05,47.389255,47.46176,47.31675,47.432758,15116,104107
1992-05-06,47.505263,47.664774,47.418257,47.635772,35844,104347
1992-05-07,47.650273,47.693776,47.519764,47.548766,32705,101457
1992-05-08,47.664774,47.838786,47.490762,47.824285,52862,104973
1992-05-11,47.838786,47.911291,47.795283,47.824285,16802,106217
1992-05-12,47.838786,48.085303,47.838786,48.012798,45512,111795
1992-05-13,47.998297,48.172309,47.940293,48.056301,45268,114075
1992-05-14,48.056301,48.114305,47.998297,48.027299,29842,113258
1992-05-15,48.012798,48.288317,47.940293,48.273816,36677,118292
1992-05-18,48.201311,48.33182,48.18681,48.273816,45587,117979
1992-05-19,48.288317,48.534834,48.244814,48.534834,30413,118093
1992-05-20,48.520333,48.636341,48.346321,48.360822,40837,119668
1992-05-21,48.317319,48.317319,47.969295,47.983796,57347,113671
1992-05-22,47.925174,48.145015,47.925174,48.115703,18206,113431
1992-05-26,48.057078,48.057078,47.705334,47.71999,51460,116306
1992-05-27,47.763958,47.851894,47.690678,47.807926,53949,120565
1992-05-28,47.807926,48.027766,47.778614,48.01311,52837,122881
1992-05-29,48.071734,48.247607,48.027766,48.174327,49318,125254
1992-06-01,48.130359,48.188983,47.837238,47.954486,59347,127545
1992-06-02,47.983798,48.159671,47.851894,48.145015,48746,126830
1992-06-03,48.159671,48.188983,48.042422,48.188983,49895,124291
1992-06-04,48.174327,48.203639,48.08639,48.174327,29708,122311
1992-06-05,48.159671,48.408823,48.101046,48.306231,43997,125988
1992-06-08,48.291575,48.335543,48.218295,48.320887,14176,126320
1992-06-09,48.306231,48.408823,48.218295,48.232951,22916,127276
1992-06-10,48.247607,48.276919,48.159671,48.218295,36964,124429
1992-06-11,48.203639,48.350199,48.115703,48.291575,31615,123336
1992-06-12,48.306231,48.584695,48.262263,48.423479,32431,123364
1992-06-15,48.452791,48.540727,48.408823,48.452791,16861,124148
1992-06-16,48.452791,48.672631,48.364855,48.599351,33661,125385
1992-06-17,48.614007,48.716599,48.555383,48.672631,29153,125679
1992-06-18,48.687287,48.877815,48.672631,48.775223,28396,124414
1992-06-19,48.789879,48.804535,48.540727,48.599351,30068,110974
1992-06-22,48.614007,48.731255,48.584695,48.628663,13942,110650
1992-06-23,48.599351,48.628663,48.482103,48.511415,24455,115009
1992-06-24,48.555383,48.760567,48.555383,48.701943,23746,115671
1992-06-25,48.687287,48.907127,48.687287,48.907127,31787,118402
1992-06-26,48.921783,48.980407,48.804535,48.877815,21508,120408
1992-06-29,48.892471,49.039032,48.877815,48.995064,25402,125080
1992-06-30,49.00972,49.024376,48.892471,48.951095,31131,126788
1992-07-01,48.965751,49.097656,48.877815,49.039032,31839,127614
1992-07-02,49.083,49.786488,49.053688,49.625272,50777,131132
1992-07-06,49.610616,49.786488,49.59596,49.683896,34316,133108
1992-07-07,49.698552,49.874425,49.683896,49.801144,33390,136046
1992-07-08,49.830456,49.889081,49.639928,49.727864,36273,138957
1992-07-09,49.74252,49.74252,49.625272,49.74252,25227,141244
1992-07-10,49.786488,49.977017,49.698552,49.713208,34911,144827
1992-07-13,49.698552,49.74252,49.537336,49.610616,23818,145868
1992-07-14,49.59596,49.66924,49.537336,49.639928,39494,140950
1992-07-15,49.639928,49.903737,49.639928,49.874425,38364,142955
1992-07-16,49.947705,49.991673,49.66924,49.962361,49058,147720
1992-07-17,49.962361,49.977017,49.830456,49.889081,33111,150236
1992-07-20,49.889081,50.182201,49.801144,49.933049,23145,149588
1992-07-21,49.903737,50.035641,49.874425,49.991673,24725,147973
1992-07-22,49.977017,50.167545,49.918393,50.152889,31437,147544
1992-07-23,50.138233,50.621881,50.123577,50.607225,46550,148094
1992-07-24,50.621881,50.651193,50.387385,50.548601,37306,150343
1992-07-27,50.548601,50.81241,50.533945,50.709817,35822,147658
1992-07-28,50.739129,51.002938,50.695161,50.900346,48748,145968
1992-07-29,50.900346,51.237434,50.871034,50.944314,48121,146362
1992-07-30,50.88569,50.88569,50.402041,50.577913,67763,150271
1992-07-31,50.651193,50.797754,50.460665,50.533945,65166,151888
1992-08-03,50.475321,50.533945,50.314105,50.475321,41291,151948
1992-08-04,50.504633,50.753785,50.475321,50.753785,36035,153527
1992-08-05,50.768442,51.017594,50.724473,50.797754,64724,154674
1992-08-06,50.827066,50.900346,50.695161,50.768442,60411,157737
1992-08-07,50.768442,51.222778,50.607225,51.134842,72921,159985
1992-08-10,51.134842,51.383994,51.134842,51.340026,28687,161630
1992-08-11,51.354682,51.559866,51.222778,51.427962,52328,162084
1992-08-12,51.486586,51.54521,51.310714,51.369338,47139,157468
1992-08-13,51.383994,51.530554,51.017594,51.046906,61035,155775
1992-08-14,51.046906,51.266746,51.002938,51.17881,36016,156450
1992-08-17,51.208122,51.222778,50.973626,51.076218,22863,159174
1992-08-18,51.120186,51.413306,51.10553,51.354682,46786,160726
1992-08-19,51.354682,51.383994,51.25209,51.369338,24595,159722
1992-08-20,51.413306,51.442618,51.281402,51.427962,33991,159158
1992-08-21,51.383994,51.677115,51.076218,51.17881,63688,164176
1992-08-24,51.149169,51.208455,50.660057,50.660057,64844,155536
1992-08-25,50.630414,50.793451,50.467377,50.49702,69327,156672
1992-08-26,50.482199,50.674879,50.482199,50.674879,57929,157261
1992-08-27,50.748987,50.912024,50.748987,50.823095,77280,164566
1992-08-28,50.882381,50.986132,50.823095,50.897202,56098,165038
1992-08-31,50.837916,51.015775,50.837916,51.000953,29717,162160
1992-09-01,51.015775,51.238098,50.956488,51.208455,62990,164776
1992-09-02,51.193633,51.401135,51.193633,51.312206,73731,158409
1992-09-03,51.312206,51.327027,51.178812,51.282563,58178,160851
1992-09-04,51.282563,51.860603,51.267741,51.756852,67272,163103
1992-09-08,51.845781,52.082926,51.83096,52.082926,54968,166186
1992-09-09,52.068105,52.068105,51.919889,51.949532,59253,168562
1992-09-10,51.919889,51.993997,51.801317,51.993997,57846,169838
1992-09-11,51.949532,52.127391,51.727209,51.786495,65492,174552
1992-09-14,51.905068,52.231142,51.816138,51.934711,32160,175739
1992-09-15,51.964354,51.964354,51.593815,51.682744,84210,179160
1992-09-16,51.756852,51.816138,51.460421,51.653101,91830,181620
1992-09-17,51.712388,51.771674,51.593815,51.667923,38898,185038
1992-09-18,51.697566,51.712388,51.564172,51.697566,58443,188980
1992-09-21,51.593815,51.682744,51.401135,51.63828,32268,165804
1992-09-22,51.653101,51.653101,51.282563,51.341849,44256,168314
1992-09-23,51.252919,51.341849,51.060239,51.075061,60992,174943
1992-09-24,51.089882,51.415957,51.089882,51.401135,36411,174208
1992-09-25,51.430778,51.742031,51.35667,51.682744,51206,175823
1992-09-28,51.653101,51.890246,51.593815,51.860603,23097,174013
1992-09-29,51.845781,51.905068,51.756852,51.83096,33600,176763
1992-09-30,51.786495,51.875425,51.756852,51.801317,34506,177432
1992-10-01,51.801317,52.290428,51.801317,52.245963,72966,180520
1992-10-02,52.171856,52.260785,51.697566,52.157034,63271,180554
1992-10-05,52.157034,52.468287,52.112569,52.21632,52911,178795
1992-10-06,52.186677,52.260785,51.949532,51.964354,56226,186896
1992-10-07,51.949532,51.993997,51.371492,51.386313,67020,185325
1992-10-08,51.371492,51.667923,51.371492,51.623458,73821,187990
1992-10-09,51.682744,51.697566,51.252919,51.327027,58972,188344
1992-10-12,51.460421,51.519707,51.327027,51.35667,10090,187164
1992-10-13,51.35667,51.519707,51.267741,51.35667,43280,188060
1992-10-14,51.341849,51.490064,51.134347,51.401135,60930,187510
1992-10-15,51.415957,51.697566,51.312206,51.371492,44055,185268
1992-10-16,51.327027,51.386313,51.134347,51.267741,58471,190672
1992-10-19,51.297384,51.35667,50.926845,51.015775,54590,189122
1992-10-20,50.986132,51.000953,50.363626,50.422913,107043,191876
1992-10-21,50.348805,50.763808,50.185768,50.660057,89327,193165
1992-10-22,50.823095,50.986132,50.39327,50.837916,73084,194024
1992-10-23,50.763808,50.852738,50.467377,50.541485,49025,199272
1992-10-26,50.600771,50.630414,50.319162,50.526664,37784,199714
1992-10-27,50.482199,50.793451,50.452556,50.719344,63846,200322
1992-10-28,50.734165,50.867559,50.660057,50.660057,53135,204198
1992-10-29,50.734165,50.897202,50.689701,50.837916,51259,207260
1992-10-30,50.897202,51.000953,50.571128,50.600771,59150,211903
1992-11-02,50.600771,50.600771,50.333983,50.408091,55417,215073
1992-11-03,50.378448,50.615593,50.215411,50.49702,57799,208234
1992-11-04,50.378448,50.734165,50.363626,50.408091,67716,206370
1992-11-05,50.422913,50.600771,50.39327,50.467377,49808,202998
1992-11-06,50.467377,50.645236,50.126482,50.141303,63493,203730
1992-11-09,50.141303,50.185768,49.993088,50.082017,49895,202639
1992-11-10,50.11166,50.482199,50.082017,50.378448,70117,195357
1992-11-11,50.437734,50.600771,50.437734,50.556307,15087,193027
1992-11-12,50.58595,50.882381,50.482199,50.852738,72020,189591
1992-11-13,50.852738,50.897202,50.511842,50.719344,77638,193028
1992-11-16,50.660057,50.660057,50.378448,50.467377,51726,194047
1992-11-17,50.482199,50.674879,50.437734,50.58595,69793,194491
1992-11-18,50.630414,50.882381,50.630414,50.852738,68236,197554
1992-11-19,50.852738,50.897202,50.704522,50.748987,67667,196760
1992-11-20,50.674879,50.748987,50.58595,50.645236,52244,203592
1992-11-23,50.645238,50.645238,50.52519,50.60022,50137,195591
1992-11-24,50.630232,50.720268,50.45016,50.705262,105218,200133
1992-11-25,50.705262,50.720268,50.540196,50.570208,55723,200755
1992-11-27,50.645238,50.67525,50.285094,50.315106,28964,203330
1992-11-30,50.3001,50.345118,50.105022,50.285094,97108,203516
1992-12-01,50.270088,50.435154,50.255082,50.390136,131189,206613
1992-12-02,50.37513,50.420148,50.3001,50.390136,56312,209898
1992-12-03,50.390136,50.52519,50.360124,50.510184,85803,206321
1992-12-04,50.540196,50.855322,50.345118,50.840316,91485,203363
1992-12-07,50.870328,51.185454,50.810304,51.095418,83944,197670
1992-12-08,51.080412,51.305502,51.035394,51.290496,59895,199363
1992-12-09,51.27549,51.290496,51.065406,51.155442,54243,201263
1992-12-10,51.140436,51.215466,51.020388,51.140436,61076,200949
1992-12-11,51.12543,51.215466,50.960364,51.005382,40824,203219
1992-12-14,50.990376,51.035394,50.885334,50.915346,49236,199674
1992-12-15,50.870328,51.005382,50.840316,50.930352,44218,200218
1992-12-16,50.945358,51.20046,50.915346,51.080412,39829,200559
1992-12-17,51.095418,51.170448,50.870328,51.035394,52395,200176
1992-12-18,51.095418,51.155442,51.005382,51.155442,32167,196395
1992-12-21,51.170448,51.470568,51.12543,51.35052,37743,192527
1992-12-22,51.320508,51.560604,51.290496,51.530592,29828,178387
1992-12-23,51.530592,51.545598,51.290496,51.410544,31029,173499
1992-12-24,51.35052,51.42555,51.320508,51.35052,6271,174062
1992-12-28,51.335514,51.335514,51.215466,51.230472,9835,174261
1992-12-29,51.215466,51.42555,51.140436,51.365526,23624,175332
1992-12-30,51.395538,51.470568,51.305502,51.410544,21403,174000
1992-12-31,51.380532,51.410544,51.245478,51.335514,9135,176644
1993-01-04,51.320508,51.710664,51.320508,51.695658,40175,178175
1993-01-05,51.695658,51.72567,51.605622,51.65064,40289,182858
1993-01-06,51.635634,51.65064,51.485574,51.57561,42679,186330
1993-01-07,51.545598,51.545598,51.110424,51.140436,70771,189987
1993-01-08,51.12543,51.35052,50.990376,51.290496,89076,186568
1993-01-11,51.27549,51.8007,51.260484,51.440556,50904,186166
1993-01-12,51.485574,51.620628,51.305502,51.395538,63094,186794
1993-01-13,51.42555,51.485574,51.290496,51.470568,56908,188817
1993-01-14,51.515586,51.740676,51.470568,51.665646,60500,189256
1993-01-15,51.740676,51.95076,51.710664,51.920748,62604,188474
1993-01-18,51.905742,51.920748,51.845718,51.890736,6656,188848
1993-01-19,51.905742,52.02579,51.755682,51.965766,53875,190585
1993-01-20,51.95076,52.010784,51.815706,51.860724,46779,187726
1993-01-21,51.845718,51.935754,51.72567,51.920748,52621,193241
1993-01-22,51.95076,52.160844,51.920748,52.10082,48128,196618
1993-01-25,52.10082,52.40094,52.10082,52.370928,54545,199331
1993-01-26,52.430952,52.566006,52.295898,52.310904,93274,191205
1993-01-27,52.295898,52.505982,52.265886,52.415946,60842,191957
1993-01-28,52.430952,52.671048,52.415946,52.551,81806,197446
1993-01-29,52.641036,52.821108,52.460964,52.716066,59083,199980
1993-02-01,52.821108,52.836114,52.62603,52.821108,42417,198789
1993-02-02,52.806102,52.806102,52.566006,52.596018,44297,198592
1993-02-03,52.581012,52.656042,52.535994,52.62603,34977,201003
1993-02-04,52.70106,52.866125,52.671048,52.821108,47801,202791
1993-02-05,52.836114,53.151239,52.716066,53.121227,69761,203647
1993-02-08,53.121227,53.121227,52.941155,52.956161,36600,203260
1993-02-09,52.911143,52.941155,52.761084,52.821108,51610,205656
1993-02-10,52.806102,52.911143,52.535994,52.581012,65514,204668
1993-02-11,52.596018,52.806102,52.520988,52.761084,61840,198756
1993-02-12,52.791096,52.926149,52.581012,52.806102,54803,198859
1993-02-16,52.881131,53.031191,52.821108,52.851119,60096,200193
1993-02-17,52.836114,53.091215,52.836114,53.076209,71982,209112
1993-02-18,53.076209,53.586413,53.076209,53.526389,84782,210431
1993-02-19,53.571407,53.661443,53.436353,53.556401,53708,206731
1993-02-22,53.480482,53.814546,53.389374,53.814546,59332,211321
1993-02-23,53.890469,54.376379,53.82973,54.34601,129203,216343
1993-02-24,54.376379,54.421933,54.027131,54.057501,112200,216524
1993-02-25,54.057501,54.300456,53.920838,53.951208,116235,220319
1993-02-26,53.920838,54.08787,53.844915,53.996762,89122,223205
1993-03-01,54.072685,54.391564,54.072685,54.34601,85595,217783
1993-03-02,54.31564,54.406748,54.224532,54.300456,97303,200052
1993-03-03,54.34601,54.634519,54.330825,54.588965,88308,202210
1993-03-04,54.57378,55.105244,54.528226,54.725627,134067,202514
1993-03-05,54.695258,54.862289,53.920838,54.452303,123377,196771
1993-03-08,54.513041,55.150798,54.330825,54.513041,77094,195453
1993-03-09,54.528226,54.619334,54.224532,54.285271,123637,187761
1993-03-10,54.254902,54.330825,54.042316,54.133424,90629,188238
1993-03-11,54.178978,54.285271,54.103055,54.118239,53613,189974
1993-03-12,54.072685,54.072685,53.510852,53.617145,118194,195257
1993-03-15,53.586775,53.768991,53.328635,53.450113,83363,194544
1993-03-16,53.526036,53.875284,53.526036,53.844915,67982,190491
1993-03-17,53.784176,54.042316,53.526036,53.981577,75200,191408
1993-03-18,54.011947,54.300456,54.011947,54.239717,96933,188240
1993-03-19,54.361194,54.482672,53.996762,54.178978,64346,194545
1993-03-22,54.103055,54.178978,53.936023,54.178978,41637,198124
1993-03-23,54.224532,54.391564,54.224532,54.361194,36465,186750
1993-03-24,54.361194,54.391564,54.178978,54.224532,44810,190313
1993-03-25,54.178978,54.224532,54.027131,54.133424,45592,195689
1993-03-26,54.072685,54.072685,53.738622,53.768991,59842,199123
1993-03-29,53.723437,53.920838,53.647514,53.905654,46770,200236
1993-03-30,53.936023,54.224532,53.936023,54.057501,61674,202632
1993-03-31,54.057501,54.194163,53.981577,54.027131,46457,206265
1993-04-01,54.027131,54.178978,53.981577,53.996762,44036,208999
1993-04-02,53.966392,54.163793,53.556406,53.708253,79168,215128
1993-04-05,53.723437,53.890469,53.677883,53.875284,32834,215776
1993-04-06,53.890469,54.148609,53.768991,54.118239,49903,213737
1993-04-07,54.118239,54.270086,54.027131,54.133424,63290,204269
1993-04-08,54.163793,54.543411,54.118239,54.528226,62739,202366
1993-04-12,54.680073,54.923028,54.57378,54.634519,69200,205005
1993-04-13,54.619334,54.892659,54.406748,54.543411,87117,206282
1993-04-14,54.588965,54.771181,54.558595,54.680073,45322,203465
1993-04-15,54.695258,54.847105,54.558595,54.771181,46964,201174
1993-04-16,54.80155,54.907843,54.634519,54.725627,42449,201624
1993-04-19,54.710442,54.83192,54.634519,54.80155,24208,203433
1993-04-20,54.80155,54.847105,54.634519,54.80155,38745,205038
1993-04-21,54.80155,54.907843,54.771181,54.862289,34856,206952
1993-04-22,54.862289,54.983767,54.664888,54.968582,59975,211802
1993-04-23,54.968582,55.105244,54.80155,54.83192,60964,213234
1993-04-26,54.786366,54.847105,54.680073,54.695258,34992,211846
1993-04-27,54.649704,54.680073,54.406748,54.421933,63983,214379
1993-04-28,54.391564,54.482672,54.330825,54.406748,48160,213976
1993-04-29,54.406748,54.604149,54.406748,54.604149,46305,214812
1993-04-30,54.634519,54.725627,54.330825,54.421933,54299,220345
1993-05-03,54.513041,54.755996,54.452303,54.740812,44860,221989
1993-05-04,54.771181,54.907843,54.664888,54.816735,57241,220483
1993-05-05,54.862289,54.998951,54.725627,54.816735,54423,220842
1993-05-06,54.877474,54.938213,54.80155,54.907843,57384,217048
1993-05-07,54.892659,55.014136,54.740812,54.816735,70786,225089
1993-05-10,54.816735,54.953397,54.725627,54.938213,38865,225576
1993-05-11,54.938213,54.998951,54.847105,54.953397,43801,231017
1993-05-12,54.968582,54.998951,54.755996,54.862289,66503,232231
1993-05-13,54.877474,54.923028,54.528226,54.619334,82060,232193
1993-05-14,54.588965,54.664888,54.376379,54.588965,66807,232771
1993-05-17,54.558595,54.604149,54.361194,54.391564,64291,234919
1993-05-18,54.406748,54.513041,54.148609,54.209347,101120,239621
1993-05-19,54.209347,54.421933,54.103055,54.406748,87782,244472
1993-05-20,54.467487,54.543411,54.391564,54.467487,50982,246421
1993-05-21,54.391564,54.421933,54.194163,54.285271,70341,245481
1993-05-24,54.024212,54.346699,54.024212,54.285273,81680,229854
1993-05-25,54.25456,54.377412,54.193133,54.239203,63948,230372
1993-05-26,54.193133,54.438838,54.193133,54.423481,79403,223960
1993-05-27,54.546333,54.592403,54.315986,54.423481,87411,217082
1993-05-28,54.362055,54.500264,54.20849,54.25456,70429,216151
1993-06-01,54.239203,54.684542,54.239203,54.669185,81747,210711
1993-06-02,54.669185,54.730611,54.56169,54.730611,114370,205445
1993-06-03,54.745968,54.884177,54.684542,54.86882,88804,203841
1993-06-04,54.86882,54.884177,54.362055,54.530977,116742,201559
1993-06-07,54.546333,54.699898,54.530977,54.653829,41592,198956
1993-06-08,54.669185,54.684542,54.51562,54.530977,39949,202088
1993-06-09,54.500264,54.761324,54.500264,54.669185,84956,208764
1993-06-10,54.623116,54.699898,54.623116,54.653829,35796,208752
1993-06-11,54.653829,55.068455,54.638472,55.037742,96862,213295
1993-06-14,55.007029,55.17595,54.945603,55.068455,76457,215952
1993-06-15,55.022385,55.252733,55.022385,55.129881,104396,219396
1993-06-16,55.129881,55.160594,55.037742,55.160594,49780,217511
1993-06-17,55.160594,55.268089,55.160594,55.206663,59855,222792
1993-06-18,55.17595,55.191307,54.976316,55.099168,47519,227960
1993-06-21,55.114524,55.283446,55.099168,55.237376,50326,225667
1993-06-22,55.252733,55.298802,55.160594,55.252733,28792,207699
1993-06-23,55.268089,55.314159,55.129881,55.252733,44769,214492
1993-06-24,55.283446,55.452368,55.252733,55.390941,48626,214973
1993-06-25,55.421654,55.559863,55.360228,55.52915,45736,217920
1993-06-28,55.544507,55.698072,55.544507,55.698072,35056,217787
1993-06-29,55.698072,55.790211,55.682715,55.713428,53067,220779
1993-06-30,55.713428,55.744141,55.559863,55.682715,45418,225357
1993-07-01,55.682715,55.774854,55.652002,55.713428,48955,224161
1993-07-02,55.713428,55.913063,55.636646,55.851637,48334,224526
1993-07-06,55.851637,55.989845,55.682715,55.682715,42998,225167
1993-07-07,55.713428,55.790211,55.621289,55.682715,39925,227807
1993-07-08,55.698072,55.805567,55.57522,55.805567,48635,231531
1993-07-09,55.83628,55.913063,55.759498,55.897706,35983,234712
1993-07-12,55.913063,55.989845,55.913063,55.959132,29982,235767
1993-07-13,55.959132,56.005202,55.805567,55.866993,49902,236898
1993-07-14,55.88235,56.097341,55.851637,56.051272,58984,235731
1993-07-15,56.035915,56.112698,56.005202,56.066628,47105,236481
1993-07-16,56.051272,56.220193,56.005202,56.112698,36933,238383
1993-07-19,56.112698,56.158767,56.020558,56.112698,34101,236351
1993-07-20,56.097341,56.097341,55.83628,55.928419,54498,233888
1993-07-21,55.928419,55.974489,55.52915,55.57522,115828,241073
1993-07-22,55.52915,55.636646,55.237376,55.283446,105472,232963
1993-07-23,55.283446,55.360228,55.037742,55.206663,91962,236828
1993-07-26,55.22202,55.344872,55.191307,55.298802,39174,234564
1993-07-27,55.329515,55.375585,55.22202,55.283446,35023,233954
1993-07-28,55.298802,55.421654,55.129881,55.390941,47864,234336
1993-07-29,55.421654,55.820924,55.406298,55.774854,77687,235530
1993-07-30,55.774854,55.820924,55.590576,55.667359,57563,232990
1993-08-02,55.667359,55.682715,55.467724,55.52915,48910,232175
1993-08-03,55.52915,55.682715,55.513794,55.605933,55775,234252
1993-08-04,55.652002,55.667359,55.483081,55.498437,44906,233982
1993-08-05,55.467724,55.682715,55.437011,55.559863,48819,234405
1993-08-06,55.590576,55.621289,55.406298,55.605933,59526,237539
1993-08-09,55.652002,55.774854,55.605933,55.728785,40414,239141
1993-08-10,55.713428,55.759498,55.652002,55.698072,44248,240424
1993-08-11,55.682715,55.820924,55.621289,55.774854,51599,241888
1993-08-12,55.805567,55.959132,55.713428,55.744141,89505,244032
1993-08-13,55.744141,56.035915,55.621289,55.959132,89212,243715
1993-08-16,55.974489,56.174124,55.959132,56.081985,61465,244549
1993-08-17,56.112698,56.174124,55.943776,56.005202,44160,239419
1993-08-18,55.989845,56.097341,55.974489,56.066628,42116,242544
1993-08-19,56.112698,56.250906,56.035915,56.250906,64303,243649
1993-08-20,56.296976,56.389115,56.158767,56.358402,75559,234930
1993-08-23,56.373889,56.420364,56.327414,56.342906,73355,230716
1993-08-24,56.327414,56.590771,56.311923,56.590771,62782,231393
1993-08-25,56.621754,56.77667,56.544296,56.745687,78050,238030
1993-08-26,56.792162,56.962569,56.714704,56.947078,88936,237222
1993-08-27,56.978061,56.978061,56.699212,56.792162,59101,236561
1993-08-30,56.77667,57.009044,56.730195,56.916094,79354,238605
1993-08-31,56.916094,57.024536,56.621754,56.900603,88542,240993
1993-09-01,56.885111,56.962569,56.761179,56.838637,100099,239379
1993-09-02,56.854128,57.07101,56.854128,57.009044,57506,238148
1993-09-03,57.009044,57.442808,56.978061,57.427317,88599,242022
1993-09-07,57.396334,57.690674,57.303384,57.628708,58053,243828
1993-09-08,57.55125,57.690674,57.504775,57.566741,74989,241016
1993-09-09,57.582233,57.597724,57.101994,57.132977,110618,243224
1993-09-10,57.117485,57.427317,56.978061,57.380842,87903,246914
1993-09-13,57.396334,57.504775,57.365351,57.411825,66045,243026
1993-09-14,57.349859,57.365351,56.978061,57.024536,126781,246972
1993-09-15,56.962569,57.055519,56.668229,57.040027,100088,240430
1993-09-16,57.086502,57.210435,56.978061,57.148468,11473,240611
1993-09-17,57.040027,57.241418,56.916094,57.132977,64422,238371
1993-09-20,57.132977,57.16396,56.962569,56.993552,50289,236481
1993-09-21,56.931586,57.132977,56.838637,56.900603,84307,235642
1993-09-22,56.931586,57.055519,56.86962,56.947078,58348,222054
1993-09-23,56.993552,57.210435,56.978061,57.024536,57696,221312
1993-09-24,56.993552,57.148468,56.916094,57.086502,32382,223163
1993-09-27,57.194943,57.566741,57.194943,57.55125,50816,225229
1993-09-28,57.582233,57.659691,57.504775,57.566741,69580,225178
1993-09-29,57.55125,57.566741,57.334367,57.334367,55322,224374
1993-09-30,57.287893,57.318876,57.101994,57.194943,57120,225295
1993-10-01,57.241418,57.489283,57.055519,57.4583,68842,227520
1993-10-04,57.396334,57.55125,57.256909,57.504775,30307,227450
1993-10-05,57.4583,57.597724,57.380842,57.411825,43483,231144
1993-10-06,57.396334,57.473792,57.334367,57.427317,28876,231915
1993-10-07,57.442808,57.520266,57.396334,57.411825,33060,231665
1993-10-08,57.411825,57.799115,57.334367,57.783623,70116,230089
1993-10-11,57.75264,57.814607,57.721657,57.75264,4486,229831
1993-10-12,57.768132,57.892065,57.690674,57.721657,50457,231328
1993-10-13,57.675182,57.768132,57.644199,57.675182,31989,230683
1993-10-14,57.690674,57.892065,57.628708,57.84559,48196,233336
1993-10-15,57.84559,58.062472,57.830098,57.954031,69586,235778
1993-10-18,57.907556,58.000506,57.613216,57.628708,56290,236522
1993-10-19,57.644199,57.706165,57.442808,57.644199,71687,229694
1993-10-20,57.675182,57.768132,57.659691,57.706165,29058,233742
1993-10-21,57.706165,57.721657,57.334367,57.365351,108506,239126
1993-10-22,57.365351,57.489283,57.148468,57.16396,80686,240521
1993-10-25,57.179451,57.225926,56.838637,56.978061,114997,258375
1993-10-26,57.07101,57.179451,56.916094,57.148468,98365,253353
1993-10-27,57.179451,57.225926,56.978061,57.086502,69437,255584
1993-10-28,57.040027,57.179451,56.807653,57.179451,122594,253195
1993-10-29,57.225926,57.256909,57.024536,57.055519,47980,254586
1993-11-01,57.040027,57.055519,56.652737,56.683721,92937,263804
1993-11-02,56.57528,56.590771,56.18799,56.420364,164045,275069
1993-11-03,56.435855,56.528805,56.327414,56.48233,82351,281243
1993-11-04,56.451347,56.544296,56.311923,56.327414,86067,279117
1993-11-05,56.311923,56.435855,56.002091,56.110532,128639,284564
1993-11-08,56.141515,56.373889,56.110532,56.358397,76704,283236
1993-11-09,56.38938,56.838637,56.38938,56.451347,94127,280474
1993-11-10,56.451347,56.559788,56.280939,56.342906,102977,277805
1993-11-11,56.311923,56.327414,56.09504,56.157007,14225,278919
1993-11-12,56.157007,56.559788,56.048566,56.528805,96310,280386
1993-11-15,56.528805,56.590771,56.435855,56.513313,53363,283474
1993-11-16,56.559788,56.730195,56.544296,56.668229,73833,282044
1993-11-17,56.699212,56.900603,56.606263,56.668229,105254,273819
1993-11-18,56.668229,56.745687,56.404872,56.420364,82626,272105
1993-11-19,56.373889,56.373889,56.002091,56.110532,110098,279568
1993-11-22,56.063686,56.157385,55.907519,55.923136,123136,269699
1993-11-23,55.876286,56.188619,55.876286,56.188619,110563,263731
1993-11-24,56.141769,56.297935,56.079302,56.110536,64659,258762
1993-11-26,56.360402,56.360402,56.235469,56.329168,35410,258519
1993-11-29,56.422868,56.532184,56.329168,56.329168,103648,254733
1993-11-30,56.329168,56.344785,55.985603,56.141769,125602,259004
1993-12-01,56.110536,56.282318,56.063686,56.235469,81784,250157
1993-12-02,56.282318,56.329168,56.157385,56.251085,66343,250574
1993-12-03,56.235469,56.344785,56.001219,56.219852,89478,252483
1993-12-06,56.329168,56.563418,56.329168,56.547801,104509,248696
1993-12-07,56.579034,56.641501,56.422868,56.563418,73587,252947
1993-12-08,56.547801,56.625884,56.454101,56.594651,130662,254963
1993-12-09,56.610268,56.750817,56.500951,56.672734,81469,256734
1993-12-10,56.657117,56.766434,56.438485,56.454101,73613,261994
1993-12-13,56.251085,56.391635,56.235469,56.329168,59412,269297
1993-12-14,56.329168,56.438485,56.157385,56.204235,80558,279941
1993-12-15,56.173002,56.313552,56.157385,56.188619,55234,277273
1993-12-16,56.235469,56.297935,56.157385,56.204235,63955,279551
1993-12-17,56.235469,56.391635,56.157385,56.344785,46015,275291
1993-12-20,56.391635,56.407251,56.235469,56.251085,60761,270515
1993-12-21,56.235469,56.235469,56.094919,56.188619,67083,269346
1993-12-22,56.219852,56.594651,56.204235,56.579034,47787,255917
1993-12-23,56.594651,56.719584,56.500951,56.672734,23520,256586
1993-12-27,56.703967,56.735201,56.641501,56.672734,11930,256310
1993-12-28,56.672734,56.703967,56.547801,56.688351,21468,250614
1993-12-29,56.719584,56.750817,56.579034,56.610268,30528,257559
1993-12-30,56.641501,56.657117,56.360402,56.360402,38775,260478
1993-12-31,56.329168,56.407251,56.235469,56.297935,19007,261142
1994-01-03,56.313552,56.313552,55.938753,56.001219,74416,270542
1994-01-04,55.954369,56.173002,55.954369,56.157385,63250,270146
1994-01-05,56.235469,56.266702,56.032452,56.079302,68208,270924
1994-01-06,56.079302,56.344785,56.079302,56.297935,65601,270315
1994-01-07,56.313552,56.906983,56.235469,56.87575,140749,267222
1994-01-10,56.9226,57.031916,56.78205,56.985067,63222,262813
1994-01-11,56.953833,57.047533,56.87575,57.0163,49976,263644
1994-01-12,57.031916,57.281783,57.031916,57.219316,107564,260488
1994-01-13,57.188083,57.188083,56.797667,56.844517,92862,268685
1994-01-14,56.844517,56.891367,56.500951,56.641501,91626,272972
1994-01-17,56.672734,56.703967,56.579034,56.579034,7980,271758
1994-01-18,56.547801,56.813284,56.547801,56.797667,50975,272606
1994-01-19,56.844517,56.844517,56.703967,56.797667,54241,274008
1994-01-20,56.78205,57.000683,56.703967,57.000683,69495,270458
1994-01-21,57.000683,57.06315,56.860134,56.938217,63334,271317
1994-01-24,56.953833,57.06315,56.860134,56.938217,56295,264627
1994-01-25,56.938217,56.953833,56.78205,56.8289,67542,261280
1994-01-26,56.797667,56.891367,56.719584,56.87575,59709,256151
1994-01-27,56.9226,57.06315,56.891367,57.047533,62221,253815
1994-01-28,57.047533,57.375482,56.953833,57.234933,100042,247308
1994-01-31,57.219316,57.266166,57.078766,57.125616,74964,240748
1994-02-01,57.11,57.11,56.844517,56.860134,82639,243846
1994-02-02,56.8289,56.953833,56.78205,56.891367,59897,244824
1994-02-03,56.9226,56.938217,56.594651,56.719584,101877,244151
1994-02-04,56.688351,57.141233,56.235469,56.266702,147053,245555
1994-02-07,56.266702,56.391635,56.016836,56.188619,108864,252399
1994-02-08,56.157385,56.188619,56.016836,56.048069,72699,258590
1994-02-09,56.016836,56.219852,55.969986,56.204235,90758,254451
1994-02-10,56.266702,56.360402,56.141769,56.157385,86119,252314
1994-02-11,56.126152,56.313552,55.938753,56.282318,95257,252181
1994-02-14,56.266702,56.313552,56.141769,56.188619,52738,247973
1994-02-15,56.188619,56.329168,56.079302,56.251085,68334,246566
1994-02-16,56.251085,56.297935,56.204235,56.251085,65266,248366
1994-02-17,56.219852,56.500951,55.891903,55.907519,152373,263054
1994-02-18,55.876286,55.985603,55.53272,55.67327,118575,282045
1994-02-22,55.626051,55.799194,55.59457,55.783453,105050,272644
1994-02-23,55.783453,55.783453,55.484389,55.484389,131320,275850
1994-02-24,55.500129,55.610311,55.264025,55.279765,150274,278318
1994-02-25,55.295506,55.500129,55.264025,55.326986,129790,271584
1994-02-28,55.358467,55.57883,55.342726,55.500129,116791,279521
1994-03-01,55.531609,55.56309,54.96496,55.075142,201848,292480
1994-03-02,55.090882,55.201064,54.555714,55.075142,173971,281739
1994-03-03,55.138103,55.201064,54.807558,54.901999,130402,287258
1994-03-04,54.91774,55.012181,54.634415,54.854779,170622,296330
1994-03-07,54.839038,55.138103,54.839038,55.027921,74496,290291
1994-03-08,55.012181,55.169584,54.854779,54.854779,107163,290399
1994-03-09,54.807558,54.901999,54.650155,54.870519,98529,290757
1994-03-10,54.901999,54.96496,54.477013,54.555714,117309,291892
1994-03-11,54.461272,54.665896,54.398311,54.634415,117837,295626
1994-03-14,54.650155,54.744597,54.429792,54.539974,97556,291211
1994-03-15,54.477013,54.744597,54.414052,54.618675,115257,291883
1994-03-16,54.681636,54.886259,54.650155,54.870519,96728,287812
1994-03-17,54.91774,55.027921,54.728857,54.791818,143488,302425
1994-03-18,54.776077,54.791818,54.382571,54.477013,98116,299476
1994-03-21,54.414052,54.445532,54.209428,54.33535,83771,303567
1994-03-22,54.30387,54.776077,54.256649,54.760337,112952,303008
1994-03-23,54.713116,54.854779,54.665896,54.744597,67276,285906
1994-03-24,54.571454,54.618675,54.146467,54.240909,109519,294369
1994-03-25,54.30387,54.398311,54.130727,54.146467,70409,296231
1994-03-28,54.052026,54.272389,53.973324,54.114987,64239,298895
1994-03-29,54.114987,54.146467,53.72148,53.815922,85366,307057
1994-03-30,53.752961,53.926104,53.532597,53.548338,121091,322295
1994-03-31,53.564078,53.69,53.249273,53.532597,114065,329943
1994-04-01,53.70574,53.737221,52.918728,52.934468,54030,336460
1994-04-04,52.997429,53.09187,52.352078,52.43078,109109,341391
1994-04-05,52.46226,53.123351,52.43078,53.07613,177029,329123
1994-04-06,53.154831,53.327974,52.792806,53.186312,146943,338397
1994-04-07,53.202052,53.375195,53.107611,53.327974,108026,334856
1994-04-08,53.327974,53.375195,53.013169,53.107611,75364,334443
1994-04-11,53.139091,53.233533,52.965948,53.139091,60491,333001
1994-04-12,53.170572,53.422416,53.154831,53.390935,84223,335348
1994-04-13,53.327974,53.579818,53.09187,53.170572,118289,340422
1994-04-14,53.186312,53.186312,52.918728,53.09187,104435,344809
1994-04-15,53.107611,53.233533,52.934468,53.154831,96916,342397
1994-04-18,53.186312,53.217792,52.509481,52.603923,143472,344043
1994-04-19,52.556702,52.824286,52.383559,52.808546,129318,339775
1994-04-20,52.808546,52.997429,52.304858,52.981689,94444,331379
1994-04-21,53.013169,53.516857,52.934468,53.453896,144654,321535
1994-04-22,53.485377,53.564078,53.217792,53.359455,106027,313008
1994-04-25,53.359455,53.658519,53.233533,53.642779,57673,305449
1994-04-26,53.595558,53.768701,53.453896,53.67426,118193,301378
1994-04-28,53.737221,53.878883,53.013169,53.09187,163140,302420
1994-04-29,53.154831,53.186312,52.840026,53.04465,121666,306797
1994-05-02,53.07613,53.07613,52.729845,52.934468,77566,312911
1994-05-03,52.902987,52.965948,52.714104,52.824286,84596,307642
1994-05-04,52.824286,52.997429,52.588182,52.808546,113259,307722
1994-05-05,52.855767,52.965948,52.777065,52.887247,83891,305620
1994-05-06,52.871507,52.918728,52.068754,52.100234,166780,321956
1994-05-09,52.037273,52.068754,51.659507,51.722468,91558,318930
1994-05-10,51.675248,52.367819,51.675248,52.273377,139756,308868
1994-05-11,52.241897,52.383559,51.690988,51.974312,129462,305779
1994-05-12,51.942832,52.415039,51.738209,52.084494,130197,301164
1994-05-13,52.115975,52.698364,51.990053,52.336338,129078,305656
1994-05-16,52.336338,52.682624,52.336338,52.540962,102809,297811
1994-05-17,52.588182,53.07613,52.478001,53.06039,94376,296707
1994-05-18,53.202052,53.312234,53.013169,53.249273,149650,294982
1994-05-19,53.265013,53.595558,53.07613,53.532597,115737,284986
1994-05-20,53.564078,53.595558,53.265013,53.375195,110802,282778
1994-05-23,53.216294,53.248075,52.723698,52.771369,94303,268335
1994-05-24,52.819039,53.041502,52.739588,52.89849,102082,270622
1994-05-25,52.89849,53.009722,52.660137,52.962051,118315,265909
1994-05-26,53.025612,53.184514,53.009722,53.057392,122581,268336
1994-05-27,53.041502,53.136843,52.676027,52.993831,110673,267434
1994-05-31,52.993831,52.993831,52.628357,52.787259,131811,267322
1994-06-01,52.819039,52.946161,52.485345,52.946161,153681,275030
1994-06-02,52.946161,53.168624,52.946161,53.168624,108447,279182
1994-06-03,53.168624,53.597659,52.85082,53.502318,175954,272077
1994-06-06,53.486428,53.867793,53.486428,53.788342,122344,265733
1994-06-07,53.740671,53.788342,53.597659,53.66122,99735,265296
1994-06-08,53.64533,53.963134,53.613549,53.62944,100062,262224
1994-06-09,53.62944,53.693,53.534098,53.64533,72317,264748
1994-06-10,53.66122,53.804232,53.391087,53.470538,115567,265803
1994-06-13,53.422867,53.502318,53.232185,53.327526,68315,264950
1994-06-14,53.311636,53.693,53.295745,53.597659,127227,262212
1994-06-15,53.581769,53.756561,53.232185,53.248075,106167,259422
1994-06-16,53.263965,53.391087,53.041502,53.343416,111314,255646
1994-06-17,53.422867,53.486428,53.025612,53.089173,94119,252748
1994-06-20,53.105063,53.168624,52.8826,53.041502,84030,249986
1994-06-21,53.025612,53.057392,52.739588,52.803149,114846,249494
1994-06-22,52.819039,53.216294,52.819039,53.168624,94141,227185
1994-06-23,53.184514,53.375196,53.105063,53.248075,71212,223196
1994-06-24,53.216294,53.232185,52.771369,52.834929,82815,224076
1994-06-27,52.787259,53.073283,52.580686,53.025612,84279,223584
1994-06-28,53.009722,53.041502,52.596576,52.676027,91954,226708
1994-06-29,52.676027,52.85082,52.612467,52.755478,74896,224951
1994-06-30,52.755478,52.85082,52.342333,52.358223,96041,230317
1994-07-01,52.358223,52.501235,52.342333,52.405894,45139,232282
1994-07-05,52.421784,52.548906,52.326443,52.533016,42007,234829
1994-07-06,52.548906,52.612467,52.374114,52.533016,68909,235523
1994-07-07,52.580686,52.707808,52.580686,52.612467,62391,233785
1994-07-08,52.580686,52.596576,52.11987,52.183431,119464,236926
1994-07-11,52.151651,52.183431,51.945078,52.040419,53737,240343
1994-07-12,52.024529,52.326443,51.992749,52.231102,102896,236846
1994-07-13,52.231102,52.374114,52.11987,52.294663,76259,234390
1994-07-14,52.310553,52.946161,52.262882,52.930271,139451,226777
1994-07-15,52.89849,53.200404,52.739588,52.89849,96063,221108
1994-07-18,52.86671,53.184514,52.85082,53.105063,42020,221162
1994-07-19,53.105063,53.375196,53.025612,53.343416,68037,222062
1994-07-20,53.343416,53.406977,52.8826,52.977941,105251,223468
1994-07-21,52.946161,52.977941,52.787259,52.86671,90737,223794
1994-07-22,52.8826,52.977941,52.739588,52.803149,56925,228339
1994-07-25,52.803149,52.962051,52.739588,52.91438,48179,230410
1994-07-26,52.930271,52.946161,52.787259,52.85082,50454,234508
1994-07-27,52.86671,52.86671,52.564796,52.628357,89552,240282
1994-07-28,52.580686,52.86671,52.437674,52.819039,98979,245251
1994-07-29,52.803149,53.518208,52.739588,53.470538,165397,245389
1994-08-01,53.343416,53.438757,53.232185,53.422867,53340,248206
1994-08-02,53.581769,53.724781,53.470538,53.502318,91873,250219
1994-08-03,53.470538,53.549989,53.359306,53.534098,67680,251699
1994-08-04,53.549989,53.597659,53.422867,53.470538,61709,256160
1994-08-05,53.454647,53.772452,52.834929,52.930271,152073,266143
1994-08-08,52.89849,53.025612,52.86671,52.962051,55955,259744
1994-08-09,52.930271,52.930271,52.723698,52.85082,78983,257526
1994-08-10,52.85082,52.91438,52.739588,52.8826,79360,251240
1994-08-11,52.91438,53.025612,52.564796,52.691918,107790,255508
1994-08-12,52.660137,53.041502,52.533016,52.962051,130540,251136
1994-08-15,52.930271,52.977941,52.86671,52.91438,31542,250869
1994-08-16,52.89849,53.359306,52.8826,53.343416,121580,248572
1994-08-17,53.422867,53.597659,53.406977,53.454647,95727,247017
1994-08-18,53.359306,53.375196,53.009722,53.009722,112993,244288
1994-08-19,53.041502,53.136843,52.930271,53.057392,69958,247367
1994-08-22,53.057392,53.057392,52.880908,52.896952,69526,252205
1994-08-23,52.864864,53.105523,52.864864,53.00926,70890,252138
1994-08-24,52.977172,53.314095,52.961128,53.298051,83583,252816
1994-08-25,53.314095,53.314095,53.041348,53.041348,96857,251194
1994-08-26,53.057392,53.410359,53.057392,53.249919,108695,254251
1994-08-29,53.265963,53.394315,53.185743,53.217831,49555,254599
1994-08-30,53.249919,53.394315,53.249919,53.378271,120361,263717
1994-08-31,53.378271,53.506623,53.282007,53.506623,118157,257761
1994-09-01,53.490579,53.506623,53.346183,53.490579,79495,258474
1994-09-02,53.53871,53.987941,53.394315,53.410359,144945,265898
1994-09-06,53.426403,53.458491,53.153655,53.233875,118715,260358
1994-09-07,53.265963,53.330139,53.057392,53.121567,100030,262276
1994-09-08,53.153655,53.233875,53.073435,53.121567,77717,261001
1994-09-09,53.121567,53.185743,52.560029,52.60816,136584,264084
1994-09-12,52.60816,52.68838,52.543985,52.560029,76912,258432
1994-09-13,52.560029,52.784644,52.447721,52.640248,94155,261083
1994-09-14,52.720468,52.800688,52.60816,52.7686,58692,264195
1994-09-15,52.736512,52.993216,52.736512,52.92904,63053,269745
1994-09-16,52.961128,52.961128,52.271237,52.335413,138669,277119
1994-09-19,52.367501,52.479809,52.351457,52.463765,75393,278437
1994-09-20,52.447721,52.447721,52.158929,52.351457,123850,274588
1994-09-21,52.367501,52.447721,52.142886,52.207061,140801,285471
1994-09-22,52.191017,52.319369,52.174973,52.271237,75982,255713
1994-09-23,52.271237,52.383545,52.142886,52.239149,60399,262464
1994-09-26,52.239149,52.351457,52.191017,52.239149,35661,260836
1994-09-27,52.223105,52.271237,52.046622,52.094754,71853,263468
1994-09-28,52.110798,52.351457,52.07871,52.223105,83874,269543
1994-09-29,52.207061,52.271237,51.886182,52.014534,99805,275909
1994-09-30,52.046622,52.174973,51.934314,52.094754,76295,284284
1994-10-03,52.07871,52.158929,51.854094,51.950358,72765,289255
1994-10-04,51.966402,52.030578,51.822006,51.870138,55937,279096
1994-10-05,51.870138,51.902226,51.549259,51.645523,95709,286871
1994-10-06,51.645523,51.741786,51.613435,51.629479,48702,284160
1994-10-07,51.597391,51.950358,51.404863,51.91827,135114,285418
1994-10-10,51.934314,51.99849,51.83805,51.982446,12677,280775
1994-10-11,51.99849,52.239149,51.982446,52.126842,86631,275213
1994-10-12,52.094754,52.110798,51.982446,52.014534,56327,271874
1994-10-13,51.966402,52.511897,51.934314,52.191017,106126,269057
1994-10-14,52.142886,52.383545,51.982446,52.319369,104780,262395
1994-10-17,52.351457,52.367501,52.174973,52.271237,57431,258360
1994-10-18,52.303325,52.415633,52.207061,52.239149,52121,255432
1994-10-19,52.174973,52.174973,52.046622,52.07871,61265,258796
1994-10-20,52.062666,52.126842,51.645523,51.645523,119195,266745
1994-10-21,51.677611,51.75783,51.533215,51.677611,12807,281452
1994-10-24,51.693654,51.741786,51.452995,51.517171,64163,282296
1994-10-25,51.501127,51.549259,51.340687,51.452995,100244,282588
1994-10-26,51.485083,51.565303,51.324643,51.420907,70133,284630
1994-10-27,51.404863,51.501127,51.356731,51.420907,53811,282278
1994-10-28,51.420907,51.725742,51.276511,51.693654,121622,293093
1994-10-31,51.709698,51.709698,51.549259,51.677611,49602,293791
1994-11-01,51.677611,51.693654,51.324643,51.340687,108651,290176
1994-11-02,51.308599,51.404863,51.100028,51.212336,115384,289649
1994-11-03,51.180248,51.260467,51.083984,51.164204,72843,292778
1994-11-04,51.164204,51.340687,50.923544,50.939588,104665,293477
1994-11-07,50.9075,51.003764,50.859368,50.923544,46873,297239
1994-11-08,50.923544,51.100028,50.9075,51.06794,71904,296883
1994-11-09,51.100028,51.324643,51.06794,51.292555,112199,299758
1994-11-10,51.276511,51.581347,51.132116,51.14816,129367,299733
1994-11-11,51.132116,51.132116,50.891456,50.9075,18585,302295
1994-11-14,50.939588,51.292555,50.939588,51.292555,89894,305295
1994-11-15,51.292555,51.661567,51.180248,51.420907,110582,306590
1994-11-16,51.308599,51.597391,51.164204,51.196292,124772,306475
1994-11-17,51.212336,51.22838,50.875412,51.003764,126089,312733
1994-11-18,51.019808,51.100028,50.875412,51.003764,107306,307941
1994-11-21,51.019808,51.06794,50.955632,50.98772,51504,308422
1994-11-22,51.068526,51.133169,50.987721,51.068526,106892,311539
1994-11-23,51.440227,51.811928,51.424066,51.731124,180824,301530
1994-11-25,51.634158,51.811928,51.585675,51.779606,43643,295728
1994-11-28,51.747285,51.747285,51.456388,51.504871,149302,302666
1994-11-29,51.48871,51.48871,51.117008,51.262457,220681,302870
1994-11-30,51.262457,51.48871,51.197813,51.440227,161680,297238
1994-12-01,51.359422,51.440227,51.213974,51.31094,125441,299924
1994-12-02,51.343261,51.763445,51.003882,51.747285,198843,305770
1994-12-05,51.731124,51.828089,51.585675,51.617997,149613,292462
1994-12-06,51.650319,52.054342,51.569514,52.038181,155861,276121
1994-12-07,52.038181,52.054342,51.601836,51.714963,171429,272205
1994-12-08,51.731124,51.779606,51.537193,51.682641,92355,271407
1994-12-09,51.795767,51.892733,51.634158,51.763445,90003,266952
1994-12-12,51.714963,51.714963,51.456388,51.521032,77668,264702
1994-12-13,51.521032,51.650319,51.375583,51.617997,119321,261721
1994-12-14,51.601836,51.925055,51.585675,51.698802,120654,265029
1994-12-15,51.66648,51.876572,51.634158,51.747285,86516,264226
1994-12-16,51.714963,51.811928,51.617997,51.731124,72341,262251
1994-12-19,51.714963,51.779606,51.66648,51.747285,41884,265155
1994-12-20,51.731124,51.876572,51.66648,51.731124,62911,260713
1994-12-21,51.731124,51.84425,51.682641,51.795767,37375,257545
1994-12-22,51.779606,51.811928,51.601836,51.650319,31161,263482
1994-12-23,51.682641,51.731124,51.553353,51.650319,31161,263482
1994-12-27,51.682641,51.989698,51.682641,51.973538,17205,263981
1994-12-28,51.941216,52.038181,51.779606,51.795767,34533,263528
1994-12-29,51.763445,51.876572,51.698802,51.747285,31019,264154
1994-12-30,51.747285,51.795767,51.634158,51.682641,18135,264881
1995-01-03,51.698802,51.698802,51.456388,51.48871,50131,267348
1995-01-04,51.504871,51.763445,51.504871,51.747285,90619,278278
1995-01-05,51.747285,51.763445,51.504871,51.521032,70792,277408
1995-01-06,51.553353,51.682641,51.294779,51.569514,115787,278486
1995-01-09,51.553353,51.553353,51.391744,51.456388,57047,279867
1995-01-10,51.472549,51.731124,51.472549,51.634158,108929,280267
1995-01-11,51.650319,51.860411,51.601836,51.795767,77554,280008
1995-01-12,51.811928,51.908894,51.650319,51.731124,90294,276839
1995-01-13,51.747285,52.329078,51.731124,52.18363,90294,276839
1995-01-17,52.232112,52.264434,51.973538,52.18363,91843,287025
1995-01-18,52.19979,52.264434,52.054342,52.135147,85776,287545
1995-01-19,52.151308,52.167469,51.973538,52.005859,85087,290436
1995-01-20,52.005859,52.005859,51.731124,51.747285,81345,291308
1995-01-23,51.763445,51.795767,51.634158,51.714963,59416,288128
1995-01-24,51.731124,51.763445,51.617997,51.714963,50008,282706
1995-01-25,51.731124,51.973538,51.553353,51.973538,101995,284088
1995-01-26,51.957377,52.151308,51.876572,52.118986,89963,283582
1995-01-27,52.102825,52.587653,52.086664,52.571492,122706,292502
1995-01-30,52.555331,52.636135,52.458365,52.474526,81652,283415
1995-01-31,52.474526,52.603814,52.345239,52.587653,92998,283877
1995-02-01,52.619975,52.749262,52.442204,52.442204,70597,282454
1995-02-02,52.377561,52.426043,52.296756,52.345239,69770,279062
1995-02-03,52.3614,53.153285,52.3614,53.05632,138303,283433
1995-02-06,52.975515,53.007837,52.878549,52.910871,54259,279431
1995-02-07,52.910871,53.07248,52.813906,52.927032,83377,279295
1995-02-08,52.89471,52.959354,52.781584,52.89471,83694,278386
1995-02-09,52.910871,52.943193,52.700779,52.700779,73001,278713
1995-02-10,52.700779,52.991676,52.458365,52.571492,143620,287086
1995-02-13,52.587653,52.619975,52.490687,52.603814,46831,290172
1995-02-14,52.603814,52.910871,52.603814,52.89471,99925,295179
1995-02-15,52.927032,53.363377,52.813906,53.104802,148404,295511
1995-02-16,53.137124,53.41186,53.07248,53.266412,125238,305610
1995-02-17,53.266412,53.266412,53.05632,53.217929,57089,302212
1995-02-21,53.201768,53.266412,53.120963,53.153285,61809,287939
1995-02-22,53.153288,53.575526,53.104568,53.575526,107324,283443
1995-02-23,53.559286,53.965284,53.494326,53.510566,185732,278631
1995-02-24,53.575526,53.624246,53.348167,53.608006,122632,277515
1995-02-27,53.786645,53.884084,53.689205,53.867845,95601,282108
1995-02-28,53.916564,53.981524,53.608006,53.965284,211601,272375
1995-03-01,53.981524,54.127683,53.770405,53.949044,174833,273652
1995-03-02,53.916564,53.965284,53.624246,53.721685,138051,272018
1995-03-03,53.754165,53.786645,53.380647,53.559286,149978,272632
1995-03-06,53.559286,53.575526,53.218247,53.445606,120348,274599
1995-03-07,53.445606,53.543046,53.202007,53.364407,148639,276032
1995-03-08,53.348167,53.640486,53.331927,53.575526,127060,272976
1995-03-09,53.624246,53.851605,53.526806,53.835365,98807,270989
1995-03-10,53.867845,54.095204,53.510566,53.997764,149857,272838
1995-03-13,53.965284,54.241363,53.900324,54.111443,114862,276941
1995-03-14,54.127683,54.533682,54.111443,54.468722,134040,276928
1995-03-15,54.452482,54.484962,54.208883,54.452482,122861,272562
1995-03-16,54.436242,54.712321,54.290083,54.501202,146113,270090
1995-03-17,54.501202,54.501202,54.176403,54.306323,85196,263856
1995-03-20,54.306323,54.371282,54.225123,54.257603,42583,262509
1995-03-21,54.273843,54.322563,54.078964,54.127683,77023,266020
1995-03-22,54.111443,54.111443,53.900324,54.014004,69926,245387
1995-03-23,54.014004,54.176403,53.932804,54.014004,65458,244057
1995-03-24,54.014004,54.452482,54.014004,54.436242,63181,241433
1995-03-27,54.452482,54.598641,54.387522,54.582401,49282,243716
1995-03-28,54.582401,54.598641,54.192643,54.225123,80292,239155
1995-03-29,54.257603,54.501202,54.127683,54.257603,93234,236097
1995-03-30,54.306323,54.468722,53.997764,54.127683,101792,240686
1995-03-31,54.127683,54.192643,53.705445,53.997764,96915,240981
1995-04-03,54.014004,54.306323,53.965284,54.273843,59919,241021
1995-04-04,54.306323,54.468722,54.241363,54.338802,71504,248612
1995-04-05,54.371282,54.468722,54.225123,54.338802,52417,251916
1995-04-06,54.371282,54.501202,54.371282,54.484962,56856,254748
1995-04-07,54.501202,54.79352,54.322563,54.420002,108320,259555
1995-04-10,54.420002,54.452482,54.241363,54.371282,37243,258513
1995-04-11,54.371282,54.598641,54.306323,54.484962,88515,261322
1995-04-12,54.484962,54.582401,54.338802,54.549922,75092,262264
1995-04-13,54.566161,54.85848,54.549922,54.777281,73531,267363
1995-04-17,54.92344,55.069599,54.712321,54.728561,77266,275622
1995-04-18,54.728561,54.97216,54.712321,54.826,116974,276526
1995-04-19,54.84224,54.87472,54.598641,54.79352,105913,277002
1995-04-20,54.79352,54.9884,54.777281,54.92344,89048,273919
1995-04-21,54.92344,55.00464,54.89096,54.95592,38837,267336
1995-04-24,54.92344,55.020879,54.79352,54.9884,37715,267586
1995-04-25,54.9884,55.020879,54.826,54.95592,67050,266223
1995-04-26,54.97216,54.9884,54.80976,54.92344,67688,265429
1995-04-27,54.93968,54.95592,54.761041,54.826,53055,268846
1995-04-28,54.80976,54.87472,54.484962,54.728561,91296,268704
1995-05-01,54.728561,54.744801,54.631121,54.679841,31426,267079
1995-05-02,54.679841,54.87472,54.679841,54.826,54337,265730
1995-05-03,54.85848,55.167039,54.85848,55.167039,78826,264987
1995-05-04,55.199519,55.654237,55.199519,55.508077,123860,277072
1995-05-05,55.475598,56.125195,55.410638,56.092715,171086,282836
1995-05-08,56.043995,56.108955,55.946555,56.076475,63975,285119
1995-05-09,56.076475,56.579913,55.979035,56.368794,166366,290884
1995-05-10,56.401273,56.791032,56.027755,56.190154,151331,284591
1995-05-11,56.173914,56.320074,55.849116,56.076475,130978,281696
1995-05-12,56.092715,56.173914,55.686717,56.060235,121197,283967
1995-05-15,56.060235,56.287594,56.060235,56.238874,59842,282666
1995-05-16,56.238874,56.596153,56.238874,56.449993,105727,282772
1995-05-17,56.449993,56.726072,56.417513,56.482473,91123,282771
1995-05-18,56.482473,56.547433,56.125195,56.238874,107459,285597
1995-05-19,56.287594,56.352554,56.157675,56.255114,48985,269076
1995-05-22,56.238801,56.255116,56.124594,56.173539,33673,263631
1995-05-23,56.189855,56.434584,56.189855,56.385638,77528,265571
1995-05-24,56.401954,56.842466,56.401954,56.842466,125785,260301
1995-05-25,56.891412,57.266664,56.826151,56.956673,147679,259334
1995-05-26,57.021935,57.087196,56.858782,56.956673,74938,258319
1995-05-30,56.972989,57.299294,56.972989,57.266664,127825,269192
1995-05-31,57.364556,57.397186,57.168772,57.299294,141845,263599
1995-06-01,57.31561,57.739807,57.168772,57.658231,138460,274293
1995-06-02,57.641915,58.865562,57.59297,57.968221,244514,264551
1995-06-05,58.017167,58.359788,57.935591,58.017167,106740,267203
1995-06-06,58.033482,58.115059,57.805068,57.951906,145215,275771
1995-06-07,57.951906,58.033482,57.380871,57.544024,137860,279040
1995-06-08,57.511393,57.544024,57.266664,57.446132,170594,283662
1995-06-09,57.34824,57.429817,56.809836,56.907727,155205,283808
1995-06-12,56.891412,57.136142,56.777205,56.956673,120376,288742
1995-06-13,56.972989,57.805068,56.956673,57.772438,162499,285987
1995-06-14,57.837699,57.87033,57.576654,57.707177,99506,286173
1995-06-15,57.707177,57.919275,57.495078,57.576654,98712,290308
1995-06-16,57.544024,57.59297,57.185087,57.495078,109505,291814
1995-06-19,57.560339,57.821384,57.495078,57.788753,87608,292211
1995-06-20,57.756122,57.87033,57.560339,57.658231,90534,290245
1995-06-21,57.641915,57.968221,57.576654,57.772438,80322,291092
1995-06-22,57.788753,58.196635,57.788753,58.098744,100722,282926
1995-06-23,58.098744,58.196635,57.821384,57.984537,83218,0
1995-06-26,58.017167,58.082428,57.739807,57.821384,38499,286715
1995-06-27,57.805068,57.968221,57.641915,57.674546,70312,286835
1995-06-28,57.674546,57.87033,57.6256,57.854014,71131,285052
1995-06-29,57.854014,57.951906,57.136142,57.250349,104663,289650
1995-06-30,57.282979,57.495078,57.250349,57.478763,78876,291725
1995-07-03,57.511393,57.576654,57.446132,57.495078,23600,292126
1995-07-05,57.527708,57.641915,57.527708,57.576654,37618,289115
1995-07-06,57.576654,58.196635,57.364556,58.18032,96215,292281
1995-07-07,58.245581,58.45768,57.658231,58.18032,108881,288048
1995-07-10,58.131374,58.245581,58.082428,58.196635,43312,290357
1995-07-11,58.18032,58.196635,57.935591,57.951906,61956,295539
1995-07-12,57.968221,58.017167,57.87033,58.017167,64803,297237
1995-07-13,58.033482,58.147689,57.837699,58.000852,72096,299920
1995-07-14,57.984537,58.017167,57.59297,57.756122,86062,301196
1995-07-17,57.739807,57.739807,57.413501,57.429817,46540,299669
1995-07-18,57.462447,57.527708,57.250349,57.266664,85169,305820
1995-07-19,57.201403,57.380871,56.548791,56.728259,181286,315283
1995-07-20,56.809836,56.989304,56.548791,56.777205,123258,312589
1995-07-21,56.777205,56.891412,56.401954,56.48353,72762,315870
1995-07-24,56.418269,56.728259,56.418269,56.695629,82283,318285
1995-07-25,56.711944,56.858782,56.434584,56.777205,103283,314237
1995-07-26,56.777205,56.842466,56.565106,56.597737,82871,316516
1995-07-27,56.614052,56.875097,56.581422,56.826151,81021,321961
1995-07-28,56.777205,56.956673,56.630368,56.662998,89796,328017
1995-07-31,56.679313,56.875097,56.646683,56.858782,46040,326865
1995-08-01,56.858782,56.907727,56.565106,56.646683,80830,335715
1995-08-02,56.695629,57.03825,56.679313,56.875097,106175,334691
1995-08-03,56.907727,56.956673,56.450899,56.581422,114804,339341
1995-08-04,56.597737,56.842466,56.320377,56.728259,96604,334724
1995-08-07,56.711944,56.842466,56.679313,56.809836,36729,330583
1995-08-08,56.809836,57.005619,56.777205,56.842466,81011,330267
1995-08-09,56.842466,56.858782,56.646683,56.744575,65395,328313
1995-08-10,56.744575,56.858782,56.532476,56.614052,82347,325591
1995-08-11,56.662998,56.711944,56.140909,56.255116,132251,332276
1995-08-14,56.20617,56.369323,56.140909,56.304062,57440,322964
1995-08-15,56.287747,56.353008,55.977756,56.353008,105450,330294
1995-08-16,56.385638,56.548791,56.238801,56.48353,88360,327734
1995-08-17,56.516161,56.532476,56.287747,56.369323,99185,331907
1995-08-18,56.385638,56.450899,56.336692,56.401954,42473,335581
1995-08-21,56.385638,56.695629,56.385638,56.565106,52029,322757
1995-08-22,56.565107,56.581493,56.401245,56.450404,54753,318997
1995-08-23,56.434017,56.450404,56.352086,56.368473,42969,314879
1995-08-24,56.384859,56.761741,56.368473,56.712583,73437,314507
1995-08-25,56.827286,57.204168,56.745355,57.155009,101343,314728
1995-08-28,57.204168,57.384416,57.122237,57.253327,92650,310412
1995-08-29,57.23694,57.23694,57.040306,57.138623,135569,301795
1995-08-30,57.138623,57.286099,57.105851,57.253327,180286,296560
1995-08-31,57.269713,57.466347,57.155009,57.417188,106653,296199
1995-09-01,57.400802,57.744912,57.007534,57.597436,173286,298420
1995-09-05,57.58105,57.810457,57.482733,57.761298,102716,299956
1995-09-06,57.744912,57.794071,57.646595,57.744912,132250,295584
1995-09-07,57.777684,57.810457,57.58105,57.613823,103056,289140
1995-09-08,57.613823,57.826843,57.433575,57.531892,133507,285828
1995-09-11,57.597436,57.646595,57.466347,57.548278,60037,283161
1995-09-12,57.548278,57.810457,57.548278,57.810457,86157,285858
1995-09-13,57.810457,57.859615,57.662981,57.71214,76263,280919
1995-09-14,57.695754,58.121794,57.662981,58.072636,99036,281256
1995-09-15,58.039863,58.05625,57.826843,57.941546,83027,276294
1995-09-18,57.892388,57.892388,57.728526,57.744912,70819,268778
1995-09-19,57.728526,57.892388,57.679367,57.859615,73322,262609
1995-09-20,57.859615,58.007091,57.728526,57.990705,93316,273487
1995-09-21,57.990705,58.007091,57.449961,57.613823,114604,265504
1995-09-22,57.646595,57.679367,57.335258,57.515506,89801,258167
1995-09-25,57.499119,57.564664,57.351644,57.515506,48025,259902
1995-09-26,57.531892,57.662981,57.36803,57.433575,69935,260197
1995-09-27,57.449961,57.482733,57.056692,57.417188,86094,263138
1995-09-28,57.417188,57.515506,57.318871,57.449961,82041,265328
1995-09-29,57.433575,57.843229,57.318871,57.810457,83238,267903
1995-10-02,57.744912,58.007091,57.728526,57.826843,73522,270976
1995-10-03,57.859615,58.039863,57.826843,57.941546,62140,266435
1995-10-04,57.957932,58.089022,57.859615,58.072636,31324,267600
1995-10-05,58.072636,58.26927,58.023477,58.170953,92594,274722
1995-10-06,58.154567,58.465904,57.974319,58.187339,92594,274722
1995-10-10,58.170953,58.302042,58.138181,58.170953,48038,273821
1995-10-11,58.170953,58.170953,58.023477,58.138181,48881,272620
1995-10-12,58.121794,58.285656,58.039863,58.252884,54827,273945
1995-10-13,58.26927,58.646152,58.252884,58.596994,102310,279762
1995-10-16,58.547835,58.580607,58.465904,58.531449,53647,278976
1995-10-17,58.531449,58.711697,58.383973,58.564221,94490,281452
1995-10-18,58.580607,58.629766,58.416746,58.449518,65504,288052
1995-10-19,58.433132,58.515063,58.318429,58.465904,70549,289920
1995-10-20,58.465904,58.48229,58.154567,58.26927,72977,287621
1995-10-23,58.220111,58.220111,58.072636,58.187339,35676,283126
1995-10-24,58.154567,58.449518,58.089022,58.416746,53342,285856
1995-10-25,58.416746,58.580607,58.383973,58.465904,81901,283618
1995-10-26,58.465904,58.547835,58.285656,58.334815,80064,281869
1995-10-27,58.351201,58.449518,57.92516,58.400359,133095,282022
1995-10-30,58.383973,58.48229,58.351201,58.433132,33555,279802
1995-10-31,58.416746,58.531449,58.318429,58.48229,71782,277949
1995-11-01,58.433132,58.793628,58.367587,58.678925,104659,280395
1995-11-02,58.695311,58.941104,58.629766,58.859173,88157,279955
1995-11-03,58.891945,59.039421,58.744469,58.8264,72230,280929
1995-11-06,58.810014,58.810014,58.695311,58.744469,30415,280925
1995-11-07,58.711697,58.728083,58.564221,58.629766,54096,279036
1995-11-08,58.629766,58.875559,58.580607,58.859173,67850,282323
1995-11-09,58.859173,58.924717,58.662538,58.728083,90961,279105
1995-11-10,58.711697,58.744469,58.48229,58.596994,67899,277798
1995-11-13,58.531449,58.810014,58.416746,58.728083,69374,279744
1995-11-14,58.711697,58.875559,58.662538,58.711697,88818,280586
1995-11-15,58.728083,58.859173,58.531449,58.596994,83370,280649
1995-11-16,58.61338,59.006648,58.61338,58.810014,111611,280018
1995-11-17,58.810014,58.973876,58.711697,58.908331,81756,276368
1995-11-20,58.908331,59.088579,58.810014,58.859173,70037,263562
1995-11-21,58.8264,58.891945,58.728083,58.760856,61521,265230
1995-11-22,58.74448,58.793611,58.662595,58.728103,80664,258730
1995-11-24,58.793611,58.859119,58.760857,58.842742,16324,259175
1995-11-27,58.875496,58.990136,58.859119,58.957382,93114,255668
1995-11-28,58.957382,58.990136,58.842742,58.973759,112067,248405
1995-11-29,58.957382,59.121152,58.957382,59.104775,97764,245779
1995-11-30,59.137529,59.497824,59.137529,59.415939,187182,246696
1995-12-01,59.383185,59.645218,59.350431,59.563332,122073,248467
1995-12-04,59.596087,59.923628,59.546955,59.841742,134663,249343
1995-12-05,59.841742,59.841742,59.661595,59.710726,94412,254480
1995-12-06,59.677972,59.940005,59.579709,59.677972,134744,262429
1995-12-07,59.612464,59.694349,59.432316,59.497824,122686,260592
1995-12-08,59.481447,59.825365,59.350431,59.432316,147176,259582
1995-12-11,59.448693,59.579709,59.432316,59.546955,55643,257256
1995-12-12,59.563332,59.661595,59.334054,59.514201,75262,258552
1995-12-13,59.497824,59.596087,59.383185,59.481447,87254,257747
1995-12-14,59.46507,59.628841,59.432316,59.481447,83406,250316
1995-12-15,59.46507,59.579709,59.415939,59.46507,54717,252828
1995-12-18,59.334054,59.415939,59.055644,59.088398,85269,248225
1995-12-19,59.088398,59.546955,58.826365,59.481447,108128,244646
1995-12-20,59.497824,59.710726,59.366808,59.46507,99534,234733
1995-12-21,59.432316,59.530578,59.334054,59.432316,26259,234475
1995-12-22,59.448693,59.677972,59.432316,59.596087,22286,234319
1995-12-26,59.612464,59.677972,59.563332,59.661595,7546,233282
1995-12-27,59.645218,59.841742,59.645218,59.776234,24620,233447
1995-12-28,59.776234,59.923628,59.776234,59.90725,24335,233415
1995-12-29,59.90725,60.103775,59.841742,60.054644,25540,237047
1996-01-02,60.038267,60.071021,59.874496,60.005513,40409,233622
1996-01-03,60.02189,60.18566,59.989136,60.087398,55431,235669
1996-01-04,60.071021,60.267546,59.874496,59.890873,82682,239645
1996-01-05,59.874496,59.989136,59.579709,59.776234,109259,243570
1996-01-08,59.841742,59.90725,59.710726,59.776234,15341,243490
1996-01-09,59.808988,59.940005,59.661595,59.759857,54156,243336
1996-01-10,59.74348,59.74348,59.3013,59.366808,98830,243029
1996-01-11,59.350431,59.514201,59.252168,59.46507,83003,240552
1996-01-12,59.481447,59.727103,59.432316,59.530578,83003,240552
1996-01-16,59.579709,59.874496,59.579709,59.858119,87288,250993
1996-01-17,59.90725,60.169283,59.858119,60.136529,95429,255768
1996-01-18,60.103775,60.365808,60.005513,60.3003,115559,268277
1996-01-19,60.316677,60.431316,60.054644,60.283923,108350,274847
1996-01-22,60.267546,60.267546,59.956382,59.972759,49203,275391
1996-01-23,59.923628,60.005513,59.808988,59.858119,83395,281331
1996-01-24,59.841742,60.120152,59.792611,60.038267,90849,284270
1996-01-25,60.071021,60.120152,59.579709,59.710726,106868,282464
1996-01-26,59.677972,59.972759,59.334054,59.956382,107205,280103
1996-01-29,59.956382,60.005513,59.677972,59.792611,54225,280261
1996-01-30,59.825365,60.087398,59.759857,60.02189,57679,279972
1996-01-31,60.02189,60.234791,59.989136,60.18566,79511,286935
1996-02-01,60.202037,60.234791,60.071021,60.136529,80277,289678
1996-02-02,60.152906,60.431316,60.005513,60.02189,99752,295424
1996-02-05,59.972759,60.005513,59.792611,59.940005,63576,297594
1996-02-06,59.940005,60.071021,59.90725,59.989136,60629,300615
1996-02-07,60.02189,60.103775,59.940005,60.005513,52946,302914
1996-02-08,60.005513,60.071021,59.923628,60.02189,65448,304198
1996-02-09,60.087398,60.234791,59.858119,60.087398,98654,301230
1996-02-12,60.087398,60.349431,60.005513,60.333054,54475,302693
1996-02-13,60.365808,60.496824,60.316677,60.414939,93044,306978
1996-02-14,60.447693,60.447693,60.251169,60.267546,92938,314560
1996-02-15,60.234791,60.267546,59.923628,59.956382,119471,324228
1996-02-16,59.940005,60.054644,59.710726,59.727103,116033,313286
1996-02-20,59.514201,59.677972,58.842742,58.875496,167792,289437
1996-02-21,58.90825,59.153906,58.695349,58.891873,197062,290681
1996-02-22,58.875403,59.171838,58.875403,59.122432,114591,286525
1996-02-23,59.27065,59.451805,58.776591,58.891871,165617,288964
1996-02-26,58.891871,58.924809,58.611905,58.842466,113117,292692
1996-02-27,58.776591,58.90834,58.562499,58.611905,163753,285975
1996-02-28,58.562499,58.743654,58.331938,58.348406,181921,284519
1996-02-29,58.447218,58.54603,58.084908,58.364875,211975,284817
1996-03-01,58.397812,58.842466,58.364875,58.79306,165230,283293
1996-03-04,58.825997,59.073027,58.776591,59.040089,81581,274341
1996-03-05,59.056558,59.089495,58.727185,58.825997,122718,274364
1996-03-06,58.809528,58.891871,58.513093,58.54603,114920,272604
1996-03-07,58.529561,58.562499,58.348406,58.480155,77507,272878
1996-03-08,58.480155,58.513093,57.096789,57.195601,213325,289456
1996-03-11,57.195601,57.557911,56.767416,57.541443,151866,287145
1996-03-12,57.508505,57.524974,57.179132,57.442631,114373,289015
1996-03-13,57.426162,57.607317,57.261476,57.426162,100640,291774
1996-03-14,57.426162,57.607317,57.32735,57.426162,69219,292667
1996-03-15,57.409693,57.442631,56.981509,57.047383,101291,295781
1996-03-18,57.063852,57.261476,56.997977,57.146195,58965,292943
1996-03-19,57.179132,57.393225,57.096789,57.228538,94119,293130
1996-03-20,57.228538,57.541443,56.932103,57.508505,102008,295658
1996-03-21,57.508505,57.722598,57.442631,57.640254,86716,287860
1996-03-22,57.656723,57.68966,57.475568,57.524974,47821,270866
1996-03-25,57.508505,57.837878,57.475568,57.804941,55817,273093
1996-03-26,57.788472,57.854347,57.623786,57.788472,59570,275410
1996-03-27,57.804941,57.986096,57.376756,57.393225,82346,279413
1996-03-28,57.376756,57.409693,57.030915,57.129727,105316,281368
1996-03-29,57.179132,57.409693,57.129727,57.393225,70045,283126
1996-04-01,57.409693,57.524974,57.343819,57.459099,40298,282845
1996-04-02,57.475568,57.656723,57.475568,57.623786,49790,286159
1996-04-03,57.656723,57.739066,57.459099,57.557911,76615,287093
1996-04-04,57.557911,57.590849,57.32735,57.360288,76615,287093
1996-04-05,57.360288,57.376756,56.454512,56.553324,91031,315780
1996-04-08,56.487449,56.487449,56.158077,56.388638,82538,322490
1996-04-09,56.405106,56.635667,56.372169,56.619199,98750,322426
1996-04-10,56.635667,56.71801,56.339232,56.405106,190429,330516
1996-04-11,56.405106,56.487449,55.976921,56.256888,120500,331123
1996-04-12,56.289826,56.932103,56.273357,56.866228,116513,328116
1996-04-15,56.915634,57.030915,56.816822,56.997977,46171,329385
1996-04-16,56.997977,57.063852,56.783885,56.997977,74163,329803
1996-04-17,56.997977,56.997977,56.701542,56.84976,79241,331450
1996-04-18,56.816822,56.981509,56.586261,56.701542,86992,332523
1996-04-19,56.685073,56.948571,56.668604,56.882697,79098,322885
1996-04-22,56.882697,57.179132,56.882697,57.030915,61838,326073
1996-04-23,57.014446,57.063852,56.882697,56.997977,49806,326440
1996-04-24,56.997977,57.047383,56.816822,56.84976,63996,325868
1996-04-25,56.816822,56.915634,56.71801,56.899166,67996,325341
1996-04-26,56.932103,57.080321,56.915634,56.981509,53018,324825
1996-04-29,56.981509,56.981509,56.783885,56.84976,40343,322139
1996-04-30,56.84976,56.84976,56.553324,56.652136,89543,329266
1996-05-01,56.635667,56.734479,56.421575,56.635667,91261,333987
1996-05-02,56.635667,56.701542,56.009859,56.075733,159414,335881
1996-05-03,56.075733,56.388638,55.861641,55.894578,127933,341815
1996-05-06,55.894578,56.059265,55.87811,55.99339,53283,351556
1996-05-07,56.026327,56.092202,55.845172,55.943984,68347,353547
1996-05-08,55.976921,56.174545,55.795766,56.158077,111803,355638
1996-05-09,56.223951,56.322763,56.026327,56.092202,105413,352358
1996-05-10,56.026327,56.586261,55.99339,56.421575,141026,353395
1996-05-13,56.405106,56.553324,56.388638,56.520387,46437,354381
1996-05-14,56.520387,56.816822,56.503918,56.701542,112498,357068
1996-05-15,56.71801,56.84976,56.685073,56.734479,82434,353804
1996-05-16,56.734479,56.750948,56.470981,56.520387,103749,357688
1996-05-17,56.454512,56.734479,56.405106,56.685073,93609,326094
1996-05-20,56.685073,56.899166,56.685073,56.783885,67506,327115
1996-05-21,56.767416,56.866228,56.685073,56.71801,54498,307775
1996-05-22,56.684968,56.850182,56.569318,56.83366,65205,305299
1996-05-23,56.850182,56.916267,56.651925,56.668446,83493,298484
1996-05-24,56.635403,56.83366,56.635403,56.800617,57725,303294
1996-05-28,56.83366,56.916267,56.71801,56.734532,63152,304688
1996-05-29,56.701489,56.751053,56.338018,56.338018,118186,307314
1996-05-30,56.288454,56.404104,56.090197,56.371061,209895,301703
1996-05-31,56.354539,56.354539,55.958025,56.073675,194403,301736
1996-06-03,56.090197,56.172804,55.941504,56.057154,116202,293621
1996-06-04,56.040632,56.222368,56.024111,56.106718,85494,290527
1996-06-05,56.106718,56.255411,56.040632,56.238889,77729,292038
1996-06-06,56.238889,56.602361,56.189325,56.470189,110834,285694
1996-06-07,56.519753,56.585839,55.511947,55.825854,141535,294175
1996-06-10,55.89194,55.908461,55.677161,55.710204,75957,288257
1996-06-11,55.693683,55.842376,55.54499,55.677161,111062,291930
1996-06-12,55.677161,55.759768,55.511947,55.54499,84677,295473
1996-06-13,55.528469,55.710204,55.396297,55.627597,105697,295872
1996-06-14,55.693683,55.941504,55.54499,55.875418,96733,292987
1996-06-17,55.875418,56.057154,55.842376,56.040632,74073,294665
1996-06-18,56.024111,56.139761,55.908461,55.958025,110793,299705
1996-06-19,55.941504,56.00759,55.759768,55.842376,106781,293809
1996-06-20,55.858897,55.89194,55.710204,55.825854,49169,283362
1996-06-21,55.842376,56.00759,55.825854,55.908461,49568,281461
1996-06-24,55.908461,56.024111,55.89194,55.974547,23428,281916
1996-06-25,55.991068,56.205847,55.941504,56.106718,52306,283309
1996-06-26,56.12324,56.189325,56.00759,56.12324,52854,285145
1996-06-27,56.12324,56.486711,56.057154,56.453668,58245,290650
1996-06-28,56.420625,56.932789,56.354539,56.83366,134485,288930
1996-07-01,56.83366,56.83366,56.635403,56.817139,53818,287860
1996-07-02,56.83366,56.83366,56.503232,56.585839,94384,285416
1996-07-03,56.569318,56.751053,56.486711,56.651925,62029,284692
1996-07-05,56.684968,56.684968,55.627597,55.677161,127145,295435
1996-07-08,55.627597,55.792811,55.462383,55.677161,61320,294037
1996-07-09,55.677161,55.89194,55.66064,55.825854,61502,296755
1996-07-10,55.825854,56.090197,55.825854,56.057154,78806,297410
1996-07-11,56.090197,56.321497,55.908461,56.172804,85383,295773
1996-07-12,56.172804,56.552796,56.024111,56.371061,91655,297909
1996-07-15,56.321497,56.371061,56.189325,56.222368,49539,300438
1996-07-16,56.222368,56.651925,56.040632,56.503232,99885,298864
1996-07-17,56.437146,56.536275,56.387582,56.486711,68060,301661
1996-07-18,56.453668,56.916267,56.371061,56.899746,132255,308457
1996-07-19,56.850182,56.866703,56.635403,56.651925,61277,305289
1996-07-22,56.618882,56.734532,56.453668,56.470189,57122,309774
1996-07-23,56.453668,56.635403,56.404104,56.618882,43190,310306
1996-07-24,56.602361,56.83366,56.321497,56.371061,77502,312288
1996-07-25,56.420625,56.602361,56.304975,56.420625,59910,312939
1996-07-26,56.420625,56.569318,56.371061,56.470189,37786,312756
1996-07-29,56.420625,56.453668,56.205847,56.222368,35818,313711
1996-07-30,56.238889,56.486711,56.172804,56.387582,51095,313281
1996-07-31,56.387582,56.684968,56.354539,56.635403,66788,316218
1996-08-01,56.651925,57.41191,56.552796,57.197131,140760,328319
1996-08-02,57.164089,57.808424,57.131046,57.659731,117622,332068
1996-08-05,57.64321,57.676252,57.560602,57.626688,42754,333077
1996-08-06,57.593645,57.626688,57.494517,57.560602,53091,333125
1996-08-07,57.544081,57.725817,57.428431,57.511038,78736,339591
1996-08-08,57.544081,57.593645,57.444953,57.477995,69769,342357
1996-08-09,57.511038,57.775381,57.494517,57.692774,79626,341875
1996-08-12,57.709295,57.791902,57.64321,57.709295,40770,342533
1996-08-13,57.725817,57.874509,57.395388,57.41191,98729,335032
1996-08-14,57.41191,57.494517,57.329303,57.428431,65482,331424
1996-08-15,57.494517,57.511038,57.213653,57.29626,71203,334295
1996-08-16,57.312781,57.511038,57.312781,57.494517,58535,329335
1996-08-19,57.494517,57.52756,57.312781,57.41191,49401,329330
1996-08-20,57.41191,57.477995,57.362346,57.41191,49986,325080
1996-08-21,57.41191,57.444953,57.279738,57.329303,66286,327088
1996-08-22,57.296079,57.379141,57.213017,57.279466,58208,327672
1996-08-23,57.279466,57.279466,56.864157,56.930606,104647,316399
1996-08-26,56.847545,56.847545,56.614971,56.631584,112622,305727
1996-08-27,56.614971,56.797707,56.614971,56.714646,113236,310730
1996-08-28,56.714646,56.797707,56.598359,56.664808,73541,302163
1996-08-29,56.681421,56.781095,56.432235,56.448848,142697,304566
1996-08-30,56.448848,56.498685,55.900639,56.099988,178034,308821
1996-09-03,56.050151,56.266111,55.784353,56.232887,164939,307300
1996-09-04,56.232887,56.349173,56.033538,56.133213,100629,304502
1996-09-05,56.149825,56.18305,55.933864,56.016926,113627,305770
1996-09-06,55.983701,56.332561,55.618229,56.199662,170587,315066
1996-09-09,56.249499,56.365786,56.199662,56.349173,50813,305455
1996-09-10,56.349173,56.448848,56.133213,56.216274,129571,299628
1996-09-11,56.216274,56.282724,56.083375,56.216274,86775,300000
1996-09-12,56.216274,56.498685,56.18305,56.39901,89906,293761
1996-09-13,56.39901,56.997056,56.365786,56.897382,179690,292737
1996-09-16,56.913994,56.947219,56.847545,56.913994,57108,288193
1996-09-17,56.930606,56.947219,56.614971,56.648196,90341,288949
1996-09-18,56.614971,56.648196,56.515297,56.598359,68039,287019
1996-09-19,56.565134,56.664808,56.39901,56.482072,175520,279003
1996-09-20,56.482072,56.631584,56.46546,56.531909,36633,270265
1996-09-23,56.531909,56.648196,56.432235,56.631584,25796,271226
1996-09-24,56.631584,57.013668,56.515297,56.847545,62334,270177
1996-09-25,56.830932,57.09673,56.781095,57.063505,89125,274590
1996-09-26,57.063505,57.345916,57.013668,57.229629,95644,275529
1996-09-27,57.229629,57.379141,57.09673,57.129955,62657,277039
1996-09-30,57.09673,57.246242,56.980444,57.030281,45637,279240
1996-10-01,57.030281,57.312691,56.980444,57.262854,57136,278634
1996-10-02,57.296079,57.44559,57.262854,57.395753,59856,277681
1996-10-03,57.428978,57.528652,57.329303,57.395753,69846,276232
1996-10-04,57.412365,57.943961,57.395753,57.844287,117286,284866
1996-10-07,57.827675,57.827675,57.644939,57.678163,36640,282357
1996-10-08,57.661551,57.761225,57.628326,57.644939,44000,281512
1996-10-09,57.611714,57.744613,57.478815,57.51204,69892,284899
1996-10-10,57.51204,57.561877,57.246242,57.329303,67157,283673
1996-10-11,57.329303,57.595101,57.262854,57.528652,67157,283673
1996-10-15,57.561877,57.644939,57.478815,57.528652,34006,281603
1996-10-16,57.545264,57.644939,57.345916,57.51204,96625,287487
1996-10-17,57.545264,57.744613,57.495427,57.728,78287,285218
1996-10-18,57.744613,57.877512,57.728,57.761225,63531,289627
1996-10-21,57.744613,57.79445,57.661551,57.678163,24728,284264
1996-10-22,57.694776,57.711388,57.545264,57.561877,48339,284563
1996-10-23,57.561877,57.611714,57.462202,57.595101,56501,287407
1996-10-24,57.628326,57.644939,57.478815,57.578489,80239,284858
1996-10-25,57.595101,57.761225,57.395753,57.678163,87923,282153
1996-10-28,57.694776,57.744613,57.628326,57.661551,25510,279863
1996-10-29,57.644939,58.209759,57.578489,58.176535,126316,293587
1996-10-30,58.193147,58.42572,58.07686,58.176535,115099,294036
1996-10-31,58.14331,58.309434,58.110085,58.276209,73412,295182
1996-11-01,58.276209,58.591844,58.176535,58.226372,127320,301134
1996-11-04,58.209759,58.326046,58.14331,58.276209,51966,301699
1996-11-05,58.276209,58.558619,58.276209,58.49217,112662,308368
1996-11-06,58.508782,58.708131,58.42572,58.475557,109399,311779
1996-11-07,58.49217,58.625069,58.209759,58.608456,116301,314924
1996-11-08,58.608456,58.674906,58.442333,58.558619,116301,314924
1996-11-12,58.525394,58.807805,58.49217,58.791192,73199,318560
1996-11-13,58.77458,58.874254,58.625069,58.757968,111801,316174
1996-11-14,58.741355,58.957316,58.641681,58.924091,98604,319072
1996-11-15,58.924091,59.007153,58.791192,58.84103,109429,314374
1996-11-18,58.824417,58.907479,58.724743,58.791192,59969,310135
1996-11-19,58.791192,58.957316,58.724743,58.874254,70422,314920
1996-11-20,58.890867,59.040378,58.724743,59.023766,101994,317055
1996-11-21,58.973928,59.090215,58.940704,58.957316,87498,318526
1996-11-22,58.924073,58.973939,58.907452,58.940695,100092,312983
1996-11-25,58.924073,59.073669,58.874208,58.973939,88292,312876
1996-11-26,58.973939,59.223265,58.957317,59.007182,194006,311727
1996-11-27,58.957317,59.206643,58.957317,59.007182,147446,316726
1996-11-29,59.140156,59.322995,59.123534,59.322995,57258,312827
1996-12-02,59.322995,59.339617,59.123534,59.27313,106941,314009
1996-12-03,59.256508,59.455969,59.206643,59.289752,140662,315264
1996-12-04,59.289752,59.306374,59.040426,59.090291,83782,317000
1996-12-05,59.090291,59.1734,58.658126,58.741234,146318,311446
1996-12-06,58.757856,58.757856,58.192717,58.60826,181666,308933
1996-12-09,58.624882,58.857587,58.60826,58.7911,59141,308200
1996-12-10,58.824343,58.874208,58.691369,58.774478,74907,308287
1996-12-11,58.774478,58.774478,58.209339,58.242582,164843,316570
1996-12-12,58.142852,58.591639,58.059743,58.12623,136393,308921
1996-12-13,58.12623,58.458665,58.076365,58.375556,92945,301289
1996-12-16,58.4088,58.491908,58.176095,58.242582,53992,297306
1996-12-17,58.209339,58.292447,57.926769,58.109608,140976,296299
1996-12-18,58.059743,58.176095,57.926769,57.960012,64385,294076
1996-12-19,57.960012,58.309069,57.893526,58.292447,103277,292921
1996-12-20,58.309069,58.475286,58.259204,58.325691,52360,290506
1996-12-23,58.259204,58.425421,58.209339,58.342313,25305,293085
1996-12-24,58.358934,58.392178,58.292447,58.342313,4083,291561
1996-12-26,58.342313,58.392178,58.309069,58.309069,6223,292178
1996-12-27,58.292447,58.525152,58.292447,58.475286,26789,292123
1996-12-30,58.50853,58.591639,58.425421,58.458665,15106,293079
1996-12-31,58.442043,58.491908,58.026499,58.043121,31112,297548
1997-01-02,58.043121,58.159473,57.577712,57.677443,79544,301329
1997-01-03,57.694065,57.926769,57.677443,57.74393,58895,303697
1997-01-06,57.810417,57.827039,57.660821,57.694065,74397,310491
1997-01-07,57.677443,57.793795,57.511225,57.594334,84301,314334
1997-01-08,57.627578,57.777173,57.527847,57.577712,69150,318846
1997-01-09,57.577712,57.810417,57.411495,57.777173,92288,319536
1997-01-10,57.810417,57.893526,57.245278,57.411495,136154,328453
1997-01-13,57.444739,57.511225,57.345008,57.411495,46340,330642
1997-01-14,57.428117,57.760552,57.378252,57.727308,109452,333717
1997-01-15,57.760552,57.793795,57.610956,57.727308,85606,339715
1997-01-16,57.727308,57.893526,57.477982,57.577712,116493,340508
1997-01-17,57.610956,57.727308,57.544469,57.660821,116493,340508
1997-01-21,57.644199,57.827039,57.428117,57.793795,79524,337044
1997-01-22,57.810417,57.876904,57.677443,57.694065,80316,337829
1997-01-23,57.677443,57.727308,57.527847,57.594334,72247,342538
1997-01-24,57.544469,57.561091,57.295143,57.428117,99883,343579
1997-01-27,57.444739,57.46136,57.228656,57.295143,51380,345005
1997-01-28,57.278521,57.710686,57.261899,57.394873,105846,349360
1997-01-29,57.394873,57.561091,57.212034,57.477982,97226,350242
1997-01-30,57.46136,57.644199,57.444739,57.561091,70594,346389
1997-01-31,57.561091,57.910147,57.328386,57.860282,106082,346230
1997-02-03,57.910147,58.12623,57.810417,58.059743,68682,346507
1997-02-04,58.076365,58.12623,57.960012,58.092986,59407,346744
1997-02-05,58.12623,58.209339,58.009878,58.059743,91091,345999
1997-02-06,58.026499,58.076365,57.960012,58.026499,63151,348044
1997-02-07,58.026499,58.475286,57.976634,58.242582,163650,349990
1997-02-10,58.242582,58.309069,58.142852,58.259204,50280,348042
1997-02-11,58.275826,58.325691,58.209339,58.242582,69795,346321
1997-02-12,58.242582,58.342313,58.12623,58.22596,60804,345233
1997-02-13,58.22596,58.491908,58.22596,58.475286,68720,345196
1997-02-14,58.50853,58.757856,58.475286,58.658126,90778,349395
1997-02-18,58.7911,58.7911,58.575017,58.624882,79307,352937
1997-02-19,58.624882,58.691369,58.50853,58.541773,92486,349775
1997-02-20,58.525152,58.525152,58.342313,58.358934,104888,347901
1997-02-21,58.275826,58.375556,58.242582,58.342313,109160,344150
1997-02-24,58.258752,58.275464,58.191903,58.258752,77372,344625
1997-02-25,58.258752,58.342313,58.191903,58.242039,75282,346674
1997-02-26,58.242039,58.258752,57.573551,57.6404,247013,334055
1997-02-27,57.690537,57.807522,57.456566,57.540127,220139,322685
1997-02-28,57.556839,57.6404,57.473278,57.590263,141807,315252
1997-03-03,57.590263,57.590263,57.356292,57.540127,181351,312114
1997-03-04,57.506702,57.6404,57.406429,57.423141,126805,312442
1997-03-05,57.389717,57.523414,57.306156,57.456566,117874,308878
1997-03-06,57.456566,57.573551,57.289444,57.33958,121950,314627
1997-03-07,57.356292,57.6404,57.022048,57.540127,131742,319520
1997-03-10,57.606976,57.6404,57.48999,57.540127,66515,316436
1997-03-11,57.556839,57.606976,57.356292,57.506702,112500,319583
1997-03-12,57.48999,57.540127,57.356292,57.423141,96772,319465
1997-03-13,57.423141,57.423141,56.988624,57.005336,144998,326174
1997-03-14,57.03876,57.289444,57.022048,57.122322,98910,327603
1997-03-17,57.139034,57.155746,56.905063,57.055473,102994,328368
1997-03-18,57.055473,57.105609,56.905063,57.022048,87495,328698
1997-03-19,57.03876,57.172458,56.905063,56.971912,99000,328248
1997-03-20,56.955199,57.022048,56.737941,56.955199,93085,310905
1997-03-21,56.921775,57.022048,56.871638,56.938487,61002,309763
1997-03-24,56.905063,57.03876,56.888351,57.022048,47475,310049
1997-03-25,57.055473,57.272731,56.854926,56.888351,109793,323171
1997-03-26,56.938487,56.938487,56.687804,56.80479,84240,318306
1997-03-27,56.788077,56.905063,56.437121,56.453833,93329,325324
1997-03-31,56.437121,56.520682,56.370272,56.420409,73899,331916
1997-04-01,56.437121,56.587531,56.303423,56.520682,87350,333499
1997-04-02,56.537394,56.620955,56.437121,56.554107,82710,334862
1997-04-03,56.570819,56.65438,56.487258,56.604243,63111,332586
1997-04-04,56.637668,56.671092,56.35356,56.437121,100666,340528
1997-04-07,56.470545,56.65438,56.470545,56.604243,46959,337388
1997-04-08,56.637668,56.671092,56.437121,56.520682,65378,340708
1997-04-09,56.50397,56.65438,56.487258,56.520682,73887,345616
1997-04-10,56.50397,56.570819,56.420409,56.50397,63526,351643
1997-04-11,56.50397,56.570819,56.186438,56.286711,100476,358317
1997-04-14,56.286711,56.320136,56.236575,56.286711,38653,355578
1997-04-15,56.286711,56.737941,56.236575,56.570819,100705,358440
1997-04-16,56.604243,56.620955,56.320136,56.520682,72886,356459
1997-04-17,56.537394,56.771365,56.50397,56.65438,101077,357219
1997-04-18,56.65438,56.788077,56.620955,56.721229,44600,353436
1997-04-21,56.737941,56.788077,56.587531,56.604243,35799,351496
1997-04-22,56.620955,56.737941,56.554107,56.721229,60115,354056
1997-04-23,56.771365,56.80479,56.537394,56.587531,66851,355391
1997-04-24,56.587531,56.637668,56.420409,56.437121,83922,354914
1997-04-25,56.453833,56.470545,56.336848,56.403697,52528,352792
1997-04-28,56.370272,56.50397,56.320136,56.487258,43574,352019
1997-04-29,56.537394,57.03876,56.437121,57.005336,124816,349808
1997-04-30,57.022048,57.356292,56.771365,57.205883,193565,344271
1997-05-01,57.272731,57.356292,57.172458,57.306156,103930,337796
1997-05-02,57.33958,57.623688,57.205883,57.356292,128668,342627
1997-05-05,57.423141,57.439853,57.289444,57.373005,29690,340899
1997-05-06,57.389717,57.439853,57.256019,57.373005,70697,345063
1997-05-07,57.356292,57.373005,57.088897,57.122322,76211,343395
1997-05-08,57.122322,57.289444,56.971912,57.256019,78890,347034
1997-05-09,57.222595,57.523414,57.139034,57.439853,88123,343216
1997-05-12,57.406429,57.556839,57.322868,57.506702,51914,345150
1997-05-13,57.473278,57.590263,57.256019,57.306156,121649,349131
1997-05-14,57.289444,57.556839,57.256019,57.423141,89604,353916
1997-05-15,57.406429,57.506702,57.105609,57.456566,102340,355863
1997-05-16,57.48999,57.540127,57.322868,57.373005,61138,355093
1997-05-19,57.356292,57.423141,57.289444,57.356292,22248,351931
1997-05-20,57.33958,57.556839,57.205883,57.406429,95730,359162
1997-05-21,57.473278,57.556839,57.239307,57.306156,112745,361481
1997-05-22,57.306157,57.322942,57.205443,57.222229,88745,358475
1997-05-23,57.239014,57.322942,57.222229,57.289371,42622,356947
1997-05-27,57.322942,57.322942,57.054372,57.121515,109612,352058
1997-05-28,57.1383,57.239014,57.054372,57.087944,156148,355354
1997-05-29,57.087944,57.239014,57.087944,57.205443,117939,352701
1997-05-30,57.239014,57.574727,57.222229,57.490799,276922,359811
1997-06-02,57.574727,57.675441,57.406871,57.541156,110720,358606
1997-06-03,57.557941,57.658655,57.507584,57.641869,94516,354987
1997-06-04,57.641869,57.675441,57.557941,57.641869,112687,348697
1997-06-05,57.625084,57.658655,57.541156,57.641869,155064,335356
1997-06-06,57.641869,58.027939,57.406871,58.011153,183449,345697
1997-06-09,58.011153,58.011153,57.79294,57.826511,84895,343016
1997-06-10,57.826511,57.960797,57.725798,57.776155,143140,332464
1997-06-11,57.759369,57.843297,57.742583,57.776155,65567,326837
1997-06-12,57.79294,58.145439,57.692226,58.06151,122859,333485
1997-06-13,58.06151,58.330081,58.044725,58.229367,137968,335932
1997-06-16,58.195795,58.363652,58.195795,58.313295,49800,332262
1997-06-17,58.346866,58.380437,58.111867,58.246152,91386,331478
1997-06-18,58.229367,58.346866,58.128653,58.313295,69350,333155
1997-06-19,58.313295,58.380437,58.17901,58.313295,69279,334338
1997-06-20,58.313295,58.430794,58.246152,58.397223,48685,330152
1997-06-23,58.346866,58.380437,58.279724,58.296509,36306,326915
1997-06-24,58.313295,58.330081,58.212581,58.296509,47056,328766
1997-06-25,58.279724,58.380437,58.145439,58.195795,84942,334023
1997-06-26,58.162224,58.212581,57.994368,58.044725,100921,333345
1997-06-27,58.027939,58.17901,58.011153,58.128653,58212,331888
1997-06-30,58.145439,58.162224,57.826511,57.944011,75464,331712
1997-07-01,57.977582,58.229367,57.893654,58.162224,87178,335314
1997-07-02,58.17901,58.279724,58.162224,58.246152,54021,337360
1997-07-03,58.246152,58.699364,58.246152,58.615436,99799,340746
1997-07-07,58.632222,58.83365,58.598651,58.749721,60214,343816
1997-07-08,58.749721,58.800078,58.665793,58.749721,47240,344434
1997-07-09,58.71615,58.900792,58.71615,58.800078,81577,348995
1997-07-10,58.816864,58.83365,58.682579,58.800078,64899,350569
1997-07-11,58.783293,58.967935,58.749721,58.850435,73446,357211
1997-07-14,58.867221,58.884006,58.766507,58.783293,25295,358891
1997-07-15,58.749721,58.783293,58.481151,58.783293,67846,354691
1997-07-16,58.766507,59.035077,58.766507,58.98472,75748,360234
1997-07-17,59.001506,59.119005,58.934363,58.98472,69560,361782
1997-07-18,58.951149,58.98472,58.816864,58.850435,61636,362289
1997-07-21,58.83365,58.850435,58.732936,58.783293,25290,363642
1997-07-22,58.783293,59.152577,58.749721,59.135791,66948,370547
1997-07-23,59.152577,59.286862,59.135791,59.169362,95953,378203
1997-07-24,59.169362,59.169362,59.085434,59.169362,87284,381303
1997-07-25,59.152577,59.236505,59.035077,59.085434,64773,381082
1997-07-28,59.035077,59.202934,59.035077,59.186148,33138,384131
1997-07-29,59.219719,59.37079,59.169362,59.354004,85918,387255
1997-07-30,59.354004,59.572217,59.337219,59.488289,75415,397437
1997-07-31,59.538646,59.672931,59.421147,59.622574,106374,402447
1997-08-01,59.63936,59.689717,59.001506,59.018292,185513,401786
1997-08-04,59.001506,59.085434,58.83365,58.951149,98822,405412
1997-08-05,58.951149,58.98472,58.83365,58.917578,75453,401063
1997-08-06,58.900792,59.018292,58.816864,58.967935,60982,404077
1997-08-07,58.98472,59.10222,58.83365,58.850435,84444,404268
1997-08-08,58.867221,58.900792,58.279724,58.44758,171014,401178
1997-08-11,58.44758,58.581865,58.313295,58.464366,82148,404173
1997-08-12,58.481151,58.649008,58.380437,58.397223,104152,402162
1997-08-13,58.363652,58.699364,58.229367,58.497937,235325,408741
1997-08-14,58.497937,58.783293,58.497937,58.732936,114903,414348
1997-08-15,58.749721,58.816864,58.531508,58.766507,128060,418895
1997-08-18,58.83365,59.035077,58.783293,58.934363,79194,422670
1997-08-19,58.967935,59.001506,58.800078,58.934363,77170,418569
1997-08-20,58.951149,58.967935,58.800078,58.867221,50287,407052
1997-08-21,58.850435,58.884006,58.615436,58.665793,126414,412306
1997-08-22,58.665792,58.665792,58.379536,58.463729,119205,407628
1997-08-25,58.480568,58.497406,58.362697,58.379536,96788,390252
1997-08-26,58.396374,58.480568,58.244827,58.430052,113055,397965
1997-08-27,58.430052,58.547922,58.295343,58.430052,182525,406310
1997-08-28,58.430052,58.716308,58.430052,58.69947,205182,405814
1997-08-29,58.69947,58.766824,58.396374,58.564761,145165,415419
1997-09-02,58.581599,58.733147,58.379536,58.665792,99793,407398
1997-09-03,58.69947,58.766824,58.598438,58.615277,242462,385994
1997-09-04,58.581599,58.665792,58.531083,58.615277,81580,378679
1997-09-05,58.581599,59.002565,58.44689,58.531083,135448,381210
1997-09-08,58.44689,58.632115,58.430052,58.598438,76425,383430
1997-09-09,58.598438,58.615277,58.497406,58.581599,88659,384792
1997-09-10,58.581599,58.598438,58.44689,58.531083,73365,384214
1997-09-11,58.497406,58.547922,58.362697,58.44689,91774,387171
1997-09-12,58.430052,58.800502,58.396374,58.766824,174015,382240
1997-09-15,58.783663,58.834179,58.69947,58.783663,49193,678174
1997-09-16,58.800502,59.423531,58.766824,59.373015,202162,392699
1997-09-17,59.389854,59.55824,59.30566,59.423531,127493,388981
1997-09-18,59.389854,59.575079,59.356176,59.389854,114247,388121
1997-09-19,59.373015,59.457208,59.30566,59.423531,73844,386450
1997-09-22,59.423531,59.55824,59.423531,59.541401,39952,379291
1997-09-23,59.55824,59.55824,59.406692,59.422857,38185,382020
1997-09-24,59.406692,59.642433,59.373015,59.575079,71409,389889
1997-09-25,59.575079,59.608756,59.271983,59.288822,103941,384565
1997-09-26,59.288822,59.507724,59.288822,59.44037,70122,385331
1997-09-29,59.44037,59.474047,59.30566,59.406692,29742,381756
1997-09-30,59.389854,59.490885,59.271983,59.339338,75761,382836
1997-10-01,59.373015,59.709788,59.356176,59.608756,110079,392519
1997-10-02,59.625594,59.777142,59.575079,59.692949,92990,398873
1997-10-03,59.726626,60.29914,59.44037,59.709788,222970,414415
1997-10-06,59.810819,59.979206,59.810819,59.878174,77002,418751
1997-10-07,59.878174,59.996044,59.810819,59.962367,61216,416694
1997-10-08,59.996044,60.04656,59.423531,59.490885,203079,409442
1997-10-09,59.44037,59.575079,59.103597,59.44037,382019,397960
1997-10-10,59.490885,59.524563,59.036242,59.221467,382019,397960
1997-10-14,59.30566,59.490885,59.288822,59.474047,57943,399691
1997-10-15,59.474047,59.524563,59.238306,59.373015,77542,397933
1997-10-16,59.339338,59.608756,59.271983,59.373015,114319,396110
1997-10-17,59.339338,59.373015,59.019404,59.137274,107451,389940
1997-10-20,59.103597,59.204629,59.086758,59.18779,42526,389580
1997-10-21,59.154113,59.221467,59.103597,59.18779,54905,391165
1997-10-22,59.204629,59.255145,59.103597,59.238306,57586,394459
1997-10-23,59.221467,59.777142,59.221467,59.55824,169172,389363
1997-10-24,59.625594,59.726626,59.389854,59.642433,123429,390565
1997-10-27,59.777142,60.012883,59.692949,59.996044,131793,388577
1997-10-28,60.41701,60.551719,59.709788,59.726626,239541,398944
1997-10-29,59.692949,60.080238,59.608756,59.962367,153152,398602
1997-10-30,60.080238,60.315978,60.04656,60.181269,124450,396963
1997-10-31,60.315978,60.450687,59.979206,60.214947,89768,397094
1997-11-03,60.181269,60.181269,59.895013,59.979206,62107,397912
1997-11-04,59.945528,60.063399,59.810819,59.844497,81175,399454
1997-11-05,59.827658,59.962367,59.793981,59.861335,77356,399774
1997-11-06,59.979206,60.080238,59.844497,60.04656,64925,406807
1997-11-07,60.080238,60.282301,59.911851,60.012883,141659,406505
1997-11-10,59.911851,59.996044,59.810819,59.996044,141659,406505
1997-11-12,59.962367,60.130753,59.878174,60.04656,73378,410640
1997-11-13,60.097076,60.282301,59.962367,60.097076,93346,410344
1997-11-14,60.164431,60.332817,60.080238,60.130753,90502,402477
1997-11-17,60.063399,60.198108,59.945528,60.181269,49534,400491
1997-11-18,60.231785,60.282301,60.113915,60.181269,119134,402341
1997-11-19,60.181269,60.349656,60.164431,60.29914,144613,413071
1997-11-20,60.265462,60.349656,60.181269,60.214947,114761,411988
1997-11-21,60.181269,60.349656,60.029722,60.315978,113685,409399
1997-11-24,60.26535,60.282226,60.164092,60.164092,149856,400814
1997-11-25,60.248474,60.282226,60.130339,60.197845,146118,400977
1997-11-26,60.197845,60.248474,60.096587,60.147216,209304,402717
1997-11-28,60.113463,60.197845,60.096587,60.147216,61561,407806
1997-12-01,60.113463,60.282226,60.096587,60.180968,155661,400353
1997-12-02,60.180968,60.197845,60.113463,60.180968,91585,401682
1997-12-03,60.180968,60.299103,60.147216,60.248474,108213,395353
1997-12-04,60.299103,60.417237,60.231597,60.248474,101303,395256
1997-12-05,60.214721,60.248474,59.370905,60.012205,322799,385850
1997-12-08,59.961576,60.012205,59.809689,59.826566,89419,374689
1997-12-09,59.792813,59.9447,59.75906,59.877195,139255,370867
1997-12-10,59.9447,60.096587,59.877195,60.062834,83343,364178
1997-12-11,60.130339,60.518495,60.07971,60.332855,166872,373191
1997-12-12,60.349732,60.619753,60.349732,60.602876,101532,372961
1997-12-15,60.619753,60.687258,60.45099,60.467866,113715,371857
1997-12-16,60.467866,60.552247,60.383484,60.484742,72291,371044
1997-12-17,60.484742,60.501618,60.26535,60.400361,77349,370193
1997-12-18,60.349732,60.619753,60.332855,60.535371,62678,364537
1997-12-19,60.569124,60.856021,60.535371,60.721011,87710,367211
1997-12-22,60.670382,60.856021,60.636629,60.704134,32146,366124
1997-12-23,60.721011,60.805392,60.619753,60.687258,40322,365798
1997-12-24,60.77164,60.77164,60.602876,60.636629,18309,366216
1997-12-26,60.535371,60.653505,60.535371,60.636629,4536,366292
1997-12-29,60.653505,60.721011,60.552247,60.569124,26109,366773
1997-12-30,60.552247,60.569124,60.214721,60.400361,65866,360110
1997-12-31,60.417237,60.602876,60.383484,60.569124,30130,357856
1998-01-02,60.586,60.923527,60.552247,60.889774,43290,366116
1998-01-05,61.041661,61.429816,60.991032,61.41294,115190,376922
1998-01-06,61.379187,61.514198,61.261053,61.463569,137688,388012
1998-01-07,61.480445,61.547951,61.244177,61.311682,132203,387474
1998-01-08,61.345435,61.649208,61.294806,61.547951,113318,392166
1998-01-09,61.581703,61.902353,61.277929,61.868601,156469,390564
1998-01-12,61.851724,62.23988,61.750466,61.868601,180983,404906
1998-01-13,61.868601,61.969859,61.666085,61.767343,136530,421967
1998-01-14,61.750466,61.801095,61.480445,61.615456,102885,426054
1998-01-15,61.632332,61.750466,61.531074,61.581703,87265,425718
1998-01-16,61.581703,61.615456,61.345435,61.362311,87265,425718
1998-01-20,61.328558,61.514198,61.261053,61.277929,73441,422250
1998-01-21,61.261053,61.41294,61.159795,61.362311,120549,422547
1998-01-22,61.362311,61.514198,61.311682,61.362311,120005,432782
1998-01-23,61.345435,61.345435,60.822269,60.856021,247034,479483
1998-01-26,60.856021,61.126042,60.653505,61.09229,102511,486995
1998-01-27,61.075413,61.109166,60.754763,60.872898,107857,491013
1998-01-28,60.872898,61.007908,60.721011,60.872898,96959,487628
1998-01-29,60.856021,61.345435,60.822269,61.277929,141565,492311
1998-01-30,61.294806,61.429816,61.2273,61.41294,103196,485680
1998-02-02,61.41294,61.463569,61.210424,61.261053,96160,491509
1998-02-03,61.2273,61.41294,61.193548,61.294806,87619,498609
1998-02-04,61.311682,61.379187,61.2273,61.294806,77593,505364
1998-02-05,61.311682,61.379187,61.075413,61.109166,112318,505990
1998-02-06,61.041661,61.176671,60.856021,61.09229,142747,509152
1998-02-09,61.075413,61.109166,60.889774,60.974156,71890,505253
1998-02-10,60.991032,61.075413,60.957279,61.041661,47566,506121
1998-02-11,61.058537,61.261053,61.024785,61.244177,109358,515027
1998-02-12,61.294806,61.446693,61.176671,61.193548,123810,517266
1998-02-13,61.244177,61.396064,61.210424,61.311682,75061,516147
1998-02-17,61.311682,61.531074,61.311682,61.463569,106545,516731
1998-02-18,61.480445,61.564827,61.311682,61.345435,159091,515901
1998-02-19,61.345435,61.379187,61.244177,61.294806,119013,507376
1998-02-20,61.277929,61.311682,61.142919,61.210424,82435,510650
1998-02-23,61.396113,61.396113,61.041613,61.041613,203346,503841
1998-02-24,61.075375,61.176661,60.585826,60.687112,328281,512344
1998-02-25,60.737755,60.872803,60.737755,60.855922,229359,504429
1998-02-26,60.889684,60.906565,60.703993,60.754636,260749,510692
1998-02-27,60.720874,60.855922,60.501421,60.839041,306239,499342
1998-03-02,60.855922,60.872803,60.535183,60.552064,150259,491945
1998-03-03,60.602707,60.636469,60.265088,60.366374,271175,495508
1998-03-04,60.29885,60.48454,60.231326,60.400136,193599,482652
1998-03-05,60.501421,60.568945,60.29885,60.349493,192573,491770
1998-03-06,60.349493,60.568945,60.13004,60.501421,189083,490282
1998-03-09,60.518302,60.737755,60.48454,60.670231,126214,481097
1998-03-10,60.703993,60.720874,60.602707,60.687112,98041,476257
1998-03-11,60.720874,60.855922,60.687112,60.82216,121586,472683
1998-03-12,60.805279,61.092256,60.737755,61.041613,210487,474832
1998-03-13,61.058494,61.058494,60.855922,60.99097,107412,464089
1998-03-16,60.940327,61.142899,60.923446,61.126018,97773,463398
1998-03-17,61.092256,61.244184,61.024732,61.058494,129325,455846
1998-03-18,61.024732,61.109137,60.957208,60.99097,113237,460698
1998-03-19,60.974089,61.024732,60.805279,60.957208,120522,462556
1998-03-20,60.974089,61.041613,60.923446,61.007851,75347,471405
1998-03-23,60.974089,61.058494,60.872803,61.024732,60582,465392
1998-03-24,61.007851,61.075375,60.957208,61.024732,45476,463164
1998-03-25,61.024732,61.15978,60.754636,60.805279,132644,467157
1998-03-26,60.805279,60.855922,60.670231,60.687112,111403,469003
1998-03-27,60.703993,60.771517,60.568945,60.636469,99907,470916
1998-03-30,60.602707,60.720874,60.467659,60.518302,70512,469286
1998-03-31,60.552064,60.720874,60.501421,60.703993,89997,473916
1998-04-01,60.720874,60.872803,60.65335,60.855922,99463,473364
1998-04-02,60.906565,61.041613,60.855922,61.024732,126058,481468
1998-04-03,61.041613,61.632447,61.024732,61.379232,224897,484479
1998-04-06,61.328589,61.362351,61.193542,61.227303,81865,480898
1998-04-07,61.210422,61.277946,61.142899,61.15978,91486,480138
1998-04-08,61.15978,61.227303,60.957208,61.007851,107469,483315
1998-04-09,61.041613,61.193542,60.82216,61.007851,129628,482273
1998-04-13,60.957208,61.007851,60.65335,60.754636,111551,481837
1998-04-14,60.754636,60.923446,60.737755,60.855922,89480,480621
1998-04-15,60.889684,60.957208,60.788398,60.940327,81045,478039
1998-04-16,60.957208,61.058494,60.923446,60.974089,74034,476297
1998-04-17,61.007851,61.092256,60.940327,60.99097,65888,479884
1998-04-20,60.974089,61.007851,60.771517,60.855922,64448,484306
1998-04-21,60.805279,60.872803,60.670231,60.703993,106437,491980
1998-04-22,60.703993,60.788398,60.619588,60.703993,96654,496842
1998-04-23,60.703993,60.737755,60.585826,60.670231,117214,506931
1998-04-24,60.670231,60.754636,60.501421,60.737755,74802,501101
1998-04-27,60.737755,60.737755,60.180683,60.265088,206707,521083
1998-04-28,60.315731,60.417017,60.231326,60.248207,124762,535866
1998-04-29,60.214445,60.315731,60.146921,60.231326,110257,540414
1998-04-30,60.214445,60.687112,60.146921,60.670231,157941,541630
1998-05-01,60.670231,60.906565,60.65335,60.703993,132981,538013
1998-05-04,60.737755,60.754636,60.619588,60.703993,44559,537194
1998-05-05,60.720874,60.737755,60.585826,60.619588,75972,539228
1998-05-06,60.602707,60.771517,60.518302,60.754636,142610,543443
1998-05-07,60.788398,60.839041,60.670231,60.754636,74369,542580
1998-05-08,60.737755,60.771517,60.535183,60.636469,123489,547315
1998-05-11,60.619588,60.619588,60.366374,60.400136,92414,551215
1998-05-12,60.400136,60.703993,60.366374,60.687112,102106,541736
1998-05-13,60.670231,60.839041,60.585826,60.720874,120507,529955
1998-05-14,60.737755,60.754636,60.585826,60.602707,85519,532876
1998-05-15,60.585826,60.670231,60.552064,60.602707,59773,521512
1998-05-18,60.602707,60.771517,60.585826,60.754636,73924,517254
1998-05-19,60.720874,60.805279,60.670231,60.720874,113001,525058
1998-05-20,60.754636,60.923446,60.687112,60.855922,169687,508146
1998-05-21,60.872803,60.923446,60.65335,60.687112,162801,509368
1998-05-22,60.737697,60.788283,60.636523,60.754559,63867,507787
1998-05-26,60.83887,60.956906,60.788283,60.906319,243437,533905
1998-05-27,60.940043,61.125528,60.940043,61.041217,316572,545707
1998-05-28,60.973768,61.074941,60.906319,61.007492,251016,542517
1998-05-29,60.973768,61.14239,60.973768,61.041217,231758,549488
1998-06-01,61.108666,61.209839,61.074941,61.14239,130640,537299
1998-06-02,61.159252,61.192977,61.024354,61.074941,211360,538934
1998-06-03,61.074941,61.125528,60.956906,61.041217,135031,541122
1998-06-04,61.024354,61.108666,60.855732,60.956906,168896,529406
1998-06-05,60.956906,61.125528,60.754559,61.007492,205292,524037
1998-06-08,61.024354,61.058079,60.923181,61.007492,67865,526406
1998-06-09,61.024354,61.024354,60.923181,60.99063,97726,524772
1998-06-10,60.973768,61.226701,60.956906,61.209839,148007,524492
1998-06-11,61.209839,61.513359,61.159252,61.496496,184474,524079
1998-06-12,61.479634,61.648256,61.361599,61.563945,194895,531543
1998-06-15,61.496496,61.715705,61.479634,61.648256,103887,528820
1998-06-16,61.648256,61.74943,61.361599,61.395323,162025,523706
1998-06-17,61.378461,61.44591,60.940043,61.091803,204590,516647
1998-06-18,61.108666,61.243563,61.024354,61.209839,101410,500180
1998-06-19,61.192977,61.344737,61.041217,61.311012,104800,492152
1998-06-22,61.462772,61.513359,61.327874,61.344737,47569,477237
1998-06-23,61.361599,61.429048,61.311012,61.412185,48341,478302
1998-06-24,61.395323,61.496496,61.327874,61.361599,71056,482572
1998-06-25,61.344737,61.378461,61.192977,61.344737,101777,480190
1998-06-26,61.344737,61.44591,61.209839,61.378461,71840,484301
1998-06-29,61.395323,61.462772,61.29415,61.327874,32365,483363
1998-06-30,61.327874,61.44591,61.209839,61.429048,88065,486212
1998-07-01,61.412185,61.59767,61.344737,61.462772,98656,485046
1998-07-02,61.479634,61.698843,61.412185,61.530221,66438,488027
1998-07-06,61.547083,61.631394,61.530221,61.614532,43655,491511
1998-07-07,61.59767,61.631394,61.479634,61.530221,56460,493181
1998-07-08,61.530221,61.59767,61.462772,61.496496,40971,491278
1998-07-09,61.496496,61.648256,61.462772,61.614532,78406,496140
1998-07-10,61.59767,61.665119,61.547083,61.59767,49986,500485
1998-07-13,61.681981,61.732567,61.311012,61.412185,124698,500908
1998-07-14,61.378461,61.479634,61.260425,61.311012,100872,497015
1998-07-15,61.311012,61.412185,61.29415,61.344737,65702,503976
1998-07-16,61.344737,61.429048,61.243563,61.277288,104748,508906
1998-07-17,61.277288,61.378461,61.209839,61.260425,61372,509933
1998-07-20,61.260425,61.412185,61.226701,61.361599,43830,514789
1998-07-21,61.344737,61.496496,61.29415,61.429048,107955,525092
1998-07-22,61.44591,61.479634,61.361599,61.395323,61088,526928
1998-07-23,61.395323,61.530221,61.378461,61.462772,62799,530547
1998-07-24,61.44591,61.513359,61.395323,61.412185,62685,530089
1998-07-27,61.395323,61.479634,61.277288,61.378461,49991,530220
1998-07-28,61.344737,61.429048,61.277288,61.327874,79346,532161
1998-07-29,61.311012,61.361599,61.209839,61.226701,76532,535866
1998-07-30,61.209839,61.327874,61.007492,61.277288,167763,535163
1998-07-31,61.277288,61.344737,61.209839,61.277288,100112,540562
1998-08-03,61.29415,61.496496,61.260425,61.462772,88300,542481
1998-08-04,61.462772,61.648256,61.412185,61.547083,111479,546388
1998-08-05,61.563945,61.665119,61.479634,61.580808,91517,546908
1998-08-06,61.580808,61.59767,61.513359,61.547083,84270,550503
1998-08-07,61.547083,61.766292,61.513359,61.74943,128056,568249
1998-08-10,61.766292,61.783154,61.681981,61.732567,73325,568859
1998-08-11,61.732567,62.036087,61.698843,61.850603,127741,582843
1998-08-12,61.850603,61.850603,61.665119,61.800016,89134,587061
1998-08-13,61.800016,61.934914,61.665119,61.698843,124583,595039
1998-08-14,61.681981,61.816879,61.614532,61.783154,118350,605063
1998-08-17,61.783154,61.985501,61.732567,61.783154,63121,604481
1998-08-18,61.800016,61.833741,61.665119,61.766292,82028,603789
1998-08-19,61.766292,61.766292,61.648256,61.766292,145991,616404
1998-08-20,61.766292,61.934914,61.665119,61.90119,189345,629111
1998-08-21,61.918052,62.643127,61.884327,62.120398,347400,643395
1998-08-24,62.221545,62.339549,62.137257,62.238403,151842,629429
1998-08-25,62.238403,62.423837,62.238403,62.406979,205992,636030
1998-08-26,62.440695,62.626129,62.356406,62.558698,357877,653541
1998-08-27,62.524983,63.233004,62.524983,62.878993,380217,667284
1998-08-28,62.895851,63.351007,62.794705,62.996997,390079,669013
1998-08-31,62.996997,63.216146,62.845278,63.182431,281578,656232
1998-09-01,63.233004,63.536441,63.030712,63.165573,381644,662420
1998-09-02,63.148716,63.165573,62.878993,63.030712,246774,624925
1998-09-03,62.996997,63.283577,62.996997,63.182431,191515,617286
1998-09-04,63.249861,63.300434,62.996997,63.233004,109339,609663
1998-09-08,63.283577,63.384722,63.081285,63.165573,146809,603202
1998-09-09,63.131858,63.587014,63.04757,63.553299,216744,599789
1998-09-10,63.587014,64.362466,63.485868,64.311893,266232,588035
1998-09-11,64.362466,64.699618,63.890452,63.97474,232728,575512
1998-09-14,63.941025,64.075886,63.721875,63.924167,157179,559269
1998-09-15,63.924167,64.160174,63.789306,63.839879,161493,550791
1998-09-16,63.839879,63.97474,63.68816,63.957882,201152,548880
1998-09-17,63.957882,64.362466,63.890452,64.244462,191186,531549
1998-09-18,64.244462,64.61533,64.210747,64.581615,108597,528770
1998-09-21,64.497327,65.070486,64.446754,64.598472,151372,520063
1998-09-22,64.5479,64.598472,64.32875,64.379323,111517,501419
1998-09-23,64.379323,64.800764,64.278177,64.632188,141033,505529
1998-09-24,64.632188,64.868195,64.497327,64.851337,114228,504876
1998-09-25,64.851337,65.171632,64.733334,64.969341,153205,498220
1998-09-28,64.952483,65.070486,64.885052,64.935625,66598,495866
1998-09-29,64.918768,65.003056,64.767049,64.986198,83398,493296
1998-09-30,64.935625,65.525643,64.935625,65.508785,127599,491634
1998-10-01,65.5425,66.014514,65.390782,65.980799,211551,494837
1998-10-02,66.031372,66.199948,65.711077,65.963941,199739,483239
1998-10-05,65.963941,66.671962,65.947084,66.40224,123705,478582
1998-10-06,66.385382,66.40224,65.879653,66.132518,139578,481690
1998-10-07,66.132518,66.284236,65.25592,65.711077,204701,476605
1998-10-08,65.576216,65.778507,64.716476,64.783907,178852,477345
1998-10-09,64.851337,64.952483,63.165573,63.97474,204175,475358
1998-10-13,63.873594,64.446754,63.620729,64.193889,143296,470817
1998-10-14,64.210747,64.90191,64.193889,64.817622,139437,471444
1998-10-15,64.800764,65.019913,64.598472,64.817622,145494,472258
1998-10-16,64.817622,65.76165,64.817622,65.441354,184586,476601
1998-10-19,65.357066,65.593073,65.340209,65.390782,58866,476313
1998-10-20,65.390782,65.47507,64.834479,65.137917,126190,479296
1998-10-21,65.121059,65.171632,64.885052,65.003056,79053,486850
1998-10-22,65.003056,65.053629,64.733334,64.90191,106764,487841
1998-10-23,64.851337,64.969341,64.278177,64.598472,92577,489928
1998-10-26,64.531042,64.90191,64.278177,64.665903,116410,494233
1998-10-27,64.783907,65.104202,64.733334,65.036771,113872,490840
1998-10-28,65.003056,65.306493,64.986198,65.171632,100821,493019
1998-10-29,65.205347,65.407639,65.137917,65.357066,97024,490593
1998-10-30,65.357066,65.441354,64.90191,64.90191,116012,493799
1998-11-02,64.918768,65.019913,64.413038,64.446754,104748,499694
1998-11-03,64.429896,64.649045,64.362466,64.463611,100209,506247
1998-11-04,64.480469,64.564757,63.772448,63.97474,165800,507496
1998-11-05,63.97474,64.463611,63.755591,63.907309,171765,504493
1998-11-06,63.924167,63.991597,63.216146,63.469011,237624,498888
1998-11-09,63.452153,63.772448,63.283577,63.755591,110340,500673
1998-11-10,63.755591,64.109601,63.738733,63.941025,110340,500673
1998-11-12,63.957882,64.26132,63.957882,64.126459,141580,504808
1998-11-13,64.109601,64.244462,63.873594,64.025313,113607,495617
1998-11-16,63.991597,64.059028,63.856736,63.941025,82240,500705
1998-11-17,63.924167,64.227604,63.823021,63.873594,136255,504191
1998-11-18,63.839879,64.109601,63.68816,63.907309,273052,526138
1998-11-19,63.941025,64.025313,63.772448,63.806163,157670,522298
1998-11-20,63.789306,64.04217,63.772448,63.941025,143531,509712
1998-11-23,63.941024,64.075531,63.840145,63.840145,168034,520219
1998-11-24,63.772891,63.907398,63.739265,63.823331,182057,525652
1998-11-25,63.856958,63.924211,63.789705,63.806518,176378,520323
1998-11-27,63.806518,63.907398,63.806518,63.873771,41926,503020
1998-11-30,63.907398,64.277291,63.890585,64.210037,205073,509009
1998-12-01,64.226851,64.63037,64.226851,64.495864,211664,505603
1998-12-02,64.495864,65.067516,64.47905,64.848943,245591,496936
1998-12-03,64.83213,65.08433,64.63037,64.815317,230326,491575
1998-12-04,64.83213,64.966637,64.462237,64.563117,157501,492176
1998-12-07,64.52949,64.68081,64.193224,64.226851,84792,488056
1998-12-08,64.210037,64.563117,64.210037,64.546304,91637,487852
1998-12-09,64.596744,64.848943,64.52949,64.798503,102988,494322
1998-12-10,64.73125,65.017076,64.647184,64.899383,121524,501822
1998-12-11,64.949823,65.03389,64.495864,64.63037,102354,502779
1998-12-14,64.613557,64.899383,64.613557,64.73125,102011,504484
1998-12-15,64.798503,64.865757,64.512677,64.52949,90931,500855
1998-12-16,64.563117,64.815317,64.47905,64.73125,105884,507602
1998-12-17,64.73125,64.88257,64.57993,64.73125,67356,506875
1998-12-18,64.714437,64.714437,64.613557,64.663997,42767,504866
1998-12-21,64.663997,64.73125,64.277291,64.394984,73008,509585
1998-12-22,64.361357,64.394984,64.058718,64.125971,45655,499868
1998-12-23,64.092344,64.159598,63.756078,63.772891,54371,503165
1998-12-24,63.739265,63.890585,63.386185,63.537505,42166,504161
1998-12-28,63.554318,63.806518,63.470252,63.789705,20619,506018
1998-12-29,63.840145,64.025091,63.638385,64.008278,42983,505899
1998-12-30,64.041904,64.176411,63.974651,64.125971,42502,504036
1998-12-31,64.142784,64.226851,63.991464,64.109158,32873,502619
1999-01-04,64.176411,64.226851,63.840145,64.008278,69795,507855
1999-01-05,64.025091,64.125971,63.772891,63.823331,89855,519795
1999-01-06,63.806518,63.957838,63.638385,63.941024,144044,522112
1999-01-07,63.974651,64.041904,63.688825,63.756078,141921,529753
1999-01-08,63.705638,63.789705,63.234865,63.386185,7265,532932
1999-01-11,63.302119,63.369372,63.016292,63.251679,129207,543982
1999-01-12,63.234865,63.604758,63.083546,63.470252,127853,537882
1999-01-13,63.520692,64.193224,63.402999,63.722451,224479,536767
1999-01-14,63.739265,64.092344,63.587945,64.041904,153466,528140
1999-01-15,64.041904,64.310917,63.739265,63.756078,153466,528140
1999-01-19,63.756078,63.856958,63.554318,63.705638,86588,526837
1999-01-20,63.705638,63.739265,63.402999,63.554318,100590,527698
1999-01-21,63.554318,63.890585,63.537505,63.789705,124998,533885
1999-01-22,63.823331,64.092344,63.789705,64.075531,111902,537172
1999-01-25,64.109158,64.277291,63.974651,64.075531,89863,532850
1999-01-26,64.058718,64.210037,63.907398,63.974651,92842,524116
1999-01-27,63.941024,64.058718,63.840145,64.041904,101711,520538
1999-01-28,64.041904,64.193224,63.873771,64.075531,19055,525830
1999-01-29,64.092344,64.142784,63.840145,64.125971,110031,527023
1999-02-01,64.125971,64.142784,63.688825,63.772891,95311,531380
1999-02-02,63.772891,63.806518,63.520692,63.554318,161618,525529
1999-02-03,63.537505,63.587945,63.369372,63.386185,123597,526440
1999-02-04,63.386185,63.487065,62.881786,63.049919,245500,528037
1999-02-05,63.083546,63.201239,62.848159,62.915412,165575,529829
1999-02-08,62.898599,63.066732,62.780906,62.999479,84564,527132
1999-02-09,62.999479,63.234865,62.982666,63.133986,107766,531641
1999-02-10,63.100359,63.318932,63.016292,63.083546,132223,524036
1999-02-11,63.083546,63.100359,62.915412,63.049919,119666,530635
1999-02-12,63.033106,63.083546,62.310133,62.511893,236735,556076
1999-02-16,62.579146,62.764093,62.377387,62.528706,136950,561171
1999-02-17,62.562333,62.747279,62.411013,62.696839,126246,563841
1999-02-18,62.713653,62.797719,62.461453,62.49508,175622,569574
1999-02-19,62.478266,62.562333,62.276507,62.3942,220856,570962
1999-02-22,62.478154,62.578898,62.276665,62.562107,167282,560991
1999-02-23,62.276665,62.646061,62.243084,62.327037,211080,564610
1999-02-24,62.310247,62.37741,61.957642,61.991224,319894,567229
1999-02-25,61.974433,62.024805,61.302805,61.521084,446143,581972
1999-02-26,61.504294,61.739363,61.353177,61.65541,285504,589770
1999-03-01,61.65541,61.789735,61.118108,61.269224,239348,581891
1999-03-02,61.235643,61.521084,61.202061,61.40355,183653,573115
1999-03-03,61.437131,61.621829,61.185271,61.269224,221183,564036
1999-03-04,61.269224,61.319596,61.084526,61.134899,189496,540518
1999-03-05,61.134899,61.924061,61.084526,61.437131,243816,522154
1999-03-08,61.453922,61.621829,61.437131,61.487503,84769,517218
1999-03-09,61.521084,61.856898,61.319596,61.789735,203260,516360
1999-03-10,61.840107,61.856898,61.621829,61.722573,162548,508436
1999-03-11,61.739363,61.840107,61.588247,61.722573,139402,503668
1999-03-12,61.705782,61.90727,61.688991,61.873689,106004,497886
1999-03-15,61.89048,61.991224,61.823317,61.957642,79481,496459
1999-03-16,61.974433,62.175921,61.924061,62.108758,114738,492393
1999-03-17,62.125549,62.259875,61.991224,62.008014,127296,488842
1999-03-18,62.008014,62.192712,61.991224,62.091968,93964,482216
1999-03-19,62.108758,62.192712,61.856898,61.873689,95404,494003
1999-03-22,61.873689,61.89048,61.705782,61.772945,73068,489877
1999-03-23,61.756154,61.873689,61.688991,61.772945,94953,486929
1999-03-24,61.823317,62.091968,61.806526,61.90727,93220,493919
1999-03-25,61.924061,62.024805,61.705782,61.722573,84865,501481
1999-03-26,61.722573,62.008014,61.672201,61.722573,94830,506757
1999-03-29,61.722573,61.823317,61.470712,61.537875,85475,521894
1999-03-30,61.521084,61.772945,61.521084,61.772945,80103,522222
1999-03-31,61.789735,61.840107,61.437131,61.621829,102933,524577
1999-04-01,61.621829,61.739363,61.40355,61.537875,102933,524577
1999-04-02,61.554666,61.924061,61.504294,61.89048,116143,531667
1999-04-05,61.974433,62.008014,61.806526,61.924061,53126,526390
1999-04-06,61.924061,62.226293,61.924061,62.175921,119424,520841
1999-04-07,62.192712,62.243084,62.091968,62.125549,80510,511594
1999-04-08,62.159131,62.578898,62.108758,62.545316,142934,509732
1999-04-09,62.562107,62.662851,62.427782,62.528526,117717,501348
1999-04-12,62.562107,62.696433,62.511735,62.528526,70409,501991
1999-04-13,62.545316,62.595688,62.259875,62.327037,99484,501718
1999-04-14,62.327037,62.3942,62.243084,62.276665,98044,502686
1999-04-15,62.293456,62.343828,62.091968,62.192712,136037,504782
1999-04-16,62.175921,62.209503,61.940852,61.991224,100691,504694
1999-04-19,61.991224,62.159131,61.90727,62.14234,95751,504776
1999-04-20,62.175921,62.327037,62.125549,62.259875,105775,502052
1999-04-21,62.259875,62.37741,62.192712,62.243084,67259,502406
1999-04-22,62.209503,62.226293,61.89048,61.90727,111642,506792
1999-04-23,61.90727,62.024805,61.856898,61.924061,78731,511747
1999-04-26,61.924061,62.024805,61.722573,62.008014,75849,511475
1999-04-27,62.008014,62.14234,61.940852,62.091968,65771,508685
1999-04-28,62.091968,62.14234,61.89048,61.991224,72256,505141
1999-04-29,61.957642,62.327037,61.924061,62.209503,111329,506095
1999-04-30,62.209503,62.310247,61.554666,61.621829,160334,514096
1999-05-03,61.638619,61.672201,61.470712,61.605038,88512,512159
1999-05-04,61.605038,61.688991,61.336387,61.42034,118267,516901
1999-05-05,61.42034,61.554666,61.353177,61.504294,94677,517245
1999-05-06,61.521084,61.605038,61.050945,61.101317,209182,527490
1999-05-07,61.118108,61.369968,60.866248,60.983782,184876,537267
1999-05-10,60.983782,61.151689,60.832666,61.084526,104246,538682
1999-05-11,61.101317,61.134899,60.849457,60.899829,115941,543014
1999-05-12,60.899829,61.084526,60.731922,60.983782,159369,539680
1999-05-13,61.000573,61.40355,60.983782,61.369968,129132,536716
1999-05-14,61.369968,61.40355,60.379318,60.597596,214263,548888
1999-05-17,60.580806,60.631178,60.396108,60.480062,127254,541554
1999-05-18,60.480062,60.698341,60.244992,60.362527,149845,555162
1999-05-19,60.379318,60.580806,60.312155,60.564015,145576,566895
1999-05-20,60.580806,60.614387,60.412899,60.530434,159169,561621
1999-05-21,60.513643,60.849457,60.480062,60.715131,167675,554275
1999-05-24,60.748868,60.900698,60.630778,60.799478,136638,539607
1999-05-25,60.799478,60.850088,60.681388,60.765738,299560,547777
1999-05-26,60.799478,60.850088,60.478948,60.546428,300936,543684
1999-05-27,60.546428,60.580168,60.124678,60.209028,361994,533672
1999-05-28,60.192158,60.310248,60.006588,60.209028,252157,558853
1999-06-01,60.225898,60.259638,59.584838,59.686058,242797,570333
1999-06-02,59.669188,59.787278,59.466748,59.686058,268228,572737
1999-06-03,59.702928,59.888498,59.686058,59.770408,196187,570699
1999-06-04,59.804148,60.090938,59.652318,59.770408,166472,566223
1999-06-07,59.770408,59.939108,59.719798,59.787278,88066,570982
1999-06-08,59.787278,59.905368,59.719798,59.719798,112159,570731
1999-06-09,59.736668,59.804148,59.517358,59.635448,137853,564428
1999-06-10,59.618578,59.618578,59.264308,59.449878,160582,573625
1999-06-11,59.449878,59.601708,59.095608,59.112478,167480,579328
1999-06-14,59.129348,59.348658,59.078738,59.281178,93774,579483
1999-06-15,59.247438,59.534228,59.247438,59.348658,142569,573917
1999-06-16,59.314918,59.669188,59.281178,59.449878,178723,574560
1999-06-17,60.006588,60.040328,59.365528,59.989718,202249,578138
1999-06-18,60.006588,60.040328,59.787278,59.804148,93289,565738
1999-06-21,59.837888,59.939108,59.449878,59.601708,98653,568637
1999-06-22,59.618578,59.652318,59.331788,59.466748,93730,564495
1999-06-23,59.466748,59.500488,59.112478,59.247438,118969,567774
1999-06-24,59.264308,59.331788,58.994388,59.095608,151790,584603
1999-06-25,59.078738,59.298048,58.926908,59.179958,94312,581198
1999-06-28,59.213698,59.433008,59.120913,59.407703,76447,574084
1999-06-29,59.407703,59.567968,59.357093,59.534228,106837,574649
1999-06-30,59.551098,60.040328,59.264308,60.023458,164188,569333
1999-07-01,60.065633,60.107808,59.567968,59.854758,164188,569333
1999-07-02,59.888498,59.972848,59.669188,59.888498,102253,569930
1999-07-06,59.939108,59.955978,59.567968,59.753538,75690,567418
1999-07-07,59.770408,59.804148,59.576403,59.652318,63010,569424
1999-07-08,59.669188,59.905368,59.483618,59.896933,137947,579614
1999-07-09,59.913803,60.057198,59.812583,59.863193,99655,574908
1999-07-12,59.863193,60.310248,59.778843,60.242768,105630,569306
1999-07-13,60.259638,60.495818,60.183723,60.327118,157218,567183
1999-07-14,60.318683,60.495818,60.166853,60.234333,120786,577559
1999-07-15,60.242768,60.428338,60.124678,60.259638,134294,580642
1999-07-16,60.259638,60.462078,60.209028,60.428338,90620,583585
1999-07-19,60.453643,60.571733,60.436773,60.462078,68071,582364
1999-07-20,60.470513,60.546428,60.259638,60.521123,109438,591750
1999-07-21,60.521123,60.588603,60.403033,60.487383,90981,596897
1999-07-22,60.495818,60.597038,59.981283,60.074068,168710,601037
1999-07-23,60.074068,60.099373,59.778843,59.854758,106316,604813
1999-07-26,59.804148,59.837888,59.652318,59.795713,83203,608824
1999-07-27,59.795713,59.947543,59.778843,59.922238,113473,613094
1999-07-28,59.922238,59.955978,59.854758,59.913803,104932,601515
1999-07-29,59.922238,59.930673,59.424573,59.669188,188367,612514
1999-07-30,59.660753,59.686058,59.382398,59.551098,123856,619301
1999-08-02,59.534228,59.618578,59.239003,59.525793,127092,626736
1999-08-03,59.534228,59.584838,59.407703,59.441443,80119,622650
1999-08-04,59.441443,59.576403,59.382398,59.466748,121979,629655
1999-08-05,59.475183,59.753538,59.433008,59.669188,183277,633906
1999-08-06,59.686058,59.770408,59.129348,59.146218,160728,642559
1999-08-09,59.061868,59.078738,58.791948,58.817253,125166,645713
1999-08-10,58.758208,58.893168,58.690728,58.758208,183333,654825
1999-08-11,58.749773,58.926908,58.707598,58.901603,171006,656216
1999-08-12,58.926908,59.061868,58.842558,58.910038,145636,655644
1999-08-13,58.842558,59.348658,58.825688,59.298048,178064,654085
1999-08-16,59.298048,59.407703,59.188393,59.331788,137553,639737
1999-08-17,59.340223,59.736668,59.264308,59.660753,217551,629280
1999-08-18,59.652318,59.694493,59.508923,59.677623,135336,623161
1999-08-19,59.686058,59.761973,59.508923,59.584838,131960,613982
1999-08-20,59.618578,59.660753,59.525793,59.643883,91237,609606
1999-08-23,59.652365,59.669334,59.60146,59.618428,123783,604297
1999-08-24,59.618428,59.881438,59.542071,59.872954,220095,601578
1999-08-25,59.881438,60.246259,59.830533,60.237774,245874,597771
1999-08-26,60.237774,60.271711,60.042638,60.135964,236796,592754
1999-08-27,60.110512,60.118996,59.796596,59.813565,281502,593169
1999-08-30,59.796596,59.805081,59.406324,59.44026,207478,585170
1999-08-31,59.423292,59.592976,59.219671,59.380871,224174,595194
1999-09-01,59.380871,59.516618,59.33845,59.389355,137531,602228
1999-09-02,59.397839,59.448744,59.194219,59.270576,162755,607087
1999-09-03,59.270576,59.796596,59.270576,59.686302,134911,604637
1999-09-07,59.677818,59.686302,59.491165,59.508134,118526,606985
1999-09-08,59.508134,59.711754,59.406324,59.60146,150883,605485
1999-09-09,59.609944,59.618428,59.406324,59.448744,133418,611687
1999-09-10,59.465713,59.796596,59.448744,59.745691,123838,608591
1999-09-13,59.711754,59.728723,59.60146,59.677818,72705,597604
1999-09-14,59.677818,59.754175,59.380871,59.49965,166083,606358
1999-09-15,59.49965,59.813565,59.44026,59.635397,140486,608895
1999-09-16,59.643881,59.813565,59.618428,59.754175,98320,604321
1999-09-17,59.779628,59.974764,59.76266,59.889923,89972,607876
1999-09-20,59.889923,59.983249,59.70327,59.728723,66194,599880
1999-09-21,59.737207,59.805081,59.559039,59.652365,83851,597160
1999-09-22,59.660849,59.728723,59.618428,59.70327,63779,588501
1999-09-23,59.711754,60.017185,59.677818,60.008701,91858,591041
1999-09-24,60.017185,60.356553,60.000217,60.339585,154905,594652
1999-09-27,60.331101,60.348069,60.034154,60.076575,95517,584914
1999-09-28,60.076575,60.161417,59.839017,59.847502,153652,585421
1999-09-29,59.847502,59.86447,59.525102,59.533586,124189,588875
1999-09-30,59.533586,59.830533,59.474197,59.796596,135614,589444
1999-10-01,59.813565,59.847502,59.355418,59.423292,138175,592598
1999-10-04,59.491165,59.626913,59.448744,59.618428,52382,586202
1999-10-05,59.626913,59.677818,59.23664,59.262092,105261,592962
1999-10-06,59.287545,59.363903,59.202703,59.228155,131715,601272
1999-10-07,59.23664,59.329966,59.066956,59.211187,146955,609784
1999-10-08,59.202703,59.525102,59.168766,59.253608,146955,609784
1999-10-12,59.253608,59.253608,59.041503,59.134829,68443,613171
1999-10-13,59.143314,59.245124,58.91424,58.922724,104294,628294
1999-10-14,58.939693,59.007566,58.685167,58.770009,128146,643526
1999-10-15,58.753041,59.100893,58.523967,59.083924,161997,648232
1999-10-18,59.092408,59.194219,58.939693,58.97363,95087,647555
1999-10-19,58.97363,59.100893,58.795462,58.837883,130967,645222
1999-10-20,58.837883,58.888788,58.685167,58.786977,131393,654309
1999-10-21,58.786977,58.982114,58.719104,58.753041,107101,655480
1999-10-22,58.744556,58.846367,58.65123,58.71062,94487,664614
1999-10-25,58.736072,58.753041,58.498515,58.676683,102335,676385
1999-10-26,58.676683,58.761525,58.583357,58.642746,88648,677670
1999-10-27,58.634262,58.888788,58.608809,58.871819,141647,668970
1999-10-28,58.871819,59.202703,58.846367,59.151798,144394,654167
1999-10-29,59.168766,59.584492,59.07544,59.576007,223925,618285
1999-11-01,59.559039,59.559039,59.329966,59.431776,100727,598262
1999-11-02,59.431776,59.60146,59.346934,59.542071,142221,582177
1999-11-03,59.559039,59.720239,59.423292,59.609944,147895,578413
1999-11-04,59.618428,59.855986,59.60146,59.813565,156437,563152
1999-11-05,59.822049,60.135964,59.745691,59.983249,189988,547440
1999-11-08,59.96628,59.983249,59.847502,59.915375,79160,533210
1999-11-09,59.932344,59.96628,59.813565,59.872954,108817,517447
1999-11-10,59.86447,59.957796,59.609944,59.779628,108817,517447
1999-11-12,59.771144,60.068091,59.76266,60.017185,104820,499981
1999-11-15,60.000217,60.076575,59.923859,59.991733,62561,489657
1999-11-16,59.991733,60.203838,59.830533,59.889923,106131,481787
1999-11-17,59.898407,59.940828,59.618428,59.635397,137777,467513
1999-11-18,59.643881,59.677818,59.482681,59.584492,130121,456539
1999-11-19,59.584492,59.686302,59.474197,59.559039,31048,121830
1999-11-22,59.44519,59.473626,59.36924,59.464139,30863,139103
1999-11-23,59.397709,59.521079,59.397709,59.502099,49186,156968
1999-11-24,59.530569,59.596999,59.34077,59.492609,81160,192896
1999-11-26,59.388219,59.464139,59.35975,59.388219,37074,215701
1999-11-29,59.397709,59.454649,58.989641,59.056071,224317,297111
1999-11-30,59.037091,59.3123,59.027601,59.20791,187488,322076
1999-12-01,59.19842,59.19842,58.894741,59.09403,166372,362548
1999-12-02,59.10352,59.13199,58.961171,58.980151,101261,378593
1999-12-03,58.980151,59.35026,58.913721,59.26485,158405,400703
1999-12-06,59.28383,59.407199,59.26485,59.35975,86043,411495
1999-12-07,59.35975,59.587509,59.35975,59.549549,119927,431842
1999-12-08,59.559039,59.596999,59.397709,59.464139,75310,439620
1999-12-09,59.464139,59.596999,59.445159,59.568529,69044,443735
1999-12-10,59.559039,59.862718,59.540059,59.843738,100289,441659
1999-12-13,59.853228,59.891188,59.739348,59.758328,61880,436893
1999-12-14,59.748838,59.767818,59.24587,59.27434,119297,437553
1999-12-15,59.25536,59.35975,59.08454,59.11301,82480,441958
1999-12-16,59.11301,59.16995,58.752392,58.828311,113735,453611
1999-12-17,58.837801,58.951681,58.619532,58.809331,98847,462029
1999-12-20,58.837801,58.894741,58.515142,58.572082,54776,459726
1999-12-21,58.562592,58.856781,58.439223,58.477183,72309,458531
1999-12-22,58.477183,58.572082,58.391773,58.448713,40697,461328
1999-12-23,58.448713,58.648002,58.353813,58.372793,26764,466487
1999-12-27,58.372793,58.496162,58.249423,58.429733,24042,471061
1999-12-28,58.429733,58.439223,58.277893,58.306363,29356,476912
1999-12-29,58.306363,58.458203,58.306363,58.401263,39160,479782
1999-12-30,58.420243,58.505652,58.344323,58.467693,27082,482820
1999-12-31,58.477183,58.505652,58.135544,58.220953,15857,485744
2000-01-03,58.097584,58.097584,57.699005,57.746455,105502,504494
2000-01-04,57.736965,58.078604,57.528186,58.040644,149316,515434
2000-01-05,58.069114,58.164014,57.594616,57.623085,169872,527365
2000-01-06,57.623085,57.879315,57.604105,57.822375,136521,532064
2000-01-07,57.850845,58.069114,57.547166,58.050134,152479,551525
2000-01-10,58.031154,58.031154,57.841355,57.907784,78963,549028
2000-01-11,57.907784,57.945744,57.404816,57.433286,158609,570232
2000-01-12,57.471246,57.547166,57.290937,57.328896,186925,565310
2000-01-13,57.319406,57.717985,57.281447,57.708495,183745,576420
2000-01-14,57.699005,57.964724,57.376346,57.461756,183745,576420
2000-01-18,57.442776,57.528186,57.082157,57.167567,164705,606949
2000-01-19,57.177057,57.366856,57.091647,57.300427,146128,602499
2000-01-20,57.300427,57.404816,57.072667,57.129607,208754,612929
2000-01-21,57.110627,57.196037,56.892358,57.082157,237320,636264
2000-01-24,57.110627,57.442776,57.091647,57.433286,147590,653110
2000-01-25,57.461756,57.585126,57.347876,57.385836,177749,656835
2000-01-26,57.395326,57.623085,57.328896,57.461756,197387,647899
2000-01-27,57.461756,57.556656,57.129607,57.442776,236255,673165
2000-01-28,57.461756,57.964724,56.901848,57.632575,354120,673421
2000-01-31,57.623085,57.793905,57.366856,57.566146,177174,658738
2000-02-01,57.547166,57.850845,57.547166,57.755945,175852,651616
2000-02-02,57.755945,58.021664,57.528186,57.831865,264593,642471
2000-02-03,57.850845,58.818821,57.661045,58.220953,397326,651913
2000-02-04,58.211463,58.553102,57.907784,57.983704,229409,666278
2000-02-07,57.926764,57.926764,57.556656,57.566146,147968,667442
2000-02-08,57.566146,57.888805,57.537676,57.765435,193673,658017
2000-02-09,57.774925,57.860335,57.433286,57.452266,270615,665902
2000-02-10,57.509206,57.651555,57.167567,57.215017,192881,662210
2000-02-11,57.196037,57.414306,57.139097,57.338386,137291,659222
2000-02-14,57.357366,57.717985,57.328896,57.699005,154358,666924
2000-02-15,57.689515,57.717985,57.528186,57.575636,131317,671390
2000-02-16,57.556656,57.594616,57.433286,57.566146,159980,671478
2000-02-17,57.585126,57.888805,57.338386,57.433286,265871,680815
2000-02-18,57.442776,57.765435,57.433286,57.746455,177790,670482
2000-02-22,57.898896,58.384801,57.898896,58.356219,326559,660535
2000-02-23,58.270471,58.318108,58.013227,58.022754,303431,647135
2000-02-24,58.07992,58.527714,58.070392,58.413384,384358,658199
2000-02-25,58.318108,58.489604,58.213305,58.413384,445254,650905
2000-02-28,58.461022,58.527714,58.07992,58.098975,342334,587513
2000-02-29,58.108502,58.19425,58.013227,58.165668,273790,585997
2000-03-01,58.175195,58.441966,58.146613,58.270471,233452,587976
2000-03-02,58.279998,58.289526,58.051337,58.213305,183700,588017
2000-03-03,58.222833,58.537242,58.203778,58.337163,165972,590399
2000-03-06,58.299053,58.346691,58.127557,58.19425,120455,584372
2000-03-07,58.203778,58.384801,58.013227,58.289526,221403,586820
2000-03-08,58.299053,58.413384,58.184723,58.289526,125428,576210
2000-03-09,58.308581,58.632517,58.289526,58.441966,185859,579237
2000-03-10,58.422911,58.451494,58.23236,58.279998,123470,581731
2000-03-13,58.346691,58.765903,58.222833,58.394329,160979,583015
2000-03-14,58.422911,58.69921,58.19425,58.689683,204987,582845
2000-03-15,58.689683,58.985037,58.58488,58.794486,217393,566238
2000-03-16,58.794486,59.013619,58.746848,58.937399,174428,566666
2000-03-17,58.937399,59.261335,58.899289,59.137477,206133,550163
2000-03-20,59.12795,59.185115,58.985037,59.12795,51784,546690
2000-03-21,59.137477,59.299446,59.051729,59.251808,135641,550965
2000-03-22,59.289918,59.366138,59.16606,59.289918,157536,553281
2000-03-23,59.299446,59.718658,59.251808,59.366138,233276,572420
2000-03-24,59.404249,59.432831,58.956454,58.965982,136148,566824
2000-03-27,58.956454,59.032674,58.73732,59.023147,91734,569962
2000-03-28,59.032674,59.213698,58.889761,59.08984,114927,563099
2000-03-29,59.147005,59.24228,59.023147,59.194643,156230,566062
2000-03-30,59.175588,59.699603,59.118422,59.642437,178572,564225
2000-03-31,59.67102,59.890153,59.509052,59.804406,170800,572139
2000-04-03,59.861571,59.928264,59.699603,59.918736,116521,571652
2000-04-04,59.937791,60.938183,59.842516,60.376058,279871,597220
2000-04-05,60.271255,60.766688,60.109287,60.223618,249835,593976
2000-04-06,60.21409,60.299838,59.890153,60.090232,158969,590577
2000-04-07,60.080704,60.309365,59.861571,60.29031,160500,597182
2000-04-10,60.271255,60.509444,60.233145,60.490389,160886,606087
2000-04-11,60.518971,60.79527,59.975901,60.090232,300794,628498
2000-04-12,60.090232,60.156925,59.547162,59.690075,278309,632353
2000-04-13,59.728185,59.966374,59.470941,59.928264,246782,638439
2000-04-14,59.909209,60.2522,59.547162,60.080704,246782,638439
2000-04-17,60.261728,60.480861,59.642437,59.661492,162391,632908
2000-04-18,59.67102,59.813933,59.442359,59.613855,182568,629797
2000-04-19,59.623382,59.956846,59.489997,59.937791,144876,624985
2000-04-20,59.947319,60.023539,59.775823,59.899681,81316,619515
2000-04-24,59.899681,60.13787,59.861571,59.899681,63689,616510
2000-04-25,59.899681,59.899681,59.442359,59.470941,117733,617205
2000-04-26,59.451886,59.651965,59.423304,59.480469,165697,616856
2000-04-27,59.470941,59.604327,58.975509,59.042202,252000,623416
2000-04-28,59.070785,59.261335,58.823068,59.118422,179815,626147
2000-05-01,59.108895,59.156532,58.946926,58.975509,74343,620710
2000-05-02,58.965982,59.061257,58.784958,58.804013,170163,618498
2000-05-03,58.784958,58.899289,58.480077,58.508659,182577,607628
2000-05-04,58.537242,58.613462,58.23236,58.270471,215740,618445
2000-05-05,58.308581,58.518187,58.04181,58.089447,220198,634727
2000-05-08,58.089447,58.241888,57.889369,57.917951,108076,629618
2000-05-09,57.889369,58.11803,57.851259,58.070392,182291,633885
2000-05-10,58.051337,58.499132,58.051337,58.375274,221419,624465
2000-05-11,58.375274,58.6611,58.251416,58.470549,229067,618586
2000-05-12,58.470549,58.603935,58.022754,58.089447,174940,623357
2000-05-15,58.060865,58.308581,58.032282,58.260943,112153,620285
2000-05-16,58.270471,58.575352,58.23236,58.403856,192493,622564
2000-05-17,58.403856,58.480077,58.108502,58.19425,186341,616191
2000-05-18,58.19425,58.241888,57.822676,57.879841,217856,636374
2000-05-19,57.889369,58.146613,57.813148,58.108502,250297,637411
2000-05-22,58.203916,58.547415,58.127583,58.451999,221316,635860
2000-05-23,58.375666,58.40429,58.213458,58.394749,216274,623581
2000-05-24,58.442457,58.528332,58.299333,58.327957,239702,624127
2000-05-25,58.232541,58.747789,58.070334,58.690539,389323,624528
2000-05-26,58.633289,59.005413,58.566498,58.967246,362081,612864
2000-05-30,58.92908,58.948163,58.709622,58.766872,299589,592094
2000-05-31,58.766872,59.16762,58.757331,59.100829,245349,594139
2000-06-01,59.110371,59.616077,59.100829,59.425244,286803,589725
2000-06-02,59.406161,60.360324,59.367995,59.606535,360878,584193
2000-06-05,59.57791,59.806909,59.511119,59.74966,183048,566265
2000-06-06,59.759201,59.759201,59.406161,59.682868,183054,571804
2000-06-07,59.701952,59.806909,59.492036,59.711493,215269,575655
2000-06-08,59.69241,59.806909,59.434786,59.759201,203891,579157
2000-06-09,59.701952,59.825993,59.606535,59.701952,141349,567141
2000-06-12,59.69241,59.864159,59.625619,59.854618,73836,559587
2000-06-13,59.854618,60.026367,59.682868,59.730576,234902,565865
2000-06-14,59.730576,60.064533,59.63516,60.026367,222611,574503
2000-06-15,60.026367,60.074075,59.825993,60.007284,168724,576078
2000-06-16,60.007284,60.34124,59.921409,60.255366,195046,575030
2000-06-19,60.293532,60.312616,60.1027,60.150408,88052,582947
2000-06-20,60.15995,60.255366,60.007284,60.074075,138477,584782
2000-06-21,60.074075,60.1027,59.730576,59.740118,170753,589800
2000-06-22,59.730576,59.845076,59.616077,59.69241,121601,580858
2000-06-23,59.69241,59.787826,59.387078,59.472953,130879,588274
2000-06-26,59.453869,59.845076,59.425244,59.835534,85555,589466
2000-06-27,59.797368,59.873701,59.673327,59.835534,99320,594364
2000-06-28,59.825993,59.902326,59.63516,59.768743,148421,602849
2000-06-29,59.787826,60.198116,59.74966,60.074075,141741,603103
2000-06-30,60.054992,60.226741,60.04545,60.140866,111633,599466
2000-07-03,60.112241,60.417573,59.9882,60.360324,65049,601802
2000-07-05,60.34124,60.617948,60.312616,60.417573,147369,613407
2000-07-06,60.436657,60.446198,60.169491,60.179033,117867,611019
2000-07-07,60.179033,60.608406,60.093158,60.369865,180029,609627
2000-07-10,60.379407,60.417573,60.179033,60.274449,65287,602811
2000-07-11,60.264907,60.350782,60.179033,60.198116,99856,606499
2000-07-12,60.198116,60.264907,60.04545,60.074075,119046,607511
2000-07-13,60.064533,60.39849,60.064533,60.388949,134473,603197
2000-07-14,60.408032,60.646572,59.940492,59.950034,213375,606293
2000-07-17,59.940492,60.035908,59.673327,59.740118,130114,608730
2000-07-18,59.721035,59.902326,59.673327,59.759201,151164,605650
2000-07-19,59.768743,59.825993,59.616077,59.759201,92838,605405
2000-07-20,59.74966,60.408032,59.721035,60.379407,221644,610317
2000-07-21,60.369865,60.570239,60.274449,60.436657,161220,603653
2000-07-24,60.446198,60.503448,60.236283,60.255366,66890,605667
2000-07-25,60.245824,60.436657,60.226741,60.312616,89382,607176
2000-07-26,60.303074,60.45574,60.293532,60.322157,95491,610903
2000-07-27,60.34124,60.589323,60.188574,60.465282,172778,620434
2000-07-28,60.484365,60.522531,60.169491,60.369865,185139,613193
2000-07-31,60.360324,60.417573,60.245824,60.388949,71860,613872
2000-08-01,60.360324,60.608406,60.360324,60.570239,132812,616141
2000-08-02,60.579781,60.703822,60.45574,60.675197,185693,628315
2000-08-03,60.675197,60.856488,60.637031,60.761072,178249,625951
2000-08-04,60.761072,61.028237,60.732447,60.942363,201697,622424
2000-08-07,60.942363,60.990071,60.741989,60.75153,105091,617419
2000-08-08,60.761072,60.942363,60.732447,60.92328,137382,614331
2000-08-09,60.92328,60.990071,60.75153,60.961446,192471,616867
2000-08-10,60.951904,61.133195,60.913738,61.056862,165352,613229
2000-08-11,61.075946,61.199987,60.770614,60.818322,236609,627290
2000-08-14,60.799238,60.913738,60.675197,60.904196,111393,612662
2000-08-15,60.913738,60.942363,60.703822,60.799238,110478,607062
2000-08-16,60.799238,60.837405,60.627489,60.722905,149408,603828
2000-08-17,60.722905,60.789697,60.646572,60.761072,126531,611350
2000-08-18,60.770614,60.970988,60.713364,60.904196,158807,590324
2000-08-21,60.913738,60.92328,60.780155,60.856488,139545,601485
2000-08-22,60.875584,60.93287,60.827846,60.885132,90258,584873
2000-08-23,60.980608,61.162012,60.980608,61.13337,290121,591526
2000-08-24,61.142917,61.295679,61.104727,61.142917,218217,588916
2000-08-25,61.142917,61.267036,61.085632,61.142917,243047,577451
2000-08-28,61.114274,61.17156,60.904227,60.93287,233177,572561
2000-08-29,60.951965,60.951965,60.780108,60.799203,357108,583527
2000-08-30,60.799203,60.846941,60.675084,60.818298,374065,569251
2000-08-31,60.837394,61.219298,60.799203,61.152465,322663,570781
2000-09-01,61.181108,61.496179,61.17156,61.381608,302292,571370
2000-09-05,61.37206,61.43889,61.228846,61.391155,170550,570008
2000-09-06,61.381608,61.381608,61.190655,61.228846,181224,565578
2000-09-07,61.17156,61.286131,61.076084,61.114274,259613,563925
2000-09-08,61.142917,61.247941,61.114274,61.209751,130690,561649
2000-09-11,61.200203,61.200203,60.980608,61.076084,145610,550679
2000-09-12,61.076084,61.162012,60.980608,61.076084,158162,548332
2000-09-13,61.076084,61.295679,61.066536,61.276584,197895,543044
2000-09-14,61.286131,61.438893,60.999703,61.095179,310777,544740
2000-09-15,61.066536,61.209751,60.885132,60.951965,266039,543855
2000-09-18,60.951965,60.951965,60.741917,60.885132,210411,531524
2000-09-19,60.913775,60.990155,60.837394,60.942417,141920,535097
2000-09-20,60.951965,61.028346,60.780108,60.799203,196918,534347
2000-09-21,60.808751,61.076084,60.684632,60.894679,189393,520450
2000-09-22,61.066536,61.190655,60.980608,61.028346,163873,523488
2000-09-25,60.913775,61.085632,60.913775,61.066536,111057,525374
2000-09-26,61.037893,61.247941,60.97106,61.219298,156164,537011
2000-09-27,61.219298,61.228846,60.999703,61.181108,173229,533693
2000-09-28,61.181108,61.286131,61.162012,61.181108,141551,542524
2000-09-29,61.200203,61.381608,61.200203,61.238393,172137,549689
2000-10-02,61.267036,61.314774,61.104727,61.219298,109788,551309
2000-10-03,61.228846,61.267036,61.009251,61.037893,133297,547297
2000-10-04,61.066536,61.17156,60.923322,60.961513,172564,550672
2000-10-05,60.990155,61.114274,60.904227,61.104727,146620,560471
2000-10-06,61.114274,61.429346,60.923322,61.247941,201165,560934
2000-10-10,61.324322,61.457988,61.17156,61.343417,154126,559211
2000-10-11,61.438893,61.601203,61.37206,61.438893,238340,563558
2000-10-12,61.429346,61.81125,61.33387,61.677584,283004,573865
2000-10-13,61.715774,61.839893,61.582107,61.677584,164150,568296
2000-10-16,61.582107,61.677584,61.505727,61.61075,91667,565238
2000-10-17,61.629846,61.925822,61.543917,61.887631,193892,567439
2000-10-18,61.925822,62.384107,61.782607,61.887631,275035,580509
2000-10-19,61.849441,62.059488,61.715774,61.916274,210599,577998
2000-10-20,61.897179,62.097679,61.878083,62.049941,107105,560079
2000-10-23,62.059488,62.269536,62.049941,62.240893,144763,565371
2000-10-24,62.221798,62.259988,61.954464,62.097679,158178,562624
2000-10-25,62.135869,62.259988,61.830345,61.897179,229294,575796
2000-10-26,61.897179,62.116774,61.77306,61.887631,250566,565812
2000-10-27,61.868536,61.983107,61.648941,61.734869,195898,569718
2000-10-30,61.677584,61.868536,61.601203,61.677584,155755,572470
2000-10-31,61.677584,61.830345,61.505727,61.534369,208328,571434
2000-11-01,61.553465,61.677584,61.534369,61.629846,163303,578134
2000-11-02,61.620298,61.734869,61.620298,61.696679,111887,578458
2000-11-03,61.715774,61.849441,61.314774,61.324322,230338,587791
2000-11-06,61.324322,61.41025,61.123822,61.190655,171806,591972
2000-11-07,61.200203,61.314774,61.095179,61.200203,169741,585715
2000-11-08,61.33387,61.553465,61.009251,61.257489,169741,585715
2000-11-09,61.295679,61.677584,61.276584,61.477084,229025,566119
2000-11-10,61.448441,61.61075,61.419798,61.543917,157985,561955
2000-11-13,61.658488,61.782607,61.61075,61.668036,153302,553049
2000-11-14,61.639393,61.744417,61.496179,61.715774,170318,560183
2000-11-15,61.706226,61.906726,61.668036,61.868536,184356,548292
2000-11-16,61.858988,62.021298,61.858988,61.992655,171337,549011
2000-11-17,62.002202,62.049941,61.858988,61.897179,149523,539793
2000-11-20,61.897179,62.059488,61.887631,62.002202,154226,538787
2000-11-21,62.002202,62.069036,61.916274,62.021298,139259,544115
2000-11-22,62.088078,62.278883,62.088078,62.250262,212702,532530
2000-11-24,62.145319,62.18348,62.097618,62.15486,69885,539272
2000-11-27,62.068997,62.15486,62.011756,62.145319,281570,551825
2000-11-28,62.15486,62.393366,62.126239,62.383826,539886,545222
2000-11-29,62.383826,62.641413,62.307504,62.51739,446863,523556
2000-11-30,62.603252,62.994403,62.593712,62.908541,377071,501679
2000-12-01,62.727276,62.88946,62.603252,62.641413,263248,495864
2000-12-04,62.641413,62.87038,62.52693,62.641413,177231,487542
2000-12-05,62.603252,63.023024,62.565091,62.984863,280089,493524
2000-12-06,62.994403,63.471417,62.918081,63.366474,321853,491158
2000-12-07,63.366474,63.461877,63.137507,63.376014,270375,486740
2000-12-08,63.366474,63.461877,63.013484,63.175668,237910,500679
2000-12-11,63.175668,63.175668,63.013484,63.108887,86289,492773
2000-12-12,63.070726,63.22337,62.975323,63.194749,119868,497529
2000-12-13,63.271071,63.5859,63.080266,63.490497,164298,501968
2000-12-14,63.547739,63.881648,63.528658,63.729004,213155,509148
2000-12-15,63.748085,63.910269,63.5859,63.872108,160408,518300
2000-12-18,63.786246,64.206018,63.786246,63.977051,150331,511854
2000-12-19,63.91981,64.034293,63.690843,63.833947,177012,501128
2000-12-20,63.824407,64.320501,63.824407,64.148776,228933,528352
2000-12-21,64.263259,64.434984,64.034293,64.320501,173811,530579
2000-12-22,64.30142,64.454065,64.148776,64.425444,70958,525452
2000-12-26,64.339581,64.434984,64.072454,64.368202,22115,525072
2000-12-27,64.28234,64.310961,63.957971,64.043833,59084,524787
2000-12-28,63.986591,64.072454,63.795786,63.92935,92308,525790
2000-12-29,63.93889,64.139236,63.900729,64.024753,43810,527613
2001-01-02,64.024753,64.892917,64.015212,64.835675,171473,540233
2001-01-03,64.826135,65.064642,63.833947,63.967511,260790,552933
2001-01-04,63.900729,64.454065,63.881648,64.444524,256141,550309
2001-01-05,64.434984,64.892917,64.244179,64.787974,229292,559029
2001-01-08,64.768894,65.026481,64.568548,64.950159,185345,572385
2001-01-09,64.778434,64.787974,64.473145,64.702112,233453,564233
2001-01-10,64.683031,64.740273,64.244179,64.310961,272059,574245
2001-01-11,64.339581,64.492226,64.024753,64.177397,229121,569882
2001-01-12,64.244179,64.253719,63.633601,63.719464,280490,571215
2001-01-16,63.786246,64.005672,63.709924,63.814867,168094,561878
2001-01-17,63.786246,64.30142,63.59544,64.120155,284110,560483
2001-01-18,64.167857,64.473145,64.024753,64.434984,231282,558126
2001-01-19,64.330041,64.454065,64.034293,64.120155,197437,548431
2001-01-22,64.148776,64.158316,63.862568,63.910269,149755,545622
2001-01-23,63.91981,64.139236,63.643142,63.671763,236032,537120
2001-01-24,63.662222,63.814867,63.519118,63.5859,228471,526571
2001-01-25,63.614521,63.843487,63.271071,63.729004,313399,528408
2001-01-26,63.881648,63.977051,63.614521,63.738544,151437,526493
2001-01-29,63.652682,63.881648,63.614521,63.662222,101423,530546
2001-01-30,63.643142,64.110615,63.643142,63.977051,233925,542387
2001-01-31,64.053373,64.425444,63.996132,64.244179,219249,535504
2001-02-01,64.396823,64.702112,64.358662,64.559008,277982,533004
2001-02-02,64.511306,64.606709,64.196477,64.2728,248136,535378
2001-02-05,64.29188,64.415904,64.186937,64.2728,121453,530085
2001-02-06,64.253719,64.339581,64.043833,64.081994,164284,526037
2001-02-07,64.139236,64.310961,64.091534,64.186937,159863,530557
2001-02-08,64.139236,64.244179,63.94843,64.167857,202804,539201
2001-02-09,64.196477,64.463605,64.177397,64.444524,148009,535379
2001-02-12,64.463602,64.511306,64.28234,64.310961,132439,529351
2001-02-13,64.339581,64.530387,64.158316,64.215558,238479,544195
2001-02-14,64.30142,64.330041,63.900729,64.005672,203141,538391
2001-02-15,63.910269,63.986591,63.614521,63.748085,283456,542660
2001-02-16,63.833947,64.148776,63.557279,64.110615,251877,531592
2001-02-20,64.110615,64.177397,63.900729,64.120155,198651,519811
2001-02-21,64.101075,64.225098,63.910269,63.967511,255993,522176
2001-02-22,64.005798,64.082372,63.881367,63.986655,263417,552922
2001-02-23,63.929225,64.30252,63.910082,64.206804,391194,547777
2001-02-26,64.158945,64.379094,64.053657,64.369522,392735,570043
2001-02-27,64.388665,64.752389,64.379094,64.637529,539263,593351
2001-02-28,64.819391,64.934251,64.580099,64.895964,442103,568858
2001-03-01,64.924679,65.144828,64.838534,65.020396,321182,575504
2001-03-02,64.991681,65.087398,64.589671,64.618386,272062,569066
2001-03-05,64.608814,64.704531,64.513097,64.608814,169984,554923
2001-03-06,64.551384,64.752389,64.455667,64.599242,177218,554553
2001-03-07,64.666244,64.915108,64.618386,64.819391,233907,539431
2001-03-08,64.857678,65.029968,64.809819,64.924679,177114,541429
2001-03-09,64.915108,65.029968,64.541812,64.742817,226281,549221
2001-03-12,64.733246,64.982109,64.723674,64.809819,180634,540280
2001-03-13,64.943823,64.953394,64.666244,64.714102,173110,539930
2001-03-14,64.733246,65.183115,64.733246,65.058683,278130,553652
2001-03-15,65.144828,65.355405,64.991681,65.221401,243097,551195
2001-03-16,65.26926,65.546838,65.192686,65.393691,270124,558709
2001-03-19,65.393691,65.422406,65.135256,65.144828,114647,564113
2001-03-20,65.221401,65.479836,65.087398,65.32669,150349,556352
2001-03-21,65.489408,65.585125,65.317118,65.422406,217654,563021
2001-03-22,65.403263,65.766987,65.336261,65.67127,226215,552655
2001-03-23,65.508552,65.546838,65.307546,65.374548,169730,555405
2001-03-26,65.307546,65.317118,65.125684,65.21183,123157,557862
2001-03-27,65.192686,65.355405,64.570527,64.675816,235748,568115
2001-03-28,64.685387,64.857678,64.647101,64.752389,163899,564198
2001-03-29,64.876821,64.972538,64.714102,64.838534,159179,560701
2001-03-30,64.752389,65.202258,64.599242,65.058683,214769,560688
2001-04-02,65.1544,65.230973,64.723674,64.867249,175929,565723
2001-04-03,64.857678,65.077826,64.742817,64.972538,161169,571399
2001-04-04,65.087398,65.144828,64.867249,65.087398,237951,585423
2001-04-05,65.068254,65.077826,64.867249,64.886393,151242,583069
2001-04-06,64.857678,65.460693,64.848103,65.336261,269128,595083
2001-04-09,65.317118,65.374548,65.163971,65.202258,96484,580398
2001-04-10,65.163971,65.183115,64.47481,64.570527,320650,591990
2001-04-11,64.608814,64.675816,64.178089,64.398237,276181,589511
2001-04-12,64.398237,64.589671,64.082372,64.18766,178226,591562
2001-04-16,64.091943,64.216375,63.67079,63.680361,196212,588113
2001-04-17,63.804793,64.120658,63.766506,64.082372,205578,585810
2001-04-18,63.967512,64.407809,63.488928,64.369522,372120,598883
2001-04-19,64.206804,64.35995,63.584645,63.84308,248902,617845
2001-04-20,63.632503,63.977083,63.55593,63.823937,217984,606606
2001-04-23,63.776078,64.216375,63.776078,64.158945,147895,593422
2001-04-24,64.206804,64.24509,63.910082,64.120658,190089,595191
2001-04-25,64.091943,64.292949,63.766506,63.852652,178684,602907
2001-04-26,63.90051,64.206804,63.737791,64.158945,237834,612069
2001-04-27,64.178089,64.24509,63.565501,63.584645,208138,615443
2001-04-30,63.594216,63.651646,63.287923,63.575073,228746,631621
2001-05-01,63.603788,63.862223,63.469785,63.756935,169960,632117
2001-05-02,63.756935,63.90051,63.594216,63.766506,184895,632193
2001-05-03,63.776078,64.206804,63.756935,64.178089,221033,639400
2001-05-04,64.168517,64.704531,64.120658,64.254662,280446,641717
2001-05-07,64.206804,64.321664,64.158945,64.264234,92187,622606
2001-05-08,64.30252,64.465239,64.091943,64.18766,194836,624104
2001-05-09,64.149374,64.484382,64.149374,64.436524,180803,611765
2001-05-10,64.484382,64.522669,63.881367,63.948368,205518,612580
2001-05-11,63.90051,64.053657,63.039059,63.077346,356433,633214
2001-05-14,63.307066,63.374068,63.153919,63.326209,205655,640468
2001-05-15,63.354924,63.402783,62.962486,63.077346,178424,637594
2001-05-16,63.019916,63.354924,63.019916,63.211349,255431,653650
2001-05-17,63.220921,63.412354,62.905056,63.278351,297443,666360
2001-05-18,63.383639,63.517643,63.240064,63.345353,217925,650716
2001-05-21,63.268779,63.450641,63.173063,63.402783,130064,649010
2001-05-22,63.450999,63.508857,63.364212,63.383498,246920,636941
2001-05-23,63.335283,63.479928,63.287068,63.383498,342719,623239
2001-05-24,63.450999,63.537786,62.91099,62.988134,288959,615231
2001-05-25,63.161709,63.171352,62.91099,62.997777,246101,626626
2001-05-29,63.045992,63.142422,62.833846,62.920633,432246,625387
2001-05-30,62.920633,63.055635,62.920633,62.959205,428650,585700
2001-05-31,63.017063,63.547429,62.978491,63.450999,326945,570623
2001-06-01,63.460642,63.817433,63.296711,63.586001,209166,560160
2001-06-04,63.624573,63.798147,63.595644,63.778861,191005,536912
2001-06-05,63.740289,64.087437,63.663145,64.068151,339618,522699
2001-06-06,63.991007,64.116366,63.875291,64.068151,194862,515346
2001-06-07,64.058508,64.212796,63.798147,63.884934,257610,518992
2001-06-08,63.817433,63.865648,63.624573,63.682431,129362,511060
2001-06-11,63.71136,64.019936,63.653502,63.933149,138391,504411
2001-06-12,63.962078,64.183867,63.894577,64.126009,146661,499797
2001-06-13,64.126009,64.280298,63.875291,64.087437,207825,507665
2001-06-14,64.058508,64.376728,64.058508,64.280298,178580,504875
2001-06-15,64.289941,64.531016,64.174224,64.222439,191005,516260
2001-06-18,64.241726,64.405657,64.212796,64.270655,135975,504001
2001-06-19,64.222439,64.357442,64.058508,64.31887,169194,493763
2001-06-20,64.328513,64.531016,64.31887,64.453872,162712,493396
2001-06-21,64.453872,64.70459,64.396014,64.482801,212494,473188
2001-06-22,64.550302,64.907093,64.531016,64.80102,155592,481297
2001-06-25,64.839592,64.878164,64.675661,64.743162,116337,481139
2001-06-26,64.743162,64.820306,64.299584,64.405657,204137,488107
2001-06-27,64.376728,64.502087,64.203153,64.31887,157243,491447
2001-06-28,64.31887,64.473158,63.798147,63.884934,238986,493271
2001-06-29,63.894577,63.942792,63.441356,63.576358,295931,513045
2001-07-02,63.576358,63.952435,63.528143,63.884934,153995,526436
2001-07-03,63.952435,63.952435,63.653502,63.672788,95259,528457
2001-07-05,63.749932,63.827076,63.373855,63.557072,142220,531380
2001-07-06,63.663145,63.875291,63.528143,63.80779,208454,536548
2001-07-09,63.875291,64.019936,63.740289,63.923506,121608,536911
2001-07-10,63.971721,64.299584,63.875291,64.19351,189393,542342
2001-07-11,64.232082,64.444229,64.154938,64.203153,227050,545788
2001-07-12,64.126009,64.492444,64.048865,64.424943,190113,546339
2001-07-13,64.357442,64.51173,64.183867,64.434586,160490,552317
2001-07-16,64.482801,64.743162,64.463515,64.685304,106762,550162
2001-07-17,64.723876,64.772091,64.550302,64.675661,170587,541374
2001-07-18,64.617803,65.206026,64.569588,65.157811,267128,551511
2001-07-19,65.119239,65.128882,64.955308,65.022809,162796,547682
2001-07-20,65.032452,65.215669,64.926379,64.99388,147681,560862
2001-07-23,64.99388,65.109596,64.868521,65.071024,123092,555266
2001-07-24,65.080667,65.196383,65.032452,65.157811,159240,560903
2001-07-25,65.09031,65.128882,64.80102,64.858878,177593,553523
2001-07-26,64.820306,65.051738,64.685304,64.955308,179945,559025
2001-07-27,65.003523,65.273527,65.003523,65.196383,182635,573751
2001-07-30,65.196383,65.341029,65.099953,65.273527,90149,569791
2001-07-31,65.312099,65.533889,65.215669,65.485674,90149,569791
2001-08-01,65.437459,65.495317,65.177097,65.331386,176388,582224
2001-08-02,65.302456,65.312099,64.984237,65.051738,150674,579694
2001-08-03,65.042095,65.080667,64.80102,64.984237,203738,575684
2001-08-06,65.003523,65.051738,64.907093,65.022809,77398,570959
2001-08-07,65.061381,65.128882,64.974594,64.99388,124191,574318
2001-08-08,65.003523,65.553175,64.99388,65.476031,221482,584294
2001-08-09,65.50496,65.639962,65.234955,65.273527,303584,604534
2001-08-10,65.312099,65.543532,65.273527,65.437459,183260,606540
2001-08-13,65.485674,65.688177,65.427816,65.572461,151132,608537
2001-08-14,65.533889,65.553175,65.321743,65.514603,163010,620058
2001-08-15,65.50496,65.611033,65.292813,65.389244,218236,627254
2001-08-16,65.389244,65.707463,65.312099,65.630319,211029,633225
2001-08-17,65.611033,66.035325,65.60139,65.98711,235451,651046
2001-08-20,65.967824,65.996753,65.726749,65.755678,188252,635600
2001-08-21,65.736392,65.929252,65.668891,65.803893,177823,632478
2001-08-22,65.716529,65.852428,65.590338,65.774772,325446,657488
2001-08-23,65.755358,65.900963,65.716529,65.862135,196521,661568
2001-08-24,65.794186,65.803893,65.590338,65.74565,258055,684983
2001-08-27,65.658287,65.794186,65.658287,65.716529,186486,666760
2001-08-28,65.726236,66.143638,65.716529,66.10481,565389,672885
2001-08-29,66.124224,66.357193,66.046568,66.347486,536082,679808
2001-08-30,66.376607,66.551333,66.20188,66.298951,549353,673203
2001-08-31,66.250416,66.298951,66.017447,66.163052,280106,640883
2001-09-04,66.279537,66.279537,65.415612,65.464147,427822,658303
2001-09-05,65.629166,65.677701,65.493268,65.570924,317704,636251
2001-09-06,65.590338,66.143638,65.532096,66.085396,338163,625617
2001-09-07,66.017447,66.590161,65.988326,66.396021,314390,628130
2001-09-10,66.46397,66.65811,66.172759,66.231002,211952,629378
2001-09-11,66.260123,66.997856,66.10481,66.82313,128954,651703
2001-09-13,67.01727,67.405551,66.609575,67.366723,236342,649957
2001-09-14,67.327895,67.755004,67.250239,67.687055,220005,636252
2001-09-17,67.541449,67.73559,67.269653,67.386137,234737,623046
2001-09-18,67.366723,67.531742,66.861958,66.978442,283909,607920
2001-09-19,66.988149,67.211411,66.82313,67.075512,288326,588083
2001-09-20,67.085219,67.211411,66.764888,66.813423,229920,561598
2001-09-21,66.784302,67.201704,66.784302,67.046391,196636,577625
2001-09-24,67.056098,67.075512,66.72606,66.929907,164770,561116
2001-09-25,66.939614,67.211411,66.939614,67.056098,161297,556512
2001-09-26,67.11434,67.424965,67.01727,67.386137,196719,559100
2001-09-27,67.395844,67.764711,67.347309,67.667641,178788,561109
2001-09-28,67.677348,67.920023,67.483207,67.580277,256647,566978
2001-10-01,67.560863,67.813246,67.444379,67.745297,124559,563880
2001-10-02,67.755004,67.987972,67.755004,67.920023,170431,564511
2001-10-03,67.958851,68.250062,67.958851,68.017093,199703,577012
2001-10-04,68.085042,68.240355,67.764711,67.997679,266457,578973
2001-10-05,68.055921,68.182113,67.949144,68.036507,141889,577479
2001-10-09,68.075335,68.143285,67.628812,67.716176,150113,581306
2001-10-10,67.725883,67.784125,67.531742,67.764711,202700,579632
2001-10-11,67.73559,67.774418,67.289067,67.405551,244071,583389
2001-10-12,67.405551,67.648227,67.269653,67.444379,200881,588371
2001-10-15,67.454086,67.774418,67.405551,67.755004,118365,583986
2001-10-16,67.774418,67.949144,67.73559,67.890902,141269,579219
2001-10-17,67.92973,68.0268,67.628812,67.910316,210092,582361
2001-10-18,67.949144,68.007386,67.861781,67.939437,167626,585778
2001-10-19,67.910316,68.123871,67.648227,67.677348,208028,595064
2001-10-22,67.677348,67.813246,67.580277,67.716176,96940,591227
2001-10-23,67.648227,67.706469,67.502621,67.628812,192948,605427
2001-10-24,67.609398,67.890902,67.609398,67.871488,192685,605635
2001-10-25,67.852074,68.211234,67.842367,68.114164,227784,607663
2001-10-26,68.055921,68.220941,67.939437,68.172406,143986,615033
2001-10-29,68.182113,68.444202,68.182113,68.376253,135405,610080
2001-10-30,68.405374,68.783948,68.405374,68.725706,216402,609443
2001-10-31,68.764534,69.49256,68.531565,69.279006,389584,622013
2001-11-01,69.405197,69.832306,69.230471,69.317834,395320,647997
2001-11-02,69.29842,69.39549,68.783948,68.851897,286415,648053
2001-11-05,68.890725,69.162522,68.822776,69.10428,136675,648585
2001-11-06,69.055745,69.385783,68.978088,69.230471,230259,655354
2001-11-07,69.327541,69.676994,69.327541,69.589631,246074,649987
2001-11-08,69.65758,69.735236,69.084866,69.113987,283130,663322
2001-11-09,69.065452,69.376076,69.016916,69.055745,165775,662648
2001-11-13,69.10428,69.220764,68.686878,68.706292,211359,665374
2001-11-14,68.725706,68.793655,67.997679,68.075335,372919,682748
2001-11-15,68.0268,68.046214,66.813423,67.056098,504307,692426
2001-11-16,66.959028,67.37643,66.337779,66.415435,415513,687947
2001-11-19,66.687231,67.056098,66.483384,67.026977,367597,685301
2001-11-20,66.910493,67.172583,66.512505,66.570747,334556,665586
2001-11-21,66.56104,66.696939,65.833014,66.114517,365650,668769
2001-11-23,66.281397,66.35993,65.849469,65.898551,115602,676763
2001-11-26,66.026167,66.35993,65.859285,65.878918,456538,674847
2001-11-27,65.928001,66.35993,65.535339,66.242131,620159,675663
2001-11-28,66.438462,66.703509,66.124332,66.222498,692519,687937
2001-11-29,66.320663,67.125621,66.261764,67.086355,616165,612563
2001-11-30,67.066722,67.410301,66.89984,67.194337,453577,593409
2001-12-03,67.223787,67.469201,67.037272,67.351402,329511,565496
2001-12-04,67.400485,67.744064,67.21397,67.616449,288536,566816
2001-12-05,67.577183,67.577183,65.908368,66.477728,496610,577795
2001-12-06,66.399196,66.438462,65.73167,65.977084,383771,576424
2001-12-07,65.957451,66.350113,65.093594,65.309558,405581,594351
2001-12-10,65.260475,65.741486,65.123043,65.476439,297612,579956
2001-12-11,65.653137,66.065433,65.564788,65.751303,338151,576086
2001-12-12,65.810202,66.310847,65.780753,66.242131,272213,564022
2001-12-13,66.183232,66.497361,65.397907,65.662954,333206,565430
2001-12-14,65.672771,65.928001,65.260475,65.329191,207621,554690
2001-12-17,65.368457,65.437173,64.396618,65.10341,323310,553496
2001-12-18,65.339008,65.623688,65.172126,65.584422,258682,554602
2001-12-19,65.643321,66.0458,65.564788,65.977084,251590,539954
2001-12-20,65.928001,66.026167,65.613871,65.928001,155516,527779
2001-12-21,65.967267,66.124332,65.70222,65.73167,96669,545302
2001-12-24,65.70222,65.76112,65.456806,65.515706,19041,535941
2001-12-26,65.564788,65.623688,65.231025,65.309558,37061,537280
2001-12-27,65.240842,65.859285,65.16231,65.721853,72144,537288
2001-12-28,65.810202,65.820019,65.299741,65.672771,73566,542124
2001-12-31,65.721853,66.193048,65.662954,66.055616,49402,538671
2002-01-02,66.153782,66.163598,65.41754,65.535339,208871,548328
2002-01-03,65.545155,65.810202,65.525522,65.70222,166723,547651
2002-01-04,65.770936,65.869102,65.250659,65.682587,263062,567720
2002-01-07,65.800386,66.193048,65.643321,66.163598,248993,549177
2002-01-08,66.212681,66.310847,65.9869,66.143965,222770,544779
2002-01-09,66.055616,66.281397,65.859285,66.163598,212781,539839
2002-01-10,66.261764,66.772225,66.114516,66.61516,330050,561125
2002-01-11,66.516995,67.223787,66.477728,66.998006,357555,556343
2002-01-14,67.027456,67.302319,66.988189,67.047089,262309,558238
2002-01-15,66.95874,67.331769,66.89984,67.233603,309352,560655
2002-01-16,67.204154,67.459384,67.056905,67.194337,297647,565327
2002-01-17,67.18452,67.204154,66.713326,66.782042,254500,567905
2002-01-18,66.870391,67.027456,66.163598,66.998006,172367,572617
2002-01-22,66.890024,67.027456,66.683876,66.95874,227086,585509
2002-01-23,66.870391,66.95874,66.418829,66.546444,287183,591106
2002-01-24,66.487545,66.732959,66.30103,66.409012,283514,598443
2002-01-25,66.467912,66.526811,65.947634,66.251947,310056,611078
2002-01-28,66.261764,66.350113,65.996717,66.271581,204573,600882
2002-01-29,66.271581,66.909657,66.0458,66.762408,314212,604152
2002-01-30,66.89984,66.968556,66.575894,66.782042,317785,608432
2002-01-31,66.595527,66.89984,66.497361,66.516995,288306,592351
2002-02-01,66.497361,66.860574,66.291214,66.752592,272886,593529
2002-02-04,66.772225,67.204154,66.752592,67.155071,231816,598461
2002-02-05,67.155071,67.341585,66.92929,67.194337,330503,595005
2002-02-06,67.194337,67.351402,67.007822,67.066722,294167,590129
2002-02-07,67.105988,67.24342,66.762408,66.948923,310270,595384
2002-02-08,66.998006,67.361218,66.782042,67.194337,298699,617428
2002-02-11,67.115805,67.204154,66.978373,67.115805,170460,619108
2002-02-12,67.076538,67.24342,66.782042,66.791858,258613,626424
2002-02-13,66.791858,66.870391,66.350113,66.674059,356411,633911
2002-02-14,66.713326,66.919473,66.575894,66.850757,305951,639082
2002-02-15,66.870391,67.341585,66.850757,67.272869,263106,638340
2002-02-19,67.263053,67.439751,67.076538,67.194337,282719,640929
2002-02-20,67.223787,67.429934,67.037272,67.223787,313223,654965
2002-02-21,67.18452,67.351402,67.076538,67.263053,288179,656679
2002-02-22,67.352501,67.660591,67.352501,67.471761,350188,723798
2002-02-25,67.471761,67.571145,67.322685,67.362439,410628,705105
2002-02-26,67.352501,67.461823,66.994718,67.054349,539691,705864
2002-02-27,67.024534,67.591022,66.945026,67.551268,629533,691228
2002-02-28,67.551268,67.610899,67.173609,67.372377,500132,698043
2002-03-01,67.362439,67.422069,66.825766,66.895334,470128,681704
2002-03-04,66.835704,66.865519,66.567367,66.776074,427034,653814
2002-03-05,66.815827,66.855581,66.368599,66.756197,411523,658249
2002-03-06,66.79595,66.855581,66.557429,66.636936,451580,670260
2002-03-07,66.587244,66.626998,65.772296,65.851803,521759,681183
2002-03-08,65.831926,65.831926,65.354883,65.404575,504448,689661
2002-03-11,65.503959,65.643097,65.354883,65.404575,236701,674019
2002-03-12,65.43439,65.762357,65.414514,65.484082,281092,677492
2002-03-13,65.484082,65.812049,65.235622,65.742481,400955,670344
2002-03-14,65.68285,65.702727,65.026916,65.06667,321314,680735
2002-03-15,65.016978,65.454267,64.698949,65.295253,396121,700092
2002-03-18,65.37476,65.553651,65.265438,65.513898,193402,682582
2002-03-19,65.513898,65.752419,65.325068,65.404575,248597,668130
2002-03-20,65.62322,65.752419,64.957347,65.06667,363273,667050
2002-03-21,65.056731,65.265438,64.81821,65.195869,296890,671222
2002-03-22,65.205807,65.305191,64.907655,65.166054,207863,689587
2002-03-25,65.195869,65.195869,64.897717,65.106423,138853,672939
2002-03-26,65.096485,65.533774,64.997101,65.414514,296229,670350
2002-03-27,65.424452,65.553651,65.31513,65.464206,157734,668189
2002-03-28,65.454267,65.573528,64.977224,65.166054,195111,690790
2002-04-01,65.175992,65.43439,65.06667,65.175992,169274,670540
2002-04-02,65.185931,65.643097,64.997101,65.56359,255602,674544
2002-04-03,65.573528,65.951187,65.43439,65.921372,327195,674301
2002-04-04,65.851803,66.209585,65.831926,65.93131,310629,659035
2002-04-05,65.93131,66.388476,65.841865,66.299031,314499,654839
2002-04-08,66.308969,66.467983,66.030694,66.149955,202759,661460
2002-04-09,66.050571,66.358661,65.93131,66.299031,205233,668393
2002-04-10,66.289092,66.388476,66.110201,66.219524,227315,672996
2002-04-11,66.149955,66.507737,66.080386,66.318908,254881,676015
2002-04-12,66.328846,66.626998,66.219524,66.577306,251055,674862
2002-04-15,66.577306,66.815827,66.497799,66.706505,179535,677651
2002-04-16,66.666751,66.666751,66.249339,66.527614,290222,686884
2002-04-17,66.448107,66.507737,66.249339,66.348723,268679,696608
2002-04-18,66.328846,66.935088,66.169832,66.408353,318149,709596
2002-04-19,66.448107,66.567367,66.189708,66.48786,187044,708051
2002-04-22,66.448107,66.626998,66.358661,66.617059,146109,710839
2002-04-23,66.567367,66.726382,66.477922,66.626998,236725,733626
2002-04-24,66.646875,67.004657,66.537552,66.964903,300148,740542
2002-04-25,66.92515,67.272993,66.905273,67.054349,321768,747491
2002-04-26,67.024534,67.282932,66.92515,67.23324,272860,779133
2002-04-29,67.243178,67.29287,66.974842,67.074225,206498,756016
2002-04-30,66.98478,67.173609,66.954965,67.143794,217129,745698
2002-05-01,67.143794,67.521453,67.113979,67.302809,343907,745462
2002-05-02,67.302809,67.352501,66.92515,67.04441,319210,769813
2002-05-03,67.084164,67.441946,67.024534,67.322685,305515,779690
2002-05-06,67.372377,67.372377,67.193486,67.243178,94657,773037
2002-05-07,67.282932,67.451884,67.163671,67.312747,237820,774757
2002-05-08,67.302809,67.302809,66.626998,66.686628,384743,774225
2002-05-09,66.656813,66.945026,66.527614,66.885396,330229,768256
2002-05-10,66.92515,67.272993,66.686628,67.223301,304942,774435
2002-05-13,67.203425,67.203425,66.776074,66.825766,289481,781259
2002-05-14,66.805889,66.845642,66.308969,66.438168,412464,785952
2002-05-15,66.48786,66.696567,66.368599,66.607121,350459,789946
2002-05-16,66.646875,67.014595,66.577306,66.945026,429650,814665
2002-05-17,66.92515,66.92515,66.547491,66.67669,272521,821730
2002-05-20,66.67669,66.994718,66.666751,66.964903,207582,826972
2002-05-21,66.92515,67.213363,66.855581,67.183548,207582,826972
2002-05-22,67.203683,67.455345,67.203683,67.425145,392971,843220
2002-05-23,67.334547,67.747272,67.143284,67.254015,542833,873309
2002-05-24,67.233882,67.465411,67.223816,67.384879,309149,886628
2002-05-28,67.18355,67.435212,67.103019,67.405012,538627,845914
2002-05-29,67.405012,67.727139,67.405012,67.66674,670418,841109
2002-05-30,67.717073,67.968734,67.656674,67.898269,696848,837693
2002-05-31,67.928468,68.009,67.616408,67.827804,521401,811858
2002-06-03,67.757338,68.029133,67.49561,67.868069,369281,808440
2002-06-04,68.019066,68.200263,67.858003,67.9788,458228,805905
2002-06-05,67.868069,67.998933,67.727139,67.878136,463287,826405
2002-06-06,67.878136,68.220395,67.686873,68.039199,445368,831124
2002-06-07,68.170063,68.371392,67.747272,67.868069,436087,808205
2002-06-10,67.827804,68.059332,67.767405,67.968734,298306,796911
2002-06-11,67.998933,68.280794,67.817737,68.200263,287990,804661
2002-06-12,68.290861,68.421725,68.14993,68.371392,340353,815084
2002-06-13,68.270728,68.774051,68.210329,68.572722,389501,807641
2002-06-14,68.602921,69.206909,68.602921,69.096177,360328,802559
2002-06-17,69.096177,69.166643,68.774051,68.83445,272692,784416
2002-06-18,68.914981,69.166643,68.794184,68.884782,349920,775695
2002-06-19,68.955247,69.498836,68.955247,69.448504,358627,773785
2002-06-20,69.478703,69.549168,68.935114,68.955247,418458,748363
2002-06-21,69.186776,69.367972,69.005579,69.327706,224423,758771
2002-06-24,69.347839,69.529035,68.935114,69.005579,317736,737044
2002-06-25,69.025712,69.196842,68.713652,69.035779,417694,745397
2002-06-26,69.5995,70.193422,69.367972,69.609567,588926,752875
2002-06-27,69.478703,69.5995,69.045845,69.14651,447838,737660
2002-06-28,69.076045,69.337772,68.904915,69.086111,300039,738408
2002-07-01,69.14651,69.31764,68.854582,69.126377,245717,745037
2002-07-02,69.28744,69.619633,69.176709,69.529035,338620,765464
2002-07-03,69.539102,69.609567,69.398171,69.478703,236895,784523
2002-07-05,69.408238,69.408238,68.935114,68.955247,214796,788238
2002-07-08,68.985446,69.28744,68.985446,69.196842,271864,800292
2002-07-09,69.247174,69.669966,69.096177,69.539102,369878,824204
2002-07-10,69.549168,70.133023,69.428371,70.002159,487462,847915
2002-07-11,70.022292,70.42495,69.951827,70.122956,584938,855372
2002-07-12,69.94176,70.42495,69.871295,70.243754,352453,854536
2002-07-15,70.304153,70.525615,70.072624,70.183355,372626,862413
2002-07-16,70.092757,70.414884,69.750497,69.810896,455814,863112
2002-07-17,69.992092,70.133023,69.639766,70.08269,451456,875631
2002-07-18,70.022292,70.404817,69.871295,70.334352,355349,890955
2002-07-19,70.364551,70.73701,70.344418,70.525615,351254,896844
2002-07-22,70.726944,71.149735,70.616213,70.978605,470594,915842
2002-07-23,70.968539,71.371197,70.656479,71.179935,487587,938683
2002-07-24,71.290666,72.136248,70.877941,71.300732,730487,960747
2002-07-25,70.968539,71.592659,70.968539,71.411463,471442,944769
2002-07-26,71.451729,71.773856,71.310799,71.542327,342108,970447
2002-07-29,71.401397,71.491995,70.656479,70.827608,421562,988564
2002-07-30,70.827608,71.018871,70.555814,70.696745,453803,965069
2002-07-31,70.636346,71.351064,70.59608,71.260466,514116,969465
2002-08-01,71.260466,71.602726,71.210134,71.542327,408596,970406
2002-08-02,71.632925,72.317444,71.602726,72.246979,472983,990811
2002-08-05,72.156381,72.55904,72.106049,72.408043,400678,985734
2002-08-06,72.579172,72.639571,71.73359,71.753723,457923,972557
2002-08-07,71.864454,72.317444,71.763789,72.206713,575534,1002572
2002-08-08,72.136248,72.146315,71.763789,71.804055,380288,1001784
2002-08-09,71.934919,72.508707,71.73359,72.458375,404786,1006959
2002-08-12,72.498641,72.820767,72.38791,72.599305,339142,972435
2002-08-13,72.569106,73.193226,72.538907,73.001964,424212,978499
2002-08-14,73.193226,73.565685,72.679837,72.951631,698957,1020418
2002-08-15,72.800635,72.971764,72.226846,72.498641,554939,986845
2002-08-16,72.488574,72.740236,71.814122,71.844321,497318,977419
2002-08-19,71.894653,72.095982,71.70339,71.965118,342204,980167
2002-08-20,72.035584,72.730169,71.985251,72.629505,476300,973991
2002-08-21,72.649638,72.710036,72.166448,72.548973,477702,971463
2002-08-22,72.436874,72.436874,71.998665,72.131147,473304,979279
2002-08-23,72.27382,72.50821,72.16172,72.467446,346355,1052004
2002-08-26,72.436874,72.722219,72.263629,72.630501,363372,909551
2002-08-27,72.548974,72.762982,72.171911,72.28401,597796,874963
2002-08-28,72.334965,72.661073,72.334965,72.528592,668675,840467
2002-08-29,72.589737,73.038137,72.518401,72.813937,775365,808740
2002-08-30,72.905655,73.150236,72.691646,72.905655,454069,826363
2002-09-03,73.109473,73.833026,73.109473,73.731117,661126,846329
2002-09-04,73.904363,74.026653,73.639399,73.883981,518984,861309
2002-09-05,73.843217,74.311998,73.771881,74.10818,608424,860950
2002-09-06,74.047035,74.128562,73.517109,73.547681,581559,884150
2002-09-09,73.690354,73.802454,73.405009,73.506918,348783,867434
2002-09-10,73.506918,73.833026,73.211382,73.731117,463370,874924
2002-09-11,73.619018,73.669972,73.119664,73.405009,261664,866077
2002-09-12,73.435581,73.87379,73.333672,73.833026,373364,866258
2002-09-13,73.883981,74.210089,73.853408,74.128562,342261,868200
2002-09-16,74.128562,74.383335,73.904363,74.281426,310823,876905
2002-09-17,73.945126,74.546389,73.843217,74.362953,422327,879816
2002-09-18,74.536198,74.658489,74.33238,74.403716,428825,894532
2002-09-19,74.413907,74.862307,74.383335,74.729825,372631,890109
2002-09-20,74.740016,74.831734,74.434289,74.801161,287012,904492
2002-09-23,74.821543,75.300515,74.719634,75.229179,333861,882500
2002-09-24,75.096697,75.616433,75.066124,75.331088,437428,893432
2002-09-25,75.371851,75.555287,74.709443,74.801161,481258,911397
2002-09-26,74.892879,75.004979,74.413907,74.811352,561523,920537
2002-09-27,74.821543,75.341279,74.709443,75.188415,334182,918579
2002-09-30,75.392233,75.789678,75.280133,75.596051,399741,948810
2002-10-01,75.565478,75.687769,74.974406,75.147652,510019,959244
2002-10-02,75.055934,75.351469,74.831734,75.178224,427278,968582
2002-10-03,75.269942,75.422806,74.964215,75.229179,378606,974575
2002-10-04,75.229179,75.494142,74.638107,75.259751,590919,992764
2002-10-07,75.36166,75.647005,75.320897,75.483951,324049,998695
2002-10-08,75.494142,75.820251,75.310706,75.392233,500369,1006573
2002-10-09,75.432997,75.830441,75.432997,75.759105,467141,1003018
2002-10-10,75.799869,75.942541,75.341279,75.463569,480765,1011619
2002-10-11,75.453378,75.575669,74.750207,74.882688,408645,1012695
2002-10-15,74.831734,74.923452,73.608827,73.894172,692844,1028008
2002-10-16,74.026653,74.118371,73.619018,73.782072,566327,1009953
2002-10-17,73.598636,73.598636,73.058518,73.4152,727696,989739
2002-10-18,73.211382,73.690354,72.946419,73.496727,621222,968735
2002-10-21,73.588445,73.680163,72.976988,73.140045,621222,968735
2002-10-22,73.048327,73.282718,72.946419,73.0789,535411,920551
2002-10-23,73.109473,73.53749,73.048327,73.129855,570436,907878
2002-10-24,73.191,73.669972,72.915846,73.527299,538701,907649
2002-10-25,73.639399,73.843217,73.476345,73.792263,461519,928449
2002-10-28,73.996081,74.087799,73.843217,73.934935,345507,936734
2002-10-29,73.924744,74.811352,73.924744,74.607534,655464,950009
2002-10-30,74.515816,74.750207,74.33238,74.526007,482432,951920
2002-10-31,74.576962,74.954025,74.352762,74.821543,488945,978704
2002-11-01,74.872497,74.913261,74.240662,74.515816,492169,979833
2002-11-04,74.352762,74.373144,74.026653,74.230471,325884,971568
2002-11-05,74.199898,74.250853,73.945126,74.10818,337921,966129
2002-11-06,74.138753,74.66868,73.792263,74.250853,575186,961811
2002-11-07,74.454671,74.954025,74.33238,74.862307,566144,954717
2002-11-08,74.852116,75.117079,74.811352,75.035552,390560,942897
2002-11-12,75.188415,75.310706,75.01517,75.055934,456887,944092
2002-11-13,75.117079,75.280133,74.90307,75.178224,490755,935206
2002-11-14,75.218988,75.249561,74.118371,74.322189,623606,952547
2002-11-15,74.138753,74.301807,73.822835,74.179517,472831,942053
2002-11-18,74.22028,74.413907,74.016462,74.291617,267957,934810
2002-11-19,74.373144,74.627916,74.301807,74.44448,429351,935017
2002-11-20,74.454671,74.658489,73.853408,73.914553,571698,944232
2002-11-21,73.996081,74.057226,73.384627,73.608827,793378,948064
2002-11-22,73.701624,73.773799,73.412921,73.474786,457377,986261
2002-11-25,73.3923,73.691313,73.340746,73.443854,564523,902577
2002-11-26,73.505718,74.062502,73.474786,73.969705,766146,920986
2002-11-27,73.990326,74.052191,73.021111,73.103597,849850,868295
2002-11-29,73.103597,73.371678,73.103597,73.320124,247012,835862
2002-12-02,73.206705,73.3923,72.639611,73.237638,732996,839556
2002-12-03,73.082975,73.485097,73.082975,73.186084,496842,829923
2002-12-04,73.330435,73.66038,73.309813,73.505718,572561,833903
2002-12-05,73.598516,73.866597,73.13453,73.794421,582437,820837
2002-12-06,73.66038,74.567731,73.65007,74.052191,699662,815898
2002-12-09,74.052191,74.413069,74.04188,74.29965,340891,797345
2002-12-10,74.29965,74.42338,74.103745,74.330583,364113,780346
2002-12-11,74.330583,74.701772,74.258407,74.608974,391991,772062
2002-12-12,74.464623,74.732704,74.330583,74.588353,376293,753621
2002-12-13,74.516177,74.773947,74.186231,74.371826,401119,750656
2002-12-16,74.444002,74.474934,73.949083,74.04188,267552,750954
2002-12-17,74.000637,74.248096,73.980015,74.196542,329813,737651
2002-12-18,74.206853,74.650218,74.206853,74.55742,309370,714826
2002-12-19,74.660528,75.134825,74.485245,75.06265,318617,704532
2002-12-20,75.072961,75.093582,74.846123,75.083271,179453,688101
2002-12-23,75.072961,75.176069,74.794569,75.042028,107045,679519
2002-12-24,75.042028,75.392595,75.021407,75.299798,74489,682519
2002-12-26,75.299798,75.516325,75.227623,75.382285,44367,683241
2002-12-27,75.45446,75.928757,75.433839,75.908136,123899,710253
2002-12-30,75.877203,76.114352,75.691609,76.062798,165295,695912
2002-12-31,76.031865,76.248392,75.825649,75.918446,133832,693361
2003-01-02,75.97,76.021555,74.701772,74.835812,377567,700456
2003-01-03,74.794569,74.928609,74.567731,74.856434,287644,693000
2003-01-06,74.784258,74.918299,74.505866,74.722393,372709,702176
2003-01-07,74.81519,75.06265,74.629596,74.918299,414536,710450
2003-01-08,74.980163,75.237933,74.907988,75.114204,389461,729082
2003-01-09,74.918299,74.969853,74.114056,74.29965,640211,736418
2003-01-10,74.29965,74.753326,74.072813,74.279029,550262,751915
2003-01-13,74.227475,74.526488,74.021259,74.464623,410983,752454
2003-01-14,74.536799,74.763636,74.361515,74.712082,463596,766550
2003-01-15,74.763636,75.021407,74.619285,74.784258,510815,782350
2003-01-16,74.846123,74.856434,74.237785,74.763636,578520,813748
2003-01-17,74.80488,75.227623,74.794569,75.093582,345902,800776
2003-01-21,75.186379,75.361663,74.959542,75.268866,392969,799421
2003-01-22,75.310109,75.650366,75.248244,75.588501,382512,800833
2003-01-23,75.547258,75.557568,75.330731,75.464771,372758,804783
2003-01-24,75.464771,75.866892,75.44415,75.681298,387152,812668
2003-01-27,75.57819,75.83596,75.299798,75.423528,409864,804010
2003-01-28,75.392595,75.506014,75.052339,75.330731,515297,797723
2003-01-29,75.392595,75.536947,74.918299,75.031717,437854,811364
2003-01-30,75.114204,75.382285,74.80488,75.258555,479533,830353
2003-01-31,75.341041,75.45446,75.176069,75.32042,390063,830760
2003-02-03,75.268866,75.279177,74.980163,75.207001,386241,841299
2003-02-04,75.19669,75.557568,75.176069,75.516325,410130,844611
2003-02-05,75.475082,75.598812,74.959542,75.176069,618051,855446
2003-02-06,75.217312,75.536947,75.145136,75.45446,396099,855230
2003-02-07,75.433839,75.629744,74.959542,75.609122,533655,862520
2003-02-10,75.475082,75.588501,75.227623,75.341041,382356,860434
2003-02-11,75.310109,75.506014,75.165758,75.485393,512337,863092
2003-02-12,75.45446,75.805028,75.392595,75.763784,560385,858839
2003-02-13,75.784406,76.310257,75.763784,76.124663,732249,911042
2003-02-14,76.134973,76.155595,75.681298,75.774095,443598,904681
2003-02-18,75.722541,75.856582,75.495704,75.815338,404577,911781
2003-02-19,75.856582,76.155595,75.83596,76.145284,494816,911813
2003-02-20,76.134973,76.392743,75.939068,76.3515,492246,919716
2003-02-21,76.279325,76.433987,76.042176,76.104041,539647,956789
2003-02-24,76.187534,76.427577,76.187534,76.375394,531258,921956
2003-02-25,76.41714,76.85548,76.41714,76.500634,809231,948724
2003-02-26,76.490197,76.740676,76.44845,76.69893,851198,942345
2003-02-27,76.740676,76.918099,76.521507,76.782423,1000058,933258
2003-02-28,76.751113,77.137269,76.625873,77.064213,648342,938305
2003-03-03,77.064213,77.252072,76.876353,77.199889,538575,936253
2003-03-04,77.179016,77.419059,77.095522,77.356439,547840,939623
2003-03-05,77.419059,77.606918,77.262512,77.554738,547840,939623
2003-03-06,77.512988,77.586045,77.210326,77.419059,584987,945377
2003-03-07,77.366875,77.846961,77.220762,77.596482,694556,970206
2003-03-10,77.669538,77.888708,77.638228,77.826088,333593,953702
2003-03-11,77.878271,77.899144,77.617355,77.669538,459903,949331
2003-03-12,77.700848,77.815651,77.492115,77.586045,533277,928940
2003-03-13,77.586045,77.586045,76.688493,76.782423,850723,938441
2003-03-14,76.876353,77.074649,76.646747,76.991156,483771,930700
2003-03-17,77.272946,77.419059,76.323211,76.51107,701695,954410
2003-03-18,76.552817,76.646747,76.030984,76.156224,640084,926645
2003-03-19,76.156224,76.344084,75.717885,75.863998,620734,912415
2003-03-20,75.770068,76.177097,75.394349,75.697012,665608,900981
2003-03-21,75.884871,75.884871,75.122996,75.248236,598286,864474
2003-03-24,75.488282,75.937055,75.488282,75.811815,598286,864474
2003-03-25,75.853561,76.124914,75.550899,75.843125,508199,863545
2003-03-26,75.905745,76.093604,75.717885,75.968364,372884,856129
2003-03-27,76.030984,76.291901,75.968364,76.093604,426135,852656
2003-03-28,76.093604,76.458887,76.093604,76.375394,413891,833583
2003-03-31,76.57369,76.918099,76.57369,76.73024,362625,832730
2003-04-01,76.980719,77.022466,76.458887,76.719803,575265,846386
2003-04-02,76.688493,76.709366,76.072731,76.208407,504537,857546
2003-04-03,76.333647,76.469324,75.843125,76.333647,532672,875004
2003-04-04,76.406704,76.438014,75.957928,76.229281,418649,872161
2003-04-07,75.937055,76.145787,75.561335,75.937055,467994,885534
2003-04-08,76.218844,76.364957,75.843125,76.312774,473911,886252
2003-04-09,76.375394,76.625873,76.145787,76.51107,511508,878030
2003-04-10,76.57369,76.657183,76.302337,76.38583,392307,878434
2003-04-11,76.375394,76.427577,75.905745,76.229281,521200,896978
2003-04-14,76.166661,76.291901,75.905745,75.999674,316036,907060
2003-04-15,75.947491,76.312774,75.843125,76.229281,446477,898647
2003-04-16,76.020548,76.406704,75.947491,76.364957,387034,909499
2003-04-17,76.35452,76.584127,76.260591,76.291901,296068,901761
2003-04-21,76.260591,76.271027,75.905745,76.156224,308706,903785
2003-04-22,76.166661,76.44845,76.093604,76.187534,455328,898994
2003-04-23,76.250154,76.271027,76.062294,76.124914,395081,923118
2003-04-24,76.229281,76.66762,76.218844,76.552817,553485,926311
2003-04-25,76.54238,76.813733,76.458887,76.709366,414832,931024
2003-04-28,76.751113,76.865916,76.552817,76.646747,387661,918566
2003-04-29,76.615437,76.63631,76.281464,76.500634,433486,915228
2003-04-30,76.552817,76.980719,76.364957,76.897226,583620,927886
2003-05-01,76.959846,77.252072,76.897226,76.959846,507891,926085
2003-05-02,76.980719,77.053776,76.563253,76.657183,591153,910296
2003-05-05,76.584127,76.865916,76.458887,76.834606,331171,920021
2003-05-06,76.85548,77.387749,76.66762,77.293819,475890,924260
2003-05-07,77.366875,77.909581,77.325129,77.784341,682325,948945
2003-05-08,77.867834,78.191371,77.773905,77.940891,761657,960776
2003-05-09,77.940891,78.034821,77.711285,77.961764,444598,957622
2003-05-12,78.024384,78.37923,78.003511,78.139187,483204,954907
2003-05-13,78.066131,78.2853,77.972201,78.191371,524073,971334
2003-05-14,78.306174,78.681893,78.045258,78.525343,805769,992200
2003-05-15,78.56709,78.69233,78.295737,78.431413,669688,988613
2003-05-16,78.431413,79.068049,78.358357,78.838443,623396,996417
2003-05-19,79.068049,79.214162,78.775823,78.942809,579122,1004985
2003-05-20,78.807133,79.412458,78.681893,79.308092,678574,1003718
2003-05-21,79.360275,79.485515,78.994993,79.109796,870591,1019655
2003-05-22,79.172729,79.466428,79.16224,79.382514,566978,1011606
2003-05-23,79.497896,79.634256,79.361536,79.403493,464022,978374
2003-05-27,79.58181,79.592299,79.046859,79.204197,803939,960274
2003-05-28,79.130773,79.214686,78.700714,79.120283,1241076,956239
2003-05-29,79.172729,79.644745,78.994413,79.550342,927976,948326
2003-05-30,79.550342,79.697191,79.067837,79.508385,779783,965441
2003-06-02,79.319579,79.319579,78.941966,79.130773,635333,963094
2003-06-03,79.16224,79.885997,79.16224,79.655234,862000,976766
2003-06-04,79.71817,79.959422,79.539853,79.875508,639503,991155
2003-06-05,79.781105,80.074803,79.497896,79.613277,726083,996615
2003-06-06,79.697191,79.896487,79.225176,79.476917,667099,993003
2003-06-09,79.57132,79.938443,79.508385,79.875508,429746,982307
2003-06-10,79.896487,80.420948,79.770616,80.358013,616927,991891
2003-06-11,80.431437,80.52584,80.085293,80.284588,654014,999862
2003-06-12,80.190185,80.578287,80.074803,80.410459,512262,1015277
2003-06-13,80.441927,80.830028,80.368502,80.735625,457027,1013995
2003-06-16,80.777582,80.851007,80.25312,80.337034,454021,1022117
2003-06-17,80.347524,80.452416,79.760127,79.833551,624171,1013662
2003-06-18,79.906976,79.948933,79.319579,79.382514,671222,1000322
2003-06-19,79.424471,79.686702,78.983923,79.539853,719100,1005135
2003-06-20,79.57132,79.728659,79.172729,79.330068,415926,989311
2003-06-23,79.487406,79.85453,79.330068,79.802083,281581,968567
2003-06-24,79.84404,80.158717,79.623766,80.064314,423843,964903
2003-06-25,80.064314,80.347524,79.277622,79.508385,612415,982824
2003-06-26,79.424471,79.455939,78.585332,78.669246,733672,981296
2003-06-27,78.690225,79.046859,78.375548,78.585332,561904,989354
2003-06-30,78.627289,78.983923,78.564354,78.837074,449579,965257
2003-07-01,78.941966,79.183219,78.679736,78.742671,501070,968174
2003-07-02,78.690225,78.941966,78.312612,78.826585,577832,985042
2003-07-03,78.774139,78.952456,78.239188,78.34408,671052,1021833
2003-07-07,78.438483,78.448972,77.935,78.092338,478647,996897
2003-07-08,77.955978,78.281145,77.809129,77.955978,608295,986514
2003-07-09,78.029403,78.281145,77.987446,78.102828,514482,974243
2003-07-10,78.249677,78.459462,78.123806,78.281145,484784,975469
2003-07-11,78.407015,78.627289,78.176252,78.574843,388578,973474
2003-07-14,78.585332,78.658757,78.102828,78.165763,410623,994349
2003-07-15,78.165763,78.249677,76.896566,77.211243,1118280,1031538
2003-07-16,76.854609,77.179775,76.508464,77.022437,1085887,1024821
2003-07-17,77.148308,77.263689,76.5714,76.98048,745933,1017693
2003-07-18,77.095861,77.11684,76.718249,76.886077,339609,1006708
2003-07-21,76.812652,76.812652,75.711283,75.931557,655214,1033857
2003-07-22,75.816175,76.235744,75.732261,76.109873,923587,1038832
2003-07-23,76.225255,76.634335,76.130852,76.309169,710099,1007696
2003-07-24,76.330147,76.497975,75.795196,76.046938,600616,1014390
2003-07-25,76.088895,76.487486,75.858132,75.984003,642084,1011887
2003-07-28,75.994492,75.994492,75.270735,75.407095,668530,1019897
2003-07-29,75.249756,75.868621,74.546978,74.872144,1138069,1038171
2003-07-30,74.704316,75.532966,74.693827,75.144864,882387,1029212
2003-07-31,75.312692,75.595901,73.886156,74.263768,1139344,1057959
2003-08-01,74.51551,74.672849,73.592458,74.211322,942391,1063956
2003-08-04,74.421107,75.123886,74.305725,74.956058,693222,1049331
2003-08-05,75.165843,75.239267,74.274258,74.410618,806612,1052813
2003-08-06,74.704316,75.449052,74.389639,75.323181,705145,1027320
2003-08-07,75.417584,75.669326,75.102907,75.501498,718018,1021068
2003-08-08,75.648347,76.172809,75.511987,75.564433,615654,986626
2003-08-11,75.690304,75.711283,75.029482,75.239267,472280,1000232
2003-08-12,75.302203,75.543455,74.956058,75.354649,527332,1017005
2003-08-13,75.039972,75.06095,74.074962,74.190344,899002,1067039
2003-08-14,74.190344,75.018993,73.613436,74.053984,759559,1091093
2003-08-15,74.389639,74.599424,74.10643,74.326704,279690,1073863
2003-08-18,74.305725,74.651873,74.095941,74.578445,279690,1073863
2003-08-19,74.620402,75.281224,74.284747,75.186821,654686,1075534
2003-08-20,75.207799,75.449052,74.567956,74.767252,716423,1094369
2003-08-21,74.746273,74.851166,74.074962,74.305725,778034,1093609
2003-08-22,74.359019,74.764071,74.220448,74.657478,497857,1045423
2003-08-25,74.614841,74.945278,74.103196,74.316382,486092,1008424
2003-08-26,74.252426,74.668137,73.879352,74.582863,903607,982704
2003-08-27,74.465611,74.721434,74.220448,74.295063,772972,974034
2003-08-28,74.295063,75.041212,74.220448,74.966597,1015386,954430
2003-08-29,74.987915,75.083849,74.593522,74.849345,589022,932547
2003-09-02,74.529567,74.646819,73.730122,73.943307,815906,961694
2003-09-03,73.943307,74.231108,73.91133,74.113856,714386,947147
2003-09-04,74.209789,74.828026,74.167152,74.657478,946173,906868
2003-09-05,74.678797,75.798019,74.6255,75.691427,761183,866606
2003-09-08,75.702086,76.181756,75.297034,75.584837,761183,866606
2003-09-09,75.392967,75.819338,75.265056,75.702086,650821,831388
2003-09-10,75.755382,76.341642,75.64879,76.277686,668033,843910
2003-09-11,76.235049,76.277686,75.819338,75.968567,618036,840924
2003-09-12,76.000545,76.831968,75.968567,76.373619,687809,852912
2003-09-15,76.426916,76.640101,76.064501,76.533508,481554,832055
2003-09-16,76.437575,76.565486,76.128456,76.299005,626304,821126
2003-09-17,76.384279,76.917242,76.299005,76.704057,672200,847452
2003-09-18,76.778671,77.023834,76.299005,76.65076,733191,835705
2003-09-19,76.831968,76.959879,76.544168,76.778671,474177,840416
2003-09-22,76.640101,76.640101,76.011204,76.480212,700822,817421
2003-09-23,76.576145,76.66142,76.160434,76.597464,438203,819966
2003-09-24,76.544171,77.215701,76.41626,77.034497,438203,819966
2003-09-25,77.023834,77.322294,76.863946,77.162405,585727,827186
2003-09-26,77.173064,77.833938,77.098449,77.652731,581520,841836
2003-09-29,77.716687,77.759324,77.37559,77.428886,490250,820609
2003-09-30,77.439546,78.228331,77.343612,78.196353,490250,820609
2003-10-01,78.164376,78.281627,77.897894,78.196353,539133,828200
2003-10-02,78.111079,78.111079,77.450205,77.780642,743759,845785
2003-10-03,77.769983,77.791301,76.576145,76.736034,851109,886080
2003-10-06,76.725375,77.077131,76.565486,77.066472,410909,878394
2003-10-07,76.895923,77.066472,76.448234,76.576145,615759,911419
2003-10-08,76.480212,76.831968,76.330982,76.682738,639450,924934
2003-10-09,76.693397,76.736034,76.128456,76.373619,624424,941994
2003-10-10,76.458894,76.789331,76.299005,76.682738,417726,930435
2003-10-14,76.384279,76.469553,76.107138,76.160434,477344,960379
2003-10-15,76.192412,76.267027,75.670108,75.872634,675662,975854
2003-10-16,75.883293,76.181753,75.371649,75.435604,852295,1009172
2003-10-17,75.456923,75.947249,75.392967,75.904612,570555,1001645
2003-10-20,75.702086,76.21373,75.531538,76.032523,509195,1003646
2003-10-21,75.947249,76.384279,75.904612,76.053842,620197,1022625
2003-10-22,76.139116,76.714716,76.128456,76.597464,626535,1031344
2003-10-23,76.714716,77.034494,76.277686,76.448234,672370,1022988
2003-10-24,76.501531,77.098449,76.469553,77.066472,551638,1049181
2003-10-27,76.906583,76.959879,76.66142,76.768012,502345,1064149
2003-10-28,76.704057,77.300975,76.469553,77.268998,737349,1090324
2003-10-29,77.268998,77.268998,76.629442,76.79999,689106,1088758
2003-10-30,76.672079,76.863946,76.096479,76.373619,783540,1115734
2003-10-31,76.405597,76.693397,76.341642,76.608123,528264,1104843
2003-11-03,76.597464,76.65076,76.032523,76.256368,584291,1117894
2003-11-04,76.341642,76.65076,76.22439,76.565486,482592,1119440
2003-11-05,76.565486,76.672079,76.22439,76.277686,618079,1134169
2003-11-06,76.267027,76.373619,75.883293,76.000545,676922,1154790
2003-11-07,76.021864,76.597464,75.531538,75.819338,722017,1163423
2003-11-10,75.808678,76.043182,75.670111,75.78736,351682,1149910
2003-11-12,75.93659,76.203071,75.798019,76.07516,472320,1157903
2003-11-13,76.107138,76.885264,76.064501,76.842627,813514,1161634
2003-11-14,76.842627,77.343612,76.714716,77.258338,746756,1166344
2003-11-17,77.343612,77.67405,77.23702,77.52482,719507,1167556
2003-11-18,77.386249,77.780642,77.215701,77.610094,711012,1168529
2003-11-19,77.684709,77.876576,77.130427,77.247679,846861,1184443
2003-11-20,77.290316,77.833938,77.205042,77.631412,805329,1199893
2003-11-21,77.652731,77.823279,77.546138,77.66339,569075,1108168
2003-11-24,77.599435,77.631412,77.151746,77.23702,811739,1114839
2003-11-25,77.194383,77.567457,77.002516,77.428886,1079932,1131290
2003-11-26,77.439678,77.569194,77.094302,77.126681,953960,1081487
2003-11-28,77.040338,77.08351,76.54386,76.597825,508932,1056724
2003-12-01,76.54386,76.554653,75.842316,76.25245,1064005,1050664
2003-12-02,76.284829,76.43593,75.982625,76.371172,872795,1019195
2003-12-03,76.349586,76.522274,76.090555,76.176899,709414,1021649
2003-12-04,76.198485,76.565446,76.079762,76.500688,618599,1001535
2003-12-05,76.511481,77.601573,76.500688,77.439678,947341,1014509
2003-12-08,77.396506,77.504436,77.105095,77.15906,400101,986595
2003-12-09,77.223818,77.655538,76.533067,76.673376,658000,972648
2003-12-10,76.673376,77.040338,76.608618,76.97558,642554,950373
2003-12-11,76.97558,77.579987,76.673376,77.526022,785047,948201
2003-12-12,77.472057,77.914569,77.26699,77.450471,645557,947233
2003-12-15,77.191439,77.644745,77.08351,77.288576,479253,932453
2003-12-16,77.418092,77.623159,77.223818,77.526022,471950,922247
2003-12-17,77.601573,78.011706,77.601573,77.774261,484457,943388
2003-12-18,77.763468,78.054878,77.623159,77.946948,531651,947972
2003-12-19,77.968534,78.087257,77.720296,78.000913,372613,943656
2003-12-22,78.087257,78.20598,77.687917,77.871398,248219,930453
2003-12-23,77.828226,77.914569,77.245404,77.320955,303885,928310
2003-12-24,77.385713,77.892983,77.320955,77.795847,109254,935300
2003-12-26,77.871398,78.09805,77.763468,78.054878,56060,937692
2003-12-29,77.99012,78.011706,77.526022,77.612366,167866,943209
2003-12-30,77.623159,77.633952,77.256197,77.439678,245732,945741
2003-12-31,77.536815,77.633952,77.450471,77.547608,97884,939435
2004-01-02,77.418092,77.515229,76.716548,76.910822,232863,961558
2004-01-05,76.86765,76.986373,76.694962,76.889236,384682,972815
2004-01-06,76.943201,77.601573,76.932408,77.504436,619595,981556
2004-01-07,77.493643,77.828226,77.299369,77.709503,594071,1013076
2004-01-08,77.655538,77.80664,77.48285,77.731089,549323,1030399
2004-01-09,77.623159,78.745629,77.579987,78.691664,803109,1077958
2004-01-12,78.691664,79.004661,78.518977,78.724043,666150,1095378
2004-01-13,78.680872,79.166556,78.540563,79.047833,673091,1118803
2004-01-14,79.091005,79.285279,78.799594,79.209728,843896,1136300
2004-01-15,79.123384,79.393209,78.918317,79.188142,838721,1165495
2004-01-16,79.123384,79.457967,78.853559,78.961489,693407,1182767
2004-01-20,78.788801,78.993868,78.659286,78.767215,600120,1200658
2004-01-21,78.799594,78.993868,78.702457,78.875145,527947,1210140
2004-01-22,78.950696,79.350037,78.875145,79.263693,632602,1251160
2004-01-23,79.306865,79.511931,78.680872,78.745629,802962,1217692
2004-01-26,78.756422,78.896731,78.378668,78.42184,664638,1253187
2004-01-27,78.497391,78.82118,78.411047,78.745629,589152,1255597
2004-01-28,78.810387,79.058626,77.709503,77.979327,867543,1253592
2004-01-29,78.076464,78.184394,77.741882,78.054878,909712,1266765
2004-01-30,78.130429,78.411047,78.054878,78.357082,587961,1272532
2004-02-02,78.346289,78.551356,78.162808,78.31391,495780,1287479
2004-02-03,78.357082,78.659286,78.346289,78.626907,590696,1278301
2004-02-04,78.680872,78.756422,78.378668,78.52977,517173,1267287
2004-02-05,78.52977,78.616114,78.087257,78.216773,776573,1289405
2004-02-06,78.227566,78.864352,77.968534,78.756422,805345,1302242
2004-02-09,78.778008,78.961489,78.734836,78.896731,342269,1285392
2004-02-10,78.92911,79.004661,78.616114,78.702457,492869,1297326
2004-02-11,78.670079,79.371623,78.465012,79.209728,895602,1337789
2004-02-12,79.188142,79.317658,79.004661,79.069419,646549,1348871
2004-02-13,79.112591,79.54431,79.101798,79.317658,609035,1327083
2004-02-17,79.317658,79.46876,79.209728,79.296072,531666,1326310
2004-02-18,79.350037,79.598275,79.242107,79.285279,626651,1330146
2004-02-19,79.306865,79.414795,79.058626,79.306865,638435,1333202
2004-02-20,79.393209,79.393209,78.972282,79.069419,787018,1284964
2004-02-23,78.972282,79.414795,78.907524,79.36083,698868,1346905
2004-02-24,79.404002,79.695412,79.350037,79.46876,1109490,1369456
2004-02-25,79.501138,79.673826,79.479553,79.533517,1154333,1364406
2004-02-26,79.555385,79.610062,79.249192,79.391353,1260422,1385646
2004-02-27,79.435095,79.774094,79.413224,79.697546,957092,1330017
2004-03-01,79.741288,80.014674,79.522579,79.642869,820237,1376875
2004-03-02,79.68661,79.719417,79.194515,79.347611,908990,1316838
2004-03-03,79.292934,79.358547,79.030483,79.30387,865091,1324883
2004-03-04,79.347611,79.588191,79.128903,79.511643,678439,1313961
2004-03-05,79.511643,80.922316,79.435095,80.637994,1288707,1376788
2004-03-08,80.572382,81.0098,80.539575,80.944187,651714,1367630
2004-03-09,80.955122,81.326928,80.823897,81.206638,855153,1355399
2004-03-10,81.184767,81.294121,81.020735,81.119154,722856,1324182
2004-03-11,81.13009,81.523766,80.878574,81.097283,1047250,1349276
2004-03-12,81.39254,81.447218,80.966058,81.053541,611590,1322326
2004-03-15,81.03167,81.315992,80.878574,80.976993,705526,1317338
2004-03-16,80.987929,81.436282,80.736413,81.403476,737074,1304835
2004-03-17,81.414411,81.589378,81.217573,81.39254,687306,1318731
2004-03-18,81.283186,81.381605,80.922316,81.042606,841434,1306176
2004-03-19,81.03167,81.097283,80.856703,80.878574,479527,1293319
2004-03-22,80.976993,81.305057,80.955122,81.239444,367883,1293252
2004-03-23,81.27225,81.370669,81.119154,81.261315,439313,1274231
2004-03-24,81.370669,81.490959,81.239444,81.305057,522619,1283251
2004-03-25,81.305057,81.359734,81.064477,81.206638,423692,1278143
2004-03-26,81.173831,81.239444,80.616123,80.637994,686474,1223724
2004-03-29,80.572382,80.637994,80.277125,80.419285,618650,1297691
2004-03-30,80.441156,80.616123,80.364608,80.375544,531572,1307495
2004-03-31,80.397415,80.791091,80.375544,80.76922,704481,1304132
2004-04-01,80.76922,80.834832,80.320866,80.397415,884240,1283714
2004-04-02,80.441156,80.506769,78.494647,79.041419,1162310,1297279
2004-04-05,78.953935,79.052354,78.571195,78.669614,832604,1233538
2004-04-06,78.735226,79.06329,78.735226,78.943,553885,1231785
2004-04-07,79.041419,79.18358,78.921129,78.975806,563766,1216603
2004-04-08,78.986742,79.074225,78.768033,78.811775,444778,1239260
2004-04-12,78.768033,78.789904,78.549324,78.669614,321227,1268553
2004-04-13,78.636807,78.680549,78.035358,78.0791,878139,1323733
2004-04-14,78.013487,78.177519,77.35736,77.860391,1255943,1366639
2004-04-15,77.915068,78.133777,77.630746,77.805713,874140,1389841
2004-04-16,77.827584,78.297808,77.794778,78.122841,641825,1408586
2004-04-19,78.122841,78.319679,77.893197,77.98068,412719,1389532
2004-04-20,77.926003,78.024422,77.379231,77.751036,794756,1397848
2004-04-21,77.488585,77.794778,77.280812,77.663552,1007867,1397713
2004-04-22,77.652617,77.991616,77.47765,77.95881,690105,1378049
2004-04-23,77.893197,78.035358,77.401102,77.455779,780955,1333847
2004-04-26,77.390166,77.587004,77.302683,77.543263,490771,1388472
2004-04-27,77.47765,77.860391,77.422973,77.751036,694527,1421334
2004-04-28,77.83852,77.849455,77.23707,77.401102,625607,1453985
2004-04-29,77.23707,77.685423,76.963684,77.105845,1123044,1438495
2004-04-30,77.094909,77.422973,76.952748,77.335489,727368,1437206
2004-05-03,77.335489,77.488585,77.171457,77.335489,494909,1441245
2004-05-04,77.335489,77.751036,76.963684,77.193328,781350,1444039
2004-05-05,77.029296,77.47765,76.898071,77.029296,827739,1429488
2004-05-06,76.985555,77.083974,76.788717,76.865265,744741,1451155
2004-05-07,76.8762,77.335489,75.749849,75.924816,1324595,1408374
2004-05-10,75.935752,76.110719,75.837333,75.979493,657613,1435464
2004-05-11,75.935752,76.154461,75.881074,76.066977,573277,1410673
2004-05-12,76.154461,76.220073,75.89201,75.979493,746913,1440112
2004-05-13,75.881074,75.935752,75.607688,75.727978,796879,1434150
2004-05-14,75.695172,76.231009,75.443657,76.13259,1009752,1431927
2004-05-17,76.220073,76.690298,76.187267,76.646556,735147,1406459
2004-05-18,76.646556,76.657491,76.329428,76.427847,625321,1371662
2004-05-19,76.405976,76.427847,76.034171,76.099783,669029,1351592
2004-05-20,76.241944,76.559072,76.165396,76.471589,639021,1323506
2004-05-21,76.537201,76.712168,76.220073,76.25288,778567,1231069
2004-05-24,76.231009,76.427847,76.13259,76.37317,655307,1303195
2004-05-25,76.427847,76.602814,76.362234,76.471589,1045502,1368544
2004-05-26,76.471587,76.903818,76.471587,76.826238,1355673,1415654
2004-05-27,76.781907,77.269552,76.737576,77.258469,1431811,1379194
2004-05-28,77.203055,77.258469,76.804073,76.87057,1022555,1371059
2004-06-01,76.770824,76.848404,76.416173,76.693244,1093272,1361296
2004-06-02,76.693244,76.737576,76.427256,76.515919,818397,1328994
2004-06-03,76.460505,76.704327,76.327511,76.63783,751024,1318826
2004-06-04,76.626747,76.859487,76.272096,76.283179,1062376,1357841
2004-06-07,76.227765,76.460505,76.139102,76.416173,571040,1331968
2004-06-08,76.416173,76.504836,76.128019,76.416173,773087,1364968
2004-06-09,76.416173,76.416173,76.006108,76.194516,738085,1351602
2004-06-10,76.205599,76.371845,76.05044,76.338593,638118,1336510
2004-06-14,76.017191,76.216682,75.884197,75.928528,644745,1312970
2004-06-15,75.917445,77.047895,75.917445,76.970315,1157018,1316844
2004-06-16,77.014647,77.014647,76.582416,76.737576,643693,1320832
2004-06-17,76.71541,77.025729,76.504836,76.948149,768888,1305985
2004-06-18,76.970315,77.169806,76.837321,76.859487,451335,1300034
2004-06-21,76.826238,77.058978,76.748658,76.992481,381574,1275434
2004-06-22,77.003564,77.058978,76.837321,76.925984,315139,1239089
2004-06-23,76.837321,77.058978,76.759741,76.992481,431894,1237977
2004-06-24,76.992481,77.480126,76.959232,77.291717,730725,1265542
2004-06-25,77.291717,77.424712,77.158723,77.3028,400356,1206331
2004-06-28,77.3028,77.402546,76.71541,76.79299,680131,1269375
2004-06-29,76.826238,77.114392,76.671079,77.036812,573276,1246192
2004-06-30,77.081144,77.746114,77.003564,77.546623,896159,1297395
2004-07-01,77.712865,77.823694,77.435794,77.790445,822748,1292025
2004-07-02,77.735031,78.798984,77.646368,78.377836,846592,1287426
2004-07-06,78.344587,78.532995,78.255924,78.300256,506824,1268130
2004-07-07,78.311339,78.422167,78.178345,78.322421,410368,1276325
2004-07-08,78.311339,78.51083,78.145096,78.366753,554357,1289552
2004-07-09,78.366753,78.488664,78.289173,78.43325,323716,1299496
2004-07-12,78.444333,78.610575,78.43325,78.521913,261678,1308159
2004-07-13,78.499747,78.521913,78.178345,78.333504,497123,1318227
2004-07-14,78.388919,78.58841,78.211593,78.311339,545576,1325990
2004-07-15,78.322421,78.455416,78.20051,78.300256,506324,1330042
2004-07-16,78.322421,79.031723,78.222676,78.976309,817359,1386324
2004-07-19,78.987392,79.02064,78.865481,78.965226,358648,1368752
2004-07-20,78.987392,79.009557,78.377836,78.43325,716655,1374249
2004-07-21,78.400001,78.43325,78.056433,78.267007,735550,1331001
2004-07-22,78.366753,78.488664,78.211593,78.377836,590142,1349418
2004-07-23,78.444333,78.566244,78.333504,78.544078,301548,1333850
2004-07-26,78.51083,78.544078,78.267007,78.366753,376587,1377799
2004-07-27,78.27809,78.311339,77.701783,77.779362,814870,1442701
2004-07-28,77.6907,77.923439,77.568788,77.901274,880536,1471468
2004-07-29,77.901274,78.034268,77.668534,78.001019,587837,1438367
2004-07-30,77.978853,78.555161,77.901274,78.532995,900951,1444095
2004-08-02,78.732487,78.909812,78.566244,78.643824,586811,1449382
2004-08-03,78.621658,78.854398,78.488664,78.787901,595359,1438055
2004-08-04,78.743569,78.94306,78.599492,78.743569,670294,1443210
2004-08-05,78.754652,78.998475,78.732487,78.898729,551560,1440216
2004-08-06,78.920895,80.383829,78.920895,79.951599,1221638,1485407
2004-08-09,79.929433,80.029179,79.685611,79.785356,441541,1465086
2004-08-10,79.707776,79.896185,79.40854,79.530451,634194,1461207
2004-08-11,79.48612,79.685611,79.40854,79.619114,589973,1438029
2004-08-12,79.641279,79.829688,79.452871,79.752108,733755,1442476
2004-08-13,79.729942,80.117841,79.718859,79.99593,643563,1469313
2004-08-16,79.91835,79.99593,79.608031,79.818605,617162,1402154
2004-08-17,79.774273,80.173256,79.707776,80.106759,671734,1444801
2004-08-18,80.173256,80.339498,79.896185,79.973764,878691,1460275
2004-08-19,79.91835,80.095676,79.84077,80.07351,608597,1457894
2004-08-20,80.051344,80.15109,79.929433,79.951599,518448,1483718
2004-08-23,79.951599,79.984847,79.619114,79.718859,727048,1486438
2004-08-24,79.685611,79.807522,79.508285,79.741025,706906,1472120
2004-08-25,79.774273,80.007013,79.608031,79.818605,1066842,1488060
2004-08-26,79.773796,80.065023,79.773796,79.997817,937843,1498872
2004-08-27,80.065023,80.199436,79.975415,79.997817,1071006,1429806
2004-08-30,79.986616,80.255441,79.964214,80.210637,1035830,1418450
2004-08-31,80.233039,80.714683,80.177034,80.513065,1521389,1470340
2004-09-01,80.602673,80.793091,80.378652,80.602673,1320706,1495684
2004-09-02,80.613874,80.692281,80.165832,80.289044,895562,1459427
2004-09-03,80.188235,81.084318,79.628183,79.773796,995537,1439168
2004-09-07,79.773796,80.020219,79.70659,79.986616,679550,1440651
2004-09-08,79.986616,80.524266,79.728992,80.490663,1073635,1478506
2004-09-09,80.479462,80.703482,80.322647,80.367451,1014136,1487313
2004-09-10,80.389853,80.78189,80.389853,80.490663,782476,1457270
2004-09-13,80.479462,80.703482,80.401054,80.636276,491630,1461701
2004-09-14,80.68108,80.849096,80.501864,80.748286,636624,1467456
2004-09-15,80.748286,80.770689,80.468261,80.535467,685467,1467878
2004-09-16,80.535467,81.129122,80.445858,81.050715,1045114,1511369
2004-09-17,81.050715,81.196328,80.759488,80.78189,764158,1534748
2004-09-20,80.849096,81.185127,80.826694,81.162725,496370,1537022
2004-09-21,81.151524,81.285936,80.793091,81.21873,756913,1558902
2004-09-22,81.21873,81.532359,81.073117,81.43155,952921,1536535
2004-09-23,81.43155,81.577163,81.129122,81.173926,920321,1556887
2004-09-24,81.21873,81.308338,80.994709,81.151524,781667,1548810
2004-09-27,81.117921,81.43155,81.028312,81.319539,564891,1573794
2004-09-28,81.341942,81.532359,81.162725,81.274735,796614,1581423
2004-09-29,81.297137,81.341942,80.78189,80.849096,984914,1516851
2004-09-30,80.849096,81.050715,80.401054,80.737085,1105660,1499002
2004-10-01,80.714683,80.714683,80.311446,80.401054,875653,1536449
2004-10-04,80.412255,80.524266,80.14343,80.479462,673201,1501504
2004-10-05,80.490663,80.580271,80.401054,80.524266,637253,1534336
2004-10-06,80.513065,80.524266,80.188235,80.24424,628155,1548439
2004-10-07,80.210637,80.311446,80.042621,80.132229,744322,1535659
2004-10-08,80.143434,80.815496,80.143434,80.703486,958647,1594671
2004-10-12,80.703482,80.994709,80.68108,80.882699,549684,1569823
2004-10-13,80.871498,81.173926,80.669879,81.073117,757086,1570679
2004-10-14,81.173926,81.43155,81.073117,81.386746,689406,1595953
2004-10-15,81.386746,81.54356,80.849096,81.162725,1170773,1629028
2004-10-18,81.10672,81.229931,80.983508,81.173926,474138,1611535
2004-10-19,81.185127,81.263534,80.849096,81.207529,850976,1646083
2004-10-20,81.241132,81.532359,81.229931,81.453952,726612,1670875
2004-10-21,81.476354,81.666772,81.341942,81.420349,1005092,1694441
2004-10-22,81.375545,81.599565,81.252333,81.532359,593587,1697077
2004-10-25,81.655571,81.834787,81.610766,81.64437,601841,1696970
2004-10-26,81.610766,81.75638,81.498756,81.577163,659462,1711041
2004-10-27,81.509957,81.722777,81.028312,81.073117,1249432,1752276
2004-10-28,81.061916,81.33074,80.759488,81.140323,1242087,1733286
2004-10-29,81.274735,81.43155,81.073117,81.409148,828867,1716905
2004-11-01,81.409148,81.409148,81.061916,81.095519,643146,1715990
2004-11-02,81.129122,81.308338,81.00591,81.173926,503688,1715326
2004-11-03,81.297137,81.33074,80.535467,81.21873,1207019,1731039
2004-11-04,81.173926,81.375545,81.10672,81.196328,767343,1692721
2004-11-05,81.140323,81.21873,79.930611,80.591472,1465476,1732245
2004-11-08,80.56907,80.591472,80.389853,80.479462,634643,1734763
2004-11-09,80.457059,80.625075,80.445858,80.490663,567223,1704148
2004-11-10,80.423456,80.546671,80.21064,80.300249,904139,1817290
2004-11-12,80.423456,80.725884,80.35625,80.56907,813706,1824392
2004-11-15,80.669879,80.703482,80.501864,80.613874,462334,1812491
2004-11-16,80.625075,80.703482,80.401054,80.513065,746775,1796302
2004-11-17,80.524266,80.938704,80.221838,80.860297,1302075,1791617
2004-11-18,80.916302,80.983508,80.737085,80.927503,881256,1751902
2004-11-19,80.938704,81.061916,80.345049,80.501864,1322642,1801493
2004-11-22,80.479462,80.613874,80.412255,80.591472,863587,1781801
2004-11-23,80.557869,80.748286,80.367451,80.524266,1336069,1804646
2004-11-24,80.501864,80.613874,80.401054,80.468261,761670,1789385
2004-11-26,80.513307,80.524569,80.029033,80.32185,827417,1774448
2004-11-29,80.299326,80.378161,79.80379,79.848838,2344462,1832344
2004-11-30,79.916411,79.938936,79.657381,79.826314,1899492,1753428
2004-12-01,79.882625,80.051558,79.668644,79.747479,1334476,1739586
2004-12-02,79.781265,79.848838,79.477187,79.657381,1316211,1757924
2004-12-03,79.589808,80.614666,79.567284,80.366899,1793690,1758149
2004-12-06,80.423209,80.592142,80.344374,80.490783,741165,1668196
2004-12-07,80.558356,80.558356,80.344374,80.490783,740746,1632006
2004-12-08,80.513307,81.110202,80.389423,81.020105,1235073,1657372
2004-12-09,81.042629,81.211562,80.806123,80.907483,952195,1666839
2004-12-10,80.851172,81.132727,80.806123,80.997581,667910,1676178
2004-12-13,80.963794,81.189038,80.873697,81.031367,585326,1666814
2004-12-14,81.042629,81.2003,80.851172,81.143989,537644,1662145
2004-12-15,81.166513,81.414281,81.087678,81.35797,562269,1662177
2004-12-16,81.380495,81.425543,80.794861,80.862434,787615,1687892
2004-12-17,80.851172,80.94127,80.490783,80.749813,758397,1650306
2004-12-20,80.73855,80.884959,80.693502,80.73855,233782,1620931
2004-12-21,80.806123,80.907483,80.68224,80.873697,254875,1581801
2004-12-22,80.862434,80.907483,80.68224,80.749813,320992,1586065
2004-12-23,80.772337,80.806123,80.659715,80.716026,224989,1520520
2004-12-27,80.749813,80.749813,80.254277,80.378161,273111,1579308
2004-12-28,80.366899,80.423209,80.119131,80.366899,260349,1577747
2004-12-29,80.344374,80.411947,80.152917,80.197966,190138,1605660
2004-12-30,80.175442,80.535831,80.141655,80.490783,165592,1595851
2004-12-31,80.513307,80.727288,80.468258,80.68224,241520,1610426
2005-01-03,80.68224,80.727288,80.411947,80.637191,517043,1634064
2005-01-04,80.614666,80.73855,80.130393,80.299326,754259,1674498
2005-01-05,80.231752,80.434472,80.164179,80.299326,614460,1693461
2005-01-06,80.265539,80.423209,80.209228,80.355636,536750,1650688
2005-01-07,80.400685,81.132727,79.80379,80.276801,915179,1688804
2005-01-10,80.32185,80.366899,80.197966,80.288063,405542,1685099
2005-01-11,80.299326,80.456996,80.164179,80.423209,538675,1682328
2005-01-12,80.423209,80.547093,80.333112,80.468258,542242,1664964
2005-01-13,80.468258,80.828648,80.411947,80.727288,790622,1700299
2005-01-14,80.817386,80.907483,80.502045,80.603404,701070,1692327
2005-01-18,80.603404,80.693502,80.445734,80.659715,574152,1669772
2005-01-19,80.670977,80.817386,80.524569,80.670977,905026,1694915
2005-01-20,80.73855,80.851172,80.547093,80.783599,695807,1674326
2005-01-21,80.761075,80.975056,80.704764,80.94127,532231,1629933
2005-01-24,80.918745,81.020105,80.83991,80.986318,489743,1697377
2005-01-25,80.963794,80.986318,80.58088,80.693502,912833,1640638
2005-01-26,80.68224,80.783599,80.547093,80.637191,648812,1631431
2005-01-27,80.603404,80.614666,80.366899,80.558356,636674,1648632
2005-01-28,80.468258,80.963794,80.456996,80.907483,855114,1689807
2005-01-31,80.851172,80.963794,80.749813,80.918745,570290,1682892
2005-02-01,80.918745,81.031367,80.83991,80.930007,696599,1748051
2005-02-02,80.884959,80.997581,80.794861,80.907483,537862,1740049
2005-02-03,80.873697,80.873697,80.625929,80.749813,629118,1734959
2005-02-04,80.716026,81.346708,80.716026,81.2003,1177403,1801542
2005-02-07,81.143989,81.346708,81.09894,81.279135,484024,1814795
2005-02-08,81.256611,81.436805,81.155251,81.324184,774417,1805198
2005-02-09,81.369232,81.729622,81.222824,81.71836,1049004,1845273
2005-02-10,81.673311,81.71836,81.267873,81.324184,886227,1837190
2005-02-11,81.279135,81.380495,81.076416,81.155251,703767,1820771
2005-02-14,81.177775,81.301659,81.076416,81.245348,539145,1849627
2005-02-15,81.234086,81.267873,81.087678,81.132727,544726,1863252
2005-02-16,81.121464,81.267873,80.749813,80.806123,1002613,1935788
2005-02-17,80.817386,80.862434,80.603404,80.727288,826597,1961710
2005-02-18,80.73855,80.772337,80.299326,80.355636,1084131,1912339
2005-02-22,80.310588,80.400685,80.22049,80.265539,984799,2028336
2005-02-23,80.276801,80.569618,80.096606,80.310588,1285689,2046699
2005-02-24,80.333112,80.502045,80.175442,80.231752,1404953,2083309
2005-02-25,80.186704,80.378161,80.152917,80.299326,1980357,2049454
2005-02-28,80.287961,80.287961,79.719912,79.890327,2099225,2004207
2005-03-01,79.8108,79.947132,79.753995,79.844883,1208763,1946269
2005-03-02,79.878966,79.92441,79.697191,79.833522,1044118,1954276
2005-03-03,79.844883,79.969854,79.753995,79.788078,907838,1908706
2005-03-04,79.822161,80.174351,79.526776,80.094824,1171367,1947891
2005-03-07,80.072102,80.242517,80.060741,80.140268,483805,1911506
2005-03-08,80.106185,80.151629,79.708551,79.799439,1016874,1934207
2005-03-09,79.765356,79.8108,79.151864,79.197308,1351583,1992956
2005-03-10,79.163225,79.481332,78.936006,79.413166,1578315,2021274
2005-03-11,79.310918,79.390444,78.970089,79.049615,980259,1994255
2005-03-14,78.99281,79.197308,78.799674,79.129142,804002,2003906
2005-03-15,79.163225,79.356361,78.98145,79.049615,980769,2045978
2005-03-16,79.015532,79.504054,78.936006,79.208669,1215152,2052060
2005-03-17,79.242752,79.594942,79.242752,79.435888,918313,2033923
2005-03-18,79.447249,79.469971,79.254113,79.299557,507731,2058736
2005-03-21,79.310918,79.33364,79.174586,79.276835,435983,2050436
2005-03-22,79.288196,79.617664,78.686064,78.833757,1131353,2002872
2005-03-23,78.742869,78.890562,78.40204,78.788313,1205865,2031430
2005-03-24,78.856479,78.99281,78.788313,78.856479,503149,1932993
2005-03-28,78.845118,78.856479,78.617899,78.697425,352018,1964819
2005-03-29,78.663342,78.970089,78.617899,78.901923,495435,1972262
2005-03-30,78.947367,79.129142,78.86784,79.072337,620675,1975568
2005-03-31,79.10642,79.481332,79.083698,79.447249,918505,1943430
2005-04-01,79.45861,80.026659,79.140503,79.640386,1355025,1984339
2005-04-04,79.606303,79.833522,79.469971,79.663108,592478,1956566
2005-04-05,79.651747,79.731273,79.515415,79.594942,658289,1986868
2005-04-06,79.594942,79.822161,79.583581,79.765356,609974,1986686
2005-04-07,79.8108,79.981215,79.526776,79.594942,955402,1970767
2005-04-08,79.583581,79.606303,79.345,79.504054,721666,1975969
2005-04-11,79.560859,79.799439,79.481332,79.708551,559633,2008787
2005-04-12,79.765356,80.231156,79.594942,80.140268,1010439,2000451
2005-04-13,80.151629,80.367488,80.026659,80.151629,970474,2000510
2005-04-14,80.197073,80.469736,80.151629,80.265239,953443,1971817
2005-04-15,80.458375,80.86737,80.39021,80.674234,1132172,1925090
2005-04-18,80.799204,81.060507,80.651512,80.787843,990006,1979524
2005-04-19,80.640151,81.128672,80.526541,81.026424,1159952,1954856
2005-04-20,80.946897,81.117312,80.526541,80.992341,1186861,2030527
2005-04-21,81.117312,81.128672,80.458375,80.537902,1142523,2037895
2005-04-22,80.549263,80.821926,80.549263,80.7424,606724,1937415
2005-04-25,80.731039,80.844648,80.640151,80.731039,465329,2022937
2005-04-26,80.708317,80.86737,80.51518,80.685595,760503,2043110
2005-04-27,80.685595,81.015063,80.549263,80.856009,892596,2083718
2005-04-28,80.878731,81.355892,80.844648,81.196838,890486,2120159
2005-04-29,81.287726,81.33317,80.958258,81.015063,1060353,2094513
2005-05-02,80.98098,81.151394,80.901453,81.071868,521298,2100009
2005-05-03,81.083229,81.242282,80.890092,80.98098,711379,2118615
2005-05-04,81.162755,81.230921,80.810565,81.128672,1023174,2119424
2005-05-05,81.117312,81.469502,81.003702,81.310448,877266,2112918
2005-05-06,81.299087,81.378614,80.651512,80.719678,1168962,2131817
2005-05-09,80.731039,80.731039,80.560624,80.651512,621050,2085913
2005-05-10,80.62879,81.049146,80.617429,80.98098,859288,2101030
2005-05-11,81.015063,81.321809,80.856009,81.071868,1243964,2184350
2005-05-12,81.060507,81.276365,80.821926,81.185477,1014773,2162598
2005-05-13,81.242282,81.492223,81.09459,81.412697,924709,2200973
2005-05-16,81.412697,81.537667,81.276365,81.424058,692730,2217405
2005-05-17,81.378614,81.605833,81.242282,81.492223,839076,2258809
2005-05-18,81.480862,81.867135,81.424058,81.753526,1121177,2302636
2005-05-19,81.662638,81.764887,81.492223,81.526306,872039,2266874
2005-05-20,81.526306,81.549028,81.435419,81.469502,702547,2147520
2005-05-23,81.424058,81.935301,81.367253,81.821692,1074528,2236481
2005-05-24,81.855774,82.332935,81.833052,82.162521,1534422,2184815
2005-05-25,82.242047,82.469267,81.844413,81.958023,2040371,2097089
2005-05-26,81.878584,82.026113,81.708358,81.844538,1470527,2002878
2005-05-27,81.867235,81.980719,81.787797,81.946674,854422,1974682
2005-05-31,81.946674,82.377912,81.946674,82.264429,1179555,1950666
2005-06-01,82.343867,82.877241,82.298474,82.741061,1269992,1980752
2005-06-02,82.809151,82.877241,82.638925,82.809151,745981,1938488
2005-06-03,82.763757,83.274435,82.287125,82.343867,1288385,1963451
2005-06-06,82.321171,82.570835,82.298474,82.480048,489641,1943074
2005-06-07,82.491396,82.854545,82.457351,82.752409,693646,1944179
2005-06-08,82.763757,82.843196,82.570835,82.593532,472899,1945179
2005-06-09,82.616228,82.627577,82.207687,82.480048,801113,1933166
2005-06-10,82.570835,82.570835,82.014764,82.048809,579300,1913601
2005-06-13,82.048809,82.094203,81.753751,81.855887,627861,1894417
2005-06-14,81.810493,82.048809,81.617571,81.640268,802258,1929261
2005-06-15,81.742403,81.855887,81.470042,81.617571,970552,1945445
2005-06-16,81.651616,81.935326,81.48139,81.855887,728602,1893562
2005-06-17,81.867235,81.923977,81.651616,81.7651,545469,1897713
2005-06-20,81.776448,81.844538,81.424648,81.628919,569294,1897845
2005-06-21,81.572177,82.014764,81.492739,81.923977,672845,1893180
2005-06-22,81.980719,82.570835,81.923977,82.53679,796108,1741994
2005-06-23,82.502745,82.53679,82.287125,82.434654,593364,1737655
2005-06-24,82.457351,82.752409,82.457351,82.67297,567970,1699988
2005-06-27,82.627577,82.797803,82.616228,82.752409,444803,1719999
2005-06-28,82.729712,82.741061,82.332519,82.389261,659508,1761526
2005-06-29,82.377912,82.60488,82.162293,82.264429,649567,1776974
2005-06-30,82.321171,82.582183,82.18499,82.411958,827072,1774324
2005-07-01,82.559487,82.559487,81.799145,81.889932,749015,1820446
2005-07-05,81.821842,81.867235,81.447345,81.458693,671779,1792225
2005-07-06,81.594874,81.674313,81.470042,81.640268,565648,1822626
2005-07-07,81.640268,82.4687,81.594874,81.799145,1081068,1838881
2005-07-08,81.708358,81.935326,81.379255,81.401952,666417,1791053
2005-07-11,81.470042,81.526784,81.12959,81.435997,699904,1823630
2005-07-12,81.435997,81.515435,81.220377,81.254423,581139,1821427
2005-07-13,81.254423,81.254423,81.084197,81.174984,541950,1828524
2005-07-14,81.186332,81.367906,81.004758,81.072848,714994,1826199
2005-07-15,81.084197,81.254423,80.936668,81.12959,474409,1821819
2005-07-18,81.140939,81.209029,80.936668,80.99341,402581,1832340
2005-07-19,80.982061,81.243074,80.868578,81.163635,640910,1853428
2005-07-20,81.186332,81.367906,80.823184,81.265771,853373,1845931
2005-07-21,81.254423,81.333861,80.630261,80.687003,1247855,1975208
2005-07-22,80.687003,81.027455,80.618913,80.925319,579307,1868828
2005-07-25,80.936668,81.004758,80.77779,80.823184,427652,1915350
2005-07-26,80.789139,80.913971,80.789139,80.845881,414401,1909490
2005-07-27,80.902623,80.970713,80.687003,80.732397,565787,1922460
2005-07-28,80.766442,81.118242,80.675655,81.084197,573271,1927204
2005-07-29,81.095545,81.118242,80.528126,80.607565,800365,1948927
2005-08-01,80.64161,80.652958,80.255765,80.391945,733304,1986517
2005-08-02,80.391945,80.505429,80.244416,80.323855,622154,2009412
2005-08-03,80.312507,80.550823,80.301158,80.494081,539202,1997935
2005-08-04,80.494081,80.57352,80.323855,80.380597,372220,2004839
2005-08-05,80.380597,80.460036,79.93801,79.972055,948627,1978752
2005-08-08,79.960707,80.040146,79.790481,79.858571,540927,2000221
2005-08-09,79.835875,80.062842,79.722391,80.028797,588266,2017073
2005-08-10,80.040146,80.187675,79.915313,80.028797,604128,2047481
2005-08-11,80.017449,80.391945,79.93801,80.346552,712957,2032574
2005-08-12,80.369249,80.766442,80.312507,80.743745,684527,2061435
2005-08-15,80.721049,80.743745,80.482732,80.584868,508281,2052706
2005-08-16,80.505429,80.982061,80.494081,80.857229,1003197,2096104
2005-08-17,80.936668,80.959365,80.550823,80.584868,821702,2099295
2005-08-18,80.607565,81.095545,80.607565,81.038803,976944,2064771
2005-08-19,81.0615,81.095545,80.845881,81.038803,509400,2065559
2005-08-22,81.038803,81.140939,80.755094,81.050152,681700,2014087
2005-08-23,81.016106,81.231726,80.913971,81.140939,750585,1965289
2005-08-24,81.152287,81.333861,81.027455,81.163635,944346,1976968
2005-08-25,81.174984,81.299816,81.095545,81.243074,984594,1945028
2005-08-26,81.220206,81.31167,80.980112,81.025844,1049752,1870826
2005-08-29,81.197339,81.345969,81.083009,81.128741,1026496,1845292
2005-08-30,81.151607,81.666093,81.04871,81.643227,1972178,1834767
2005-08-31,81.586062,82.123414,81.528897,82.009084,1641188,1867445
2005-09-01,82.020517,82.306343,81.860455,82.157714,1435979,1882073
2005-09-02,82.03195,82.40924,81.963352,82.100548,828757,1839956
2005-09-06,81.997651,82.089115,81.791857,81.849022,719147,1851137
2005-09-07,81.826156,81.860455,81.437433,81.597495,946503,1847386
2005-09-08,81.586062,81.791857,81.54033,81.597495,711906,1837660
2005-09-09,81.574629,81.791857,81.563196,81.643227,476296,1859367
2005-09-12,81.631794,81.68896,81.220206,81.380268,854373,1890146
2005-09-13,81.357402,81.700393,81.243072,81.597495,775873,1916449
2005-09-14,81.586062,81.757558,81.391701,81.426,729127,1904087
2005-09-15,81.426,81.631794,81.071576,81.185906,1162161,1896849
2005-09-16,81.174473,81.231639,80.842916,80.93438,826650,1807265
2005-09-19,80.865782,81.128741,80.854349,81.04871,589248,1800588
2005-09-20,81.04871,81.083009,80.67142,81.014411,772838,1717781
2005-09-21,80.980112,81.414567,80.957246,81.300237,903997,1635595
2005-09-22,81.426,81.631794,81.300237,81.391701,728637,1576551
2005-09-23,81.368835,81.380268,80.945813,80.980112,650714,1570901
2005-09-26,80.865782,80.888648,80.637121,80.751452,666429,1597825
2005-09-27,80.751452,80.900081,80.55709,80.682853,930559,1585030
2005-09-28,80.785751,80.900081,80.488492,80.808617,737040,1581145
2005-09-29,80.808617,80.922947,80.579956,80.67142,704588,1613170
2005-09-30,80.637121,80.751452,80.374162,80.431327,676068,1591621
2005-10-03,80.408461,80.545657,80.099769,80.168367,641316,1617461
2005-10-04,80.191233,80.339863,80.042604,80.202666,510345,1640030
2005-10-05,80.236965,80.44276,80.191233,80.248398,638475,1627656
2005-10-06,80.32843,80.419894,80.111202,80.248398,569858,1661126
2005-10-07,80.156938,80.351296,79.859679,80.294134,873724,1658909
2005-10-11,80.282698,80.362729,80.06547,80.214099,577346,1626370
2005-10-12,80.168367,80.191233,79.848243,79.928274,730915,1655723
2005-10-13,79.916841,79.928274,79.608149,79.756778,810434,1644653
2005-10-14,79.791077,80.019738,79.539551,79.699613,968103,1689286
2005-10-17,79.699613,79.83681,79.619582,79.676747,494877,1684155
2005-10-18,79.631015,79.80251,79.562417,79.745345,635161,1683904
2005-10-19,79.779644,79.996872,79.756778,79.83681,665742,1681442
2005-10-20,79.825377,79.962573,79.619582,79.848243,728328,1699253
2005-10-21,79.974006,80.282698,79.871109,80.168367,742043,1652318
2005-10-24,80.156934,80.168367,79.791077,79.882542,720837,1703645
2005-10-25,79.871109,79.962573,79.413788,79.562417,1009172,1727537
2005-10-26,79.436654,79.482386,79.116529,79.19656,1170708,1716838
2005-10-27,79.19656,79.45952,79.19656,79.368056,816157,1739578
2005-10-28,79.390922,79.528118,79.150828,79.333756,745635,1719366
2005-10-31,79.253725,79.505252,79.162261,79.356623,600061,1724102
2005-11-01,79.379489,79.528118,79.230859,79.288024,782132,1742772
2005-11-02,79.322323,79.368056,79.047931,79.116529,817055,1770440
2005-11-03,79.116529,79.265158,78.807837,78.842136,1016075,1794890
2005-11-04,78.830703,79.08223,78.647775,78.807837,1178489,1797300
2005-11-07,78.773538,79.002199,78.750672,78.910735,541292,1766636
2005-11-08,78.945034,79.34519,78.945034,79.253725,856784,1792909
2005-11-09,79.299457,79.34519,78.865002,78.945034,898670,1845651
2005-11-10,78.887869,79.31089,78.887869,79.276591,898670,1845651
2005-11-14,79.276591,79.379489,78.922168,79.036498,727145,1875696
2005-11-15,79.002199,79.356623,78.945034,79.276591,1122915,1899721
2005-11-16,79.265158,79.745345,79.207993,79.631015,1201155,1840291
2005-11-17,79.699613,79.893975,79.470953,79.779644,1034543,1795635
2005-11-18,79.733912,79.825377,79.528118,79.562417,746070,1789033
2005-11-21,79.585283,79.848243,79.539551,79.768211,597782,1799965
2005-11-22,79.756778,79.996872,79.665314,79.962573,935926,1714345
2005-11-23,79.962573,80.008305,79.676747,79.722479,797322,1733943
2005-11-25,79.871109,80.008305,79.83681,79.95114,516140,1687150
2005-11-28,79.97404,80.157257,79.767921,80.054197,1515599,1706543
2005-11-29,80.054197,80.145806,79.619058,79.653411,2269562,1714204
2005-11-30,79.653411,79.802275,79.470194,79.538901,1521468,1651654
2005-12-01,79.596156,79.745019,79.286978,79.401488,1334597,1670465
2005-12-02,79.412939,79.493097,79.275527,79.401488,1060744,1671144
2005-12-05,79.412939,79.435841,79.09231,79.183919,746218,1714311
2005-12-06,79.172468,79.676313,79.161016,79.573254,1014471,1705966
2005-12-07,79.584705,79.596156,79.401488,79.481646,601465,1698883
2005-12-08,79.493097,79.85953,79.447292,79.813726,712520,1688130
2005-12-09,79.813726,79.870981,79.390037,79.401488,685055,1702412
2005-12-12,79.435841,79.538901,79.241174,79.332782,434512,1717931
2005-12-13,79.321331,79.584705,79.30988,79.435841,590298,1718625
2005-12-14,79.481646,79.996942,79.481646,79.848079,895061,1690384
2005-12-15,79.802275,79.97404,79.550352,79.802275,809941,1682454
2005-12-16,79.813726,80.042746,79.802275,79.928236,495580,1660639
2005-12-19,79.939687,80.054197,79.779372,79.928236,374609,1636127
2005-12-20,79.951138,79.97404,79.733568,79.836628,393850,1600393
2005-12-21,79.836628,79.882432,79.64196,79.722117,375852,1549205
2005-12-22,79.710666,80.031295,79.676313,79.996942,412208,1534298
2005-12-23,80.031295,80.363375,79.893883,80.317571,353567,1565868
2005-12-27,80.317571,80.52369,80.168708,80.489337,238874,1567297
2005-12-28,80.466435,80.500788,80.283218,80.30612,283303,1562467
2005-12-29,80.317571,80.374826,80.203061,80.30612,251440,1527367
2005-12-30,80.340473,80.52369,80.168708,80.180159,259444,1512481
2006-01-03,80.168708,80.466435,80.008393,80.363375,701949,1563688
2006-01-04,80.397728,80.535141,80.225963,80.454984,724957,1548756
2006-01-05,80.477886,80.546592,80.317571,80.454984,631810,1552951
2006-01-06,80.443533,80.729809,80.248865,80.317571,771478,1560059
2006-01-09,80.294669,80.397728,80.237414,80.317571,481185,1556462
2006-01-10,80.351924,80.374826,80.019844,80.054197,894033,1597897
2006-01-11,80.042746,80.134355,79.848079,79.882432,668594,1608225
2006-01-12,79.893883,80.157257,79.882432,80.134355,774906,1622661
2006-01-13,80.134355,80.477886,79.996942,80.443533,828096,1647476
2006-01-17,80.363375,80.52369,80.294669,80.512239,669184,1655625
2006-01-18,80.52369,80.764162,80.329022,80.443533,988400,1704078
2006-01-19,80.466435,80.466435,80.19161,80.248865,972152,1706763
2006-01-20,80.260316,80.409179,80.180159,80.30612,819652,1746513
2006-01-23,80.351924,80.420631,80.08855,80.340473,798015,1781617
2006-01-24,80.340473,80.363375,80.134355,80.203061,782566,1795102
2006-01-25,80.180159,80.203061,79.722117,79.75647,1199579,1849878
2006-01-26,79.745019,79.836628,79.493097,79.550352,1170714,1889364
2006-01-27,79.607607,79.802275,79.435841,79.630509,1161327,1830652
2006-01-30,79.584705,79.596156,79.378586,79.504548,649305,1836315
2006-01-31,79.504548,79.619058,79.355684,79.470194,920505,1946794
2006-02-01,79.515999,79.584705,79.218272,79.286978,968942,1989374
2006-02-02,79.275527,79.412939,79.183919,79.286978,831629,2004615
2006-02-03,79.275527,79.470194,78.989251,79.378586,1338010,2017199
2006-02-06,79.42439,79.458743,79.264076,79.344233,479506,1992006
2006-02-07,79.321331,79.458743,79.19537,79.275527,839679,2016556
2006-02-08,79.264076,79.344233,79.103761,79.138114,721074,2021288
2006-02-09,79.161016,79.378586,79.057957,79.19537,1145493,2005609
2006-02-10,79.161016,79.401488,78.897643,79.023604,1025694,2022162
2006-02-13,78.989251,79.080859,78.897643,79.046506,457260,1992090
2006-02-14,79.057957,79.080859,78.817485,78.920545,773926,1997673
2006-02-15,78.931996,79.103761,78.806034,78.931996,944771,2007464
2006-02-16,78.954898,79.035055,78.886192,78.989251,565143,2007435
2006-02-17,79.000702,79.298429,79.000702,79.229723,843547,1945357
2006-02-21,79.218272,79.264076,79.069408,79.103761,789868,1933946
2006-02-22,79.080859,79.298429,78.931996,79.252625,1410206,1970860
2006-02-23,79.275527,79.298429,78.989251,79.023604,1453704,1957053
2006-02-24,79.069408,79.206821,78.943447,79.012153,1846726,1894560
2006-02-27,78.966289,79.046551,78.851629,78.908959,2338950,2049382
2006-02-28,78.897493,79.230007,78.897493,79.184143,1750223,1993665
2006-03-01,79.184143,79.230007,78.977755,79.046551,1305899,2055120
2006-03-02,79.058017,79.092415,78.645241,78.794299,1313540,2049543
2006-03-03,78.794299,78.817231,78.519115,78.587911,1095375,2091268
2006-03-06,78.576445,78.587911,78.289796,78.358591,892071,2108646
2006-03-07,78.312727,78.438853,78.071942,78.381523,1321471,2145939
2006-03-08,78.415921,78.507649,78.266864,78.404455,897586,2128555
2006-03-09,78.438853,78.496183,78.312727,78.450319,709724,2112368
2006-03-10,78.450319,78.564979,78.16367,78.370057,1009310,2134085
2006-03-13,78.347125,78.347125,78.175136,78.289796,637134,2135148
2006-03-14,78.312727,78.759901,78.289796,78.691105,1268829,2109764
2006-03-15,78.736969,78.748435,78.461785,78.576445,977817,2118522
2006-03-16,78.576445,79.103881,78.484717,79.023619,1397507,2044371
2006-03-17,79.023619,79.080949,78.863095,78.920425,733233,1968684
2006-03-20,78.908959,79.092415,78.863095,79.023619,572258,1958167
2006-03-21,79.000687,79.058017,78.622309,78.691105,1158740,1996312
2006-03-22,78.668173,78.828697,78.622309,78.714037,627113,1945365
2006-03-23,78.725503,78.817231,78.484717,78.519115,846975,1999516
2006-03-24,78.507649,78.966289,78.496183,78.874561,959048,1946117
2006-03-27,78.874561,78.908959,78.679639,78.748435,423808,1959507
2006-03-28,78.725503,78.759901,78.232466,78.358591,930375,2011814
2006-03-29,78.312727,78.370057,78.152204,78.232466,840598,2026236
2006-03-30,78.266864,78.335659,77.87702,78.014612,1134220,2112159
2006-03-31,77.980214,78.186602,77.911418,78.071942,866843,2055305
2006-04-03,78.071942,78.129272,77.796758,77.945816,935537,2100192
2006-04-04,77.99168,78.129272,77.93435,77.968748,781528,2149034
2006-04-05,78.003146,78.175136,78.003146,78.16367,674960,2177559
2006-04-06,78.129272,78.140738,77.865554,77.957282,895471,2219754
2006-04-07,77.911418,78.083408,77.555972,77.659166,1276566,2258733
2006-04-10,77.555972,77.727962,77.521574,77.670632,569031,2250239
2006-04-11,77.70503,77.865554,77.70503,77.81969,544089,2267514
2006-04-12,77.831156,77.957282,77.544506,77.59037,904357,2292337
2006-04-13,77.567438,77.624768,77.280788,77.349584,914958,2305918
2006-04-17,77.36105,77.578904,77.315186,77.498642,497525,2309123
2006-04-18,77.47571,77.854088,77.47571,77.727962,937815,2318278
2006-04-19,77.70503,77.899952,77.395448,77.555972,1180774,2327823
2006-04-20,77.567438,77.601836,77.429846,77.510108,753827,2323753
2006-04-21,77.47571,77.693564,77.41838,77.567438,835631,2245956
2006-04-24,77.544506,77.831156,77.487176,77.693564,748489,2211751
2006-04-25,77.716496,77.785292,77.18906,77.315186,1233691,2360303
2006-04-26,77.315186,77.349584,77.0744,77.143196,883661,2338426
2006-04-27,77.143196,77.510108,76.994138,77.349584,1158012,2275266
2006-04-28,77.395448,77.510108,77.211992,77.47571,816513,2201805
2006-05-01,77.487176,77.567438,77.051468,77.154662,748897,2357206
2006-05-02,77.097332,77.280788,76.994138,77.234924,748915,2301349
2006-05-03,77.18906,77.257856,76.95974,77.062934,812277,2406760
2006-05-04,77.0744,77.120264,76.913876,77.028536,736613,2462569
2006-05-05,76.994138,77.338118,76.971206,77.24639,997389,2371005
2006-05-08,77.24639,77.280788,77.120264,77.18906,393354,2437885
2006-05-09,77.200526,77.223458,77.062934,77.177594,497161,2438434
2006-05-10,77.166128,77.41838,77.005604,77.143196,936885,2392867
2006-05-11,77.143196,77.211992,76.925342,77.040002,967270,2409632
2006-05-12,77.051468,77.085866,76.764819,76.833614,955369,2473726
2006-05-15,76.764819,77.108798,76.741887,77.005604,888265,2437123
2006-05-16,77.005604,77.280788,76.95974,77.24639,1016447,2390836
2006-05-17,77.257856,77.280788,76.84508,77.062934,1354530,2427426
2006-05-18,77.097332,77.53304,77.01707,77.429846,1591221,2365945
2006-05-19,77.47571,77.6477,77.326652,77.47571,1214708,2292835
2006-05-22,77.452778,77.796758,77.452778,77.578904,1172235,2247348
2006-05-23,77.567438,77.636234,77.36105,77.441312,1177677,2242043
2006-05-24,77.6477,77.865554,77.521574,77.59037,1776768,2193061
2006-05-25,77.567438,77.6477,77.372516,77.395448,1469212,2174950
2006-05-26,77.395446,77.544725,77.25765,77.48731,1575097,2134626
2006-05-30,77.475827,77.510276,77.292099,77.326548,2296275,2096357
2006-05-31,77.326548,77.464344,77.016507,77.108371,2059926,2007007
2006-06-01,77.062439,77.211718,76.947609,77.154303,1360791,2041777
2006-06-02,77.188752,77.820317,77.165786,77.785868,1569239,2037850
2006-06-05,77.774385,77.8318,77.60214,77.625106,846759,1979563
2006-06-06,77.625106,77.739936,77.48731,77.694004,970144,2019039
2006-06-07,77.682521,77.762902,77.48731,77.579174,864241,2004043
2006-06-08,77.60214,77.981079,77.60214,77.728453,1607052,1975754
2006-06-09,77.705487,77.854766,77.636589,77.762902,689064,1918143
2006-06-12,77.797351,77.808834,77.659555,77.739936,483885,1918316
2006-06-13,77.774385,77.981079,77.739936,77.877732,1020505,1912852
2006-06-14,77.866249,77.912181,77.338031,77.418412,1423531,1957240
2006-06-15,77.37248,77.418412,77.119854,77.188752,1040422,1983085
2006-06-16,77.177269,77.326548,77.02799,77.050956,605909,1999618
2006-06-19,77.039473,77.073922,76.91316,76.959092,633946,2045952
2006-06-20,76.970575,77.085405,76.832779,76.890194,776382,2109125
2006-06-21,76.924643,76.970575,76.855745,76.890194,558863,2114443
2006-06-22,76.867228,76.924643,76.591636,76.672017,694373,2140497
2006-06-23,76.603119,76.786847,76.488289,76.522738,752390,2127677
2006-06-26,76.511255,76.591636,76.465323,76.511255,457711,2195991
2006-06-27,76.511255,76.729432,76.499772,76.649051,839335,2193503
2006-06-28,76.660534,76.706466,76.45384,76.488289,577969,2195057
2006-06-29,76.476806,76.79833,76.465323,76.729432,718908,2170965
2006-06-30,76.786847,77.085405,76.614602,77.062439,1077343,2155722
2006-07-03,77.050956,77.062439,76.890194,77.005024,291706,2153763
2006-07-05,77.005024,77.073922,76.545704,76.614602,937471,2194059
2006-07-06,76.626085,76.832779,76.580153,76.79833,757468,2151403
2006-07-07,76.79833,77.14282,76.775364,77.062439,1054044,2141593
2006-07-10,77.062439,77.108371,76.936126,77.073922,449851,2152796
2006-07-11,77.085405,77.326548,77.050956,77.223201,772590,2132288
2006-07-12,77.223201,77.234684,76.993541,77.223201,769695,2123660
2006-07-13,77.211718,77.395446,77.165786,77.37248,867024,2092217
2006-07-14,77.395446,77.544725,77.326548,77.441378,901013,2021411
2006-07-17,77.429895,77.498793,77.25765,77.395446,591901,2004510
2006-07-18,77.406929,77.418412,77.016507,77.062439,1086425,2121727
2006-07-19,77.050956,77.498793,76.809813,77.464344,1545592,2089809
2006-07-20,77.475827,77.671038,77.349514,77.625106,944551,2068609
2006-07-21,77.60214,77.762902,77.533242,77.579174,753305,2020419
2006-07-24,77.60214,77.659555,77.452861,77.579174,539541,2021118
2006-07-25,77.567691,77.694004,77.429895,77.48731,805583,2035734
2006-07-26,77.48731,77.71697,77.37248,77.636589,806948,2040694
2006-07-27,77.659555,77.774385,77.556208,77.636589,909299,2034753
2006-07-28,77.648072,77.94663,77.567691,77.900698,873048,2066653
2006-07-31,77.889215,77.94663,77.785868,77.923664,523698,2074653
2006-08-01,77.94663,77.969596,77.751419,77.923664,937994,2138204
2006-08-02,77.94663,78.06146,77.8318,78.015528,1028871,2172777
2006-08-03,78.015528,78.095909,77.866249,78.027011,962096,2183994
2006-08-04,78.004045,78.428916,77.94663,78.302603,1016931,2209059
2006-08-07,78.314086,78.337052,78.141841,78.17629,432447,2194318
2006-08-08,78.187773,78.360018,78.084426,78.210739,681973,2194510
2006-08-09,78.222222,78.233705,78.038494,78.17629,695690,2238149
2006-08-10,78.164807,78.279637,77.969596,78.164807,831421,2251806
2006-08-11,78.107392,78.17629,77.912181,77.94663,663856,2250959
2006-08-14,77.900698,77.900698,77.739936,77.762902,531857,2269168
2006-08-15,77.762902,78.187773,77.71697,78.107392,1050437,2281648
2006-08-16,78.095909,78.474848,78.072943,78.417433,1167148,2311068
2006-08-17,78.451882,78.601161,78.337052,78.382984,875380,2294422
2006-08-18,78.382984,78.555229,78.337052,78.532263,567959,2295494
2006-08-21,78.52078,78.624127,78.474848,78.589678,577044,2292753
2006-08-22,78.601161,78.693025,78.509297,78.612644,1102390,2333162
2006-08-23,78.612644,78.624127,78.428916,78.566712,944770,2316755
2006-08-24,78.578195,78.670059,78.497814,78.589678,998941,2355939
2006-08-25,78.601161,78.704508,78.52078,78.658576,1153847,2284780
2006-08-28,78.670059,78.68154,78.50932,78.58969,1378890,2346953
2006-08-29,78.58969,78.647096,78.199325,78.612652,2308544,2322509
2006-08-30,78.624134,78.796354,78.555246,78.727466,2420575,2293137
2006-08-31,78.76191,78.922648,78.693022,78.899686,1681629,2270281
2006-09-01,78.911167,78.957092,78.68154,78.93413,1275126,2246271
2006-09-05,78.876723,78.888204,78.658578,78.704503,853937,2281433
2006-09-06,78.68154,78.715984,78.440432,78.601171,1221262,2291544
2006-09-07,78.612652,78.727466,78.440432,78.635615,1178100,2308753
2006-09-08,78.658578,78.842279,78.601171,78.76191,733422,2271968
2006-09-11,78.715984,78.784872,78.50932,78.612652,777936,2265221
2006-09-12,78.58969,78.773391,78.474876,78.738947,1033262,2268678
2006-09-13,78.738947,78.899686,78.715984,78.784872,848341,2327036
2006-09-14,78.807835,78.991536,78.601171,78.635615,1060233,2277880
2006-09-15,78.624134,78.85376,78.555246,78.58969,1210970,2295147
2006-09-18,78.612652,78.624134,78.291175,78.50932,1079943,2323300
2006-09-19,78.50932,78.945611,78.405988,78.911167,1336041,2337271
2006-09-20,78.922648,79.048943,78.85376,78.922648,909720,2308697
2006-09-21,78.922648,79.416345,78.85376,79.335976,1342894,2311628
2006-09-22,79.393383,79.645972,79.347457,79.600047,1076849,2228043
2006-09-25,79.634491,79.910042,79.577084,79.783748,1122388,2259112
2006-09-26,79.841154,79.875598,79.588565,79.645972,1177004,2209468
2006-09-27,79.634491,79.875598,79.54264,79.611528,1153162,2209450
2006-09-28,79.588565,79.645972,79.427827,79.473752,866727,2203998
2006-09-29,79.531159,79.645972,79.267088,79.404864,1115979,2217485
2006-10-02,79.404864,79.634491,79.290051,79.508196,786756,2259864
2006-10-03,79.554121,79.634491,79.427827,79.508196,675103,2250213
2006-10-04,79.496715,79.852636,79.439308,79.783748,1145118,2284558
2006-10-05,79.795229,79.818192,79.485233,79.54264,1049852,2231184
2006-10-06,79.554121,79.829673,79.048943,79.071905,1049852,2231184
2006-10-10,79.060424,79.071905,78.727466,78.807835,1123056,2361209
2006-10-11,78.773391,78.945611,78.555246,78.612652,1191794,2387054
2006-10-12,78.635615,78.807835,78.624134,78.658578,876980,2389193
2006-10-13,78.68154,78.842279,78.474876,78.532283,1103102,2463831
2006-10-16,78.543764,78.68154,78.50932,78.635615,507923,2425567
2006-10-17,78.68154,78.945611,78.612652,78.704503,1231590,2433467
2006-10-18,78.727466,78.796354,78.566727,78.738947,1011180,2456551
2006-10-19,78.773391,78.796354,78.532283,78.647096,927484,2477997
2006-10-20,78.635615,78.727466,78.578208,78.635615,422376,2511236
2006-10-23,78.601171,78.624134,78.325619,78.451914,841314,2521028
2006-10-24,78.405988,78.474876,78.383026,78.440432,498090,2531628
2006-10-25,78.451914,78.738947,78.371544,78.68154,896428,2533321
2006-10-26,78.727466,79.003018,78.68154,78.968574,1207377,2508382
2006-10-27,78.968574,79.221163,78.911167,79.175237,1137811,2439785
2006-10-30,79.186719,79.278569,79.117831,79.175237,681700,2427370
2006-10-31,79.1982,79.54264,79.140793,79.519677,1221181,2428908
2006-11-01,79.519677,79.80671,79.427827,79.749304,1201717,2455500
2006-11-02,79.726341,79.726341,79.519677,79.588565,983895,2385796
2006-11-03,79.577084,79.726341,78.911167,78.968574,1551362,2436717
2006-11-06,78.945611,79.048943,78.85376,79.003018,705068,2435590
2006-11-07,79.037462,79.416345,79.014499,79.255607,1082271,2394688
2006-11-08,79.255607,79.496715,79.221163,79.393383,810003,2377125
2006-11-09,79.37042,79.473752,79.278569,79.404864,1041720,2361410
2006-11-10,79.427827,79.634491,79.393383,79.565603,712347,2376692
2006-11-13,79.554121,79.680416,79.313013,79.473752,817339,2381896
2006-11-14,79.427827,79.783748,79.313013,79.645972,1336889,2383828
2006-11-15,79.634491,79.703379,79.324495,79.381901,1246832,2371813
2006-11-16,79.347457,79.691897,79.094868,79.175237,1823693,2374920
2006-11-17,79.129312,79.600047,79.117831,79.485233,1562105,2371839
2006-11-20,79.496715,79.600047,79.427827,79.519677,717765,2362171
2006-11-21,79.519677,79.645972,79.427827,79.611528,1023878,2296445
2006-11-22,79.623009,79.71486,79.554121,79.668935,735932,2407207
2006-11-24,79.657453,79.875598,79.623009,79.726341,543044,2410534
2006-11-27,79.726341,79.829554,79.474042,79.795149,2261748,2575893
2006-11-28,79.818085,80.070384,79.714872,79.921299,3034570,2561576
2006-11-29,79.921299,80.03598,79.795149,79.841022,2714578,2342848
2006-11-30,79.806617,80.162129,79.806617,80.139193,1733911,2297207
2006-12-01,80.150661,80.483236,80.013043,80.357087,1707128,2293701
2006-12-04,80.311214,80.368555,80.185065,80.334151,769537,2253553
2006-12-05,80.357087,80.471768,80.150661,80.311214,1203677,2282495
2006-12-06,80.27681,80.299746,80.047448,80.09332,896812,2273612
2006-12-07,80.081852,80.21947,79.990107,80.09332,991574,2273174
2006-12-08,80.081852,80.116256,79.680468,79.714872,1519783,2223041
2006-12-11,79.714872,79.932767,79.680468,79.875426,737219,2221314
2006-12-12,79.841022,80.104788,79.818085,80.058916,873050,2257264
2006-12-13,80.058916,80.162129,79.554319,79.623128,1536614,2279495
2006-12-14,79.577255,79.703404,79.462574,79.519914,891875,2243809
2006-12-15,79.508446,80.001575,79.42817,79.508446,1567304,2291349
2006-12-18,79.508446,79.623128,79.451106,79.542851,626827,2248490
2006-12-19,79.554319,79.703404,79.313488,79.508446,944389,2256705
2006-12-20,79.519914,79.611659,79.462574,79.508446,386165,2229236
2006-12-21,79.496978,79.795149,79.474042,79.760745,687754,2196051
2006-12-22,79.737809,79.772213,79.324956,79.382297,697911,2176500
2006-12-26,79.393765,79.542851,79.347893,79.462574,179987,2149826
2006-12-27,79.462574,79.508446,79.11853,79.164403,406491,2175871
2006-12-28,79.164403,79.290552,78.820359,78.969445,532708,2207414
2006-12-29,78.969445,79.06119,78.797423,78.8777,263108,2200991
2007-01-02,78.889168,79.107062,78.8777,78.969445,374741,2217627
2007-01-03,78.980913,79.24468,78.923572,79.084126,1008780,2269031
2007-01-04,79.084126,79.393765,79.049722,79.313488,1017218,2280094
2007-01-05,79.370829,79.508446,78.8777,79.175871,1303277,2334805
2007-01-08,79.175871,79.210275,79.026785,79.129999,682796,2307039
2007-01-09,79.152935,79.198807,79.026785,79.129999,731421,2304276
2007-01-10,79.11853,79.187339,78.912104,79.038254,1238366,2307331
2007-01-11,79.015317,79.026785,78.671274,78.763019,1332631,2349453
2007-01-12,78.774487,78.808891,78.556593,78.613933,898470,2334503
2007-01-16,78.590997,78.797423,78.590997,78.705678,767175,2307887
2007-01-17,78.728614,78.808891,78.499252,78.522188,1107079,2323503
2007-01-18,78.533657,78.705678,78.338699,78.671274,1423871,2349478
2007-01-19,78.69421,78.740083,78.487784,78.568061,900180,2349907
2007-01-22,78.533657,78.69421,78.476316,78.63687,542283,2330595
2007-01-23,78.613933,78.682742,78.407507,78.45338,1024648,2397396
2007-01-24,78.430443,78.533657,78.373103,78.441912,754717,2377675
2007-01-25,78.430443,78.487784,78.097868,78.166677,1363086,2444295
2007-01-26,78.109336,78.235485,77.948783,78.120804,1247728,2369123
2007-01-29,78.120804,78.224017,78.006123,78.063464,721226,2400592
2007-01-30,78.029059,78.166677,78.029059,78.132272,707926,2411039
2007-01-31,78.143741,78.441912,78.006123,78.350167,1637635,2450802
2007-02-01,78.396039,78.63687,78.246954,78.292826,1600404,2424432
2007-02-02,78.281358,78.51072,78.212549,78.32723,1421771,2418486
2007-02-05,78.32723,78.487784,78.315762,78.418975,431068,2438866
2007-02-06,78.418975,78.659806,78.32723,78.625401,1112977,2366626
2007-02-07,78.625401,78.785955,78.556593,78.751551,1267395,2406562
2007-02-08,78.740083,78.843296,78.648338,78.774487,1035745,2383490
2007-02-09,78.763019,78.763019,78.45338,78.522188,1237726,2413037
2007-02-12,78.533657,78.556593,78.373103,78.430443,751950,2432445
2007-02-13,78.418975,78.51072,78.32723,78.384571,923316,2442424
2007-02-14,78.384571,78.831828,78.373103,78.785955,1533994,2387080
2007-02-15,78.740083,79.015317,78.682742,78.912104,1503574,2358465
2007-02-16,78.900636,79.129999,78.8777,78.969445,1033986,2316202
2007-02-20,78.957977,79.049722,78.843296,79.026785,856299,2328646
2007-02-21,79.026785,79.107062,78.820359,78.969445,1462750,2341466
2007-02-22,78.957977,78.957977,78.705678,78.774487,1647237,2376183
2007-02-23,78.751551,79.11853,78.717146,79.038254,2399255,2327445
2007-02-26,79.049722,79.30202,79.049722,79.267616,2396642,2310341
2007-02-27,79.279084,80.230938,79.256148,79.886894,4159361,2271332
2007-02-28,79.90983,79.921299,79.554319,79.703404,2737353,2234638
2007-03-01,79.623128,80.024512,79.565787,79.703404,2346202,2244460
2007-03-02,79.703404,80.001575,79.623128,79.90983,1648872,2177417
2007-03-05,80.013043,80.265342,79.829554,79.886894,1692845,2188543
2007-03-06,79.967171,79.978639,79.749277,79.818085,1584844,2162636
2007-03-07,79.806617,80.047448,79.760745,79.967171,1244455,2183517
2007-03-08,80.013043,80.03598,79.783681,79.944235,1002966,2165635
2007-03-09,79.932767,79.932767,79.42817,79.531383,1651445,2177656
2007-03-12,79.508446,79.806617,79.42817,79.714872,1021527,2214397
2007-03-13,79.680468,80.104788,79.669,80.058916,1597644,2244013
2007-03-14,80.104788,80.208001,79.863958,79.944235,1913207,2295809
2007-03-15,79.863958,79.932767,79.749277,79.875426,1161258,2296705
2007-03-16,79.85249,79.932767,79.646064,79.829554,1124550,2297203
2007-03-19,79.85249,79.898362,79.634596,79.703404,641660,2286773
2007-03-20,79.703404,79.886894,79.657532,79.806617,867306,2306291
2007-03-21,79.783681,80.058916,79.496978,80.001575,1183598,2344063
2007-03-22,79.898362,79.944235,79.600191,79.657532,1197420,2334226
2007-03-23,79.669,79.806617,79.496978,79.542851,821316,2324383
2007-03-26,79.531383,79.795149,79.416701,79.657532,991502,2383257
2007-03-27,79.588723,79.669,79.508446,79.554319,970265,2405466
2007-03-28,79.600191,79.841022,79.462574,79.542851,1605971,2419985
2007-03-29,79.542851,79.565787,79.347893,79.451106,1040405,2493005
2007-03-30,79.370829,79.795149,79.187339,79.359361,1829148,2526478
2007-04-02,79.370829,79.462574,79.324956,79.382297,685586,2523753
2007-04-03,79.393765,79.405233,79.233212,79.267616,768803,2526491
2007-04-04,79.24468,79.474042,79.221743,79.359361,925242,2509723
2007-04-05,79.359361,79.405233,79.198807,79.233212,574386,2518640
2007-04-06,79.210275,79.233212,78.785955,78.820359,574386,2518640
2007-04-09,78.808891,78.900636,78.797423,78.854764,377298,2536745
2007-04-10,78.843296,79.038254,78.843296,78.957977,659740,2560184
2007-04-11,78.957977,79.072658,78.843296,78.889168,888766,2569596
2007-04-12,78.889168,79.026785,78.854764,78.889168,815498,2585262
2007-04-13,78.8777,78.980913,78.717146,78.763019,941985,2600868
2007-04-16,78.740083,78.900636,78.659806,78.866232,936954,2608359
2007-04-17,78.866232,79.152935,78.763019,79.11853,1145672,2594911
2007-04-18,79.141467,79.336425,79.095594,79.290552,848632,2562053
2007-04-19,79.30202,79.451106,79.187339,79.256148,1205604,2628004
2007-04-20,79.267616,79.313488,79.141467,79.267616,621970,2571700
2007-04-23,79.24468,79.42817,79.164403,79.359361,770126,2576737
2007-04-24,79.382297,79.588723,79.370829,79.508446,1062785,2626143
2007-04-25,79.496978,79.565787,79.324956,79.393765,1077880,2654151
2007-04-26,79.370829,79.393765,79.11853,79.198807,1070674,2698919
2007-04-27,79.141467,79.359361,79.107062,79.152935,1135963,2685511
2007-04-30,79.175871,79.542851,79.164403,79.508446,896229,2668718
2007-05-01,79.531383,79.611659,79.279084,79.42817,1125626,2687208
2007-05-02,79.42817,79.508446,79.324956,79.393765,849175,2714331
2007-05-03,79.405233,79.542851,79.141467,79.233212,1280426,2777819
2007-05-04,79.233212,79.474042,78.946509,79.42817,1183191,2753579
2007-05-07,79.42817,79.496978,79.336425,79.439638,541077,2741380
2007-05-08,79.462574,79.577255,79.439638,79.462574,884954,2767295
2007-05-09,79.451106,79.496978,79.221743,79.233212,840772,2766664
2007-05-10,79.24468,79.405233,79.175871,79.370829,1170042,2776228
2007-05-11,79.393765,79.634596,79.210275,79.24468,1458619,2803894
2007-05-14,79.221743,79.256148,79.107062,79.152935,863675,2850758
2007-05-15,79.11853,79.233212,78.957977,79.038254,1725389,2931676
2007-05-16,79.06119,79.175871,78.992381,79.038254,1054607,2971785
2007-05-17,79.026785,79.084126,78.785955,78.797423,1452481,2973744
2007-05-18,78.843296,78.889168,78.51072,78.568061,1415773,2986063
2007-05-21,78.568061,78.659806,78.487784,78.63687,1098940,3002015
2007-05-22,78.63687,78.659806,78.418975,78.441912,1497243,2987289
2007-05-23,78.430443,78.487784,78.224017,78.315762,2035774,3042499
2007-05-24,78.361635,78.430443,78.097868,78.304294,2671042,3117281
2007-05-25,78.361635,78.430443,78.212549,78.281358,1762771,3004203
2007-05-29,78.28136,78.315769,78.120783,78.166662,2768079,2967165
2007-05-30,78.143722,78.361648,78.132252,78.166662,3441711,2885844
2007-05-31,78.201071,78.24695,77.937266,78.086373,2243947,2813132
2007-06-01,78.074903,78.166662,77.70787,77.753749,2321428,2827194
2007-06-04,77.765219,77.879917,77.71934,77.856977,1303763,2813147
2007-06-05,77.834038,77.879917,77.535823,77.627581,2058025,2786931
2007-06-06,77.558763,77.742279,77.547293,77.70787,1600691,2752630
2007-06-07,77.71934,77.753749,76.962333,77.13438,2876590,2819061
2007-06-08,76.973803,77.12291,76.434723,77.042622,2516561,2881922
2007-06-11,77.031152,77.077031,76.859105,76.973803,1169655,2906665
2007-06-12,76.870575,76.916454,76.205327,76.469132,2268196,2958531
2007-06-13,76.239736,76.652649,76.079159,76.618239,2610747,2966034
2007-06-14,76.57236,76.767347,76.365904,76.537951,1716299,2912841
2007-06-15,76.526481,76.893514,76.411783,76.801756,1498517,2868530
2007-06-18,76.813226,76.973803,76.675588,76.939394,984055,2878057
2007-06-19,76.962333,77.329367,76.882045,77.249078,1339823,2900515
2007-06-20,77.272018,77.386716,76.939394,77.042622,1495138,2925575
2007-06-21,77.031152,77.12291,76.755877,76.893514,1458985,2878002
2007-06-22,76.801756,77.111441,76.709998,77.054092,1351119,2835971
2007-06-25,77.099971,77.409655,77.088501,77.375246,1399919,2813619
2007-06-26,77.363776,77.467004,77.203199,77.272018,1394567,2798607
2007-06-27,77.375246,77.661991,77.306427,77.432595,1529658,2802821
2007-06-28,77.375246,77.386716,77.180259,77.226138,1181779,2812969
2007-06-29,77.237608,77.661991,77.203199,77.593172,1173122,2794905
2007-07-02,77.581702,77.822568,77.547293,77.765219,883727,2769134
2007-07-03,77.788159,77.834038,77.489944,77.512883,753250,2792779
2007-07-05,77.421125,77.444065,76.985273,77.031152,1252015,2858559
2007-07-06,77.019682,77.12291,76.744407,76.790286,1388720,2877414
2007-07-09,76.824696,77.042622,76.778816,76.962333,746657,2881357
2007-07-10,77.019682,77.639051,76.973803,77.535823,2054570,2860122
2007-07-11,77.604642,77.822568,77.294957,77.386716,2034256,2911807
2007-07-12,77.306427,77.547293,77.065561,77.16879,1483657,2931727
2007-07-13,77.111441,77.352306,77.031152,77.191729,1190849,2905692
2007-07-16,77.226138,77.547293,77.203199,77.524353,998745,2879588
2007-07-17,77.524353,77.547293,77.226138,77.329367,1488185,2881920
2007-07-18,77.501414,77.788159,77.363776,77.6964,1823888,2908219
2007-07-19,77.581702,77.673461,77.386716,77.616112,1043405,2828378
2007-07-20,77.661991,78.155192,77.581702,77.983145,1837663,2854075
2007-07-23,78.040494,78.120783,77.879917,77.937266,882946,2841347
2007-07-24,77.994615,78.224011,77.879917,78.063434,1333207,2824240
2007-07-25,78.212541,78.315769,78.029024,78.24695,1649315,2850149
2007-07-26,78.212541,79.003957,78.143722,78.935138,2877172,2930996
2007-07-27,78.923668,79.164534,78.705742,78.83191,2205429,2843113
2007-07-30,78.969548,79.049836,78.625454,78.705742,1483246,2922465
2007-07-31,78.694272,79.015427,78.407528,78.85485,1966609,2949093
2007-08-01,79.026897,79.256292,78.705742,78.877789,2101145,2995660
2007-08-02,78.797501,78.935138,78.636923,78.889259,1406236,3025184
2007-08-03,78.797501,79.348051,78.751621,79.187474,1743275,3049748
2007-08-06,79.302172,79.38246,78.923668,79.038366,1231565,3055583
2007-08-07,78.981017,79.233353,78.740152,78.958078,1311397,3070433
2007-08-08,78.84338,78.84338,78.28136,78.441937,1750509,3064264
2007-08-09,78.315769,79.072776,78.304299,78.82044,1958277,3079045
2007-08-10,78.900729,79.244823,78.717212,78.900729,1518233,2971915
2007-08-13,78.740152,79.038366,78.613984,78.935138,1075549,2864200
2007-08-14,79.003957,79.221883,78.705742,79.187474,1546810,2922209
2007-08-15,79.221883,79.520098,79.107185,79.41687,1675485,2925834
2007-08-16,79.439809,80.208286,79.39393,79.910071,2105783,2968077
2007-08-17,79.669205,80.013299,79.37099,79.715084,1411866,2890753
2007-08-20,79.646266,79.990359,79.543037,79.852722,1015806,2825143
2007-08-21,79.898601,80.231225,79.818312,80.070648,1453683,2793896
2007-08-22,80.059178,80.070648,79.611856,79.898601,1302643,2753324
2007-08-23,79.703614,79.93301,79.41687,79.875661,1357839,2712186
2007-08-24,79.726554,79.95595,79.692145,79.760963,1390804,2562288
2007-08-27,79.772469,80.060082,79.634415,79.887514,1283495,2601950
2007-08-28,80.048578,80.520264,80.00256,80.38221,2306723,2542164
2007-08-29,80.531769,80.6123,80.12911,80.25566,2242716,2453313
2007-08-30,80.186632,80.600796,80.163623,80.577787,2593993,2397447
2007-08-31,80.48575,80.543273,80.083092,80.290173,1198137,2346114
2007-09-04,80.347696,80.543273,80.152119,80.290173,1273784,2311055
2007-09-05,80.244155,80.830886,80.209641,80.784868,1567768,2335666
2007-09-06,80.819382,80.842391,80.543273,80.623805,1347801,2296131
2007-09-07,80.566282,81.440627,80.543273,81.394609,1600583,2318145
2007-09-10,81.383104,81.705231,81.279563,81.567177,1204537,2348202
2007-09-11,81.544168,81.555672,81.233545,81.302573,1063318,2300936
2007-09-12,81.24505,81.49815,81.037968,81.106995,1174540,2284921
2007-09-13,81.083986,81.222041,80.646814,80.73885,1266248,2226198
2007-09-14,80.853896,81.176023,80.669823,80.8654,1364559,2241034
2007-09-17,80.876905,80.99195,80.669823,80.819382,823168,2246504
2007-09-18,80.819382,81.060977,80.520264,80.888409,1206502,2212006
2007-09-19,80.899914,80.922923,80.428228,80.692832,1414926,2255834
2007-09-20,80.623805,80.658318,79.806983,79.991055,1609523,2263941
2007-09-21,79.818487,80.221146,79.818487,80.175128,1134788,2172858
2007-09-24,80.014064,80.244155,80.014064,80.209641,825870,2238832
2007-09-25,80.140614,80.543273,80.12911,80.290173,1063710,2241662
2007-09-26,80.244155,80.3592,80.037073,80.290173,984279,2279222
2007-09-27,80.290173,80.566282,80.106101,80.531769,1030211,2292573
2007-09-28,80.566282,80.761859,80.347696,80.462741,1106642,2289478
2007-10-01,80.416723,80.669823,80.3592,80.508759,958931,2327972
2007-10-02,80.566282,80.842391,80.38221,80.704337,1125717,2390348
2007-10-03,80.73885,80.876905,80.439732,80.600796,1130275,2403153
2007-10-04,80.497255,80.773364,80.416723,80.715841,778054,2420158
2007-10-05,80.750355,80.773364,80.00256,80.083092,778054,2420158
2007-10-09,80.094596,80.244155,79.922028,80.014064,780652,2452295
2007-10-10,79.968046,80.186632,79.853001,80.037073,952651,2461286
2007-10-11,80.037073,80.140614,79.737955,80.00256,1269710,2483100
2007-10-12,80.117605,80.140614,79.795478,79.864505,1119276,2499075
2007-10-15,79.818487,80.00256,79.668928,79.979551,859816,2509983
2007-10-16,79.910523,80.198137,79.853001,80.106101,1053702,2510629
2007-10-17,80.106101,80.761859,80.071587,80.669823,1599845,2557065
2007-10-18,80.646814,80.957436,80.554778,80.911418,1130212,2521725
2007-10-19,80.899914,81.555672,80.899914,81.406113,1493853,2569976
2007-10-22,81.475141,81.647709,81.153014,81.383104,1380510,2559751
2007-10-23,81.302573,81.452132,81.130004,81.3716,1116084,2564879
2007-10-24,81.383104,81.877799,81.360095,81.75125,1673339,2568467
2007-10-25,81.647709,81.785763,81.463636,81.6247,1260758,2572540
2007-10-26,81.49815,81.659213,81.302573,81.463636,1119330,2505679
2007-10-29,81.429122,81.567177,81.24505,81.475141,579218,2544723
2007-10-30,81.463636,81.521159,81.337086,81.475141,720173,2546544
2007-10-31,81.486645,81.49815,80.957436,81.003455,1305764,2509146
2007-11-01,80.945932,81.72824,80.796373,81.578681,1850343,2625945
2007-11-02,81.590186,82.050368,81.279563,81.98134,2138224,2565320
2007-11-05,81.843286,82.061872,81.659213,81.843286,1185553,2581564
2007-11-06,81.762754,81.877799,81.521159,81.636204,1359536,2680029
2007-11-07,81.555672,81.946827,81.521159,81.85479,1669740,2741150
2007-11-08,81.969836,82.257449,81.820277,82.188422,1747762,2785544
2007-11-09,82.10789,82.48754,82.015854,82.453026,1747762,2785544
2007-11-13,82.533558,82.579576,82.165413,82.257449,1181740,2732535
2007-11-14,82.188422,82.268954,81.923818,82.165413,1260161,2709490
2007-11-15,82.257449,82.855685,82.142404,82.74064,1607619,2687606
2007-11-16,82.844181,82.924712,82.591081,82.798163,1364353,2700981
2007-11-19,82.625594,83.419408,82.602585,83.212326,1673793,2680543
2007-11-20,83.212326,83.442417,82.924712,83.315867,1715922,2539101
2007-11-21,83.108785,83.741535,83.097281,83.488435,1310464,2697674
2007-11-23,83.545958,83.661003,83.338876,83.534453,381954,2652084
2007-11-26,83.43031,84.633743,83.268309,84.367599,2470014,2632124
2007-11-27,84.402314,84.460171,83.534453,83.90474,3304406,2618860
2007-11-28,83.812169,83.939455,83.34931,83.476596,2603245,2600690
2007-11-29,83.43031,84.113027,83.268309,83.881597,3521817,2645560
2007-11-30,83.974169,84.089884,83.407167,83.835312,2114403,2566828
2007-12-03,83.939455,84.552743,83.870026,84.344456,1655373,2555117
2007-12-04,84.483314,84.668458,84.194027,84.379171,1282584,2533467
2007-12-05,84.344456,84.518028,84.008884,84.379171,1460427,2533544
2007-12-06,84.05517,84.205599,83.812169,83.974169,1237004,2510197
2007-12-07,83.939455,84.032027,83.222024,83.360881,1510589,2496470
2007-12-10,83.407167,83.66174,83.060023,83.222024,1046701,2422397
2007-12-11,83.164166,84.356028,83.152595,84.13617,1175850,2417827
2007-12-12,84.205599,84.21717,82.921165,83.650168,1595349,2362634
2007-12-13,83.638597,83.812169,83.025309,83.233595,1244227,2353159
2007-12-14,83.013737,83.198881,82.747593,82.909594,946991,2334902
2007-12-17,82.840165,83.43031,82.817022,83.175738,599707,2283506
2007-12-18,83.407167,83.708025,83.175738,83.557596,851890,2252548
2007-12-19,83.51131,84.194027,83.314595,83.835312,1010664,2239403
2007-12-20,84.066741,84.29817,83.812169,84.066741,680853,2188406
2007-12-21,83.916312,83.962598,83.222024,83.268309,563989,2138195
2007-12-24,83.279881,83.279881,82.95588,83.013737,124730,2147811
2007-12-26,83.094737,83.152595,82.574021,82.64345,201674,2139246
2007-12-27,82.620307,83.198881,82.620307,83.106309,381322,2150121
2007-12-28,83.129452,83.90474,83.106309,83.615454,403331,2117771
2007-12-31,83.696454,84.101455,83.66174,83.974169,193614,2122722
2008-01-02,84.008884,84.795744,83.731168,84.714743,825886,2179546
2008-01-03,84.645315,84.853601,84.367599,84.680029,930673,2224803
2008-01-04,84.737886,85.339603,84.6106,85.154459,1255612,2280560
2008-01-07,85.050316,85.351174,84.92303,85.281746,1084837,2267999
2008-01-08,85.270174,85.686747,84.934601,85.281746,1235459,2287145
2008-01-09,85.62889,85.70989,85.258603,85.513175,1190026,2276190
2008-01-10,85.31646,85.501603,84.980887,85.027173,1406166,2338098
2008-01-11,85.073459,85.640461,85.015602,85.490032,1139643,2395175
2008-01-14,85.547889,85.733033,85.409032,85.536318,779899,2399363
2008-01-15,85.524746,86.172749,85.524746,85.976034,1317353,2450212
2008-01-16,86.18432,86.427321,85.744604,85.929748,1561639,2397585
2008-01-17,85.802462,86.519893,85.70989,86.311607,1531629,2495097
2008-01-18,86.438893,86.508322,86.080177,86.404178,1890945,2554593
2008-01-22,87.040609,87.769612,86.693465,87.260467,2088539,2571946
2008-01-23,86.681894,88.197756,86.624036,87.538182,2331085,2644303
2008-01-24,86.681894,87.20261,85.918176,86.404178,1926768,2646513
2008-01-25,86.033891,86.820751,85.721461,86.681894,1632326,2519790
2008-01-28,86.762894,87.017466,86.462036,86.647179,907475,2528538
2008-01-29,86.600893,86.751322,86.068606,86.300035,1024938,2538452
2008-01-30,86.10332,86.508322,85.744604,85.906605,1168517,2538528
2008-01-31,86.473607,86.89018,86.288464,86.438893,1439822,2545259
2008-02-01,86.635608,87.075324,86.288464,86.681894,1651465,2588234
2008-02-04,86.681894,86.693465,86.346321,86.508322,772717,2517706
2008-02-05,86.473607,87.225753,86.427321,86.97118,1349159,2565657
2008-02-06,87.063752,87.237324,86.762894,86.878609,1030727,2546195
2008-02-07,87.005895,87.248896,85.860319,86.300035,1555893,2579070
2008-02-08,86.080177,86.80918,86.080177,86.705037,1150074,2556953
2008-02-11,86.739751,87.12161,86.554607,86.89018,988962,2514422
2008-02-12,86.936466,86.982752,86.276892,86.566179,1368391,2582218
2008-02-13,86.693465,86.820751,86.369464,86.635608,1366363,2585258
2008-02-14,86.485179,86.624036,85.895034,86.080177,1607189,2619716
2008-02-15,86.126463,86.450464,85.964462,86.230606,986999,2562168
2008-02-19,86.10332,86.219035,85.409032,85.62889,1801905,2586752
2008-02-20,85.513175,85.79089,85.270174,85.385889,2040344,2520619
2008-02-21,85.513175,86.450464,85.513175,86.265321,1822423,2489547
2008-02-22,86.334749,86.554607,86.080177,86.276892,1338970,2383565
2008-02-25,86.172749,86.172749,85.536318,85.62889,1655461,2460413
2008-02-26,85.60549,85.944823,85.465076,85.827811,2238078,2459831
2008-02-27,85.886317,86.319259,85.757605,85.874616,2628039,2442382
2008-02-28,85.816148,86.997925,85.80439,86.693695,2628039,2442382
2008-02-29,87.05643,87.945716,87.044729,87.828705,1834884,2347806
2008-03-03,87.898912,87.945716,87.454269,87.770199,1205586,2363105
2008-03-04,87.653188,88.039325,87.302154,87.641487,1367789,2349750
2008-03-05,87.606384,87.618085,87.05643,87.16174,1730074,2299766
2008-03-06,87.103235,87.711694,87.103235,87.442568,1373245,2236689
2008-03-07,87.629786,88.29675,87.419165,87.98082,1407149,2215453
2008-03-10,88.074429,88.659486,87.969119,88.542474,1035842,2212737
2008-03-11,88.460566,88.928612,87.36066,87.536177,1493075,2198399
2008-03-12,87.524476,88.589279,87.407464,88.29675,1148330,2194757
2008-03-13,88.390359,88.893508,88.039325,88.226544,1436948,2189234
2008-03-14,88.320153,89.396657,88.168038,89.186037,1541332,2175037
2008-03-17,89.162634,89.888104,88.91691,89.73599,1066278,2189648
2008-03-18,89.642381,89.73599,88.893508,89.057324,1132513,2175777
2008-03-19,88.905209,89.73599,88.858405,89.583875,1235451,2186877
2008-03-20,89.665783,89.8413,89.43176,89.73599,602756,2069835
2008-03-24,89.53707,89.53707,88.238245,88.530773,556949,2090266
2008-03-25,88.343555,88.881807,88.320153,88.764796,683718,2066332
2008-03-26,88.694589,89.080726,88.60098,88.858405,711795,2070059
2008-03-27,89.045623,89.092427,88.425463,88.636083,939755,2068259
2008-03-28,88.636083,89.069025,88.402061,88.893508,574711,2068094
2008-03-31,89.01052,89.373255,88.870106,89.080726,730597,2054139
2008-04-01,89.127531,89.186037,87.910613,88.156337,1136787,2068177
2008-04-02,88.027624,88.261647,87.711694,87.934015,951816,2069553
2008-04-03,87.87551,88.355256,87.781901,87.934015,719754,2042121
2008-04-04,88.004222,88.764796,87.840406,88.60098,1028504,2064160
2008-04-07,88.647784,88.647784,87.629786,87.98082,682522,2054858
2008-04-08,88.039325,88.331854,87.887211,87.969119,620478,2042618
2008-04-09,87.887211,88.694589,87.758498,88.507371,620478,2042618
2008-04-10,88.472267,88.694589,87.863808,88.027624,875852,2072756
2008-04-11,87.945716,88.694589,87.863808,88.519072,782407,2065445
2008-04-14,88.577578,88.858405,88.203141,88.308452,746227,2072198
2008-04-15,88.29675,88.542474,87.746797,87.922314,950949,2093160
2008-04-16,87.758498,87.969119,87.208545,87.313855,1089049,2103664
2008-04-17,87.290453,87.46597,86.927718,87.138338,29604,2079093
2008-04-18,87.173442,87.290453,86.307558,86.974522,19276,2078590
2008-04-21,87.033028,87.243648,86.799005,87.16174,935724,2078590
2008-04-22,87.079833,87.278752,86.834109,87.05643,847134,2074224
2008-04-23,87.079833,87.243648,86.7405,86.927718,782203,2062585
2008-04-24,86.892614,87.044729,86.143742,86.354362,120146,2075792
2008-04-25,86.342661,86.447971,85.839512,86.167144,863940,2038609
2008-04-28,86.366063,86.401167,86.12034,86.377765,547376,2072479
2008-04-29,86.366063,86.717097,86.307558,86.412868,650483,2078275
2008-04-30,86.424569,86.892614,86.073535,86.728799,865908,2100266
2008-05-01,86.822408,87.138338,86.506477,86.670293,804415,2085989
2008-05-02,86.54158,86.95112,85.851214,86.096937,168174,2119643
2008-05-05,86.061834,86.447971,85.874616,86.178845,608819,2113437
2008-05-06,86.085236,86.471374,85.827811,86.003328,790807,2107485
2008-05-07,85.874616,86.342661,85.7108,86.202248,971001,2107368
2008-05-08,86.295857,86.892614,86.202248,86.717097,116796,2111657
2008-05-09,86.775603,87.173442,86.763902,86.916017,876950,2067884
2008-05-12,86.95112,87.126637,86.705396,86.892614,693295,2080000
2008-05-13,86.752201,87.021327,85.991627,86.061834,1206555,2113775
2008-05-14,86.015029,86.284155,85.60549,85.792708,1449229,2138075
2008-05-15,85.933122,86.471374,85.663995,86.33096,1206358,2174720
2008-05-16,86.424569,86.717097,85.991627,86.284155,1323091,2177388
2008-05-19,86.284155,86.564983,86.096937,86.424569,913555,2158451
2008-05-20,86.412868,86.869212,86.272454,86.84581,1315509,2170111
2008-05-21,86.84581,86.916017,86.447971,86.600086,1369568,2184605
2008-05-22,86.635189,86.728799,85.734202,85.92142,1541275,2196562
2008-05-23,85.909719,86.54158,85.734202,86.506477,235119,2057108
2008-05-27,86.447235,86.470932,85.878503,85.985141,1899382,2167967
2008-05-28,85.985141,86.127324,85.262377,85.416409,2552452,2214314
2008-05-29,85.380863,85.440106,84.587008,85.049103,3007563,2206725
2008-05-30,85.037254,85.428257,85.025406,85.23868,1364043,2166993
2008-06-02,85.143892,86.044384,85.108346,85.914049,482021,2135002
2008-06-03,85.914049,86.66051,85.594138,86.553872,810125,2154602
2008-06-04,86.553872,86.802693,86.091778,86.387992,1609057,2093293
2008-06-05,86.233961,86.340598,85.677078,85.878503,1161425,2096191
2008-06-06,85.807412,86.648661,85.357166,86.447235,1314245,2053882
2008-06-09,86.613115,86.790844,85.641532,85.902201,1188167,2044695
2008-06-10,85.748169,85.878503,85.049103,85.15574,1005145,2031207
2008-06-11,85.108346,85.771866,84.930617,85.357166,1084712,2018810
2008-06-12,85.345317,85.451955,84.361885,84.539614,1127680,2012555
2008-06-13,84.480371,84.883223,84.184157,84.290794,1016396,2021232
2008-06-16,84.397431,84.693646,84.290794,84.444825,657345,1970080
2008-06-17,84.302642,84.930617,84.302642,84.74104,951330,1964906
2008-06-18,84.82398,85.380863,84.6581,85.23868,960393,1934866
2008-06-19,85.357166,85.665229,84.717343,84.82398,1002445,1941456
2008-06-20,84.895071,85.428257,84.835828,85.297923,857213,1887989
2008-06-23,85.096497,85.40456,85.025406,85.120194,654973,1875963
2008-06-24,85.120194,85.783715,85.013557,85.641532,863361,1883428
2008-06-25,85.724472,85.760018,84.98986,85.523046,923375,1866745
2008-06-26,85.641532,86.305052,85.428257,86.186567,1056941,1865870
2008-06-27,86.174718,86.601267,86.079929,86.316901,963873,1824152
2008-06-30,86.376144,86.57757,86.127324,86.387992,901543,1843767
2008-07-01,86.364295,86.897481,86.222112,86.352447,1232204,1847670
2008-07-02,86.364295,86.648661,86.091778,86.613115,958612,1847675
2008-07-03,86.636813,86.873784,86.352447,86.719753,921134,1823288
2008-07-04,86.672358,87.169999,86.636813,86.719753,944423,1831823
2008-07-07,86.897481,87.549153,86.57757,87.087059,991694,1852057
2008-07-08,87.181847,87.48991,87.027816,87.383273,976556,1839501
2008-07-09,87.300333,87.786125,87.087059,87.584699,931204,1842299
2008-07-10,87.715033,87.869065,87.442516,87.715033,1079159,1803786
2008-07-11,87.703185,87.797973,86.601267,86.767147,1391070,1801647
2008-07-14,86.565721,87.501759,86.281355,87.181847,1229533,1824791
2008-07-15,87.288484,88.011248,87.169999,87.525456,1203844,1807915
2008-07-16,87.65579,87.786125,86.933027,87.110756,1170056,1802731
2008-07-17,87.07521,87.205544,86.245809,86.364295,1171172,1826483
2008-07-18,86.624964,86.790844,86.020686,86.151021,1086253,1817274
2008-07-21,86.139172,86.49463,85.937746,86.269507,718600,1783336
2008-07-22,86.387992,86.66051,85.878503,86.044384,884102,1769628
2008-07-23,85.985141,86.008838,85.57044,85.700775,969531,1748961
2008-07-24,85.866655,86.672358,85.783715,86.565721,999888,1732230
2008-07-25,86.613115,86.82639,85.973292,86.020686,1107446,1716448
2008-07-28,86.008838,86.802693,85.985141,86.648661,807270,1748916
2008-07-29,86.790844,86.802693,86.210264,86.530175,855051,1764934
2008-07-30,86.565721,86.755298,86.068081,86.530175,1062028,1770358
2008-07-31,86.542024,87.312182,86.423538,87.07521,1156513,1776480
2008-08-01,87.229241,87.430667,86.885633,87.229241,1041575,1780635
2008-08-04,87.276636,87.442516,87.039664,87.087059,700342,1809745
2008-08-05,87.134453,87.217393,86.838238,86.980421,694344,1816113
2008-08-06,86.861936,87.134453,86.49463,86.814541,973526,1841348
2008-08-07,86.778995,87.774276,86.778995,87.65579,1141216,1874771
2008-08-08,87.691336,87.797973,87.40697,87.442516,832130,1823525
2008-08-11,87.549153,87.679488,86.850087,87.110756,657519,1813802
2008-08-12,87.087059,87.833519,87.07521,87.750579,830937,1858002
2008-08-13,87.809822,87.975702,87.395122,87.513607,839055,1837527
2008-08-14,87.549153,87.928308,87.347727,87.82167,796017,1856342
2008-08-15,87.82167,88.307462,87.703185,88.034945,612836,1859796
2008-08-18,88.117885,88.331159,87.975702,88.260068,492026,1862144
2008-08-19,88.248219,88.473342,88.070491,88.165279,840310,1902219
2008-08-20,88.212674,88.603677,88.034945,88.461494,854006,1886423
2008-08-21,88.414099,88.615525,88.058642,88.200825,945113,1888355
2008-08-22,88.236371,88.319311,87.786125,87.975702,1018764,1709187
2008-08-25,87.987551,88.757708,87.928308,88.57998,1178924,1809487
2008-08-26,88.615904,88.759605,88.376401,88.568003,1447986,1779757
2008-08-27,88.591954,88.843431,88.196775,88.74763,2157563,1867097
2008-08-28,88.759605,88.795531,88.388377,88.663804,1981329,1832281
2008-08-29,88.759605,88.855406,88.172824,88.520103,1034133,1809584
2008-09-02,88.520103,89.142809,88.124924,89.070959,1402395,1803272
2008-09-03,89.058983,89.406262,88.939232,89.370337,988029,1790339
2008-09-04,89.274536,89.741565,89.118859,89.621814,952963,1740919
2008-09-05,89.777491,90.244521,89.023058,89.382312,1312932,1711420
2008-09-08,88.735655,89.334411,87.945297,89.226635,1421196,1705141
2008-09-09,89.178735,89.753541,88.783556,89.609839,1170132,1709915
2008-09-10,89.72959,89.801441,89.023058,89.298486,1297372,1717191
2008-09-11,89.298486,89.921192,89.21466,89.430212,1277559,1719029
2008-09-12,89.262561,89.573914,88.735655,88.891332,1320041,1719619
2008-09-15,89.909217,90.986978,89.573914,90.460073,1243359,1677094
2008-09-16,90.903152,91.477958,89.825391,90.208595,1563017,1722365
2008-09-17,90.472048,91.250431,89.72959,90.867227,1207269,1677561
2008-09-18,90.807351,91.190555,90.064894,90.807351,1177566,1635562
2008-09-19,90.19662,90.208595,88.220725,88.627879,1215187,1651256
2008-09-22,88.352451,88.627879,87.76567,88.244675,828025,1614111
2008-09-23,88.220725,88.508128,87.813571,88.029123,909352,1588837
2008-09-24,88.029123,88.639854,87.813571,88.316526,738130,1548670
2008-09-25,88.124924,88.25665,87.382466,87.633944,870796,1553423
2008-09-26,87.705795,88.196775,87.609994,87.993198,607199,1515316
2008-09-29,87.753695,90.436122,87.586043,89.346386,957125,1470177
2008-09-30,89.370337,89.514038,87.705795,87.849496,804460,1515264
2008-10-01,87.933322,88.891332,87.813571,88.20875,788154,1502213
2008-10-02,88.2806,88.711705,88.017148,88.520103,726153,1469013
2008-10-03,88.615904,89.23861,87.933322,88.903307,915342,1461475
2008-10-06,89.23861,90.472048,89.19071,90.412172,824590,1430693
2008-10-07,90.064894,90.112794,89.322436,89.777491,863298,1456547
2008-10-08,89.777491,90.484023,87.562093,88.088999,1375942,1435624
2008-10-09,88.412327,88.448252,86.987287,87.011238,792911,1397069
2008-10-10,87.562093,88.088999,86.328656,87.023213,792911,1397069
2008-10-13,86.711859,86.711859,85.981377,86.220879,654950,1335665
2008-10-14,85.993352,86.484332,85.502372,85.945452,583561,1415967
2008-10-15,85.658049,86.208904,85.454472,85.813725,594368,1424639
2008-10-16,86.149029,86.436432,85.370646,86.065203,703425,1416448
2008-10-17,85.921501,86.520258,85.430521,85.7778,571592,1386511
2008-10-20,85.897551,86.843586,85.526322,86.616059,472615,1394092
2008-10-21,86.747785,87.78962,86.628034,87.753695,588491,1369470
2008-10-22,87.562093,88.400352,87.514193,88.328501,575203,1365456
2008-10-23,88.2806,88.879357,87.897397,88.783556,669035,1347101
2008-10-24,88.088999,89.286511,88.041098,88.2327,585720,1337308
2008-10-27,88.400352,88.867381,87.933322,88.2327,453267,1319404
2008-10-28,88.328501,88.484178,87.442342,87.645919,606317,1304515
2008-10-29,87.609994,88.268625,87.262715,87.418392,556387,1280232
2008-10-30,87.574068,87.609994,86.855561,87.047163,491222,1269490
2008-10-31,86.891486,87.897397,86.628034,86.663959,604414,1287594
2008-11-03,86.687909,87.29864,86.496307,87.214815,313152,1262620
2008-11-04,87.202839,88.472202,86.891486,88.2327,454148,1241467
2008-11-05,88.316526,88.711705,87.921347,88.484178,538406,1249809
2008-11-06,88.424302,88.879357,87.933322,88.484178,487432,1249920
2008-11-07,88.579979,88.867381,87.993198,88.1848,327660,1271396
2008-11-10,87.969247,88.69973,87.669869,88.544053,99972,1246600
2008-11-11,88.544053,89.023058,88.496153,88.903307,99272,1242042
2008-11-12,88.69973,89.585889,88.591954,89.406262,640800,1237229
2008-11-13,89.514038,89.909217,88.843431,89.21466,486730,1215137
2008-11-14,88.999108,90.052919,88.987133,89.609839,404670,1212582
2008-11-17,89.969093,90.19662,89.633789,90.016993,421863,1211809
2008-11-18,90.136744,90.927102,90.100819,90.795376,808190,1225952
2008-11-19,90.747476,91.66956,90.723525,91.394132,805029,1244766
2008-11-20,91.62166,93.346077,91.442033,92.519794,1160450,1248203
2008-11-21,93.034724,93.106575,91.897087,92.340167,807611,1132623
2008-11-24,92.004863,92.256341,91.382157,91.501908,877792,1235244
2008-11-25,91.561784,93.310152,91.525859,92.867072,1450896,1243241
2008-11-26,92.891415,93.97452,92.660191,93.755465,953939,1205059
2008-11-28,93.52424,94.37612,93.341695,94.217914,298051,1146547
2008-12-01,94.157065,96.031201,94.084047,95.434885,816794,1148224
2008-12-02,95.398376,95.897334,95.033285,95.6296,624251,1113411
2008-12-03,95.739128,96.384123,95.24017,96.165068,562059,1114091
2008-12-04,96.238086,97.029117,96.019031,96.858741,523290,1097227
2008-12-05,96.834402,97.077796,95.507903,95.836486,602334,1088624
2008-12-08,95.678279,96.019031,94.935927,95.617431,389612,1092438
2008-12-09,95.678279,96.347614,95.252339,96.06771,373543,1095192
2008-12-10,96.165068,96.213747,95.081963,95.64177,450066,1086170
2008-12-11,95.556582,96.822232,95.410546,96.554499,548853,1088914
2008-12-12,96.785723,97.686282,95.6296,96.846572,567899,1087896
2008-12-15,96.810063,97.540245,96.603177,97.138645,284661,1079374
2008-12-16,97.248172,99.03712,97.102136,98.62335,379287,1100944
2008-12-17,98.891083,100.010697,98.684198,99.341363,447691,1116089
2008-12-18,99.414381,100.241921,99.158817,99.694284,237765,1076925
2008-12-19,99.669945,99.87683,98.757217,98.903253,140930,1068964
2008-12-22,98.805895,99.268345,98.635519,98.854574,123990,1050354
2008-12-23,98.757217,99.122308,98.574671,99.02495,26576,1034038
2008-12-24,98.818065,99.207496,97.893167,98.696368,33032,1022874
2008-12-26,98.635519,99.207496,98.635519,99.170987,94278,1037676
2008-12-29,99.097969,99.937679,99.012781,99.499569,112030,1032405
2008-12-30,99.390042,99.682115,98.830235,99.146647,107850,1032011
2008-12-31,99.43872,99.487399,97.7593,97.941846,199890,1029929
2009-01-02,98.392125,98.732877,96.773553,96.810063,384190,1031881
2009-01-05,96.968269,97.187324,96.286765,96.712705,410910,1039584
2009-01-06,96.858741,97.284681,96.019031,96.858741,357910,1037602
2009-01-07,97.187324,97.260342,96.591008,96.956099,468950,1035287
2009-01-08,96.834402,97.893167,96.785723,97.601094,466330,1026946
2009-01-09,97.515906,98.404295,97.260342,97.78364,482601,1018986
2009-01-12,97.844488,98.392125,97.442888,98.392125,318333,1024563
2009-01-13,98.319107,98.416465,97.941846,98.306937,475330,1023513
2009-01-14,98.355616,99.292684,97.990525,98.891083,508430,1025863
2009-01-15,99.012781,99.317023,98.696368,98.927593,482310,1020270
2009-01-16,98.805895,98.818065,97.674112,98.550331,514082,1030170
2009-01-20,98.002694,98.465143,96.968269,98.343446,473030,1038429
2009-01-21,98.112222,98.112222,97.029117,97.162984,500066,1026568
2009-01-22,97.102136,97.406378,96.347614,96.688365,686888,1033055
2009-01-23,96.773553,97.175154,96.05554,96.50582,599283,1023193
2009-01-26,96.49365,96.664026,95.933843,96.311104,426250,1033842
2009-01-27,96.262426,97.162984,96.06771,97.138645,569840,1028734
2009-01-28,96.956099,97.309021,96.250256,96.457141,567570,1062365
2009-01-29,96.420632,96.615347,95.288849,95.66611,559630,1076585
2009-01-30,95.434885,96.250256,95.374037,95.544412,381390,1060707
2009-02-02,95.532243,96.517989,95.495734,96.359783,394405,1072574
2009-02-03,96.432802,96.444971,95.106303,95.447055,498519,1063408
2009-02-04,95.167151,95.447055,94.656023,95.106303,634574,1060784
2009-02-05,94.996775,95.605261,94.923757,95.313188,498901,1024217
2009-02-06,95.24017,95.471394,94.692533,94.887248,519291,1063250
2009-02-09,94.875078,95.045454,94.473478,94.680363,371346,1046791
2009-02-10,94.78989,96.128559,94.704702,95.872995,747584,1050196
2009-02-11,95.994692,96.530159,95.860825,96.323274,593044,1060733
2009-02-12,96.335444,96.834402,96.213747,96.700535,512100,1060323
2009-02-13,96.298935,96.457141,95.434885,95.568752,519051,1043117
2009-02-17,95.812146,97.102136,95.507903,96.91959,710210,1063939
2009-02-18,97.004778,97.187324,95.994692,96.323274,785220,1049593
2009-02-19,96.07988,96.298935,95.21583,95.434885,833460,1003912
2009-02-20,95.495734,96.700535,95.459225,96.043371,847310,956853
2009-02-23,95.872995,96.116389,95.301018,95.933843,1008800,967894
2009-02-24,95.982522,96.420632,95.580922,95.690449,1413500,871068
2009-02-25,95.64177,95.848655,94.668193,94.729042,1446400,1021947
2009-02-26,94.951441,95.099706,94.308958,94.951441,1543164,1036236
2009-02-27,94.827886,95.51979,94.667266,94.914374,896011,1010339
2009-03-02,95.08735,96.261116,95.074995,95.964585,754840,1021112
2009-03-03,96.174628,96.24876,95.581567,95.692766,735210,995973
2009-03-04,95.989296,96.001652,94.914374,95.099706,811020,992520
2009-03-05,95.334459,96.594712,95.08735,96.359959,842059,1011088
2009-03-06,96.434092,96.841821,96.026363,96.38467,576640,1006486
2009-03-09,96.137561,96.421736,95.717477,96.186983,588250,973292
2009-03-10,96.310537,96.322893,95.408591,95.544501,736020,958011
2009-03-11,95.396236,96.186983,95.198549,96.014007,756090,995597
2009-03-12,96.051073,96.792399,95.939875,96.335248,807461,1004153
2009-03-13,96.434092,96.780043,95.766899,96.458802,706588,985312
2009-03-16,96.557646,96.6812,95.878097,96.100495,643790,981203
2009-03-17,96.051073,96.359959,95.544501,95.630989,972080,971235
2009-03-18,95.556856,99.73299,95.482724,99.102863,860620,1019971
2009-03-19,98.756911,99.238773,98.398604,98.472737,899735,1052270
2009-03-20,98.43567,98.818689,98.349182,98.509803,393280,1046938
2009-03-23,98.448026,98.719845,98.126785,98.27505,691880,1040958
2009-03-24,98.213273,98.324472,97.620212,98.200917,688460,1030689
2009-03-25,97.916743,98.065008,97.11364,97.397815,722581,1008142
2009-03-26,97.298971,97.879676,97.064218,97.780833,667488,1022927
2009-03-27,97.7067,98.003231,97.360748,97.521369,433435,989196
2009-03-30,97.632568,98.188562,97.521369,97.867321,416340,1014125
2009-03-31,97.830255,98.225628,97.657279,98.114429,437242,1039417
2009-04-01,98.225628,98.386249,97.97852,98.27505,587370,1007900
2009-04-02,98.225628,98.497448,97.385459,97.558435,605812,992555
2009-04-03,97.521369,97.583146,96.434092,96.446447,753270,994606
2009-04-06,96.582357,96.81711,96.322893,96.347604,403730,985015
2009-04-07,96.446447,96.804754,96.409381,96.619423,415208,977957
2009-04-08,96.619423,97.125995,96.557646,97.064218,516615,976104
2009-04-09,96.990086,97.064218,96.409381,96.730622,505952,993877
2009-04-13,96.619423,97.484303,96.619423,97.348393,471720,1017278
2009-04-14,97.298971,97.830255,97.163062,97.731411,493730,1040896
2009-04-15,97.719056,97.941453,97.471947,97.892032,523516,1034595
2009-04-16,97.854965,97.879676,97.286616,97.434881,504922,1021166
2009-04-17,97.397815,97.509014,96.52058,96.693555,584160,1024260
2009-04-20,96.644134,97.422526,96.594712,97.286616,501176,1018511
2009-04-21,97.298971,97.632568,96.718266,96.792399,689669,1007891
2009-04-22,96.780043,96.965375,96.347604,96.409381,640327,1016748
2009-04-23,96.495869,96.619423,96.100495,96.532935,671537,1015279
2009-04-24,96.532935,96.607068,96.001652,96.112851,486792,985011
2009-04-27,96.236405,96.742977,96.199339,96.705911,614706,1004614
2009-04-28,96.693555,97.027152,96.100495,96.211694,749470,1029778
2009-04-29,96.149917,96.434092,95.285037,95.779254,620670,1037111
2009-04-30,95.705122,95.878097,95.322103,95.630989,642157,1028412
2009-05-01,95.680411,95.766899,95.247971,95.482724,384804,1010080
2009-05-04,95.51979,95.717477,95.322103,95.606278,468080,1008696
2009-05-05,95.556856,95.766899,95.334459,95.643344,604970,1025682
2009-05-06,95.593923,96.026363,95.35917,95.766899,840230,1057292
2009-05-07,95.643344,95.729832,94.79082,95.08735,657930,1108555
2009-05-08,94.914374,95.408591,94.65491,95.173838,681886,1112246
2009-05-11,95.22326,95.976941,95.210905,95.890453,524139,1125314
2009-05-12,95.878097,96.075784,95.569212,95.915164,581039,1126692
2009-05-13,95.865742,96.397025,95.643344,96.261116,524520,1131724
2009-05-14,96.174628,96.52058,96.063429,96.211694,540609,1128266
2009-05-15,96.310537,96.409381,95.828676,96.08814,555850,1139656
2009-05-18,96.038718,96.273471,95.346814,95.544501,568153,1159260
2009-05-19,95.420947,95.495079,95.149127,95.408591,680435,1151333
2009-05-20,95.35917,95.841031,95.186194,95.643344,1169700,1161932
2009-05-21,95.630989,95.95223,94.617844,94.827886,1209419,1185311
2009-05-22,94.716688,94.976151,94.160693,94.234826,762458,1118760
2009-05-26,94.547732,94.547732,93.884371,93.884371,1359700,1202045
2009-05-27,93.533916,93.834306,92.595198,92.895588,2230100,1257945
2009-05-28,92.695328,93.308624,92.41997,92.870555,2324637,1248666
2009-05-29,92.983201,93.82179,92.958169,93.72166,1219250,1192501
2009-06-01,93.546433,93.62153,92.31984,92.457519,963990,1146519
2009-06-02,92.645263,92.908104,92.282292,92.595198,906470,1159719
2009-06-03,92.670295,93.22101,92.507584,93.058299,741210,1111401
2009-06-04,93.083331,93.095848,91.931837,92.132097,1121700,1124812
2009-06-05,92.069515,92.182162,90.767826,90.842923,601700,1117963
2009-06-08,90.905504,91.168346,90.504985,90.717761,567020,1074316
2009-06-09,90.717761,91.218411,90.717761,91.068216,763630,1073756
2009-06-10,91.055699,91.080732,90.404855,90.817891,799293,1094761
2009-06-11,90.755309,91.593898,90.35479,91.343573,556980,1102711
2009-06-12,91.368606,91.81919,91.318541,91.593898,488990,1064144
2009-06-15,91.593898,92.044483,91.418671,91.969385,686440,1076585
2009-06-16,91.91932,92.357389,91.556349,92.182162,814500,1087856
2009-06-17,92.307324,92.745393,91.956869,92.394938,883330,1070902
2009-06-18,92.257259,92.332357,91.205894,91.331057,583070,1090722
2009-06-19,91.343573,91.744093,90.993118,91.618931,523130,1039994
2009-06-22,91.668996,92.31984,91.518801,92.232227,663690,1034351
2009-06-23,92.294808,92.595198,91.994418,92.507584,701544,1015568
2009-06-24,92.532617,92.995718,92.107064,92.269775,831156,1026027
2009-06-25,92.257259,93.195978,91.981902,93.083331,621660,1056886
2009-06-26,93.108364,93.333656,92.782942,93.246043,509510,1009575
2009-06-29,93.158429,93.496368,93.008234,93.283591,856140,1018019
2009-06-30,93.308624,93.408754,92.732877,93.133396,880723,1023776
2009-07-01,92.807974,93.170945,92.707844,93.133396,701174,1034204
2009-07-02,93.183461,93.771725,93.045783,93.596498,483890,1047968
2009-07-06,93.62153,93.771725,93.42127,93.596498,657640,1061396
2009-07-07,93.533916,94.034566,93.358689,93.946953,931030,1047496
2009-07-08,93.984501,95.098447,93.946953,95.02335,785850,1042111
2009-07-09,94.885671,94.898187,94.284891,94.410054,615890,1051884
2009-07-10,94.447602,95.32374,94.435086,95.085931,496000,1024372
2009-07-13,95.12348,95.32374,94.685411,94.785541,861400,1029985
2009-07-14,94.735476,94.898187,94.147213,94.347472,994890,1035969
2009-07-15,94.184761,94.32244,93.283591,93.483851,783030,1033713
2009-07-16,93.433786,94.059599,93.433786,93.734176,687660,1026570
2009-07-17,93.62153,93.934436,93.133396,93.233526,578720,1037096
2009-07-20,93.183461,93.82179,92.782942,93.72166,949620,1056362
2009-07-21,93.596498,94.547732,93.283591,94.347472,694920,1061496
2009-07-22,94.284891,94.460119,93.834306,93.909404,917420,1049355
2009-07-23,93.959469,94.109664,92.895588,92.945653,528120,1057894
2009-07-24,93.145913,93.32114,92.933137,93.22101,556590,1051293
2009-07-27,93.258559,93.296108,92.607714,92.958169,718810,1106679
2009-07-28,92.870555,93.496368,92.745393,92.983201,743310,1090616
2009-07-29,92.983201,93.32114,92.507584,92.92062,748930,1099360
2009-07-30,92.895588,93.283591,92.545133,93.070815,801060,1097823
2009-07-31,93.22101,94.084631,92.958169,93.946953,790340,1093101
2009-08-03,93.997018,93.997018,92.795458,93.070815,762420,1084432
2009-08-04,93.133396,93.396238,92.645263,92.958169,767481,1078151
2009-08-05,92.858039,93.296108,92.445003,92.532617,1004448,1097612
2009-08-06,92.582682,92.92062,92.382422,92.72036,822630,1126748
2009-08-07,92.682812,92.807974,91.844223,92.069515,858650,1156891
2009-08-10,92.044483,92.682812,91.869255,92.632747,506043,1159812
2009-08-11,92.532617,93.12088,92.407454,92.995718,789404,1153466
2009-08-12,93.058299,93.358689,92.457519,93.058299,789435,1155649
2009-08-13,92.970685,93.846823,92.632747,93.734176,995851,1149821
2009-08-14,93.634046,94.372505,93.546433,93.934436,768429,1128896
2009-08-17,93.909404,94.510184,93.884371,94.32244,594173,1105658
2009-08-18,94.397537,94.42257,94.084631,94.134696,612365,1141680
2009-08-19,94.209794,94.885671,94.147213,94.497667,972512,1142223
2009-08-20,94.560249,94.697927,94.197277,94.610314,674505,1153248
2009-08-21,94.62283,94.985801,93.746693,93.846823,1008607,1110717
2009-08-24,93.759209,94.284891,93.583981,94.172245,939284,1157609
2009-08-25,94.247342,94.497667,93.984501,94.42257,1080120,1131929
2009-08-26,94.473253,94.675985,94.333874,94.574619,1454138,1169930
2009-08-27,94.612631,94.802693,94.169154,94.485924,1888665,1199279
2009-08-28,94.498594,94.777351,94.131142,94.650644,1291584,1181631
2009-08-31,94.777351,95.119462,94.612631,95.056108,689536,1148769
2009-09-01,95.030767,95.499585,94.701327,95.309524,999644,1159065
2009-09-02,95.360207,95.803684,95.220828,95.727659,754483,1131887
2009-09-03,95.689647,95.714988,95.334865,95.486914,633901,1123169
2009-09-04,95.398219,95.461573,94.828034,94.904059,639790,1130879
2009-09-08,94.91673,95.182816,94.75201,94.891388,673000,1122093
2009-09-09,94.802693,94.992754,94.523936,94.828034,714728,1119674
2009-09-10,94.891388,95.689647,94.713997,95.613622,831784,1144204
2009-09-11,95.562939,96.107782,95.448902,95.676976,828932,1141627
2009-09-14,95.626293,95.714988,95.182816,95.322194,582764,1118753
2009-09-15,95.220828,95.360207,94.802693,95.030767,804129,1094589
2009-09-16,95.043437,95.474244,94.599961,94.790022,1057754,1085501
2009-09-17,94.790022,95.296853,94.574619,95.208157,839267,1105681
2009-09-18,95.208157,95.372877,94.650644,94.75201,655780,1101923
2009-09-21,94.777351,95.208157,94.675985,94.726668,666462,1070056
2009-09-22,94.764681,95.043437,94.549277,94.904059,667814,1089716
2009-09-23,94.954742,95.296853,94.58729,95.233499,853450,1099501
2009-09-24,95.195487,95.638964,95.094121,95.448902,848698,1124045
2009-09-25,95.474244,95.803684,95.309524,95.676976,749418,1120237
2009-09-28,95.727659,95.943062,95.57561,95.841696,466946,1134389
2009-09-29,95.917721,95.981074,95.524927,95.930391,774194,1156467
2009-09-30,95.955733,96.107782,95.74033,95.955733,939191,1151521
2009-10-01,95.955733,96.842687,95.867037,96.715979,1156221,1182100
2009-10-02,96.792004,97.23548,96.5766,96.677967,1260934,1223442
2009-10-05,96.677967,96.944053,96.601942,96.652625,660465,1191872
2009-10-06,96.74132,96.74132,96.424551,96.601942,771107,1235874
2009-10-07,96.513247,97.121444,96.500576,97.083431,807089,1257753
2009-10-08,96.994736,97.108773,96.5766,96.627284,912091,1246362
2009-10-09,96.639954,96.715979,95.765671,95.917721,1064863,1225036
2009-10-12,95.867037,96.323185,95.803684,96.133124,138698,1224305
2009-10-13,96.171136,96.525917,96.08244,96.424551,698866,1250652
2009-10-14,96.221819,96.285173,95.689647,95.816354,1003080,1248838
2009-10-15,95.854367,95.955733,95.448902,95.499585,1019926,1246764
2009-10-16,95.512256,95.879708,95.398219,95.791013,713135,1246485
2009-10-19,95.74033,95.981074,95.550268,95.879708,586393,1254665
2009-10-20,95.867037,96.373868,95.753001,96.209148,755340,1273696
2009-10-21,96.183807,96.285173,95.600951,95.702317,929668,1230498
2009-10-22,95.854367,95.917721,95.448902,95.664305,847655,1231142
2009-10-23,95.638964,95.638964,95.182816,95.360207,847655,1231142
2009-10-26,95.220828,95.334865,94.777351,94.942071,964023,1261434
2009-10-27,94.904059,95.676976,94.866047,95.626293,961760,1247351
2009-10-28,95.626293,96.057099,95.512256,95.892379,1001342,1256332
2009-10-29,95.879708,96.019087,95.24617,95.461573,1100422,1239076
2009-10-30,95.474244,96.259831,95.41089,96.183807,1077490,1251250
2009-11-02,96.310514,96.348527,95.917721,96.08244,745089,1247670
2009-11-03,96.08244,96.41188,95.676976,95.816354,931559,1246677
2009-11-04,95.841696,95.90505,95.322194,95.550268,960427,1245459
2009-11-05,95.600951,95.867037,95.499585,95.753001,767794,1271338
2009-11-06,95.74033,96.24716,95.676976,96.031757,1206304,1301669
2009-11-09,96.044428,96.259831,95.867037,96.120453,560295,1295697
2009-11-10,96.107782,96.424551,96.019087,96.158465,793718,1295152
2009-11-11,96.196477,96.601942,96.06977,96.525917,238922,1314737
2009-11-12,96.386539,96.56393,95.892379,96.437222,979419,1324075
2009-11-13,96.41188,96.551259,96.297844,96.462564,636200,1318165
2009-11-16,96.487905,97.083431,96.437222,97.05809,867001,1340182
2009-11-17,96.994736,97.197468,96.753991,97.108773,804404,1355455
2009-11-18,97.121444,97.159456,96.804674,96.855357,811378,1358295
2009-11-19,96.868028,97.23548,96.804674,97.032748,844530,1373147
2009-11-20,97.096102,97.298834,96.868028,96.956724,937079,1346696
2009-11-23,96.918711,97.05809,96.601942,97.007407,1105486,1364829
2009-11-24,97.045419,97.514237,96.994736,97.38753,1554034,1359137
2009-11-25,97.450884,97.805665,97.23548,97.691628,2201427,1382529
2009-11-27,97.730036,98.715915,97.717233,98.229378,1242689,1389416
2009-11-30,98.152556,98.331807,98.011716,98.280592,849482,1387983
2009-12-01,98.306199,98.319003,97.88368,97.960502,840167,1358551
2009-12-02,97.922091,98.02452,97.602,97.602,847992,1345143
2009-12-03,97.640411,97.666018,97.064248,97.294713,1004768,1287610
2009-12-04,97.294713,97.448357,96.334442,96.564907,1182843,1251818
2009-12-07,96.5393,97.00023,96.39846,96.85939,682453,1212219
2009-12-08,96.897801,97.512375,96.833783,97.333124,856213,1229982
2009-12-09,97.333124,97.473964,97.064248,97.217892,801588,1237654
2009-12-10,97.115463,97.243499,96.500889,96.833783,863393,1211414
2009-12-11,96.756961,96.820979,96.219209,96.424067,892217,1182346
2009-12-14,96.360049,96.616121,96.25762,96.334442,505814,1180067
2009-12-15,96.296031,96.424067,95.873511,95.988744,758841,1178424
2009-12-16,96.11678,96.385656,95.93753,96.078369,678751,1173852
2009-12-17,96.065566,96.820979,96.039959,96.731354,749003,1190144
2009-12-18,96.795372,96.897801,96.334442,96.360049,535294,1156736
2009-12-21,96.39846,96.475282,95.489403,95.579028,560228,1163703
2009-12-22,95.604635,95.643046,95.143705,95.246134,582318,1167634
2009-12-23,95.207723,95.489403,94.964454,95.156509,341446,1143449
2009-12-24,95.118098,95.258938,94.7724,94.823615,117264,1107366
2009-12-28,94.849222,94.874829,94.503524,94.657168,251694,1152456
2009-12-29,94.618757,94.862025,94.477917,94.7724,360312,1155895
2009-12-30,94.759596,94.938847,94.695578,94.926044,362123,1189788
2009-12-31,94.862025,94.862025,94.145023,94.605953,315643,1209580
2010-01-04,94.388291,94.836418,94.209041,94.669971,611737,1232389
2010-01-05,94.7724,95.271741,94.721186,95.220527,750754,1217404
2010-01-06,95.156509,95.19492,94.759596,95.028473,854870,1216544
2010-01-07,94.938847,95.092491,94.695578,94.926044,690047,1215397
2010-01-08,94.887633,95.310152,94.721186,95.079687,998982,1228133
2010-01-11,94.91324,95.207723,94.849222,95.079687,575758,1236951
2010-01-12,95.092491,95.745475,95.079687,95.668654,958081,1253003
2010-01-13,95.694261,95.745475,95.258938,95.37417,937933,1260993
2010-01-14,95.310152,95.822297,95.271741,95.668654,882122,1303486
2010-01-15,95.630243,96.232013,95.604635,96.103977,946486,1382266
2010-01-19,96.129584,96.308835,95.822297,95.93753,849151,1277965
2010-01-20,95.97594,96.372853,95.963137,96.206406,822034,1297040
2010-01-21,96.206406,96.641729,96.014351,96.5393,1194823,1342755
2010-01-22,96.616121,96.731354,96.462478,96.616121,961900,1305107
2010-01-25,96.500889,96.590514,96.321638,96.475282,583955,1313730
2010-01-26,96.475282,96.872194,96.411264,96.552103,768590,1332819
2010-01-27,96.564907,96.923408,96.334442,96.411264,1071814,1356234
2010-01-28,96.385656,96.590514,96.078369,96.449674,1188878,1382031
2010-01-29,96.564907,97.051445,96.155191,96.820979,1217354,1428302
2010-02-01,96.923408,96.949016,96.462478,96.577711,753833,1414094
2010-02-02,96.577711,96.731354,96.411264,96.705747,614063,1404635
2010-02-03,96.692943,96.692943,96.283227,96.347245,940556,1411066
2010-02-04,96.334442,97.025837,96.296031,96.897801,1223616,1441112
2010-02-05,96.897801,97.473964,96.744158,97.397142,1676723,1443944
2010-02-08,97.294713,97.320321,97.051445,97.089855,679672,1417956
2010-02-09,97.28191,97.294713,96.795372,96.884998,1186512,1410391
2010-02-10,96.833783,97.064248,96.500889,96.616121,1106432,1404874
2010-02-11,96.628925,96.731354,96.283227,96.500889,1042666,1424169
2010-02-12,96.526496,96.897801,96.488085,96.756961,891913,1432834
2010-02-16,96.756961,97.038641,96.526496,96.949016,786623,1433093
2010-02-17,96.936212,96.949016,96.296031,96.424067,966671,1413074
2010-02-18,96.424067,96.590514,95.899119,96.039959,1496904,1402964
2010-02-19,95.886315,96.193602,95.783886,96.027155,1105013,1341517
2010-02-22,96.027155,96.11678,95.911922,96.027155,998258,1363556
2010-02-23,96.027155,96.833783,95.97594,96.731354,2204968,1404172
2010-02-24,96.770225,96.990511,96.588814,96.770225,2375871,1463348
2010-02-25,96.770225,98.856461,96.718393,97.146007,2300547,1510329
2010-02-26,97.158965,97.469957,97.094175,97.431083,1237738,1455607
2010-03-01,97.197839,97.444041,97.158965,97.353335,826753,1407497
2010-03-02,97.340377,97.418125,97.068259,97.366293,731813,1391249
2010-03-03,97.392209,97.431083,97.120091,97.379251,789681,1377492
2010-03-04,97.392209,97.612494,97.171923,97.456999,953817,1367802
2010-03-05,97.456999,97.547704,96.860931,97.068259,997186,1358580
2010-03-08,97.042343,97.081217,96.796141,96.964595,497044,1354743
2010-03-09,96.873889,97.210797,96.873889,97.081217,674839,1353761
2010-03-10,97.068259,97.146007,96.770225,96.925721,720935,1359953
2010-03-11,96.899805,96.977553,96.666562,96.847973,770147,1356565
2010-03-12,96.783183,97.055301,96.42036,96.860931,1047860,1380226
2010-03-15,96.951637,97.016427,96.744309,96.912763,607104,1368098
2010-03-16,96.964595,97.405167,96.822057,97.327419,832533,1433862
2010-03-17,97.327419,97.444041,97.197839,97.327419,664267,1438697
2010-03-18,97.353335,97.482915,97.042343,97.107133,831817,1407375
2010-03-19,97.081217,97.249671,96.835015,97.003469,738668,1428085
2010-03-22,96.977553,97.327419,96.925721,97.262629,598562,1453154
2010-03-23,97.275587,97.418125,97.197839,97.262629,587675,1478969
2010-03-24,97.197839,97.275587,96.109368,96.277822,1676728,1494458
2010-03-25,96.200074,96.329654,95.604007,95.824293,1588059,1527210
2010-03-26,95.979788,96.238948,95.798377,96.1612,947115,1492077
2010-03-29,96.135284,96.264864,95.940914,96.148242,694531,1512565
2010-03-30,96.109368,96.22599,95.889082,96.148242,784621,1503302
2010-03-31,96.187116,96.511066,96.109368,96.407402,1014619,1500627
2010-04-01,96.35557,96.407402,96.044578,96.22599,1014619,1500627
2010-04-02,96.174158,96.459234,95.629923,95.655839,329010,1496685
2010-04-05,95.629923,95.720629,95.228225,95.370763,643207,1540375
2010-04-06,95.409637,95.772461,95.396679,95.552175,966782,1559691
2010-04-07,95.655839,96.251906,95.616965,96.213032,1194483,1586377
2010-04-08,96.213032,96.433318,95.992746,96.044578,974882,1601036
2010-04-09,96.03162,96.200074,95.850209,96.122326,764872,1611960
2010-04-12,96.057536,96.562898,95.876124,96.407402,883991,1625886
2010-04-13,96.433318,96.770225,96.394444,96.679519,1137430,1671592
2010-04-14,96.575856,96.757267,96.35557,96.433318,1015973,1616126
2010-04-15,96.394444,96.679519,96.264864,96.524024,1026525,1613768
2010-04-16,96.61473,97.249671,96.588814,97.094175,1414181,1631714
2010-04-19,97.184881,97.379251,96.847973,96.860931,827712,1650752
2010-04-20,96.873889,96.951637,96.679519,96.835015,805871,1671634
2010-04-21,96.822057,97.197839,96.705435,97.184881,853763,1707045
2010-04-22,97.171923,97.379251,96.809099,96.886847,1197327,1685972
2010-04-23,96.899805,97.003469,96.459234,96.575856,1082497,1626360
2010-04-26,96.627688,96.873889,96.459234,96.679519,760268,1639051
2010-04-27,96.731351,97.729116,96.705435,97.57362,1596186,1699931
2010-04-28,97.599536,97.806864,96.990511,97.029385,1566705,1674953
2010-04-29,97.081217,97.405167,96.951637,97.392209,985022,1712313
2010-04-30,97.379251,97.83278,97.249671,97.780948,1136688,1721081
2010-05-03,97.7032,97.7032,97.392209,97.431083,614664,1714154
2010-05-04,97.534746,98.117856,97.469957,97.975318,1334747,1702628
2010-05-05,98.014192,98.804629,97.910528,98.415889,1647041,1699415
2010-05-06,98.480679,100.385503,98.169688,99.452528,2084369,1764021
2010-05-07,99.413654,100.074511,98.597301,99.258158,2111902,1792683
2010-05-10,98.947167,98.947167,98.169688,98.636175,1348842,1814825
2010-05-11,98.610259,99.154494,98.441805,98.700965,1151826,1803247
2010-05-12,98.804629,99.024915,98.428847,98.519553,1022040,1813111
2010-05-13,98.480679,98.778713,98.260394,98.571385,1135661,1825753
2010-05-14,98.791671,99.543234,98.688007,99.322948,1354528,1839037
2010-05-17,99.219284,99.737604,98.998999,99.167452,1232414,1839557
2010-05-18,99.050831,99.854226,98.947167,99.685772,1474960,1868089
2010-05-19,99.841268,100.087469,99.543234,99.724646,1722498,1911511
2010-05-20,99.608024,100.761284,99.608024,100.307755,2188406,1958853
2010-05-21,100.605789,101.266646,100.294797,100.605789,2307428,1850209
2010-05-24,100.383933,100.853748,100.357832,100.501386,1889663,1860838
2010-05-25,100.697143,101.597623,100.697143,100.971202,2797147,1839897
2010-05-26,100.827647,100.997303,100.175126,100.501386,3322166,1972888
2010-05-27,100.671042,100.710193,99.627007,99.809713,3070515,1962706
2010-05-28,99.70531,100.188176,99.69226,100.122924,1345679,1948310
2010-06-01,100.070722,100.671042,99.874966,100.135974,1455238,1899808
2010-06-02,100.370882,100.383933,99.757512,99.848865,1174008,1858478
2010-06-03,99.796663,99.901067,99.235494,99.666159,1240638,1835259
2010-06-04,99.71836,100.879849,99.613957,100.840698,1509979,1834056
2010-06-07,100.958152,101.258312,100.579689,100.945101,1012950,1802322
2010-06-08,101.193059,101.232211,100.827647,101.088656,1170787,1807396
2010-06-09,100.945101,101.075606,100.60579,100.945101,1094167,1793092
2010-06-10,100.984252,101.010353,100.057672,100.096823,1188555,1771112
2010-06-11,100.083773,100.788496,100.083773,100.775446,1007461,1773833
2010-06-14,100.566639,100.592739,100.00547,100.383933,887053,1771364
2010-06-15,100.488336,100.710193,100.057672,100.135974,986014,1764800
2010-06-16,100.149025,100.60579,100.070722,100.279529,882960,1747862
2010-06-17,100.423084,100.932051,100.175126,100.827647,1187887,1782733
2010-06-18,100.840698,100.919,100.527487,100.592739,670608,1704213
2010-06-21,100.344781,100.540538,100.01852,100.475286,928305,1694135
2010-06-22,100.475286,101.062555,100.29258,100.984252,967529,1653527
2010-06-23,100.971202,101.480169,100.866799,101.362715,1126475,1710068
2010-06-24,101.323564,101.715077,101.193059,101.336614,1267539,1714284
2010-06-25,101.245261,101.728127,101.153908,101.467119,1056566,1637147
2010-06-28,101.571522,102.11964,101.480169,102.015237,867964,1701652
2010-06-29,102.093539,102.485052,101.989136,102.341498,1363938,1655506
2010-06-30,102.445901,102.602506,102.10659,102.354548,1182775,1636185
2010-07-01,102.472002,102.759111,102.250145,102.40675,1309596,1713777
2010-07-02,102.302346,102.550304,102.002186,102.158791,1169987,1748099
2010-07-06,102.197943,102.589456,102.067438,102.511153,945692,1744154
2010-07-07,102.511153,102.615557,102.184892,102.263195,871784,1705854
2010-07-08,102.197943,102.289296,101.754228,102.028287,1122260,1717778
2010-07-09,101.923884,102.041338,101.767278,101.832531,676805,1708002
2010-07-12,101.845581,102.184892,101.80643,101.989136,799998,1780629
2010-07-13,101.897783,102.184892,101.493219,101.610673,1034920,1767761
2010-07-14,101.532371,102.158791,101.441018,102.093539,1301673,1807054
2010-07-15,102.093539,102.641657,101.845581,102.550304,1424267,1867306
2010-07-16,102.380649,103.085372,102.354548,102.902666,1125319,1890068
2010-07-19,103.046221,103.085372,102.667758,102.759111,1125319,1890068
2010-07-20,102.811313,103.189776,102.667758,102.928767,1073355,1882361
2010-07-21,102.811313,103.359431,102.733011,103.150624,1196107,1872291
2010-07-22,103.189776,103.30723,102.733011,102.876565,958537,1862007
2010-07-23,102.850464,102.967918,102.432851,102.458951,1126132,1758838
2010-07-26,102.472002,102.602506,102.210993,102.511153,807986,1828094
2010-07-27,102.511153,102.589456,102.067438,102.171842,995429,1820592
2010-07-28,102.158791,102.680809,102.093539,102.615557,1072061,1867871
2010-07-29,102.654708,103.124524,102.537254,102.811313,1346044,1859073
2010-07-30,102.928767,103.476885,102.902666,103.411633,1135577,1857930
2010-08-02,103.372482,103.385532,103.059271,103.085372,718187,1873291
2010-08-03,103.098423,103.711793,103.072322,103.555188,998858,1819350
2010-08-04,103.581289,103.777045,103.202826,103.255028,1025392,1890940
2010-08-05,103.255028,103.60739,103.150624,103.476885,978397,1918625
2010-08-06,103.516037,104.142457,103.385532,104.051104,1308844,1984446
2010-08-09,104.051104,104.194659,103.946701,103.998903,614190,1982782
2010-08-10,103.985852,104.586172,103.816196,104.390416,1284168,1932112
2010-08-11,104.468718,104.964635,104.468718,104.912433,1393620,2011560
2010-08-12,104.886332,105.016836,104.560071,104.690576,1217011,2044843
2010-08-13,104.664475,104.938534,104.599222,104.886332,850525,2017867
2010-08-16,104.886332,105.447501,104.860231,105.408349,1021862,2016411
2010-08-17,105.395299,105.408349,104.860231,104.964635,1096753,1954147
2010-08-18,104.951584,105.277845,104.847181,104.912433,1035881,2010074
2010-08-19,104.977685,105.369198,104.573122,105.199542,1575925,2049177
2010-08-20,105.13429,105.447501,104.768878,104.847181,1069566,2009618
2010-08-23,104.808029,105.082089,104.651424,104.951584,933300,2008027
2010-08-24,105.043579,105.897806,105.030438,105.634967,1894892,2066401
2010-08-25,105.674393,106.042367,105.135573,105.214425,2425718,1936281
2010-08-26,105.345844,105.582399,105.174999,105.477264,2333085,2026300
2010-08-27,105.556115,105.648109,104.491618,104.583611,3063781,1982408
2010-08-30,104.255063,105.503548,104.255063,105.372128,2132752,2047127
2010-08-31,105.45098,105.832096,105.372128,105.661251,1701532,1960101
2010-09-01,105.661251,105.661251,104.623037,104.964728,1792113,1846264
2010-09-02,105.030438,105.122431,104.701889,104.754457,1178360,1756986
2010-09-03,104.767599,105.083005,103.992224,104.30763,1422839,1776983
2010-09-07,104.189353,105.056721,104.110501,105.004154,1070653,1767283
2010-09-08,105.030438,105.227567,104.557327,104.662463,1176900,1712348
2010-09-09,104.636179,104.899018,103.952798,103.979082,1359088,1709182
2010-09-10,103.992224,104.215637,103.611107,103.781953,1044147,1704526
2010-09-13,103.742527,104.320772,103.400836,104.215637,955421,1676516
2010-09-14,104.176211,104.715031,104.123643,104.662463,1192910,1663008
2010-09-15,104.583611,104.84645,104.30763,104.452192,1399113,1665814
2010-09-16,104.452192,104.701889,103.979082,104.215637,1409068,1690555
2010-09-17,104.189353,104.596753,103.887088,104.412766,1179020,1626779
2010-09-20,104.43905,104.688747,104.320772,104.636179,881992,1648153
2010-09-21,104.649321,105.529831,104.531044,105.45098,1455786,1628590
2010-09-22,105.503548,105.937232,105.503548,105.608683,1325925,1640677
2010-09-23,105.582399,106.042367,105.424696,105.621825,1189387,1645197
2010-09-24,105.634967,105.805812,105.266993,105.31956,1185832,1577037
2010-09-27,105.332702,106.002942,105.31956,105.937232,843890,1646768
2010-09-28,105.85838,106.384058,105.753245,106.344632,1321722,1640375
2010-09-29,106.26578,106.344632,106.042367,106.108077,1195567,1703968
2010-09-30,106.094935,106.33149,105.398412,106.016083,1525360,1700179
2010-10-01,106.068651,106.186929,105.621825,106.042367,1234225,1688652
2010-10-04,106.134361,106.436626,106.121219,106.370916,750160,1680146
2010-10-05,106.344632,106.660039,106.344632,106.515477,1075667,1706764
2010-10-06,106.541761,107.212001,106.489194,106.896594,1262979,1695703
2010-10-07,106.922878,107.133149,106.817742,106.93602,982895,1653637
2010-10-08,107.001729,107.369704,106.646897,107.080581,1316112,1656057
2010-10-11,107.054297,107.198859,107.054297,107.185717,100930,1658296
2010-10-12,107.133149,107.395988,106.791458,106.883452,890089,1689611
2010-10-13,106.830884,107.041155,106.568045,107.001729,1016567,1691432
2010-10-14,107.014871,107.054297,106.423484,106.541761,1323032,1666878
2010-10-15,106.476052,106.896594,106.029225,106.173787,1726990,1655828
2010-10-18,106.200071,106.778316,106.200071,106.725749,868721,1630051
2010-10-19,106.607471,106.975446,106.305206,106.844026,1190912,1597756
2010-10-20,106.765174,107.001729,106.541761,106.857168,966247,1558848
2010-10-21,106.778316,106.857168,106.370916,106.515477,1033593,1550976
2010-10-22,106.423484,106.568045,106.226355,106.33149,814162,1499884
2010-10-25,106.344632,106.778316,106.213213,106.33149,959728,1521840
2010-10-26,106.239497,106.344632,105.661251,105.740103,1369707,1514959
2010-10-27,105.700677,105.779528,105.174999,105.31956,1381108,1543822
2010-10-28,105.227567,105.976658,105.188141,105.85838,1223347,1567061
2010-10-29,105.85838,106.318348,105.79267,106.213213,1134428,1531770
2010-11-01,106.213213,106.541761,106.042367,106.239497,992684,1539007
2010-11-02,106.186929,106.489194,106.134361,106.423484,725062,1550472
2010-11-03,106.423484,106.87031,106.081793,106.46291,1358169,1554821
2010-11-04,106.830884,107.685111,106.817742,107.448556,1701363,1597588
2010-11-05,107.448556,107.566833,106.87031,107.172575,1701363,1578819
2010-11-08,107.225143,107.369704,107.080581,107.120007,694880,1560709
2010-11-09,107.172575,107.382846,106.318348,106.423484,1345565,1565838
2010-11-10,106.423484,106.844026,105.871522,106.791458,1730068,1581388
2010-11-11,106.830884,107.014871,106.33149,106.384058,297271,1570509
2010-11-12,106.581187,106.949162,105.621825,105.92409,1570694,1552928
2010-11-15,105.884664,105.92409,104.688747,104.938444,1802680,1557141
2010-11-16,104.741315,105.240709,104.531044,105.174999,1745909,1523980
2010-11-17,105.148715,105.398412,104.84645,105.030438,1307208,1521682
2010-11-18,104.964728,105.030438,104.333914,104.701889,1336993,1518821
2010-11-19,104.728173,104.97787,104.557327,104.728173,723344,1500815
2010-11-22,104.596753,105.332702,104.465334,105.214425,1137185,1497134
2010-11-23,105.227567,105.85838,105.201283,105.477264,2080628,1476806
2010-11-24,105.358154,105.556668,104.365582,104.471456,2574931,1528497
2010-11-26,104.511159,104.947891,104.272942,104.736142,1211063,1532617
2010-11-29,104.669971,105.053765,104.484691,104.961125,1967214,1412682
2010-11-30,104.947891,105.503731,104.894954,105.119936,1637269,1353052
2010-12-01,105.080234,105.146405,103.796508,104.034725,1778477,1359377
2010-12-02,103.995022,104.167068,103.545056,103.703868,1433700,1340841
2010-12-03,103.743571,104.564096,103.386245,103.862679,1558267,1314676
2010-12-06,103.955319,104.497925,103.942085,104.458222,855313,1300166
2010-12-07,104.444988,104.444988,102.737765,102.817171,1552338,1318394
2010-12-08,103.002451,103.042153,101.745193,102.314268,1696096,1290554
2010-12-09,102.181925,102.698062,102.009879,102.287799,1334051,1313154
2010-12-10,102.340736,102.605422,101.559913,101.824599,877684,1320874
2010-12-13,101.639319,102.314268,101.083479,102.195159,1045901,1343468
2010-12-14,102.221628,102.274565,100.792325,101.030542,1317846,1350733
2010-12-15,100.87173,101.52021,100.487936,100.712919,1254463,1369663
2010-12-16,100.659982,101.281993,100.395296,100.977605,1163549,1379997
2010-12-17,101.281993,101.996645,101.136416,101.851068,805448,1339823
2010-12-20,101.837833,102.327502,101.573148,101.70549,743061,1365822
2010-12-21,101.758428,102.049582,101.52021,101.837833,651863,1354708
2010-12-22,101.970176,102.009879,101.467273,101.639319,493490,1352294
2010-12-23,101.546679,101.679022,101.176119,101.295228,335617,1320262
2010-12-27,101.215822,101.718725,100.792325,101.586382,271556,1324904
2010-12-28,101.639319,101.956942,100.699685,100.818793,447249,1333861
2010-12-29,100.792325,101.943708,100.752622,101.851068,575396,1324671
2010-12-30,101.745193,101.877536,101.281993,101.626085,446506,1332039
2010-12-31,101.639319,102.049582,101.586382,102.009879,200272,1327248
2011-01-03,101.890771,101.917239,101.189353,101.784896,731702,1336710
2011-01-04,101.864302,102.208393,101.639319,101.904005,885731,1357110
2011-01-05,101.956942,102.248096,100.911433,100.990839,1355282,1399447
2011-01-06,101.123182,101.639319,101.070245,101.480508,1033178,1368229
2011-01-07,101.599616,102.393673,101.24229,102.208393,1458280,1376723
2011-01-10,102.287799,102.499548,102.155456,102.380439,773618,1359301
2011-01-11,102.473079,102.592188,101.970176,102.102519,1019360,1350022
2011-01-12,102.115753,102.195159,101.652553,102.115753,1087186,1341127
2011-01-13,102.062816,102.658359,101.943708,102.578953,1322075,1343248
2011-01-14,102.539251,102.896576,102.301033,102.367205,1125699,1341056
2011-01-18,102.393673,102.737765,101.811365,102.142222,1230961,1326699
2011-01-19,102.115753,102.367205,101.917239,102.301033,949223,1328620
2011-01-20,102.261331,102.446611,101.374633,101.493742,1423767,1352654
2011-01-21,101.52021,101.851068,101.374633,101.771662,1043010,1361987
2011-01-24,101.771662,102.036348,101.559913,101.837833,754860,1363859
2011-01-25,101.851068,102.526016,101.731959,102.420142,1289253,1370848
2011-01-26,102.327502,102.340736,101.771662,101.851068,1056923,1362470
2011-01-27,101.930473,102.261331,101.533445,102.208393,1329285,1393981
2011-01-28,102.142222,102.750999,101.79813,102.618656,1405803,1391660
2011-01-31,102.750999,102.870108,102.155456,102.314268,985637,1375297
2011-02-01,102.340736,102.380439,101.692256,101.890771,1148575,1365536
2011-02-02,101.917239,102.234862,101.387868,101.546679,1170042,1391512
2011-02-03,101.559913,101.626085,100.96437,101.162885,1384736,1434698
2011-02-04,101.083479,101.387868,100.276188,100.434999,1636327,1471088
2011-02-07,100.461468,100.540873,100.13061,100.461468,954411,1507852
2011-02-08,100.50117,100.567342,99.786519,99.932096,1106438,1506903
2011-02-09,99.839456,100.527639,99.680645,100.434999,1463927,1505820
2011-02-10,100.289422,100.540873,99.958565,100.051205,1310830,1536920
2011-02-11,100.117376,100.726153,100.077673,100.368828,1297086,1566928
2011-02-14,100.342359,100.59381,100.196782,100.474702,832859,1562250
2011-02-15,100.368828,100.607045,100.13061,100.487936,1145471,1562735
2011-02-16,100.527639,100.739388,100.236485,100.448233,1473752,1585682
2011-02-17,100.434999,100.990839,100.368828,100.805559,1331109,1568858
2011-02-18,100.805559,100.924668,100.50117,100.845262,901141,1542422
2011-02-22,100.805559,101.771662,100.792325,101.718725,2000431,1590703
2011-02-23,101.679022,101.877536,101.42757,101.480508,2322848,1563664
2011-02-24,101.467127,101.948838,101.467127,101.721363,2817201,1596961
2011-02-25,101.654459,101.935457,101.507269,101.855172,1888191,1541067
2011-02-28,101.935457,102.149551,101.855172,101.948838,1346454,1503317
2011-03-01,101.855172,102.122789,101.413603,102.015742,1753590,1477383
2011-03-02,102.096027,102.243217,101.574173,101.66784,1336421,1498564
2011-03-03,101.600935,101.66784,100.878368,100.90513,1485397,1507095
2011-03-04,100.985415,101.66784,100.677655,101.587554,1512534,1485642
2011-03-07,101.507269,101.788267,101.186128,101.574173,1055744,1526622
2011-03-08,101.467127,101.68122,101.239652,101.346699,1072344,1547378
2011-03-09,101.346699,102.002361,101.279794,101.841791,1165282,1574561
2011-03-10,101.815029,102.658024,101.774887,102.44393,1555943,1583549
2011-03-11,102.6045,102.898879,102.323502,102.497453,1285899,1592279
2011-03-14,102.6045,103.126354,102.377026,102.925641,1198730,1593578
2011-03-15,102.858737,104.009492,102.831975,103.05945,1722703,1598698
2011-03-16,103.206639,104.330632,102.845356,103.83554,2136332,1615253
2011-03-17,104.129919,104.29049,103.22002,103.567923,1451214,1598117
2011-03-18,103.52778,103.728493,103.086212,103.353829,1097106,1578303
2011-03-21,103.380591,103.393972,102.631262,102.939022,1121984,1592523
2011-03-22,102.885499,102.979165,102.59112,102.805213,1023295,1593923
2011-03-23,102.831975,103.153116,102.658024,102.738309,1195587,1572476
2011-03-24,102.711547,102.939022,102.243217,102.336883,1069779,1574403
2011-03-25,102.29674,102.537596,101.948838,102.069266,1102331,1600293
2011-03-28,102.015742,102.122789,101.748125,101.9756,856068,1563408
2011-03-29,102.069266,102.176313,101.627697,101.707982,963122,1568074
2011-03-30,101.707982,102.109408,101.560793,102.015742,1000862,1556155
2011-03-31,102.082646,102.310121,101.707982,101.935457,1327966,1563098
2011-04-01,101.721363,101.935457,101.293175,101.881933,1225574,1597284
2011-04-04,101.908695,102.29674,101.801648,102.096027,827378,1598684
2011-04-05,102.109408,102.256598,101.614316,101.707982,1156951,1605373
2011-04-06,101.707982,101.788267,101.306556,101.37346,1077270,1643246
2011-04-07,101.36008,101.654459,101.159367,101.453746,1291414,1660801
2011-04-08,101.453746,101.467127,100.985415,101.37346,970999,1687138
2011-04-11,101.253033,101.534031,101.105843,101.440365,724973,1697888
2011-04-12,101.293175,102.162932,101.266414,101.98898,1293800,1654200
2011-04-13,101.98898,102.269979,101.694601,102.243217,1123454,1626625
2011-04-14,102.203074,102.564358,101.962219,102.082646,1414545,1616118
2011-04-15,101.948838,102.698166,101.948838,102.6045,1130282,1645881
2011-04-18,102.59112,102.979165,102.350264,102.925641,1453423,1642160
2011-04-19,102.858737,103.072831,102.644643,102.979165,924239,1626116
2011-04-20,102.91226,102.925641,102.59112,102.684786,843177,1639706
2011-04-21,102.617881,102.965784,102.550977,102.75169,683237,1645757
2011-04-25,102.778452,103.072831,102.711547,103.046069,375662,1654931
2011-04-26,103.005926,103.434114,102.952403,103.340448,804713,1660137
2011-04-27,103.380591,103.393972,102.885499,103.126354,936950,1647978
2011-04-28,103.22002,103.741874,103.179878,103.581304,1221532,1665672
2011-04-29,103.567923,103.808779,103.434114,103.741874,683198,1652954
2011-05-02,103.728493,104.009492,103.52778,103.822159,764557,1665112
2011-05-03,103.822159,104.063015,103.795398,103.996111,833913,1704182
2011-05-04,104.036253,104.29049,103.848921,104.170062,1113373,1696950
2011-05-05,104.170062,104.665154,104.103158,104.531345,1294057,1703953
2011-05-06,104.611631,104.879248,104.076396,104.718678,1745812,1722838
2011-05-09,104.625012,104.932772,104.491203,104.879248,1017360,1742151
2011-05-10,104.785582,104.839105,104.397537,104.558107,973335,1751566
2011-05-11,104.397537,104.892629,104.250347,104.839105,1283070,1775013
2011-05-12,104.825725,105.053199,104.491203,104.625012,1367062,1829568
2011-05-13,104.638392,105.307436,104.531345,104.90601,1485306,1845997
2011-05-16,105.039818,105.173627,104.825725,105.120104,809460,1866942
2011-05-17,105.146865,105.481387,104.959533,105.280674,1331416,1894013
2011-05-18,105.294055,105.481387,104.812344,104.932772,1376235,1892206
2011-05-19,104.852486,105.026438,104.437679,104.999676,1697298,1918083
2011-05-20,104.972914,105.240531,104.919391,105.173627,1155083,1920547
2011-05-23,105.227151,105.6821,105.227151,105.334198,1528651,1959888
2011-05-24,105.347727,105.49658,105.11768,105.401855,1692237,1943353
2011-05-25,105.415387,105.61837,104.955295,105.455984,2498176,1996445
2011-05-26,105.415387,106.051398,105.23947,105.997269,3378778,2095017
2011-05-27,106.010802,106.173187,105.794287,106.06493,2072884,2026957
2011-05-31,106.105527,106.267912,105.780755,106.186719,1731311,1973136
2011-06-01,106.078462,106.971584,105.983737,106.795666,1914737,1867103
2011-06-02,106.958052,106.985116,106.430298,106.497959,1641845,1814618
2011-06-03,106.511491,107.228694,106.484427,106.809198,1695322,1825944
2011-06-06,106.849794,106.944519,106.538555,106.82273,1019469,1824497
2011-06-07,106.863327,106.971584,106.44383,106.755069,1227973,1819249
2011-06-08,106.849794,107.364016,106.755069,107.147502,1472619,1827342
2011-06-09,107.255759,107.404612,106.63328,106.755069,1700303,1816956
2011-06-10,106.755069,107.228694,106.700941,106.971584,1100091,1827017
2011-06-13,106.998648,107.147502,106.63328,106.82273,1010224,1820617
2011-06-14,106.890391,106.930987,106.051398,106.119059,1539226,1830576
2011-06-15,106.159655,107.242227,106.132591,107.120437,1954187,1873257
2011-06-16,107.120437,107.824109,106.998648,107.512869,1897499,1849983
2011-06-17,107.377548,107.499337,107.01218,107.309887,1158542,1825820
2011-06-20,107.269291,107.688787,107.093373,107.228694,1060175,1859165
2011-06-21,107.269291,107.336952,106.998648,107.079841,1064597,1843464
2011-06-22,107.079841,107.512869,106.971584,107.093373,1197784,1874333
2011-06-23,107.215162,107.891769,107.161034,107.688787,1672620,1875291
2011-06-24,107.594062,108.203009,107.445209,108.027091,1201100,1872665
2011-06-27,108.094752,108.284202,107.702319,107.742916,1246697,1831016
2011-06-28,107.742916,107.905302,106.728005,106.809198,1455711,1792514
2011-06-29,106.903923,107.364016,106.173187,106.389702,1726601,1781109
2011-06-30,106.403234,106.592684,105.550709,105.943141,1803969,1794697
2011-07-01,105.861948,106.078462,105.401855,105.645434,1216776,1771052
2011-07-05,105.658966,106.335573,105.631902,106.227316,1086644,1764483
2011-07-06,106.281444,106.728005,106.051398,106.511491,1334443,1757330
2011-07-07,106.416766,106.44383,105.87548,106.06493,1307182,1742402
2011-07-08,106.119059,107.323419,105.834884,107.147502,1757813,1780404
2011-07-11,107.242227,107.891769,107.052777,107.864705,1362105,1808072
2011-07-12,107.797044,108.581909,107.702319,107.932366,1833314,1814745
2011-07-13,108.14888,108.203009,107.58053,108.081219,1494181,1846988
2011-07-14,107.986494,108.189477,107.661723,107.76998,1379310,1863067
2011-07-15,107.729384,108.175944,107.594062,108.135348,1208354,1888524
2011-07-18,108.14888,108.405991,108.013559,108.189477,1024140,1883822
2011-07-19,108.067687,108.33833,107.76998,108.189477,1105586,1915663
2011-07-20,108.230073,108.230073,107.824109,107.905302,957678,1908720
2011-07-21,107.918834,108.027091,107.120437,107.39108,1663000,1882778
2011-07-22,107.336952,107.715852,107.323419,107.675255,915039,1857915
2011-07-25,107.499337,107.932366,107.269291,107.499337,1217800,1889966
2011-07-26,107.512869,107.945898,107.20163,107.851173,1091495,1900615
2011-07-27,107.837641,107.972962,107.418144,107.594062,1182416,1878655
2011-07-28,107.607594,108.013559,107.566998,107.824109,1189986,1854235
2011-07-29,107.851173,109.069066,107.715852,108.852551,1523874,1860730
2011-08-01,108.649569,109.488562,108.514248,109.244984,1358501,1857163
2011-08-02,109.190855,110.097509,109.136726,109.948655,1551763,1863628
2011-08-03,110.056912,110.300491,109.772737,110.029848,1829765,1890147
2011-08-04,109.85393,111.193612,109.678012,110.855309,2097798,1870240
2011-08-05,111.139484,111.491319,109.786269,110.029848,2430867,1868392
2011-08-08,110.165169,111.572512,109.962187,111.355998,1890227,1907031
2011-08-09,111.545448,113.480544,110.706455,112.438569,2200374,1888324
2011-08-10,112.019073,113.033983,111.680769,112.641551,2098427,1851789
2011-08-11,112.803937,112.898662,111.721366,111.910816,1864829,1890635
2011-08-12,111.816091,112.546826,111.775494,112.479166,1200918,1941420
2011-08-15,112.343844,112.573891,112.019073,112.208523,819363,1937652
2011-08-16,112.059669,112.803937,112.032605,112.655083,1216523,1971277
2011-08-17,112.614487,112.952791,112.397973,112.898662,998954,1981933
2011-08-18,112.844533,114.008298,112.790405,113.26403,1678190,1961925
2011-08-19,113.250498,113.629398,112.871598,113.277562,1327695,1944021
2011-08-22,113.345223,113.439948,112.803937,113.101644,971471,1943519
2011-08-23,113.07458,113.331691,112.655083,112.871598,1230575,1945472
2011-08-24,112.817078,113.062422,111.972006,112.21735,1732249,1985060
2011-08-25,111.999267,112.708037,111.972006,112.571735,2511321,2049563
2011-08-26,112.476323,113.280505,112.394542,112.844339,2807472,2021970
2011-08-29,112.803448,112.830708,112.067418,112.312761,2188215,2076673
2011-08-30,112.367282,113.062422,112.340022,112.898859,2083626,2011822
2011-08-31,112.871599,113.157833,112.421803,112.558105,1821954,1908213
2011-09-01,112.489954,113.130573,112.162829,113.048791,1714350,1821678
2011-09-02,113.089682,113.784822,112.762557,113.716671,1452785,1799073
2011-09-06,113.716671,114.248248,113.553108,113.66215,1291231,1766216
2011-09-07,113.63489,113.63489,113.157833,113.362286,1047904,1748839
2011-09-08,113.307765,113.743931,113.280505,113.68941,953839,1723480
2011-09-09,113.621259,114.302769,113.457697,114.180097,1169463,1720676
2011-09-12,114.289139,114.38455,113.730301,113.921124,953088,1680326
2011-09-13,113.784822,114.043795,113.444067,113.566739,1134883,1649923
2011-09-14,113.512218,113.852973,113.335025,113.416807,1371892,1629325
2011-09-15,113.539478,113.621259,112.585365,112.95338,1472787,1582628
2011-09-16,112.98064,113.225984,112.694407,113.021531,904971,1556386
2011-09-19,113.321395,113.989275,113.266874,113.880233,899864,1565516
2011-09-20,113.880233,114.043795,113.553108,113.812082,866281,1566935
2011-09-21,113.839342,114.234618,113.539478,114.057425,1133762,1556204
2011-09-22,114.139207,115.025169,114.098316,114.929758,1253932,1582650
2011-09-23,114.834346,115.09332,114.057425,114.248248,1342640,1550883
2011-09-26,113.948384,114.37092,113.64852,113.703041,1039492,1536058
2011-09-27,113.703041,113.839342,113.007901,113.021531,1035210,1546979
2011-09-28,113.294135,113.484958,112.708037,113.116942,1311040,1525036
2011-09-29,113.307765,113.416807,112.898859,113.389546,1159946,1537572
2011-09-30,113.076052,113.798452,113.076052,113.484958,1096678,1529125
2011-10-03,113.539478,114.479961,113.539478,114.261878,1119331,1530992
2011-10-04,114.41181,114.616263,113.866603,114.234618,1406968,1496381
2011-10-05,113.989275,114.043795,113.416807,113.498588,1079239,1497009
2011-10-06,113.593999,113.703041,112.91249,112.98064,1132698,1492111
2011-10-07,112.994271,113.103312,112.067418,112.435433,1388474,1519790
2011-10-10,112.394542,112.449063,111.276867,111.304127,249629,1527646
2011-10-11,111.50858,112.067418,111.50858,111.862965,1014961,1535194
2011-10-12,111.903856,112.081048,111.235976,111.590361,1230795,1531941
2011-10-13,111.685772,112.380912,111.603991,112.040157,1287264,1510532
2011-10-14,111.958376,112.176459,111.467689,111.767554,1018618,1523095
2011-10-17,111.658512,112.312761,111.358648,112.285501,861642,1496320
2011-10-18,112.285501,112.789818,111.985637,112.380912,861642,1496320
2011-10-19,112.162829,112.585365,111.931116,112.394542,1145586,1490540
2011-10-20,112.340022,112.708037,112.012897,112.271871,1335247,1483012
2011-10-21,112.19009,112.380912,111.849335,112.23098,833836,1496941
2011-10-24,112.285501,112.421803,111.903856,111.958376,737126,1479490
2011-10-25,111.917486,112.789818,111.685772,112.639886,1254047,1504168
2011-10-26,112.708037,112.748927,112.040157,112.162829,1325942,1480177
2011-10-27,112.162829,112.299131,110.949742,111.058784,1680125,1526976
2011-10-28,111.017893,111.849335,110.977003,111.740293,1095930,1491542
2011-10-31,111.658512,113.007901,111.631252,112.585365,1087216,1469919
2011-11-01,112.95338,113.893863,112.735297,113.621259,1751708,1453541
2011-11-02,113.63489,113.852973,113.157833,113.67578,1079962,1439268
2011-11-03,113.757561,114.193727,113.239614,113.444067,1185920,1453607
2011-11-04,113.375916,113.798452,113.062422,113.621259,1152238,1469059
2011-11-07,113.553108,114.111946,113.389546,113.880233,939173,1477464
2011-11-08,113.63489,113.907493,113.280505,113.444067,905205,1484687
2011-11-09,113.362286,114.275508,113.307765,114.111946,1251900,1503725
2011-11-10,114.057425,114.180097,113.307765,113.703041,1110756,1495081
2011-11-11,113.730301,113.730301,113.130573,113.212354,160077,1491507
2011-11-14,113.212354,113.921124,113.062422,113.798452,758714,1490312
2011-11-15,113.743931,114.139207,113.593999,113.68941,951292,1480368
2011-11-16,113.757561,114.071056,113.63489,113.839342,844314,1480282
2011-11-17,114.016535,114.248248,113.63489,114.125576,1295255,1499678
2011-11-18,114.125576,114.220988,113.525848,113.66215,880474,1464742
2011-11-21,113.716671,114.057425,113.703041,113.907493,849495,1495009
2011-11-22,113.975644,114.166467,113.68941,114.098316,1292735,1522038
2011-11-23,114.139207,114.534482,113.866603,114.466331,1891055,1572270
2011-11-25,114.384138,114.384138,113.767697,113.973177,1305292,1633939
2011-11-28,113.658107,114.014273,113.164954,113.986876,2917656,1657998
2011-11-29,113.890985,113.94578,113.370434,113.740299,2256506,1556443
2011-11-30,113.808793,113.932081,112.986871,113.397832,1834477,1488799
2011-12-01,113.384133,113.575915,113.00057,113.219749,1197303,1435391
2011-12-02,113.301941,113.781395,112.767692,113.685505,1044085,1431483
2011-12-05,113.644408,113.740299,113.192351,113.589614,837526,1405611
2011-12-06,113.562216,113.712902,113.301941,113.384133,799013,1406900
2011-12-07,113.397832,114.000575,113.192351,113.94578,876307,1431832
2011-12-08,113.83619,114.343042,113.438928,114.301946,1046220,1445924
2011-12-09,114.288247,114.397837,113.712902,113.83619,796633,1435615
2011-12-12,113.781395,114.274549,113.671806,114.15126,571866,1435520
2011-12-13,114.069068,114.493728,113.849889,114.397837,955357,1452990
2011-12-14,114.37044,114.726606,114.178658,114.68551,890642,1495895
2011-12-15,114.630715,114.904689,114.37044,114.603317,843503,1478455
2011-12-16,114.589619,115.151265,114.452632,115.00058,762504,1482922
2011-12-19,115.00058,115.233458,114.822497,115.137567,490174,1472072
2011-12-20,115.137567,115.137567,114.493728,114.521125,638015,1463157
2011-12-21,114.521125,114.754003,114.233453,114.343042,763014,1493381
2011-12-22,114.356741,114.603317,114.26085,114.37044,443308,1485911
2011-12-23,114.397837,114.411536,113.808793,113.849889,312915,1475478
2011-12-27,113.918382,114.055369,113.781395,113.932081,173792,1474774
2011-12-28,113.959479,114.603317,113.918382,114.589619,272240,1488030
2011-12-29,114.480029,114.7814,114.343042,114.712907,296340,1488122
2011-12-30,114.644413,115.055374,114.493728,114.959484,558790,1488122
2012-01-03,114.507426,114.740304,114.397837,114.452632,655560,1497556
2012-01-04,114.507426,114.617016,114.192356,114.315645,1010300,1492557
2012-01-05,114.397837,114.740304,114.15126,114.411536,927640,1517996
2012-01-06,114.411536,114.754003,114.055369,114.630715,521510,1528881
2012-01-09,114.630715,114.959484,114.480029,114.726606,723190,1554747
2012-01-10,114.671811,114.754003,114.37044,114.603317,914700,1578979
2012-01-11,114.603317,115.123868,114.57592,115.027977,905310,1625458
2012-01-12,114.986881,115.123868,114.767702,114.822497,968150,1664440
2012-01-13,114.836195,115.493733,114.754003,115.329348,824600,1664440
2012-01-17,115.343047,115.480034,115.00058,115.370445,824600,1664440
2012-01-18,115.343047,115.466335,115.027977,115.082772,1252300,1678511
2012-01-19,115.055374,115.178663,114.411536,114.589619,993070,1647992
2012-01-20,114.548523,114.699208,114.164959,114.206055,977550,1668172
2012-01-23,114.274549,114.46633,113.808793,113.959479,963050,1689381
2012-01-24,114.014273,114.164959,113.849889,114.055369,1578300,1708405
2012-01-25,114.041671,115.192361,113.94578,114.644413,1313300,1723088
2012-01-26,114.740304,115.301951,114.68551,115.233458,1074100,1719496
2012-01-27,115.192361,115.575925,115.027977,115.480034,896670,1757317
2012-01-30,115.480034,115.918393,115.466335,115.754008,1160400,1753261
2012-01-31,115.726611,116.027982,115.452637,115.94579,1000800,1763911
2012-02-01,115.973187,115.973187,115.658117,115.712912,959870,1778051
2012-02-02,115.754008,115.94579,115.617021,115.877296,1338700,1779836
2012-02-03,115.877296,116.014283,115.110169,115.137567,710800,1781971
2012-02-06,115.329348,115.562226,115.164964,115.438938,1037700,1783153
2012-02-07,115.370445,115.452637,114.808798,114.986881,966210,1792717
2012-02-08,114.932086,115.041676,114.740304,114.932086,1283800,1817165
2012-02-09,114.89099,115.027977,114.46633,114.658112,1016000,1809945
2012-02-10,114.726606,115.288252,114.712907,115.192361,775200,1793164
2012-02-13,114.945785,115.20606,114.754003,114.959484,1020700,1802645
2012-02-14,115.110169,115.356746,114.932086,115.31565,1024100,1803352
2012-02-15,115.192361,115.52113,115.027977,115.356746,1089800,1843741
2012-02-16,115.370445,115.493733,114.699208,114.836195,861090,1875208
2012-02-17,114.877291,114.918387,114.493728,114.7814,1044000,1875208
2012-02-21,114.671811,114.712907,114.301946,114.534824,1110700,1882600
2012-02-22,114.452632,114.932086,114.301946,114.89099,1608900,1888911
2012-02-23,114.849894,115.110169,114.603317,115.027977,1436500,1914754
2012-02-24,114.931883,115.096621,114.849514,115.02798,3070100,1948465
2012-02-27,115.02798,115.481008,114.986796,115.398639,2501500,1951971
2012-02-28,115.343727,115.632018,115.261358,115.439824,1962300,1901149
2012-02-29,115.371183,115.508464,114.849514,115.055436,1452700,1894350
2012-03-01,115.110349,115.110349,114.492583,114.684777,947540,1870982
2012-03-02,114.753417,115.275086,114.671049,115.178989,768020,1849964
2012-03-05,115.220174,115.343727,114.959339,114.986796,929930,1824759
2012-03-06,114.959339,115.549649,114.918155,115.46728,806940,1858467
2012-03-07,115.46728,115.46728,115.220174,115.288814,794280,1844533
2012-03-08,115.24763,115.329999,114.945611,115.014252,993570,1835652
2012-03-09,115.02798,115.082893,114.684777,114.849514,582070,1819076
2012-03-12,114.876971,115.220174,114.835786,114.876971,1182000,1805410
2012-03-13,114.863243,114.918155,114.176836,114.327846,1797700,1795780
2012-03-14,114.204292,114.245477,113.009945,113.133498,1523700,1789783
2012-03-15,113.229595,113.394333,112.653014,113.202139,1289700,1815665
2012-03-16,113.160955,113.243323,112.543189,112.996217,1212300,1801229
2012-03-19,112.968761,113.257052,112.309811,112.419636,1152600,1808791
2012-03-20,112.39218,112.817752,112.213714,112.39218,1167900,1786732
2012-03-21,112.488276,113.023673,112.309811,112.955033,1137900,1778628
2012-03-22,112.927577,113.311964,112.817752,113.106042,1002100,1756640
2012-03-23,113.05113,113.600255,112.955033,113.380605,885750,1774065
2012-03-26,113.325692,113.504158,113.009945,113.394333,958120,1757899
2012-03-27,113.366877,113.957186,113.284508,113.861089,1060900,1750488
2012-03-28,113.874817,114.080739,113.641439,113.847361,1044700,1739696
2012-03-29,113.806177,114.190564,113.71008,114.135652,1097200,1731994
2012-03-30,114.121924,114.272933,113.572799,113.764992,968350,1731523
2012-04-02,113.723808,114.163108,113.49043,113.957186,1328900,1748914
2012-04-03,114.012099,114.272933,113.174683,113.27078,1266400,1735420
2012-04-04,113.188411,113.819905,113.133498,113.668895,1119200,1778317
2012-04-05,113.792449,114.465127,113.682624,114.190564,457030,1789100
2012-04-06,114.121924,115.178989,114.012099,115.137805,584410,1763355
2012-04-09,115.371183,115.371183,115.000524,115.220174,1410700,1766138
2012-04-10,115.151533,115.741843,115.02798,115.61829,1109800,1773855
2012-04-11,115.604561,115.61829,115.220174,115.384911,1121300,1796244
2012-04-12,115.329999,115.508464,115.096621,115.220174,949050,1815507
2012-04-13,115.206446,115.68693,115.192718,115.563377,1007400,1819841
2012-04-16,115.604561,115.892852,115.508464,115.700658,921910,1818042
2012-04-17,115.645746,115.783027,115.371183,115.46728,803870,1813480
2012-04-18,115.508464,115.700658,115.357455,115.590833,999210,1816175
2012-04-19,115.632018,115.810483,115.46728,115.769299,701220,1805913
2012-04-20,115.673202,115.783027,115.494736,115.68693,798990,1797842
2012-04-23,115.728115,116.098774,115.714386,115.961493,852650,1802612
2012-04-24,115.934036,116.071318,115.673202,115.783027,1269700,1819927
2012-04-25,115.700658,115.783027,115.261358,115.700658,1105500,1847655
2012-04-26,115.728115,116.085046,115.61829,115.90658,995150,1872016
2012-04-27,116.05759,116.441977,115.920308,116.112502,634370,1883888
2012-04-30,116.098774,116.304696,115.975221,116.222327,795400,1828132
2012-05-01,116.181143,116.332152,115.90658,115.947765,806011,1832781
2012-05-02,116.030133,116.332152,115.851668,116.139958,796340,1830759
2012-05-03,116.112502,116.236055,115.90658,116.139958,1290200,1811298
2012-05-04,116.085046,116.592987,115.961493,116.538074,636770,1859581
2012-05-07,116.661627,116.908733,116.510618,116.538074,1014200,1806621
2012-05-08,116.538074,116.963646,116.49689,116.78518,1228500,1884542
2012-05-09,116.743996,117.087199,116.702812,116.771452,1145500,1895486
2012-05-10,116.798908,116.881277,116.455705,116.661627,778470,1901833
2012-05-11,116.853821,116.977374,116.743996,116.922462,991100,1899965
2012-05-14,116.963646,117.389218,116.93619,117.22448,1282200,1905633
2012-05-15,117.320577,117.389218,117.032287,117.183296,1414700,1906411
2012-05-16,117.265665,117.37549,116.867549,117.22448,1363600,1922157
2012-05-17,117.22448,117.567684,116.991102,117.526499,1195600,1954674
2012-05-18,117.485315,117.59514,117.279393,117.567684,854670,1947168
2012-05-21,117.389218,117.512771,117.169568,117.402946,1299800,1976493
2012-05-22,117.361762,117.361762,116.963646,117.128384,1535000,2010955
2012-05-23,117.265665,117.636324,117.197024,117.553955,2542600,2105238
2012-05-24,117.429474,117.623115,117.152844,117.346485,1759300,2117497
2012-05-25,117.235833,117.609284,117.152844,117.540126,4026100,2088734
2012-05-29,117.540126,117.802925,117.291159,117.595452,2644600,2147766
2012-05-30,117.470969,118.453006,117.443306,118.356185,2134500,2076705
2012-05-31,118.342354,118.895614,118.134881,118.563658,2164822,2076705
2012-06-01,118.688141,119.462705,118.563658,119.269064,1898029,1953486
2012-06-04,119.282896,119.435042,118.67431,118.701973,1129500,1893541
2012-06-05,118.715804,118.867951,118.356185,118.563658,1731000,1875549
2012-06-06,118.453006,118.632815,117.858251,117.996566,1331400,1840481
2012-06-07,117.94124,118.245533,117.872082,118.107218,1228800,1856702
2012-06-08,118.176375,118.77113,118.121049,118.162544,1254500,1824530
2012-06-11,117.76143,118.563658,117.346485,118.425343,1250600,1819887
2012-06-12,118.480669,118.577489,117.872082,117.927408,1341900,1804110
2012-06-13,117.94124,118.439174,117.650778,118.370017,1210000,1833504
2012-06-14,118.370017,118.466837,117.927408,118.190207,893280,1818757
2012-06-15,117.982734,118.563658,117.968903,118.425343,838290,1825539
2012-06-18,117.982734,118.605152,117.927408,118.383848,967190,1813141
2012-06-19,118.439174,118.591321,117.996566,118.162544,1288700,1759586
2012-06-20,118.121049,118.259365,117.595452,117.913577,1017700,1738552
2012-06-21,117.802925,118.21787,117.747599,118.051892,846450,1031794
2012-06-22,117.982734,118.121049,117.650778,117.733767,641470,1729877
2012-06-25,117.747599,118.259365,117.733767,118.231701,897320,1733645
2012-06-26,118.259365,118.300859,117.913577,118.121049,702830,1730643
2012-06-27,118.107218,118.245533,117.968903,118.21787,993200,1762420
2012-06-28,118.204038,118.660478,118.107218,118.549826,1013726,1762420
2012-06-29,118.508332,118.646647,117.844419,118.065723,943320,1761838
2012-07-02,118.134881,118.826456,117.996566,118.632815,534610,1783281
2012-07-03,118.563658,118.646647,118.245533,118.300859,939890,1772714
2012-07-05,118.314691,118.701973,118.259365,118.577489,793990,1775271
2012-07-06,118.549826,118.992434,118.535995,118.937108,577330,1804251
2012-07-09,118.937108,119.172244,118.909445,119.103086,611840,1799774
2012-07-10,119.04776,119.186075,118.923277,119.172244,896820,1797301
2012-07-11,119.158412,119.435042,118.992434,119.144581,720040,1811758
2012-07-12,119.006266,119.310559,118.992434,119.199907,585180,1829031
2012-07-13,119.213738,119.296727,118.937108,119.103086,592040,1815608
2012-07-16,119.144581,119.518031,119.103086,119.338222,715030,1805427
2012-07-17,119.255233,119.379716,119.04776,119.103086,553250,1803643
2012-07-18,119.089255,119.338222,119.020097,119.282896,765630,1796276
2012-07-19,119.158412,119.269064,119.006266,119.033929,623440,1772078
2012-07-20,119.061592,119.5042,119.061592,119.421211,858990,1797215
2012-07-23,119.476537,119.836156,119.448874,119.559526,912520,1788648
2012-07-24,119.642515,119.836156,119.352053,119.739336,746700,1810150
2012-07-25,119.863819,119.932977,119.490368,119.711672,910820,1787025
2012-07-26,119.725504,119.794662,119.407379,119.531863,1288900,1770149
2012-07-27,119.421211,119.476537,118.466837,118.729636,820850,1724931
2012-07-30,118.812625,119.172244,118.632815,119.116918,987770,1731771
2012-07-31,119.103086,119.393548,118.978603,119.199907,870280,1757686
2012-08-01,119.338222,119.352053,118.729636,118.757299,1182800,1701165
2012-08-02,118.840288,119.435042,118.549826,119.172244,978210,1717862
2012-08-03,119.172244,119.241401,118.411511,118.535995,570060,1672913
2012-08-06,118.605152,118.895614,118.4945,118.715804,880610,1682526
2012-08-07,118.646647,118.729636,118.121049,118.245533,824020,1655120
2012-08-08,118.204038,118.425343,118.010397,118.162544,894010,1656940
2012-08-09,118.093386,118.231701,117.872082,118.134881,587010,1666821
2012-08-10,118.107218,118.4945,118.065723,118.383848,521770,1668737
2012-08-13,118.328522,118.4945,118.176375,118.287028,951430,1636490
2012-08-14,118.231701,118.300859,117.775262,117.858251,1207700,1647982
2012-08-15,117.802925,117.899745,117.263496,117.360317,1080900,1647646
2012-08-16,117.277328,117.470969,116.986866,117.166676,681960,1663625
2012-08-17,117.152844,117.443306,117.125181,117.291159,676670,1651728
2012-08-20,117.304991,117.457137,117.000698,117.304991,973660,1631207
2012-08-21,117.346485,117.457137,117.014529,117.38798,1168200,1631871
2012-08-22,117.415643,118.21787,117.401811,118.010397,1055300,1593374
2012-08-23,118.162544,118.439174,118.010397,118.342354,947020,1574177
2012-08-24,118.17503,118.565461,118.161086,118.230806,1042000,1562545
2012-08-27,118.188974,118.481797,118.119254,118.439965,1993100,1565612
2012-08-28,118.384189,118.690956,118.356301,118.579405,2575900,1604899
2012-08-29,118.551517,118.635181,118.300526,118.467853,1911000,1636317
2012-08-30,118.467853,118.886172,118.426021,118.816452,1285400,1618217
2012-08-31,118.760676,119.429986,118.565461,119.332378,1259900,1643208
2012-09-04,119.360266,119.429986,118.997723,119.053499,880160,1585291
2012-09-05,119.081387,119.304491,118.955892,119.011667,1122700,1569914
2012-09-06,118.997723,119.039555,118.370245,118.453909,1506700,1534912
2012-09-07,118.398133,119.165051,118.021647,118.7049,695110,1585537
2012-09-10,118.690956,118.900116,118.523629,118.565461,639470,1587126
2012-09-11,118.746732,118.858284,118.439965,118.495741,935570,1570830
2012-09-12,118.467853,118.565461,118.049534,118.10531,1709700,1583246
2012-09-13,118.161086,118.663069,117.659104,118.481797,1318200,1579726
2012-09-14,118.621237,118.635181,117.547552,117.700936,734450,1588474
2012-09-17,117.64516,117.979815,117.561496,117.826431,762290,1585472
2012-09-18,117.798543,118.258694,117.742767,117.979815,845100,1593535
2012-09-19,117.979815,118.300526,117.854319,118.133198,910520,1585723
2012-09-20,118.188974,118.579405,118.10531,118.161086,729790,1592775
2012-09-21,118.188974,118.481797,118.021647,118.398133,524520,1586844
2012-09-24,118.426021,118.732788,118.370245,118.621237,880820,1593877
2012-09-25,118.677012,118.91406,118.453909,118.84434,847430,1600327
2012-09-26,118.886172,119.290547,118.816452,119.262659,939420,1621509
2012-09-27,119.248715,119.248715,118.98378,119.137163,964360,1672761
2012-09-28,119.067443,119.44393,119.011667,119.123219,757450,1670842
2012-10-01,119.109275,119.290547,119.011667,119.206883,618130,1698069
2012-10-02,119.192939,119.304491,119.039555,119.262659,756620,1694919
2012-10-03,119.220827,119.402098,119.151107,119.346322,717760,1687137
2012-10-04,119.360266,119.37421,118.969836,119.067443,1000800,1681936
2012-10-05,119.025611,119.123219,118.565461,118.621237,164830,1672289
2012-10-08,118.593349,118.941948,118.593349,118.928004,726200,1681211
2012-10-09,118.886172,118.997723,118.635181,118.732788,807630,1671478
2012-10-10,118.746732,119.011667,118.523629,118.886172,995120,1678631
2012-10-11,118.997723,119.039555,118.537573,118.928004,714400,1675697
2012-10-12,118.941948,119.165051,118.77462,118.969836,612280,1693121
2012-10-15,118.969836,119.053499,118.760676,118.969836,895060,1679328
2012-10-16,118.969836,118.997723,118.509685,118.579405,1197000,1680993
2012-10-17,118.495741,118.537573,117.798543,117.868263,1135200,1666696
2012-10-18,117.812487,118.063478,117.71488,117.784599,805570,1657576
2012-10-19,117.71488,118.216862,117.71488,118.147142,752270,1651577
2012-10-22,118.133198,118.17503,117.728823,117.896151,770692,1651577
2012-10-23,117.742767,118.202918,117.728823,118.133198,937280,1694133
2012-10-24,118.161086,118.24475,117.937983,118.133198,1270000,1705967
2012-10-25,118.035591,118.063478,117.519664,117.71488,1095000,1700805
2012-10-26,117.686992,118.342358,117.603328,118.300526,346990,1689524
2012-10-29,118.398133,118.579405,118.286582,118.495741,291920,1688239
2012-10-30,118.537573,118.732788,118.31447,118.398133,993250,1702252
2012-10-31,118.370245,118.746732,118.147142,118.718844,998367,1717995
2012-11-01,118.649125,118.663069,118.384189,118.537573,823619,1714162
2012-11-02,118.453909,118.593349,118.077422,118.495741,1069627,1708649
2012-11-05,118.551517,118.900116,118.495741,118.816452,730343,1710889
2012-11-06,118.802508,118.84434,118.356301,118.426021,771399,1694764
2012-11-07,118.384189,119.318434,118.370245,119.206883,1589491,1722958
2012-11-08,119.095331,119.555482,119.053499,119.457874,1203300,1758414
2012-11-09,119.527594,119.764641,119.304491,119.499706,1167733,1663476
2012-11-12,119.499706,119.555482,119.346322,119.485762,214190,1741489
2012-11-13,119.499706,119.736753,119.416042,119.625202,829356,1764600
2012-11-14,119.555482,119.680977,119.304491,119.625202,983235,1794147
2012-11-15,119.58337,119.722809,119.416042,119.611258,937790,1807680
2012-11-16,119.611258,119.904081,119.527594,119.750697,965228,1835663
2012-11-19,119.694921,119.708865,119.388154,119.499706,613008,1845778
2012-11-20,119.541538,119.597314,119.151107,119.234771,1025323,1857000
2012-11-21,119.192939,119.332378,118.969836,119.039555,883003,1845472
2012-11-23,119.053499,119.178995,118.941948,118.98378,476031,1815409
2012-11-26,118.997776,119.347687,118.941791,119.193727,1446543,1790187
2012-11-27,119.17973,119.403673,119.053762,119.333691,1862487,1848887
2012-11-28,119.37568,119.655609,119.37568,119.571631,2791851,1884503
2012-11-29,119.501648,119.669606,119.389677,119.61362,1877109,1790802
2012-11-30,119.599623,119.767581,119.501648,119.711595,1058382,1778793
2012-12-03,119.655609,119.697599,119.37568,119.557634,916586,1734081
2012-12-04,119.599623,119.739588,119.459659,119.655609,841545,1701606
2012-12-05,119.683602,119.963531,119.585627,119.851559,925179,1716635
2012-12-06,119.851559,120.061506,119.80957,119.921542,727953,1723366
2012-12-07,119.893549,120.00552,119.557634,119.641613,1099948,1723405
2012-12-10,119.669606,119.879552,119.627616,119.697599,539743,1726574
2012-12-11,119.683602,119.753584,119.403673,119.501648,620670,1727989
2012-12-12,119.459659,119.627616,119.109748,119.193727,1225803,1715765
2012-12-13,119.193727,119.291702,118.815823,118.899801,1323650,1713189
2012-12-14,118.829819,119.039766,118.717847,118.955787,867779,1718365
2012-12-17,118.927794,118.927794,118.479908,118.591879,832108,1718429
2012-12-18,118.521897,118.591879,118.060014,118.185982,1208393,1698628
2012-12-19,118.255965,118.54989,118.129997,118.381933,1131712,1649284
2012-12-20,118.381933,118.577883,118.339943,118.381933,957300,1612584
2012-12-21,118.367936,118.815823,118.297954,118.675858,706935,1602954
2012-12-24,118.591879,118.661862,118.465911,118.535894,74527,1600200
2012-12-26,118.535894,118.773833,118.465911,118.689855,111844,1595891
2012-12-27,118.717847,119.151737,118.521897,119.067759,564774,1593101
2012-12-28,118.913798,119.207723,118.871808,119.095751,457798,1608600
2012-12-31,119.095751,119.193727,118.521897,118.941791,327518,1617683
2013-01-02,118.185982,118.451915,118.143993,118.367936,751402,1655451
2013-01-03,118.35394,118.465911,117.794082,117.906054,1192258,1673975
2013-01-04,117.780086,117.92005,117.458167,117.808078,1549319,1686550
2013-01-07,117.836071,118.032022,117.794082,117.864064,680447,1691240
2013-01-08,117.906054,118.15799,117.836071,118.116,834378,1715600
2013-01-09,118.074011,118.35394,117.948043,118.297954,975853,1729787
2013-01-10,118.241968,118.241968,117.892057,117.990032,1293788,1742398
2013-01-11,117.962039,118.255965,117.752093,118.15799,1123409,1755018
2013-01-14,118.15799,118.451915,118.116,118.269961,791877,1765786
2013-01-15,118.325947,118.605876,118.269961,118.479908,1068916,1785576
2013-01-16,118.423922,118.661862,118.395929,118.507901,800119,1812357
2013-01-17,118.521897,118.675858,118.018025,118.129997,1300341,1838685
2013-01-18,118.088007,118.451915,117.962039,118.367936,972121,1860446
2013-01-22,118.35394,118.54989,118.129997,118.479908,1139561,1886564
2013-01-23,118.423922,118.661862,118.381933,118.507901,746714,1889976
2013-01-24,118.577883,118.731844,118.227972,118.451915,1432951,1886616
2013-01-25,118.395929,118.409926,117.654118,117.710103,1678642,1917056
2013-01-28,117.668114,117.808078,117.29021,117.542146,1549772,1939873
2013-01-29,117.612128,117.780086,117.444171,117.542146,1360438,1983650
2013-01-30,117.458167,117.738096,117.29021,117.514153,1979899,1964867
2013-01-31,117.570139,117.850068,117.472164,117.598132,1498662,1951549
2013-02-01,117.542146,118.088007,117.29021,117.458167,2334897,1998776
2013-02-04,117.346196,117.962039,117.09426,117.794082,1718852,2016055
2013-02-05,117.892057,117.934046,117.458167,117.542146,1227332,2032227
2013-02-06,117.626125,117.934046,117.556142,117.892057,1340906,2024615
2013-02-07,117.906054,118.171986,117.68211,118.018025,1510648,2012680
2013-02-08,117.962039,118.143993,117.710103,118.004029,1139611,2013500
2013-02-11,117.976036,118.046018,117.794082,117.962039,737886,2015656
2013-02-12,117.878061,117.976036,117.68211,117.738096,909010,2030814
2013-02-13,117.766089,117.822075,117.360192,117.48616,1349333,2077451
2013-02-14,117.416178,117.878061,117.360192,117.850068,1461357,2084889
2013-02-15,117.822075,118.004029,117.584135,117.822075,1102849,2056800
2013-02-19,117.794082,117.948043,117.612128,117.654118,1067404,2087761
2013-02-20,117.640121,117.864064,117.48616,117.766089,1537488,2122308
2013-02-21,117.836071,118.227972,117.752093,118.060014,1778295,2158336
2013-02-22,118.060014,118.213975,117.906054,118.15799,2056920,2243447
2013-02-25,118.143871,118.948819,117.932042,118.708747,3364981,2246667
2013-02-26,118.892332,119.132404,118.708747,118.87821,4093072,2175882
2013-02-27,118.835844,119.160648,118.736991,118.793478,3049003,2166270
2013-02-28,118.779356,119.047673,118.779356,118.892332,1792507,2142073
2013-03-01,118.962941,119.217136,118.906454,119.10416,1447790,2128237
2013-03-04,119.188892,119.315989,118.948819,118.962941,868036,2098605
2013-03-05,118.977063,119.047673,118.736991,118.87821,990077,2122625
2013-03-06,118.835844,118.87821,118.51104,118.58165,1115148,2108701
2013-03-07,118.58165,118.694625,118.087383,118.143871,1452482,2102294
2013-03-08,118.115627,118.157993,117.494263,117.69197,1952718,2130253
2013-03-11,117.790823,117.847311,117.564872,117.69197,774759,2102826
2013-03-12,117.69197,118.016773,117.536629,117.932042,977873,2101426
2013-03-13,117.946164,118.087383,117.706092,117.91792,1292373,2112771
2013-03-14,117.91792,118.016773,117.593116,117.932042,1301840,2147772
2013-03-15,117.946164,118.369821,117.847311,118.299212,1278860,2153438
2013-03-18,118.638137,119.005307,118.496918,118.58165,1370182,2123269
2013-03-19,118.595772,119.061795,118.468674,118.906454,1574433,2089825
2013-03-20,118.948819,119.075916,118.567528,118.751113,1087013,2097064
2013-03-21,118.595772,118.892332,118.539284,118.765234,1119885,2100067
2013-03-22,118.87821,119.005307,118.638137,118.864088,1010113,2100703
2013-03-25,118.8076,119.075916,118.482796,118.920575,1356677,2134303
2013-03-26,118.864088,119.061795,118.680503,119.033551,1122865,2158237
2013-03-27,119.005307,119.584305,118.934697,119.414842,1361682,2205241
2013-03-28,119.414842,119.612549,119.203014,119.287745,1119551,2193583
2013-04-01,119.061795,119.527817,119.061795,119.414842,511683,2193992
2013-04-02,119.47133,119.527817,119.217136,119.287745,892391,2213520
2013-04-03,119.301867,119.782012,119.146526,119.669037,1316740,2186101
2013-04-04,119.711402,120.092694,119.598427,120.06445,1622879,2198301
2013-04-05,120.036206,120.530473,119.880865,120.346888,1582884,2216781
2013-04-08,120.262157,120.36101,119.965597,120.078572,1006082,2224702
2013-04-09,119.99384,120.219791,119.909109,120.036206,1012833,2226990
2013-04-10,120.036206,120.078572,119.612549,119.683158,1280679,2214066
2013-04-11,119.683158,119.894987,119.598427,119.796134,1070109,2242990
2013-04-12,119.796134,120.233913,119.76789,120.191547,1057182,2244021
2013-04-15,120.205669,120.459863,120.092694,120.248035,1267098,2217371
2013-04-16,120.389254,120.445741,120.022084,120.163303,1008883,2213803
2013-04-17,120.120938,120.473985,120.050328,120.262157,1228800,2222802
2013-04-18,120.2904,120.417498,120.149181,120.332766,1162744,2255586
2013-04-19,120.304522,120.318644,120.120938,120.205669,889170,2247573
2013-04-22,120.163303,120.431619,119.99384,120.2904,919702,2250410
2013-04-23,120.2904,120.714058,120.219791,120.276279,1436631,2264629
2013-04-24,120.233913,120.389254,120.092694,120.304522,1012271,2268198
2013-04-25,120.248035,120.332766,120.106816,120.262157,872109,2263045
2013-04-26,120.276279,120.629326,120.248035,120.601082,698180,2249656
2013-04-29,120.544595,120.699936,120.516351,120.615204,700741,2242562
2013-04-30,120.58696,120.88352,120.516351,120.530473,1166196,2208463
2013-05-01,120.530473,120.911764,120.459863,120.756423,799997,2211256
2013-05-02,120.770545,120.855277,120.572839,120.784667,1048369,2237297
2013-05-03,120.798789,120.855277,119.99384,120.078572,1834634,2258562
2013-05-06,120.135059,120.149181,119.880865,119.909109,762827,2278500
2013-05-07,119.99384,120.106816,119.782012,119.866743,873483,2271506
2013-05-08,119.909109,120.092694,119.782012,120.007962,1074567,2268233
2013-05-09,119.979718,120.191547,119.923231,119.951475,1306941,2302025
2013-05-10,119.923231,119.99384,119.188892,119.372476,1922988,2295479
2013-05-13,119.287745,119.457208,119.061795,119.273623,1337738,2306291
2013-05-14,119.287745,119.443086,118.864088,119.047673,1535026,2331523
2013-05-15,118.920575,119.330111,118.849966,119.160648,1645548,2344477
2013-05-16,119.188892,119.782012,119.047673,119.725524,1767014,2320474
2013-05-17,119.570183,119.782012,119.10416,119.17477,1526815,2317493
2013-05-20,119.203014,119.40072,118.977063,119.132404,1222719,2333694
2013-05-21,119.132404,119.386598,118.864088,119.217136,1744780,2353301
2013-05-22,119.301867,119.640793,118.496918,118.609894,3201625,2461976
2013-05-23,118.51104,119.061795,118.28509,118.638137,2667343,2442792
2013-05-24,118.652364,118.936868,118.552788,118.72349,1564324,2375689
2013-05-28,118.652364,118.766166,117.542799,117.827303,4216687,2493026
2013-05-29,117.613925,117.98378,117.087593,117.884204,5262185,2488508
2013-05-30,117.969555,118.111807,117.5997,117.884204,2830395,2322634
2013-05-31,117.95533,118.31096,117.229845,117.642376,2859691,2267648
2013-06-03,117.685051,118.296735,117.357872,117.798853,2285408,2215830
2013-06-04,117.969555,117.98378,117.57125,117.727727,1440740,2198731
2013-06-05,117.670826,118.140257,117.613925,117.941105,1600335,2172639
2013-06-06,117.98378,118.780391,117.727727,118.154483,1971730,2131701
2013-06-07,118.126032,118.453212,117.357872,117.514349,2091114,2148071
2013-06-10,117.443223,117.585475,117.016467,117.201394,2100300,2176359
2013-06-11,117.229845,117.443223,116.618161,117.300971,2122501,2160996
2013-06-12,117.343646,117.528574,117.030692,117.101818,1417045,2140136
2013-06-13,117.101818,117.855753,117.044917,117.457448,1693591,2102904
2013-06-14,117.670826,118.168708,117.656601,117.998005,1108933,2078704
2013-06-17,117.95533,118.140257,117.613925,117.727727,953634,2081421
2013-06-18,117.642376,117.727727,117.386322,117.656601,1050471,2087833
2013-06-19,117.62815,117.784628,115.978028,116.447459,1812996,2133110
2013-06-20,116.14873,116.191405,115.295218,115.707749,2329173,2176561
2013-06-21,115.693524,115.963802,114.768886,114.953813,1891970,2082765
2013-06-24,114.911138,114.939588,113.815798,114.669309,1973159,2113769
2013-06-25,114.72621,115.209867,114.271004,114.441706,1599774,2100334
2013-06-26,114.356355,115.110291,114.100302,114.854237,1407696,2088862
2013-06-27,114.911138,115.423245,114.768886,115.295218,1308698,2101625
2013-06-28,115.352119,115.551272,114.69776,115.224092,1436070,2137985
2013-07-01,115.05339,115.337894,114.683535,115.195642,852394,2160404
2013-07-02,115.309443,115.451695,115.096065,115.266768,812642,2154516
2013-07-03,115.238317,115.693524,114.882687,115.039165,874195,2136895
2013-07-05,114.896913,115.266768,113.403267,113.488618,1729787,2197759
2013-07-08,113.460168,114.114527,113.218339,114.057626,1051628,2228153
2013-07-09,114.114527,114.356355,113.915374,114.256779,827674,2226948
2013-07-10,114.228328,114.455932,113.943824,114.057626,1154837,2199661
2013-07-11,114.598183,115.167191,114.569733,114.996489,1276682,2178459
2013-07-12,114.939588,115.43747,114.768886,114.797336,973260,2143473
2013-07-15,114.854237,115.266768,114.541283,115.167191,762207,2144713
2013-07-16,115.252543,115.46592,115.110291,115.252543,844393,2120175
2013-07-17,115.238317,115.906902,115.024939,115.636623,1288626,2106783
2013-07-18,115.608172,115.878451,115.266768,115.394794,1012988,2152616
2013-07-19,115.423245,115.76465,115.352119,115.707749,655186,2172045
2013-07-22,115.693524,115.906902,115.679298,115.721974,604986,2193007
2013-07-23,115.807325,115.82155,115.423245,115.579722,785334,2211881
2013-07-24,115.650848,115.665073,114.811561,115.096065,1149371,2235568
2013-07-25,115.110291,115.323669,114.797336,114.982264,1207121,2243932
2013-07-26,115.252543,115.451695,115.124516,115.337894,705127,2255834
2013-07-29,115.280993,115.451695,115.05339,115.195642,687383,2277993
2013-07-30,115.110291,115.309443,115.039165,115.096065,745772,2312031
2013-07-31,115.08184,115.280993,114.285229,115.110291,1671988,2334509
2013-08-01,115.167191,115.209867,114.128752,114.142977,1349507,2391092
2013-08-02,114.256779,115.280993,113.943824,115.238317,1568044,2352314
2013-08-05,115.224092,115.295218,114.868462,115.024939,702705,2346153
2013-08-06,115.05339,115.152966,114.882687,115.039165,677530,2343075
2013-08-07,115.039165,115.394794,115.010714,115.295218,951749,2321909
2013-08-08,115.295218,115.537046,115.238317,115.451695,926854,2295248
2013-08-09,115.394794,115.508596,115.295218,115.451695,526710,2290838
2013-08-12,115.43747,115.608172,115.152966,115.280993,740988,2297453
2013-08-13,115.181417,115.181417,114.327905,114.441706,1409029,2332731
2013-08-14,114.413256,114.626634,114.31368,114.512832,801677,2339401
2013-08-15,114.527057,114.598183,113.63087,114.256779,1710088,2331113
2013-08-16,114.185653,114.228328,113.488618,113.787347,1170208,2323786
2013-08-19,113.815798,113.815798,113.332141,113.445943,1050336,2342406
2013-08-20,113.488618,114.057626,113.488618,113.95805,1079632,2307707
2013-08-21,113.943824,114.01495,113.24679,113.545519,1370143,2345145
2013-08-22,113.317916,113.403267,112.962286,113.132988,1313134,2370769
2013-08-23,113.24679,113.844248,112.89116,113.673546,1601479,2306154
2013-08-26,113.731016,114.061462,113.601711,113.860321,1402582,2289973
2013-08-27,113.975259,114.707988,113.860321,114.578682,2756741,2261608
2013-08-28,114.59305,114.679253,113.989626,114.104564,3925211,2290089
2013-08-29,114.219502,114.420643,113.673547,114.363174,2980107,2180111
2013-08-30,114.291338,114.449377,114.003993,114.276971,1700872,2130717
2013-09-03,113.889055,113.91779,113.08449,113.616078,1819761,2151279
2013-09-04,113.587343,113.644812,113.113225,113.185061,1082115,2154397
2013-09-05,113.185061,113.24253,112.423598,112.552903,1440364,2160434
2013-09-06,112.452332,113.687914,112.380496,113.041389,1771867,2147761
2013-09-09,113.08449,113.558609,112.98392,113.429304,839876,2131075
2013-09-10,113.271264,113.314366,112.897716,113.041389,1088267,2114314
2013-09-11,112.955185,113.529874,112.912083,113.458038,1307409,2112430
2013-09-12,113.458038,113.860321,113.400569,113.486773,1121440,2094922
2013-09-13,113.443671,113.731016,113.041389,113.601711,1003952,2087159
2013-09-16,114.205134,114.736722,113.960891,113.989626,1400894,1999738
2013-09-17,114.047095,114.348807,114.003993,114.147666,861290,1968911
2013-09-18,114.162033,115.771163,113.774117,115.469451,1824985,1983991
2013-09-19,115.570022,115.828632,115.067168,115.124637,1437341,1934077
2013-09-20,115.067168,115.340146,114.866027,115.210841,911777,1926944
2013-09-23,115.182106,115.498185,115.009699,115.354513,643931,1934874
2013-09-24,115.426349,115.900468,115.397615,115.799897,889838,1927684
2013-09-25,115.728061,116.144711,115.670592,116.115976,977861,1930081
2013-09-26,115.986671,116.087242,115.78553,115.94357,928679,1955007
2013-09-27,115.871733,116.30275,115.771163,116.173445,869082,1961569
2013-09-30,116.360219,116.475157,115.94357,116.216547,1098265,1955461
2013-10-01,116.245282,116.259649,115.857366,115.972304,1096674,1951203
2013-10-02,115.871733,116.46079,115.814265,116.216547,1109171,1953409
2013-10-03,116.259649,116.647564,116.001039,116.388954,1107046,1948965
2013-10-04,116.403321,116.446423,115.972304,116.029773,750593,1948526
2013-10-07,116.115976,116.374587,116.101609,116.130344,615228,1947087
2013-10-08,116.159078,116.317118,115.94357,116.101609,841314,1970617
2013-10-09,116.101609,116.317118,115.900468,116.101609,1015158,1968548
2013-10-10,116.001039,116.029773,115.555654,115.842999,1311095,1988558
2013-10-11,115.871733,116.230914,115.799897,115.957937,186820,2027383
2013-10-14,116.173445,116.187813,115.555654,115.78553,880060,2022922
2013-10-15,115.641858,115.929202,115.541287,115.728061,899973,2079085
2013-10-16,115.656225,116.144711,115.411982,116.101609,1164962,2101462
2013-10-17,116.130344,116.776869,116.072875,116.733767,1191272,2141327
2013-10-18,116.676298,117.107315,116.604462,116.676298,990675,2147649
2013-10-21,116.676298,116.748135,116.446423,116.546993,598515,2136165
2013-10-22,116.561361,117.250988,116.518259,117.236621,1188746,2187365
2013-10-23,117.207886,117.509598,117.207886,117.380293,871477,2215490
2013-10-24,117.279722,117.480864,117.121683,117.150417,845546,2225736
2013-10-25,117.150417,117.39466,117.092948,117.337191,610147,2178257
2013-10-28,117.29409,117.380293,117.121683,117.29409,501237,2142289
2013-10-29,117.250988,117.466496,117.179152,117.437762,767185,2156934
2013-10-30,117.409027,117.753841,117.049847,117.250988,1255137,2186388
2013-10-31,117.207886,117.480864,116.848705,117.107315,1477956,2200948
2013-11-01,116.992378,117.035479,116.489524,116.575728,1116223,2232233
2013-11-04,116.489524,116.834338,116.475157,116.762502,546574,2246096
2013-11-05,116.7194,116.819971,116.216547,116.374587,1140996,2275937
2013-11-06,116.360219,116.805604,116.317118,116.705033,1035906,2281330
2013-11-07,116.690666,117.164784,116.647564,116.906174,1275154,2228761
2013-11-08,116.949276,117.423395,115.814265,115.957937,1619120,2276003
2013-11-11,115.929202,116.101609,115.857366,115.886101,162948,2277162
2013-11-12,115.871733,115.94357,115.598756,115.771163,902677,2292115
2013-11-13,115.756796,116.561361,115.728061,116.187813,935228,2281385
2013-11-14,116.475157,116.748135,116.245282,116.633197,1373500,2315318
2013-11-15,116.676298,116.748135,116.388954,116.561361,723355,2296290
2013-11-18,116.503892,116.920541,116.46079,116.819971,764340,2327995
2013-11-19,116.863073,116.934909,116.503892,116.532626,977400,2374368
2013-11-20,116.532626,116.848705,116.058507,116.187813,1689889,2391886
2013-11-21,116.115976,116.288383,115.771163,116.187813,1828082,2436870
2013-11-22,116.216547,116.446423,116.115976,116.388954,1277293,2460826
2013-11-25,116.388951,116.621207,116.243792,116.490563,2744346,2535283
2013-11-26,116.577659,116.867978,116.476047,116.867978,3764186,2477469
2013-11-27,116.766366,116.795398,116.243792,116.577659,2720858,2403678
2013-11-29,116.519595,116.548627,116.301856,116.476047,865693,2413385
2013-12-02,116.345404,116.432499,115.880893,115.997021,1361717,2446677
2013-12-03,116.055084,116.330888,115.938957,116.21476,973734,2459449
2013-12-04,116.185728,116.229276,115.60509,115.764765,1515910,2452174
2013-12-05,115.793797,115.866377,115.401866,115.53251,1242273,2400598
2013-12-06,115.445414,115.735733,114.966388,115.401866,1709509,2381219
2013-12-09,115.474446,115.750249,115.38735,115.517994,714602,2381131
2013-12-10,115.619606,116.0696,115.561542,116.011537,1047670,2292555
2013-12-11,115.895409,115.967989,115.547026,115.67767,913646,2265883
2013-12-12,115.576058,115.706701,115.300255,115.430898,1045653,2250326
2013-12-13,115.416382,115.576058,115.314771,115.445414,638636,2226338
2013-12-16,115.474446,115.663154,115.329287,115.416382,651588,2205196
2013-12-17,115.38735,115.764765,115.358318,115.706701,677324,2188276
2013-12-18,115.706701,115.895409,114.995419,115.474446,1303579,2171542
2013-12-19,115.329287,115.430898,114.661552,114.879292,1295056,2170180
2013-12-20,114.908324,115.082515,114.516393,114.951872,872224,2136845
2013-12-23,114.937356,114.966388,114.647037,114.676068,398013,2178796
2013-12-24,114.676068,114.77768,114.269622,114.313169,202011,2162813
2013-12-26,114.327685,114.356717,114.182526,114.255106,133045,2167117
2013-12-27,114.284138,114.472845,114.109946,114.255106,380024,2158622
2013-12-30,114.298654,114.530909,114.124462,114.472845,358635,2178205
2013-12-31,114.487361,114.530909,114.051882,114.313169,351483,2211389
2014-01-02,114.080914,114.530909,114.066398,114.472845,611565,2212729
2014-01-03,114.414781,114.632521,114.313169,114.429297,527323,2215812
2014-01-06,114.356717,114.821228,114.211558,114.7051,683925,2215670
2014-01-07,114.719616,114.908324,114.647037,114.908324,721191,2214170
2014-01-08,114.835744,114.835744,114.269622,114.371233,1220623,2230600
2014-01-09,114.385749,114.603489,114.284138,114.574457,1052380,2202117
2014-01-10,114.559941,115.53251,114.516393,115.474446,1683461,2247998
2014-01-13,115.445414,115.793797,115.416382,115.735733,763779,2246458
2014-01-14,115.721217,115.735733,115.300255,115.358318,841926,2197399
2014-01-15,115.314771,115.445414,114.966388,115.169611,1030743,2196447
2014-01-16,115.126063,115.547026,115.067999,115.445414,843017,2215758
2014-01-17,115.474446,115.663154,115.343802,115.590574,704438,2202937
2014-01-21,115.619606,115.735733,115.198643,115.547026,889643,2232869
2014-01-22,115.488962,115.547026,115.097031,115.169611,869742,2257174
2014-01-23,115.111547,116.040568,115.053483,115.924441,1653771,2289972
2014-01-24,115.866377,116.592175,115.822829,116.185728,1877282,2318119
2014-01-27,116.316372,116.403467,115.953473,115.953473,1262120,2310993
2014-01-28,116.113148,116.243792,115.808313,116.200244,1204973,2334109
2014-01-29,115.982505,116.809914,115.866377,116.708303,1988672,2416545
2014-01-30,116.650239,116.722819,116.301856,116.548627,1396780,2360489
2014-01-31,116.534111,116.96959,116.447015,116.82443,1390771,2346951
2014-02-03,116.853462,117.521196,116.693787,117.448616,1624141,2399924
2014-02-04,117.4341,117.492164,117.114749,117.187329,1240853,2382511
2014-02-05,117.143781,117.492164,116.867978,116.940558,1478178,2368425
2014-02-06,116.911526,117.013138,116.621207,116.693787,1099706,2379596
2014-02-07,116.693787,117.317973,116.330888,117.027654,1772833,2392103
2014-02-10,116.926042,117.158297,116.89701,116.998622,659133,2400500
2014-02-11,117.013138,117.04217,116.548627,116.664755,1093880,2410966
2014-02-12,116.606691,116.693787,116.21476,116.35992,1063580,2393672
2014-02-13,116.374436,116.882494,116.35992,116.82443,1199190,2386247
2014-02-14,116.838946,117.027654,116.650239,116.722819,863742,2388851
2014-02-18,116.737334,117.114749,116.606691,117.013138,992943,2430028
2014-02-19,116.998622,117.317973,116.737334,116.809914,1077624,2412626
2014-02-20,116.75185,117.114749,116.461531,116.592175,1498156,2413986
2014-02-21,116.621207,116.722819,116.374436,116.693787,1108618,2388659
2014-02-24,116.693784,116.811375,116.473302,116.576194,1664930,2400515
2014-02-25,116.634989,116.973061,116.590893,116.914266,3062044,2513746
2014-02-26,116.899567,117.23764,116.781977,117.134748,3968802,2713204
2014-02-27,117.193543,117.443423,117.120049,117.35523,2453068,2503866
2014-02-28,117.35523,117.458122,116.826073,117.149447,1850810,2415492
2014-03-03,117.766797,117.781496,117.281736,117.575712,1730182,2405334
2014-03-04,117.590411,117.60511,116.855471,116.958363,1375114,2407282
2014-03-05,116.914266,117.075953,116.708483,116.958363,1327463,2398299
2014-03-06,116.899567,116.958363,116.546796,116.664387,1114060,2387773
2014-03-07,116.708483,116.796676,116.017639,116.223423,1727281,2397155
2014-03-10,116.267519,116.414507,116.105832,116.326314,902736,2422761
2014-03-11,116.296917,116.5027,116.179326,116.443905,1048342,2412737
2014-03-12,116.414507,116.855471,116.355712,116.708483,1291491,2431228
2014-03-13,116.664387,117.340531,116.443905,117.23764,2042220,2439833
2014-03-14,117.222941,117.590411,117.090652,117.267037,1738064,2413971
2014-03-17,117.208242,117.325833,116.899567,116.914266,916553,2438288
2014-03-18,116.958363,117.208242,116.884869,117.090652,1000265,2441194
2014-03-19,117.120049,117.208242,115.855953,116.149929,1729676,2451164
2014-03-20,116.105832,116.267519,115.929447,116.076435,1588779,2384538
2014-03-21,116.13523,116.223423,115.958844,116.13523,984094,2392556
2014-03-24,116.149929,116.208724,115.782459,116.105832,1183796,2424252
2014-03-25,116.105832,116.238121,115.958844,116.149929,1050747,2461363
2014-03-26,116.032338,116.576194,115.973543,116.458603,1214642,2469685
2014-03-27,116.473302,116.605591,116.25282,116.517399,1434932,2484751
2014-03-28,116.414507,116.561495,116.091133,116.238121,976086,2497816
2014-03-31,116.13523,116.223423,115.826555,116.179326,1291000,2535706
2014-04-01,116.208724,116.223423,115.973543,116.047037,970117,2503964
2014-04-02,116.091133,116.105832,115.561977,115.635471,1319561,2539686
2014-04-03,115.606073,115.797157,115.547278,115.679567,1107150,2564571
2014-04-04,115.606073,116.385109,115.429687,116.341013,2049775,2579089
2014-04-07,116.326314,116.649688,116.296917,116.517399,1123212,2582795
2014-04-08,116.473302,116.737881,116.370411,116.693784,1219420,2572114
2014-04-09,116.664387,116.899567,116.385109,116.840772,1260304,2562505
2014-04-10,116.826073,117.502218,116.781977,117.311134,1752926,2526674
2014-04-11,117.134748,117.531616,117.090652,117.399327,1224620,2506817
2014-04-14,117.428724,117.663905,117.075953,117.208242,959209,2516179
2014-04-15,117.120049,117.472821,116.98776,117.208242,1385149,2497347
2014-04-16,117.178845,117.252339,116.928965,117.002459,1055620,2503256
2014-04-17,117.031857,117.164146,116.296917,116.414507,1142067,2477815
2014-04-21,116.385109,116.605591,116.25282,116.399808,433702,2489951
2014-04-22,116.414507,116.546796,116.179326,116.296917,930102,2493544
2014-04-23,116.414507,116.737881,116.326314,116.605591,1029075,2515188
2014-04-24,116.488001,116.708483,116.267519,116.576194,1403620,2524419
2014-04-25,116.62029,116.943664,116.576194,116.708483,1060259,2504997
2014-04-28,116.708483,116.840772,116.414507,116.737881,1109825,2505680
2014-04-29,116.561495,116.708483,116.355712,116.649688,1130934,2528687
2014-04-30,116.664387,117.075953,116.473302,117.046555,1535474,2560362
2014-05-01,117.046555,117.399327,116.928965,117.267037,958069,2589420
2014-05-02,117.193543,117.502218,116.443905,117.267037,2463746,2623008
2014-05-05,117.311134,117.487519,117.134748,117.193543,733187,2612560
2014-05-06,117.193543,117.311134,117.061254,117.252339,970064,2618485
2014-05-07,117.267037,117.561013,117.090652,117.472821,1509009,2653097
2014-05-08,117.443423,117.737399,117.369929,117.693303,1448017,2669639
2014-05-09,117.590411,117.766797,117.502218,117.590411,950911,2706429
2014-05-12,117.561013,117.575712,117.281736,117.340531,728421,2694438
2014-05-13,117.325833,117.7227,117.252339,117.649206,1068100,2735107
2014-05-14,117.678604,118.354749,117.619809,118.178363,1621780,2732897
2014-05-15,118.134267,118.678122,117.957881,118.45764,2057662,2756189
2014-05-16,118.472339,118.545833,118.237158,118.325351,1118089,2730723
2014-05-19,118.237158,118.575231,118.207761,118.281255,993871,2730753
2014-05-20,118.22246,118.575231,118.178363,118.531134,1278970,2796523
2014-05-21,118.487038,118.634026,118.119568,118.354749,1421028,2739219
2014-05-22,118.34005,118.413544,118.119568,118.178363,1265724,2762470
2014-05-23,118.207761,118.442942,118.163664,118.34005,1039518,2806744
2014-05-27,118.310459,118.473197,118.162515,118.458403,3179619,2841037
2014-05-28,118.428814,119.064971,118.414019,119.020588,5041871,2795561
2014-05-29,118.946616,119.301681,118.75429,118.946616,3153003,2756332
2014-05-30,118.798673,118.872645,118.561963,118.843056,1568648,2763150
2014-06-02,118.665524,118.724701,118.162515,118.251282,1468847,2731995
2014-06-03,118.295665,118.354842,117.733479,117.807451,1416134,2580717
2014-06-04,117.748274,117.999778,117.585536,117.70389,1453458,2586887
2014-06-05,117.733479,118.073749,117.437592,117.896217,1541023,2582187
2014-06-06,117.896217,118.325253,117.689096,117.748274,1546525,2535519
2014-06-09,117.748274,117.777862,117.467181,117.585536,838307,2577030
2014-06-10,117.644713,117.748274,117.334032,117.422798,1054794,2594787
2014-06-11,117.348826,117.644713,117.215677,117.481975,1091719,2613580
2014-06-12,117.467181,118.014572,117.319237,117.925806,1367721,2618962
2014-06-13,117.748274,117.807451,117.36362,117.689096,1232768,2595666
2014-06-16,117.70389,117.896217,117.585536,117.70389,769878,2581033
2014-06-17,117.718685,117.777862,117.26006,117.274854,1112748,2601086
2014-06-18,117.289648,117.881423,117.200882,117.615124,1338686,2569913
2014-06-19,117.881423,118.103338,117.526358,117.733479,1324911,2554413
2014-06-20,117.763068,117.83704,117.481975,117.659507,849432,2553022
2014-06-23,117.763068,117.911011,117.615124,117.659507,659785,2554934
2014-06-24,117.644713,118.014572,117.615124,117.9406,1130926,2583750
2014-06-25,117.970189,118.428814,117.925806,118.162515,1181606,2584897
2014-06-26,118.132927,118.51758,118.073749,118.428814,1132153,2622327
2014-06-27,118.354842,118.62114,118.340048,118.443608,751930,2608492
2014-06-30,118.443608,118.576757,118.310459,118.51758,830945,2593290
2014-07-01,118.428814,118.502786,118.17731,118.236487,836993,2603368
2014-07-02,118.221693,118.340048,117.763068,117.777862,1079479,2594676
2014-07-03,117.822245,117.881423,117.230471,117.615124,1314623,2609513
2014-07-07,117.615124,117.807451,117.467181,117.777862,639246,2625638
2014-07-08,117.792657,118.236487,117.718685,118.118132,1026381,2686230
2014-07-09,118.132927,118.354842,117.807451,118.340048,1147226,2669204
2014-07-10,118.266076,118.813467,118.266076,118.51758,1406297,2658473
2014-07-11,118.473197,118.709907,118.384431,118.561963,662299,2653591
2014-07-14,118.561963,118.591552,118.325253,118.325253,558467,2650552
2014-07-15,118.340048,118.591552,118.118132,118.266076,1331364,2625979
2014-07-16,118.28087,118.399225,118.118132,118.251282,723401,2636253
2014-07-17,118.340048,118.902233,118.325253,118.695112,1532775,2671117
2014-07-18,118.917028,119.050177,118.502786,118.62114,1004529,2662890
2014-07-21,118.576757,118.843056,118.532374,118.606346,712902,2676807
2014-07-22,118.650729,118.783878,118.414019,118.739495,1028969,2723060
2014-07-23,118.75429,118.872645,118.635935,118.75429,612858,2727370
2014-07-24,118.739495,118.798673,118.310459,118.399225,1182952,2739755
2014-07-25,118.458403,118.695112,118.295665,118.650729,948337,2727954
2014-07-28,118.635935,118.665524,118.414019,118.473197,1128600,2732285
2014-07-29,118.502786,118.769084,118.384431,118.709907,1136826,2764504
2014-07-30,118.680318,118.75429,117.822245,118.029366,1844853,2733218
2014-07-31,118.058955,118.132927,117.629919,117.984983,1902420,2765326
2014-08-01,118.014572,118.724701,117.792657,118.591552,2354667,2834584
2014-08-04,118.591552,118.887439,118.51758,118.709907,759986,2821133
2014-08-05,118.769084,118.872645,118.443608,118.724701,1192125,2814975
2014-08-06,118.680318,119.079765,118.650729,118.828261,1233150,2814230
2014-08-07,118.843056,119.316475,118.724701,119.227709,1363758,2832070
2014-08-08,119.257298,119.819483,119.168532,119.272092,1856785,2828250
2014-08-11,119.138943,119.301681,119.050177,119.227709,824336,2840919
2014-08-12,119.168532,119.301681,119.079765,119.138943,848398,2844443
2014-08-13,119.109354,119.508802,118.887439,119.43483,1346395,2865814
2014-08-14,119.420036,119.715923,119.316475,119.582774,1324731,2875352
2014-08-15,119.53839,120.278108,119.464419,119.908249,1650111,2901820
2014-08-18,119.893455,119.923044,119.53839,119.641951,805713,2879206
2014-08-19,119.567979,119.863866,119.494007,119.508802,1042857,2892767
2014-08-20,119.53839,119.582774,119.109354,119.227709,1282205,2893495
2014-08-21,119.227709,119.420036,119.09456,119.316475,1222302,2932971
2014-08-22,119.301681,119.523596,118.931822,119.19812,1636728,2883804
2014-08-25,119.16838,119.39143,119.12377,119.27247,1995432,2906205
2014-08-26,119.33195,119.54013,119.28734,119.37656,3059852,2854257
2014-08-27,119.34682,119.644221,119.31708,119.56987,3985715,2838729
2014-08-28,119.58474,119.867271,119.56987,119.763181,2881309,2814383
2014-08-29,119.748311,119.822661,119.59961,119.703701,1420721,2746913
2014-09-02,119.673961,119.688831,119.15351,119.18325,1541376,2721411
2014-09-03,119.19812,119.28734,118.737149,119.18325,1470210,2708041
2014-09-04,119.27247,119.48065,118.841239,118.945329,1772607,2675307
2014-09-05,118.945329,119.59961,118.781759,119.01968,1737991,2702459
2014-09-08,119.01968,119.31708,118.826369,118.915589,1142031,2715042
2014-09-09,118.826369,118.885849,118.558709,118.633059,1292703,2757225
2014-09-10,118.603319,118.692539,118.365398,118.469489,1279467,2792855
2014-09-11,118.410008,118.677669,118.320788,118.484359,1358915,2794554
2014-09-12,118.395138,118.439749,117.963908,117.993648,1604429,2775203
2014-09-15,118.053128,118.246438,117.934168,118.157218,896665,2731145
2014-09-16,118.157218,118.439749,118.127478,118.216698,1159155,2659350
2014-09-17,118.201828,118.603319,117.830078,118.053128,1690272,2639984
2014-09-18,117.815207,117.963908,117.592157,117.755727,1351833,2634830
2014-09-19,117.815207,118.097738,117.532677,118.008518,1143786,2614819
2014-09-22,118.038258,118.380268,118.038258,118.276178,1020227,2635801
2014-09-23,118.261308,118.573579,118.246438,118.514099,938294,2632136
2014-09-24,118.543839,118.573579,118.246438,118.276178,1033343,2687231
2014-09-25,118.276178,118.811499,118.261308,118.722279,1425955,2759442
2014-09-26,118.752019,118.885849,118.335658,118.424879,1683786,2708413
2014-09-29,118.484359,118.841239,118.380268,118.737149,1157726,2728273
2014-09-30,118.811499,118.826369,118.484359,118.618189,1415284,2731029
2014-10-01,118.766889,119.58474,118.662799,119.45091,1964045,2761306
2014-10-02,119.555,119.644221,119.21299,119.2576,1772265,2739980
2014-10-03,119.33195,119.34682,118.781759,119.09403,1780153,2719783
2014-10-06,119.13864,119.51039,119.06429,119.34682,1113753,2699198
2014-10-07,119.39143,120.030841,119.30221,119.911881,1570720,2708628
2014-10-08,119.971361,120.506682,119.718571,120.268762,2290910,2760289
2014-10-09,120.343112,120.759472,120.239022,120.328242,2290050,2798099
2014-10-10,120.402592,120.655382,120.120061,120.432332,1403058,2797844
2014-10-13,120.640512,121.205573,120.581032,121.012263,516844,2831049
2014-10-14,121.190703,121.562454,120.863563,121.279923,2154506,2801826
2014-10-15,121.339403,124.224188,121.086613,122.350565,4101918,2803430
2014-10-16,122.038295,123.302247,121.607064,121.859854,3202114,2772980
2014-10-17,121.800374,122.127515,121.279923,121.473234,1969602,2797117
2014-10-20,121.458364,121.785504,121.235313,121.636804,1407185,2811985
2014-10-21,121.562454,122.068035,121.279923,121.488104,1489618,2832490
2014-10-22,121.369143,121.696284,121.086613,121.265053,1307359,2827707
2014-10-23,121.384013,121.517844,120.685122,120.878433,1423150,2807268
2014-10-24,120.923043,121.294793,120.863563,120.893303,1356094,2775920
2014-10-27,120.833823,121.101483,120.670252,120.997393,908940,2755795
2014-10-28,120.952783,121.071743,120.685122,120.818953,1174034,2726427
2014-10-29,120.759472,120.878433,120.090321,120.343112,1162843,2729696
2014-10-30,120.432332,120.640512,120.209282,120.506682,1371161,2785948
2014-10-31,120.506682,120.610772,120.105191,120.253892,1395847,2754305
2014-11-03,120.313372,120.506682,119.867271,120.164671,1143558,2767823
2014-11-04,120.209282,120.506682,120.120061,120.179541,1147806,2767604
2014-11-05,120.224152,120.313372,119.971361,120.179541,961576,2779690
2014-11-06,120.224152,120.357982,119.822661,119.971361,1175733,2774864
2014-11-07,119.911881,120.625642,119.763181,120.536422,1614869,2798886
2014-11-10,120.551292,120.878433,120.149801,120.164671,949553,2795895
2014-11-11,120.164671,120.239022,119.971361,120.015971,229537,2786466
2014-11-12,120.090321,120.506682,120.015971,120.224152,1020917,2830491
2014-11-13,120.120061,120.432332,120.060581,120.372852,1066922,2833405
2014-11-14,120.402592,120.625642,120.075451,120.566162,1195986,2862354
2014-11-17,120.491812,120.863563,120.313372,120.357982,1028252,2878552
2014-11-18,120.387722,120.610772,120.357982,120.521552,875563,2902018
2014-11-19,120.536422,120.581032,120.164671,120.283632,1221837,2922287
2014-11-20,120.239022,120.685122,120.239022,120.447202,1850871,2955898
2014-11-21,120.402592,120.595902,120.253892,120.566162,1454133,2954088
2014-11-24,120.566163,120.760553,120.40168,120.670835,2926175,2937245
2014-11-25,120.670835,121.074566,120.581116,121.04466,4700849,3032735
2014-11-26,121.04466,121.34372,121.014754,121.283908,2676877,2852220
2014-11-28,121.224096,121.702593,121.209143,121.582968,964823,2770157
2014-12-01,121.732499,122.001653,121.254002,121.463344,1655081,2740966
2014-12-02,121.328767,121.373626,120.835318,120.910083,1403255,2670284
2014-12-03,120.880177,120.984848,120.730647,120.850271,1224604,2663590
2014-12-04,120.910083,121.19419,120.715694,121.059613,1171385,2666365
2014-12-05,121.179237,121.19419,120.326915,120.491398,1685038,2697498
2014-12-08,120.431586,120.939989,120.147479,120.790459,1102832,2657568
2014-12-09,120.775506,121.418485,120.685788,121.149331,1487419,2628838
2014-12-10,121.19419,121.747452,121.059613,121.627828,1303683,2651346
2014-12-11,121.627828,121.896982,121.149331,121.418485,1551672,2689188
2014-12-12,121.463344,122.300713,121.448391,122.061465,1547708,2756987
2014-12-15,122.13623,122.375478,121.717546,121.777358,1421425,2718947
2014-12-16,121.807264,122.868928,121.792311,122.151183,1470220,2693428
2014-12-17,122.225948,122.345572,121.433438,121.49325,1310211,2658099
2014-12-18,121.478297,121.762405,120.880177,121.04466,1250382,2616390
2014-12-19,121.014754,121.328767,120.850271,121.19419,806139,2601445
2014-12-22,121.239049,121.373626,121.074566,121.254002,427537,2591350
2014-12-23,121.268955,121.34372,120.491398,120.581116,547909,2581383
2014-12-24,120.566163,120.760553,120.25215,120.536257,341495,2598757
2014-12-26,120.566163,120.685788,120.506351,120.596069,168231,2611220
2014-12-29,120.581116,121.04466,120.55121,120.954942,435798,2604013
2014-12-30,120.939989,121.298861,120.939989,121.134378,419220,2606841
2014-12-31,121.164284,121.358673,121.119425,121.34372,270133,2608757
