,Open,High,Low,Close,Volume,OpenInterest
1998-04-21,9655.25,9718.29,9614.27,9711.98,15330,13833
1998-04-22,9707.78,9734.05,9681.51,9696.22,10783,13571
1998-04-23,9682.56,9723.54,9623.73,9646.84,14445,14437
1998-04-24,9634.24,9673.11,9511.31,9547.03,14876,14814
1998-04-27,9547.03,9552.29,9319.05,9429.36,18539,14836
1998-04-28,9422.01,9507.11,9350.57,9392.59,16581,15223
1998-04-29,9392.59,9492.4,9376.83,9439.87,14505,14814
1998-04-30,9418.86,9636.34,9418.86,9580.65,13461,14322
1998-05-01,9422.01,9673.11,9422.01,9666.81,8895,14035
1998-05-04,9686.77,9765.56,9666.81,9690.97,12521,13789
1998-05-05,9644.74,9686.77,9597.46,9654.2,13103,13934
1998-05-06,9644.74,9680.46,9521.82,9524.97,14836,13861
1998-05-07,9508.16,9552.29,9450.38,9460.88,11200,13761
1998-05-08,9468.24,9592.21,9439.87,9588.01,12299,13852
1998-05-11,9595.36,9681.51,9550.19,9584.86,13576,14358
1998-05-12,9586.96,9684.67,9541.78,9677.31,14617,14291
1998-05-13,9678.36,9728.79,9650.0,9718.29,13061,14464
1998-05-14,9706.73,9722.49,9618.48,9653.15,14794,14596
1998-05-15,9644.74,9686.77,9565.95,9570.15,11100,14514
1998-05-18,9551.24,9622.68,9471.39,9537.58,14244,14665
1998-05-19,9539.68,9618.48,9518.67,9548.08,11569,14492
1998-05-20,9560.69,9676.26,9523.92,9673.11,13660,15323
1998-05-21,9665.75,9700.43,9586.96,9612.17,13311,14855
1998-05-22,9612.17,9648.94,9562.79,9606.92,7596,14877
1998-05-26,9655.25,9662.6,9413.6,9437.77,13240,14950
1998-05-27,9431.46,9445.12,9245.5,9433.57,20856,14993
1998-05-28,9434.62,9476.64,9374.73,9461.93,13208,14939
1998-05-29,9466.14,9512.36,9340.06,9348.47,12034,14743
1998-06-01,9403.1,9450.38,9298.04,9405.2,18621,16083
1998-06-02,9409.4,9450.38,9329.55,9358.97,16369,16159
1998-06-03,9363.17,9401.0,9211.88,9216.09,13703,16333
1998-06-04,9235.0,9350.57,9187.72,9347.41,16565,16390
1998-06-05,9339.01,9537.58,9319.05,9531.27,16996,16550
1998-06-08,9530.22,9585.91,9500.81,9541.78,10757,16298
1998-06-09,9466.14,9558.59,9466.14,9527.07,13262,16296
1998-06-10,9424.11,9565.95,9403.1,9418.86,20186,16831
1998-06-11,9362.69,9460.46,9231.62,9250.35,21238,18026
1998-06-12,9248.27,9304.44,9117.2,9299.24,23837,18356
1998-06-15,9287.79,9307.56,9013.19,9028.79,21696,19073
1998-06-16,9043.35,9131.77,9007.99,9108.88,19750,19030
1998-06-17,9106.8,9351.25,9076.64,9297.16,24644,18902
1998-06-18,9299.24,9335.64,9228.5,9252.43,16720,19522
1998-06-19,9236.83,9302.36,9125.53,9147.37,11539,13509
1998-06-22,9121.37,9210.82,9100.56,9153.61,12402,13784
1998-06-23,9164.01,9278.43,9141.13,9271.15,10843,13837
1998-06-24,9268.03,9386.61,9210.82,9373.09,17646,14014
1998-06-25,9361.65,9476.07,9351.25,9398.05,16986,14550
1998-06-26,9387.65,9437.58,9372.05,9410.54,9792,14371
1998-06-29,9417.82,9507.27,9403.25,9462.55,12020,14420
1998-06-30,9462.55,9469.83,9364.77,9392.85,14377,14647
1998-07-01,9491.67,9507.27,9392.85,9490.63,12069,14484
1998-07-02,9494.79,9523.92,9440.7,9468.79,6604,14272
1998-07-06,9480.23,9562.4,9439.66,9559.28,11005,14509
1998-07-07,9544.72,9598.81,9515.59,9547.84,12318,14802
1998-07-08,9601.93,9637.3,9533.28,9627.93,11908,14992
1998-07-09,9631.05,9637.3,9496.87,9520.8,13440,14879
1998-07-10,9516.63,9574.89,9458.38,9554.08,13082,15757
1998-07-13,9518.72,9585.29,9465.67,9515.59,10119,15537
1998-07-14,9510.39,9696.59,9509.35,9682.02,15098,16295
1998-07-15,9678.9,9748.6,9658.1,9678.9,13610,16657
1998-07-16,9679.94,9780.84,9640.42,9769.4,13433,16411
1998-07-17,9772.52,9796.44,9742.35,9769.4,9223,16347
1998-07-20,9770.44,9793.32,9692.43,9741.31,11204,15948
1998-07-21,9741.31,9788.12,9592.57,9604.01,16324,16400
1998-07-22,9600.89,9626.89,9496.87,9562.4,17390,16014
1998-07-23,9555.12,9581.13,9320.04,9324.2,19458,16149
1998-07-24,9310.68,9424.06,9257.63,9352.29,16497,16184
1998-07-27,9351.25,9444.86,9259.71,9439.66,15462,16215
1998-07-28,9430.3,9452.14,9195.22,9330.44,20939,16367
1998-07-29,9332.52,9407.42,9271.15,9307.56,14864,15908
1998-07-30,9309.64,9444.86,9301.32,9414.7,11579,15876
1998-07-31,9413.66,9455.26,9205.62,9257.63,12896,15564
1998-08-03,9217.06,9283.63,9158.81,9165.05,13615,16125
1998-08-04,9164.01,9246.19,8820.75,8846.76,25729,17567
1998-08-05,8888.36,8955.98,8716.73,8950.78,20637,17799
1998-08-06,8961.18,8981.98,8857.16,8950.78,14617,17472
1998-08-07,8966.38,9091.2,8903.97,8970.54,15401,17628
1998-08-10,8962.22,9007.99,8898.77,8959.1,12689,17132
1998-08-11,8950.78,8950.78,8806.19,8806.19,18414,17375
1998-08-12,8799.95,8950.78,8797.87,8945.57,14194,17356
1998-08-13,8945.57,8981.98,8789.55,8797.87,17064,17799
1998-08-14,8789.55,8924.77,8721.93,8763.54,17213,17663
1998-08-17,8789.55,8950.78,8649.12,8932.05,15254,17216
1998-08-18,8929.97,9127.61,8906.05,9112.0,0,0
1998-08-19,9117.2,9165.05,9041.27,9071.44,12138,17051
1998-08-20,9075.6,9105.76,8971.58,8989.26,13604,16993
1998-08-21,8995.5,9007.99,8680.33,8929.97,18944,17250
1998-08-24,8903.97,9001.74,8867.56,8941.41,13807,17006
1998-08-25,8941.41,9065.2,8898.77,8959.1,15508,17129
1998-08-26,8958.06,8959.1,8815.55,8901.89,17977,17602
1998-08-27,8896.69,8927.89,8425.48,8435.88,25311,18775
1998-08-28,8451.49,8602.31,8248.65,8418.2,22731,18780
1998-08-31,8415.08,8491.01,7759.77,7785.77,24983,19811
1998-09-01,7827.38,8238.25,7655.75,8186.24,26476,20238
1998-09-02,8182.08,8285.06,8066.62,8087.42,18206,20408
1998-09-03,8092.62,8097.83,7884.59,8033.33,19502,20667
1998-09-04,8040.62,8100.95,7775.37,7981.32,15289,20293
1998-09-08,8061.42,8409.88,8061.42,8400.52,16837,20609
1998-09-09,8384.92,8408.84,8149.83,8155.04,22347,20144
1998-09-10,8082.87,8113.8,7799.35,7855.02,28620,23010
1998-09-11,7874.61,8180.81,7737.49,8172.56,22225,22764
1998-09-14,8172.56,8350.92,8122.04,8247.82,19502,21271
1998-09-15,8252.98,8366.39,8170.5,8344.73,19413,21262
1998-09-16,8345.77,8448.86,8273.6,8428.24,20803,20612
1998-09-17,8417.93,8433.4,8160.19,8194.21,22650,21797
1998-09-18,8195.24,8288.03,8129.26,8211.74,13308,13937
1998-09-21,8202.46,8268.44,7943.68,8228.23,16379,14972
1998-09-22,8222.05,8324.12,8155.03,8196.27,12764,14895
1998-09-23,8206.58,8510.72,8165.34,8502.47,14715,14792
1998-09-24,8484.95,8532.37,8227.2,8309.68,14566,15259
1998-09-25,8299.37,8407.62,8144.73,8314.84,16323,15393
1998-09-28,8350.92,8483.92,8330.3,8459.17,11759,15421
1998-09-29,8443.71,8484.95,8268.44,8376.7,14083,15876
1998-09-30,8371.54,8376.7,8103.49,8129.26,15553,16334
1998-10-01,8149.88,8170.5,7858.11,7933.37,21728,17329
1998-10-02,7938.53,8129.26,7789.04,8105.55,21736,17535
1998-10-05,8101.42,8101.42,7814.81,8005.54,18951,17202
1998-10-06,8005.54,8165.34,7948.84,8015.85,18991,17456
1998-10-07,8010.7,8160.19,7871.52,8031.32,21551,18572
1998-10-08,8026.16,8067.4,7732.33,8029.26,25181,19298
1998-10-09,7978.74,8222.05,7928.22,8216.89,14746,17646
1998-10-12,8170.5,8392.16,8170.5,8275.66,7689,17728
1998-10-13,8273.6,8335.46,8165.34,8219.99,13851,17535
1998-10-14,8196.27,8350.92,8146.79,8255.04,16107,16832
1998-10-15,8256.07,8866.41,8201.43,8672.59,18698,17109
1998-10-16,8700.42,8747.85,8614.85,8737.54,14125,16242
1998-10-19,8711.76,8830.33,8680.83,8768.47,12301,17336
1998-10-20,8764.34,8954.04,8748.88,8816.92,17221,17076
1998-10-21,8809.71,8871.56,8768.47,8797.33,11602,17155
1998-10-22,8799.4,8866.41,8716.92,8856.1,14530,17496
1998-10-23,8847.85,8874.66,8711.76,8737.54,11100,17380
1998-10-26,8727.23,8845.79,8692.17,8730.32,11697,17112
1998-10-27,8740.63,8839.6,8634.44,8673.62,16267,17283
1998-10-28,8671.55,8732.38,8613.82,8649.9,11970,17125
1998-10-29,8649.9,8840.64,8633.41,8837.54,11807,17385
1998-10-30,8838.57,8956.1,8823.11,8912.8,12695,17328
1998-11-02,8901.46,9051.99,8892.18,9047.86,12482,17078
1998-11-03,9041.68,9050.95,8964.35,9000.44,11880,17103
1998-11-04,8995.28,9164.36,8995.28,9103.53,15461,17440
1998-11-05,9098.38,9258.18,9010.75,9253.03,15105,17913
1998-11-06,9242.72,9304.58,9191.17,9299.42,2798,17615
1998-11-09,9284.99,9306.64,9149.93,9206.63,11033,17896
1998-11-10,9206.63,9232.41,9134.46,9142.71,10736,17598
1998-11-11,9144.77,9242.72,9084.98,9134.46,9957,18027
1998-11-12,9131.37,9206.63,9093.22,9148.9,12969,18006
1998-11-13,9145.8,9272.61,9134.46,9268.49,8948,18172
1998-11-16,9278.8,9335.5,9229.31,9320.04,9009,18125
1998-11-17,9315.92,9433.45,9196.32,9281.89,11629,17761
1998-11-18,9283.96,9381.9,9253.03,9366.43,9191,17674
1998-11-19,9356.12,9401.49,9315.92,9373.65,10766,18096
1998-11-20,9361.28,9485.0,9353.03,9479.84,9373,17805
1998-11-23,9473.66,9722.12,9473.66,9719.03,11098,18231
1998-11-24,9716.97,9747.9,9590.16,9612.84,13556,17958
1998-11-25,9604.59,9629.33,9560.26,9615.93,6157,17835
1998-11-27,9655.11,9674.7,9629.33,9634.49,2110,17678
1998-11-30,9639.64,9655.11,9371.59,9374.68,20239,17905
1998-12-01,9361.28,9444.79,9275.71,9425.2,17354,18334
1998-12-02,9417.98,9448.91,9232.41,9364.37,17622,18273
1998-12-03,9356.12,9407.67,9139.62,9160.24,15969,18304
1998-12-04,9160.24,9356.12,9144.77,9320.04,13176,17871
1998-12-07,9335.5,9381.9,9284.99,9350.97,11494,18184
1998-12-08,9341.69,9381.9,9223.13,9310.76,13466,18282
1998-12-09,9308.7,9340.66,9248.9,9297.36,13940,18352
1998-12-10,9288.16,9311.67,9099.02,9112.31,15818,19076
1998-12-11,9109.24,9130.71,8998.83,9086.75,14534,19201
1998-12-14,9032.57,9072.44,8915.0,8920.11,16501,19991
1998-12-15,8930.33,9109.24,8915.0,9099.02,17261,20269
1998-12-16,9099.02,9114.36,9012.12,9056.08,17575,20779
1998-12-17,9047.9,9160.36,8971.23,9150.14,15127,21959
1998-12-18,9139.91,9211.48,9109.24,9165.47,6807,15098
1998-12-21,9131.74,9405.73,9124.58,9269.75,7803,15486
1998-12-22,9255.44,9349.5,9216.59,9325.98,6970,15452
1998-12-23,9329.05,9507.97,9297.36,9494.67,6031,15384
1998-12-24,9476.27,9532.5,9456.85,9497.74,2119,15078
1998-12-28,9505.92,9562.15,9456.85,9485.47,4104,15333
1998-12-29,9467.07,9624.51,9461.96,9619.4,5499,15273
1998-12-30,9617.36,9617.36,9533.52,9548.86,4688,15471
1998-12-31,9579.53,9579.53,9436.4,9472.18,4639,15688
1999-01-04,9456.85,9630.65,9364.83,9461.96,13629,16636
1999-01-05,9461.96,9615.31,9427.2,9586.69,13366,16644
1999-01-06,9584.64,9855.57,9570.33,9826.94,14513,17064
1999-01-07,9819.79,9828.99,9676.65,9804.45,13900,16842
1999-01-08,9804.45,9952.69,9778.89,9944.51,14370,16907
1999-01-11,9927.13,9978.25,9794.23,9906.69,13076,16549
1999-01-12,9896.46,9922.02,9714.48,9753.33,13708,16715
1999-01-13,9765.6,9778.89,9405.73,9594.87,19435,17776
1999-01-14,9594.87,9697.1,9324.96,9354.61,18445,17646
1999-01-15,9364.83,9606.11,9334.16,9586.69,11564,17033
1999-01-19,9615.31,9671.54,9451.74,9583.62,15879,16751
1999-01-20,9594.87,9746.18,9538.64,9605.09,17840,16812
1999-01-21,9599.98,9632.69,9456.85,9459.91,18057,16376
1999-01-22,9460.94,9474.23,9308.6,9369.95,13794,16451
1999-01-25,9349.5,9476.27,9283.05,9472.18,14511,16022
1999-01-26,9467.07,9605.09,9415.95,9599.98,13149,16038
1999-01-27,9597.93,9631.67,9400.62,9421.06,16386,16763
1999-01-28,9441.51,9553.97,9376.08,9494.67,13857,16802
1999-01-29,9487.52,9640.87,9431.29,9579.53,14862,17260
1999-02-01,9577.49,9671.54,9553.97,9557.04,10142,17385
1999-02-02,9559.08,9564.2,9421.06,9487.52,14168,17645
1999-02-03,9482.41,9639.85,9441.51,9627.58,14457,17969
1999-02-04,9622.47,9656.21,9502.85,9559.08,15809,18606
1999-02-05,9573.4,9589.75,9456.85,9538.64,14108,18799
1999-02-08,9552.95,9579.53,9436.4,9521.26,11106,18792
1999-02-09,9524.32,9528.41,9334.16,9339.28,15472,19692
1999-02-10,9329.05,9404.71,9314.74,9397.55,14347,19805
1999-02-11,9400.62,9640.87,9365.86,9637.81,14788,20053
1999-02-12,9615.31,9653.14,9451.74,9523.3,12750,19758
1999-02-16,9534.55,9619.4,9456.85,9486.5,11409,19520
1999-02-17,9477.29,9599.98,9385.28,9446.62,15900,19850
1999-02-18,9446.62,9543.75,9410.84,9523.3,13764,19855
1999-02-19,9521.26,9620.43,9487.52,9572.37,10783,19736
1999-02-22,9572.37,9806.49,9548.86,9790.14,13308,20641
1999-02-23,9784.0,9845.34,9702.21,9789.11,13860,20487
1999-02-24,9790.14,9835.12,9589.75,9599.98,13928,19954
1999-02-25,9604.07,9650.07,9446.62,9557.04,18482,20287
1999-02-26,9548.86,9620.43,9472.18,9511.03,13571,19799
1999-03-01,9536.59,9574.42,9438.44,9548.86,12502,19926
1999-03-02,9544.77,9640.87,9487.52,9538.64,14589,20239
1999-03-03,9538.64,9559.08,9415.95,9513.08,14337,20513
1999-03-04,9507.97,9715.5,9504.9,9707.33,17739,21493
1999-03-05,9707.33,9998.7,9705.28,9993.59,19290,22137
1999-03-08,9993.59,10010.97,9901.57,9965.98,15061,21927
1999-03-09,9961.89,10034.48,9892.37,9906.69,17920,21777
1999-03-10,9901.57,10019.15,9894.42,10016.08,15147,22953
1999-03-11,10016.08,10183.35,10006.96,10154.97,23639,23111
1999-03-12,10155.98,10198.56,10076.91,10090.08,16237,22969
1999-03-15,10109.35,10203.63,10087.04,10180.31,14359,22894
1999-03-16,10183.35,10228.97,10147.87,10161.05,16523,21832
1999-03-17,10158.01,10193.49,10076.91,10105.29,19185,22356
1999-03-18,10105.29,10264.45,10056.63,10259.38,16920,22941
1999-03-19,10259.38,10305.0,10076.91,10085.02,12228,16683
1999-03-22,10085.02,10158.01,10071.84,10142.8,9131,16558
1999-03-23,10137.73,10143.81,9833.6,9874.15,17935,16568
1999-03-24,9878.21,9918.76,9834.61,9904.56,11006,15970
1999-03-25,9895.44,10081.97,9895.44,10078.93,12983,16747
1999-03-26,10071.84,10075.89,9960.32,10050.55,9198,16300
1999-03-29,10031.29,10264.45,10011.01,10198.56,10926,16986
1999-03-30,10193.49,10205.65,10076.91,10120.5,10712,16670
1999-03-31,10124.55,10198.56,9965.39,9970.46,14177,16024
1999-04-01,9974.51,10071.84,9965.39,10036.35,8998,15993
1999-04-05,10071.84,10234.04,10069.81,10218.83,9722,15951
1999-04-06,10213.77,10238.1,10119.48,10170.17,12535,16111
1999-04-07,10170.17,10299.94,10147.87,10291.83,13450,16355
1999-04-08,10280.67,10426.66,10251.27,10421.59,13402,16323
1999-04-09,10410.44,10423.62,10299.94,10379.01,10170,16296
1999-04-12,10249.25,10573.65,10166.12,10565.54,15789,16976
1999-04-13,10563.52,10619.27,10502.69,10615.22,17974,18269
1999-04-14,10604.07,10720.65,10548.31,10621.3,24226,19871
1999-04-15,10615.22,10700.38,10558.45,10661.85,20831,20981
1999-04-16,10661.85,10725.72,10558.45,10661.85,18696,21377
1999-04-19,10661.85,10957.87,10538.17,10642.59,36727,24724
1999-04-20,10634.48,10730.79,10517.9,10656.78,23770,24845
1999-04-21,10654.76,10857.51,10604.07,10844.33,20306,23263
1999-04-22,10847.37,10948.75,10806.82,10943.68,17164,23519
1999-04-23,10933.54,10948.75,10833.18,10898.06,12462,22934
1999-04-26,10908.2,10928.48,10837.24,10923.41,11245,22996
1999-04-27,10923.41,11060.27,10899.08,11059.25,17881,22908
1999-04-28,11051.14,11126.16,10994.37,11035.94,18942,23039
1999-04-29,11033.91,11115.01,10989.3,11077.5,17747,23580
1999-04-30,11075.47,11141.37,10832.17,10958.89,23150,24198
1999-05-03,10963.96,11207.26,10948.75,11186.99,19841,24946
1999-05-04,11181.92,11212.33,11060.27,11103.86,22676,25940
1999-05-05,11107.91,11150.49,10958.89,11129.2,22579,25365
1999-05-06,11131.23,11161.64,11014.65,11141.37,21322,25331
1999-05-07,11146.44,11242.74,11093.72,11224.5,17289,24948
1999-05-10,11223.48,11286.34,11131.23,11184.96,16703,26663
1999-05-11,11177.86,11273.16,11152.52,11207.26,17643,27140
1999-05-12,11203.21,11232.61,10867.65,11195.1,17238,26850
1999-05-13,11195.1,11313.71,11181.92,11298.5,16455,27512
1999-05-14,11294.45,11295.46,11034.92,11060.27,20075,27462
1999-05-17,11050.13,11058.24,10929.49,11034.92,18669,26943
1999-05-18,11016.67,11110.95,10908.2,11053.17,16471,26559
1999-05-19,11041.0,11085.61,10984.23,11075.47,14405,26054
1999-05-20,11076.49,11130.22,11029.85,11034.92,10439,25393
1999-05-21,11036.95,11065.33,10958.89,11009.58,11109,25250
1999-05-24,11017.69,11047.09,10791.62,10801.75,18118,25656
1999-05-25,10807.84,10918.34,10685.17,10688.21,22135,26167
1999-05-26,10688.21,10898.06,10680.1,10882.86,22478,25058
1999-05-27,10867.65,10884.88,10588.86,10644.62,25240,24723
1999-05-28,10649.69,10746.0,10619.27,10692.27,13456,23850
1999-06-01,10705.45,10766.27,10568.59,10753.09,18826,23542
1999-06-02,10751.06,10790.6,10614.21,10744.98,18096,23781
1999-06-03,10746.0,10842.3,10730.79,10838.25,15469,22915
1999-06-04,10834.19,10994.37,10796.68,10989.3,16751,23736
1999-06-07,10986.26,11080.54,10958.89,11050.13,14878,23580
1999-06-08,11046.07,11054.18,10882.86,10918.34,15462,23430
1999-06-09,10920.37,10953.82,10822.03,10853.46,17606,24339
1999-06-10,10855.47,10870.54,10679.57,10780.08,26074,24241
1999-06-11,10775.06,10855.47,10579.05,10642.38,23895,24431
1999-06-14,10618.25,10754.95,10616.24,10724.8,18117,24367
1999-06-15,10711.73,10824.31,10702.69,10782.09,18404,24244
1999-06-16,10781.09,10948.94,10775.06,10932.86,23017,25428
1999-06-17,10930.85,11026.34,10860.49,11011.26,20186,26380
1999-06-18,11006.24,11045.44,10966.03,11007.24,8831,19127
1999-06-21,11009.25,11049.46,10900.7,10959.0,11306,19349
1999-06-22,10953.97,10964.02,10856.47,10873.56,13347,19258
1999-06-23,10873.56,10880.59,10765.0,10790.13,26738,19364
1999-06-24,10780.08,10820.29,10604.18,10692.63,21126,19954
1999-06-25,10695.65,10783.1,10654.44,10714.75,14350,19843
1999-06-28,10723.79,10830.34,10723.79,10805.21,9831,19789
1999-06-29,10795.16,10940.9,10771.03,10915.77,9599,19454
1999-06-30,10904.72,11151.98,10860.49,11086.65,30753,20155
1999-07-01,11091.67,11227.37,11036.39,11217.32,32594,20584
1999-07-02,11220.33,11307.78,11187.16,11302.75,10359,20365
1999-07-06,11319.84,11382.16,11262.55,11277.62,13552,21146
1999-07-07,11284.66,11307.78,11207.26,11292.7,14226,21222
1999-07-08,11292.7,11347.98,11223.35,11255.51,14202,21177
1999-07-09,11247.47,11342.96,11242.44,11326.87,7872,20306
1999-07-12,11335.92,11368.09,11282.65,11315.82,10462,20427
1999-07-13,11309.79,11342.96,11202.24,11298.73,13805,21076
1999-07-14,11302.75,11353.01,11232.39,11279.63,12041,21397
1999-07-15,11316.82,11342.96,11261.54,11297.73,10429,20588
1999-07-16,11292.7,11334.92,11267.57,11328.89,7102,20797
1999-07-19,11327.88,11398.24,11280.64,11307.78,11646,21362
1999-07-20,11317.83,11317.83,11066.54,11087.65,19011,22108
1999-07-21,11091.67,11165.05,11041.42,11102.73,15427,21932
1999-07-22,11106.75,11146.96,10976.08,11064.53,19126,22694
1999-07-23,11071.57,11101.72,10963.02,11021.31,12194,22257
1999-07-26,11012.27,11045.44,10925.83,10953.97,11502,22409
1999-07-27,10951.96,11126.85,10945.93,11056.49,13232,22470
1999-07-28,11051.47,11120.82,11021.31,11047.45,12901,22234
1999-07-29,11051.47,11052.47,10785.11,10868.53,21544,23068
1999-07-30,10875.57,10925.83,10722.79,10732.84,14354,23058
1999-08-02,10734.85,10875.57,10674.54,10749.93,14843,22268
1999-08-03,10746.91,10814.26,10674.54,10772.04,19167,22617
1999-08-04,10768.02,10900.7,10739.88,10744.9,21178,24310
1999-08-05,10749.93,10920.8,10634.34,10914.77,23211,25024
1999-08-06,10898.69,10925.83,10729.82,10785.11,17251,24845
1999-08-09,10800.18,10835.36,10759.98,10790.13,9985,24644
1999-08-10,10749.93,10780.08,10609.21,10742.89,19509,25134
1999-08-11,10739.88,10880.59,10732.84,10867.53,14454,25165
1999-08-12,10867.53,10986.13,10865.52,10938.89,10946,25080
1999-08-13,10961.01,11079.61,10955.98,11072.58,13802,25252
1999-08-16,11066.54,11157.01,11038.4,11151.98,8926,24948
1999-08-17,11151.98,11262.55,11096.7,11192.19,17587,25801
1999-08-18,11191.18,11197.21,11046.44,11050.46,13622,25810
1999-08-19,11046.44,11081.62,10962.01,11034.38,15872,25992
1999-08-20,11036.39,11215.3,11036.39,11209.27,9815,25706
1999-08-23,11220.33,11423.37,11208.27,11418.34,14609,26626
1999-08-24,11408.29,11463.57,11257.52,11383.16,18312,27051
1999-08-25,11383.16,11423.37,11282.65,11405.28,30921,26375
1999-08-26,11395.22,11423.37,11279.63,11287.67,14310,26202
1999-08-27,11286.67,11317.83,11163.04,11177.11,13455,26076
1999-08-30,11152.99,11205.25,10972.06,10989.15,15230,26329
1999-08-31,10993.17,11071.57,10850.44,10885.62,21837,26077
1999-09-01,10879.59,11038.4,10879.59,11031.36,18891,26332
1999-09-02,11024.33,11031.36,10795.16,10900.7,20385,26368
1999-09-03,10901.7,11197.21,10895.67,11192.19,12713,26295
1999-09-07,11185.15,11212.29,11082.63,11094.69,10802,25871
1999-09-08,11101.72,11187.16,11011.26,11098.71,22058,26979
1999-09-09,11099.7,11157.44,11036.99,11124.59,19277,27249
1999-09-10,11119.61,11239.07,11082.78,11099.7,17128,26719
1999-09-13,11104.68,11104.68,11017.08,11094.73,17242,26194
1999-09-14,11090.74,11112.65,10950.38,10985.22,18777,25977
1999-09-15,10982.24,11085.77,10830.92,10840.88,24213,25630
1999-09-16,10841.87,10884.68,10674.63,10812.01,28849,26049
1999-09-17,10811.01,10910.56,10809.02,10881.69,10768,19584
1999-09-20,10882.69,10921.51,10835.9,10868.75,6247,19714
1999-09-21,10865.76,10874.72,10596.98,10641.78,19413,20592
1999-09-22,10642.77,10681.6,10527.3,10559.15,20330,20770
1999-09-23,10559.15,10630.83,10303.31,10321.23,24495,21920
1999-09-24,10324.22,10377.97,10213.72,10316.25,22160,21730
1999-09-27,10352.09,10442.68,10333.18,10358.06,12768,21840
1999-09-28,10350.1,10395.89,10109.19,10311.28,25458,22472
1999-09-29,10315.26,10373.0,10228.65,10244.58,18326,22418
1999-09-30,10244.58,10432.73,10238.61,10387.93,19152,22808
1999-10-01,10389.92,10394.9,10214.71,10284.4,14865,22579
1999-10-04,10289.38,10467.57,10287.39,10462.59,11776,22908
1999-10-05,10456.62,10542.23,10293.36,10437.7,19290,23818
1999-10-06,10425.76,10619.88,10417.79,10606.94,16759,23409
1999-10-07,10606.94,10646.76,10527.3,10555.17,13397,23643
1999-10-08,10554.18,10681.6,10518.34,10673.64,14402,23309
1999-10-11,10676.62,10731.37,10637.8,10662.68,5319,22926
1999-10-12,10661.69,10675.63,10432.73,10450.65,18240,23621
1999-10-13,10392.91,10447.66,10208.74,10216.71,22886,24403
1999-10-14,10214.71,10358.06,10139.06,10288.38,26987,25423
1999-10-15,10295.35,10300.33,9994.71,10014.62,21861,25496
1999-10-18,9992.72,10149.01,9964.85,10146.03,30542,27192
1999-10-19,10144.03,10333.18,10118.15,10245.57,22284,27163
1999-10-20,10240.6,10412.82,10240.6,10370.01,19122,26415
1999-10-21,10353.09,10356.07,10168.92,10333.18,18797,26528
1999-10-22,10328.2,10527.3,10306.3,10444.67,12882,26407
1999-10-25,10441.69,10484.49,10318.25,10332.18,15075,26417
1999-10-26,10334.17,10417.79,10258.52,10263.49,20986,25347
1999-10-27,10261.5,10422.77,10199.78,10409.83,15141,24632
1999-10-28,10410.83,10651.73,10393.9,10638.79,18042,25036
1999-10-29,10644.77,10795.08,10618.88,10761.24,20898,25008
1999-11-01,10761.24,10773.18,10641.78,10644.77,11516,23955
1999-11-02,10641.78,10756.26,10552.19,10558.16,16102,23674
1999-11-03,10563.14,10669.65,10557.16,10603.95,16983,23692
1999-11-04,10603.95,10711.46,10594.0,10653.73,11746,23238
1999-11-05,10646.76,10815.99,10632.82,10743.32,13715,23248
1999-11-08,10669.65,10740.33,10607.93,10723.41,10961,23400
1999-11-09,10716.44,10801.06,10578.07,10601.96,14768,23530
1999-11-10,10606.94,10671.64,10519.33,10594.0,15637,23526
1999-11-11,10592.0,10636.8,10542.23,10594.99,6393,23302
1999-11-12,10595.99,10796.08,10537.25,10783.14,18422,23587
1999-11-15,10792.1,10796.08,10706.49,10775.17,9597,22820
1999-11-16,10780.15,10973.28,10741.33,10965.31,15761,23246
1999-11-17,10948.39,10961.33,10870.74,10883.68,11266,22549
1999-11-18,10879.7,11039.98,10870.74,11020.07,17772,20621
1999-11-19,11010.11,11037.98,10951.38,11000.16,9926,20094
1999-11-22,11006.13,11099.7,10960.34,11091.74,12729,20489
1999-11-23,11089.75,11112.65,10965.31,10978.25,13547,20697
1999-11-24,10987.21,11025.04,10930.47,10997.17,7655,20745
1999-11-26,11017.08,11035.99,10911.56,10913.55,3733,20621
1999-11-29,10899.61,10975.27,10872.73,10930.47,12553,21049
1999-11-30,10934.45,11020.07,10830.92,10838.89,15251,21089
1999-12-01,10840.88,10995.18,10812.01,10990.2,15229,21167
1999-12-02,10991.2,11039.98,10980.25,11015.09,9162,21125
1999-12-03,11010.11,11308.76,10995.18,11273.91,18709,21644
1999-12-06,11269.93,11317.72,11164.41,11182.33,14506,20886
1999-12-07,11179.34,11224.14,11069.84,11084.77,15889,21193
1999-12-08,11086.76,11134.55,11005.13,11010.11,17555,21244
1999-12-09,11017.98,11159.63,11017.98,11102.57,23234,21578
1999-12-10,11100.61,11243.24,11071.1,11186.19,14922,21740
1999-12-13,11165.53,11213.73,11120.28,11160.61,15582,22899
1999-12-14,11184.22,11282.58,11095.69,11125.2,16054,23720
1999-12-15,11130.12,11228.48,11066.18,11171.43,17882,23856
1999-12-16,11164.54,11212.74,11076.02,11194.05,17926,23212
1999-12-17,11193.07,11336.69,11174.38,11240.29,10800,12731
1999-12-20,11253.07,11271.76,11061.26,11076.02,7915,10712
1999-12-21,11072.08,11198.97,11041.59,11160.61,8830,10344
1999-12-22,11145.86,11209.79,11131.1,11169.46,5154,11849
1999-12-23,11174.38,11390.79,11158.64,11385.87,7058,12013
1999-12-27,11360.29,11434.07,11337.67,11351.44,4836,11775
1999-12-28,11346.52,11454.72,11331.77,11439.97,6219,11933
1999-12-29,11440.95,11479.32,11400.62,11430.13,3908,11908
1999-12-30,11430.13,11494.07,11362.26,11374.06,3584,11534
1999-12-31,11368.16,11469.48,11356.36,11435.05,2689,11523
2000-01-03,11444.89,11523.58,11228.48,11265.86,15843,12002
2000-01-04,11259.96,11292.42,10894.04,10898.96,17971,11853
2000-01-05,10899.94,11137.99,10830.1,11039.62,20357,12871
2000-01-06,11029.78,11223.56,10922.56,11115.36,20243,13405
2000-01-07,11120.28,11479.32,11085.85,11469.48,17448,14027
2000-01-10,11453.74,11588.5,11445.87,11510.79,14573,13999
2000-01-11,11454.72,11572.76,11412.43,11431.12,18709,14388
2000-01-12,11428.17,11508.83,11412.43,11448.82,15213,14389
2000-01-13,11439.97,11553.09,11425.21,11481.28,13795,14270
2000-01-14,11469.48,11646.54,11467.51,11641.62,15932,14578
2000-01-18,11638.67,11659.33,11435.05,11464.56,12360,14336
2000-01-19,11475.38,11476.37,11351.44,11430.13,12254,14273
2000-01-20,11439.97,11518.66,11154.71,11248.16,19630,13563
2000-01-21,11253.07,11317.01,11116.35,11154.71,14038,14007
2000-01-24,11179.3,11253.07,10800.59,10889.12,17463,13892
2000-01-25,10886.17,10975.68,10753.37,10916.66,18350,13404
2000-01-26,10919.61,11016.01,10898.96,10932.4,12767,13356
2000-01-27,10923.55,11041.59,10795.67,10935.35,15138,13647
2000-01-28,10945.19,11012.08,10594.02,10602.87,17862,14045
2000-01-31,10612.71,10849.77,10579.27,10839.94,13168,13930
2000-02-01,10835.02,10938.3,10780.92,10916.66,11364,13542
2000-02-02,10916.66,10987.49,10839.94,10857.64,10820,13762
2000-02-03,10846.82,10936.34,10697.31,10914.7,20326,13824
2000-02-04,10923.55,10992.4,10810.43,10836.0,10964,13748
2000-02-07,10832.07,10835.02,10702.22,10744.52,10972,14059
2000-02-08,10738.62,10894.04,10731.73,10797.64,9713,13904
2000-02-09,10815.35,10863.54,10535.0,10542.87,14557,14872
2000-02-10,10564.51,10613.7,10468.11,10485.82,16695,14941
2000-02-11,10486.8,10539.92,10215.31,10311.71,17846,15556
2000-02-14,10311.71,10416.96,10308.76,10409.09,13200,15083
2000-02-15,10411.06,10643.2,10358.93,10603.86,19055,14973
2000-02-16,10595.01,10629.43,10421.88,10431.72,14553,14839
2000-02-17,10431.72,10544.84,10313.68,10323.52,16840,16181
2000-02-18,10334.34,10407.13,10053.01,10117.93,15354,16436
2000-02-22,10122.85,10200.56,9959.56,10114.98,19950,17025
2000-02-23,10114.98,10199.57,10013.66,10090.39,16502,16856
2000-02-24,10092.36,10149.41,9797.26,9954.64,29239,20436
2000-02-25,9969.4,9989.07,9689.05,9723.48,26878,22363
2000-02-28,9735.29,10013.66,9679.22,9873.0,29704,22644
2000-02-29,9875.95,10067.76,9875.95,10018.58,15952,21571
2000-03-01,10008.74,10053.01,9925.13,10013.66,17167,20451
2000-03-02,10013.66,10065.8,9949.72,10018.58,12271,20099
2000-03-03,10022.52,10294.01,10003.83,10225.15,18695,20367
2000-03-06,10225.15,10249.74,9949.72,9998.91,14612,20715
2000-03-07,9996.94,10048.09,9590.69,9595.61,28624,21939
2000-03-08,9600.52,9762.83,9560.19,9693.97,35780,32182
2000-03-09,9701.75,9876.73,9575.37,9873.81,31182,25236
2000-03-10,9871.87,9939.92,9730.91,9784.38,21781,24681
2000-03-13,9781.46,9842.71,9536.49,9784.38,26134,25700
2000-03-14,9802.85,9891.31,9623.98,9665.78,29621,24889
2000-03-15,9670.64,10022.55,9609.4,9993.39,33249,23819
2000-03-16,9978.8,10513.47,9978.8,10503.75,40342,25973
2000-03-17,10484.31,10591.24,10401.68,10458.06,19354,17669
2000-03-20,10440.56,10557.21,10425.98,10518.33,13104,17128
2000-03-21,10515.41,10741.92,10425.98,10717.61,19258,17413
2000-03-22,10707.89,10741.92,10605.82,10671.92,14581,16280
2000-03-23,10672.9,10960.64,10620.4,10913.98,15761,16289
2000-03-24,10904.26,11062.72,10839.13,10984.95,14302,16862
2000-03-27,10970.37,10993.7,10790.52,10799.27,11872,16999
2000-03-28,10800.24,10902.32,10732.2,10751.64,13921,16561
2000-03-29,10752.61,10916.9,10707.89,10870.24,13105,16557
2000-03-30,10866.35,10950.92,10707.89,10805.1,17588,16435
2000-03-31,10805.1,10916.9,10726.36,10759.42,9900,15940
2000-04-03,10683.59,11067.58,10673.87,11062.72,19090,17911
2000-04-04,11023.83,11218.26,10460.0,10980.09,32540,18219
2000-04-05,10980.09,11023.83,10785.66,10843.99,15227,17523
2000-04-06,10835.24,11013.14,10814.83,10921.76,11347,17684
2000-04-07,10915.93,10984.95,10843.99,10892.6,9242,17082
2000-04-10,10886.76,11077.3,10876.07,10984.95,13135,17157
2000-04-11,10972.31,11140.49,10873.15,11108.41,16007,17588
2000-04-12,11106.46,11213.39,10839.13,10855.65,19575,17875
2000-04-13,10863.43,10946.06,10669.01,10693.31,21478,18430
2000-04-14,10697.2,10741.92,9915.62,10051.71,24749,18414
2000-04-17,10016.72,10391.95,9896.17,10384.18,22807,18020
2000-04-18,10387.09,10547.49,10318.07,10544.58,15418,17381
2000-04-19,10547.49,10576.66,10416.26,10445.42,14101,17446
2000-04-20,10444.45,10654.43,10430.84,10639.84,10966,18208
2000-04-24,10600.96,10688.45,10460.0,10664.15,14458,18335
2000-04-25,10659.29,10936.34,10654.43,10926.62,18512,19914
2000-04-26,10921.76,10950.92,10664.15,10701.09,15559,19613
2000-04-27,10712.75,10717.61,10479.44,10590.27,15559,19277
2000-04-28,10599.02,10732.2,10474.58,10508.61,11292,18903
2000-05-01,10498.89,10683.59,10479.44,10564.02,11464,18782
2000-05-02,10571.8,10586.38,10450.28,10474.58,11415,18522
2000-05-03,10464.86,10464.86,10144.06,10229.61,16635,18433
2000-05-04,10238.36,10312.24,10146.98,10185.86,13468,17837
2000-05-05,10178.09,10343.35,10095.46,10328.77,12916,17869
2000-05-08,10307.38,10382.23,10231.55,10343.35,10163,18253
2000-05-09,10343.35,10430.84,10251.0,10287.94,14608,18754
2000-05-10,10285.02,10323.91,10027.41,10085.74,16385,18914
2000-05-11,10100.32,10328.77,10033.24,10304.46,15251,18916
2000-05-12,10314.18,10416.26,10280.16,10371.54,10598,18504
2000-05-15,10376.4,10560.13,10333.63,10547.49,8992,19028
2000-05-16,10538.74,10698.17,10528.05,10651.51,12795,19388
2000-05-17,10639.84,10639.84,10484.31,10508.61,11868,19535
2000-05-18,10508.61,10600.96,10452.23,10484.31,12867,19578
2000-05-19,10479.44,10506.66,10304.46,10401.68,14605,20298
2000-05-22,10369.6,10445.42,10114.9,10282.1,17898,20180
2000-05-23,10271.41,10329.74,10153.78,10192.67,10635,19565
2000-05-24,10196.56,10289.88,10100.32,10270.44,19149,19698
2000-05-25,10275.3,10323.91,9998.25,10090.6,13643,20097
2000-05-26,10080.88,10139.2,9998.25,10044.91,9973,20512
2000-05-30,10074.07,10289.88,10074.07,10272.38,12236,20905
2000-05-31,10265.58,10327.79,10216.97,10255.86,10240,20349
2000-06-01,10251.0,10406.54,10236.42,10372.51,12759,20517
2000-06-02,10357.93,10586.38,10344.32,10471.67,10943,20785
2000-06-05,10457.09,10571.8,10421.12,10523.19,12161,20419
2000-06-06,10508.61,10560.13,10416.26,10461.95,12618,20479
2000-06-07,10469.72,10566.94,10421.12,10528.05,12706,20724
2000-06-08,10529.97,10558.77,10347.59,10400.39,16937,22173
2000-06-09,10410.94,10520.37,10304.4,10350.47,12259,21927
2000-06-12,10348.55,10390.79,10280.4,10290.96,12148,20795
2000-06-13,10304.4,10385.99,10203.61,10357.19,20138,21652
2000-06-14,10357.19,10453.18,10342.79,10422.46,12630,21112
2000-06-15,10419.58,10477.18,10371.59,10408.06,14777,20087
2000-06-16,10405.19,10443.58,10165.21,10170.01,11926,13142
2000-06-19,10175.77,10309.2,10146.02,10256.4,11452,12917
2000-06-20,10256.4,10266.0,10118.18,10155.61,11488,13442
2000-06-21,10142.18,10221.85,10112.42,10203.61,9904,13725
2000-06-22,10194.01,10203.61,10035.63,10107.62,13603,14382
2000-06-23,10110.5,10194.01,10078.82,10135.46,10593,14379
2000-06-26,10156.57,10285.2,10146.02,10280.4,8529,14568
2000-06-27,10275.6,10313.04,10208.41,10216.09,8069,14186
2000-06-28,10215.13,10318.8,10198.81,10213.21,8874,14312
2000-06-29,10213.21,10224.73,10040.43,10098.02,15678,13528
2000-06-30,10093.22,10136.42,10011.63,10126.82,9694,13385
2000-07-03,10141.22,10280.4,10114.34,10270.8,3541,13324
2000-07-05,10266.0,10285.2,10136.42,10170.97,9851,13635
2000-07-06,10174.81,10213.21,10078.82,10168.09,10926,13507
2000-07-07,10174.81,10342.79,10170.01,10309.2,11794,13968
2000-07-10,10290.0,10371.59,10274.64,10318.8,9749,13948
2000-07-11,10309.2,10472.38,10266.0,10381.19,18399,14303
2000-07-12,10390.79,10505.97,10390.79,10440.7,11492,14263
2000-07-13,10429.18,10504.05,10413.82,10450.3,10739,13699
2000-07-14,10444.54,10520.37,10409.98,10457.98,8421,13937
2000-07-17,10471.42,10508.85,10409.98,10443.58,9674,13441
2000-07-18,10443.58,10448.38,10357.19,10412.86,9679,13841
2000-07-19,10420.54,10448.38,10328.39,10376.39,13182,13979
2000-07-20,10385.99,10544.37,10381.19,10539.57,12431,13945
2000-07-21,10529.97,10534.77,10347.59,10357.19,11181,16830
2000-07-24,10366.79,10424.38,10318.8,10347.59,9512,14516
2000-07-25,10343.75,10395.59,10323.59,10333.19,7677,14494
2000-07-26,10333.19,10345.67,10189.21,10206.49,11713,15083
2000-07-27,10203.61,10280.4,10165.21,10260.24,13815,15609
2000-07-28,10265.04,10294.8,10102.82,10160.41,12181,15423
2000-07-31,10164.25,10242.0,10136.42,10148.9,9322,15590
2000-08-01,10150.81,10270.8,10131.62,10246.8,12068,15604
2000-08-02,10240.08,10357.19,10218.01,10333.19,11417,16053
2000-08-03,10337.99,10366.79,10232.41,10323.59,10862,15321
2000-08-04,10328.39,10385.99,10290.0,10366.79,7834,15139
2000-08-07,10369.67,10515.57,10357.19,10485.82,9347,15157
2000-08-08,10481.98,10601.96,10435.9,10586.6,10276,14975
2000-08-09,10592.36,10618.28,10505.97,10516.53,10190,14990
2000-08-10,10525.17,10553.97,10505.97,10531.89,6549,14722
2000-08-11,10538.61,10672.99,10486.78,10640.36,11829,15634
2000-08-14,10649.96,10784.34,10606.76,10769.94,8054,15443
2000-08-15,10773.78,10774.74,10659.56,10673.95,9000,15235
2000-08-16,10673.95,10701.79,10568.37,10648.04,9407,15406
2000-08-17,10657.64,10696.99,10592.36,10665.31,9611,15235
2000-08-18,10664.35,10683.55,10606.76,10649.96,5343,15655
2000-08-21,10664.35,10731.55,10621.16,10690.27,6734,15591
2000-08-22,10696.99,10791.06,10684.51,10750.74,10152,16352
2000-08-23,10743.07,10763.22,10649.96,10736.35,10650,15963
2000-08-24,10733.47,10793.94,10703.71,10786.26,7381,16043
2000-08-25,10786.26,10803.54,10741.15,10795.86,5058,16142
2000-08-28,10789.14,10904.33,10775.7,10830.42,9423,16862
2000-08-29,10840.01,10840.01,10774.74,10822.74,6839,16591
2000-08-30,10819.86,10827.54,10669.15,10674.91,11471,16900
2000-08-31,10673.95,10880.33,10673.95,10808.34,12019,17181
2000-09-01,10813.14,10909.13,10793.94,10813.14,8120,16814
2000-09-05,10813.14,10885.13,10750.74,10851.53,12739,17017
2000-09-06,10841.93,10956.16,10808.34,10880.33,17118,18453
2000-09-07,10880.33,10894.73,10779.54,10833.3,18731,18788
2000-09-08,10828.5,10828.5,10750.74,10781.46,11954,19057
2000-09-11,10790.1,10837.13,10693.15,10768.98,17783,18362
2000-09-12,10741.15,10851.53,10673.95,10849.61,20771,19514
2000-09-13,10780.5,10817.94,10708.51,10745.95,18044,19500
2000-09-14,10752.58,10785.73,10619.95,10648.37,14305,19411
2000-09-15,10643.63,10671.1,10444.68,10465.53,10046,12246
2000-09-18,10477.84,10496.79,10354.68,10385.95,10936,12028
2000-09-19,10381.21,10430.47,10321.53,10352.79,9945,11998
2000-09-20,10363.21,10380.26,10108.37,10236.26,22568,11743
2000-09-21,10264.68,10345.21,10166.16,10321.53,13143,11694
2000-09-22,10198.37,10435.21,10113.11,10430.47,14625,11522
2000-09-25,10454.16,10476.89,10331.0,10360.37,8962,10971
2000-09-26,10354.68,10371.74,10160.47,10169.95,13349,11414
2000-09-27,10176.58,10241.0,10132.05,10202.16,11079,11895
2000-09-28,10204.05,10397.32,10169.95,10370.79,12713,11596
2000-09-29,10354.68,10359.42,10193.63,10205.95,9173,11769
2000-10-02,10207.84,10295.95,10176.58,10255.21,8216,11810
2000-10-03,10251.42,10397.32,10226.79,10242.9,12669,12082
2000-10-04,10250.47,10386.89,10174.69,10321.53,15053,12767
2000-10-05,10316.79,10373.63,10245.74,10277.0,11230,13120
2000-10-06,10288.37,10316.79,10056.26,10158.58,13126,13835
2000-10-09,10151.0,10169.0,10084.69,10117.84,6479,13800
2000-10-10,10117.84,10164.26,10013.63,10021.21,12899,14137
2000-10-11,10023.11,10107.42,9890.48,9961.53,21490,14592
2000-10-12,9975.74,10012.69,9563.64,9577.85,26028,15461
2000-10-13,9577.85,9757.85,9495.43,9717.11,13156,15231
2000-10-16,9772.06,9812.79,9729.42,9797.63,9158,14707
2000-10-17,9812.79,9833.63,9577.85,9606.27,14568,15155
2000-10-18,9600.58,9601.53,9217.85,9514.37,20674,15411
2000-10-19,9558.9,9715.21,9535.21,9701.0,12138,15557
2000-10-20,9715.21,9795.74,9620.48,9778.69,11842,16829
2000-10-23,9757.85,9885.74,9725.64,9840.27,10731,15514
2000-10-24,9805.21,9947.32,9805.21,9885.74,12402,15960
2000-10-25,9871.53,9966.27,9800.48,9827.0,17422,16629
2000-10-26,9824.16,9980.48,9781.53,9899.95,19500,16365
2000-10-27,9922.69,10153.84,9885.74,10142.48,13085,16568
2000-10-30,10136.79,10359.42,10070.48,10323.42,20143,17977
2000-10-31,10315.84,10473.1,10288.37,10441.84,17627,18405
2000-11-01,10421.0,10463.63,10321.53,10385.95,14445,18332
2000-11-02,10392.58,10430.47,10345.21,10349.95,8213,17976
2000-11-03,10354.68,10406.79,10246.69,10314.9,9127,18259
2000-11-06,10327.21,10506.26,10297.84,10482.58,12379,18473
2000-11-07,10474.05,10487.32,10402.05,10452.26,7934,18063
2000-11-08,10411.53,10525.21,10345.21,10357.53,10145,18654
2000-11-09,10356.58,10406.79,10084.69,10286.47,20756,18711
2000-11-10,10278.9,10298.79,10071.42,10079.95,15457,18213
2000-11-13,10042.05,10084.69,9862.06,10011.74,17787,18325
2000-11-14,10024.05,10250.47,10018.37,10198.37,13810,18727
2000-11-15,10188.9,10278.9,10117.84,10187.0,11683,19074
2000-11-16,10183.21,10231.53,10108.37,10111.21,10083,18867
2000-11-17,10107.42,10255.21,10042.05,10092.26,11685,18802
2000-11-20,10084.69,10113.11,9923.63,9947.32,10252,18735
2000-11-21,9971.0,10051.53,9895.21,10008.9,11489,18886
2000-11-22,10015.53,10084.69,9847.84,9869.63,11435,19317
2000-11-24,9914.16,9994.69,9901.84,9971.0,4286,19637
2000-11-27,10011.74,10098.9,10011.74,10048.69,9321,19954
2000-11-28,10041.11,10094.16,9961.53,9983.32,15353,21070
2000-11-29,9971.0,10113.11,9952.05,10043.95,15654,21672
2000-11-30,10018.37,10046.79,9762.58,9885.74,25777,21630
2000-12-01,9914.16,9985.21,9819.42,9850.69,13959,20941
2000-12-04,9871.53,10136.79,9781.53,10051.53,17203,21311
2000-12-05,10122.58,10358.47,10089.42,10316.79,15792,21263
2000-12-06,10302.58,10320.58,10070.48,10115.95,17561,22942
2000-12-07,10104.58,10154.79,9994.69,10024.05,25829,24518
2000-12-08,10040.16,10231.53,9937.84,9937.84,16226,24994
2000-12-11,10135.84,10333.84,10021.21,10169.95,12031,25709
2000-12-12,10150.05,10313.95,10136.79,10240.05,15380,26394
2000-12-13,10261.84,10345.21,10204.05,10204.05,19054,27803
2000-12-14,10208.73,10235.84,9971.27,10077.85,14028,15226
2000-12-15,10040.45,10096.54,9816.08,9830.11,15164,15679
2000-12-18,9854.41,10110.57,9854.41,10096.54,12247,16346
2000-12-19,10087.2,10208.73,9991.84,10003.99,14829,16923
2000-12-20,9993.71,10011.47,9738.49,9758.12,15189,17623
2000-12-21,9774.02,9954.44,9647.81,9923.59,12677,17325
2000-12-22,9923.59,10119.92,9909.57,10105.89,7596,18260
2000-12-26,10096.54,10157.31,10026.43,10146.09,3929,18068
2000-12-27,10124.59,10264.82,10063.82,10255.47,7433,18786
2000-12-28,10238.64,10334.93,10171.33,10269.49,5716,19229
2000-12-29,10269.49,10343.35,10133.94,10164.79,5342,19094
2001-01-02,10153.57,10186.29,9989.03,10061.02,12320,19667
2001-01-03,10082.52,10517.23,9981.56,10322.78,21347,20821
2001-01-04,10316.24,10409.72,10265.75,10306.89,14829,20945
2001-01-05,10292.87,10348.96,10003.06,10012.41,17678,21019
2001-01-08,10026.43,10087.2,9910.51,10017.08,13208,20997
2001-01-09,10035.78,10075.04,9928.27,9951.64,13942,21805
2001-01-10,9957.25,10035.78,9862.83,10031.1,15793,22149
2001-01-11,10026.43,10026.43,9909.57,9956.31,11322,22086
2001-01-12,9967.53,10007.73,9834.78,9904.9,11587,22343
2001-01-16,9904.9,10054.47,9864.7,10026.43,11264,22463
2001-01-17,10073.17,10115.24,9918.92,9968.47,17821,22629
2001-01-18,9988.1,10110.57,9937.62,10045.13,15226,22666
2001-01-19,10090.0,10118.98,9918.92,9928.27,13342,22358
2001-01-22,9937.62,10003.06,9881.52,9977.82,11367,22322
2001-01-23,9960.05,10048.87,9918.92,9997.45,8958,21838
2001-01-24,10014.28,10040.45,9975.01,10003.06,7654,21459
2001-01-25,10003.99,10132.07,9984.36,10079.72,13915,21941
2001-01-26,10059.15,10096.54,9975.01,10012.41,10430,21793
2001-01-29,10019.88,10072.24,9959.12,10051.67,8912,22010
2001-01-30,10048.87,10232.1,10027.36,10208.73,11733,22549
2001-01-31,10216.21,10274.17,10166.66,10188.16,13186,22580
2001-02-01,10185.36,10344.28,10166.66,10325.59,17257,22761
2001-02-02,10324.65,10348.96,10171.33,10185.36,15004,21573
2001-02-05,10190.97,10311.56,10152.64,10304.08,10487,21934
2001-02-06,10292.87,10353.63,10235.84,10260.15,11869,22191
2001-02-07,10245.19,10319.98,10222.75,10283.52,13730,22818
2001-02-08,10287.26,10302.21,10176.94,10188.16,11799,22870
2001-02-09,10190.97,10211.53,10082.52,10131.13,13013,22542
2001-02-12,10125.52,10278.84,10119.92,10257.34,14112,23451
2001-02-13,10259.21,10324.65,10208.73,10230.23,14800,24025
2001-02-14,10224.62,10236.77,10105.89,10127.39,17206,23837
2001-02-15,10133.0,10235.84,10124.59,10227.42,14651,23711
2001-02-16,10194.7,10207.79,10049.8,10118.05,15957,23668
2001-02-20,10121.79,10214.34,10050.74,10077.85,14566,23779
2001-02-21,10091.87,10096.54,9840.39,9853.48,19981,24032
2001-02-22,9853.48,9904.9,9722.6,9878.72,22674,22911
2001-02-23,9877.79,9908.64,9639.39,9783.36,27150,23851
2001-02-26,9810.48,9979.69,9759.99,9973.14,17212,24396
2001-02-27,9961.92,10021.75,9886.2,9979.69,17411,25127
2001-02-28,9975.95,10007.73,9760.93,9815.15,21209,25559
2001-03-01,9797.39,9820.76,9644.07,9792.71,23543,25943
2001-03-02,9755.32,9904.9,9633.79,9788.04,26959,26284
2001-03-05,9797.39,9890.87,9778.69,9869.37,9380,26155
2001-03-06,9876.85,10003.06,9876.85,9921.72,20448,26788
2001-03-07,9932.01,10063.82,9914.25,10053.54,24168,29020
2001-03-08,10053.54,10158.2,10011.86,10141.53,39304,31690
2001-03-09,10099.85,10109.11,9882.2,9914.61,33743,32019
2001-03-12,9909.06,9909.06,9474.69,9523.77,47221,31816
2001-03-13,9534.89,9632.13,9446.9,9614.54,34221,31245
2001-03-14,9613.61,9613.61,9243.14,9349.65,45038,32716
2001-03-15,9340.39,9446.9,9317.24,9358.91,20873,32896
2001-03-16,9396.89,9408.0,9164.42,9178.31,19554,26054
2001-03-19,9202.39,9331.13,9137.56,9303.34,14871,25081
2001-03-20,9291.3,9363.55,9044.02,9056.06,21863,26198
2001-03-21,9046.8,9119.96,8807.85,8852.3,33603,26649
2001-03-22,8864.34,8884.72,8472.57,8731.9,41136,27544
2001-03-23,8776.36,8895.83,8707.82,8885.64,26279,26564
2001-03-26,8885.64,9081.06,8871.75,9062.54,19794,26879
2001-03-27,9062.54,9280.19,8993.08,9249.63,24655,27446
2001-03-28,9196.84,9216.28,9030.13,9097.74,22421,28030
2001-03-29,9104.22,9215.36,9020.86,9138.49,22390,28271
2001-03-30,9138.49,9238.51,9081.06,9226.47,17665,28198
2001-04-02,9233.88,9303.34,9034.76,9057.91,25454,30879
2001-04-03,9066.25,9073.66,8766.17,8780.06,31641,32337
2001-04-04,8779.13,8960.66,8718.01,8880.09,30150,32325
2001-04-05,8932.88,9261.67,8932.88,9243.14,24443,31601
2001-04-06,9258.89,9261.67,9039.39,9145.9,23957,33072
2001-04-09,9157.01,9256.11,9081.99,9196.84,17343,32020
2001-04-10,9206.1,9465.42,9179.24,9388.55,25469,33049
2001-04-11,9393.18,9520.99,9261.67,9321.87,24773,33413
2001-04-12,9322.79,9474.69,9238.51,9460.79,15164,33252
2001-04-16,9437.64,9479.32,9345.02,9386.7,13798,32677
2001-04-17,9401.52,9608.98,9313.53,9488.58,19824,33104
2001-04-18,9595.09,9947.03,9572.86,9877.57,28199,34706
2001-04-19,9936.84,9984.08,9821.07,9942.4,18482,34198
2001-04-20,9934.06,9947.03,9784.95,9854.41,14992,32047
2001-04-23,9867.38,9867.38,9743.27,9764.58,12863,31891
2001-04-24,9780.32,9891.46,9707.15,9736.79,16810,31615
2001-04-25,9734.01,9886.83,9703.45,9882.2,16798,31996
2001-04-26,9863.68,10007.23,9835.89,9934.99,16407,31806
2001-04-27,9924.8,10076.69,9909.98,10053.54,14640,31662
2001-04-30,10060.02,10127.63,9937.77,9945.18,20290,32288
2001-05-01,9945.18,10127.63,9919.25,10118.37,22344,31820
2001-05-02,10123.0,10148.93,10021.12,10085.96,21760,32420
2001-05-03,10081.32,10085.96,9947.03,10028.53,18798,33538
2001-05-04,10021.12,10199.87,9886.83,10193.39,26373,35290
2001-05-07,10182.28,10201.73,10104.48,10135.04,15773,33931
2001-05-08,10118.37,10181.35,10039.65,10093.36,16921,33539
2001-05-09,10075.77,10132.26,10020.2,10072.99,14773,33591
2001-05-10,10083.18,10192.46,10083.18,10136.89,12983,34052
2001-05-11,10126.71,10173.94,9993.34,10062.8,16584,33464
2001-05-14,10071.14,10104.48,9997.97,10099.85,8035,32927
2001-05-15,10092.44,10141.53,10030.39,10115.59,14988,32915
2001-05-16,10107.26,10441.6,10026.68,10421.23,32101,35361
2001-05-17,10447.16,10525.88,10387.89,10453.64,23322,35004
2001-05-18,10432.34,10511.07,10391.59,10504.58,15383,34260
2001-05-21,10499.95,10535.15,10424.01,10511.99,17364,35315
2001-05-22,10517.55,10530.52,10429.56,10451.79,15868,35033
2001-05-23,10442.53,10446.23,10294.34,10303.6,15298,34512
2001-05-24,10297.12,10363.81,10243.4,10322.13,13311,33332
2001-05-25,10331.39,10331.39,10197.1,10213.77,8479,33099
2001-05-29,10218.4,10266.56,10173.94,10235.99,15421,33836
2001-05-30,10240.63,10240.63,10072.06,10095.22,17779,33007
2001-05-31,10099.85,10185.98,10072.06,10104.48,13962,32627
2001-06-01,10127.63,10243.4,10039.65,10220.25,18480,34648
2001-06-04,10219.32,10275.82,10136.89,10248.03,11528,34501
2001-06-05,10257.3,10382.33,10233.22,10367.51,15614,35257
2001-06-06,10370.29,10372.14,10248.03,10273.97,23714,35022
2001-06-07,10265.63,10289.71,10197.1,10261.93,37984,37903
2001-06-08,10298.97,10303.6,10123.0,10160.97,19507,38015
2001-06-11,10159.12,10173.94,10077.62,10128.56,21856,36970
2001-06-12,10121.15,10183.2,9997.97,10142.45,25203,37886
2001-06-13,10141.53,10197.1,10060.95,10071.14,21405,37352
2001-06-14,10068.38,10082.18,9858.5,9876.91,31923,36386
2001-06-15,9890.72,9923.86,9786.7,9871.39,17669,22612
2001-06-18,9867.71,9918.33,9808.8,9892.56,11728,22329
2001-06-19,9907.29,9955.15,9775.66,9817.08,18011,22611
2001-06-20,9817.08,9913.73,9765.53,9858.5,18011,22611
2001-06-21,9864.95,9962.52,9807.88,9899.92,13071,22700
2001-06-22,9896.24,9910.05,9784.86,9830.89,12587,22533
2001-06-25,9829.97,9871.39,9688.21,9711.22,14494,22732
2001-06-26,9701.1,9751.73,9614.57,9679.01,17408,23163
2001-06-27,9679.93,9743.44,9624.7,9660.6,12449,23416
2001-06-28,9670.72,9871.39,9628.38,9759.09,16070,23856
2001-06-29,9779.34,9812.48,9707.54,9725.03,11258,24232
2001-07-02,9724.11,9844.7,9646.79,9807.88,14409,25014
2001-07-03,9820.76,9820.76,9734.24,9789.47,11351,24425
2001-07-05,9759.09,9771.06,9665.2,9679.01,11315,25158
2001-07-06,9664.28,9674.4,9448.88,9477.42,20424,25753
2001-07-09,9472.82,9545.53,9435.07,9500.43,14590,25436
2001-07-10,9497.67,9553.82,9385.37,9396.41,15801,25425
2001-07-11,9390.89,9494.91,9352.23,9467.29,22397,26506
2001-07-12,9483.86,9720.43,9483.86,9713.06,19641,25962
2001-07-13,9720.43,9757.25,9632.06,9752.65,12218,25472
2001-07-16,9751.73,9761.85,9643.11,9683.61,10668,25353
2001-07-17,9666.12,9830.89,9642.19,9794.07,16694,26049
2001-07-18,9784.86,9785.78,9679.01,9738.84,19465,27076
2001-07-19,9722.27,9872.31,9713.98,9807.88,19584,27917
2001-07-20,9758.17,9789.47,9720.43,9760.01,10063,27259
2001-07-23,9751.73,9839.17,9582.35,9585.12,16679,27227
2001-07-24,9585.12,9617.33,9412.06,9471.89,22049,27943
2001-07-25,9513.32,9612.73,9462.69,9591.56,17442,28239
2001-07-26,9583.27,9660.6,9490.3,9651.39,15082,28560
2001-07-27,9658.76,9658.76,9577.75,9621.94,10409,29613
2001-07-30,9600.76,9651.39,9555.66,9603.53,8887,28954
2001-07-31,9605.37,9778.42,9600.76,9692.81,17367,29309
2001-08-01,9683.61,9775.66,9674.4,9708.46,12578,29114
2001-08-02,9706.62,9807.88,9697.42,9734.24,9921,29180
2001-08-03,9738.84,9771.06,9619.17,9711.22,15836,29841
2001-08-06,9711.22,9725.03,9568.55,9579.59,12494,29961
2001-08-07,9595.24,9665.2,9554.74,9634.82,13890,29943
2001-08-08,9628.38,9669.8,9462.69,9483.86,17630,31060
2001-08-09,9481.1,9513.32,9402.86,9504.11,21455,32917
2001-08-10,9504.11,9627.46,9393.65,9600.76,24512,33235
2001-08-13,9600.76,9632.98,9556.58,9596.16,10013,32685
2001-08-14,9591.56,9665.2,9570.39,9602.6,12022,32924
2001-08-15,9604.45,9653.23,9527.12,9534.49,14149,33125
2001-08-16,9518.84,9600.76,9463.61,9596.16,18314,32592
2001-08-17,9582.35,9600.76,9371.56,9439.68,21204,34092
2001-08-20,9436.0,9549.22,9407.46,9540.93,14712,32805
2001-08-21,9536.33,9568.55,9343.03,9354.99,21540,34630
2001-08-22,9362.36,9504.11,9338.42,9473.74,27362,35128
2001-08-23,9485.7,9485.7,9409.3,9431.39,12901,35204
2001-08-24,9443.36,9637.58,9425.87,9625.62,23043,35083
2001-08-27,9625.62,9646.79,9559.34,9563.94,11987,34410
2001-08-28,9564.86,9582.35,9412.06,9424.03,17908,34355
2001-08-29,9425.87,9467.29,9279.51,9307.13,27746,35231
2001-08-30,9303.44,9328.3,9085.29,9134.07,31474,35800
2001-08-31,9147.88,9260.18,9112.9,9191.14,18226,36030
2001-09-04,9161.69,9389.05,9135.91,9194.83,38164,37853
2001-09-05,9181.94,9278.59,9099.09,9246.37,43592,37034
2001-09-06,9252.82,9260.18,9031.9,9039.26,32022,37447
2001-09-07,9066.88,9076.08,8790.73,8808.22,41742,37688
2001-09-10,8764.95,8915.0,8701.44,8864.37,33618,36292
2001-09-11,8865.29,8927.88,8560.6,8629.64,3250,36547
2001-09-17,8345.32,8437.95,7979.37,8173.81,46038,38132
2001-09-18,8204.08,8303.13,8070.17,8184.81,50858,40911
2001-09-19,8213.25,8263.69,7773.01,8009.64,68869,44435
2001-09-20,8038.07,8038.99,7623.51,7647.35,53946,43759
2001-09-21,7640.02,7759.25,7153.92,7583.15,50842,32776
2001-09-24,7593.24,7944.52,7584.99,7910.58,31498,29787
2001-09-25,7916.08,7997.71,7800.52,7965.61,26584,28547
2001-09-26,7942.68,8016.06,7818.86,7896.82,22187,28788
2001-09-27,7888.57,7972.03,7772.09,7964.69,21493,29788
2001-09-28,7975.7,8135.29,7965.61,8108.69,22953,29442
2001-10-01,8108.69,8135.29,8006.88,8123.36,15975,29992
2001-10-02,8104.1,8231.59,8054.58,8224.25,20347,30723
2001-10-03,8213.25,8401.27,8112.36,8364.58,28075,31202
2001-10-04,8364.58,8433.37,8291.21,8335.23,23614,31462
2001-10-05,8309.55,8392.1,8204.08,8346.24,23615,32413
2001-10-08,8290.29,8396.68,8213.25,8310.47,13522,31334
2001-10-09,8309.55,8373.75,8259.11,8303.13,14243,31156
2001-10-10,8323.31,8500.32,8256.35,8488.4,25897,32268
2001-10-11,8472.81,8671.83,8470.05,8639.73,32346,31915
2001-10-12,8667.25,8667.25,8433.37,8575.53,24307,32660
2001-10-15,8529.67,8583.78,8470.05,8571.86,15587,31620
2001-10-16,8561.77,8639.73,8525.08,8603.04,20784,32105
2001-10-17,8639.73,8713.1,8417.78,8428.78,34760,32794
2001-10-18,8424.2,8470.97,8376.5,8422.36,21330,31771
2001-10-19,8425.11,8456.3,8323.31,8430.62,17221,31896
2001-10-22,8437.04,8625.97,8389.34,8618.64,19997,32964
2001-10-23,8600.29,8669.08,8529.67,8578.28,20436,32678
2001-10-24,8571.86,8644.32,8506.74,8557.19,20239,32991
2001-10-25,8567.27,8707.6,8406.77,8701.18,31674,33548
2001-10-26,8690.17,8804.82,8635.14,8722.28,22965,32506
2001-10-29,8717.69,8717.69,8428.78,8445.29,25420,31957
2001-10-30,8437.95,8447.13,8300.38,8355.41,23365,32098
2001-10-31,8357.24,8456.3,8287.54,8300.38,25166,31888
2001-11-01,8284.79,8515.91,8254.52,8479.23,25132,32626
2001-11-02,8473.72,8570.03,8415.02,8557.19,17460,31761
2001-11-05,8549.85,8685.59,8540.68,8653.49,13615,31344
2001-11-06,8675.5,8805.74,8593.87,8800.24,19545,31411
2001-11-07,8791.06,8846.09,8700.26,8768.13,24564,30960
2001-11-08,8772.72,8914.88,8754.38,8803.9,23159,30603
2001-11-09,8795.65,8827.75,8717.69,8819.5,14532,30033
2001-11-12,8791.06,8827.75,8603.04,8736.03,1129,30034
2001-11-13,8748.87,8962.57,8748.87,8955.24,20552,30584
2001-11-14,8935.06,9041.45,8929.56,9024.94,21509,31789
2001-11-15,9013.02,9083.64,8979.08,9066.21,18439,31409
2001-11-16,9067.13,9110.24,8982.75,9052.46,14618,30774
2001-11-19,9070.8,9179.03,9060.71,9170.77,17024,31238
2001-11-20,9166.19,9166.19,9075.39,9084.56,16863,30215
2001-11-21,9072.63,9122.16,8988.25,9018.52,12491,29963
2001-11-23,9036.86,9157.93,8967.16,9155.18,7011,29581
2001-11-26,9165.27,9175.36,9084.56,9144.17,14903,30062
2001-11-27,9144.17,9170.77,9014.85,9061.63,23602,30206
2001-11-28,9047.87,9052.46,8896.54,8908.46,21527,29748
2001-11-29,8914.88,9052.46,8883.7,9047.87,19390,29363
2001-11-30,9030.44,9075.39,8988.25,9023.11,14759,28763
2001-12-03,8983.67,8997.43,8898.37,8951.57,15241,29195
2001-12-04,8949.73,9111.16,8937.81,9104.74,18291,28359
2001-12-05,9098.32,9308.35,9090.98,9272.58,20472,28892
2001-12-06,9269.83,9336.78,9245.06,9270.74,18047,28738
2001-12-07,9272.58,9289.09,9176.27,9238.64,15978,27426
2001-12-10,9226.72,9249.65,9084.56,9093.73,17312,28076
2001-12-11,9101.07,9194.62,9039.62,9070.8,21587,28765
2001-12-12,9080.89,9135.0,8992.84,9079.97,20798,30213
2001-12-13,9073.55,9081.81,8921.27,8925.86,30765,30225
2001-12-14,8950.62,9045.11,8930.44,9025.85,19637,29702
2001-12-17,8998.33,9113.91,8990.99,9083.64,23129,30833
2001-12-18,9082.72,9191.89,9068.05,9184.55,20735,31126
2001-12-19,9153.36,9254.27,9095.57,9246.93,25543,31594
2001-12-20,9233.17,9246.01,9156.11,9162.53,23039,32223
2001-12-21,9155.19,9242.34,9104.74,9214.82,10590,21142
2001-12-24,9206.57,9237.76,9201.06,9210.24,1915,20263
2001-12-26,9186.38,9329.49,9173.54,9280.87,7580,21207
2001-12-27,9267.11,9305.64,9246.93,9295.55,6753,21300
2001-12-28,9306.56,9343.25,9266.19,9274.45,6779,20818
2001-12-31,9272.62,9297.38,9132.26,9144.19,5707,20259
2002-01-02,9155.19,9249.68,9109.33,9233.17,14715,20564
2002-01-03,9224.0,9347.84,9203.81,9338.67,15139,20776
2002-01-04,9336.83,9430.4,9320.32,9420.31,16708,20867
2002-01-07,9412.05,9448.75,9339.58,9355.18,17656,21506
2002-01-08,9352.43,9384.53,9279.04,9320.32,17729,21619
2002-01-09,9329.49,9421.23,9224.0,9243.26,23064,22426
2002-01-10,9237.76,9274.45,9193.72,9240.51,17220,22887
2002-01-11,9245.1,9270.78,9146.02,9162.53,18187,22825
2002-01-14,9155.19,9170.79,9059.79,9077.22,16156,22442
2002-01-15,9084.56,9155.19,9040.53,9106.58,18794,22333
2002-01-16,9072.63,9090.06,8884.58,8889.16,28024,24884
2002-01-17,8905.67,9039.61,8902.92,8998.33,20477,23847
2002-01-18,8951.54,9008.42,8912.1,8968.05,17823,24474
2002-01-22,8978.15,9031.35,8883.66,8909.34,16838,25139
2002-01-23,8922.19,8962.55,8874.48,8924.02,19615,24864
2002-01-24,8931.36,9040.53,8921.27,8984.57,18786,25059
2002-01-25,8980.9,9077.22,8930.44,9019.43,20785,26131
2002-01-28,9015.76,9072.63,8976.31,9051.53,11756,25597
2002-01-29,9063.46,9082.72,8797.43,8809.35,29305,27445
2002-01-30,8811.19,8971.72,8728.63,8962.55,32084,27984
2002-01-31,8967.14,9094.65,8940.53,9088.23,18148,27432
2002-02-01,9081.81,9113.91,9031.35,9088.23,17070,28254
2002-02-04,9073.55,9083.64,8857.05,8882.74,22147,27917
2002-02-05,8893.75,8957.96,8797.43,8861.64,29254,29076
2002-02-06,8856.14,8921.27,8806.6,8847.88,25548,28930
2002-02-07,8829.53,8930.44,8788.25,8800.18,20685,29680
2002-02-08,8806.6,8945.12,8772.66,8939.62,30128,32720
2002-02-11,8939.62,9068.05,8909.34,9049.7,17601,33619
2002-02-12,9050.62,9081.81,8985.48,9045.11,15442,33526
2002-02-13,9049.7,9168.96,9026.77,9157.95,19497,33996
2002-02-14,9164.37,9221.24,9128.59,9173.54,18474,34541
2002-02-15,9173.54,9178.13,9068.96,9079.97,19660,36049
2002-02-19,9085.48,9085.48,8921.27,8933.2,20941,36446
2002-02-20,8939.62,9149.69,8925.86,9143.27,32317,39328
2002-02-21,9137.77,9201.06,9003.83,9013.0,28944,39992
2002-02-22,9019.43,9182.72,8976.31,9164.37,29102,41021
2002-02-25,9167.12,9335.91,9116.67,9310.23,26537,41469
2002-02-26,9303.81,9347.84,9196.48,9265.28,34188,42567
2002-02-27,9274.45,9406.55,9219.41,9301.97,34950,43382
2002-02-28,9306.56,9393.71,9260.69,9265.28,30408,43672
2002-03-01,9265.28,9538.65,9265.28,9519.38,29724,46264
2002-03-04,9526.72,9732.21,9525.81,9698.27,33618,45893
2002-03-05,9692.76,9733.13,9558.83,9595.52,36436,47208
2002-03-06,9589.1,9730.38,9572.59,9696.43,33286,46666
2002-03-07,9691.85,9759.73,9604.7,9670.75,54450,50196
2002-03-08,9682.67,9781.75,9668.91,9704.69,28820,48771
2002-03-11,9695.52,9769.82,9645.98,9714.78,28256,48781
2002-03-12,9702.86,9776.24,9623.05,9765.24,36214,45528
2002-03-13,9756.98,9792.76,9604.7,9634.05,33569,46751
2002-03-14,9638.63,9683.53,9606.57,9652.38,31901,45898
2002-03-15,9647.8,9734.84,9633.14,9727.51,18910,29118
2002-03-18,9723.84,9785.23,9650.55,9694.52,17346,28380
2002-03-19,9705.52,9794.39,9703.69,9780.65,17933,29468
2002-03-20,9773.32,9780.65,9612.06,9620.31,22034,28574
2002-03-21,9623.98,9653.29,9492.04,9590.99,27483,28392
2002-03-22,9607.48,9624.89,9523.19,9556.17,18134,27381
2002-03-25,9542.43,9591.91,9424.24,9434.32,17077,26889
2002-03-26,9452.64,9565.34,9423.32,9514.03,22562,27198
2002-03-27,9514.03,9588.24,9475.55,9556.17,17716,27271
2002-03-28,9545.18,9628.56,9499.37,9504.87,13335,27021
2002-04-01,9481.96,9514.95,9405.0,9478.3,16595,28113
2002-04-02,9470.97,9478.3,9405.91,9448.98,15269,27180
2002-04-03,9439.81,9482.88,9291.39,9375.68,25744,27323
2002-04-04,9376.6,9405.0,9308.8,9363.77,23370,26764
2002-04-05,9394.0,9477.38,9359.19,9427.9,20247,27548
2002-04-08,9432.49,9432.49,9253.82,9406.83,19994,27748
2002-04-09,9415.99,9450.81,9346.36,9365.6,16433,28059
2002-04-10,9368.35,9528.69,9357.36,9516.78,27579,29391
2002-04-11,9510.36,9517.69,9304.21,9317.96,31040,30340
2002-04-12,9345.44,9382.09,9290.47,9339.95,17888,29729
2002-04-15,9340.86,9372.93,9221.75,9247.41,21202,30548
2002-04-16,9275.81,9446.23,9275.81,9440.73,22243,29200
2002-04-17,9456.31,9472.8,9332.62,9371.1,19882,29218
2002-04-18,9381.18,9412.33,9208.01,9322.54,26652,29611
2002-04-19,9291.39,9414.16,9291.39,9393.09,16476,28625
2002-04-22,9405.0,9409.58,9262.98,9285.89,15822,29312
2002-04-23,9294.14,9326.2,9221.75,9249.24,24021,28825
2002-04-24,9257.49,9312.46,9175.94,9180.52,21387,29182
2002-04-25,9178.69,9208.01,9088.9,9200.68,23365,29008
2002-04-26,9209.84,9235.5,9030.26,9038.51,21277,28762
2002-04-29,9066.0,9102.65,8982.62,8993.62,19157,29114
2002-04-30,9009.19,9166.78,8992.7,9099.9,21928,28122
2002-05-01,9113.64,9235.5,8997.28,9226.34,25532,29023
2002-05-02,9231.83,9266.65,9189.69,9244.66,17057,28971
2002-05-03,9248.32,9263.9,9102.65,9149.37,20507,29281
2002-05-06,9153.04,9175.94,8960.63,8969.79,18908,31166
2002-05-07,8973.46,9091.65,8965.21,8978.96,26567,31729
2002-05-08,9052.25,9299.63,9039.43,9267.57,27568,32227
2002-05-09,9284.97,9292.3,9170.45,9192.44,20677,32502
2002-05-10,9192.44,9240.08,9079.74,9098.06,19449,32999
2002-05-13,9098.98,9262.98,9084.32,9258.4,21401,33522
2002-05-14,9262.07,9435.23,9242.83,9428.82,23314,34041
2002-05-15,9430.65,9482.88,9363.77,9405.0,23663,34492
2002-05-16,9413.24,9453.56,9369.27,9430.65,15937,33590
2002-05-17,9461.8,9506.7,9395.84,9470.97,15917,33867
2002-05-20,9471.88,9471.88,9355.52,9382.09,16611,33648
2002-05-21,9373.85,9423.32,9241.0,9274.9,21260,33651
2002-05-22,9282.23,9308.8,9218.09,9301.47,18213,34230
2002-05-23,9294.14,9372.93,9236.41,9363.77,20302,33590
2002-05-24,9371.1,9386.67,9240.08,9247.41,15743,33341
2002-05-28,9279.48,9297.8,9126.47,9164.95,21472,34233
2002-05-29,9155.79,9165.87,9085.24,9093.48,18283,33575
2002-05-30,9107.23,9131.05,8983.54,9089.82,27307,34475
2002-05-31,9106.31,9203.43,9070.58,9075.16,20522,33676
2002-06-03,9074.24,9155.79,8864.43,8871.76,28882,34806
2002-06-04,8880.92,8933.15,8791.13,8887.33,34078,35911
2002-06-05,8912.07,8992.7,8878.17,8983.54,24651,35671
2002-06-06,8978.96,9001.86,8792.96,8823.2,26154,35322
2002-06-07,8753.57,8832.36,8676.6,8786.55,29376,35864
2002-06-10,8805.79,8908.41,8754.48,8845.19,21617,35506
2002-06-11,8840.61,8945.06,8705.92,8727.0,28547,36567
2002-06-12,8744.4,8827.78,8653.7,8815.87,38321,37402
2002-06-13,8843.36,8850.69,8692.15,8715.06,41665,39089
2002-06-14,8707.73,8715.06,8458.47,8687.57,37629,38693
2002-06-17,8696.74,8887.35,8687.57,8870.85,28729,39279
2002-06-18,8889.18,8944.17,8820.45,8939.58,29359,39494
2002-06-19,8891.01,8925.84,8737.97,8760.88,35306,41230
2002-06-20,8752.64,8797.54,8632.59,8639.92,42812,41568
2002-06-21,8637.17,8687.57,8437.39,8492.38,24817,25473
2002-06-24,8496.04,8595.93,8311.84,8531.78,33910,26592
2002-06-25,8554.69,8618.84,8334.75,8343.92,26488,26543
2002-06-26,8224.78,8408.07,8120.31,8353.08,36250,28094
2002-06-27,8375.08,8497.87,8266.02,8491.46,30665,28044
2002-06-28,8513.45,8577.6,8440.14,8458.47,17484,28497
2002-07-01,8448.39,8540.95,8331.09,8335.67,21695,29636
2002-07-02,8338.42,8380.57,8207.37,8256.86,30034,30210
2002-07-03,8266.02,8309.09,8151.47,8290.77,27599,30132
2002-07-05,8302.68,8614.26,8297.18,8606.93,17324,30151
2002-07-08,8603.26,8609.68,8463.05,8502.46,22806,29951
2002-07-09,8518.95,8545.53,8316.43,8337.5,25270,29919
2002-07-10,8343.92,8402.57,8041.5,8059.83,38610,31520
2002-07-11,8062.58,8114.81,7876.55,8061.66,47379,31702
2002-07-12,8089.16,8136.81,7871.97,7925.12,34314,32371
2002-07-15,7914.12,7963.61,7542.06,7937.95,62044,33305
2002-07-16,7931.53,7940.7,7693.27,7764.75,45025,32336
2002-07-17,7738.17,7991.1,7702.43,7812.4,39657,32079
2002-07-18,7805.98,7908.62,7652.94,7665.77,30644,31393
2002-07-19,7659.36,7659.36,7280.88,7329.45,43366,34826
2002-07-22,7248.81,7450.42,7051.78,7134.26,66258,38026
2002-07-23,7152.58,7298.29,7024.29,7054.53,43824,36896
2002-07-24,7024.29,7542.06,6827.26,7519.15,56515,36034
2002-07-25,7512.73,7606.21,7253.39,7487.07,41186,33346
2002-07-26,7490.74,7583.3,7394.52,7575.97,23046,32204
2002-07-29,7587.88,7986.52,7576.88,7940.7,34299,33128
2002-07-30,7931.53,8023.17,7817.9,7967.27,33722,31864
2002-07-31,7945.28,8038.75,7807.82,7977.35,26901,32520
2002-08-01,7973.69,7977.35,7752.83,7769.33,28322,33151
2002-08-02,7747.33,7782.16,7496.24,7606.21,25385,33591
2002-08-05,7604.37,7619.04,7340.45,7365.19,25345,34353
2002-08-06,7354.19,7711.59,7304.71,7592.46,34800,34220
2002-08-07,7632.78,7752.83,7519.15,7734.5,30968,33030
2002-08-08,7749.17,7981.94,7711.59,7968.19,29029,33615
2002-08-09,7949.86,8055.25,7849.06,7995.68,24322,32307
2002-08-12,7973.69,7991.1,7858.22,7945.28,15641,31104
2002-08-13,7946.2,8009.43,7743.67,7771.16,23870,31594
2002-08-14,7762.91,8018.59,7652.03,7991.1,33221,31963
2002-08-15,8004.85,8128.56,7954.44,8070.83,28556,31869
2002-08-16,8036.92,8101.07,7972.77,8032.34,17618,31235
2002-08-19,8009.43,8245.86,7960.86,8217.45,22290,32182
2002-08-20,8211.95,8219.29,8073.58,8142.31,22875,32035
2002-08-21,8137.73,8229.37,8061.66,8224.78,25525,31794
2002-08-22,8220.2,8321.01,8178.96,8284.35,20057,31835
2002-08-23,8284.35,8286.18,8082.74,8126.73,17840,31512
2002-08-26,8136.81,8206.46,8019.51,8165.22,21122,31346
2002-08-27,8163.38,8266.02,8046.08,8096.49,29286,32818
2002-08-28,8110.23,8116.65,7913.2,7956.28,24252,32104
2002-08-29,7959.03,8009.43,7844.47,7929.7,23166,30923
2002-08-30,7927.87,8046.08,7871.97,7911.37,16017,31396
2002-09-03,7853.64,7866.47,7593.38,7604.37,31964,32565
2002-09-04,7613.54,7748.25,7587.88,7688.68,26374,32575
2002-09-05,7688.68,7693.27,7520.06,7618.12,28829,32960
2002-09-06,7615.37,7770.24,7607.12,7728.09,26230,34296
2002-09-09,7719.84,7844.47,7619.95,7782.16,26535,33705
2002-09-10,7789.49,7904.04,7784.91,7899.46,27401,35526
2002-09-11,7909.54,8027.76,7830.73,7837.14,18840,34421
2002-09-12,7844.49,7849.99,7649.91,7689.38,43361,37846
2002-09-13,7663.68,7685.7,7548.95,7626.97,38652,38868
2002-09-16,7635.23,7691.21,7562.72,7686.62,24799,39305
2002-09-17,7792.17,7879.36,7498.47,7505.81,50877,45904
2002-09-18,7489.29,7567.31,7374.57,7429.64,47874,47775
2002-09-19,7420.46,7436.98,7255.25,7262.6,37644,47581
2002-09-20,7259.84,7337.86,7246.08,7291.97,24528,29190
2002-09-23,7274.53,7314.91,7126.76,7218.54,23148,28566
2002-09-24,7200.19,7218.54,7012.04,7046.91,37426,30077
2002-09-25,7012.04,7231.39,6979.91,7202.02,33516,28316
2002-09-26,7202.94,7334.19,7172.65,7298.39,30174,27563
2002-09-27,7291.05,7298.39,7026.72,7033.14,24380,27196
2002-09-30,7012.04,7030.39,6819.3,6947.79,36778,29071
2002-10-01,6934.94,7324.09,6911.08,7316.75,35865,29561
2002-10-02,7301.14,7305.73,7076.28,7126.76,33799,28641
2002-10-03,7103.82,7255.25,7030.39,7074.45,35523,29838
2002-10-04,7093.72,7172.65,6837.65,6929.43,36616,31517
2002-10-07,6897.31,6998.27,6777.99,6831.23,31160,31772
2002-10-08,6845.91,6989.09,6709.16,6892.72,39980,32437
2002-10-09,6892.72,6897.31,6658.68,6681.63,37924,35298
2002-10-10,6677.95,6924.84,6589.84,6888.13,40338,33923
2002-10-11,6879.87,7241.49,6852.34,7215.79,33853,32636
2002-10-14,7182.75,7246.08,7094.64,7212.12,19962,30800
2002-10-15,7220.38,7576.49,7218.54,7573.73,32575,31851
2002-10-16,7526.92,7592.09,7333.27,7377.32,29629,30873
2002-10-17,7495.72,7645.32,7471.86,7576.49,25173,31930
2002-10-18,7638.9,7661.84,7459.01,7613.2,23372,32371
2002-10-21,7590.25,7842.65,7535.18,7815.12,27345,32616
2002-10-22,7780.24,7780.24,7668.27,7750.87,26436,31597
2002-10-23,7733.43,7827.05,7594.84,7794.01,31874,31460
2002-10-24,7807.77,7851.83,7572.81,7594.84,27782,31900
2002-10-25,7581.07,7750.87,7553.54,7746.28,23528,32357
2002-10-28,7739.86,7846.32,7622.38,7689.38,26041,31914
2002-10-29,7675.61,7700.39,7489.29,7660.01,30397,33404
2002-10-30,7681.12,7754.54,7608.61,7718.75,27735,33017
2002-10-31,7689.38,7787.58,7631.55,7663.68,22098,32529
2002-11-01,7653.58,7828.88,7613.2,7792.17,26162,34742
2002-11-04,7872.02,8003.27,7833.47,7839.9,23718,33719
2002-11-05,7842.65,7961.96,7815.12,7937.18,22315,33810
2002-11-06,7977.57,8055.58,7856.42,8046.4,27227,34900
2002-11-07,8012.44,8012.44,7824.29,7869.27,23781,34625
2002-11-08,7883.03,7943.61,7778.4,7796.76,19809,33296
2002-11-11,7801.35,7805.94,7645.32,7668.27,12757,32707
2002-11-12,7660.92,7798.59,7659.09,7706.81,21019,33768
2002-11-13,7675.61,7792.17,7601.27,7732.51,27822,34566
2002-11-14,7710.49,7846.32,7700.39,7819.7,26224,35352
2002-11-15,7822.46,7874.77,7750.87,7861.92,20526,34962
2002-11-18,7858.25,7929.84,7774.73,7782.99,18646,34164
2002-11-19,7773.81,7838.06,7704.98,7787.58,22473,34999
2002-11-20,7796.76,7961.96,7741.69,7959.21,26359,34428
2002-11-21,7957.38,8135.43,7929.84,8130.84,23910,34143
2002-11-22,8122.58,8150.11,8068.43,8073.02,16055,33280
2002-11-25,8078.53,8140.94,8031.72,8101.47,21359,33149
2002-11-26,8101.47,8108.81,7948.2,7952.79,20547,33492
2002-11-27,7971.14,8205.18,7956.46,8193.25,20968,33856
2002-11-29,8178.57,8225.37,8132.68,8140.94,5558,32551
2002-12-02,8146.44,8296.96,8062.92,8140.94,26828,33268
2002-12-03,8149.2,8163.88,8003.27,8044.57,21695,33067
2002-12-04,8023.46,8089.54,7934.43,8024.38,29790,33661
2002-12-05,8021.62,8093.21,7897.72,7929.84,22035,33144
2002-12-06,7932.59,7966.55,7787.58,7945.44,26545,33483
2002-12-09,7966.55,7966.55,7755.46,7758.21,16643,33387
2002-12-10,7783.91,7872.94,7769.23,7851.83,16334,33565
2002-12-11,7848.16,7916.07,7782.99,7865.59,28902,36399
2002-12-12,7871.11,7912.49,7808.58,7838.93,24514,38598
2002-12-13,7824.22,7829.73,7719.39,7723.99,23176,37421
2002-12-16,7737.78,7930.88,7711.11,7923.52,25229,38898
2002-12-17,7925.36,7935.48,7820.54,7832.49,24897,38437
2002-12-18,7841.69,7841.69,7714.79,7756.17,25867,39711
2002-12-19,7760.77,7806.75,7636.63,7682.61,32603,39952
2002-12-20,7703.76,7833.41,7692.72,7826.97,13024,23435
2002-12-23,7811.34,7852.72,7765.37,7806.75,8615,23148
2002-12-24,7801.23,7818.7,7742.38,7751.57,3153,23001
2002-12-26,7765.37,7857.32,7710.2,7756.17,12325,23910
2002-12-27,7751.57,7758.01,7599.85,7604.45,10228,24617
2002-12-30,7607.21,7677.09,7574.11,7638.47,8542,24597
2002-12-31,7636.63,7668.82,7558.47,7660.54,6593,24103
2003-01-02,7636.63,7917.09,7636.63,7899.62,22927,26094
2003-01-03,7899.62,7926.28,7848.12,7911.57,12746,24444
2003-01-06,7933.64,8081.68,7872.03,8033.87,17550,24516
2003-01-07,8035.71,8080.76,7990.65,8045.82,20196,24864
2003-01-08,8027.43,8040.3,7873.87,7892.26,19133,25493
2003-01-09,7912.49,8068.81,7883.98,8037.55,21370,26819
2003-01-10,8049.5,8096.39,7949.27,8061.45,23184,27293
2003-01-13,8060.53,8146.97,8023.75,8070.65,19292,27210
2003-01-14,8073.41,8119.38,8024.67,8100.99,15633,26846
2003-01-15,8094.56,8123.98,7981.45,8028.35,20127,27290
2003-01-16,8023.75,8086.28,7958.47,7999.84,22419,27660
2003-01-17,7975.94,7975.94,7852.72,7892.26,19862,27441
2003-01-21,7895.94,7918.93,7733.18,7756.17,21682,27358
2003-01-22,7754.33,7783.76,7618.24,7632.04,22983,27810
2003-01-23,7658.7,7705.6,7576.86,7650.43,23233,27664
2003-01-24,7655.02,7664.22,7434.34,7460.09,25247,27786
2003-01-27,7462.84,7488.59,7296.41,7340.55,25863,28449
2003-01-28,7348.82,7447.21,7328.59,7397.56,20823,27567
2003-01-29,7397.56,7484.91,7239.4,7424.22,29922,29002
2003-01-30,7425.14,7475.72,7259.63,7264.23,23969,27904
2003-01-31,7258.71,7420.55,7236.64,7399.4,24418,28156
2003-02-03,7430.66,7475.72,7402.16,7426.98,16577,28667
2003-02-04,7430.66,7434.34,7273.42,7374.57,22145,28827
2003-02-05,7373.65,7480.31,7305.61,7337.79,27720,28400
2003-02-06,7325.83,7353.42,7232.04,7301.01,23285,29173
2003-02-07,7305.61,7374.57,7177.79,7221.01,21400,29517
2003-02-10,7241.24,7278.02,7153.88,7272.5,20260,29962
2003-02-11,7281.7,7328.59,7156.64,7208.14,24986,31366
2003-02-12,7198.02,7214.57,7107.91,7112.51,18449,30691
2003-02-13,7114.34,7158.48,7002.16,7141.01,22947,31338
2003-02-14,7129.98,7291.81,7089.52,7287.21,25576,30773
2003-02-18,7310.2,7415.95,7269.74,7399.4,22739,30983
2003-02-19,7387.44,7388.36,7291.81,7368.13,16440,30200
2003-02-20,7363.54,7415.95,7250.43,7287.21,24089,31164
2003-02-21,7283.54,7392.96,7213.65,7356.18,0,0
2003-02-24,7377.33,7391.12,7213.65,7227.45,19699,30866
2003-02-25,7209.06,7287.21,7084.92,7282.62,27247,30814
2003-02-26,7290.89,7296.41,7158.48,7181.47,19819,30924
2003-02-27,7172.27,7287.21,7149.29,7256.87,25731,31640
2003-02-28,7255.95,7319.4,7213.65,7282.62,20603,32188
2003-03-03,7301.01,7337.79,7186.07,7211.81,20404,33392
2003-03-04,7200.78,7215.49,7080.32,7085.84,20684,33900
2003-03-05,7079.4,7144.69,7043.54,7130.9,23052,33893
2003-03-06,7141.01,7145.61,7037.1,7057.33,23855,34694
2003-03-07,7049.06,7117.1,6947.91,7112.51,24417,34635
2003-03-10,7104.23,7107.91,6942.39,6951.59,18970,34836
2003-03-11,6943.31,7025.15,6910.21,6914.81,25143,35613
2003-03-12,6922.16,6956.19,6822.86,6952.51,31881,36227
2003-03-13,6965.43,7208.2,6944.2,7201.74,43527,37341
2003-03-14,7209.12,7301.43,7176.81,7246.04,40367,30431
2003-03-17,7186.97,7504.5,7121.43,7478.65,38184,40527
2003-03-18,7470.35,7582.04,7444.5,7541.42,38907,42720
2003-03-19,7504.5,7619.88,7490.65,7606.04,30891,40236
2003-03-20,7632.81,7661.42,7472.19,7626.34,44235,43671
2003-03-21,7628.19,7846.03,7606.04,7827.57,19220,28686
2003-03-24,7745.42,7757.42,7527.58,7559.88,22740,29042
2003-03-25,7554.35,7672.5,7495.27,7607.88,21275,28771
2003-03-26,7607.88,7636.5,7532.19,7567.27,15211,28609
2003-03-27,7558.04,7592.19,7458.35,7541.42,19573,29114
2003-03-28,7550.65,7559.88,7462.04,7495.27,12970,28584
2003-03-31,7450.96,7450.96,7292.2,7329.12,23860,29209
2003-04-01,7337.43,7453.73,7333.73,7421.42,23704,28810
2003-04-02,7439.89,7656.81,7438.04,7607.88,20576,30366
2003-04-03,7602.35,7715.88,7564.5,7567.27,17223,28560
2003-04-04,7577.42,7666.04,7559.88,7615.27,14997,28256
2003-04-07,7709.42,7845.11,7615.27,7618.96,21357,29232
2003-04-08,7618.96,7714.96,7597.73,7644.81,16711,29276
2003-04-09,7641.11,7726.04,7536.81,7550.65,24963,29853
2003-04-10,7546.96,7582.96,7491.58,7572.81,14606,29598
2003-04-11,7581.11,7675.27,7522.96,7548.81,22138,30985
2003-04-14,7570.04,7702.96,7530.35,7700.19,18199,32687
2003-04-15,7698.34,7758.34,7642.96,7753.73,17961,31446
2003-04-16,7810.03,7835.88,7578.35,7594.96,25581,31992
2003-04-17,7605.11,7684.5,7578.35,7670.65,16656,32852
2003-04-21,7689.11,7735.27,7642.96,7684.5,12912,32159
2003-04-22,7678.96,7822.03,7606.04,7810.03,30274,32230
2003-04-23,7818.34,7855.26,7776.8,7837.73,20869,32198
2003-04-24,7822.03,7825.73,7726.04,7762.04,17839,31962
2003-04-25,7770.34,7785.11,7624.5,7648.5,23091,32900
2003-04-28,7648.5,7827.57,7619.88,7792.5,26613,33396
2003-04-29,7790.65,7882.96,7762.96,7824.8,23912,32889
2003-04-30,7813.73,7855.26,7761.11,7802.65,1503,32718
2003-05-01,7799.88,7804.5,7675.27,7781.42,22716,33151
2003-05-02,7791.57,7909.73,7739.88,7887.57,25507,34379
2003-05-05,7877.42,7938.34,7832.19,7859.88,20349,34076
2003-05-06,7839.57,7961.42,7836.8,7910.65,23805,33433
2003-05-07,7892.19,7952.19,7846.03,7890.34,20842,33524
2003-05-08,7863.57,7896.8,7799.88,7825.73,22497,34046
2003-05-09,7840.5,7932.8,7822.96,7918.03,17499,34982
2003-05-12,7929.11,8049.11,7887.57,8026.03,18203,35372
2003-05-13,8014.95,8035.26,7961.42,8000.19,15081,35011
2003-05-14,7995.57,8044.49,7932.8,7982.65,17009,35391
2003-05-15,7982.65,8047.26,7961.42,8027.88,17958,35181
2003-05-16,8017.72,8062.95,7961.42,8007.57,16045,34303
2003-05-19,7965.11,7972.49,7813.73,7836.8,21009,35608
2003-05-20,7827.57,7882.96,7753.73,7830.34,21925,34827
2003-05-21,7838.65,7864.5,7776.8,7841.42,19746,34592
2003-05-22,7837.73,7956.8,7830.34,7917.11,19780,36080
2003-05-23,7929.11,7952.19,7873.73,7930.96,9191,34932
2003-05-27,7933.72,8113.72,7873.73,8083.26,23132,36536
2003-05-28,8091.57,8164.49,8081.41,8097.11,19614,35891
2003-05-29,8088.8,8177.41,8008.49,8042.65,21795,36299
2003-05-30,8049.11,8182.95,8049.11,8170.95,17263,36117
2003-06-02,8198.64,8302.95,8192.18,8218.03,18868,36689
2003-06-03,8198.64,8247.57,8170.03,8240.18,17724,36317
2003-06-04,8250.34,8361.1,8219.87,8339.87,24571,36493
2003-06-05,8328.8,8349.1,8270.64,8344.49,18205,36848
2003-06-06,8353.72,8507.87,8342.64,8358.33,27747,36947
2003-06-09,8349.1,8393.41,8253.1,8300.18,27747,36947
2003-06-10,8298.33,8372.18,8292.8,8369.41,16192,34963
2003-06-11,8372.18,8482.02,8344.49,8470.95,25843,35393
2003-06-12,8476.5,8541.28,8420.98,8504.26,39054,36741
2003-06-13,8510.74,8521.84,8376.56,8428.38,22351,37521
2003-06-16,8418.2,8606.05,8395.99,8598.65,26317,37470
2003-06-17,8606.98,8645.84,8555.16,8598.65,30646,41145
2003-06-18,8603.28,8619.93,8520.92,8578.29,36869,44904
2003-06-19,8585.7,8605.13,8445.04,8471.87,33027,51581
2003-06-20,8469.1,8563.49,8460.77,8470.02,14977,31399
2003-06-23,8460.77,8480.2,8341.39,8382.11,13792,31682
2003-06-24,8384.89,8439.48,8346.95,8406.17,12325,31286
2003-06-25,8413.57,8453.37,8238.68,8305.3,15249,31589
2003-06-26,8305.3,8397.84,8296.05,8373.78,16540,31697
2003-06-27,8384.89,8407.1,8274.77,8282.17,14963,32180
2003-06-30,8313.63,8370.08,8277.54,8288.65,15406,32417
2003-07-01,8282.17,8356.2,8185.0,8346.95,22333,33900
2003-07-02,8357.13,8448.74,8354.35,8445.96,12615,33317
2003-07-03,8451.51,8451.51,8309.93,8360.83,10424,33314
2003-07-07,8387.66,8550.53,8383.96,8511.66,15923,33815
2003-07-08,8507.04,8527.4,8453.37,8519.99,12659,33221
2003-07-09,8510.74,8518.14,8402.47,8458.92,16401,34169
2003-07-10,8439.48,8446.89,8300.68,8342.32,16852,34541
2003-07-11,8337.69,8444.11,8319.19,8418.2,16979,34717
2003-07-14,8431.16,8567.19,8428.38,8462.62,15076,34234
2003-07-15,8471.87,8527.4,8386.74,8434.86,18529,35256
2003-07-16,8465.4,8488.53,8342.32,8409.87,15192,35333
2003-07-17,8376.56,8416.35,8314.56,8358.98,15525,36085
2003-07-18,8356.2,8481.13,8346.95,8471.87,12594,37024
2003-07-21,8464.47,8477.43,8371.93,8405.25,16265,37553
2003-07-22,8407.1,8475.57,8339.54,8453.37,19652,38022
2003-07-23,8465.4,8499.63,8397.84,8490.38,17504,38993
2003-07-24,8498.71,8578.29,8402.47,8409.87,20094,39219
2003-07-25,8404.32,8569.04,8379.33,8563.49,19375,40562
2003-07-28,8585.7,8591.25,8522.77,8543.13,15032,40600
2003-07-29,8545.9,8578.29,8453.37,8502.41,19801,41778
2003-07-30,8504.26,8547.75,8457.99,8493.16,13883,41013
2003-07-31,8495.01,8647.7,8485.75,8519.99,25301,42334
2003-08-01,8550.53,8557.93,8434.86,8457.99,13806,41339
2003-08-04,8440.41,8504.26,8352.5,8470.95,19180,42016
2003-08-05,8475.57,8484.83,8296.05,8303.45,19085,41650
2003-08-06,8309.01,8439.48,8305.3,8358.05,20963,43644
2003-08-07,8358.98,8444.11,8333.99,8439.48,16187,43035
2003-08-08,8426.53,8499.63,8420.98,8496.86,11003,43753
2003-08-11,8490.38,8542.2,8439.48,8517.22,12121,43934
2003-08-12,8522.77,8599.58,8499.63,8594.95,11876,43854
2003-08-13,8587.55,8624.56,8530.17,8578.29,17306,43317
2003-08-14,8575.52,8623.64,8518.14,8590.32,13643,43975
2003-08-15,8575.52,8632.89,8564.41,8617.16,12538,43781
2003-08-18,8620.86,8707.85,8616.23,8700.44,8396,43811
2003-08-19,8703.22,8730.98,8638.44,8718.95,19118,44457
2003-08-20,8700.44,8717.1,8657.87,8689.34,11088,44008
2003-08-21,8687.49,8771.7,8684.71,8713.4,14059,44108
2003-08-22,8710.62,8786.5,8643.07,8645.84,15451,45260
2003-08-25,8652.32,8658.8,8582.92,8624.56,9778,45023
2003-08-26,8617.16,8656.95,8541.28,8634.74,14675,45624
2003-08-27,8645.84,8647.7,8606.05,8627.34,7595,45438
2003-08-28,8620.86,8689.34,8564.41,8666.2,10893,45357
2003-08-29,8662.5,8716.17,8643.07,8706.92,7205,46069
2003-09-02,8726.35,8823.52,8675.46,8810.56,17937,47212
2003-09-03,8810.56,8877.19,8796.68,8856.83,14571,47236
2003-09-04,8841.1,8892.92,8823.52,8873.49,11445,47367
2003-09-05,8871.64,8878.12,8749.49,8795.76,15769,46969
2003-09-08,8791.13,8878.12,8788.35,8864.24,15712,47455
2003-09-09,8872.56,8891.07,8777.25,8803.16,12442,47267
2003-09-10,8798.53,8804.09,8692.11,8730.05,14223,45954
2003-09-11,8744.92,8796.0,8698.47,8754.2,29706,47554
2003-09-12,8756.06,8782.07,8679.9,8765.35,25413,47245
2003-09-15,8772.78,8782.07,8731.91,8745.84,18634,47215
2003-09-16,8742.13,8860.09,8740.27,8857.3,25807,48894
2003-09-17,8866.59,8876.81,8829.44,8847.09,15948,48700
2003-09-18,8839.66,8943.69,8824.8,8939.97,39927,54094
2003-09-19,8938.11,8962.26,8889.81,8917.68,9144,30928
2003-09-22,8884.24,8884.24,8788.57,8829.44,12227,31359
2003-09-23,8831.3,8865.66,8796.0,8848.94,16112,32483
2003-09-24,8851.73,8874.95,8713.34,8724.48,12731,31478
2003-09-25,8730.98,8755.13,8610.24,8619.52,17151,32481
2003-09-26,8628.81,8664.11,8598.16,8619.52,12188,31678
2003-09-29,8617.67,8697.55,8598.16,8677.11,12898,31835
2003-09-30,8678.97,8685.47,8540.57,8599.09,12898,31835
2003-10-01,8608.38,8768.14,8600.02,8764.42,15766,33193
2003-10-02,8756.99,8805.29,8726.34,8793.22,10813,33059
2003-10-03,8793.22,8949.26,8779.28,8862.88,15949,33240
2003-10-06,8853.59,8911.18,8851.73,8889.81,5585,32869
2003-10-07,8893.53,8938.11,8828.51,8932.54,11413,33203
2003-10-08,8921.39,8958.55,8884.24,8931.61,8487,33163
2003-10-09,8936.25,9046.79,8921.39,8974.34,13066,33391
2003-10-10,8966.91,9009.63,8939.97,8985.48,6432,33213
2003-10-13,9028.21,9056.07,9004.99,9042.14,5064,32966
2003-10-14,9054.22,9092.3,9009.63,9085.8,8288,33201
2003-10-15,9091.37,9139.67,9042.14,9072.79,10211,33394
2003-10-16,9056.07,9102.51,9013.35,9075.58,10689,33018
2003-10-17,9063.5,9097.87,8986.41,9007.77,8093,32672
2003-10-20,9004.99,9069.08,8991.06,9064.43,6286,33018
2003-10-21,9080.22,9083.94,9009.63,9023.56,6927,32713
2003-10-22,9008.7,9014.28,8874.95,8903.75,12104,33845
2003-10-23,8877.74,8915.82,8814.58,8882.38,11097,34870
2003-10-24,8842.44,8893.53,8796.0,8890.74,11354,35679
2003-10-27,8888.88,8949.26,8873.09,8904.67,6736,35677
2003-10-28,8911.18,9042.14,8911.18,9029.14,11051,36525
2003-10-29,9010.56,9065.36,8987.34,9057.0,7713,36928
2003-10-30,9055.14,9125.74,9031.92,9090.44,10692,37026
2003-10-31,9079.29,9116.45,9060.72,9068.15,4569,36660
2003-11-03,9068.15,9166.6,9061.65,9114.59,9235,36995
2003-11-04,9114.59,9146.17,9097.87,9120.16,6725,37469
2003-11-05,9102.51,9139.67,9057.0,9115.52,9685,37801
2003-11-06,9119.23,9153.6,9044.93,9142.45,8338,38497
2003-11-07,9141.53,9209.33,9074.65,9077.44,11218,38121
2003-11-10,9074.65,9107.16,9023.56,9044.93,7042,38272
2003-11-11,9035.64,9051.43,9009.63,9027.28,4424,36615
2003-11-12,9039.35,9148.96,9018.92,9139.67,10352,37708
2003-11-13,9137.81,9158.24,9085.8,9128.52,6759,37768
2003-11-14,9122.02,9181.47,9032.85,9058.86,9157,37171
2003-11-17,9028.21,9031.92,8933.47,9015.21,9620,36740
2003-11-18,9009.63,9046.79,8916.75,8926.04,10121,37098
2003-11-19,8916.75,9014.28,8916.75,8996.63,8653,37878
2003-11-20,9007.77,9030.07,8907.46,8926.97,12285,38929
2003-11-21,8926.04,8959.48,8896.32,8947.4,7466,37465
2003-11-24,8946.47,9053.29,8941.83,9042.14,9429,38695
2003-11-25,9042.14,9093.23,9023.56,9061.65,6976,38207
2003-11-26,9065.36,9102.51,9005.92,9071.86,7662,38971
2003-11-28,9086.72,9102.51,9048.64,9090.44,2579,38473
2003-12-01,9079.29,9193.54,9074.65,9186.11,9447,38698
2003-12-02,9182.39,9183.32,9131.31,9153.6,7866,38256
2003-12-03,9149.89,9232.55,9144.31,9167.53,13418,39085
2003-12-04,9168.46,9223.26,9162.89,9215.83,9853,38395
2003-12-05,9200.97,9208.4,9140.6,9156.39,8970,37507
2003-12-08,9150.81,9254.84,9128.52,9252.99,11692,39617
2003-12-09,9258.56,9283.64,9202.83,9215.83,14213,39395
2003-12-10,9200.97,9244.63,9174.96,9224.19,17772,39349
2003-12-11,9223.26,9308.01,9223.26,9297.76,22410,43405
2003-12-12,9305.21,9335.94,9261.44,9321.97,14199,44554
2003-12-15,9458.87,9467.25,9305.21,9312.66,28768,45640
2003-12-16,9307.07,9415.1,9298.69,9403.93,19438,50801
2003-12-17,9400.2,9438.38,9373.19,9435.59,13553,55657
2003-12-18,9438.38,9530.58,9422.55,9524.06,28767,51320
2003-12-19,9519.4,9572.49,9503.57,9533.37,10421,32031
2003-12-22,9497.98,9619.98,9490.53,9616.25,7775,32181
2003-12-23,9617.19,9642.33,9565.97,9599.49,6958,32192
2003-12-24,9584.59,9601.35,9565.97,9574.35,1887,31603
2003-12-26,9582.73,9608.8,9578.07,9584.59,1455,31155
2003-12-29,9590.18,9722.42,9586.45,9714.04,6187,31610
2003-12-30,9708.45,9717.76,9667.47,9685.17,6393,32113
2003-12-31,9688.89,9720.56,9671.2,9699.14,3807,31548
2004-01-02,9706.59,9787.61,9653.51,9683.31,8982,32331
2004-01-05,9708.45,9801.58,9701.93,9796.92,7756,32648
2004-01-06,9797.85,9806.23,9759.67,9791.33,8289,33134
2004-01-07,9786.68,9796.92,9724.28,9791.33,10419,33632
2004-01-08,9791.33,9843.48,9787.61,9836.03,10530,33855
2004-01-09,9844.41,9848.14,9705.66,9715.9,11425,33897
2004-01-12,9707.52,9763.39,9706.59,9758.74,7604,33623
2004-01-13,9760.6,9768.98,9629.29,9698.21,13225,34513
2004-01-14,9691.69,9808.1,9690.76,9803.44,11820,35396
2004-01-15,9774.57,9849.07,9738.25,9826.72,13451,35418
2004-01-16,9836.03,9862.11,9792.26,9848.14,9693,33863
2004-01-20,9849.07,9885.39,9776.43,9792.26,12067,34593
2004-01-21,9779.23,9895.63,9755.01,9868.63,14139,35296
2004-01-22,9872.35,9908.67,9853.73,9879.8,9760,35381
2004-01-23,9869.56,9898.43,9779.23,9825.79,12988,35697
2004-01-26,9829.51,9952.44,9806.23,9949.65,12909,36267
2004-01-27,9939.4,9949.65,9858.38,9860.25,10255,35746
2004-01-28,9860.25,9907.74,9699.14,9745.7,13142,35955
2004-01-29,9748.49,9792.26,9681.44,9750.36,15538,36024
2004-01-30,9749.43,9764.33,9699.14,9748.49,9417,35847
2004-02-02,9755.01,9822.06,9701.0,9764.33,11240,37520
2004-02-03,9750.36,9784.81,9717.76,9757.81,9095,37455
2004-02-04,9728.01,9784.81,9701.93,9722.42,18741,40522
2004-02-05,9716.83,9780.16,9714.04,9754.08,10164,41051
2004-02-06,9753.15,9848.14,9725.21,9830.45,14818,43372
2004-02-09,9833.24,9874.22,9815.55,9845.35,7956,42842
2004-02-10,9845.35,9885.39,9816.48,9857.45,8016,43022
2004-02-11,9855.59,9997.14,9850.93,9973.86,12513,43545
2004-02-12,9973.86,9985.04,9941.27,9953.37,10348,45389
2004-02-13,9955.24,9985.97,9866.77,9892.84,12192,45665
2004-02-17,9906.81,9985.97,9906.81,9970.14,8143,45465
2004-02-18,9971.07,9989.69,9913.33,9941.27,7005,45172
2004-02-19,9950.58,10011.11,9919.85,9930.09,8832,45172
2004-02-20,9929.16,9960.82,9850.93,9892.84,11299,46694
2004-02-23,9897.5,9917.98,9829.51,9876.08,10849,46868
2004-02-24,9875.15,9904.02,9794.13,9838.83,12190,47155
2004-02-25,9842.55,9880.73,9826.72,9868.63,7873,47973
2004-02-26,9876.08,9879.8,9809.03,9846.28,9011,48904
2004-02-27,9850.0,9913.33,9829.51,9854.66,10217,48033
2004-03-01,9877.94,9959.89,9870.49,9942.2,10806,49564
2004-03-02,9941.27,9944.06,9838.83,9860.25,11091,49452
2004-03-03,9852.8,9878.87,9820.2,9860.25,9298,48763
2004-03-04,9860.25,9876.08,9830.45,9853.73,5474,47916
2004-03-05,9853.73,9916.12,9782.95,9872.35,16701,48342
2004-03-08,9878.87,9902.15,9773.64,9776.43,9162,48833
2004-03-09,9777.36,9804.37,9703.79,9725.21,13594,50092
2004-03-10,9731.73,9755.94,9550.13,9554.79,23596,52031
2004-03-11,9555.72,9613.59,9417.59,9422.25,39484,58442
2004-03-12,9439.99,9542.66,9400.79,9524.92,43143,65145
2004-03-15,9522.12,9522.12,9395.19,9424.12,28640,67247
2004-03-16,9428.79,9510.92,9403.59,9484.79,23510,67666
2004-03-17,9478.26,9622.93,9476.39,9593.06,22472,70896
2004-03-18,9593.99,9618.26,9510.92,9599.59,16463,71541
2004-03-19,9612.66,9638.79,9473.59,9477.32,9545,42365
2004-03-22,9459.59,9468.92,9319.58,9368.12,12771,42670
2004-03-23,9363.45,9430.65,9350.39,9358.79,10904,42791
2004-03-24,9344.79,9412.92,9310.25,9367.19,10506,42768
2004-03-25,9367.19,9522.12,9366.25,9501.59,10808,43530
2004-03-26,9503.46,9563.19,9475.46,9500.66,7343,43313
2004-03-29,9524.92,9636.93,9513.72,9623.86,9714,42960
2004-03-30,9615.46,9674.26,9592.13,9666.79,6971,43135
2004-03-31,9658.39,9693.86,9604.26,9660.26,8097,43174
2004-04-01,9660.26,9703.2,9632.26,9677.99,8133,43740
2004-04-02,9676.13,9786.26,9668.66,9760.13,9693,42353
2004-04-05,9757.33,9837.6,9737.73,9828.27,9800,44424
2004-04-06,9824.53,9849.73,9778.8,9821.73,7856,45411
2004-04-07,9800.26,9830.13,9748.93,9789.06,10538,45028
2004-04-08,9809.6,9854.4,9679.86,9734.0,9471,43990
2004-04-12,9716.26,9806.8,9716.26,9801.2,6067,44082
2004-04-13,9802.13,9856.27,9655.59,9670.53,10703,44581
2004-04-14,9662.13,9705.06,9608.93,9688.26,10256,44519
2004-04-15,9692.0,9718.13,9613.59,9663.06,8236,44685
2004-04-16,9648.13,9748.0,9638.79,9742.4,8025,44908
2004-04-19,9734.0,9737.73,9683.59,9718.13,5272,44489
2004-04-20,9710.66,9765.73,9566.92,9583.73,10394,45214
2004-04-21,9597.73,9627.59,9543.59,9613.59,12352,44393
2004-04-22,9615.46,9780.66,9571.59,9736.8,14049,45301
2004-04-23,9757.33,9772.26,9697.6,9757.33,6952,44433
2004-04-26,9747.06,9795.6,9707.86,9762.0,7521,44791
2004-04-27,9762.0,9820.8,9744.26,9769.46,8732,44436
2004-04-28,9767.6,9772.26,9626.66,9653.73,9488,44044
2004-04-29,9645.33,9695.73,9520.26,9586.53,12604,44984
2004-04-30,9575.33,9630.39,9510.92,9523.06,11477,44292
2004-05-03,9533.32,9623.86,9524.92,9606.13,8178,44564
2004-05-04,9613.59,9682.66,9562.26,9593.06,9963,44136
2004-05-05,9591.19,9646.26,9566.92,9618.26,6972,43769
2004-05-06,9617.33,9620.13,9478.26,9540.79,10443,43906
2004-05-07,9539.86,9576.26,9403.59,9408.25,12807,44308
2004-05-10,9409.19,9414.79,9251.45,9288.78,17854,44836
2004-05-11,9289.72,9354.12,9286.92,9319.58,10025,44061
2004-05-12,9323.32,9389.59,9184.25,9383.05,18653,45316
2004-05-13,9377.45,9394.25,9296.25,9317.72,13587,45466
2004-05-14,9323.32,9386.79,9258.92,9330.79,11319,45426
2004-05-17,9325.19,9325.19,9198.25,9253.32,9223,44942
2004-05-18,9254.25,9314.92,9254.25,9293.45,6677,44792
2004-05-19,9296.25,9417.59,9259.85,9264.52,10342,45380
2004-05-20,9256.12,9303.72,9235.58,9290.65,9012,45925
2004-05-21,9285.05,9366.25,9277.58,9302.78,8689,46332
2004-05-24,9330.79,9375.59,9263.58,9305.58,9009,47206
2004-05-25,9308.38,9445.59,9249.58,9437.19,13118,47568
2004-05-26,9428.79,9454.92,9401.72,9445.59,7112,46486
2004-05-27,9443.72,9538.92,9439.99,9536.12,9048,46202
2004-05-28,9532.39,9540.79,9492.26,9520.26,3608,45468
2004-06-01,9523.06,9530.52,9450.26,9520.26,7143,45810
2004-06-02,9521.19,9602.39,9511.86,9579.06,7872,46282
2004-06-03,9573.46,9594.93,9501.59,9506.26,7902,46995
2004-06-04,9512.79,9610.79,9512.79,9566.92,8158,47250
2004-06-07,9590.26,9698.53,9587.46,9687.33,8684,48182
2004-06-08,9685.46,9734.93,9655.59,9729.33,10127,48500
2004-06-09,9727.46,9730.26,9665.86,9676.13,14912,50352
2004-06-10,9676.13,9715.38,9676.13,9710.71,14912,50352
2004-06-14,9674.26,9688.28,9621.92,9651.83,32039,54403
2004-06-15,9658.37,9738.75,9656.5,9703.23,24597,60667
2004-06-16,9692.02,9734.07,9664.91,9689.21,25837,65825
2004-06-17,9685.47,9701.36,9649.96,9689.21,16188,65909
2004-06-18,9689.21,9746.22,9651.83,9717.25,7561,40274
2004-06-21,9738.75,9759.31,9671.46,9677.06,6122,41397
2004-06-22,9678.0,9715.38,9619.12,9712.58,8981,41770
2004-06-23,9705.1,9793.89,9668.65,9785.48,7040,41390
2004-06-24,9777.07,9792.96,9738.75,9755.57,4466,41440
2004-06-25,9756.51,9789.22,9687.34,9701.36,5347,41098
2004-06-28,9723.79,9776.13,9647.16,9654.63,6536,41423
2004-06-29,9644.35,9736.88,9644.35,9719.12,6265,41775
2004-06-30,9715.38,9774.26,9685.47,9748.09,6867,41885
2004-07-01,9746.22,9764.92,9591.08,9626.59,12353,43017
2004-07-02,9629.4,9644.35,9577.99,9602.29,5901,42270
2004-07-06,9614.44,9625.66,9509.77,9535.94,7463,43014
2004-07-07,9535.94,9589.21,9519.11,9562.1,9784,44747
2004-07-08,9524.72,9583.6,9487.33,9509.77,9463,44831
2004-07-09,9517.24,9556.5,9511.64,9535.0,4883,44176
2004-07-12,9543.41,9575.19,9481.73,9556.5,6921,44568
2004-07-13,9559.3,9575.19,9536.87,9558.37,8429,43375
2004-07-14,9537.8,9600.42,9495.75,9529.39,9929,43404
2004-07-15,9534.07,9550.89,9458.36,9467.71,5978,43667
2004-07-16,9467.71,9551.82,9458.36,9474.25,7205,42034
2004-07-19,9483.6,9505.09,9391.07,9413.5,9609,41894
2004-07-20,9411.63,9509.77,9391.07,9503.22,7676,41404
2004-07-21,9508.83,9556.5,9350.88,9358.36,10869,41892
2004-07-22,9357.42,9402.28,9280.78,9361.16,13524,41438
2004-07-23,9351.81,9364.9,9267.7,9304.15,7317,40837
2004-07-26,9308.82,9336.86,9252.75,9298.54,8513,40969
2004-07-27,9302.28,9425.65,9299.48,9404.15,7991,40808
2004-07-28,9404.15,9470.51,9322.84,9449.02,10795,44529
2004-07-29,9447.15,9486.4,9411.63,9459.3,7603,43221
2004-07-30,9466.77,9481.73,9411.63,9477.05,6564,42496
2004-08-02,9417.24,9521.92,9417.24,9500.42,8095,42673
2004-08-03,9488.27,9497.62,9423.78,9430.32,5911,42742
2004-08-04,9429.39,9485.47,9374.25,9444.34,7998,42739
2004-08-05,9436.87,9463.03,9276.11,9283.59,9160,42483
2004-08-06,9288.26,9318.17,9136.85,9159.28,10999,43591
2004-08-09,9163.96,9199.47,9154.61,9159.28,5880,43126
2004-08-10,9160.22,9280.78,9160.22,9268.63,6987,44538
2004-08-11,9251.81,9296.67,9191.99,9281.72,9291,44062
2004-08-12,9285.46,9293.87,9154.61,9176.11,8144,44024
2004-08-13,9177.98,9204.14,9135.92,9189.19,6009,43487
2004-08-16,9171.43,9311.63,9150.87,9289.2,7403,43469
2004-08-17,9285.46,9360.23,9271.44,9329.38,5032,43153
2004-08-18,9312.56,9430.32,9285.46,9421.91,7597,42674
2004-08-19,9418.17,9430.32,9336.86,9386.4,5257,40375
2004-08-20,9372.38,9467.71,9356.49,9448.08,5853,40430
2004-08-23,9449.02,9470.51,9408.83,9421.91,4960,40700
2004-08-24,9428.45,9481.73,9403.22,9446.21,6487,40313
2004-08-25,9440.6,9533.13,9406.96,9511.64,6990,40499
2004-08-26,9510.7,9527.52,9488.27,9505.09,4131,39902
2004-08-27,9500.42,9547.15,9498.55,9533.13,3834,39903
2004-08-30,9525.65,9528.46,9454.62,9461.17,4144,39899
2004-08-31,9463.03,9509.77,9414.43,9507.9,6125,40141
2004-09-01,9505.09,9542.48,9444.34,9506.03,6556,40530
2004-09-02,9508.83,9634.07,9491.07,9625.66,7515,41857
2004-09-03,9609.77,9645.29,9565.84,9599.49,6521,42282
2004-09-07,9621.92,9684.54,9611.64,9665.85,9151,42750
2004-09-08,9655.57,9680.8,9627.53,9651.83,24095,46112
2004-09-09,9641.55,9660.24,9594.81,9606.96,18669,48815
2004-09-10,9599.48,9641.55,9562.1,9628.46,18543,52856
2004-09-13,9622.85,9671.46,9622.85,9652.76,17483,57262
2004-09-14,9642.48,9664.91,9628.46,9652.76,25078,60540
2004-09-15,9644.35,9652.76,9557.42,9561.16,16248,60199
2004-09-16,9563.97,9608.83,9561.16,9577.99,12432,58178
2004-09-17,9571.44,9641.55,9565.83,9611.64,6094,43574
2004-09-20,9603.22,9616.31,9515.36,9532.18,6067,44056
2004-09-21,9530.32,9599.48,9526.58,9554.62,4846,43669
2004-09-22,9548.08,9550.88,9426.56,9433.11,6434,43923
2004-09-23,9433.11,9447.13,9365.81,9368.61,5964,43618
2004-09-24,9377.96,9415.35,9361.13,9391.04,6526,42911
2004-09-27,9406.0,9406.0,9324.68,9340.57,5287,42178
2004-09-28,9342.44,9431.24,9319.07,9407.87,6786,42047
2004-09-29,9406.93,9465.82,9385.44,9462.08,4193,40827
2004-09-30,9463.95,9481.71,9375.15,9407.87,6714,41026
2004-10-01,9408.8,9529.38,9384.5,9526.58,8054,41371
2004-10-04,9526.58,9594.81,9526.58,9540.6,7006,41330
2004-10-05,9533.12,9569.57,9489.19,9513.49,4777,40602
2004-10-06,9517.23,9573.31,9491.99,9568.64,4340,40233
2004-10-07,9563.03,9569.57,9454.6,9462.08,5931,40137
2004-10-08,9463.95,9493.86,9377.02,9383.57,7587,40498
2004-10-11,9409.74,9434.04,9385.44,9427.5,2340,40323
2004-10-12,9432.17,9437.78,9356.46,9410.67,5032,40690
2004-10-13,9434.04,9463.95,9297.57,9329.35,9483,38677
2004-10-14,9322.81,9347.11,9225.6,9242.42,9089,38869
2004-10-15,9245.23,9321.87,9241.49,9277.01,7627,40047
2004-10-18,9291.03,9307.85,9206.91,9295.7,8199,39789
2004-10-19,9309.72,9357.39,9234.95,9241.49,9671,41228
2004-10-20,9224.67,9241.49,9155.5,9220.93,11905,41717
2004-10-21,9228.4,9253.64,9154.56,9219.06,9544,42259
2004-10-22,9218.12,9234.95,9104.09,9112.5,10577,43396
2004-10-25,9085.39,9132.13,9051.74,9104.09,7135,43672
2004-10-26,9126.52,9239.62,9105.02,9235.88,11771,43247
2004-10-27,9227.47,9354.59,9191.02,9334.96,11121,43265
2004-10-28,9334.03,9380.76,9292.9,9347.11,6626,42875
2004-10-29,9342.44,9382.63,9323.74,9355.52,5537,42027
2004-11-01,9350.85,9412.54,9344.31,9386.37,5207,42489
2004-11-02,9385.44,9463.95,9347.11,9373.28,8213,41962
2004-11-03,9359.26,9538.73,9359.26,9478.91,10319,41120
2004-11-04,9473.3,9638.74,9458.34,9628.46,11342,40498
2004-11-05,9616.31,9733.15,9608.83,9711.65,10682,39792
2004-11-08,9702.3,9721.0,9676.13,9718.19,5782,40523
2004-11-09,9711.65,9747.17,9689.22,9708.85,6913,40640
2004-11-10,9715.39,9766.8,9705.11,9724.74,4756,40660
2004-11-11,9728.47,9809.79,9709.78,9791.1,5723,40701
2004-11-12,9790.17,9855.6,9777.08,9844.38,9513,41261
2004-11-15,9852.79,9879.9,9839.7,9872.42,7271,42829
2004-11-16,9870.55,9870.55,9797.64,9817.27,5835,43210
2004-11-17,9828.49,9921.96,9822.88,9883.64,8873,44257
2004-11-18,9877.09,9906.07,9867.75,9895.79,6107,46630
2004-11-19,9892.05,9899.53,9763.99,9793.9,7545,45847
2004-11-22,9775.21,9831.29,9748.1,9815.4,5490,46655
2004-11-23,9814.47,9834.1,9761.19,9830.36,6103,47175
2004-11-24,9837.84,9859.33,9801.38,9835.03,4230,47034
2004-11-26,9866.81,9870.55,9815.4,9823.81,1910,46972
2004-11-29,9828.49,9906.07,9735.02,9780.82,8963,47780
2004-11-30,9771.47,9806.99,9749.97,9768.67,6003,48866
2004-12-01,9780.82,9907.94,9765.86,9894.85,8262,49174
2004-12-02,9894.85,9943.46,9861.2,9902.33,7137,49571
2004-12-03,9930.37,9957.48,9875.22,9890.18,10149,50260
2004-12-06,9882.7,9896.72,9843.44,9854.66,6002,50294
2004-12-07,9854.66,9884.57,9763.06,9770.54,25613,52422
2004-12-08,9763.99,9827.55,9761.19,9821.01,13286,53455
2004-12-09,9801.39,9877.06,9737.87,9857.44,40758,64298
2004-12-10,9859.31,9888.27,9832.22,9865.85,13559,57688
2004-12-13,9883.6,9958.34,9869.59,9955.53,20890,64029
2004-12-14,9948.99,10000.37,9930.31,9983.56,21265,71399
2004-12-15,9978.89,10013.45,9946.19,9992.9,15850,76062
2004-12-16,9991.97,10031.2,9969.55,10016.25,11066,81925
2004-12-17,10009.71,10028.4,9942.45,9974.22,6035,48248
2004-12-20,9963.01,10033.07,9955.53,9981.69,5021,48254
2004-12-21,9979.82,10061.09,9975.15,10054.56,5488,48269
2004-12-22,10048.02,10125.55,10045.21,10109.67,5840,48721
2004-12-23,10102.2,10159.18,10094.72,10119.01,4138,48939
2004-12-27,10124.62,10159.18,10079.78,10089.12,2465,49045
2004-12-28,10090.99,10154.51,10089.12,10150.78,2867,49349
2004-12-29,10151.71,10156.38,10089.12,10130.22,2895,49518
2004-12-30,10130.22,10142.37,10084.45,10087.25,2694,49205
2004-12-31,10097.53,10126.49,10056.42,10059.23,2694,49205
2005-01-03,10074.17,10159.18,10005.04,10042.41,8173,49205
2005-01-04,10047.08,10067.63,9911.63,9947.12,9372,49612
2005-01-05,9948.99,9984.49,9886.4,9890.14,6781,49561
2005-01-06,9894.81,9972.35,9894.81,9921.9,6843,48908
2005-01-07,9916.3,9963.01,9874.26,9901.35,7188,48135
2005-01-10,9915.36,9969.55,9888.27,9928.44,4835,48076
2005-01-11,9923.77,9934.98,9837.83,9863.05,8178,47715
2005-01-12,9892.01,9928.44,9809.8,9906.96,8817,47426
2005-01-13,9911.63,9921.9,9794.85,9810.73,6404,46811
2005-01-14,9811.67,9871.46,9806.06,9852.77,5954,46586
2005-01-18,9864.92,9933.11,9811.67,9920.97,5663,46580
2005-01-19,9921.9,9930.31,9834.09,9835.96,5310,47128
2005-01-20,9806.06,9853.71,9766.83,9783.64,8038,47023
2005-01-21,9792.05,9820.08,9697.7,9708.91,9072,47577
2005-01-24,9720.12,9752.82,9683.69,9699.57,9881,49932
2005-01-25,9707.98,9818.21,9707.98,9777.1,7914,47830
2005-01-26,9789.25,9835.02,9783.64,9797.66,5498,47004
2005-01-27,9790.18,9804.2,9737.87,9778.97,7092,47180
2005-01-28,9782.71,9793.92,9696.77,9759.36,6536,46620
2005-01-31,9791.12,9814.47,9764.03,9794.85,5045,46173
2005-02-01,9792.05,9869.59,9777.1,9848.1,6071,47417
2005-02-02,9856.51,9915.36,9841.56,9888.27,5874,46902
2005-02-03,9882.67,9897.61,9848.1,9889.21,4319,47701
2005-02-04,9884.53,10014.39,9874.26,9991.03,8989,47723
2005-02-07,10005.04,10020.92,9986.36,9995.7,3247,47889
2005-02-08,9992.9,10034.94,9987.29,10016.25,5062,47942
2005-02-09,10012.52,10042.41,9958.34,9970.48,5504,48350
2005-02-10,9967.68,10056.42,9965.81,10038.67,6154,48754
2005-02-11,10046.15,10118.08,10002.24,10094.72,6271,48472
2005-02-14,10101.26,10105.94,10065.77,10082.58,2965,48292
2005-02-15,10083.51,10140.5,10075.11,10124.62,4836,48852
2005-02-16,10126.49,10153.58,10075.11,10123.68,3722,48638
2005-02-17,10126.49,10131.16,10047.08,10050.82,5303,48528
2005-02-18,10052.69,10088.19,10024.66,10086.32,5284,48501
2005-02-22,10070.44,10078.84,9911.63,9919.1,7071,49033
2005-02-23,9919.1,10000.37,9911.63,9982.62,6122,49798
2005-02-24,9982.62,10056.42,9947.12,10043.35,5894,50615
2005-02-25,10040.54,10135.83,10030.27,10128.36,5173,50544
2005-02-28,10131.16,10148.91,10023.73,10068.57,6042,50683
2005-03-01,10065.77,10140.5,10056.42,10114.34,7713,52863
2005-03-02,10098.46,10159.18,10070.44,10100.33,7681,52653
2005-03-03,10098.46,10154.51,10058.29,10113.41,6674,53429
2005-03-04,10108.74,10243.26,10108.74,10234.85,8362,54009
2005-03-07,10246.06,10263.81,10211.5,10218.04,8564,54426
2005-03-08,10206.83,10233.92,10182.54,10198.42,8951,55320
2005-03-09,10198.42,10227.38,10086.32,10090.99,17323,54553
2005-03-10,10083.53,10156.21,10067.69,10131.05,28465,56525
2005-03-11,10141.3,10160.87,10053.72,10075.15,17815,57479
2005-03-14,10074.22,10103.1,10044.4,10100.31,17575,62402
2005-03-15,10102.17,10128.26,10037.88,10043.47,13558,63383
2005-03-16,10041.6,10072.35,9911.16,9931.66,15200,64453
2005-03-17,9937.25,9958.68,9899.98,9923.27,11343,66849
2005-03-18,9932.59,9949.36,9858.05,9909.29,8471,39045
2005-03-21,9913.02,9928.86,9834.75,9858.98,5718,38449
2005-03-22,9858.05,9904.64,9764.87,9772.33,7375,38488
2005-03-23,9765.8,9801.21,9736.92,9755.55,6843,38941
2005-03-24,9763.01,9820.78,9736.92,9753.69,4047,38104
2005-03-28,9775.12,9828.23,9765.8,9787.23,3257,37787
2005-03-29,9788.17,9823.57,9700.58,9724.81,6529,38330
2005-03-30,9727.6,9846.87,9724.81,9837.55,6554,38033
2005-03-31,9837.55,9849.66,9788.17,9802.14,4771,38040
2005-04-01,9809.6,9862.71,9685.67,9719.21,8382,38426
2005-04-04,9712.69,9746.24,9662.38,9727.6,5715,38925
2005-04-05,9729.46,9774.19,9725.74,9764.87,4441,38218
2005-04-06,9770.46,9822.64,9770.46,9804.01,5408,39182
2005-04-07,9802.14,9853.39,9774.19,9848.73,4408,38537
2005-04-08,9848.73,9854.32,9754.62,9760.21,4559,38183
2005-04-11,9747.17,9781.64,9741.58,9749.03,3014,38235
2005-04-12,9746.24,9825.44,9664.24,9798.41,9050,38782
2005-04-13,9799.35,9814.25,9681.01,9698.72,6540,38866
2005-04-14,9699.65,9717.35,9550.57,9553.36,10907,39283
2005-04-15,9539.38,9573.86,9392.17,9394.96,9875,39575
2005-04-18,9380.05,9423.85,9336.26,9385.64,8555,39772
2005-04-19,9400.55,9466.71,9390.3,9445.28,7176,40335
2005-04-20,9477.89,9492.8,9317.63,9336.26,10300,41960
2005-04-21,9340.92,9541.25,9331.6,9528.2,8288,42295
2005-04-22,9517.95,9526.34,9382.85,9492.8,7608,41876
2005-04-25,9494.66,9569.2,9481.62,9556.16,6634,41933
2005-04-26,9555.22,9567.34,9457.39,9467.64,6859,41186
2005-04-27,9461.12,9526.34,9392.17,9498.39,7310,41504
2005-04-28,9498.39,9508.64,9373.53,9377.26,7241,42645
2005-04-29,9376.33,9503.98,9361.42,9501.18,9111,41719
2005-05-02,9494.66,9562.68,9490.0,9555.22,5975,40777
2005-05-03,9554.29,9604.61,9508.64,9581.31,5666,41615
2005-05-04,9586.9,9682.88,9565.47,9664.24,8893,42612
2005-05-05,9660.51,9694.99,9592.5,9640.01,5846,42224
2005-05-06,9639.08,9694.99,9629.77,9631.63,5670,41783
2005-05-09,9638.15,9676.35,9611.13,9666.1,4131,41609
2005-05-10,9659.58,9663.31,9543.11,9572.93,5436,41541
2005-05-11,9561.75,9617.65,9485.34,9598.09,6973,41677
2005-05-12,9599.95,9618.58,9486.27,9492.8,5898,41298
2005-05-13,9503.98,9538.45,9389.37,9464.84,6336,41603
2005-05-16,9456.46,9559.88,9450.87,9552.43,4388,41075
2005-05-17,9551.5,9638.15,9517.95,9631.63,5796,41136
2005-05-18,9625.11,9776.05,9611.13,9756.49,7347,41671
2005-05-19,9752.76,9790.03,9732.26,9779.78,4985,41875
2005-05-20,9778.85,9788.17,9718.28,9767.67,6855,40742
2005-05-23,9764.87,9848.73,9760.21,9820.78,6238,41358
2005-05-24,9816.12,9816.12,9764.87,9784.44,3756,41433
2005-05-25,9774.19,9778.85,9718.28,9758.35,4817,41519
2005-05-26,9763.01,9830.09,9761.14,9820.78,4161,40988
2005-05-27,9814.25,9839.41,9802.14,9831.03,2114,40849
2005-05-31,9834.75,9835.69,9750.89,9764.87,7869,39324
2005-06-01,9768.6,9872.02,9755.55,9817.98,7493,40195
2005-06-02,9832.89,9844.07,9797.48,9838.48,4130,41023
2005-06-03,9838.48,9848.73,9732.26,9765.8,6426,40884
2005-06-06,9761.14,9769.53,9720.15,9755.55,5797,41611
2005-06-07,9756.49,9858.05,9755.55,9777.92,8182,42292
2005-06-08,9778.85,9825.44,9747.17,9772.33,16836,46088
2005-06-09,9766.75,9811.35,9727.73,9785.33,17176,48330
2005-06-10,9783.47,9820.64,9737.02,9799.27,11763,49177
2005-06-13,9797.41,9871.74,9763.03,9817.85,10297,50205
2005-06-14,9817.85,9871.74,9802.99,9837.36,17863,51431
2005-06-15,9835.5,9871.74,9779.76,9849.44,15869,52113
2005-06-16,9850.37,9876.38,9825.28,9853.16,12725,51110
2005-06-17,9855.02,9936.78,9853.16,9891.25,5935,27806
2005-06-20,9870.81,9913.55,9843.87,9879.17,3944,28042
2005-06-21,9882.89,9904.26,9857.8,9889.39,3243,28121
2005-06-22,9885.68,9923.77,9853.16,9879.17,3521,28276
2005-06-23,9880.1,9885.68,9685.92,9696.14,9192,27988
2005-06-24,9702.64,9716.58,9575.35,9593.01,7377,27822
2005-06-27,9585.57,9622.74,9546.55,9591.15,4781,27676
2005-06-28,9591.15,9692.42,9591.15,9689.63,6045,27796
2005-06-29,9687.78,9712.86,9640.39,9646.9,5102,28988
2005-06-30,9651.54,9690.56,9551.2,9571.64,6647,29114
2005-07-01,9572.57,9630.17,9572.57,9600.44,4465,28520
2005-07-05,9599.51,9671.98,9570.71,9650.61,5566,28221
2005-07-06,9646.9,9666.41,9551.2,9558.63,4168,28915
2005-07-07,9557.7,9603.23,9347.72,9600.44,9724,29873
2005-07-08,9613.45,9739.81,9588.36,9729.59,7274,29744
2005-07-11,9723.08,9806.7,9723.08,9793.69,4051,29276
2005-07-12,9790.91,9815.06,9755.6,9781.62,3974,28802
2005-07-13,9782.55,9832.72,9776.04,9827.14,3455,28574
2005-07-14,9833.65,9916.34,9829.0,9899.61,5276,28568
2005-07-15,9894.97,9913.55,9862.45,9900.54,3509,28112
2005-07-18,9893.11,9896.82,9837.36,9864.31,3689,28170
2005-07-19,9877.31,9926.56,9875.46,9907.05,3746,28293
2005-07-20,9880.1,9947.93,9842.01,9925.63,5448,28106
2005-07-21,9925.63,9998.1,9867.09,9883.82,5870,28362
2005-07-22,9875.46,9917.27,9848.51,9909.83,3112,28951
2005-07-25,9907.97,9941.42,9848.51,9875.46,3252,29469
2005-07-26,9875.46,9888.46,9829.93,9846.65,4525,29953
2005-07-27,9845.72,9904.26,9839.22,9894.04,3641,30030
2005-07-28,9894.04,9964.65,9886.6,9957.22,4667,30164
2005-07-29,9964.65,9973.94,9895.9,9920.05,5182,30730
2005-08-01,9918.19,9935.85,9867.09,9879.17,3714,30801
2005-08-02,9881.03,9948.85,9880.1,9925.63,4086,30714
2005-08-03,9920.98,9955.36,9890.32,9948.85,3237,31009
2005-08-04,9948.85,9953.5,9853.16,9862.45,3861,30829
2005-08-05,9867.09,9882.89,9806.7,9819.71,3914,30814
2005-08-08,9820.64,9857.8,9778.83,9809.49,2887,30946
2005-08-09,9803.91,9890.32,9803.91,9878.24,5001,30903
2005-08-10,9877.31,9973.01,9825.28,9870.81,8335,31297
2005-08-11,9871.74,9939.56,9853.16,9927.49,5134,31068
2005-08-12,9923.77,9934.92,9828.07,9846.65,5256,30877
2005-08-15,9843.87,9911.69,9815.99,9903.33,3585,30656
2005-08-16,9907.05,9911.69,9770.47,9786.26,6366,31467
2005-08-17,9795.55,9853.16,9763.03,9813.21,5955,30721
2005-08-18,9815.99,9855.02,9772.32,9818.78,4699,31053
2005-08-19,9822.5,9888.46,9820.64,9841.08,4467,30596
2005-08-22,9837.36,9900.54,9784.4,9838.29,4457,30591
2005-08-23,9842.01,9848.51,9760.25,9802.06,5012,31152
2005-08-24,9799.27,9817.85,9691.49,9697.07,7078,31766
2005-08-25,9698.0,9730.52,9695.21,9718.44,4079,31291
2005-08-26,9718.44,9730.52,9653.4,9669.19,6338,30769
2005-08-29,9611.59,9750.96,9594.87,9735.16,7296,30485
2005-08-30,9734.23,9735.16,9620.88,9676.63,7501,30646
2005-08-31,9658.97,9763.03,9625.53,9757.46,7426,30743
2005-09-01,9750.96,9778.83,9720.3,9720.3,10151,31967
2005-09-02,9719.37,9755.6,9695.21,9720.3,4909,31946
2005-09-06,9750.03,9843.87,9742.59,9837.36,9676,34651
2005-09-07,9841.08,9885.68,9820.64,9869.88,10623,38517
2005-09-08,9852.3,9879.14,9810.65,9843.04,17464,44196
2005-09-09,9843.97,9936.51,9843.97,9920.78,9572,45782
2005-09-12,9937.44,9942.07,9905.97,9920.78,16647,49566
2005-09-13,9910.6,9922.63,9846.74,9863.4,17905,50870
2005-09-14,9865.25,9883.76,9791.22,9805.1,14695,49404
2005-09-15,9805.1,9832.86,9772.71,9806.95,9667,51324
2005-09-16,9809.73,9893.02,9802.32,9877.28,5015,33326
2005-09-19,9865.25,9874.51,9772.71,9815.28,3842,33525
2005-09-20,9811.58,9854.15,9721.81,9738.47,5531,33613
2005-09-21,9732.91,9755.13,9629.26,9642.22,7544,33749
2005-09-22,9633.89,9703.3,9610.76,9671.84,5553,33857
2005-09-23,9660.73,9706.08,9632.04,9672.76,4697,33841
2005-09-26,9709.78,9758.83,9661.66,9705.15,7416,34359
2005-09-27,9703.3,9744.95,9668.13,9712.55,4228,34568
2005-09-28,9706.08,9757.9,9671.84,9725.51,6987,33810
2005-09-29,9727.36,9805.1,9666.28,9788.44,8385,33785
2005-09-30,9791.22,9823.61,9768.08,9820.83,4690,33445
2005-10-03,9822.68,9842.12,9763.45,9779.19,4697,33961
2005-10-04,9778.26,9809.73,9670.91,9673.69,5442,35810
2005-10-05,9670.91,9685.72,9570.96,9576.51,7865,35569
2005-10-06,9578.37,9622.79,9481.19,9554.3,11284,36202
2005-10-07,9565.41,9601.5,9537.65,9553.38,5007,35802
2005-10-10,9555.23,9588.55,9485.82,9493.22,4324,35090
2005-10-11,9493.22,9569.11,9490.45,9509.88,4551,34902
2005-10-12,9493.22,9559.86,9446.03,9456.21,8317,35165
2005-10-13,9469.16,9498.78,9419.19,9454.36,6019,35619
2005-10-14,9457.13,9545.97,9457.13,9533.94,6021,36144
2005-10-17,9541.35,9606.13,9508.96,9596.87,4778,36015
2005-10-18,9600.58,9623.71,9532.09,9537.65,4584,36267
2005-10-19,9522.84,9673.69,9483.04,9668.13,8208,36038
2005-10-20,9664.43,9675.54,9495.08,9520.99,6749,36121
2005-10-21,9509.88,9575.59,9450.65,9476.57,7355,37975
2005-10-24,9482.12,9632.04,9476.57,9622.79,5873,38393
2005-10-25,9618.16,9650.55,9559.86,9619.08,5444,37872
2005-10-26,9619.08,9669.98,9578.37,9600.58,5460,37721
2005-10-27,9593.17,9603.35,9474.72,9487.67,5029,38022
2005-10-28,9474.72,9638.52,9466.39,9629.26,6433,37728
2005-10-31,9629.26,9717.18,9629.26,9633.89,5465,37529
2005-11-01,9645.92,9684.79,9638.52,9653.33,3284,37561
2005-11-02,9651.48,9718.11,9613.53,9704.23,5140,37639
2005-11-03,9706.08,9784.74,9689.42,9752.35,5130,37707
2005-11-04,9754.2,9772.71,9704.23,9748.65,3541,37276
2005-11-07,9744.95,9809.73,9735.69,9786.59,3061,37388
2005-11-08,9789.37,9800.47,9750.5,9781.96,3448,37538
2005-11-09,9770.86,9827.31,9747.72,9776.41,3787,37738
2005-11-10,9781.96,9881.91,9754.2,9865.25,6623,37848
2005-11-11,9870.81,9918.0,9860.63,9911.53,3003,37287
2005-11-14,9906.9,9930.03,9895.79,9926.33,2760,37439
2005-11-15,9916.15,9960.57,9884.69,9919.85,5082,37458
2005-11-16,9913.38,9936.51,9879.14,9907.82,4382,36504
2005-11-17,9907.82,9945.77,9888.39,9938.36,4237,37039
2005-11-18,9939.29,9990.19,9916.15,9978.16,7169,36282
2005-11-21,9981.86,10045.72,9965.2,10033.68,4885,36556
2005-11-22,10033.68,10086.44,10000.37,10072.55,4455,37815
2005-11-23,10068.85,10150.29,10051.27,10126.23,4847,37473
2005-11-25,10111.42,10153.07,10111.42,10140.11,1887,37687
2005-11-28,10132.71,10168.8,10082.73,10108.65,6914,38443
2005-11-29,10113.27,10159.55,10091.99,10095.69,5787,38971
2005-11-30,10102.17,10129.01,10013.32,10025.36,6973,39700
2005-12-01,10041.09,10135.48,10036.46,10104.94,5154,40176
2005-12-02,10110.5,10127.15,10064.22,10077.18,5850,40044
2005-12-05,10076.26,10087.36,10013.32,10043.86,9124,40580
2005-12-06,10043.86,10122.53,10036.46,10065.15,8209,41454
2005-12-07,10065.15,10076.26,9967.05,10006.85,17405,47193
2005-12-08,10003.16,10049.21,9941.46,9962.64,12169,49293
2005-12-09,9948.83,10006.85,9936.86,9976.46,15480,53720
2005-12-12,9991.19,10020.66,9941.46,9970.93,20059,56878
2005-12-13,9970.93,10067.63,9955.27,10030.79,22179,64322
2005-12-14,10035.4,10109.07,10003.16,10085.13,19298,71122
2005-12-15,10080.52,10125.65,10056.58,10064.87,11419,69970
2005-12-16,10071.31,10125.65,10054.74,10058.42,4234,37546
2005-12-19,10061.18,10105.39,10015.14,10027.11,3568,37736
2005-12-20,10028.95,10051.97,9980.14,9999.48,3467,37570
2005-12-21,9997.64,10079.6,9995.8,10023.42,3907,37489
2005-12-22,10024.34,10075.0,10011.45,10068.55,2341,37472
2005-12-23,10071.31,10089.73,10056.58,10068.55,1929,37981
2005-12-27,10086.97,10116.44,9959.88,9975.54,3793,37962
2005-12-28,9973.69,10010.53,9964.48,9981.06,2905,37973
2005-12-29,9979.22,10008.69,9950.67,9964.48,2694,38206
2005-12-30,9969.09,9973.69,9881.6,9894.49,3726,37980
2006-01-03,9928.57,10045.53,9872.39,10021.58,9757,37453
2006-01-04,10023.42,10067.63,9993.95,10060.26,4838,37984
2006-01-05,10050.13,10082.36,10020.66,10069.47,4429,38212
2006-01-06,10067.63,10144.07,10056.58,10128.41,5614,38209
2006-01-09,10127.49,10190.11,10118.28,10171.69,5820,39773
2006-01-10,10162.48,10185.51,10121.04,10178.14,5315,41607
2006-01-11,10174.46,10208.53,10153.28,10199.32,5395,41128
2006-01-12,10193.8,10197.48,10117.36,10141.3,4472,41130
2006-01-13,10141.3,10153.28,10086.97,10125.65,4536,40826
2006-01-17,10126.57,10133.01,10042.76,10069.47,4160,40565
2006-01-18,10017.9,10056.58,9971.85,10029.87,6764,40616
2006-01-19,10039.08,10079.6,10019.74,10036.32,3699,40574
2006-01-20,10039.08,10046.45,9835.55,9839.24,8706,39269
2006-01-23,9838.32,9910.15,9830.03,9871.47,6086,39001
2006-01-24,9866.87,9923.04,9863.18,9883.44,5036,39474
2006-01-25,9886.2,9932.25,9844.76,9898.18,6049,39918
2006-01-26,9907.39,9990.27,9907.39,9975.54,5837,39840
2006-01-27,9992.11,10088.81,9969.09,10077.76,8154,39187
2006-01-30,10075.0,10082.36,10040.92,10054.74,2191,38852
2006-01-31,10051.97,10079.6,9992.11,10001.32,4568,39197
2006-02-01,9994.87,10119.2,9976.46,10116.44,7124,39122
2006-02-02,10109.07,10110.91,9982.9,10000.4,5209,38824
2006-02-03,10000.4,10033.55,9936.86,9946.99,5246,38074
2006-02-06,9946.99,9984.74,9927.65,9965.4,2738,38126
2006-02-07,9969.09,9978.3,9895.41,9915.67,4297,38482
2006-02-08,9924.88,10024.34,9896.34,10013.29,4031,38483
2006-02-09,10009.61,10102.62,10003.16,10034.47,7466,38351
2006-02-10,10041.84,10096.18,9974.61,10063.02,6462,38112
2006-02-13,10056.58,10091.57,10005.93,10052.89,3638,38019
2006-02-14,10058.42,10190.11,10042.76,10171.69,8204,38659
2006-02-15,10167.09,10208.53,10133.01,10195.64,6831,40301
2006-02-16,10196.56,10252.74,10182.74,10249.05,6188,39323
2006-02-17,10249.05,10262.87,10211.29,10242.61,5259,41322
2006-02-21,10235.24,10281.28,10185.51,10202.08,6896,42596
2006-02-22,10203.01,10286.81,10190.11,10248.13,6762,42546
2006-02-23,10244.45,10265.63,10187.35,10214.06,5049,42953
2006-02-24,10221.42,10234.32,10151.43,10211.29,5869,41823
2006-02-27,10225.11,10263.79,10207.61,10217.74,3310,41931
2006-02-28,10215.9,10223.27,10118.28,10132.09,5924,41863
2006-03-01,10138.54,10203.01,10137.62,10181.82,5004,42262
2006-03-02,10174.46,10187.35,10121.96,10171.69,6513,42541
2006-03-03,10170.77,10231.55,10098.02,10140.38,6574,42563
2006-03-06,10138.54,10167.09,10061.18,10096.18,7075,43436
2006-03-07,10089.73,10121.04,10061.18,10115.52,8044,43603
2006-03-08,10108.15,10157.88,10058.42,10133.94,10573,45145
2006-03-09,10144.91,10177.85,10095.51,10102.83,20288,47826
2006-03-10,10102.83,10223.59,10095.51,10202.55,25167,51050
2006-03-13,10207.12,10246.46,10187.91,10218.1,12975,50302
2006-03-14,10218.1,10287.63,10194.32,10274.82,26934,55860
2006-03-15,10274.82,10345.27,10261.1,10335.21,17225,57727
2006-03-16,10326.97,10392.84,10316.91,10378.2,11932,62043
2006-03-17,10366.31,10401.99,10356.25,10393.76,5252,40014
2006-03-20,10399.25,10420.29,10369.97,10390.1,3854,40260
2006-03-21,10385.52,10438.59,10334.29,10353.5,9089,40988
2006-03-22,10355.33,10429.44,10337.95,10417.54,7105,40705
2006-03-23,10424.86,10429.44,10342.52,10390.1,4915,40299
2006-03-24,10380.95,10418.46,10347.1,10384.61,5193,39929
2006-03-27,10384.61,10397.42,10335.21,10359.91,3453,39695
2006-03-28,10352.59,10381.86,10251.95,10264.76,4348,39491
2006-03-29,10259.27,10347.1,10255.61,10307.76,6552,39486
2006-03-30,10306.84,10356.25,10220.85,10250.12,5583,40245
2006-03-31,10248.29,10290.38,10211.7,10241.89,4615,39484
2006-04-03,10243.72,10342.52,10237.32,10243.72,8284,39257
2006-04-04,10251.95,10324.23,10228.17,10306.84,4773,39651
2006-04-05,10308.67,10344.35,10262.02,10331.55,4647,40158
2006-04-06,10326.97,10345.27,10268.42,10318.74,4501,40022
2006-04-07,10317.82,10364.48,10214.44,10231.83,6870,41648
2006-04-10,10230.0,10283.97,10214.44,10253.78,4568,43742
2006-04-11,10264.76,10278.48,10154.98,10195.23,5566,43498
2006-04-12,10196.15,10240.06,10187.0,10226.34,3777,43761
2006-04-13,10234.57,10271.17,10200.72,10227.25,3838,43475
2006-04-17,10235.49,10251.95,10136.68,10181.51,4424,44085
2006-04-18,10181.51,10358.99,10177.85,10345.27,6897,44258
2006-04-19,10354.42,10391.01,10314.16,10358.99,5194,43682
2006-04-20,10352.59,10452.31,10347.1,10416.63,5370,43942
2006-04-21,10422.12,10473.35,10388.27,10423.03,6430,45399
2006-04-24,10423.03,10429.44,10378.2,10419.37,3029,45635
2006-04-25,10420.29,10438.59,10333.38,10368.14,4374,45502
2006-04-26,10367.23,10438.59,10360.82,10412.97,4959,45788
2006-04-27,10415.71,10475.18,10345.27,10449.56,8506,45523
2006-04-28,10438.59,10473.35,10409.31,10454.14,3584,44652
2006-05-01,10460.54,10484.33,10388.27,10399.25,5396,45888
2006-05-02,10408.39,10479.75,10407.48,10478.84,3691,45688
2006-05-03,10477.92,10479.75,10416.63,10460.54,3214,45638
2006-05-04,10456.88,10512.69,10451.39,10489.82,4246,46279
2006-05-05,10487.99,10626.13,10487.99,10608.75,6590,45997
2006-05-08,10606.92,10639.85,10606.0,10617.9,4820,46832
2006-05-09,10616.98,10678.28,10606.0,10671.88,3108,45663
2006-05-10,10671.88,10703.9,10640.77,10684.68,3883,46208
2006-05-11,10674.62,10699.32,10525.5,10561.18,7198,47155
2006-05-12,10565.75,10568.5,10429.44,10436.76,8242,46235
2006-05-15,10417.54,10482.5,10364.48,10474.26,8216,47125
2006-05-16,10474.26,10509.94,10439.5,10466.95,7351,47631
2006-05-17,10466.95,10504.46,10241.89,10250.12,12502,45861
2006-05-18,10259.27,10315.08,10187.0,10199.81,8329,45223
2006-05-19,10207.12,10251.95,10154.98,10228.17,8200,45015
2006-05-22,10248.29,10254.7,10122.04,10176.93,9859,44707
2006-05-23,10191.57,10269.34,10122.96,10127.53,8547,45225
2006-05-24,10090.94,10232.74,10081.79,10190.66,10433,44739
2006-05-25,10198.89,10278.48,10165.96,10274.82,6308,44909
2006-05-26,10272.99,10342.52,10264.76,10339.78,4938,44849
2006-05-30,10322.4,10329.72,10154.98,10158.64,9494,44787
2006-05-31,10159.55,10244.63,10129.36,10235.49,7166,44969
2006-06-01,10238.23,10319.65,10191.57,10297.7,5779,44774
2006-06-02,10297.7,10354.42,10246.46,10294.95,6712,45806
2006-06-05,10294.95,10294.95,10109.23,10139.42,6436,45082
2006-06-06,10143.08,10172.36,9999.45,10075.38,17096,46614
2006-06-07,10087.28,10136.68,9994.88,9997.62,14835,50629
2006-06-08,9994.9,10035.77,9845.04,9979.46,27445,53426
2006-06-09,9993.99,10044.85,9944.94,9959.48,19636,52493
2006-06-12,9949.49,10003.98,9863.21,9877.74,32667,61333
2006-06-13,9881.37,9944.94,9786.01,9787.82,32085,63675
2006-06-14,9784.19,9906.8,9754.22,9903.17,29998,73391
2006-06-15,9914.97,10099.34,9910.43,10089.35,23419,77962
2006-06-16,10080.27,10108.42,10044.85,10070.28,6079,53038
2006-06-19,10068.46,10112.96,9976.73,9997.62,7664,53615
2006-06-20,10009.43,10094.8,9990.36,10058.47,5630,54215
2006-06-21,10054.84,10181.08,10035.77,10131.13,5799,54328
2006-06-22,10136.58,10162.92,10044.85,10082.08,5433,54744
2006-06-23,10089.35,10128.4,10033.04,10057.56,4995,54126
2006-06-26,10058.47,10108.42,10031.22,10105.7,2848,54100
2006-06-27,10105.7,10117.51,9981.27,9997.62,5204,53655
2006-06-28,10000.35,10043.94,9963.11,10043.03,2908,53450
2006-06-29,10037.58,10231.03,10035.77,10226.49,5086,54353
2006-06-30,10226.49,10271.9,10201.97,10214.68,3157,54206
2006-07-03,10221.95,10258.28,10213.78,10252.83,1664,54171
2006-07-05,10241.02,10241.02,10153.83,10184.71,4212,54101
2006-07-06,10179.26,10282.8,10171.09,10252.83,4001,54934
2006-07-07,10251.92,10299.15,10108.42,10134.76,4964,55630
2006-07-10,10139.3,10208.33,10126.59,10150.2,3630,55358
2006-07-11,10136.58,10185.62,10069.37,10180.17,4436,55304
2006-07-12,10183.8,10187.44,10035.77,10065.74,4915,55602
2006-07-13,10067.55,10081.18,9876.83,9886.82,7403,57326
2006-07-14,9863.21,9914.07,9764.21,9793.27,7565,57089
2006-07-17,9790.55,9854.12,9740.6,9805.99,5169,57352
2006-07-18,9800.54,9870.47,9745.14,9868.65,7928,56583
2006-07-19,9859.57,10069.37,9831.42,10033.95,8198,57239
2006-07-20,10036.67,10067.55,9958.57,9970.37,6556,57074
2006-07-21,9986.72,10013.06,9881.37,9904.98,3883,56905
2006-07-24,9902.26,10090.26,9889.54,10082.99,5861,57192
2006-07-25,10085.72,10149.29,10023.05,10105.7,5177,57294
2006-07-26,10102.97,10167.46,10067.55,10115.69,4744,57130
2006-07-27,10107.51,10194.7,10102.97,10143.84,4189,57327
2006-07-28,10138.39,10244.66,10132.04,10221.04,4380,57540
2006-07-31,10212.87,10216.5,10179.26,10199.24,3687,57860
2006-08-01,10199.24,10203.79,10090.26,10139.3,5128,57602
2006-08-02,10135.67,10221.95,10134.76,10203.79,3886,57485
2006-08-03,10201.97,10262.82,10136.58,10255.55,4893,58091
2006-08-04,10253.74,10330.94,10181.99,10242.84,6459,57863
2006-08-07,10239.21,10247.38,10185.62,10232.85,2810,57985
2006-08-08,10231.94,10267.36,10140.21,10178.36,3811,58074
2006-08-09,10194.7,10240.11,10072.09,10095.71,4729,58208
2006-08-10,10102.97,10149.29,10035.77,10126.59,5573,58336
2006-08-11,10120.23,10137.49,10055.75,10099.34,3064,57761
2006-08-14,10135.67,10201.97,10085.72,10111.15,3262,57768
2006-08-15,10116.6,10231.03,10112.06,10215.59,3233,57814
2006-08-16,10216.5,10326.39,10206.51,10310.05,5156,58181
2006-08-17,10309.14,10353.64,10290.97,10313.68,5249,57878
2006-08-18,10315.5,10367.26,10299.15,10361.81,5650,58136
2006-08-21,10355.46,10362.72,10303.69,10340.93,2949,58708
2006-08-22,10336.38,10362.72,10285.52,10315.5,5347,59727
2006-08-23,10312.77,10344.56,10246.47,10293.7,5122,60133
2006-08-24,10289.16,10315.5,10253.74,10263.73,4071,60409
2006-08-25,10271.9,10299.15,10240.11,10270.09,3272,60194
2006-08-28,10253.74,10362.72,10250.1,10320.04,3998,60580
2006-08-29,10323.67,10349.1,10271.9,10328.21,3310,60314
2006-08-30,10326.39,10371.81,10320.95,10344.56,2880,60685
2006-08-31,10350.01,10371.81,10326.39,10345.47,3232,60434
2006-09-01,10350.92,10435.38,10344.56,10419.03,0,0
2006-09-05,10439.92,10444.46,10394.51,10424.48,7312,61227
2006-09-06,10414.49,10419.03,10353.64,10367.26,10006,62384
2006-09-07,10359.09,10366.36,10285.52,10310.05,27748,67087
2006-09-08,10314.59,10362.72,10308.23,10338.2,15221,65095
2006-09-11,10339.1,10373.35,10287.73,10349.02,27835,69861
2006-09-12,10344.51,10454.46,10325.58,10440.94,35088,77241
2006-09-13,10437.34,10513.04,10421.12,10479.7,29393,78123
2006-09-14,10476.99,10490.51,10440.94,10478.8,14994,77505
2006-09-15,10481.5,10548.19,10466.18,10508.54,5910,53603
2006-09-18,10499.52,10528.36,10465.28,10498.62,5004,54146
2006-09-19,10489.61,10508.54,10422.92,10476.99,6632,54769
2006-09-20,10483.3,10558.1,10476.99,10541.88,4412,55020
2006-09-21,10545.49,10574.33,10439.14,10475.19,7073,55188
2006-09-22,10468.88,10483.3,10412.1,10448.15,4812,54704
2006-09-25,10452.66,10542.78,10418.41,10497.72,7920,55358
2006-09-26,10498.62,10592.35,10481.5,10587.85,6468,55822
2006-09-27,10580.64,10625.7,10566.22,10611.28,4950,57774
2006-09-28,10609.48,10631.11,10568.02,10606.77,4857,58772
2006-09-29,10610.38,10641.92,10582.44,10588.75,4223,58925
2006-10-02,10583.34,10630.2,10562.61,10576.13,5508,59441
2006-10-03,10576.13,10655.44,10555.4,10625.7,8726,59795
2006-10-04,10621.19,10738.35,10604.07,10730.24,8777,60663
2006-10-05,10730.24,10760.89,10714.02,10748.27,5504,61316
2006-10-06,10748.27,10751.87,10695.09,10741.06,3832,61581
2006-10-09,10734.75,10763.59,10704.11,10750.07,1622,61538
2006-10-10,10744.66,10760.89,10715.82,10741.96,3631,61300
2006-10-11,10731.14,10756.38,10675.27,10741.96,4673,61617
2006-10-12,10741.06,10829.38,10740.16,10820.37,7609,62313
2006-10-13,10818.57,10837.49,10781.61,10832.99,3105,61936
2006-10-16,10827.58,10860.02,10810.45,10843.8,2983,61988
2006-10-17,10840.2,10843.8,10758.18,10827.58,4676,62077
2006-10-18,10839.29,10903.28,10811.36,10851.01,8579,62396
2006-10-19,10841.1,10887.06,10825.78,10868.13,5676,62633
2006-10-20,10866.33,10884.36,10814.96,10858.22,3922,62564
2006-10-23,10875.34,10968.17,10837.49,10943.84,7024,63224
2006-10-24,10931.22,10978.99,10928.52,10973.58,5425,63421
2006-10-25,10968.17,10990.7,10923.11,10985.3,5563,63050
2006-10-26,10981.69,11013.23,10936.63,10985.3,6058,63358
2006-10-27,10984.39,10986.2,10914.1,10938.43,4605,62482
2006-10-30,10930.32,10953.75,10887.96,10924.91,4103,62443
2006-10-31,10921.31,10945.64,10863.63,10922.21,7423,62777
2006-11-01,10915.9,10957.36,10846.5,10871.74,5726,62825
2006-11-02,10872.64,10890.66,10823.07,10847.41,4513,62772
2006-11-03,10862.73,10900.58,10805.95,10822.17,6378,63876
2006-11-06,10826.68,10947.44,10818.57,10934.83,4514,63544
2006-11-07,10932.12,11013.23,10924.91,10984.39,3470,63187
2006-11-08,10977.18,11013.23,10932.12,11002.42,4369,63412
2006-11-09,11006.93,11009.63,10918.6,10942.04,4916,63219
2006-11-10,10940.23,10953.75,10905.08,10934.83,1994,63088
2006-11-13,10936.63,10999.72,10921.31,10958.26,3249,63118
2006-11-14,10962.76,11056.49,10918.6,11043.88,7246,62320
2006-11-15,11045.68,11108.77,11035.77,11074.52,5731,63659
2006-11-16,11064.61,11137.61,11063.7,11130.4,3221,63703
2006-11-17,11119.58,11152.93,11094.35,11146.62,7089,65231
2006-11-20,11148.42,11161.94,11114.17,11132.2,5429,63955
2006-11-21,11126.79,11144.82,11103.36,11127.69,1958,61842
2006-11-22,11125.89,11161.94,11107.87,11134.0,3906,61775
2006-11-24,11115.08,11124.09,11070.01,11086.24,3930,61618
2006-11-27,11071.82,11106.06,10935.73,10938.43,8045,62021
2006-11-28,10941.13,10972.68,10900.58,10952.85,5257,62080
2006-11-29,10965.47,11051.99,10963.67,11042.98,7802,63395
2006-11-30,11042.07,11082.63,10977.18,11037.57,8003,63643
2006-12-01,11035.77,11059.2,10910.49,11016.84,9703,63852
2006-12-04,11006.93,11112.37,11001.52,11082.63,7796,63784
2006-12-05,11086.24,11134.0,11075.42,11128.59,9178,65366
2006-12-06,11128.59,11131.3,11091.64,11109.67,10643,65586
2006-12-07,11104.3,11150.83,11062.24,11073.87,29078,69674
2006-12-08,11073.87,11125.78,11039.86,11093.56,22460,68810
2006-12-11,11094.45,11140.99,11094.45,11123.99,29717,79441
2006-12-12,11123.99,11128.46,11047.92,11107.88,45167,93434
2006-12-13,11102.51,11150.83,11092.66,11117.72,38753,109396
2006-12-14,11116.83,11210.8,11101.61,11194.69,18847,104355
2006-12-15,11200.06,11254.65,11189.32,11217.95,4302,65943
2006-12-18,11219.74,11257.33,11202.74,11218.85,2165,65914
2006-12-19,11221.53,11256.44,11170.52,11232.27,2976,65761
2006-12-20,11234.96,11259.12,11217.06,11226.01,1593,65653
2006-12-21,11234.96,11254.65,11164.26,11187.53,2681,65446
2006-12-22,11198.27,11202.74,11113.25,11113.25,2346,65201
2006-12-26,11126.67,11187.53,11110.56,11181.26,3292,65297
2006-12-27,11182.16,11270.76,11179.47,11264.49,2501,65241
2006-12-28,11263.6,11283.28,11231.38,11252.86,4571,64480
2006-12-29,11252.86,11276.13,11213.48,11221.53,4571,64480
2007-01-03,11279.7,11322.66,11159.78,11213.48,6912,64608
2007-01-04,11225.11,11253.75,11159.78,11230.48,4827,64889
2007-01-05,11233.17,11233.17,11123.99,11141.89,4458,64825
2007-01-08,11148.15,11200.06,11101.61,11179.47,4210,66836
2007-01-09,11186.63,11217.95,11128.46,11171.42,3572,65350
2007-01-10,11176.79,11200.06,11112.35,11193.79,4358,65522
2007-01-11,11203.64,11279.7,11173.21,11245.7,4253,66003
2007-01-12,11244.8,11302.97,11226.9,11299.39,3291,66846
2007-01-16,11313.71,11326.24,11267.18,11301.18,3093,66534
2007-01-17,11294.92,11336.98,11276.13,11311.03,3280,68052
2007-01-18,11302.08,11334.3,11271.65,11278.81,5691,69247
2007-01-19,11265.39,11306.55,11253.75,11285.07,3399,69156
2007-01-22,11292.23,11300.29,11182.16,11217.06,7694,68508
2007-01-23,11220.64,11276.13,11197.37,11268.97,3602,68637
2007-01-24,11275.23,11334.3,11265.39,11330.72,3073,68886
2007-01-25,11322.66,11332.51,11209.9,11223.32,4688,68790
2007-01-26,11223.32,11252.86,11154.41,11207.22,4508,69059
2007-01-29,11206.32,11256.44,11184.84,11209.01,3967,69191
2007-01-30,11213.48,11250.17,11195.58,11240.33,2619,70239
2007-01-31,11243.91,11355.77,11210.8,11329.82,4473,70159
2007-02-01,11329.82,11379.04,11327.14,11375.46,6561,71025
2007-02-02,11376.36,11396.94,11336.09,11355.77,4909,71695
2007-02-05,11345.93,11374.57,11329.82,11368.3,2098,71892
2007-02-06,11362.04,11379.04,11329.82,11362.93,2456,71807
2007-02-07,11365.62,11393.36,11329.82,11374.57,3974,72194
2007-02-08,11372.78,11372.78,11276.13,11340.56,5799,71731
2007-02-09,11338.77,11370.09,11249.28,11288.65,5254,71576
2007-02-12,11280.6,11303.87,11240.33,11261.81,2268,71657
2007-02-13,11265.39,11353.98,11265.39,11353.09,2799,71922
2007-02-14,11349.51,11440.79,11349.51,11423.79,4635,72248
2007-02-15,11424.68,11457.8,11420.21,11443.48,4121,72690
2007-02-16,11435.42,11446.16,11422.0,11443.48,3301,73212
2007-02-20,11446.16,11468.54,11383.52,11451.53,3481,74966
2007-02-21,11450.64,11455.11,11387.99,11417.52,2892,74586
2007-02-22,11418.42,11441.69,11336.09,11369.2,6313,74116
2007-02-23,11370.09,11374.57,11321.77,11333.4,3185,74227
2007-02-26,11338.77,11381.73,11302.97,11324.45,3967,73973
2007-02-27,11327.14,11328.93,10837.61,10900.25,14041,74309
2007-02-28,10898.46,11056.87,10877.88,10984.38,12535,73139
2007-03-01,10979.01,11020.17,10792.86,10964.69,11258,72100
2007-03-02,10983.48,11001.38,10833.13,10835.82,7086,71496
2007-03-05,10807.18,10913.68,10713.21,10771.38,8719,71767
2007-03-06,10792.86,10943.21,10792.86,10931.58,10489,72760
2007-03-07,10935.16,10970.06,10897.57,10919.05,11071,73346
2007-03-08,10913.72,11010.51,10913.72,10989.2,15463,74096
2007-03-09,10990.08,11046.02,10943.91,10996.3,18097,74895
2007-03-12,10999.85,11046.02,10957.23,11020.27,23287,77014
2007-03-13,11013.17,11021.16,10806.28,10823.15,26745,78157
2007-03-14,10820.49,10877.31,10686.41,10876.43,24253,79473
2007-03-15,10886.19,10908.39,10832.92,10882.64,17732,72411
2007-03-16,10867.55,10906.62,10813.38,10842.68,6270,38242
2007-03-19,10824.04,10948.35,10824.04,10947.46,3368,38288
2007-03-20,10944.8,10998.96,10922.6,10997.19,1932,38455
2007-03-21,10991.86,11160.57,10966.11,11119.72,5541,39019
2007-03-22,11113.51,11165.9,11095.75,11139.26,4428,38807
2007-03-23,11134.82,11188.09,11130.38,11158.79,3644,39115
2007-03-26,11152.58,11165.9,11057.57,11128.6,6355,38762
2007-03-27,11125.05,11130.38,11060.23,11085.09,2888,38818
2007-03-28,11057.57,11064.67,10948.35,10999.85,4834,38546
2007-03-29,11005.18,11070.0,10957.23,11024.71,5456,38549
2007-03-30,11034.48,11090.42,10935.92,11046.02,5319,38756
2007-04-02,11038.03,11068.22,11006.07,11054.01,4249,39828
2007-04-03,11056.68,11192.53,11054.9,11170.34,5153,40143
2007-04-04,11168.56,11196.97,11148.14,11183.65,2057,40426
2007-04-05,11180.1,11226.28,11164.12,11207.63,2350,40273
2007-04-09,11237.82,11249.36,11210.29,11222.72,2213,40570
2007-04-10,11225.39,11241.37,11204.08,11216.51,1652,40455
2007-04-11,11218.28,11232.49,11112.62,11147.25,4509,40966
2007-04-12,11143.7,11205.85,11085.98,11191.65,3393,40501
2007-04-13,11173.89,11254.69,11173.89,11252.91,3193,40543
2007-04-16,11259.13,11355.92,11259.13,11338.16,4381,40664
2007-04-17,11337.27,11405.64,11307.97,11388.77,4248,41079
2007-04-18,11370.12,11444.71,11351.48,11417.18,2888,41344
2007-04-19,11412.74,11436.72,11334.61,11428.73,5490,41704
2007-04-20,11432.28,11561.03,11425.18,11560.14,4959,40895
2007-04-23,11558.37,11578.79,11512.19,11520.19,3978,42551
2007-04-24,11526.4,11574.35,11497.1,11549.49,2557,42535
2007-04-25,11556.59,11679.13,11534.39,11649.83,4956,44498
2007-04-26,11656.04,11698.66,11643.61,11693.33,3527,44295
2007-04-27,11682.68,11711.09,11640.95,11698.66,3012,44527
2007-04-30,11688.89,11720.86,11633.84,11646.27,3178,44510
2007-05-01,11638.28,11703.1,11610.76,11701.33,5067,47897
2007-05-02,11697.77,11800.78,11697.77,11763.48,3849,47750
2007-05-03,11760.82,11799.0,11747.5,11790.12,3334,46876
2007-05-04,11786.57,11845.17,11776.8,11826.53,3486,47785
2007-05-07,11821.2,11854.05,11814.09,11845.17,2799,46543
2007-05-08,11839.85,11858.49,11783.02,11850.5,3711,46988
2007-05-09,11841.62,11905.55,11827.41,11884.24,4401,47108
2007-05-10,11876.25,11879.8,11760.82,11782.13,3970,46607
2007-05-11,11777.69,11883.35,11756.38,11879.8,4578,46282
2007-05-14,11881.58,11916.21,11838.96,11887.79,3847,46483
2007-05-15,11878.03,12003.23,11853.16,11932.19,8559,48174
2007-05-16,11925.09,12015.66,11900.23,12013.88,8811,47714
2007-05-17,12005.89,12036.08,11973.92,11992.57,2932,48147
2007-05-18,11991.68,12079.59,11983.69,12075.15,7416,48087
2007-05-21,12068.93,12093.8,12042.3,12050.29,3347,47708
2007-05-22,12046.74,12092.91,12036.08,12039.63,3078,48480
2007-05-23,12038.74,12107.12,12016.55,12038.74,4905,48085
2007-05-24,12036.08,12123.1,11942.85,11969.49,9207,49412
2007-05-25,11973.04,12022.76,11965.05,12011.22,4860,50296
2007-05-29,12018.32,12067.16,11976.59,12038.74,4481,50167
2007-05-30,12033.42,12129.32,11960.61,12125.76,9171,52144
2007-05-31,12125.76,12155.95,12102.68,12120.44,5619,51916
2007-06-01,12126.65,12169.27,12109.78,12155.07,4850,52466
2007-06-04,12151.51,12169.27,12107.12,12145.3,5130,52398
2007-06-05,12139.97,12155.95,12040.52,12089.36,9515,52547
2007-06-06,12088.47,12102.68,11938.41,11952.61,19260,56558
2007-06-07,11952.61,12000.13,11765.18,11773.98,20019,58043
2007-06-08,11773.1,11927.98,11722.94,11919.18,17767,58164
2007-06-11,11913.02,11968.45,11883.98,11928.86,18585,60549
2007-06-12,11925.34,11941.17,11800.38,11810.06,18976,59942
2007-06-13,11792.46,11980.77,11787.18,11971.97,13018,59657
2007-06-14,11967.57,12061.73,11961.41,12045.01,15890,63604
2007-06-15,12045.01,12156.77,12039.73,12102.21,3437,31244
2007-06-18,12101.33,12143.57,12078.45,12081.97,2462,32171
2007-06-19,12073.17,12117.17,12049.41,12103.97,3729,32560
2007-06-20,12096.05,12156.77,11963.17,11974.61,4257,31697
2007-06-21,11992.21,12033.57,11888.38,12020.37,6633,32274
2007-06-22,12008.93,12023.89,11854.06,11884.86,6289,32382
2007-06-25,11878.7,11963.17,11792.46,11861.1,6461,32788
2007-06-26,11864.62,11932.38,11784.54,11788.06,5316,32363
2007-06-27,11790.7,11907.74,11747.58,11897.18,3533,32288
2007-06-28,11898.06,11958.77,11875.18,11894.54,3223,32136
2007-06-29,11897.18,11980.77,11791.58,11894.54,4268,32050
2007-07-02,11898.06,11999.25,11891.02,11991.33,3603,32247
2007-07-03,12000.13,12038.85,11993.97,12024.77,2385,31535
2007-07-05,12037.97,12053.81,11967.57,12011.57,2633,31503
2007-07-06,12015.97,12077.57,11991.33,12062.61,3045,31926
2007-07-09,12064.37,12108.37,12059.97,12090.77,2259,32090
2007-07-10,12089.89,12096.93,11943.81,11954.37,4911,32509
2007-07-11,11954.37,12037.97,11917.42,12035.33,3116,32323
2007-07-12,12042.37,12275.56,12031.81,12249.16,8691,32781
2007-07-13,12257.96,12331.0,12236.84,12295.8,3639,32017
2007-07-16,12294.04,12377.64,12276.44,12345.08,3037,33047
2007-07-17,12349.48,12404.92,12320.44,12363.56,2833,33828
2007-07-18,12316.92,12354.76,12231.56,12322.2,3719,33514
2007-07-19,12341.56,12398.76,12332.76,12373.24,2316,33688
2007-07-20,12354.76,12385.56,12209.57,12265.0,5528,34659
2007-07-23,12268.52,12359.16,12259.72,12329.24,4212,34529
2007-07-24,12320.44,12340.68,12117.17,12155.01,4720,34063
2007-07-25,12154.13,12218.37,12090.77,12179.65,5044,34796
2007-07-26,12192.85,12208.69,11787.18,11909.5,12583,35089
2007-07-27,11918.3,11963.17,11681.58,11689.5,5044,34923
2007-07-30,11694.78,11835.58,11666.62,11801.26,4686,35066
2007-07-31,11805.66,11919.18,11641.99,11681.58,4810,35384
2007-08-01,11657.82,11822.38,11539.91,11795.1,7278,35925
2007-08-02,11810.06,11923.58,11759.9,11903.34,4504,36238
2007-08-03,11902.46,11914.78,11624.39,11673.66,4344,36664
2007-08-06,11629.67,11892.78,11619.99,11854.06,4820,37184
2007-08-07,11854.06,12015.97,11782.78,11921.82,4269,37757
2007-08-08,11923.58,12090.77,11910.38,12059.97,5967,37873
2007-08-09,12055.57,12064.37,11721.18,11727.34,7981,38113
2007-08-10,11717.66,11747.58,11531.99,11648.15,6247,37922
2007-08-13,11681.58,11773.98,11659.58,11663.98,5168,38226
2007-08-14,11662.22,11712.38,11492.39,11517.91,4538,38246
2007-08-15,11504.71,11580.39,11334.0,11370.08,6854,38499
2007-08-16,11348.08,11394.71,11048.01,11390.31,10750,38860
2007-08-17,11399.11,11633.19,11216.08,11531.99,7392,38077
2007-08-20,11492.39,11633.19,11457.19,11570.71,4171,37754
2007-08-21,11549.59,11627.91,11516.15,11542.55,2596,37934
2007-08-22,11542.55,11685.98,11542.55,11681.58,2122,37762
2007-08-23,11722.94,11773.1,11619.99,11669.26,6192,37598
2007-08-24,11659.58,11809.18,11630.55,11797.74,4030,37749
2007-08-27,11795.1,11804.78,11734.38,11749.34,3041,38278
2007-08-28,11746.7,11751.1,11501.19,11523.19,4544,37861
2007-08-29,11514.39,11721.18,11495.91,11713.26,4014,37838
2007-08-30,11713.26,11738.78,11619.99,11685.1,3614,37986
2007-08-31,11691.26,11837.34,11684.22,11759.9,3312,38063
2007-09-04,11751.1,11892.78,11715.02,11840.86,3765,38091
2007-09-05,11832.94,11832.94,11673.66,11741.42,4063,38184
2007-09-06,11732.62,11806.54,11699.18,11772.22,2805,38629
2007-09-07,11763.42,11765.18,11527.59,11585.67,3241,38852
2007-09-10,11563.67,11633.19,11474.79,11578.63,7723,39142
2007-09-11,11570.71,11737.9,11566.31,11722.06,6805,41050
2007-09-12,11707.98,11769.58,11679.82,11729.98,15721,42931
2007-09-13,11726.49,11861.88,11701.16,11823.45,9751,43734
2007-09-14,11795.49,11853.14,11735.22,11836.55,7478,43947
2007-09-17,11826.07,11842.66,11763.18,11794.62,11064,46389
2007-09-18,11792.0,12097.72,11766.67,12084.62,12785,46179
2007-09-19,12092.48,12198.17,12079.38,12139.65,16961,51990
2007-09-20,12129.16,12157.12,12084.62,12102.09,7164,53038
2007-09-21,12097.72,12202.54,12097.72,12142.27,3809,23562
2007-09-24,12136.15,12198.17,12088.98,12108.2,2954,23426
2007-09-25,12088.98,12126.54,12040.94,12113.44,3941,24507
2007-09-26,12114.31,12227.87,12114.31,12192.05,3975,24594
2007-09-27,12194.67,12254.95,12185.94,12233.11,2681,26361
2007-09-28,12233.11,12236.6,12167.6,12223.5,2383,26836
2007-10-01,12216.51,12399.07,12196.42,12365.88,6352,27605
2007-10-02,12361.51,12394.7,12309.1,12321.33,3410,27560
2007-10-03,12320.46,12330.94,12250.58,12274.16,3838,27610
2007-10-04,12280.28,12307.35,12250.58,12264.55,2003,29329
2007-10-05,12260.19,12407.8,12254.07,12365.0,4046,28783
2007-10-08,12358.89,12371.99,12302.99,12326.57,0,0
2007-10-09,12333.56,12445.36,12310.85,12435.76,4003,28552
2007-10-10,12427.89,12429.64,12294.25,12352.78,3037,29229
2007-10-11,12367.62,12464.58,12244.46,12303.86,4393,29453
2007-10-12,12294.25,12385.97,12264.55,12385.09,3688,29442
2007-10-15,12386.84,12406.93,12198.17,12286.39,4383,29619
2007-10-16,12281.15,12298.62,12171.96,12204.28,2682,30903
2007-10-17,12235.73,12297.75,12080.25,12199.92,5414,31267
2007-10-18,12192.93,12217.39,12123.05,12176.33,2212,32090
2007-10-19,12185.07,12185.94,11835.67,11844.41,5116,32062
2007-10-22,11831.31,11909.92,11726.49,11888.08,4817,32809
2007-10-23,11916.03,11992.9,11866.25,11972.81,2324,32812
2007-10-24,11941.37,11988.53,11796.37,11971.94,5435,33469
2007-10-25,11996.39,12032.21,11866.25,12000.76,2626,33400
2007-10-26,12005.13,12102.09,11977.18,12095.97,2404,33662
2007-10-29,12104.71,12171.09,12104.71,12147.51,1346,33558
2007-10-30,12136.15,12138.77,12062.78,12073.26,2055,34377
2007-10-31,12068.02,12220.01,12049.68,12172.84,4712,34364
2007-11-01,12176.33,12184.19,11857.51,11886.34,4899,34126
2007-11-02,11888.08,11949.23,11761.43,11916.03,2446,35558
2007-11-05,11861.01,11911.67,11764.05,11840.04,2559,35396
2007-11-06,11842.66,11956.21,11818.2,11946.61,4710,34264
2007-11-07,11930.88,11933.5,11630.41,11665.35,5263,34341
2007-11-08,11613.81,11729.11,11440.86,11584.11,4189,34444
2007-11-09,11595.47,11626.91,11385.83,11396.31,3613,34439
2007-11-12,11398.93,11508.99,11337.79,11346.52,2627,35952
2007-11-13,11345.65,11660.98,11334.3,11643.51,2462,36356
2007-11-14,11637.39,11717.75,11556.16,11595.47,3625,36191
2007-11-15,11594.59,11626.04,11429.51,11495.02,3698,36494
2007-11-16,11489.78,11564.89,11425.14,11521.22,4185,38367
2007-11-19,11541.31,11555.29,11324.69,11349.14,4444,35645
2007-11-20,11365.74,11471.43,11237.34,11407.67,4449,35912
2007-11-21,11380.59,11390.2,11189.3,11194.54,3387,36490
2007-11-23,11246.95,11352.64,11209.39,11343.03,2232,36733
2007-11-26,11363.12,11432.13,11136.89,11156.11,3716,36790
2007-11-27,11151.74,11368.36,11145.62,11315.95,3837,36341
2007-11-28,11316.83,11660.98,11280.14,11623.42,5281,35374
2007-11-29,11595.47,11678.45,11564.89,11646.13,4069,35545
2007-11-30,11658.36,11783.27,11626.04,11723.87,193316,35678
2007-12-03,11705.53,11730.86,11634.77,11660.1,2358,36098
2007-12-04,11643.51,11665.35,11578.87,11584.11,1514,36118
2007-12-05,11591.97,11774.53,11591.97,11753.57,2135,36474
2007-12-06,11787.63,11923.02,11722.12,11894.2,4392,37391
2007-12-07,11888.96,11956.21,11853.14,11923.02,0,0
2007-12-10,11923.02,12027.84,11888.08,12011.24,4377,37654
2007-12-11,12020.85,12048.8,11730.86,11748.33,5078,38926
2007-12-12,11773.66,11985.91,11643.51,11792.0,17290,40484
2007-12-13,11791.13,11818.91,11671.34,11804.15,6884,40195
2007-12-14,11811.1,11844.09,11653.98,11667.0,7023,40887
2007-12-17,11662.66,11662.66,11502.06,11518.56,11406,44157
2007-12-18,11544.6,11609.7,11441.3,11569.77,9791,43739
2007-12-19,11586.27,11618.38,11484.7,11543.73,15408,48590
2007-12-20,11550.67,11600.15,11489.04,11588.87,9299,49389
2007-12-21,11588.87,11779.85,11580.19,11762.49,2624,23637
2007-12-24,11758.15,11851.9,11744.26,11829.33,1221,24317
2007-12-26,11823.25,11849.29,11792.87,11843.22,551,24319
2007-12-27,11831.93,11850.16,11655.71,11683.49,2585,24611
2007-12-28,11700.85,11758.15,11606.23,11655.71,1979,24628
2007-12-31,11653.11,11677.41,11554.15,11569.77,1197,24619
2008-01-02,11612.31,11612.31,11328.45,11403.1,4380,26511
2008-01-03,11415.25,11454.32,11354.49,11409.18,3018,27020
2008-01-04,11401.36,11442.16,11146.15,11186.95,3656,26095
2008-01-07,11190.42,11243.37,11098.4,11179.14,4153,26267
2008-01-08,11172.19,11245.98,10950.83,10982.08,4784,26595
2008-01-09,10976.01,11105.35,10894.41,11063.68,4419,27135
2008-01-10,11080.17,11267.68,11007.26,11149.62,6336,27308
2008-01-11,11137.47,11146.15,10929.13,10990.76,5694,27431
2008-01-14,11019.41,11140.94,10894.41,11109.69,3372,27729
2008-01-15,11101.88,11104.48,10872.7,10906.56,4456,27896
2008-01-16,10831.9,10976.87,10779.82,10842.32,5607,28064
2008-01-17,10831.9,10894.41,10555.85,10604.47,5661,28362
2008-01-18,10604.47,10749.44,10461.23,10508.98,4323,0
2008-01-22,10529.81,10538.49,9944.73,10374.43,8856,28200
2008-01-23,10374.43,10677.39,10104.45,10653.08,6646,27693
2008-01-24,10651.34,10764.19,10577.56,10733.81,4211,26508
2008-01-25,10748.57,10842.32,10586.24,10621.83,3658,26346
2008-01-28,10607.94,10759.85,10521.13,10744.23,3296,27677
2008-01-29,10739.02,10851.0,10712.98,10825.83,2297,28901
2008-01-30,10828.43,11003.78,10729.47,10758.99,3892,29182
2008-01-31,10748.57,11024.62,10626.17,10949.96,3924,29536
2008-02-01,10963.85,11093.2,10929.13,11073.23,4655,29503
2008-02-04,11073.23,11092.33,10942.15,10948.23,2775,29491
2008-02-05,10946.49,10956.04,10642.66,10694.75,2000,29602
2008-02-06,10701.69,10755.51,10573.22,10620.96,3320,30672
2008-02-07,10621.83,10712.11,10505.51,10658.29,6551,31410
2008-02-08,10657.42,10681.73,10508.11,10570.61,2958,31904
2008-02-11,10571.48,10638.32,10482.07,10623.56,4839,32052
2008-02-12,10607.94,10824.96,10587.11,10752.04,3827,32620
2008-02-13,10747.7,10920.45,10704.3,10872.7,4095,32209
2008-02-14,10877.91,10924.79,10729.47,10760.72,2084,31862
2008-02-15,10763.33,10804.13,10657.42,10720.79,2060,31879
2008-02-19,10704.3,10863.15,10684.33,10753.78,4618,31929
2008-02-20,10755.51,10820.62,10616.62,10789.37,4613,32376
2008-02-21,10780.69,10855.34,10642.66,10695.62,5036,32798
2008-02-22,10687.8,10772.87,10555.85,10759.85,4645,32755
2008-02-25,10737.28,10929.13,10716.45,10908.29,6161,32880
2008-02-26,10900.48,11059.34,10860.55,11023.75,3957,34107
2008-02-27,11009.86,11076.7,10946.49,11018.54,4851,35158
2008-02-28,11012.46,11020.28,10885.72,10917.84,2096,34957
2008-02-29,10919.58,10920.45,10613.15,10682.59,3008,34456
2008-03-03,10648.74,10664.36,10555.85,10635.72,3155,34631
2008-03-04,10649.61,10666.97,10444.74,10609.68,2879,35057
2008-03-05,10605.33,10756.38,10547.17,10656.55,4235,34829
2008-03-06,10603.6,10619.22,10438.66,10477.73,1958,35019
2008-03-07,10474.25,10525.47,10260.71,10322.34,4448,35812
2008-03-10,10343.17,10347.52,10187.79,10225.12,3483,35793
2008-03-11,10408.28,10581.9,10321.47,10581.9,5364,36024
2008-03-12,10581.9,10684.33,10503.77,10524.6,8585,37481
2008-03-13,10390.97,10607.91,10315.48,10543.69,7112,37159
2008-03-14,10612.24,10612.24,10291.19,10398.78,6417,38175
2008-03-17,10187.06,10477.75,10187.06,10410.06,24329,45842
2008-03-18,10547.16,10764.1,10499.44,10764.1,13398,45035
2008-03-19,10755.42,10808.35,10482.09,10515.93,20377,51421
2008-03-20,10551.5,10697.28,10499.44,10697.28,0,0
2008-03-24,10764.96,10883.84,10704.22,10881.24,4771,21895
2008-03-25,10881.24,10904.67,10802.28,10859.54,3152,24080
2008-03-26,10833.51,10833.51,10738.06,10745.01,3050,24442
2008-03-27,10807.48,10820.5,10664.31,10691.21,4164,25697
2008-03-28,10716.37,10738.06,10581.87,10617.45,3468,26113
2008-03-31,10577.54,10692.07,10564.52,10635.67,3514,27556
2008-04-01,10751.08,10981.03,10751.08,10956.73,3183,27725
2008-04-02,10972.35,11011.4,10889.92,10949.79,2413,27856
2008-04-03,10894.25,10994.04,10872.56,10965.41,1685,27849
2008-04-04,10959.33,11008.79,10868.22,10941.98,4228,27666
2008-04-07,11005.32,11045.24,10915.95,10935.04,2640,28067
2008-04-08,10885.58,10946.32,10872.56,10941.98,4721,31662
2008-04-09,10933.3,10950.66,10816.16,10909.0,4721,31662
2008-04-10,10887.31,10973.22,10845.66,10933.3,2948,29034
2008-04-11,10811.82,10816.16,10668.65,10706.83,1802,28935
2008-04-14,10699.02,10729.39,10649.56,10686.87,3005,28931
2008-04-15,10733.73,10740.67,10642.61,10719.84,5711,29177
2008-04-16,10798.8,10985.36,10798.8,10980.16,3856,29268
2008-04-17,10911.61,10987.97,10898.59,10983.63,4742,30868
2008-04-18,11111.18,11192.75,11093.83,11115.52,3317,29285
2008-04-21,11098.17,11145.89,11066.06,11113.79,2025,29564
2008-04-22,11093.83,11098.17,10981.03,11051.31,2779,29367
2008-04-23,11072.14,11134.61,11020.07,11061.72,3450,29213
2008-04-24,11091.23,11228.33,11020.07,11133.75,3294,29461
2008-04-25,11191.01,11193.62,11054.78,11171.92,2696,29421
2008-04-28,11184.94,11219.65,11150.23,11175.4,2115,29918
2008-04-29,11144.16,11180.6,11102.51,11129.41,913,29971
2008-04-30,11154.57,11278.65,11102.51,11112.92,2490,30297
2008-05-01,11103.37,11293.41,11097.3,11281.26,3463,30516
2008-05-02,11384.52,11384.52,11254.36,11332.45,4790,30046
2008-05-05,11315.1,11315.1,11217.05,11251.76,2482,30595
2008-05-06,11197.96,11313.36,11150.23,11304.69,1677,30639
2008-05-07,11297.74,11303.82,11096.43,11138.08,2151,30827
2008-05-08,11150.23,11193.62,11093.83,11127.67,1981,31368
2008-05-09,11067.8,11093.83,11024.41,11058.25,1609,31485
2008-05-12,11080.81,11191.01,11053.05,11162.38,2871,32353
2008-05-13,11178.0,11180.6,11085.15,11129.41,3626,32250
2008-05-14,11158.91,11276.05,11158.91,11175.4,2229,32683
2008-05-15,11180.6,11280.39,11158.91,11276.92,3040,31893
2008-05-16,11293.41,11297.74,11189.28,11265.64,1766,31775
2008-05-19,11263.04,11401.87,11248.28,11319.44,1491,31710
2008-05-20,11250.02,11250.02,11085.15,11150.23,4924,32072
2008-05-21,11148.5,11158.91,10911.61,10949.79,2588,31844
2008-05-22,10946.32,10995.78,10928.96,10947.18,2200,31252
2008-05-23,10902.93,10915.95,10813.56,10821.37,1301,31208
2008-05-27,10837.85,10907.27,10794.47,10892.52,1968,31336
2008-05-28,10915.95,10937.64,10837.85,10932.43,1526,31212
2008-05-29,10907.27,11039.16,10889.92,10954.13,1861,31126
2008-05-30,10989.7,11007.06,10937.64,10965.41,1553,31455
2008-06-02,10928.96,10931.57,10777.11,10851.74,3962,32094
2008-06-03,10876.9,10889.92,10707.69,10763.23,5303,31700
2008-06-04,10738.06,10846.53,10712.03,10763.23,2922,31896
2008-06-05,10785.79,10950.66,10764.1,10948.92,2646,32369
2008-06-06,10859.54,10862.15,10581.87,10598.36,3419,32469
2008-06-09,10612.24,10699.02,10590.55,10668.65,2774,33208
2008-06-10,10603.57,10733.73,10596.62,10652.16,3653,33227
2008-06-11,10653.03,10699.88,10489.9,10498.57,6296,33599
2008-06-12,10534.14,10646.05,10483.83,10547.15,8738,38524
2008-06-13,10574.91,10692.03,10557.56,10672.07,7921,39948
2008-06-16,10618.29,10690.29,10592.26,10637.37,13743,45672
2008-06-17,10687.69,10694.63,10540.21,10560.17,21331,50303
2008-06-18,10509.85,10531.54,10405.75,10434.38,7820,50851
2008-06-19,10436.11,10509.85,10392.74,10448.26,6291,50936
2008-06-20,10384.06,10392.74,10249.6,10274.76,2154,24423
2008-06-23,10299.91,10305.99,10245.26,10263.48,1378,24698
2008-06-24,10245.26,10323.34,10167.18,10247.86,3654,25102
2008-06-25,10256.54,10336.35,10223.57,10242.66,1964,25468
2008-06-26,10149.83,10154.17,9932.96,9943.37,3904,26216
2008-06-27,9945.97,9955.51,9792.42,9852.28,4818,27167
2008-06-30,9841.87,9911.27,9781.14,9836.66,5925,27018
2008-07-01,9742.11,9889.58,9690.06,9871.36,11893,27628
2008-07-02,9867.89,9902.6,9708.27,9725.62,6848,27882
2008-07-03,9776.81,9820.18,9668.37,9792.42,213,0
2008-07-04,9791.55,9804.57,9742.97,9792.42,213,0
2008-07-07,9811.51,9876.57,9633.67,9720.42,5468,28654
2008-07-08,9724.76,9876.57,9690.06,9867.89,7794,29626
2008-07-09,9885.25,9893.92,9657.09,9671.84,5021,30457
2008-07-10,9673.57,9767.26,9607.64,9730.83,4749,30806
2008-07-11,9620.66,9733.43,9510.48,9625.86,4239,30542
2008-07-14,9720.42,9733.43,9533.9,9572.94,4564,30913
2008-07-15,9512.22,9642.34,9382.09,9471.44,6117,32119
2008-07-16,9503.54,9742.11,9460.17,9721.29,7863,32215
2008-07-17,9802.83,9924.28,9722.15,9890.45,12310,32702
2008-07-18,9932.96,9985.01,9859.22,9977.2,10176,31792
2008-07-21,10006.7,10015.37,9898.26,9945.97,2624,34729
2008-07-22,9883.51,10064.82,9867.89,10031.85,3765,31769
2008-07-23,10054.41,10132.48,10015.37,10074.36,4687,31987
2008-07-24,10076.1,10080.43,9833.19,9847.07,3405,32159
2008-07-25,9872.23,9911.27,9808.04,9816.71,4127,31948
2008-07-28,9820.18,9837.53,9635.4,9660.56,2769,32133
2008-07-29,9672.71,9870.5,9664.03,9866.16,3092,31876
2008-07-30,9932.96,10045.73,9880.91,10045.73,3371,32147
2008-07-31,9937.3,10011.03,9840.13,9854.01,3272,31925
2008-08-01,9885.25,9895.66,9756.85,9808.04,2266,31993
2008-08-04,9802.83,9859.22,9716.08,9777.67,2292,32164
2008-08-05,9857.48,10054.41,9850.54,10050.07,2574,32441
2008-08-06,10009.3,10126.41,9985.01,10089.98,2371,32454
2008-08-07,10004.96,10037.06,9889.58,9923.42,2517,32539
2008-08-08,9892.19,10188.87,9876.57,10138.56,5661,35205
2008-08-11,10138.56,10282.56,10119.47,10209.69,3786,35750
2008-08-12,10208.83,10221.84,10050.07,10102.12,3738,34827
2008-08-13,10054.41,10058.75,9928.62,9995.42,4232,34044
2008-08-14,9941.63,10158.51,9928.62,10078.7,3316,34339
2008-08-15,10102.12,10158.51,10063.08,10117.74,4043,34162
2008-08-18,10136.82,10136.82,9911.27,9975.47,5714,34535
2008-08-19,9893.92,9906.93,9811.51,9851.41,2120,34966
2008-08-20,9876.57,9932.96,9794.16,9894.79,4402,34759
2008-08-21,9815.84,9950.31,9811.51,9896.52,2496,35056
2008-08-22,9967.66,10093.45,9963.32,10077.83,3951,34476
2008-08-25,10032.72,10060.48,9854.88,9875.7,5772,38556
2008-08-26,9889.58,9921.68,9837.53,9899.99,3687,36527
2008-08-27,9902.6,10023.18,9867.89,9973.73,3575,35772
2008-08-28,10035.32,10158.51,10028.38,10145.5,3525,35772
2008-08-29,10102.12,10145.5,9998.02,10011.9,3993,36103
2008-09-02,10135.09,10227.91,9948.57,9988.48,3761,36098
2008-09-03,9989.35,10028.38,9906.93,10011.9,1982,36315
2008-09-04,9928.62,9941.63,9703.07,9716.08,5521,38364
2008-09-05,9672.71,9755.12,9581.62,9739.5,3145,38540
2008-09-08,10009.3,10041.4,9820.18,9980.67,6297,39042
2008-09-09,9976.33,10045.73,9742.11,9756.85,6176,40214
2008-09-10,9798.49,9876.57,9733.43,9795.02,12933,42781
2008-09-11,9674.37,9939.12,9630.96,9936.52,12587,44294
2008-09-12,9839.29,9952.14,9788.95,9939.99,16564,49637
2008-09-15,9626.62,9769.85,9496.42,9504.23,17502,52227
2008-09-16,9335.83,9622.28,9314.13,9587.56,24420,60949
2008-09-17,9461.69,9487.74,9196.94,9256.84,12715,57617
2008-09-18,9301.11,9617.94,9088.44,9535.48,11677,56037
2008-09-19,10060.65,10060.65,9787.21,9860.13,7080,24965
2008-09-22,9869.68,9882.7,9548.5,9603.19,5332,24203
2008-09-23,9583.22,9674.37,9404.4,9421.76,3238,23647
2008-09-24,9457.35,9479.06,9331.49,9426.97,2546,23385
2008-09-25,9470.38,9657.0,9448.67,9564.12,5571,24485
2008-09-26,9435.65,9696.07,9422.63,9676.1,2994,24494
2008-09-29,9552.84,9561.52,9045.03,9091.91,4285,24558
2008-09-30,9162.22,9448.67,9148.33,9427.84,4028,25075
2008-10-01,9348.85,9461.69,9244.68,9450.41,1640,25110
2008-10-02,9348.85,9361.87,9088.44,9163.96,2640,25254
2008-10-03,9196.94,9396.59,8975.59,8996.42,3120,26185
2008-10-06,8784.62,8823.68,8289.83,8649.2,3952,25578
2008-10-07,8758.58,8788.96,8233.41,8279.42,2712,25355
2008-10-08,8107.54,8385.32,7968.66,7986.89,6080,25171
2008-10-09,8155.29,8214.31,7421.79,7463.45,6722,25807
2008-10-10,7152.69,7724.74,6857.56,7265.54,7153,26403
2008-10-13,7630.12,8253.38,7591.06,8253.38,3372,26357
2008-10-14,8498.16,8554.59,7899.21,8126.64,4528,26297
2008-10-15,7959.98,7986.02,7348.0,7381.86,4607,26903
2008-10-16,7486.89,7812.41,7117.97,7782.89,3490,26964
2008-10-17,7595.4,8055.46,7569.36,7613.63,3955,26552
2008-10-20,7764.67,8090.18,7703.9,8087.58,5758,27503
2008-10-21,7938.28,8038.1,7801.99,7842.79,3123,26598
2008-10-22,7845.39,7903.55,7204.78,7427.86,4135,26398
2008-10-23,7421.79,7620.57,7131.86,7616.23,4581,27504
2008-10-24,7061.55,7426.13,7009.47,7170.92,2206,27585
2008-10-27,7144.01,7446.09,6953.91,6953.91,6083,28413
2008-10-28,7261.2,7899.21,7078.91,7889.66,4834,28777
2008-10-29,7847.13,8111.88,7673.52,7685.67,7359,29006
2008-10-30,7968.66,8020.74,7769.01,8008.59,4122,27170
2008-10-31,7994.7,8181.33,7845.39,8071.09,3435,26595
2008-11-03,8064.14,8142.27,8005.98,8100.6,1699,26340
2008-11-04,8246.43,8350.6,8172.65,8321.95,2052,26823
2008-11-05,8220.39,8272.47,7890.53,7964.32,1560,26791
2008-11-06,7963.45,7964.32,7478.21,7551.99,2980,26466
2008-11-07,7566.75,7812.41,7516.41,7808.94,2135,26646
2008-11-10,7911.37,7992.96,7586.72,7714.32,1968,26504
2008-11-11,7701.3,7755.99,7408.77,7497.31,2384,26493
2008-11-12,7378.39,7430.47,7161.37,7187.42,3736,26684
2008-11-13,7178.74,7699.56,6898.36,7664.84,3653,26921
2008-11-14,7653.56,7729.94,7258.6,7266.41,2100,26538
2008-11-17,7282.9,7421.79,7152.69,7169.19,1514,26257
2008-11-18,7153.56,7395.75,7022.49,7373.18,2841,26524
2008-11-19,7363.63,7365.37,6922.66,6967.8,2026,26795
2008-11-20,6848.88,7096.27,6484.3,6499.06,4926,27091
2008-11-21,6683.95,7009.47,6462.6,6975.61,5503,29130
2008-11-24,7109.29,7452.17,7026.83,7278.56,3232,29077
2008-11-25,7404.43,7459.11,7178.74,7330.64,4194,29795
2008-11-26,7210.85,7569.36,7196.1,7550.26,4546,32109
2008-11-28,7517.27,7657.03,7517.27,7657.03,1081,32131
2008-12-01,7486.89,7486.89,7057.21,7065.02,2144,33422
2008-12-02,7157.03,7326.3,7070.23,7319.36,2930,32034
2008-12-03,7317.62,7484.29,7148.35,7446.96,2415,32404
2008-12-04,7430.47,7495.57,7174.4,7293.32,2460,32055
2008-12-05,7268.14,7525.95,7052.87,7475.61,2373,31833
2008-12-08,7468.66,7834.11,7440.02,7703.9,1858,32037
2008-12-09,7683.07,7754.25,7508.59,7569.36,2980,32058
2008-12-10,7578.9,7708.24,7504.25,7565.02,2120,32420
2008-12-11,7561.53,7650.31,7397.91,7458.83,6861,34418
2008-12-12,7383.98,7550.22,7135.94,7540.65,3352,35138
2008-12-15,7578.07,7603.31,7345.69,7468.41,4675,35579
2008-12-16,7468.41,7776.51,7441.43,7738.21,4550,36413
2008-12-17,7769.55,7780.86,7562.4,7640.74,4460,36746
2008-12-18,7652.92,7715.58,7397.91,7552.83,0,0
2008-12-19,7529.33,7621.59,7389.21,7426.63,1050,38583
2008-12-22,7450.13,7498.0,7258.66,7431.85,1534,9223
2008-12-23,7431.85,7463.19,7267.36,7300.43,386,9842
2008-12-24,7307.39,7360.49,7275.19,7330.89,201,9790
2008-12-26,7371.8,7389.21,7332.63,7373.54,727,9868
2008-12-29,7339.6,7408.35,7236.9,7387.47,1237,9780
2008-12-30,7376.15,7524.11,7354.39,7519.76,862,9622
2008-12-31,7520.63,7654.66,7508.44,7595.48,851,9714
2009-01-02,7659.01,7846.14,7588.51,7796.53,1020,9691
2009-01-05,7792.17,7815.67,7702.53,7761.71,1572,9814
2009-01-06,7758.23,7867.89,7737.34,7789.56,1070,10078
2009-01-07,7768.68,7793.92,7550.22,7610.27,1476,11703
2009-01-08,7613.75,7622.46,7489.3,7568.5,1387,11730
2009-01-09,7565.89,7611.14,7410.96,7417.93,1156,11798
2009-01-12,7432.72,7432.72,7284.77,7349.17,1018,11866
2009-01-13,7315.23,7376.15,7249.95,7317.84,1386,12091
2009-01-14,7323.93,7363.1,7045.42,7101.12,4786,14726
2009-01-15,7093.29,7167.27,6914.87,7103.73,1890,14730
2009-01-16,7129.84,7245.6,7019.31,7174.23,3442,16722
2009-01-20,7115.05,7128.1,6849.59,6914.87,1797,16512
2009-01-21,6914.87,7128.1,6867.0,7117.66,1517,16670
2009-01-22,6993.2,7093.29,6884.41,7042.81,980,16604
2009-01-23,6880.06,7054.12,6849.59,6939.24,1631,16956
2009-01-26,6988.85,7115.05,6940.98,6994.94,1297,16992
2009-01-27,6986.24,7110.7,6986.24,7043.68,1049,16895
2009-01-28,7115.05,7267.36,7034.11,7242.99,1183,17468
2009-01-29,7225.58,7237.77,7036.72,7060.22,1778,17457
2009-01-30,7061.09,7101.99,6888.76,6923.57,1290,17515
2009-02-02,6926.18,6940.11,6797.37,6864.39,1041,18004
2009-02-03,6864.39,7019.31,6827.84,6950.55,1168,18634
2009-02-04,6954.04,7067.18,6862.65,6897.46,1174,18101
2009-02-05,6898.33,7019.31,6788.67,6957.52,1257,20466
2009-02-06,6971.44,7202.08,6935.76,7183.81,753,21762
2009-02-09,7183.81,7202.08,7075.88,7152.47,1643,21789
2009-02-10,7147.25,7154.21,6801.73,6856.56,1023,21028
2009-02-11,6852.21,6919.22,6802.6,6872.22,1289,21530
2009-02-12,6879.19,6910.52,6666.82,6907.91,1114,21583
2009-02-13,6883.54,6930.54,6762.56,6770.39,1266,21715
2009-02-17,6736.45,6764.3,6531.92,6533.66,856,22426
2009-02-18,6550.2,6611.99,6488.4,6512.77,1423,22452
2009-02-19,6527.57,6629.4,6466.64,6494.49,1681,23333
2009-02-20,6492.75,6492.75,6293.45,6398.76,1311,23413
2009-02-23,6393.53,6519.73,6170.73,6193.36,1498,23654
2009-02-24,6189.0,6410.07,6179.43,6356.98,2035,24807
2009-02-25,6368.29,6431.83,6214.24,6290.83,977,25219
2009-02-26,6315.2,6431.83,6231.65,6247.32,1171,25233
2009-02-27,6251.67,6267.34,6107.19,6137.65,1178,25622
2009-03-02,6127.21,6128.08,5873.07,5909.62,1341,25720
2009-03-03,5967.94,5984.47,5801.7,5804.31,1790,25597
2009-03-04,5763.41,6066.29,5750.35,5944.44,1773,25938
2009-03-05,5970.55,5971.42,5692.04,5771.24,2621,26104
2009-03-06,5785.17,5866.11,5622.41,5808.66,1386,26138
2009-03-09,5816.5,5840.0,5667.67,5681.59,2709,26154
2009-03-10,5672.02,6027.12,5665.06,5994.05,4421,26668
2009-03-11,5988.83,6096.75,5962.72,6017.55,2899,27572
2009-03-12,5991.23,6253.48,5946.5,6241.2,2114,27698
2009-03-13,6225.41,6310.49,6187.7,6296.45,6040,27475
2009-03-16,6246.46,6433.28,6243.83,6299.96,2181,26912
2009-03-17,6295.58,6455.2,6244.71,6449.94,5949,26774
2009-03-18,6449.94,6591.15,6319.26,6528.0,1883,26877
2009-03-19,6521.86,6595.53,6416.61,6448.19,1313,27279
2009-03-20,6434.15,6490.29,6310.49,6328.03,1825,27946
2009-03-23,6361.36,6792.87,6351.71,6763.93,1957,8134
2009-03-24,6725.34,6792.87,6663.94,6683.24,1733,8768
2009-03-25,6686.75,6841.11,6573.61,6735.86,1267,8900
2009-03-26,6730.6,6911.28,6730.6,6884.09,624,8012
2009-03-27,6884.96,6901.63,6735.86,6807.78,1269,8039
2009-03-30,6771.82,6801.64,6474.5,6560.45,1001,8178
2009-03-31,6565.71,6727.09,6561.33,6632.37,974,8206
2009-04-01,6565.71,6779.72,6516.6,6769.19,1112,8421
2009-04-02,6777.09,7034.07,6757.79,6979.69,866,9527
2009-04-03,6970.92,7042.84,6876.19,7001.61,1236,9490
2009-04-06,6988.46,7060.38,6845.5,6942.85,1006,9879
2009-04-07,6956.88,6962.15,6762.18,6807.78,1411,9991
2009-04-08,6805.15,6876.19,6713.06,6834.97,798,9522
2009-04-09,6840.23,7048.1,6834.09,7031.43,1774,10200
2009-04-13,6968.29,7069.15,6938.47,7012.14,1190,10127
2009-04-14,7006.0,7047.22,6884.96,6914.79,902,10225
2009-04-15,6923.56,7012.14,6854.27,6998.98,822,10288
2009-04-16,7006.88,7117.39,6941.97,7071.78,631,9810
2009-04-17,7051.61,7139.31,7019.16,7090.2,280,9549
2009-04-20,7062.13,7064.76,6827.96,6858.65,1021,10126
2009-04-21,6857.78,6955.13,6777.09,6948.99,844,10071
2009-04-22,6950.74,7012.14,6845.5,6855.14,885,9754
2009-04-23,6841.11,6955.13,6797.26,6941.97,856,9918
2009-04-24,6928.82,7086.69,6887.6,7065.64,850,10656
2009-04-27,7007.75,7082.3,6928.82,7018.28,1135,10766
2009-04-28,6989.34,7051.61,6897.24,6987.58,1144,11787
2009-04-29,6984.95,7196.32,6970.92,7126.16,1331,12939
2009-04-30,7122.65,7256.84,7091.08,7127.03,1138,13376
2009-05-01,7109.49,7183.17,7060.38,7175.27,1071,13409
2009-05-04,7191.06,7349.81,7184.04,7331.39,593,13432
2009-05-05,7336.65,7371.74,7288.41,7351.56,1145,13362
2009-05-06,7345.42,7437.52,7270.0,7429.62,1059,13606
2009-05-07,7422.61,7507.68,7292.8,7355.95,842,13673
2009-05-08,7343.67,7498.91,7338.41,7469.09,870,13617
2009-05-11,7458.57,7458.57,7341.04,7369.1,855,13691
2009-05-12,7360.33,7433.13,7304.2,7398.93,1025,13941
2009-05-13,7406.82,7422.61,7222.64,7274.38,803,13932
2009-05-14,7278.77,7323.5,7227.9,7268.24,790,13999
2009-05-15,7267.37,7341.04,7200.71,7250.7,1322,13796
2009-05-18,7244.56,7441.9,7172.64,7428.75,738,13976
2009-05-19,7434.88,7497.16,7406.82,7410.33,851,13658
2009-05-20,7391.91,7518.21,7358.58,7362.97,1126,16625
2009-05-21,7362.97,7365.6,7199.83,7275.26,901,18098
2009-05-22,7272.63,7327.88,7231.41,7244.56,2505,19160
2009-05-26,7200.71,7437.52,7196.32,7420.85,1086,19116
2009-05-27,7412.96,7457.69,7257.72,7277.01,979,19508
2009-05-28,7277.89,7389.28,7222.64,7353.32,765,19701
2009-05-29,7341.04,7498.91,7323.5,7444.53,1943,23345
2009-06-01,7458.57,7665.55,7431.38,7619.95,821,25038
2009-06-02,7614.68,7691.87,7585.74,7642.75,2543,25001
2009-06-03,7639.24,7675.2,7529.61,7603.28,881,25820
2009-06-04,7592.76,7668.18,7567.32,7656.78,1062,25900
2009-06-05,7652.4,7777.82,7626.09,7684.85,926,24554
2009-06-08,7669.94,7735.72,7569.08,7682.22,1100,24499
2009-06-09,7688.36,7718.18,7647.13,7667.31,1278,25593
2009-06-10,7665.55,7772.56,7577.85,7677.83,1234,25349
2009-06-11,7702.54,7785.5,7659.3,7676.95,3278,27114
2009-06-12,7676.07,7723.72,7635.47,7711.37,4122,27896
2009-06-15,7681.36,7691.95,7518.98,7557.81,5607,29204
2009-06-16,7549.87,7591.35,7452.79,7465.15,3259,27520
2009-06-17,7456.32,7505.74,7421.9,7445.73,1691,28023
2009-06-18,7448.38,7532.22,7431.61,7495.15,864,25309
2009-06-19,7489.86,7557.81,7452.79,7480.15,711,25649
2009-06-22,7480.15,7508.39,7304.53,7309.83,756,8236
2009-06-23,7311.59,7346.01,7261.29,7286.88,965,8179
2009-06-24,7290.41,7386.6,7236.58,7286.0,1052,8210
2009-06-25,7286.0,7439.55,7234.81,7425.43,529,8319
2009-06-26,7417.49,7438.67,7364.54,7389.25,585,8248
2009-06-29,7377.78,7481.91,7344.24,7464.26,1075,8307
2009-06-30,7458.97,7503.98,7355.72,7407.78,786,7870
2009-07-01,7412.2,7523.39,7398.08,7455.44,868,7848
2009-07-02,7452.79,7456.32,7267.47,7272.76,706,8345
2009-07-06,7258.64,7307.18,7188.04,7304.53,817,8316
2009-07-07,7301.0,7320.42,7143.91,7175.68,1263,8916
2009-07-08,7174.8,7203.92,7093.61,7162.45,730,9042
2009-07-09,7180.1,7225.1,7141.27,7178.33,622,9190
2009-07-10,7174.8,7176.57,7095.38,7135.09,1099,12187
2009-07-13,7152.74,7307.18,7076.84,7288.65,868,11997
2009-07-14,7286.88,7353.95,7271.88,7328.36,1065,12146
2009-07-15,7337.18,7565.75,7337.18,7539.28,1049,12017
2009-07-16,7526.04,7664.59,7504.86,7650.47,652,11929
2009-07-17,7641.65,7686.66,7600.17,7675.18,752,11807
2009-07-20,7666.36,7770.5,7650.47,7770.5,723,11897
2009-07-21,7757.26,7845.51,7733.43,7841.98,2447,11927
2009-07-22,7836.68,7854.33,7775.79,7795.21,911,11475
2009-07-23,7794.32,7986.71,7792.56,7934.64,664,11153
2009-07-24,7925.82,7995.54,7897.58,7993.77,763,11089
2009-07-27,7977.89,8040.54,7933.76,8004.36,755,11112
2009-07-28,7995.54,8018.48,7911.7,7986.71,637,11603
2009-07-29,7977.0,7987.59,7905.52,7984.06,873,11709
2009-07-30,7976.12,8119.09,7976.12,8022.01,569,11813
2009-07-31,8023.78,8092.61,8007.01,8053.78,625,11849
2009-08-03,8036.13,8167.62,8036.13,8161.45,720,12113
2009-08-04,8160.56,8198.51,8104.97,8195.87,621,12008
2009-08-05,8194.1,8207.34,8089.08,8158.8,532,11820
2009-08-06,8150.86,8209.1,8094.38,8144.68,948,11881
2009-08-07,8145.56,8298.24,8110.26,8229.4,873,11881
2009-08-10,8222.34,8239.99,8172.04,8224.99,284,11839
2009-08-11,8214.4,8248.82,8105.85,8133.21,308,11881
2009-08-12,8130.56,8292.94,8084.67,8224.11,524,11965
2009-08-13,8240.87,8322.06,8180.86,8285.0,878,11877
2009-08-14,8285.0,8300.88,8123.5,8225.87,409,11925
2009-08-17,8209.99,8210.87,8026.42,8048.49,467,11924
2009-08-18,8047.6,8127.91,8037.01,8125.26,589,11980
2009-08-19,8127.03,8202.93,8038.78,8186.16,1662,12531
2009-08-20,8182.63,8247.05,8161.45,8224.99,1398,11541
2009-08-21,8224.99,8390.9,8164.98,8374.13,1453,10893
2009-08-24,8378.54,8450.03,8361.78,8377.66,2377,10976
2009-08-25,8372.37,8480.92,8334.42,8404.14,882,10755
2009-08-26,8395.31,8441.2,8361.78,8406.78,411,10731
2009-08-27,8403.25,8467.68,8335.3,8442.97,1943,11398
2009-08-28,8443.85,8501.21,8375.01,8415.61,438,11118
2009-08-31,8417.37,8433.26,8317.65,8371.48,251,10860
2009-09-01,8382.96,8428.85,8194.1,8209.99,2965,11984
2009-09-02,8212.63,8241.76,8172.04,8187.04,307,12008
2009-09-03,8187.92,8253.23,8163.21,8233.81,1512,13167
2009-09-04,8232.05,8334.42,8223.22,8310.59,651,13665
2009-09-08,8311.47,8407.67,8298.24,8380.31,1216,13831
2009-09-09,8367.07,8450.03,8335.3,8417.37,677,13780
2009-09-10,8434.25,8498.18,8389.85,8475.1,4208,14935
2009-09-11,8477.76,8507.06,8444.9,8463.55,628,15021
2009-09-14,8427.14,8493.74,8380.08,8480.42,4477,15389
2009-09-15,8477.76,8573.66,8453.78,8527.49,3320,16327
2009-09-16,8536.37,8649.14,8521.27,8635.82,7022,18351
2009-09-17,8632.27,8689.1,8600.3,8646.48,9932,17436
2009-09-18,8636.71,8687.33,8600.3,8642.93,229,15962
2009-09-21,8628.72,8650.03,8582.54,8629.61,269,8198
2009-09-22,8624.28,8695.32,8621.62,8676.67,468,8736
2009-09-23,8658.02,8751.26,8595.86,8628.72,917,8726
2009-09-24,8613.62,8662.46,8524.82,8555.9,4892,12822
2009-09-25,8557.68,8591.42,8504.4,8541.7,753,13017
2009-09-28,8542.58,8666.9,8500.85,8638.49,660,13064
2009-09-29,8640.26,8675.78,8586.98,8589.65,580,13263
2009-09-30,8600.3,8642.93,8475.98,8571.89,1218,13181
2009-10-01,8576.33,8596.75,8384.52,8410.27,1691,13189
2009-10-02,8404.94,8407.61,8292.17,8378.3,871,13143
2009-10-05,8366.76,8498.18,8364.98,8476.87,978,13350
2009-10-06,8480.42,8626.94,8462.66,8572.78,770,13356
2009-10-07,8578.1,8614.51,8542.58,8589.65,196,13346
2009-10-08,8589.65,8689.1,8589.65,8655.36,537,13298
2009-10-09,8658.02,8713.08,8620.73,8708.64,298,13337
2009-10-12,8706.86,8769.91,8697.98,8719.3,429,13458
2009-10-13,8724.62,8743.27,8662.46,8710.42,425,13426
2009-10-14,8749.49,8855.16,8737.06,8837.4,567,13482
2009-10-15,8843.62,8884.46,8798.33,8848.06,413,13542
2009-10-16,8856.05,8881.8,8781.46,8812.54,659,14338
2009-10-19,8781.46,8935.08,8770.8,8889.79,1355,13661
2009-10-20,8888.9,8941.3,8826.74,8880.02,535,13630
2009-10-21,8870.26,8942.18,8746.82,8792.11,575,13813
2009-10-22,8785.01,8928.86,8758.37,8913.77,591,13956
2009-10-23,8908.44,8939.52,8777.9,8818.75,591,13956
2009-10-26,8803.66,8902.22,8705.98,8738.83,1137,14047
2009-10-27,8752.15,8786.78,8693.54,8733.5,910,14281
2009-10-28,8732.62,8753.93,8618.95,8623.39,1351,14239
2009-10-29,8625.17,8811.65,8618.06,8793.89,932,14279
2009-10-30,8699.76,8800.99,8557.68,8581.66,2806,15705
2009-11-02,8572.78,8711.3,8523.94,8644.7,1059,15693
2009-11-03,8705.09,8705.09,8551.46,8628.72,622,15665
2009-11-04,8627.83,8777.9,8626.06,8689.1,939,15877
2009-11-05,8687.33,8853.38,8634.05,8839.18,798,15929
2009-11-06,8839.18,8883.58,8770.8,8860.49,915,16148
2009-11-09,8860.49,9053.19,8854.27,9050.52,678,16122
2009-11-10,9044.31,9084.27,9016.78,9072.72,620,16112
2009-11-11,9085.15,9150.87,9070.95,9110.02,805,16108
2009-11-12,9111.79,9137.55,9002.57,9047.86,293,15970
2009-11-13,9046.97,9119.79,9026.55,9094.92,356,16075
2009-11-16,9107.35,9239.67,9096.7,9206.81,790,16093
2009-11-17,9202.37,9239.67,9174.84,9233.45,546,16156
2009-11-18,9256.54,9256.54,9181.95,9238.78,317,16126
2009-11-19,9244.11,9244.11,9091.37,9170.4,357,16150
2009-11-20,9148.2,9173.07,9094.03,9149.09,255,16090
2009-11-23,9155.31,9306.27,9146.43,9254.76,529,16097
2009-11-24,9255.65,9268.97,9181.95,9239.67,752,16701
2009-11-25,9232.56,9293.83,9232.56,9272.52,234,16678
2009-11-27,9276.96,9292.95,8982.14,9139.32,2042,15602
2009-11-30,9166.85,9201.48,9105.58,9176.62,862,15520
2009-12-01,9190.83,9315.15,9162.41,9289.39,658,15597
2009-12-02,9285.84,9324.03,9248.55,9269.86,260,15612
2009-12-03,9283.18,9322.25,9179.28,9192.6,361,15573
2009-12-04,9190.83,9332.91,9150.87,9235.23,653,15732
2009-12-07,9235.23,9261.87,9170.4,9227.23,480,15758
2009-12-08,9244.11,9251.21,9093.15,9120.67,587,15660
2009-12-09,9113.57,9177.51,9084.27,9173.07,827,15881
2009-12-10,9195.4,9276.69,9147.16,9238.27,2465,16398
2009-12-11,9247.21,9312.42,9239.17,9310.63,1222,15872
2009-12-14,9309.74,9385.67,9287.4,9323.14,5878,18151
2009-12-15,9305.27,9334.75,9258.82,9288.3,4983,18256
2009-12-16,9294.55,9341.0,9258.82,9281.15,1743,17979
2009-12-17,9276.69,9286.51,9154.31,9175.75,3203,18381
2009-12-18,9177.53,9237.38,9111.43,9174.85,532,7332
2009-12-21,9182.0,9285.62,9171.28,9238.27,1035,8014
2009-12-22,9257.03,9306.16,9232.02,9297.23,234,8127
2009-12-23,9299.02,9332.07,9269.54,9293.66,354,8248
2009-12-24,9299.91,9352.61,9288.3,9349.04,278,8189
2009-12-28,9348.15,9374.95,9318.67,9367.8,138,8185
2009-12-29,9373.16,9405.32,9361.55,9367.8,2745,10722
2009-12-30,9366.01,9374.95,9313.31,9370.48,168,10637
2009-12-31,9377.63,9390.13,9254.35,9258.82,176,10608
2010-01-04,9288.3,9419.61,9287.4,9396.38,1818,11171
2010-01-05,9393.7,9421.4,9343.68,9392.81,278,11187
2010-01-06,9386.56,9419.61,9362.44,9393.7,129,11197
2010-01-07,9392.81,9433.9,9339.22,9419.61,436,11263
2010-01-08,9424.08,9441.94,9378.52,9438.37,278,11244
2010-01-11,9435.69,9486.61,9415.14,9472.31,380,11221
2010-01-12,9453.55,9473.21,9392.81,9458.02,398,11324
2010-01-13,9456.23,9517.87,9437.48,9493.75,609,11536
2010-01-14,9495.54,9533.06,9474.1,9525.02,274,11529
2010-01-15,9525.02,9536.63,9388.35,9435.69,680,11775
2010-01-19,9427.65,9540.2,9397.28,9531.27,1034,12570
2010-01-20,9522.34,9533.95,9348.15,9430.33,517,12614
2010-01-21,9436.58,9458.02,9227.56,9234.7,624,12679
2010-01-22,9221.3,9267.75,9039.97,9067.66,833,12809
2010-01-25,9101.6,9154.31,9048.9,9057.83,1021,12438
2010-01-26,9065.87,9141.8,8984.58,9056.05,1528,13506
2010-01-27,9072.13,9111.43,8986.37,9106.96,1211,13435
2010-01-28,9111.43,9166.81,8941.71,8988.16,675,13548
2010-01-29,9010.49,9098.03,8932.77,8947.96,556,13657
2010-02-01,8947.96,9057.83,8941.71,9055.15,532,13595
2010-02-02,9056.94,9169.49,9026.57,9132.87,610,13797
2010-02-03,9140.01,9163.24,9104.28,9148.05,467,13354
2010-02-04,9149.84,9157.88,8897.04,8914.02,1109,13808
2010-02-05,8910.44,8934.56,8749.65,8880.07,963,13516
2010-02-08,8888.11,8925.63,8816.65,8838.98,481,13560
2010-02-09,8825.58,9024.78,8825.58,8936.35,703,13577
2010-02-10,8949.75,8982.8,8870.24,8919.37,360,13539
2010-02-11,8939.92,9047.11,8883.64,9031.03,268,13564
2010-02-12,9050.69,9053.37,8890.79,9037.29,304,13592
2010-02-16,9028.35,9157.88,8995.3,9148.05,1016,14149
2010-02-17,9146.27,9200.76,9141.8,9197.18,179,14160
2010-02-18,9200.76,9272.22,9153.41,9267.75,536,14178
2010-02-19,9229.34,9307.95,9182.0,9270.43,1236,14590
2010-02-22,9272.22,9319.56,9249.89,9266.86,204,14425
2010-02-23,9259.71,9300.8,9160.56,9199.86,483,14278
2010-02-24,9190.04,9267.75,9173.96,9249.89,1078,13831
2010-02-25,9226.66,9245.42,9089.1,9215.05,323,13811
2010-02-26,9204.33,9247.21,9165.92,9210.58,399,13914
2010-03-01,9232.02,9290.08,9222.2,9276.69,226,13864
2010-03-02,9280.26,9331.18,9265.07,9289.19,292,13912
2010-03-03,9278.47,9339.22,9258.82,9278.47,530,13743
2010-03-04,9280.26,9321.35,9249.89,9317.78,182,13768
2010-03-05,9318.67,9433.01,9316.88,9419.61,827,13786
2010-03-08,9416.93,9446.41,9410.68,9413.36,502,13837
2010-03-09,9404.42,9473.21,9379.41,9436.58,511,13955
2010-03-10,9427.65,9464.27,9401.74,9437.48,311,13977
2010-03-11,9418.61,9479.71,9389.85,9477.91,619,14026
2010-03-12,9480.61,9518.35,9459.94,9500.37,1609,14607
2010-03-15,9465.33,9506.66,9442.87,9503.07,3377,14857
2010-03-16,9501.27,9551.59,9489.59,9546.2,4972,15553
2010-03-17,9546.2,9618.98,9541.71,9581.24,605,15700
2010-03-18,9583.04,9632.46,9565.07,9629.77,2885,16198
2010-03-19,9622.58,9662.11,9554.29,9602.81,300,4112
2010-03-22,9546.2,9658.52,9540.81,9638.75,359,4055
2010-03-23,9638.75,9731.3,9631.56,9729.5,1390,4724
2010-03-24,9728.61,9728.61,9672.9,9692.66,300,4775
2010-03-25,9692.66,9785.22,9683.68,9696.26,1016,5379
2010-03-26,9681.88,9744.78,9663.91,9702.55,376,5363
2010-03-29,9724.11,9756.46,9706.14,9730.4,816,5910
2010-03-30,9727.71,9774.43,9713.33,9752.87,363,5952
2010-03-31,9745.68,9751.07,9681.88,9701.65,624,5934
2010-04-01,9717.82,9792.4,9712.43,9758.26,1057,6543
2010-04-05,9804.08,9821.16,9767.24,9802.29,230,7005
2010-04-06,9787.91,9821.16,9769.94,9805.88,260,6939
2010-04-07,9789.71,9803.19,9695.36,9748.37,495,6897
2010-04-08,9742.08,9794.2,9698.95,9779.82,445,7038
2010-04-09,9779.82,9848.11,9771.74,9841.82,399,7011
2010-04-12,9852.61,9884.95,9830.14,9840.93,208,6959
2010-04-13,9813.97,9870.58,9789.71,9850.81,773,6986
2010-04-14,9866.98,9946.95,9863.39,9942.46,438,7056
2010-04-15,9937.97,9973.91,9910.11,9970.32,264,7093
2010-04-16,9957.74,9973.91,9812.17,9869.68,784,7321
2010-04-19,9869.68,9923.59,9813.07,9923.59,589,7388
2010-04-20,9914.61,9965.82,9905.62,9950.55,372,7357
2010-04-21,9955.94,9973.91,9900.23,9937.07,567,7433
2010-04-22,9914.61,9973.91,9852.61,9945.16,629,7531
2010-04-23,9937.07,10018.84,9919.1,10011.65,1598,9043
2010-04-26,10009.85,10072.75,10000.87,10019.74,703,8386
2010-04-27,10017.04,10034.11,9812.17,9843.62,686,8377
2010-04-28,9839.13,9911.01,9809.48,9897.53,372,8410
2010-04-29,9902.03,10018.84,9881.36,10005.36,623,8460
2010-04-30,10010.75,10025.13,9843.62,9848.11,2827,10704
2010-05-03,9863.39,10000.87,9851.71,9975.71,623,10796
2010-05-04,9971.22,9985.59,9722.32,9787.01,790,10951
2010-05-05,9766.35,9803.19,9681.88,9734.9,676,10986
2010-05-06,9729.5,9760.95,8895.65,9396.14,894,11045
2010-05-07,9400.64,9497.68,9178.69,9286.52,725,11085
2010-05-10,9425.79,9695.36,9392.55,9651.33,783,11093
2010-05-11,9645.94,9740.29,9546.2,9622.58,1058,11153
2010-05-12,9609.1,9776.23,9547.1,9772.64,754,11218
2010-05-13,9772.64,9808.58,9654.93,9680.08,310,11293
2010-05-14,9672.9,9698.06,9443.77,9532.72,1140,11873
2010-05-17,9486.0,9556.08,9358.4,9523.74,1074,12513
2010-05-18,9520.14,9610.0,9404.23,9425.79,538,12660
2010-05-19,9402.43,9439.27,9259.56,9349.42,754,12693
2010-05-20,9359.3,9393.45,9021.45,9035.82,811,12521
2010-05-21,9012.46,9142.75,8882.17,9129.27,696,12453
2010-05-24,9132.87,9147.24,9019.65,9024.14,287,12466
2010-05-25,8997.19,9016.95,8769.85,9007.97,535,12580
2010-05-26,9030.43,9129.27,8913.62,8914.52,669,12611
2010-05-27,8900.14,9214.64,8834.55,9196.66,792,12852
2010-05-28,9202.95,9232.61,9066.37,9098.72,280,12829
2010-06-01,9095.13,9174.2,8962.14,9002.58,1359,12762
2010-06-02,8999.88,9210.14,8989.1,9193.97,679,12904
2010-06-03,9192.17,9264.06,9138.26,9217.33,401,12892
2010-06-04,9214.64,9241.59,8877.68,8936.98,537,12813
2010-06-07,8906.43,8963.94,8799.51,8800.4,535,12827
2010-06-08,8715.94,8931.59,8701.56,8908.23,417,12926
2010-06-09,8912.72,9039.42,8858.81,8898.35,3170,14554
2010-06-10,8903.77,9146.02,8874.84,9118.0,2349,15013
2010-06-11,9118.91,9179.47,9052.01,9164.1,2597,15228
2010-06-14,9203.88,9276.19,9156.87,9166.81,1012,15210
2010-06-15,9164.1,9355.74,9159.58,9339.47,5832,15996
2010-06-16,9323.2,9372.01,9278.0,9350.31,1988,15485
2010-06-17,9326.81,9400.93,9278.9,9379.24,4843,17322
2010-06-18,9375.62,9419.01,9354.83,9376.53,247,6496
2010-06-21,9373.82,9522.96,9346.7,9397.32,220,5991
2010-06-22,9399.13,9443.42,9242.74,9249.98,390,5371
2010-06-23,9278.0,9315.96,9188.51,9255.4,365,5520
2010-06-24,9242.74,9279.81,9102.63,9128.85,398,6110
2010-06-25,9128.85,9162.29,9061.96,9133.37,213,6123
2010-06-28,9138.79,9166.81,9084.56,9118.91,327,6043
2010-06-29,9108.06,9144.22,8817.89,8855.86,594,6422
2010-06-30,8854.96,8919.14,8760.95,8782.64,510,6287
2010-07-01,8773.6,8799.82,8646.15,8733.83,589,6210
2010-07-02,8740.16,8824.22,8632.59,8674.17,478,6219
2010-07-06,8680.5,8854.05,8596.43,8751.91,640,6880
2010-07-07,8753.72,9021.28,8691.34,9021.28,545,6877
2010-07-08,9012.24,9129.75,8996.87,9122.52,844,6549
2010-07-09,9113.48,9174.95,9087.27,9158.68,220,6547
2010-07-12,9148.74,9206.59,9109.87,9202.97,370,6364
2010-07-13,9201.16,9355.74,9177.66,9299.69,327,6999
2010-07-14,9334.95,9364.78,9260.82,9315.96,297,6316
2010-07-15,9316.87,9367.49,9211.11,9303.31,414,6355
2010-07-16,9318.68,9324.1,9061.96,9092.69,413,6577
2010-07-19,9070.09,9156.87,9061.96,9093.6,294,7161
2010-07-20,9070.09,9202.07,8992.35,9200.26,702,7805
2010-07-21,9191.22,9244.55,9055.63,9091.79,429,7830
2010-07-22,9080.04,9328.62,9071.9,9280.71,447,7629
2010-07-23,9277.09,9391.89,9256.3,9388.28,1268,8004
2010-07-26,9381.95,9473.25,9361.16,9452.46,543,8431
2010-07-27,9447.03,9514.83,9432.57,9485.9,342,8046
2010-07-28,9475.96,9513.93,9419.01,9444.32,105,8061
2010-07-29,9449.75,9527.48,9346.7,9409.07,230,8402
2010-07-30,9409.07,9446.13,9307.83,9416.3,352,8449
2010-08-02,9446.13,9622.4,9444.32,9597.09,455,8238
2010-08-03,9593.47,9604.32,9541.04,9576.3,317,8200
2010-08-04,9575.39,9633.25,9539.24,9613.36,333,8250
2010-08-05,9608.84,9637.76,9554.6,9613.36,121,8294
2010-08-06,9608.84,9645.0,9473.25,9593.47,703,8651
2010-08-09,9590.76,9658.56,9575.39,9641.38,340,8661
2010-08-10,9617.88,9635.96,9503.98,9597.99,364,8680
2010-08-11,9595.28,9600.7,9342.18,9343.99,485,8743
2010-08-12,9329.52,9369.3,9242.74,9284.33,1481,8924
2010-08-13,9287.94,9362.06,9242.74,9279.81,251,8903
2010-08-16,9287.94,9319.58,9206.59,9286.13,207,8977
2010-08-17,9293.37,9446.13,9270.77,9362.97,399,8924
2010-08-18,9376.53,9450.65,9319.58,9357.54,341,8930
2010-08-19,9369.3,9414.49,9220.15,9251.78,427,8324
2010-08-20,9260.82,9283.42,9152.35,9221.95,415,8310
2010-08-23,9242.74,9296.98,9169.53,9181.28,543,8570
2010-08-24,9179.47,9181.28,9016.76,9060.15,481,8531
2010-08-25,9052.92,9107.15,8974.28,9081.84,453,9109
2010-08-26,9084.56,9133.37,8994.16,9009.53,1698,10136
2010-08-27,8998.68,9170.43,8967.04,9166.81,631,10410
2010-08-30,9185.8,9230.09,9020.38,9020.38,263,10050
2010-08-31,9021.28,9096.31,8958.01,9044.78,324,10441
2010-09-01,9078.23,9292.46,9059.25,9285.23,433,10090
2010-09-02,9278.9,9326.81,9249.07,9318.68,192,10021
2010-09-03,9318.68,9446.13,9298.79,9433.48,856,10133
2010-09-07,9432.57,9464.21,9333.14,9344.89,473,10096
2010-09-08,9340.37,9419.01,9309.64,9393.7,445,10105
2010-09-09,9432.82,9474.67,9382.79,9404.62,1243,10255
2010-09-10,9417.35,9461.02,9391.88,9454.65,470,10299
2010-09-13,9465.57,9550.17,9465.57,9526.52,1306,10261
2010-09-14,9541.08,9574.74,9490.13,9518.33,5082,10652
2010-09-15,9505.6,9570.19,9471.94,9560.18,1298,10758
2010-09-16,9558.36,9597.48,9513.78,9597.48,2156,11140
2010-09-17,9601.12,9666.62,9547.44,9586.56,407,3721
2010-09-20,9585.65,9738.48,9566.55,9707.55,354,3827
2010-09-21,9707.55,9788.52,9678.44,9728.48,314,3960
2010-09-22,9732.12,9767.59,9679.35,9709.37,414,3954
2010-09-23,9717.56,9743.03,9621.13,9648.42,221,4004
2010-09-24,9644.78,9829.46,9635.69,9810.35,787,4182
2010-09-27,9827.64,9863.11,9773.05,9779.42,125,3947
2010-09-28,9780.33,9843.1,9703.91,9813.99,480,3980
2010-09-29,9820.36,9851.29,9769.41,9806.71,326,4113
2010-09-30,9796.71,9902.23,9719.38,9754.86,629,4137
2010-10-01,9761.23,9824.91,9749.4,9795.8,211,4195
2010-10-04,9797.62,9815.81,9687.54,9740.3,126,4246
2010-10-05,9743.03,9920.43,9726.66,9883.13,105,4324
2010-10-06,9887.68,9929.52,9878.58,9921.34,195,4364
2010-10-07,9915.88,9982.29,9861.3,9926.79,56,4424
2010-10-08,9928.61,9979.56,9846.74,9958.63,199,4450
2010-10-11,9971.37,9990.47,9943.17,9973.19,52,4477
2010-10-12,9935.89,10002.3,9874.94,9967.73,73,4510
2010-10-13,9983.2,10097.82,9965.0,10046.88,148,4554
2010-10-14,10045.06,10095.09,9984.11,10054.15,320,4553
2010-10-15,10068.71,10098.73,9966.82,10028.68,337,4605
2010-10-18,10006.85,10097.82,9951.36,10047.79,502,4628
2010-10-19,10032.32,10062.34,9879.49,9955.0,555,4764
2010-10-20,9948.63,10097.82,9921.34,10064.16,1521,5867
2010-10-21,10068.71,10153.31,10020.5,10082.36,382,5838
2010-10-22,10078.72,10116.92,10065.98,10088.72,327,5889
2010-10-25,10113.29,10184.24,10088.72,10111.47,423,5827
2010-10-26,10103.28,10129.66,10038.69,10119.65,322,5802
2010-10-27,10135.12,10141.49,9979.56,10072.35,1732,6897
2010-10-28,10071.44,10125.11,10006.85,10051.43,349,7023
2010-10-29,10040.51,10079.63,10005.03,10066.89,223,7028
2010-11-01,10087.81,10179.69,10020.5,10088.72,269,7021
2010-11-02,10081.45,10161.5,10074.17,10145.13,225,6908
2010-11-03,10148.76,10175.15,10056.88,10167.87,252,6825
2010-11-04,10166.05,10366.19,10156.95,10358.91,744,6892
2010-11-05,10353.45,10388.93,10324.34,10348.9,744,6843
2010-11-08,10350.72,10356.18,10302.51,10336.17,412,6554
2010-11-09,10309.78,10369.83,10252.47,10291.59,275,6486
2010-11-10,10289.77,10310.69,10211.53,10281.58,1472,7017
2010-11-11,10256.11,10284.31,10186.97,10227.0,2166,8078
2010-11-12,10221.54,10235.19,10102.37,10145.13,312,8148
2010-11-15,10144.22,10233.37,10120.56,10164.23,287,8143
2010-11-16,10149.67,10152.4,9956.82,9992.29,592,8185
2010-11-17,9999.57,10030.5,9978.65,10002.3,406,8199
2010-11-18,10004.12,10170.6,10000.48,10166.96,256,8204
2010-11-19,10161.5,10179.69,10097.82,10169.69,237,8160
2010-11-22,10220.63,10227.0,10038.69,10156.95,202,8222
2010-11-23,10147.85,10155.13,9979.56,10019.59,381,8266
2010-11-24,10020.5,10163.32,9995.02,10147.85,302,8214
2010-11-26,10148.76,10176.97,10034.14,10034.14,247,8104
2010-11-29,10071.44,10108.74,9934.07,10042.33,510,8131
2010-11-30,10045.97,10056.88,9944.99,10003.21,928,7651
2010-12-01,9995.02,10247.92,9984.11,10218.81,1094,8201
2010-12-02,10218.81,10343.44,10200.62,10337.08,269,8197
2010-12-03,10337.99,10368.01,10268.85,10337.99,264,8183
2010-12-06,10346.17,10360.73,10294.32,10327.98,137,8159
2010-12-07,10315.24,10411.67,10307.96,10329.8,594,8245
2010-12-08,10324.34,10352.54,10267.94,10341.62,2272,7773
2010-12-09,10383.7,10399.26,10309.61,10334.31,2011,7623
2010-12-10,10333.39,10378.22,10328.82,10377.3,2132,7867
2010-12-13,10368.15,10446.82,10353.52,10397.43,3310,9127
2010-12-14,10391.02,10475.18,10382.79,10447.74,1505,9214
2010-12-15,10446.82,10478.84,10400.17,10442.25,3741,11492
2010-12-16,10440.42,10474.27,10387.36,10456.89,3077,12410
2010-12-17,10464.2,10469.69,10423.95,10455.97,167,5069
2010-12-20,10465.12,10494.39,10408.4,10432.19,225,5136
2010-12-21,10442.25,10510.86,10431.27,10493.48,1199,6186
2010-12-22,10484.33,10524.58,10482.5,10515.43,76,6186
2010-12-23,10511.77,10540.13,10501.71,10540.13,125,6201
2010-12-27,10512.69,10524.58,10476.1,10522.75,286,6238
2010-12-28,10533.73,10552.02,10501.71,10528.24,184,6290
2010-12-29,10526.41,10579.47,10524.58,10549.28,748,6380
2010-12-30,10552.94,10560.26,10510.86,10540.13,286,6410
2010-12-31,10538.3,10574.89,10492.56,10531.9,301,6425
2011-01-03,10564.83,10659.97,10561.17,10597.76,285,6482
2011-01-04,10597.76,10646.25,10588.62,10628.87,1543,7253
2011-01-05,10627.04,10686.5,10560.26,10670.03,267,7293
2011-01-06,10667.29,10709.37,10620.63,10653.56,217,7249
2011-01-07,10643.5,10676.43,10510.86,10628.87,434,7266
2011-01-10,10619.72,10636.18,10538.3,10599.59,1024,7889
2011-01-11,10596.85,10661.8,10590.44,10626.12,1895,9441
2011-01-12,10617.89,10730.41,10617.89,10710.28,265,9479
2011-01-13,10703.88,10715.77,10652.65,10687.41,188,10153
2011-01-14,10695.64,10734.98,10638.01,10725.83,839,9551
2011-01-18,10736.81,10808.16,10692.9,10804.5,345,9611
2011-01-19,10799.02,10824.63,10748.7,10781.63,148,9619
2011-01-20,10779.8,10794.44,10698.39,10770.66,345,9637
2011-01-21,10778.89,10844.75,10744.13,10814.57,1592,9008
2011-01-24,10806.33,10927.08,10802.67,10913.36,511,8997
2011-01-25,10907.87,10931.66,10844.75,10906.04,768,9548
2011-01-26,10899.64,10954.53,10897.81,10918.85,295,9550
2011-01-27,10923.43,10954.53,10898.73,10926.17,278,9581
2011-01-28,10920.68,10944.47,10757.85,10771.57,2178,10577
2011-01-31,10744.13,10840.18,10697.47,10831.03,589,10565
2011-02-01,10829.2,10980.14,10825.54,10952.7,482,10616
2011-02-02,10953.61,10986.55,10928.91,10963.68,394,10632
2011-02-03,10966.42,11009.42,10913.36,10985.63,298,10665
2011-02-04,10988.38,11023.14,10963.68,11018.56,564,10727
2011-02-07,11016.73,11105.47,11010.33,11076.19,217,10755
2011-02-08,11072.54,11160.35,11069.79,11156.7,153,10771
2011-02-09,11158.53,11174.08,11119.19,11166.76,738,11124
2011-02-10,11160.35,11174.99,11087.17,11154.87,911,11573
2011-02-11,11121.02,11210.67,11098.15,11197.86,170,11541
2011-02-14,11189.63,11220.73,11169.5,11182.31,332,11552
2011-02-15,11166.76,11193.29,11128.34,11162.18,378,11537
2011-02-16,11160.35,11238.11,11157.61,11207.92,825,11655
2011-02-17,11210.67,11256.41,11183.22,11240.86,497,11779
2011-02-18,11242.69,11325.02,11228.05,11320.44,332,11864
2011-02-22,11315.87,11318.61,11123.76,11144.8,1124,11833
2011-02-23,11135.66,11191.46,11018.56,11063.39,2457,13846
2011-02-24,11085.34,11097.23,10949.95,11011.25,1428,12996
2011-02-25,10995.69,11100.89,10992.03,11078.02,360,12974
2011-02-28,11076.19,11190.54,11040.52,11173.16,860,12845
2011-03-01,11178.65,11243.6,10997.52,10997.52,639,12782
2011-03-02,10982.89,11068.88,10959.1,11019.48,1443,13767
2011-03-03,11021.31,11224.39,11014.9,11196.03,704,13848
2011-03-04,11197.86,11238.11,11041.43,11118.27,606,13672
2011-03-07,11113.7,11187.8,11009.42,11048.75,516,13758
2011-03-08,11055.15,11201.52,11035.03,11159.44,765,13841
2011-03-09,11154.87,11206.09,11119.19,11136.57,537,13870
2011-03-10,11074.04,11146.69,10948.05,10961.84,1011,13679
2011-03-11,10961.84,11063.0,10880.0,11038.17,2452,13767
2011-03-14,10991.27,11028.98,10888.27,10967.36,3471,14410
2011-03-15,10975.64,10976.56,10677.68,10841.37,2318,14894
2011-03-16,10837.69,10892.87,10575.6,10647.33,3127,15185
2011-03-17,10660.21,10791.71,10535.14,10769.64,2959,14379
2011-03-18,10759.53,10907.59,10721.82,10850.57,439,3732
2011-03-21,10868.96,11049.21,10856.09,11001.39,396,3827
2011-03-22,10996.79,11028.98,10974.72,10994.03,913,4381
2011-03-23,10981.16,11081.39,10952.65,11054.72,331,5394
2011-03-24,11043.69,11150.36,11039.09,11142.09,1432,6420
2011-03-25,11167.84,11211.98,11135.65,11191.75,333,7026
2011-03-28,11199.1,11223.93,11136.57,11140.25,2481,8022
2011-03-29,11143.01,11251.52,11139.33,11242.33,1168,12098
2011-03-30,11247.84,11329.69,11232.21,11298.42,2335,10173
2011-03-31,11303.94,11329.69,11267.16,11267.16,147,10223
2011-04-01,11282.79,11364.64,11277.27,11327.85,721,10757
2011-04-04,11320.49,11352.68,11298.42,11345.32,1610,12542
2011-04-05,11351.76,11384.87,11305.78,11336.13,601,12586
2011-04-06,11342.56,11406.02,11332.45,11363.72,1124,13469
2011-04-07,11365.56,11394.06,11283.71,11358.2,277,13494
2011-04-08,11366.47,11407.86,11279.11,11335.21,373,13610
2011-04-11,11378.43,11389.47,11306.7,11330.61,1331,14718
2011-04-12,11317.74,11317.74,11200.94,11212.9,668,14691
2011-04-13,11212.9,11298.42,11195.43,11218.42,365,14642
2011-04-14,11219.34,11269.91,11136.57,11245.09,463,14693
2011-04-15,11245.09,11325.09,11208.3,11314.06,897,14744
2011-04-18,11305.78,11309.46,11072.2,11164.16,753,14691
2011-04-19,11157.72,11256.12,11121.86,11243.25,726,14930
2011-04-20,11264.4,11421.65,11229.45,11399.58,729,14890
2011-04-21,11455.68,11463.95,11403.26,11434.53,455,14967
2011-04-25,11430.85,11465.79,11398.66,11428.09,1649,16224
2011-04-26,11430.85,11545.8,11401.42,11511.77,6541,21725
2011-04-27,11519.13,11637.76,11511.77,11624.89,350,21700
2011-04-28,11627.65,11702.14,11597.3,11686.5,1640,22889
2011-04-29,11683.74,11767.43,11668.11,11730.64,1534,21738
2011-05-02,11771.11,11835.48,11711.33,11738.0,1293,21851
2011-05-03,11735.24,11757.31,11679.14,11724.21,371,21928
2011-05-04,11713.17,11748.12,11610.17,11653.4,1753,23006
2011-05-05,11661.67,11695.7,11472.23,11559.59,642,23602
2011-05-06,11563.27,11694.78,11543.04,11558.67,1098,23580
2011-05-09,11621.21,11653.4,11566.03,11615.69,351,23640
2011-05-10,11620.29,11711.33,11589.94,11679.14,532,23752
2011-05-11,11690.18,11714.09,11536.6,11584.42,948,23771
2011-05-12,11583.5,11660.75,11504.42,11653.4,532,23679
2011-05-13,11644.2,11689.26,11509.02,11546.72,302,23673
2011-05-16,11513.61,11591.78,11475.91,11503.5,210,23721
2011-05-17,11486.03,11551.32,11361.88,11437.29,4886,24357
2011-05-18,11453.84,11536.6,11429.01,11524.65,237,24251
2011-05-19,11532.01,11599.14,11500.74,11578.91,428,24360
2011-05-20,11575.23,11589.02,11463.03,11463.95,311,24477
2011-05-23,11461.2,11461.2,11320.49,11368.31,486,24470
2011-05-24,11371.07,11412.46,11333.37,11336.13,191,24441
2011-05-25,11319.57,11417.05,11246.92,11358.2,249,24416
2011-05-26,11361.88,11426.25,11311.3,11411.54,287,24334
2011-05-27,11402.34,11463.03,11387.63,11429.01,302,24396
2011-05-31,11451.08,11564.19,11424.41,11548.56,608,24315
2011-06-01,11556.84,11575.23,11283.71,11287.39,360,24297
2011-06-02,11291.99,11322.33,11200.94,11254.28,214,24282
2011-06-03,11229.45,11260.72,11113.58,11150.36,299,24313
2011-06-06,11153.12,11165.08,11085.99,11115.42,4455,20548
2011-06-07,11112.66,11184.39,11076.8,11101.62,443,20585
2011-06-08,11104.38,11118.18,11041.85,11063.0,984,20608
2011-06-09,11098.14,11190.63,11081.5,11138.84,4355,23252
2011-06-10,11141.61,11149.01,10964.04,10980.69,1268,23027
2011-06-13,10989.94,11042.65,10964.97,10991.79,1990,23727
2011-06-14,11047.28,11144.39,10989.01,11114.79,9205,26224
2011-06-15,11110.17,11110.17,10908.55,10941.85,8669,28645
2011-06-16,10950.17,11024.16,10884.51,11004.74,1741,28075
2011-06-17,11025.08,11101.84,10968.67,11040.8,434,7048
2011-06-20,11016.76,11121.27,10961.27,11110.17,1014,7559
2011-06-21,11124.04,11235.95,11101.84,11179.53,464,7491
2011-06-22,11189.7,11223.0,11118.49,11119.42,152,7406
2011-06-23,11119.42,11125.89,10917.8,11075.95,385,7404
2011-06-24,11077.8,11150.86,10964.04,10988.09,551,7420
2011-06-27,10952.02,11125.89,10934.45,11088.9,524,7564
2011-06-28,11094.45,11229.47,11057.45,11228.55,221,7535
2011-06-29,11222.07,11301.61,11199.88,11299.76,320,7582
2011-06-30,11291.44,11431.09,11283.11,11417.22,585,7644
2011-07-01,11407.04,11592.94,11404.27,11573.52,610,7622
2011-07-05,11586.46,11614.21,11532.82,11591.09,1317,8552
2011-07-06,11585.54,11639.18,11542.07,11624.38,457,8614
2011-07-07,11631.78,11745.54,11631.78,11727.96,946,9059
2011-07-08,11728.89,11762.18,11574.44,11666.92,560,9083
2011-07-11,11604.96,11633.63,11482.88,11550.39,1436,10130
2011-07-12,11546.69,11574.44,11395.95,11480.11,5572,13630
2011-07-13,11530.97,11611.43,11455.14,11491.2,2040,15228
2011-07-14,11499.53,11583.69,11412.59,11451.44,986,15721
2011-07-15,11460.68,11523.57,11407.97,11516.18,571,15745
2011-07-18,11497.68,11499.53,11320.11,11401.49,273,15725
2011-07-19,11425.54,11606.81,11407.97,11567.04,379,15719
2011-07-20,11594.79,11632.71,11560.57,11567.04,289,15756
2011-07-21,11543.0,11745.54,11528.2,11736.29,422,15776
2011-07-22,11741.84,11789.93,11653.05,11672.47,398,16269
2011-07-25,11553.17,11653.05,11514.33,11606.81,776,16255
2011-07-26,11602.19,11654.9,11491.2,11497.68,1765,17771
2011-07-27,11500.45,11520.8,11315.48,11323.81,290,17803
2011-07-28,11329.36,11403.34,11259.99,11276.64,339,17778
2011-07-29,11293.29,11294.21,11128.66,11179.53,399,17788
2011-08-01,11270.17,11355.25,11045.43,11135.14,959,17723
2011-08-02,11124.97,11176.76,10899.3,10916.88,599,17750
2011-08-03,10920.57,10989.94,10779.07,10929.82,1339,17326
2011-08-04,10928.9,10999.19,10469.25,10516.42,656,17427
2011-08-05,10489.6,10670.87,10275.03,10545.09,1891,17447
2011-08-08,10346.25,10469.25,9909.72,9919.89,1792,17166
2011-08-09,9926.37,10376.77,9625.79,10352.72,1532,17019
2011-08-10,10339.77,10410.06,9854.23,9918.97,4047,16510
2011-08-11,9924.52,10390.64,9787.64,10250.99,856,16485
2011-08-12,10256.54,10455.38,10076.19,10404.51,2423,14429
2011-08-15,10398.04,10580.23,10398.04,10546.01,2921,11956
2011-08-16,10532.14,10584.86,10427.63,10531.21,2310,13612
2011-08-17,10506.24,10635.72,10450.75,10525.67,1161,13128
2011-08-18,10501.62,10507.17,10053.07,10189.02,1353,13930
2011-08-19,10175.15,10219.54,9974.46,10006.83,290,13681
2011-08-22,9940.24,10205.67,9914.34,10031.8,372,13705
2011-08-23,10030.87,10312.03,9997.58,10303.7,544,13774
2011-08-24,10258.39,10450.75,10177.0,10421.16,366,13806
2011-08-25,10401.74,10524.74,10256.54,10294.45,402,13834
2011-08-26,10294.45,10450.75,10098.39,10431.33,239,13739
2011-08-29,10413.76,10654.22,10409.14,10651.44,127,13760
2011-08-30,10642.2,10742.08,10559.88,10628.32,781,13834
2011-08-31,10601.5,10820.69,10601.5,10730.98,273,13824
2011-09-01,10746.7,10820.69,10603.35,10603.35,650,14068
2011-09-02,10612.6,10629.25,10360.12,10365.67,766,14209
2011-09-06,10309.25,10340.7,10102.09,10291.68,454,14202
2011-09-07,10317.58,10557.11,10290.75,10557.11,2144,14987
2011-09-08,10571.07,10600.85,10428.67,10445.42,4400,15103
2011-09-09,10458.45,10513.37,10107.57,10190.41,1690,15229
2011-09-12,10099.2,10228.57,9955.87,10227.64,6398,16247
2011-09-13,10238.81,10293.72,10086.17,10257.42,4811,15829
2011-09-14,10224.84,10531.05,10116.88,10399.82,6035,18315
2011-09-15,10373.76,10586.89,10354.21,10586.89,3099,20422
2011-09-16,10574.79,10666.0,10518.95,10652.97,323,10337
2011-09-19,10578.52,10580.38,10412.85,10538.5,546,10389
2011-09-20,10532.91,10679.96,10446.35,10549.66,413,10463
2011-09-21,10563.63,10613.88,10244.39,10244.39,849,10712
2011-09-22,10257.42,10273.24,9800.44,9912.12,958,11298
2011-09-23,9940.05,10026.6,9743.66,9955.87,2838,13135
2011-09-26,9902.82,10211.81,9822.78,10211.81,463,13179
2011-09-27,10205.3,10504.06,10190.41,10349.56,828,13642
2011-09-28,10346.77,10451.94,10168.07,10215.54,848,14258
2011-09-29,10212.75,10414.71,10140.15,10330.02,2295,12233
2011-09-30,10351.42,10351.42,10061.04,10089.89,121,12259
2011-10-03,10054.52,10144.8,9799.51,9799.51,240,12292
2011-10-04,9818.12,10000.54,9623.6,9942.84,444,12362
2011-10-05,9940.98,10121.54,9885.13,10087.1,489,12479
2011-10-06,10079.65,10293.72,10037.77,10280.69,341,12469
2011-10-07,10272.31,10399.82,10228.57,10299.3,361,12582
2011-10-10,10324.43,10586.89,10324.43,10580.38,315,12452
2011-10-11,10572.0,10591.55,10512.44,10545.01,296,12456
2011-10-12,10527.33,10754.42,10478.93,10625.05,1420,11347
2011-10-13,10614.81,10679.03,10530.12,10602.72,323,11360
2011-10-14,10605.51,10779.55,10573.86,10764.66,127,11363
2011-10-17,10791.65,10847.49,10517.09,10518.02,1299,12409
2011-10-18,10516.16,10787.0,10442.63,10727.43,324,12420
2011-10-19,10696.72,10768.38,10619.47,10651.11,1875,13162
2011-10-20,10658.56,10724.64,10554.32,10677.17,177,13202
2011-10-21,10710.68,10945.22,10666.93,10942.43,588,13595
2011-10-24,10907.06,11052.25,10883.79,11005.72,828,14245
2011-10-25,10994.55,11056.9,10819.57,10854.01,287,14406
2011-10-26,10856.8,11015.02,10828.88,10984.31,204,14431
2011-10-27,10999.2,11382.66,10991.75,11324.95,1458,15458
2011-10-28,11312.85,11349.15,11257.01,11324.95,257,15443
2011-10-31,11266.32,11299.82,11066.21,11072.73,278,15454
2011-11-01,11066.21,11085.76,10768.38,10872.62,1001,14830
2011-11-02,10877.28,10996.41,10816.78,10952.66,333,14361
2011-11-03,10941.5,11168.59,10790.72,11146.25,2846,16856
2011-11-04,11146.25,11172.31,10968.49,11113.68,1617,16194
2011-11-07,11162.08,11182.55,10974.07,11175.11,399,16281
2011-11-08,11204.89,11298.89,11114.61,11283.07,1282,17209
2011-11-09,11280.28,11284.93,10884.72,10919.16,333,18248
2011-11-10,10894.96,11089.48,10855.87,11033.64,203,17247
2011-11-11,11018.75,11289.58,11008.51,11272.83,172,17210
2011-11-14,11290.51,11354.73,11163.94,11224.43,238,20264
2011-11-15,11219.78,11280.28,11092.27,11203.96,266,17225
2011-11-16,11207.68,11243.05,11024.33,11024.33,351,17241
2011-11-17,11015.02,11102.51,10844.7,10925.67,351,17258
2011-11-18,10931.26,11034.57,10889.38,10951.73,1322,18277
2011-11-21,10926.6,10926.6,10633.43,10726.5,465,18158
2011-11-22,10695.79,10778.62,10619.47,10653.9,759,17651
2011-11-23,10616.68,10667.87,10442.63,10455.66,262,17662
2011-11-25,10465.9,10558.04,10358.87,10411.92,189,17689
2011-11-28,10547.8,10740.46,10532.91,10701.37,338,17709
2011-11-29,10693.93,10807.47,10660.42,10763.73,216,17682
2011-11-30,10635.29,11201.17,10635.29,11200.23,1716,18840
2011-12-01,11182.55,11229.09,11131.36,11171.38,363,18934
2011-12-02,11209.54,11329.6,11166.73,11168.59,145,18894
2011-12-05,11210.47,11331.47,11191.86,11230.02,534,18783
2011-12-06,11228.16,11354.73,11168.59,11272.83,723,18720
2011-12-07,11283.07,11396.62,11219.78,11367.76,3702,20195
2011-12-08,11418.3,11418.3,11136.59,11178.71,4607,22404
2011-12-09,11174.96,11364.96,11130.04,11364.96,8874,23977
2011-12-12,11364.96,11370.57,11109.45,11177.77,4296,26285
2011-12-13,11185.26,11296.63,11072.01,11132.85,2768,26816
2011-12-14,11136.59,11177.77,10978.42,11008.37,4269,28028
2011-12-15,10965.32,11123.49,10948.47,11064.52,4967,28995
2011-12-16,11111.32,11143.14,10997.14,11023.34,139,10704
2011-12-19,11028.96,11090.73,10917.58,10953.15,232,10749
2011-12-20,10949.4,11268.56,10945.66,11260.13,284,10736
2011-12-21,11262.0,11377.12,11170.28,11253.58,199,10692
2011-12-22,11258.26,11343.43,11229.25,11327.52,428,10469
2011-12-23,11371.51,11441.7,11329.39,11434.21,161,10462
2011-12-27,11440.77,11466.97,11408.94,11436.09,90,10485
2011-12-28,11437.02,11466.97,11301.31,11306.93,163,10471
2011-12-29,11323.77,11441.7,11317.22,11434.21,170,10457
2011-12-30,11427.66,11452.93,11362.15,11371.51,237,10457
2012-01-03,11568.05,11619.53,11535.29,11547.46,651,10661
2012-01-04,11550.27,11569.92,11493.18,11564.31,186,10654
2012-01-05,11555.88,11577.41,11441.7,11540.91,1149,10668
2012-01-06,11546.53,11610.17,11488.5,11520.32,320,11693
2012-01-09,11479.14,11552.14,11471.65,11546.53,182,11602
2012-01-10,11571.8,11662.58,11542.78,11596.13,173,11575
2012-01-11,11577.41,11611.1,11548.4,11594.26,462,11546
2012-01-12,11592.39,11666.32,11535.29,11617.66,202,11535
2012-01-13,11626.08,11640.12,11465.1,11596.13,345,11535
2012-01-17,11574.6,11713.12,11536.23,11624.21,271,11426
2012-01-18,11638.25,11717.8,11603.62,11702.83,98,11422
2012-01-19,11708.44,11778.64,11686.91,11778.64,301,11398
2012-01-20,11778.64,11853.51,11750.56,11843.21,197,11315
2012-01-23,11821.69,11890.95,11806.71,11839.47,145,11460
2012-01-24,11844.15,11844.15,11759.92,11817.01,218,11429
2012-01-25,11844.15,11904.99,11728.1,11875.04,706,11417
2012-01-26,11869.42,11961.14,11833.85,11871.29,253,11445
2012-01-27,11878.78,11902.18,11771.15,11805.78,191,11446
2012-01-30,11820.75,11820.75,11675.68,11794.55,209,11284
2012-01-31,11796.42,11867.55,11717.8,11771.15,196,11275
2012-02-01,11769.28,11914.34,11748.69,11842.28,171,11555
2012-02-02,11853.51,11884.39,11814.2,11854.45,190,11525
2012-02-03,11851.64,11992.96,11838.53,11973.31,113,11528
2012-02-06,11942.42,11972.37,11933.06,11957.4,130,11535
2012-02-07,11972.37,12026.66,11921.83,12008.87,211,11545
2012-02-08,11999.51,12043.5,11961.14,12020.1,140,11623
2012-02-09,11980.8,12062.22,11973.31,12019.17,99,11602
2012-02-10,12007.0,12007.0,11895.63,11948.97,1028,11576
2012-02-13,11992.96,12039.76,11970.5,12012.62,124,12398
2012-02-14,11993.9,12030.4,11937.74,12017.3,202,12388
2012-02-15,12011.68,12101.53,11919.02,11945.23,378,12391
2012-02-16,11912.47,12064.09,11889.07,12045.37,85,13304
2012-02-17,12052.86,12110.89,12038.82,12100.59,124,13304
2012-02-21,12171.72,12187.64,12078.13,12115.57,84,13279
2012-02-22,12110.89,12142.71,12068.77,12088.43,379,13281
2012-02-23,12092.17,12143.65,12036.02,12142.71,119,13312
2012-02-24,12146.45,12179.21,12106.21,12130.54,158,13319
2012-02-27,12142.71,12171.72,12040.69,12138.03,131,13340
2012-02-28,12143.65,12187.64,12115.57,12164.24,145,13368
2012-02-29,12167.04,12199.8,12073.45,12108.08,118,13428
2012-03-01,12080.0,12182.96,12067.84,12141.77,69,13421
2012-03-02,12152.07,12157.69,12092.17,12137.1,392,13425
2012-03-05,12128.67,12139.9,12045.37,12130.54,2836,13584
2012-03-06,12129.61,12140.84,11909.66,11927.45,1877,13674
2012-03-07,11937.74,12021.98,11937.74,12018.23,3699,14050
2012-03-08,12084.21,12121.92,12034.26,12106.84,4683,14873
2012-03-09,12087.04,12150.2,12084.21,12124.75,4635,16699
2012-03-12,12117.21,12159.62,12076.67,12156.8,2599,19554
2012-03-13,12178.48,12362.28,12155.85,12356.63,1443,20058
2012-03-14,12337.78,12395.27,12332.12,12376.42,1993,21123
2012-03-15,12387.73,12428.27,12350.03,12416.01,191,20785
2012-03-16,12414.13,12461.26,12404.7,12407.53,1849,20752
2012-03-19,12409.41,12448.06,12371.71,12411.3,204,10993
2012-03-20,12417.9,12419.78,12310.44,12355.69,117,11028
2012-03-21,12362.28,12401.87,12286.88,12316.1,574,11024
2012-03-22,12324.58,12337.78,12206.75,12254.83,179,11229
2012-03-23,12258.6,12289.7,12197.33,12284.05,129,11220
2012-03-26,12307.61,12442.41,12274.62,12442.41,859,11109
2012-03-27,12440.52,12482.94,12376.42,12376.42,324,10997
2012-03-28,12378.31,12418.84,12258.6,12303.84,451,11120
2012-03-29,12314.21,12329.29,12225.61,12327.41,310,11078
2012-03-30,12327.41,12400.93,12320.81,12387.73,143,11202
2012-04-02,12423.55,12467.86,12338.72,12432.04,263,11230
2012-04-03,12428.27,12441.46,12319.87,12378.31,158,11236
2012-04-04,12365.11,12379.25,12216.18,12258.6,424,11223
2012-04-05,12258.6,12286.88,12186.96,12233.15,32,11204
2012-04-06,12253.88,12261.42,12100.24,12233.15,118,11209
2012-04-09,12098.35,12173.76,12094.58,12112.49,240,11222
2012-04-10,12119.09,12157.74,11923.97,11952.25,292,11256
2012-04-11,11971.1,12049.34,11971.1,12012.58,210,11244
2012-04-12,12020.12,12209.58,12010.69,12206.75,1050,11242
2012-04-13,12195.44,12223.72,12049.34,12054.05,208,11328
2012-04-16,12060.65,12178.48,12019.17,12112.49,292,11301
2012-04-17,12110.61,12319.87,12082.33,12276.51,305,11336
2012-04-18,12282.16,12298.19,12211.47,12213.35,433,11350
2012-04-19,12223.72,12304.78,12104.01,12161.51,201,11342
2012-04-20,12176.59,12280.28,12137.0,12242.57,285,11345
2012-04-23,12223.72,12231.26,12055.94,12132.29,298,11357
2012-04-24,12137.0,12246.34,12135.12,12215.24,508,11424
2012-04-25,12225.61,12305.73,12225.61,12291.59,209,11403
2012-04-26,12286.88,12411.3,12253.88,12404.7,234,11446
2012-04-27,12404.7,12451.83,12339.66,12408.47,153,11529
2012-04-30,12421.67,12439.58,12367.0,12399.99,184,11553
2012-05-01,12418.84,12517.81,12376.42,12459.37,184,11572
2012-05-02,12461.26,12488.59,12385.85,12446.18,153,11544
2012-05-03,12442.41,12482.94,12367.0,12388.68,155,11589
2012-05-04,12397.16,12407.53,12206.75,12213.35,183,11573
2012-05-07,12142.66,12242.57,12047.45,12215.24,134,11547
2012-05-08,12227.49,12227.49,12027.66,12128.52,1699,12295
2012-05-09,12140.77,12140.77,11975.81,12060.65,298,13815
2012-05-10,12029.54,12140.77,12013.52,12097.41,109,14008
2012-05-11,12022.0,12136.06,11998.44,12054.05,117,14005
2012-05-14,11961.68,11999.38,11905.12,11928.68,470,14018
2012-05-15,11933.4,12023.89,11857.99,11881.55,138,14238
2012-05-16,11923.03,11971.1,11827.83,11852.33,114,14265
2012-05-17,11887.21,11919.26,11697.75,11700.57,169,14251
2012-05-18,11707.17,11760.9,11612.91,11627.05,150,14255
2012-05-21,11635.53,11773.15,11605.37,11773.15,1599,14260
2012-05-22,11773.15,11829.71,11716.6,11760.9,288,16237
2012-05-23,11773.15,11773.15,11584.63,11750.53,1425,16272
2012-05-24,11782.58,11815.57,11693.03,11815.57,150,17539
2012-05-25,11814.63,11860.82,11688.32,11715.66,173,17547
2012-05-29,11773.15,11872.13,11733.57,11860.82,2171,17501
2012-05-30,11840.08,11861.76,11669.47,11670.41,136,19481
2012-05-31,11659.1,11744.88,11598.77,11672.3,165,19481
2012-06-01,11652.5,11652.5,11404.6,11408.37,154,19487
2012-06-04,11422.5,11426.28,11300.91,11370.66,188,19477
2012-06-05,11377.26,11429.1,11343.33,11429.1,2161,20486
2012-06-06,11483.77,11697.75,11419.68,11697.75,1109,19950
2012-06-07,11832.71,11851.71,11761.42,11790.89,2728,19834
2012-06-08,11761.42,11870.72,11701.55,11870.72,3500,20814
2012-06-11,12001.88,12043.7,11703.45,11703.45,8251,21102
2012-06-12,11761.42,11889.73,11683.49,11889.73,1347,23920
2012-06-13,11883.08,11900.18,11770.93,11812.75,3692,23307
2012-06-14,11832.71,12008.53,11792.79,11980.97,306,25994
2012-06-15,11976.22,12079.81,11971.47,12079.81,131,25186
2012-06-18,12130.19,12167.25,12003.78,12057.0,98,8938
2012-06-19,12068.41,12193.86,12031.34,12129.24,2173,8959
2012-06-20,12095.02,12170.1,12037.05,12130.19,246,10390
2012-06-21,12095.97,12151.1,11875.47,11882.13,1094,10450
2012-06-22,11882.13,11975.27,11882.13,11944.85,876,11488
2012-06-25,11945.81,11945.81,11775.68,11814.65,185,12231
2012-06-26,11807.99,11880.23,11775.68,11866.92,64,12170
2012-06-27,11856.47,11946.76,11842.21,11930.6,152,12647
2012-06-28,11922.99,11944.85,11766.18,11904.94,180,12647
2012-06-29,11906.84,12193.86,11865.02,12172.95,210,12701
2012-07-02,12158.7,12210.97,12098.82,12142.54,147,12697
2012-07-03,12144.44,12233.78,12117.83,12229.03,348,12721
2012-07-05,12233.78,12284.15,12151.1,12195.76,173,12665
2012-07-06,12203.37,12210.97,12018.04,12095.97,171,12684
2012-07-09,12084.57,12087.42,11999.03,12056.05,196,12767
2012-07-10,12052.25,12132.09,11918.24,11961.01,136,12690
2012-07-11,11951.51,12021.84,11849.81,11914.44,179,12698
2012-07-12,11927.75,11938.2,11808.94,11882.13,169,12694
2012-07-13,11887.83,12084.57,11887.83,12081.71,115,12705
2012-07-16,12070.31,12079.81,12003.78,12020.89,118,12745
2012-07-17,12022.79,12129.24,11961.01,12105.48,185,12700
2012-07-18,12093.12,12231.88,12058.9,12222.38,172,12725
2012-07-19,12226.18,12291.76,12203.37,12241.39,133,12683
2012-07-20,12236.63,12242.34,12122.58,12139.69,140,12669
2012-07-23,12097.87,12098.82,11899.23,12018.04,2100,12650
2012-07-24,12032.29,12037.05,11845.06,11903.04,179,10694
2012-07-25,12003.78,12041.8,11951.51,12010.43,233,10706
2012-07-26,12011.38,12236.63,11961.01,12189.11,287,11279
2012-07-27,12188.16,12403.91,12177.71,12386.8,113,11240
2012-07-30,12380.15,12422.91,12341.18,12356.39,128,11232
2012-07-31,12364.94,12408.66,12293.66,12306.96,173,11562
2012-08-01,12300.31,12370.64,12260.39,12282.25,3017,11608
2012-08-02,12274.65,12380.15,12098.82,12194.81,1251,9368
2012-08-03,12230.93,12426.72,12182.46,12407.71,170,10981
2012-08-06,12410.56,12476.14,12388.7,12419.11,147,11002
2012-08-07,12404.86,12507.5,12404.86,12468.53,215,11018
2012-08-08,12459.03,12498.0,12402.01,12469.49,115,11040
2012-08-09,12459.03,12530.31,12431.47,12486.59,229,11025
2012-08-10,12482.79,12521.76,12407.71,12518.91,160,11039
2012-08-13,12508.45,12528.41,12431.47,12485.64,141,11021
2012-08-14,12478.99,12534.11,12459.98,12481.84,128,11027
2012-08-15,12475.19,12512.25,12452.38,12483.74,82,11084
2012-08-16,12499.9,12583.54,12474.24,12569.28,149,12044
2012-08-17,12574.03,12597.79,12558.82,12590.19,101,12043
2012-08-20,12590.19,12603.49,12550.27,12573.08,142,12082
2012-08-21,12575.93,12645.31,12512.25,12544.57,257,12124
2012-08-22,12545.52,12548.37,12450.48,12503.7,143,12153
2012-08-23,12502.75,12558.82,12383.95,12392.5,90,12133
2012-08-24,12402.96,12502.75,12367.79,12502.75,110,12445
2012-08-27,12509.4,12530.31,12455.23,12457.13,105,12435
2012-08-28,12455.23,12478.99,12422.91,12437.17,95,12459
2012-08-29,12446.68,12474.24,12420.06,12435.27,154,12454
2012-08-30,12412.46,12436.22,12322.17,12338.33,819,12487
2012-08-31,12354.48,12488.49,12332.63,12430.52,213,12786
2012-09-04,12419.11,12468.53,12322.17,12402.96,139,12820
2012-09-05,12402.96,12436.22,12341.18,12402.96,240,12785
2012-09-06,12397.25,12630.11,12397.25,12616.8,182,12820
2012-09-07,12621.55,12660.52,12612.05,12636.76,88,12822
2012-09-10,12629.16,12655.77,12583.54,12583.54,406,12840
2012-09-11,12577.83,12688.08,12542.67,12633.91,172,12974
2012-09-12,12640.56,12710.89,12628.21,12698.54,2646,12977
2012-09-13,12748.32,12925.45,12688.96,12872.79,6072,14039
2012-09-14,12879.49,12992.47,12869.92,12942.68,5449,16070
2012-09-17,12915.87,12939.81,12891.94,12896.73,1860,18788
2012-09-18,12906.3,12925.45,12859.39,12924.49,3734,19404
2012-09-19,12933.11,12979.07,12915.87,12922.58,1293,20639
2012-09-20,12925.45,12944.6,12856.51,12939.81,1876,19529
2012-09-21,12887.15,13002.04,12887.15,12925.45,4531,20916
2012-09-24,12931.19,12954.17,12868.0,12914.92,280,14323
2012-09-25,12917.79,12968.53,12820.13,12834.49,152,14346
2012-09-26,12839.28,12854.6,12767.47,12777.05,411,14362
2012-09-27,12799.07,12882.36,12781.83,12843.11,130,15658
2012-09-28,12841.19,12858.43,12724.39,12786.62,453,16195
2012-10-01,12789.49,12949.39,12750.24,12865.13,1634,16431
2012-10-02,12873.75,12922.58,12786.62,12840.24,4632,17934
2012-10-03,12840.24,12887.15,12800.98,12854.6,73,13600
2012-10-04,12885.24,12946.51,12853.64,12923.53,163,13600
2012-10-05,12927.36,13018.32,12916.83,12959.92,134,13590
2012-10-08,12947.47,12970.45,12904.39,12926.41,896,13636
2012-10-09,12950.34,12965.66,12829.71,12841.19,192,13183
2012-10-10,12829.71,12851.73,12696.62,12703.32,188,12915
2012-10-11,12696.62,12800.98,12667.9,12700.45,187,12964
2012-10-12,12710.03,12762.68,12662.15,12681.3,105,12970
2012-10-15,12678.43,12796.19,12649.71,12790.45,135,13043
2012-10-16,12796.19,12911.09,12780.88,12880.45,328,13040
2012-10-17,12869.92,12925.45,12863.22,12914.92,146,13064
2012-10-18,12917.79,12949.39,12882.36,12913.0,936,12976
2012-10-19,12898.64,12921.62,12690.88,12690.88,152,12953
2012-10-22,12705.24,12738.75,12614.28,12726.3,185,12953
2012-10-23,12733.96,12744.49,12467.79,12485.98,669,12906
2012-10-24,12485.03,12536.73,12451.52,12466.84,434,12949
2012-10-25,12500.35,12559.71,12427.58,12500.35,186,13616
2012-10-26,12437.15,12525.24,12389.28,12498.43,80,13307
2012-10-29,12456.3,12487.9,12403.64,12487.9,95,13303
2012-10-30,12438.11,12506.09,12377.79,12498.43,127,13294
2012-10-31,12499.39,12562.58,12432.37,12475.45,210,13300
2012-11-01,12441.94,12647.79,12420.88,12604.71,202,13271
2012-11-02,12605.66,12657.37,12438.11,12438.11,253,13253
2012-11-05,12475.45,12518.54,12425.67,12497.47,139,13278
2012-11-06,12482.15,12662.15,12482.15,12639.17,195,13301
2012-11-07,12634.39,12685.13,12283.96,12315.56,2676,15079
2012-11-08,12364.39,12374.92,12216.94,12231.3,2605,14366
2012-11-09,12238.96,12288.75,12131.73,12220.77,270,14364
2012-11-12,12236.09,12264.82,12197.79,12236.09,66,14334
2012-11-13,12248.54,12307.9,12146.09,12175.77,124,14342
2012-11-14,12222.69,12255.24,11982.37,12010.14,119,14365
2012-11-15,12027.37,12042.69,11934.5,11989.07,126,14386
2012-11-16,11963.22,12035.03,11910.56,12035.03,299,14441
2012-11-19,12038.86,12212.16,12038.86,12195.88,1511,14929
2012-11-20,12180.56,12231.3,12130.77,12215.99,495,15262
2012-11-21,12214.07,12264.82,12157.58,12255.24,121,15276
2012-11-23,12275.35,12430.45,12264.82,12409.39,195,15285
2012-11-26,12383.54,12394.07,12327.05,12385.45,179,15238
2012-11-27,12407.47,12417.05,12303.11,12314.6,376,14983
2012-11-28,12294.5,12413.22,12197.79,12405.56,1474,15238
2012-11-29,12399.81,12489.81,12392.15,12466.84,234,15203
2012-11-30,12423.75,12499.39,12422.79,12454.39,152,14705
2012-12-03,12453.43,12522.37,12384.5,12398.86,254,14690
2012-12-04,12374.92,12446.73,12366.3,12382.58,620,14726
2012-12-05,12387.37,12518.54,12358.64,12469.71,134,14731
2012-12-06,12479.28,12508.96,12446.73,12507.05,103,14726
2012-12-07,12511.84,12590.35,12483.11,12583.64,138,14709
2012-12-10,12587.47,12625.77,12547.26,12625.77,102,14732
2012-12-11,12598.0,12733.96,12594.17,12712.9,227,14748
2012-12-12,12709.07,12753.11,12662.15,12666.94,3446,17686
2012-12-13,12654.43,12698.7,12591.88,12600.54,3468,16309
2012-12-14,12605.35,12656.35,12563.01,12593.8,3730,16145
2012-12-17,12644.81,12692.92,12587.07,12687.15,4306,16652
2012-12-18,12700.62,12808.4,12683.3,12775.68,2075,16318
2012-12-19,12779.53,12815.14,12701.58,12720.83,8890,20006
2012-12-20,12689.07,12767.02,12678.49,12767.02,1286,20267
2012-12-21,12747.77,12747.77,12479.29,12640.96,275,8442
2012-12-24,12584.18,12611.13,12568.78,12572.63,46,8448
2012-12-26,12572.63,12608.24,12529.33,12556.27,37,8466
2012-12-27,12551.46,12582.26,12413.85,12512.97,226,8490
2012-12-28,12534.14,12555.31,12295.49,12295.49,423,8547
2012-12-31,12276.24,12577.44,12276.24,12536.07,463,8522
2013-01-02,12676.56,12832.46,12676.56,12828.61,302,8486
2013-01-03,12813.21,12851.7,12789.15,12817.06,779,8454
2013-01-04,12810.32,12866.14,12795.89,12843.04,695,8823
2013-01-07,12851.7,12859.4,12779.53,12805.51,352,8800
2013-01-08,12814.17,12815.14,12736.23,12767.02,574,8289
2013-01-09,12794.93,12851.7,12776.64,12822.83,76,8280
2013-01-10,12818.02,12909.44,12816.1,12900.78,2759,8198
2013-01-11,12925.8,12928.69,12875.76,12926.76,1107,8748
2013-01-14,12928.69,12947.94,12895.01,12926.76,159,8760
2013-01-15,12922.92,12968.14,12876.72,12955.63,128,8804
2013-01-16,12963.33,12968.14,12885.39,12930.61,101,8807
2013-01-17,12919.07,13058.6,12892.12,13031.66,93,8826
2013-01-18,13026.85,13068.23,13010.49,13064.38,93,8831
2013-01-22,13077.85,13187.55,13023.96,13179.85,862,9547
2013-01-23,13191.4,13213.53,13159.64,13201.99,2215,10749
2013-01-24,13189.48,13294.37,13186.59,13261.65,123,10767
2013-01-25,13235.67,13308.8,13228.93,13291.48,49,10766
2013-01-28,13303.03,13335.75,13284.75,13310.73,60,10764
2013-01-29,13308.8,13383.86,13280.9,13383.86,67,10756
2013-01-30,13380.01,13392.52,13312.65,13316.5,118,10755
2013-01-31,13308.8,13356.92,13277.05,13277.05,90,10769
2013-02-01,13308.8,13433.9,13308.8,13405.03,164,10741
2013-02-04,13412.73,13421.39,13289.56,13323.24,2544,13114
2013-02-05,13320.35,13429.09,13315.54,13385.79,149,13133
2013-02-06,13408.88,13427.17,13329.01,13403.11,1233,12646
2013-02-07,13396.37,13429.09,13284.75,13374.24,263,12665
2013-02-08,13394.45,13443.53,13360.77,13401.19,141,12687
2013-02-11,13412.73,13436.79,13371.35,13399.26,49,12637
2013-02-12,13390.6,13462.77,13366.54,13446.41,35,12639
2013-02-13,13451.23,13476.25,13395.41,13431.98,140,12650
2013-02-14,13428.13,13438.72,13360.77,13424.28,76,12647
2013-02-15,13420.43,13451.23,13356.92,13422.36,29,12649
2013-02-19,13422.36,13492.61,13408.88,13479.13,355,12664
2013-02-20,13481.06,13506.08,13365.58,13365.58,439,13133
2013-02-21,13366.54,13382.9,13294.37,13349.22,2499,14988
2013-02-22,13361.73,13464.7,13361.73,13454.11,92,14994
2013-02-25,13454.11,13525.32,13230.86,13268.39,591,15714
2013-02-26,13269.35,13371.35,13252.03,13336.71,724,15671
2013-02-27,13353.07,13555.16,13326.13,13530.14,234,15704
2013-02-28,13536.87,13592.69,13487.79,13508.96,1232,15718
2013-03-01,13505.12,13559.01,13400.22,13543.61,159,15710
2013-03-04,13530.14,13594.61,13476.25,13584.03,57,15691
2013-03-05,13592.69,13727.41,13583.06,13696.62,1254,16714
2013-03-06,13711.05,13765.9,13702.39,13727.41,158,16732
2013-03-07,13740.94,13789.25,13740.94,13775.73,203,17259
2013-03-08,13767.03,13860.76,13761.23,13830.81,1069,17609
2013-03-11,13814.38,13896.51,13812.45,13896.51,6777,20385
2013-03-12,13893.62,13914.87,13861.73,13901.35,1082,20846
2013-03-13,13909.08,13916.81,13871.39,13912.94,4873,22700
2013-03-14,13905.21,13977.68,13905.21,13965.12,4096,25224
2013-03-15,13965.12,13989.28,13914.87,13946.76,194,6461
2013-03-18,13904.25,13958.36,13790.22,13905.21,453,6649
2013-03-19,13927.44,13953.53,13827.91,13903.28,329,6490
2013-03-20,13882.99,13984.45,13866.56,13922.61,122,6511
2013-03-21,13937.1,13946.76,13837.57,13863.66,159,6537
2013-03-22,13857.86,13972.85,13844.33,13971.89,207,6485
2013-03-25,13962.22,14026.0,13842.4,13901.35,93,6483
2013-03-26,13908.11,13997.01,13908.11,13990.25,107,6518
2013-03-27,13988.31,14005.71,13881.05,13958.36,165,6487
2013-03-28,13952.56,14021.17,13911.98,14008.61,194,6481
2013-04-01,14010.54,14040.5,13972.85,14000.88,105,6483
2013-04-02,14013.44,14108.14,14001.84,14092.68,634,7017
2013-04-03,14098.47,14112.0,13968.02,13998.94,222,7025
2013-04-04,14000.88,14059.82,13982.52,14041.46,73,7032
2013-04-05,14026.97,14042.43,13884.92,13996.04,365,7271
2013-04-08,13987.35,14093.64,13948.7,14072.38,158,7303
2013-04-09,14079.15,14154.52,14040.5,14117.8,131,7365
2013-04-10,14115.87,14262.75,14103.31,14236.66,284,7354
2013-04-11,14239.56,14318.79,14224.09,14297.53,175,7389
2013-04-12,14307.2,14309.13,14233.76,14285.94,298,7365
2013-04-15,14288.84,14295.6,13983.48,14023.1,260,7398
2013-04-16,14015.37,14199.94,14015.37,14190.27,180,7411
2013-04-17,14177.71,14194.14,14011.51,14061.75,264,7366
2013-04-18,14050.16,14121.67,13914.87,13924.54,99,7359
2013-04-19,13954.49,14013.44,13924.54,13982.52,113,7378
2013-04-22,14008.61,14057.89,13914.87,14010.54,95,7381
2013-04-23,13984.45,14166.12,13959.33,14150.65,976,7862
2013-04-24,14146.79,14195.1,14112.97,14122.63,547,7458
2013-04-25,14112.97,14209.6,14105.24,14159.35,119,7461
2013-04-26,14160.32,14185.44,14108.14,14155.49,209,7462
2013-04-29,14153.55,14286.9,14140.99,14251.15,263,7573
2013-04-30,14243.42,14282.07,14185.44,14275.31,3547,10926
2013-05-01,14274.34,14292.7,14137.13,14142.92,38,10927
2013-05-02,14161.28,14271.44,14161.28,14262.75,112,10945
2013-05-03,14263.71,14451.18,14247.29,14396.1,272,10982
2013-05-06,14412.52,14422.19,14378.7,14403.83,130,10979
2013-05-07,14382.57,14492.73,14376.77,14478.23,139,10977
2013-05-08,14475.33,14556.51,14457.94,14554.57,98,10998
2013-05-09,14553.61,14596.12,14504.32,14537.18,479,11385
2013-05-10,14551.67,14602.89,14494.66,14560.37,96,11394
2013-05-13,14532.35,14557.47,14509.16,14549.74,1076,12417
2013-05-14,14564.24,14668.6,14509.16,14663.77,86,12424
2013-05-15,14666.66,14755.57,14644.44,14721.74,232,12475
2013-05-16,14734.31,14760.4,14687.92,14699.52,71,12482
2013-05-17,14722.71,14813.54,14716.91,14799.05,76,12460
2013-05-20,14786.49,14847.36,14776.82,14802.91,77,12447
2013-05-21,14799.05,14886.02,14784.55,14837.7,184,12486
2013-05-22,14845.43,14987.48,14736.24,14803.88,255,12538
2013-05-23,14813.54,14825.14,14634.78,14773.93,265,12552
2013-05-24,14799.05,14813.54,14673.43,14791.32,85,12547
2013-05-28,14774.89,14981.68,14758.46,14855.1,579,12932
2013-05-29,14848.33,14869.59,14707.25,14774.89,62,12927
2013-05-30,14793.25,14861.86,14727.54,14802.91,89,12923
2013-05-31,14806.78,14861.86,14591.29,14591.29,77,12926
2013-06-03,14602.89,14721.74,14602.89,14704.35,51,12921
2013-06-04,14680.19,14781.66,14586.46,14667.63,108,12864
2013-06-05,14663.77,14674.4,14441.51,14455.04,138,12849
2013-06-06,14473.4,14542.98,14340.05,14529.45,155,12784
2013-06-07,14522.68,14731.41,14492.73,14695.65,210,12831
2013-06-10,14678.26,14765.23,14672.46,14714.98,70,12818
2013-06-11,14707.25,14721.74,14571.97,14628.01,88,12805
2013-06-12,14655.07,14721.74,14473.4,14473.4,82,12816
2013-06-13,14483.11,14682.11,14415.16,14674.34,1010,13065
2013-06-14,14673.37,14691.81,14537.47,14549.12,414,13186
2013-06-17,14604.45,14740.35,14604.45,14678.22,2094,13070
2013-06-18,14673.37,14822.86,14667.55,14797.62,1100,13323
2013-06-19,14793.74,14828.68,14589.89,14606.39,4801,13635
2013-06-20,14599.6,14599.6,14225.87,14270.52,1930,14612
2013-06-21,14269.55,14365.65,14182.19,14280.23,201,3670
2013-06-24,14229.75,14293.82,14055.99,14160.83,2655,6162
2013-06-25,14170.54,14303.53,14102.59,14259.84,636,6587
2013-06-26,14216.16,14426.81,14196.75,14389.92,128,6601
2013-06-27,14396.72,14561.74,14388.95,14498.64,212,6550
2013-06-28,14497.67,14560.77,14376.33,14389.92,154,6495
2013-07-01,14415.16,14565.62,14360.8,14446.22,92,6499
2013-07-02,14476.31,14536.5,14366.62,14425.84,115,6482
2013-07-03,14408.36,14512.23,14320.03,14479.23,35,6480
2013-07-05,14502.52,14665.6,14483.11,14634.54,230,6536
2013-07-08,14656.87,14754.91,14623.86,14716.08,131,6546
2013-07-09,14773.35,14808.3,14735.5,14776.27,179,6541
2013-07-10,14801.5,14835.48,14750.06,14796.65,290,6639
2013-07-11,14871.4,14963.61,14871.4,14942.26,298,6727
2013-07-12,14933.52,14978.18,14900.52,14918.96,2288,8640
2013-07-15,14939.35,14987.88,14917.99,14964.59,57,8655
2013-07-16,14964.59,14980.12,14905.37,14940.32,69,8662
2013-07-17,14939.35,14997.59,14897.61,14987.88,1649,10258
2013-07-18,14958.76,15075.25,14951.0,15027.68,1296,10996
2013-07-19,15015.06,15052.92,14979.15,15051.95,32,11003
2013-07-22,15070.39,15083.01,15012.15,15037.39,47,11013
2013-07-23,15067.48,15089.81,15033.51,15058.74,62,11012
2013-07-24,15061.66,15106.31,14992.74,15046.13,63,11022
2013-07-25,15046.13,15047.1,14949.05,15030.59,985,11937
2013-07-26,15047.1,15065.54,14895.66,15044.18,103,11929
2013-07-29,15050.98,15050.98,14978.18,15029.62,66,11951
2013-07-30,15033.51,15075.25,14978.18,15039.33,70,11955
2013-07-31,15033.51,15115.05,14981.09,14981.09,2594,14436
2013-08-01,15026.71,15133.49,15026.71,15094.66,90,14445
2013-08-02,15108.25,15143.2,15050.98,15133.49,78,14445
2013-08-05,15129.61,15139.31,15070.39,15098.54,407,14449
2013-08-06,15079.13,15106.31,14968.47,15020.89,140,14489
2013-08-07,14995.65,14997.59,14929.64,14989.82,90,14514
2013-08-08,14989.82,15060.69,14924.79,14999.53,47,14528
2013-08-09,15000.5,15017.0,14866.54,14924.79,265,14513
2013-08-12,14909.25,14949.05,14844.22,14936.43,98,14511
2013-08-13,14942.26,15017.0,14861.69,14959.73,116,14533
2013-08-14,14949.05,14971.38,14837.42,14855.86,621,14538
2013-08-15,14837.42,14849.07,14626.78,14628.72,397,14799
2013-08-16,14639.39,14667.55,14589.89,14597.65,301,14545
2013-08-19,14607.36,14632.6,14541.35,14562.71,244,14535
2013-08-20,14559.8,14604.45,14521.94,14546.21,238,14564
2013-08-21,14550.09,14555.91,14404.48,14412.25,209,14570
2013-08-22,14390.89,14517.08,14370.51,14501.55,89,14578
2013-08-23,14511.26,14560.77,14460.78,14551.06,3055,14852
2013-08-26,14553.97,14591.83,14490.87,14493.79,1071,15131
2013-08-27,14484.08,14502.52,14318.09,14325.85,252,15249
2013-08-28,14326.82,14410.31,14313.23,14372.45,838,14761
2013-08-29,14366.62,14458.84,14352.06,14399.63,85,14750
2013-08-30,14414.19,14455.93,14318.09,14361.77,218,14781
2013-09-03,14414.19,14488.93,14332.65,14392.83,186,14692
2013-09-04,14406.42,14502.52,14352.06,14486.99,1083,13904
2013-09-05,14492.82,14526.79,14460.78,14480.2,2631,12832
2013-09-06,14463.69,14565.62,14347.21,14472.43,1657,13464
2013-09-09,14500.58,14643.28,14470.49,14595.71,83,13462
2013-09-10,14612.21,14738.41,14600.57,14728.7,1834,13664
2013-09-11,14728.7,14890.81,14719.96,14881.1,607,13669
2013-09-12,14883.05,14897.68,14844.04,14869.4,1841,14277
2013-09-13,14873.3,14943.52,14839.17,14932.79,3538,15871
2013-09-16,15073.24,15124.93,15029.35,15049.83,952,15947
2013-09-17,15052.76,15102.5,15028.37,15082.99,2051,16234
2013-09-18,15095.67,15263.42,15029.35,15208.8,4867,16470
2013-09-19,15218.56,15270.25,15175.64,15188.32,2534,16636
2013-09-20,15170.77,15195.15,15021.55,15022.52,887,5805
2013-09-23,15039.1,15070.31,14931.82,14947.42,1341,7043
2013-09-24,14950.35,14985.46,14892.81,14908.41,768,7731
2013-09-25,14911.34,14926.94,14809.91,14834.29,34,7729
2013-09-26,14873.3,14941.57,14834.29,14884.03,590,7235
2013-09-27,14895.73,14919.14,14766.02,14819.66,1072,7636
2013-09-30,14748.46,14748.46,14639.23,14674.34,1523,7509
2013-10-01,14700.67,14759.19,14663.61,14746.51,999,7524
2013-10-02,14753.34,14761.14,14600.22,14653.86,1193,7997
2013-10-03,14604.12,14655.81,14507.56,14537.8,1847,8706
2013-10-04,14543.65,14634.35,14524.14,14627.53,1668,9138
2013-10-07,14578.76,14578.76,14483.18,14484.16,64,9050
2013-10-08,14477.33,14506.59,14321.28,14350.54,712,8567
2013-10-09,14375.9,14410.03,14288.12,14364.2,878,9118
2013-10-10,14385.65,14678.24,14359.32,14661.66,1584,10037
2013-10-11,14604.12,14814.78,14582.66,14800.15,405,11319
2013-10-14,14700.67,14863.55,14669.46,14848.92,58,11566
2013-10-15,14861.6,14884.03,14715.3,14722.13,62,11559
2013-10-16,14762.12,14926.94,14715.3,14872.33,158,11572
2013-10-17,14861.6,14931.82,14770.89,14918.17,1044,12546
2013-10-18,14933.77,14971.81,14887.93,14937.67,753,12609
2013-10-21,14961.08,14984.49,14922.07,14943.52,92,12609
2013-10-22,14934.75,15068.36,14927.92,15017.65,92,12597
2013-10-23,15011.79,15019.6,14926.94,14971.81,87,12575
2013-10-24,14990.34,15089.82,14970.83,15072.26,45,12578
2013-10-25,15074.21,15122.0,15037.15,15114.2,51,12572
2013-10-28,15168.82,15186.37,15092.74,15134.68,319,12829
2013-10-29,15144.43,15231.24,15103.47,15230.26,39,12832
2013-10-30,15223.43,15286.83,15128.83,15168.82,92,12832
2013-10-31,15128.83,15200.03,15094.69,15094.69,2131,13563
2013-11-01,15131.76,15200.03,15102.5,15158.09,35,13591
2013-11-04,15162.96,15220.51,15141.51,15190.27,52,13592
2013-11-05,15188.32,15200.03,15082.99,15165.89,410,13605
2013-11-06,15185.4,15297.56,15164.92,15295.61,784,14309
2013-11-07,15284.88,15387.28,15161.01,15182.47,199,14313
2013-11-08,15195.15,15322.91,15115.18,15312.19,149,13977
2013-11-11,15303.41,15351.2,15287.8,15334.62,81,14006
2013-11-12,15347.3,15360.95,15273.17,15321.94,235,13930
2013-11-13,15311.21,15418.49,15228.31,15389.23,272,14003
2013-11-14,15421.42,15458.48,15375.58,15447.75,86,13990
2013-11-15,15453.6,15536.5,15436.05,15519.92,240,13979
2013-11-18,15514.07,15590.15,15504.32,15544.31,28,13983
2013-11-19,15546.26,15595.02,15521.87,15540.41,56,13998
2013-11-20,15564.79,15585.27,15448.73,15485.79,74,14036
2013-11-21,15483.84,15586.24,15458.48,15580.39,595,14016
2013-11-22,15580.39,15643.79,15556.01,15631.11,86,14046
2013-11-25,15678.9,15700.35,15638.91,15665.24,25,14052
2013-11-26,15662.32,15702.3,15650.61,15663.29,533,13811
2013-11-27,15663.29,15692.55,15648.66,15676.95,45,13829
2013-11-29,15710.11,15760.82,15669.14,15669.14,24,13823
2013-12-02,15703.28,15714.01,15580.39,15602.82,540,13826
2013-12-03,15607.7,15607.7,15458.48,15498.47,1899,14557
2013-12-04,15512.12,15551.13,15399.96,15493.59,1024,14560
2013-12-05,15494.57,15503.34,15414.59,15426.3,59,14555
2013-12-06,15458.48,15623.31,15455.55,15617.45,201,14578
2013-12-09,15643.79,15653.54,15609.65,15630.13,54,14557
2013-12-10,15632.08,15648.66,15569.66,15583.32,69,14554
2013-12-11,15606.73,15622.33,15434.1,15444.83,3168,14949
2013-12-12,15407.63,15453.64,15317.59,15348.91,1160,15342
2013-12-13,15354.78,15395.89,15332.27,15367.5,2026,15583
2013-12-16,15376.31,15537.81,15279.42,15486.91,1188,15874
2013-12-17,15489.85,15528.02,15444.83,15474.19,4502,16810
2013-12-18,15485.93,15773.69,15425.25,15766.84,5253,17736
2013-12-19,15765.86,15787.39,15697.35,15772.71,1712,19020
2013-12-20,15781.52,15880.37,15778.58,15837.31,77,6561
2013-12-23,15877.44,15904.84,15868.63,15893.1,24,6544
2013-12-24,15888.2,15960.63,15880.37,15956.72,205,6724
2013-12-26,15963.57,16075.15,15963.57,16073.19,16,6719
2013-12-27,16055.57,16110.38,16044.81,16072.21,67,6710
2013-12-30,16063.4,16096.68,16060.47,16089.83,28,6730
2013-12-31,16094.72,16183.79,16088.85,16143.66,538,7237
2014-01-02,16109.4,16143.66,16007.61,16039.91,634,7843
2014-01-03,16049.7,16100.6,15990.0,16058.51,775,8587
2014-01-06,16071.23,16120.17,15992.93,16017.4,294,8649
2014-01-07,16032.08,16141.7,16009.57,16104.51,340,8430
2014-01-08,16118.21,16130.94,16012.51,16058.51,89,8418
2014-01-09,16032.08,16118.21,15973.36,16042.85,19,8424
2014-01-10,16048.72,16109.4,15973.36,16033.06,39,8418
2014-01-13,16023.27,16041.87,15841.22,15869.61,1571,9497
2014-01-14,15876.46,15958.68,15840.25,15952.8,357,9562
2014-01-15,15949.87,16095.7,15944.97,16059.49,1393,10600
2014-01-16,16065.36,16076.13,15973.36,15977.27,53,10596
2014-01-17,15989.02,16081.02,15976.29,16048.72,36,10616
2014-01-21,16043.83,16135.83,15909.74,16007.61,323,10861
2014-01-22,15989.02,16033.06,15934.21,15970.42,149,10788
2014-01-23,15975.31,16004.68,15738.45,15807.95,337,10796
2014-01-24,15810.88,15835.35,15462.44,15480.06,877,10851
2014-01-27,15460.49,15547.6,15390.99,15451.68,350,10701
2014-01-28,15479.08,15582.83,15440.91,15538.79,134,10720
2014-01-29,15596.53,15642.54,15307.8,15364.57,368,10970
2014-01-30,15390.99,15503.55,15335.21,15398.82,197,10997
2014-01-31,15386.1,15417.42,15221.67,15298.01,88,10751
2014-02-03,15308.78,15361.63,14965.23,14967.19,1367,12336
2014-02-04,15004.38,15077.79,14960.34,15012.21,1936,12536
2014-02-05,14972.09,15082.69,14955.45,15040.6,546,12585
2014-02-06,15063.11,15239.29,15052.34,15218.73,2095,12777
2014-02-07,15232.44,15413.51,15147.28,15404.7,2586,12855
2014-02-10,15398.82,15423.29,15350.87,15404.7,75,12901
2014-02-11,15427.21,15630.79,15403.72,15590.66,848,13379
2014-02-12,15580.87,15665.05,15562.28,15604.36,84,13369
2014-02-13,15594.58,15665.05,15485.93,15639.6,40,13305
2014-02-14,15634.71,15802.07,15574.02,15784.46,299,13313
2014-02-18,15766.84,15842.2,15738.45,15764.88,52,13313
2014-02-19,15752.16,15851.01,15669.94,15675.81,45,13327
2014-02-20,15695.39,15792.29,15608.28,15758.03,241,13306
2014-02-21,15769.77,15827.52,15738.45,15751.18,146,13290
2014-02-24,15753.14,15931.27,15702.24,15842.2,319,13274
2014-02-25,15846.12,15885.27,15777.6,15843.18,42,13273
2014-02-26,15855.91,15897.01,15797.18,15834.37,42,13272
2014-02-27,15846.12,15940.08,15760.97,15926.38,30,13266
2014-02-28,15913.65,16036.98,15870.59,15960.63,309,13417
2014-03-03,15845.14,15867.65,15718.88,15805.01,101,13441
2014-03-04,15821.65,16056.55,15821.65,16033.06,261,13358
2014-03-05,16017.4,16055.57,15983.14,16007.61,87,13365
2014-03-06,16022.29,16085.91,15997.83,16066.34,40,13365
2014-03-07,16082.98,16157.36,16041.87,16098.64,321,13447
2014-03-10,16071.23,16108.43,15983.14,16064.38,229,13268
2014-03-11,16065.36,16100.6,15978.25,15989.02,57,13245
2014-03-12,15962.59,16012.51,15914.63,15991.95,1595,12374
2014-03-13,16054.86,16054.86,15745.26,15771.79,1142,12797
2014-03-14,15780.64,15818.97,15705.94,15717.74,618,12696
2014-03-17,15701.03,15927.08,15641.08,15888.75,2136,13099
2014-03-18,15894.65,16020.46,15855.34,15983.11,2150,14115
2014-03-19,15977.21,16010.63,15769.83,15862.22,2596,14154
2014-03-20,15863.2,15996.87,15803.25,15986.06,1432,14109
2014-03-21,15977.21,16094.17,15936.91,15942.81,162,3213
2014-03-24,15949.69,16020.46,15858.29,15924.14,80,3226
2014-03-25,15936.91,16049.94,15916.27,16018.49,67,3249
2014-03-26,16045.03,16104.0,15897.6,15901.53,141,3256
2014-03-27,15907.43,15949.69,15843.54,15904.48,135,3252
2014-03-28,15932.0,16054.86,15917.26,15961.48,90,3234
2014-03-31,16015.54,16113.83,16007.68,16092.2,522,3564
2014-04-01,16108.91,16202.28,16080.41,16166.9,303,3804
2014-04-02,16175.75,16221.94,16153.14,16204.25,24,3798
2014-04-03,16203.27,16246.51,16172.8,16218.01,54,3797
2014-04-04,16233.73,16287.79,16035.2,16075.5,67,3783
2014-04-07,16046.01,16064.68,15897.6,15900.55,437,3658
2014-04-08,15924.14,15941.83,15833.71,15902.51,610,4136
2014-04-09,15920.21,16087.29,15898.58,16079.43,224,4326
2014-04-10,16095.15,16102.03,15804.23,15833.71,1428,5319
2014-04-11,15840.59,15870.08,15666.63,15706.93,849,5822
2014-04-14,15667.61,15824.87,15641.08,15819.95,29,5819
2014-04-15,15820.94,15962.47,15720.69,15927.08,71,5825
2014-04-16,15958.54,16079.43,15946.74,16050.92,109,5883
2014-04-17,16014.56,16099.08,16001.78,16062.72,555,5433
2014-04-21,16079.43,16108.91,16059.77,16090.24,35,5435
2014-04-22,16071.56,16212.11,16062.72,16175.75,61,5442
2014-04-23,16177.71,16207.2,16133.48,16177.71,72,5438
2014-04-24,16203.27,16227.84,16108.91,16149.21,39,5449
2014-04-25,16125.62,16131.52,15990.97,16044.04,53,5445
2014-04-28,16045.03,16148.23,15966.4,16115.79,236,5399
2014-04-29,16126.6,16207.2,16111.86,16184.59,111,4933
2014-04-30,16178.69,16241.6,16151.17,16227.84,50,4921
2014-05-01,16227.84,16250.44,16177.71,16205.23,35,4939
2014-05-02,16205.23,16261.25,16137.41,16164.93,57,4944
2014-05-05,16161.0,16197.37,16030.28,16161.99,155,4946
2014-05-06,16184.59,16204.25,16054.86,16079.43,71,4787
2014-05-07,16069.6,16192.45,16030.28,16185.57,148,4831
2014-05-08,16174.76,16280.91,16161.0,16226.85,191,4822
2014-05-09,16207.2,16271.08,16172.8,16243.56,683,5158
2014-05-12,16261.25,16379.2,16258.31,16369.37,560,4902
2014-05-13,16377.23,16405.73,16368.38,16389.02,80,4908
2014-05-14,16387.06,16406.72,16276.0,16302.53,62,4901
2014-05-15,16305.48,16333.0,16084.34,16139.38,600,4864
2014-05-16,16135.45,16192.45,16097.12,16182.63,73,4840
2014-05-19,16197.37,16212.11,16106.95,16198.35,36,4856
2014-05-20,16187.54,16219.97,16035.2,16056.82,61,4844
2014-05-21,16054.86,16231.77,16047.98,16216.04,201,4784
2014-05-22,16218.99,16274.03,16187.54,16244.55,573,4794
2014-05-23,16250.44,16305.48,16239.63,16301.55,48,4797
2014-05-27,16325.14,16378.21,16305.48,16368.38,179,4884
2014-05-28,16364.45,16403.77,16320.22,16342.83,14,4879
2014-05-29,16342.83,16396.89,16325.14,16394.92,34,4876
2014-05-30,16374.28,16418.51,16354.62,16417.53,44,4878
2014-06-02,16425.39,16457.82,16389.02,16435.22,1557,6386
2014-06-03,16431.29,16439.15,16393.94,16426.37,1240,7592
2014-06-04,16417.53,16443.08,16378.21,16431.29,26,7578
2014-06-05,16435.22,16546.28,16418.51,16529.57,90,7580
2014-06-06,16555.13,16644.57,16528.59,16641.62,176,7646
2014-06-09,16643.58,16669.14,16619.99,16645.55,535,7387
2014-06-10,16631.79,16660.29,16600.34,16651.45,210,7401
2014-06-11,16647.51,16652.43,16530.55,16565.94,129,7415
2014-06-12,16566.92,16566.92,16422.83,16460.33,2046,7694
2014-06-13,16465.27,16496.85,16423.82,16479.09,60,7693
2014-06-16,16477.11,16511.66,16408.03,16484.02,3639,8904
2014-06-17,16486.98,16540.28,16437.63,16510.67,569,8914
2014-06-18,16519.55,16615.29,16457.37,16598.51,245,8924
2014-06-19,16594.56,16622.19,16561.0,16613.31,2458,9066
2014-06-20,16604.43,16674.5,16596.53,16637.99,167,3274
2014-06-23,16637.99,16688.32,16585.68,16620.22,267,3298
2014-06-24,16606.4,16659.7,16501.79,16533.37,38,3297
2014-06-25,16519.55,16580.74,16477.11,16552.12,73,3301
2014-06-26,16559.03,16566.92,16447.5,16543.24,53,3307
2014-06-27,16551.13,16561.0,16472.18,16538.3,38,3291
2014-06-30,16549.16,16561.0,16501.79,16521.53,60,3301
2014-07-01,16533.37,16694.24,16533.37,16655.75,44,3293
2014-07-02,16661.67,16682.4,16654.76,16678.45,90,3315
2014-07-03,16673.52,16768.26,16667.59,16754.45,58,3310
2014-07-07,16756.42,16759.38,16689.31,16724.84,51,3320
2014-07-08,16720.89,16728.78,16580.74,16639.96,37,3315
2014-07-09,16636.01,16699.18,16622.19,16692.27,165,3303
2014-07-10,16694.24,16697.2,16506.72,16622.19,96,3330
2014-07-11,16614.3,16670.55,16570.87,16660.69,57,3287
2014-07-14,16661.67,16792.94,16658.71,16756.42,54,3293
2014-07-15,16762.34,16820.57,16718.92,16766.29,149,3288
2014-07-16,16776.16,16842.28,16771.22,16834.39,48,3296
2014-07-17,16823.53,16857.09,16668.58,16719.9,274,3448
2014-07-18,16679.44,16825.51,16616.27,16809.71,168,3433
2014-07-21,16793.92,16793.92,16691.28,16761.35,130,3427
2014-07-22,16770.24,16847.22,16756.42,16810.7,31,3429
2014-07-23,16821.56,16842.28,16773.2,16802.81,24,3431
2014-07-24,16811.69,16839.32,16744.58,16776.16,52,3439
2014-07-25,16752.47,16781.09,16630.09,16670.55,56,3423
2014-07-28,16653.78,16709.05,16590.61,16695.23,30,3442
2014-07-29,16691.28,16768.26,16618.25,16625.15,38,3449
2014-07-30,16641.93,16704.11,16535.34,16601.47,59,3440
2014-07-31,16600.48,16600.48,16274.79,16278.74,67,3422
2014-08-01,16306.37,16331.04,16160.3,16201.75,177,3449
2014-08-04,16224.45,16304.4,16171.16,16270.84,43,3447
2014-08-05,16254.06,16282.68,16092.2,16152.41,1054,4462
2014-08-06,16149.45,16215.57,16061.61,16181.03,38,4466
2014-08-07,16193.86,16242.22,16072.46,16107.99,222,4438
2014-08-08,16067.53,16284.66,15998.44,16263.93,65,4174
2014-08-11,16289.59,16358.68,16289.59,16299.46,1872,5747
2014-08-12,16321.17,16342.89,16255.05,16303.41,213,5946
2014-08-13,16353.74,16414.93,16329.07,16402.1,25,5949
2014-08-14,16408.03,16470.2,16382.37,16464.28,39,5948
2014-08-15,16465.27,16521.53,16319.2,16413.95,53,5939
2014-08-18,16470.2,16587.65,16468.23,16573.83,81,5934
2014-08-19,16594.56,16679.44,16594.56,16660.69,568,5952
2014-08-20,16656.74,16743.59,16636.01,16728.78,274,5953
2014-08-21,16725.82,16826.49,16718.92,16793.92,110,5958
2014-08-22,16802.81,16817.61,16748.52,16771.22,1828,5970
2014-08-25,16798.86,16881.76,16798.86,16833.4,105,5991
2014-08-26,16829.45,16906.44,16816.62,16873.87,643,5783
2014-08-27,16880.77,16893.6,16857.09,16869.92,2954,5791
2014-08-28,16863.01,16874.85,16788.0,16854.13,62,5775
2014-08-29,16874.85,16909.4,16802.81,16862.02,230,5974
2014-09-02,16862.02,16904.46,16782.08,16830.44,278,6176
2014-09-03,16834.39,16927.16,16826.49,16850.18,76,6151
2014-09-04,16844.26,16926.17,16797.87,16856.1,51,6154
2014-09-05,16863.01,16906.44,16778.13,16893.6,47,6164
2014-09-08,16884.72,16911.37,16852.15,16876.83,60,6161
2014-09-09,16874.85,16896.57,16763.33,16811.69,342,6207
2014-09-10,16788.99,16847.22,16748.52,16835.38,1733,6901
2014-09-11,16815.54,16841.33,16756.03,16820.5,4360,9819
2014-09-12,16822.48,16835.37,16711.4,16766.94,497,9844
2014-09-15,16714.38,16825.46,16704.46,16803.64,284,10015
2014-09-16,16805.62,16939.51,16761.98,16913.72,3813,12088
2014-09-17,16915.71,16989.1,16870.09,16928.6,3813,12716
2014-09-18,16994.06,17056.54,16964.31,17036.7,1154,13003
2014-09-19,17064.47,17134.89,17038.69,17070.43,441,5206
2014-09-22,17055.55,17081.33,16940.5,16958.35,83,5216
2014-09-23,16950.42,16968.27,16790.74,16823.47,210,5346
2014-09-24,16820.5,17003.98,16803.64,16998.03,679,5874
2014-09-25,16991.08,17005.96,16731.24,16760.99,897,6508
2014-09-26,16784.79,16924.63,16743.14,16889.92,1094,7466
2014-09-29,16885.96,16894.88,16706.44,16840.33,243,7467
2014-09-30,16840.33,16919.68,16794.71,16825.46,44,7466
2014-10-01,16814.55,16843.31,16557.68,16602.31,671,7584
2014-10-02,16601.32,16637.02,16458.5,16586.44,30,7583
2014-10-03,16618.18,16800.66,16568.59,16781.82,112,7593
2014-10-06,16820.5,16875.05,16711.4,16763.97,149,7559
2014-10-07,16744.13,16762.98,16486.27,16514.04,300,7649
2014-10-08,16516.02,16785.79,16453.54,16763.97,91,7665
2014-10-09,16757.02,16807.61,16401.97,16473.38,273,7839
2014-10-10,16452.55,16542.8,16293.87,16301.8,136,7685
2014-10-13,16252.21,16379.16,16087.58,16098.49,108,7716
2014-10-14,16120.31,16245.27,16066.75,16121.3,66,7719
2014-10-15,16174.85,16192.7,15640.29,15875.34,1117,8403
2014-10-16,15891.21,15997.33,15656.15,15883.27,1308,9127
2014-10-17,15928.89,16205.6,15889.22,16174.85,791,9200
2014-10-20,16245.27,16281.96,16046.91,16196.67,287,8877
2014-10-21,16213.53,16421.8,16076.67,16410.9,1759,10387
2014-10-22,16392.05,16460.48,16250.23,16289.9,146,10472
2014-10-23,16309.73,16557.68,16269.07,16476.35,259,10656
2014-10-24,16478.34,16603.3,16380.15,16598.34,53,10645
2014-10-27,16606.27,16657.85,16518.01,16618.18,106,10704
2014-10-28,16619.17,16800.66,16617.18,16796.7,298,10918
2014-10-29,16774.88,16850.25,16686.61,16784.79,411,11267
2014-10-30,16792.73,17003.98,16693.55,16973.23,322,11258
2014-10-31,16970.26,17211.26,16965.3,17168.61,398,11260
2014-11-03,17166.63,17192.41,17126.96,17142.82,255,11080
2014-11-04,17132.91,17182.5,17073.4,17162.66,1842,11070
2014-11-05,17153.73,17280.68,17148.78,17269.77,281,11084
2014-11-06,17228.12,17367.96,17226.13,17360.02,38,11093
2014-11-07,17365.97,17401.68,17296.55,17357.05,256,10919
2014-11-10,17363.99,17420.52,17330.27,17408.62,23,10909
2014-11-11,17401.68,17457.22,17385.81,17423.5,29,10905
2014-11-12,17410.6,17435.4,17341.18,17432.42,53,10924
2014-11-13,17421.51,17514.74,17405.65,17451.27,433,11026
2014-11-14,17453.25,17491.93,17432.42,17459.2,17,11026
2014-11-17,17396.72,17494.9,17368.95,17472.09,477,11035
2014-11-18,17469.12,17549.45,17456.23,17506.81,288,10780
2014-11-19,17490.94,17529.62,17450.27,17511.77,21,10783
2014-11-20,17512.76,17554.41,17415.56,17548.46,232,10588
2014-11-21,17552.43,17718.05,17533.58,17633.75,293,10688
2014-11-24,17648.63,17683.34,17623.84,17645.65,41,10684
2014-11-25,17655.57,17685.33,17618.88,17661.52,25,10698
2014-11-26,17671.44,17699.21,17628.79,17663.51,38,10703
2014-11-28,17672.43,17727.97,17612.93,17665.49,41,10698
2014-12-01,17604.0,17658.55,17557.39,17608.96,597,11105
2014-12-02,17618.88,17737.89,17617.88,17715.08,1049,11693
2014-12-03,17725.0,17767.64,17694.25,17749.79,2982,12143
2014-12-04,17752.77,17777.56,17658.55,17742.85,278,12134
2014-12-05,17741.86,17827.15,17737.89,17805.33,212,11482
2014-12-08,17786.49,17814.26,17653.59,17704.17,46,11474
2014-12-09,17714.09,17725.0,17480.03,17633.75,1451,12805
2014-12-10,17639.7,17658.55,17361.02,17397.71,1060,12526
2014-12-11,17459.44,17618.75,17388.75,17433.56,3120,13330
2014-12-12,17427.58,17430.57,17115.93,17116.93,3291,15284
2014-12-15,17118.92,17265.28,16981.51,17051.21,1042,15280
2014-12-16,17084.07,17285.2,16902.85,16933.72,3609,15724
2014-12-17,16973.55,17245.37,16944.67,17217.49,1344,15640
2014-12-18,17227.45,17662.56,17195.59,17649.62,1567,14009
2014-12-19,17653.6,17762.13,17618.75,17684.47,915,3947
2014-12-22,17684.47,17847.76,17671.53,17819.88,788,4392
2014-12-23,17840.79,17942.35,17817.89,17898.54,195,4482
2014-12-24,17894.56,17947.33,17891.57,17910.49,12,4475
2014-12-26,17942.35,17972.22,17922.44,17934.39,14,4474
2014-12-29,17938.37,17956.29,17864.69,17904.52,50,4487
2014-12-30,17919.45,17927.42,17818.89,17863.69,52,4478
2014-12-31,17862.7,17905.51,17668.54,17675.51,181,4623
