,Open,High,Low,Close,Volume,OpenInterest
1978-01-03,102.565,103.521,102.452,103.352,1121,7757
1978-01-04,103.465,104.027,103.465,103.465,833,7960
1978-01-05,103.465,103.465,101.778,101.834,924,7992
1978-01-06,101.44,102.003,100.878,101.609,909,8080
1978-01-09,101.778,102.115,101.665,102.003,521,7864
1978-01-10,101.89,102.115,101.047,101.778,609,7903
1978-01-11,102.003,102.509,101.721,102.452,340,7971
1978-01-12,102.565,102.565,102.059,102.227,373,8037
1978-01-13,101.89,101.89,100.765,101.553,371,8029
1978-01-16,101.272,102.003,101.047,102.003,354,8030
1978-01-17,102.115,103.015,102.115,102.79,864,8147
1978-01-18,102.79,103.127,102.452,103.127,522,8164
1978-01-19,103.127,103.127,102.509,102.902,398,8111
1978-01-20,102.509,102.902,102.34,102.677,373,8083
1978-01-23,102.902,103.689,102.565,103.689,540,8113
1978-01-24,103.465,104.589,103.465,104.589,893,8299
1978-01-25,104.814,105.939,104.814,105.939,1323,8547
1978-01-26,105.714,105.939,105.489,105.545,1257,8950
1978-01-27,105.714,106.445,105.714,106.107,518,9043
1978-01-30,106.276,106.613,105.545,105.601,1025,9271
1978-01-31,106.838,108.975,106.838,108.919,2436,10125
1978-02-01,109.313,111.112,109.313,110.212,2726,10988
1978-02-02,109.762,111.168,109.313,110.268,1399,11293
1978-02-03,109.537,109.987,108.975,109.537,949,11408
1978-02-06,110.55,110.887,110.1,110.437,898,11495
1978-02-07,110.1,111.562,109.65,111.449,1318,11907
1978-02-08,112.012,112.574,111.562,111.674,2062,12140
1978-02-09,112.012,112.237,110.775,112.068,1448,12152
1978-02-10,112.237,113.867,112.237,113.586,2655,12756
1978-02-13,114.711,115.385,113.923,114.373,2179,12964
1978-02-14,114.373,114.711,112.911,113.811,1828,13085
1978-02-15,114.148,115.779,113.811,115.61,2990,13633
1978-02-16,115.273,116.51,115.273,116.454,1700,13915
1978-02-17,116.06,116.173,115.385,115.61,1246,14189
1978-02-21,114.711,114.711,113.361,114.148,1588,14328
1978-02-22,114.148,116.06,114.148,115.948,2485,14674
1978-02-23,115.948,116.96,115.667,115.667,2258,14809
1978-02-24,115.273,115.273,113.699,114.092,2227,14866
1978-02-27,113.586,114.43,112.743,114.317,1603,14901
1978-02-28,114.261,115.442,114.148,115.161,1603,14966
1978-03-01,115.61,116.735,115.329,116.735,2276,15473
1978-03-02,116.51,117.016,116.398,116.51,2124,15633
1978-03-03,116.285,118.197,116.285,118.197,2110,15730
1978-03-06,118.647,121.571,118.647,121.571,3602,15942
1978-03-07,123.033,124.945,123.033,124.945,2964,15892
1978-03-08,126.407,127.419,124.832,126.463,2682,16170
1978-03-09,126.182,127.419,124.607,124.776,2744,16254
1978-03-10,124.157,125.957,123.258,125.957,2078,16278
1978-03-13,126.632,129.218,126.632,128.431,2781,16683
1978-03-14,128.431,128.656,127.644,128.656,1937,16892
1978-03-15,127.081,128.656,126.182,127.869,2312,17167
1978-03-16,128.206,128.206,124.495,124.495,3196,17393
1978-03-17,124.382,125.282,121.571,123.145,2630,17016
1978-03-20,123.708,125.057,123.708,123.82,2117,16675
1978-03-21,122.583,122.92,121.683,122.133,2366,16581
1978-03-22,125.507,125.507,125.507,125.507,461,16657
1978-03-23,126.519,126.632,125.113,126.013,2702,16936
1978-03-27,125.395,127.081,125.395,126.519,2090,16912
1978-03-28,126.294,126.857,125.17,126.519,1413,16992
1978-03-29,125.057,125.732,123.145,123.82,3027,17189
1978-03-30,122.583,123.483,120.446,120.446,2511,17265
1978-03-31,119.209,122.92,118.534,122.639,2837,17063
1978-04-03,122.471,123.033,120.278,120.334,1913,17025
1978-04-04,119.659,120.109,118.197,119.378,2402,16769
1978-04-05,119.884,121.458,119.884,121.009,1400,16567
1978-04-06,121.458,123.145,121.458,123.089,1682,16464
1978-04-07,123.708,124.832,123.483,124.157,2145,16424
1978-04-10,125.057,125.507,122.583,122.639,1455,16436
1978-04-11,123.089,123.82,121.233,121.233,2150,16643
1978-04-12,120.896,124.045,120.559,124.045,1719,16553
1978-04-13,124.382,125.17,123.258,124.382,1660,16674
1978-04-14,125.507,125.619,124.157,124.832,867,16691
1978-04-17,124.382,124.607,123.033,124.326,905,16648
1978-04-18,124.27,125.057,123.595,125.057,1382,16545
1978-04-19,125.619,126.632,124.607,125.788,3010,16085
1978-04-20,125.395,125.395,124.326,125.17,1205,16001
1978-04-21,125.17,126.632,125.17,126.407,2168,16259
1978-04-24,126.069,126.182,124.72,125.113,1574,16255
1978-04-25,124.27,126.182,124.045,125.844,1819,16303
1978-04-26,126.182,126.857,125.507,126.8,2755,16938
1978-04-27,128.206,129.218,127.419,128.543,2441,16914
1978-04-28,128.656,131.355,128.656,131.186,2746,17392
1978-05-01,131.355,133.436,131.355,133.379,2916,17708
1978-05-02,132.48,133.267,132.142,133.098,1791,17782
1978-05-03,133.379,134.391,133.267,134.167,2264,17789
1978-05-04,133.379,134.785,133.267,134.785,1585,17877
1978-05-05,134.729,136.078,134.279,136.078,1747,18026
1978-05-08,136.303,137.765,136.303,136.922,1910,17982
1978-05-09,136.303,136.978,134.504,136.866,3836,17894
1978-05-10,136.528,136.528,135.516,135.966,1691,17992
1978-05-11,136.022,137.99,135.853,137.934,1784,17890
1978-05-12,138.103,140.015,137.878,139.452,2304,17752
1978-05-15,142.826,142.826,142.376,142.826,1677,17474
1978-05-16,143.276,145.975,141.701,144.569,3401,16889
1978-05-17,144.85,145.019,142.151,142.151,2845,16861
1978-05-18,141.926,144.176,140.914,144.007,2546,16993
1978-05-19,144.625,147.381,144.625,147.325,2104,17045
1978-05-22,146.987,149.349,145.525,147.662,1809,17291
1978-05-23,148.224,150.53,148.224,150.473,2698,17947
1978-05-24,151.148,151.823,150.024,150.755,2364,17921
1978-05-25,151.598,151.935,150.923,151.711,1749,17891
1978-05-26,152.273,152.385,148.505,149.799,3275,18233
1978-05-30,150.698,150.923,146.65,146.875,2273,18335
1978-05-31,145.75,145.975,143.501,143.557,3841,18656
1978-06-01,141.477,141.814,140.183,140.183,3107,18882
1978-06-02,136.809,137.203,136.809,136.809,3592,18856
1978-06-05,133.66,140.183,133.436,140.183,3232,18685
1978-06-06,142.376,143.501,139.677,139.677,4274,18562
1978-06-07,140.015,141.139,136.303,137.428,2872,18352
1978-06-08,136.641,138.328,134.954,138.215,2962,18267
1978-06-09,139.115,140.127,135.853,136.022,1822,18354
1978-06-12,137.765,137.99,132.929,133.042,1732,18244
1978-06-13,132.705,134.279,129.893,130.961,3422,17673
1978-06-14,128.206,129.218,127.644,127.812,3135,17979
1978-06-15,128.262,131.186,127.081,131.186,3960,18073
1978-06-16,133.436,133.436,132.086,133.211,1966,18302
1978-06-19,134.279,135.179,129.893,131.411,2127,18072
1978-06-20,129.387,132.03,128.431,132.03,2943,17843
1978-06-21,131.467,131.467,128.656,128.656,1707,17824
1978-06-22,125.282,125.282,125.282,125.282,962,17572
1978-06-23,123.708,128.656,123.708,128.15,2394,17552
1978-06-26,130.455,130.793,128.206,128.206,2168,17273
1978-06-27,129.331,129.331,125.507,125.507,2428,17357
1978-06-28,126.182,128.881,124.832,128.881,2896,17806
1978-06-29,130.512,132.255,130.512,132.255,2282,18066
1978-06-30,133.604,134.841,133.379,134.729,3154,18120
1978-07-03,136.528,137.878,135.966,137.765,2246,18414
1978-07-05,138.328,139.227,135.629,135.853,3448,18624
1978-07-06,136.528,136.978,134.673,135.741,2491,18759
1978-07-07,135.966,139.002,135.629,138.946,2769,18946
1978-07-10,138.271,142.264,137.878,140.914,2975,18845
1978-07-11,139.902,142.039,139.733,141.758,2296,18995
1978-07-12,142.545,143.613,142.545,143.276,3375,19367
1978-07-13,142.826,142.826,139.902,139.902,3152,19444
1978-07-14,139.452,141.139,137.765,139.002,2817,19869
1978-07-17,140.127,141.477,139.79,141.477,1846,19681
1978-07-18,141.027,141.027,138.103,138.103,2346,19624
1978-07-19,137.203,140.577,135.741,140.521,2918,19753
1978-07-20,143.894,143.894,142.32,143.894,3763,19478
1978-07-21,143.501,144.401,141.027,144.063,3279,19709
1978-07-24,144.85,144.85,142.32,143.163,4748,20248
1978-07-25,143.388,143.838,141.252,142.714,3716,19690
1978-07-26,142.826,144.288,142.601,143.726,3053,19452
1978-07-27,147.043,147.043,140.577,140.577,4479,19364
1978-07-28,141.252,143.332,141.252,143.332,2134,19453
1978-07-31,143.276,143.613,142.601,143.613,1550,19342
1978-08-01,141.139,141.926,140.239,140.239,2821,19354
1978-08-02,139.452,140.802,138.328,140.689,2262,19297
1978-08-03,140.239,141.364,140.015,141.252,1553,19396
1978-08-04,141.364,141.926,141.027,141.758,858,19226
1978-08-07,143.051,143.838,141.926,142.826,1647,19289
1978-08-08,140.577,140.577,139.452,140.408,1987,19297
1978-08-09,140.183,140.183,137.034,137.428,2452,19661
1978-08-10,136.978,137.878,135.741,136.078,2947,19653
1978-08-11,136.641,137.99,135.629,137.653,2048,19744
1978-08-14,137.653,138.103,136.303,137.147,2266,19494
1978-08-15,136.978,136.978,134.954,135.516,2646,19543
1978-08-16,134.504,137.653,134.504,137.147,2758,19762
1978-08-17,138.777,140.521,138.103,140.521,2995,19602
1978-08-18,141.589,141.645,140.689,140.97,1708,19336
1978-08-21,141.477,142.151,140.352,140.352,1559,19118
1978-08-22,140.352,141.701,140.239,141.139,854,19060
1978-08-23,140.633,142.826,140.633,142.657,2274,19456
1978-08-24,142.601,143.388,142.376,142.376,1705,19455
1978-08-25,142.826,145.075,142.826,145.075,2324,19400
1978-08-28,143.726,144.457,142.601,144.063,2183,19089
1978-08-29,143.501,146.2,143.501,146.087,2048,19074
1978-08-30,146.2,146.987,144.85,145.188,2332,18601
1978-08-31,145.075,146.425,144.063,144.738,1873,18414
1978-09-01,145.188,145.975,143.951,145.75,1252,18521
1978-09-05,146.2,146.537,145.3,146.087,1798,18527
1978-09-06,146.2,149.349,146.2,149.068,3725,18872
1978-09-07,148.899,150.923,148.787,150.361,3038,19215
1978-09-08,150.473,152.723,150.249,152.61,2366,19280
1978-09-11,151.711,153.173,151.261,152.16,2477,19448
1978-09-12,152.385,152.385,150.473,151.317,2439,19661
1978-09-13,151.598,153.173,151.373,152.273,2743,19644
1978-09-14,152.217,153.96,152.16,153.847,2869,19692
1978-09-15,150.473,151.935,150.473,150.473,3679,19895
1978-09-18,149.911,153.285,148.787,153.116,2974,19556
1978-09-19,153.285,155.197,152.723,152.948,2802,19559
1978-09-20,153.622,153.96,151.823,152.554,1774,19328
1978-09-21,155.647,155.647,152.498,153.06,3382,19411
1978-09-22,152.273,152.498,149.911,150.53,3101,19466
1978-09-25,150.249,151.261,149.574,149.686,1813,19299
1978-09-26,150.024,150.473,148.337,150.361,2146,19240
1978-09-27,156.097,156.546,154.072,154.241,2108,19168
1978-09-28,153.96,154.747,152.723,154.241,2653,19248
1978-09-29,153.51,154.522,153.397,153.904,1471,19189
1978-10-02,154.185,157.277,153.622,156.771,3085,19450
1978-10-03,156.771,157.671,155.872,156.097,2221,19605
1978-10-04,156.546,157.896,156.546,156.94,2357,19560
1978-10-05,156.996,157.671,155.422,157.559,2361,19837
1978-10-06,157.446,157.671,155.759,155.815,2135,19629
1978-10-09,156.434,157.671,156.097,157.221,1482,19829
1978-10-10,157.559,157.671,154.297,154.522,2819,19607
1978-10-11,153.847,155.759,153.229,155.703,2695,19363
1978-10-12,154.747,154.747,152.329,153.735,2936,19033
1978-10-13,155.534,155.759,150.811,151.092,3877,18704
1978-10-16,150.249,151.823,149.686,150.08,2453,18329
1978-10-17,150.811,151.373,149.911,150.698,1931,18223
1978-10-18,151.261,151.373,150.249,151.148,1590,18109
1978-10-19,148.449,149.124,147.774,147.774,3786,18690
1978-10-20,147.887,147.887,144.625,144.625,3204,18640
1978-10-23,144.176,144.738,142.601,143.163,4521,18144
1978-10-24,143.051,145.75,142.826,145.525,2987,17783
1978-10-25,144.401,144.401,142.432,142.489,2183,17684
1978-10-26,142.489,145.075,142.376,144.513,2385,17851
1978-10-27,151.823,154.859,151.373,154.859,3251,17728
1978-10-30,155.422,156.097,153.622,154.185,3203,18067
1978-10-31,154.297,156.546,153.735,155.197,2903,18092
1978-11-01,152.948,154.41,151.823,151.823,3309,18064
1978-11-02,150.811,155.197,150.811,155.197,2799,17998
1978-11-03,156.097,158.571,155.759,156.434,2132,18173
1978-11-06,156.209,156.209,154.297,155.084,1231,18208
1978-11-08,154.747,156.771,153.622,153.847,2649,17811
1978-11-09,153.06,153.847,152.048,152.948,2645,17577
1978-11-10,153.397,155.084,153.397,154.916,1272,17578
1978-11-13,154.747,156.321,154.747,156.265,2373,17455
1978-11-14,155.647,157.221,155.197,156.659,2959,17543
1978-11-15,160.033,160.033,159.695,160.033,2940,17885
1978-11-16,160.033,162.169,160.033,161.945,3081,17819
1978-11-17,161.27,163.069,161.27,163.013,2047,18072
1978-11-20,162.169,163.744,161.945,163.294,3050,18216
1978-11-21,163.182,166.668,163.182,166.668,3137,19169
1978-11-22,168.467,168.692,167.68,168.692,2804,19757
1978-11-27,168.467,168.917,167.793,168.917,2457,20041
1978-11-28,168.524,170.267,167.062,168.58,3252,20485
1978-11-29,167.118,169.986,167.005,169.986,1985,20644
1978-11-30,169.03,169.817,168.355,169.704,1851,20933
1978-12-01,169.255,172.01,169.03,171.897,2678,21424
1978-12-04,172.066,172.966,171.616,172.066,2623,21861
1978-12-05,170.267,171.841,169.929,171.56,2135,22307
1978-12-06,170.717,171.391,170.042,170.885,2163,22722
1978-12-07,169.929,172.572,169.929,172.46,2417,22406
1978-12-08,172.291,172.291,170.604,171.729,2195,22672
1978-12-11,170.604,170.604,168.411,169.479,2839,23110
1978-12-12,168.692,170.267,168.242,169.592,2295,23335
1978-12-13,169.367,170.941,169.367,170.154,2728,23690
1978-12-14,170.941,171.729,170.379,170.829,2652,24012
1978-12-15,169.592,171.729,169.592,171.391,1442,24223
1978-12-18,171.279,172.516,171.166,171.448,2283,24178
1978-12-19,170.717,171.166,169.255,169.817,2729,23832
1978-12-20,168.917,169.817,168.692,169.479,2169,23943
1978-12-21,169.367,169.367,168.467,168.917,1926,23844
1978-12-22,165.543,167.118,165.543,165.881,3266,24036
1978-12-26,166.555,168.017,165.656,166.331,3911,24541
1978-12-27,164.644,167.005,164.644,166.78,1743,24575
1978-12-28,167.118,168.636,167.118,168.411,2335,24564
1978-12-29,169.03,171.785,169.03,171.785,2398,24784
1979-01-02,171.504,171.504,170.042,171.391,2285,24679
1979-01-03,172.066,174.54,172.066,174.428,4158,24657
1979-01-04,174.203,174.203,171.954,173.247,2731,24296
1979-01-05,173.078,176.396,173.078,176.002,3710,24599
1979-01-08,177.127,177.239,173.865,174.596,2793,24634
1979-01-09,175.44,176.115,174.54,176.002,3955,24224
1979-01-10,175.44,175.44,172.628,173.865,5614,23774
1979-01-11,174.99,175.215,171.729,171.841,4262,23933
1979-01-12,171.841,173.865,171.729,173.416,2914,23757
1979-01-15,174.878,175.327,173.641,174.034,1555,23819
1979-01-16,173.191,175.327,172.741,175.271,1774,23864
1979-01-17,175.834,176.565,175.215,175.327,2494,23453
1979-01-18,175.777,175.777,174.428,175.046,1948,22954
1979-01-19,175.103,176.002,174.54,175.946,2440,22907
1979-01-22,176.34,178.533,176.34,177.127,2785,22803
1979-01-23,176.789,177.239,176.115,176.958,1967,22773
1979-01-24,177.97,179.151,177.689,179.095,2157,22993
1979-01-25,178.027,179.376,177.802,178.701,1955,23081
1979-01-26,178.589,179.938,178.364,179.882,2114,23563
1979-01-29,180.838,182.131,180.726,181.963,2678,23417
1979-01-30,181.963,181.963,180.613,181.119,2804,23528
1979-01-31,182.188,182.862,181.288,181.457,5000,24252
1979-02-01,180.726,180.894,178.083,178.42,4226,24308
1979-02-02,178.701,180.613,178.476,180.107,3519,24348
1979-02-05,178.814,178.814,176.733,176.733,3458,23977
1979-02-06,176.565,179.489,176.565,179.32,3041,23868
1979-02-07,179.601,180.051,177.914,179.657,3409,23971
1979-02-08,180.388,181.513,180.051,181.4,3680,23974
1979-02-09,181.738,182.188,179.713,179.77,3604,23393
1979-02-12,180.501,180.501,178.251,178.645,2706,23386
1979-02-13,178.476,180.276,178.364,179.995,2308,23168
1979-02-14,181.963,182.188,180.613,181.4,3075,23266
1979-02-15,181.4,182.413,180.838,182.356,2360,23306
1979-02-16,182.413,182.862,181.85,182.806,1769,23605
1979-02-20,183.312,184.774,183.256,184.437,2466,23410
1979-02-21,185.337,187.361,185.112,187.136,2735,23539
1979-02-22,187.136,187.923,186.686,186.799,3311,23825
1979-02-23,186.686,190.172,186.236,190.172,4710,24535
1979-02-26,190.847,193.434,189.723,193.209,5147,24759
1979-02-27,193.209,196.47,192.984,195.908,4969,24815
1979-02-28,195.571,199.282,195.571,199.282,4936,25009
1979-03-01,200.181,202.656,199.844,202.656,4960,25257
1979-03-02,205.242,206.029,199.282,204.118,7506,25614
1979-03-05,204.905,205.58,203.893,204.455,5960,25542
1979-03-06,203.555,203.555,201.081,201.081,4927,25636
1979-03-07,198.045,204.455,197.82,204.455,7026,25994
1979-03-08,205.805,207.829,205.13,207.829,5867,25896
1979-03-09,207.716,208.953,205.242,207.941,4770,26059
1979-03-12,206.704,207.604,204.567,206.029,6817,26891
1979-03-13,205.355,207.267,204.68,205.805,6266,26586
1979-03-14,207.154,208.729,206.029,208.222,5466,26277
1979-03-15,208.279,208.953,205.805,205.917,4440,26296
1979-03-16,204.68,204.68,202.768,203.893,4302,26034
1979-03-19,204.455,207.267,204.455,206.929,3830,25742
1979-03-20,208.279,208.616,205.242,205.917,4921,25931
1979-03-21,205.917,206.592,203.78,205.692,3852,25619
1979-03-22,202.318,206.367,202.318,206.367,5535,25841
1979-03-23,206.367,209.741,206.367,209.741,6096,25563
1979-03-26,210.078,210.078,206.367,206.367,4416,25881
1979-03-27,196.92,197.932,196.92,196.92,3269,25359
1979-03-28,195.121,200.294,195.121,197.426,5491,24857
1979-03-29,198.045,198.101,194.109,194.221,5219,24542
1979-03-30,194.896,197.595,192.534,197.201,6320,25309
1979-04-02,196.47,197.932,195.121,195.571,4407,25133
1979-04-03,195.683,195.908,192.309,192.534,4879,24577
1979-04-04,192.984,195.908,192.984,195.908,4622,23760
1979-04-05,197.707,198.944,197.145,197.426,5293,23270
1979-04-06,197.37,200.181,197.37,199.001,4483,23317
1979-04-09,200.181,202.374,199.957,202.374,5916,22392
1979-04-10,203.105,203.105,200.181,202.487,5254,22264
1979-04-11,202.206,204.455,200.969,204.343,6326,22551
1979-04-12,205.805,207.604,205.692,206.817,5926,22317
1979-04-16,207.829,209.966,207.829,209.628,4882,21386
1979-04-17,208.729,209.853,207.829,209.066,5275,21054
1979-04-18,210.528,211.428,205.692,205.917,7752,21454
1979-04-19,205.917,207.716,205.917,207.379,5149,21123
1979-04-20,205.805,208.391,204.23,208.11,5269,21053
1979-04-23,206.817,208.054,205.805,206.817,3348,21757
1979-04-24,206.254,206.929,203.443,203.443,4320,21657
1979-04-25,200.744,203.893,200.744,203.105,6659,21378
1979-04-26,203.78,206.367,203.33,206.311,4949,20867
1979-04-27,207.604,207.941,203.049,203.78,5854,21356
1979-04-30,204.005,204.343,201.081,203.612,5040,21137
1979-05-01,204.23,205.467,202.881,203.949,4353,20771
1979-05-02,204.118,204.23,200.575,200.575,6461,21626
1979-05-03,199.844,201.025,197.314,198.944,6329,21294
1979-05-04,198.944,198.944,195.571,195.571,5520,21381
1979-05-07,193.996,196.358,193.434,193.996,6891,22083
1979-05-08,195.233,196.808,195.233,196.695,4906,22078
1979-05-09,196.358,197.257,193.321,193.321,3812,21875
1979-05-10,191.522,195.458,191.185,195.233,5230,21981
1979-05-11,195.121,195.121,191.859,192.815,4626,21914
1979-05-14,192.309,193.546,189.498,190.172,4621,21468
1979-05-15,187.923,188.317,186.799,187.867,6380,21414
1979-05-16,187.698,188.485,184.493,185.955,5555,21214
1979-05-17,186.124,187.023,183.537,184.381,4637,21096
1979-05-18,184.999,185.786,183.762,185.168,4366,20311
1979-05-21,186.686,188.542,186.068,188.542,2823,19771
1979-05-22,189.385,190.397,187.586,190.341,4397,19971
1979-05-23,188.71,190.285,188.261,190.116,3057,19976
1979-05-24,189.835,190.229,188.485,188.542,2003,19788
1979-05-25,188.71,188.823,185.393,187.698,3873,20139
1979-05-29,186.911,187.361,184.324,185.337,5026,20736
1979-05-30,183.875,183.875,181.963,181.963,5254,19923
1979-05-31,183.312,185.337,182.862,184.774,4274,19275
1979-06-01,183.087,183.312,181.4,181.4,3521,18936
1979-06-04,178.139,179.151,178.027,178.027,7122,18859
1979-06-05,175.777,177.914,174.765,177.014,5771,18927
1979-06-06,178.814,179.264,175.327,175.496,3966,19190
1979-06-07,174.878,177.689,174.765,177.239,2818,19274
1979-06-08,177.802,179.713,177.802,178.87,3697,19011
1979-06-11,180.388,180.951,178.251,179.095,4979,18581
1979-06-12,179.039,179.264,176.115,176.846,3943,18791
1979-06-13,176.452,177.014,173.472,173.472,4178,19206
1979-06-14,172.066,173.528,170.267,171.785,5353,19546
1979-06-15,171.841,172.066,170.042,171.56,3874,19605
1979-06-18,172.235,172.628,171.166,172.46,2544,19331
1979-06-19,171.504,171.504,169.086,169.086,2186,19561
1979-06-20,166.443,167.343,165.712,165.712,3652,19777
1979-06-21,165.881,167.118,162.844,165.6,4008,20070
1979-06-22,166.443,168.917,163.631,167.849,5479,20932
1979-06-25,168.692,168.692,165.712,165.937,3818,20866
1979-06-26,165.881,169.311,165.768,169.311,3799,21424
1979-06-27,170.941,172.685,170.941,172.685,5971,21858
1979-06-28,173.078,174.315,170.435,170.717,6326,21692
1979-06-29,172.291,174.09,171.054,174.09,4796,21811
1979-07-02,172.966,173.641,171.616,172.347,2278,21661
1979-07-03,172.966,175.721,172.966,175.552,4240,21102
1979-07-05,177.914,178.926,177.577,178.926,2753,20684
1979-07-06,178.814,182.3,177.127,179.601,5319,20890
1979-07-09,178.476,181.063,177.689,179.432,3488,20748
1979-07-10,177.802,181.063,177.239,180.951,4124,20667
1979-07-11,180.501,181.513,179.489,180.107,3004,20661
1979-07-12,181.738,183.481,181.738,183.481,3129,20448
1979-07-13,183.537,183.762,180.107,180.557,4004,20364
1979-07-16,180.444,183.931,179.713,183.931,4143,20617
1979-07-17,183.762,185.899,180.557,180.557,5005,20540
1979-07-18,178.589,179.376,177.183,177.577,5273,20135
1979-07-19,178.701,178.814,174.259,175.777,5288,19454
1979-07-20,175.89,176.002,172.403,172.516,4920,19507
1979-07-23,171.616,173.078,170.267,170.885,4204,19340
1979-07-24,170.379,172.853,170.267,171.672,3874,19347
1979-07-25,172.572,174.315,169.817,171.954,5914,20291
1979-07-26,173.641,173.641,168.58,168.58,8037,19758
1979-07-27,164.194,165.881,162.844,162.844,7402,19580
1979-07-30,162.619,162.957,159.527,161.832,6686,19368
1979-07-31,163.069,165.206,162.844,165.206,8351,19800
1979-08-01,165.768,165.768,162.057,162.788,6738,19715
1979-08-02,161.045,162.732,159.808,161.663,7490,20261
1979-08-03,163.631,165.037,163.238,165.037,4228,20092
1979-08-06,166.387,168.411,161.663,164.419,6173,19475
1979-08-07,163.069,165.543,161.27,164.812,5235,19479
1979-08-08,167.568,168.186,164.419,168.186,4920,19010
1979-08-09,169.142,171.56,169.03,171.56,3774,18775
1979-08-10,172.966,174.765,171.616,174.259,4582,18175
1979-08-13,175.552,177.633,175.44,177.633,3814,17957
1979-08-14,179.882,181.007,178.139,180.051,5749,17711
1979-08-15,180.838,182.188,178.251,180.951,5850,17968
1979-08-16,179.826,184.324,179.601,184.268,5689,18025
1979-08-17,184.268,186.686,184.043,185.561,4077,17942
1979-08-20,185.561,186.461,182.188,182.188,3508,17618
1979-08-21,182.637,183.537,179.938,183.368,3842,16847
1979-08-22,183.875,186.349,182.3,182.356,3649,16957
1979-08-23,181.513,184.212,181.288,183.2,3554,17217
1979-08-24,182.75,185.786,182.525,185.674,4206,17458
1979-08-27,178.476,179.601,176.396,176.508,3545,17583
1979-08-28,174.878,175.215,173.134,175.046,4643,17205
1979-08-29,177.014,178.42,177.014,178.42,3208,17115
1979-08-30,181.625,181.794,180.838,181.794,5763,16947
1979-08-31,180.838,184.437,180.051,184.324,5337,16309
1979-09-04,185.449,187.023,183.312,184.999,5361,15678
1979-09-05,185.112,186.011,183.762,183.987,3900,15505
1979-09-06,184.212,187.361,183.875,187.361,5291,15172
1979-09-07,187.136,190.172,185.786,189.104,3732,15082
1979-09-10,188.036,190.285,187.586,188.148,3259,14723
1979-09-11,188.036,191.072,187.248,190.51,3712,14397
1979-09-12,191.185,192.534,187.136,188.148,3263,14320
1979-09-13,189.61,190.847,189.16,190.735,2510,14116
1979-09-14,190.847,190.96,189.273,189.835,1753,14043
1979-09-17,187.811,187.811,186.461,186.461,1941,13982
1979-09-18,187.136,189.385,186.236,186.911,3696,13488
1979-09-19,187.811,189.104,185.112,186.967,3056,13057
1979-09-20,184.774,185.899,184.212,184.718,2135,12949
1979-09-21,181.344,182.75,181.344,181.569,2192,12863
1979-09-24,180.276,182.975,178.589,178.701,2778,12879
1979-09-25,178.139,179.826,177.914,179.264,2208,12401
1979-09-26,178.926,182.413,178.926,180.838,2366,12118
1979-09-27,183.312,186.011,182.975,184.606,2097,12244
1979-09-28,184.606,187.361,184.606,187.361,3056,12425
1979-10-01,189.723,190.735,188.823,190.735,2038,12310
1979-10-02,194.109,194.109,187.923,188.373,4938,11881
1979-10-03,186.686,189.835,186.011,189.16,3559,12032
1979-10-04,187.811,188.373,185.786,185.786,2058,11945
1979-10-05,183.593,183.593,182.413,182.413,2959,11909
1979-10-08,180.276,185.449,180.276,184.324,2665,11990
1979-10-09,185.561,186.799,180.951,180.951,4042,12094
1979-10-10,179.151,184.324,178.814,184.324,3648,12365
1979-10-11,185.561,185.674,181.625,181.906,2552,12066
1979-10-12,180.838,180.838,178.533,178.533,3546,11799
1979-10-15,177.802,178.139,175.159,176.452,3871,11878
1979-10-16,176.452,179.826,176.452,179.826,3649,11772
1979-10-17,180.501,180.951,178.139,178.926,2711,11961
1979-10-18,179.713,182.3,179.713,182.3,3056,11924
1979-10-19,180.501,184.437,180.051,184.156,3340,12239
1979-10-22,184.324,185.561,183.312,185.337,2324,12134
1979-10-23,184.381,184.437,182.413,182.75,2179,12257
1979-10-24,181.513,181.513,179.376,179.376,2057,12740
1979-10-25,179.376,182.131,179.039,182.131,2976,13110
1979-10-26,182.188,183.312,178.758,179.039,3485,13340
1979-10-29,181.963,184.774,181.625,184.212,2822,13510
1979-10-30,184.999,187.023,182.637,186.855,3363,13580
1979-10-31,186.236,188.261,184.437,185.618,4349,13277
1979-11-01,186.461,188.261,185.337,188.148,3008,13493
1979-11-02,188.261,190.06,187.923,189.723,2379,13332
1979-11-05,190.06,193.096,189.385,191.409,4741,12771
1979-11-06,191.747,192.534,190.51,191.803,2053,12711
1979-11-07,192.534,195.121,192.534,195.064,2790,12687
1979-11-08,196.695,196.92,193.434,193.602,2201,12985
1979-11-09,192.984,195.683,192.422,195.458,2600,12690
1979-11-12,196.02,197.37,195.458,196.358,2054,12644
1979-11-13,195.346,196.47,194.109,195.177,2725,12425
1979-11-14,197.257,197.932,195.233,196.133,2310,12398
1979-11-15,197.482,197.82,195.458,195.908,2429,12525
1979-11-16,195.458,196.583,194.558,195.008,1994,12402
1979-11-19,194.783,194.783,191.634,191.634,2211,12237
1979-11-20,191.859,195.008,191.634,195.008,2667,11950
1979-11-21,196.808,197.033,195.008,196.133,2612,11984
1979-11-23,195.683,196.245,194.727,195.852,816,11969
1979-11-26,195.008,195.008,192.984,193.153,1707,12111
1979-11-27,192.759,192.871,191.185,191.522,2603,12276
1979-11-28,191.409,193.434,188.935,189.723,3206,12504
1979-11-29,189.498,192.309,189.385,191.747,2411,12738
1979-11-30,191.859,193.546,191.859,193.434,1982,12924
1979-12-03,194.333,195.346,192.871,193.434,2061,13639
1979-12-04,192.197,193.209,190.622,190.847,2358,13648
1979-12-05,189.61,192.647,189.498,191.972,2553,13414
1979-12-06,192.871,193.996,188.598,188.598,3498,13063
1979-12-07,188.823,189.61,186.686,186.742,3245,13293
1979-12-10,187.473,188.261,187.023,187.811,1684,13284
1979-12-11,186.799,191.185,186.686,190.96,2549,13386
1979-12-12,190.51,192.422,190.51,191.747,2910,13020
1979-12-13,192.084,192.084,189.723,189.835,1872,13076
1979-12-14,189.385,190.397,188.935,189.329,2268,13443
1979-12-17,189.16,191.972,189.16,191.916,2621,13734
1979-12-18,191.297,191.409,189.16,189.16,2032,13679
1979-12-19,190.06,191.016,188.992,190.51,2735,13824
1979-12-20,189.835,191.185,189.273,189.273,1457,13809
1979-12-21,189.329,190.622,189.273,190.06,780,13816
1979-12-26,191.072,191.859,189.835,190.454,1365,13814
1979-12-27,193.434,193.434,190.285,190.285,2437,14240
1979-12-28,190.06,191.634,189.61,191.409,2953,14558
1979-12-31,190.96,191.634,189.835,189.947,1796,14606
1980-01-02,189.61,193.321,188.71,192.871,3489,14606
1980-01-03,193.434,194.052,191.185,191.803,2469,14126
1980-01-04,192.309,193.209,190.96,191.409,2037,14170
1980-01-07,188.036,188.485,188.036,188.036,1835,14144
1980-01-08,187.361,190.735,186.686,189.666,7409,14623
1980-01-09,189.666,190.622,188.261,189.385,3763,14298
1980-01-10,189.835,191.522,189.723,191.128,3063,14272
1980-01-11,191.409,192.084,189.048,189.329,2691,14104
1980-01-14,188.485,188.71,186.236,187.08,4456,14337
1980-01-15,188.036,188.485,185.73,187.136,3454,14294
1980-01-16,186.911,188.598,186.124,187.811,2326,14290
1980-01-17,188.036,188.261,184.437,184.662,4322,14518
1980-01-18,184.887,185.337,182.525,182.694,3819,14267
1980-01-21,179.32,180.726,179.32,179.32,3167,14141
1980-01-22,179.039,180.838,175.946,179.489,6282,14549
1980-01-23,179.713,180.163,177.127,178.139,5251,14495
1980-01-24,178.251,181.513,178.251,180.726,4989,15399
1980-01-25,183.65,183.875,181.85,183.762,3905,14722
1980-01-28,184.662,184.887,182.356,183.537,2509,14854
1980-01-29,182.862,183.2,182.188,183.031,3016,15016
1980-01-30,183.65,186.011,182.413,185.618,4752,15028
1980-01-31,188.992,188.992,186.349,187.473,5732,15241
1980-02-01,186.236,187.811,185.561,187.586,3705,15511
1980-02-04,187.586,190.847,186.911,190.791,3601,15360
1980-02-05,191.185,191.522,189.385,190.172,3406,14891
1980-02-06,191.297,193.546,191.297,193.546,3378,14365
1980-02-07,192.871,195.233,192.422,193.209,4966,13857
1980-02-08,193.659,195.795,193.659,195.514,3097,13733
1980-02-11,195.683,197.033,194.558,195.571,2866,13767
1980-02-12,194.558,194.558,193.096,193.49,3050,13722
1980-02-13,194.558,195.795,194.221,195.514,2641,14048
1980-02-14,195.683,195.683,192.14,192.422,3671,13711
1980-02-15,192.928,193.096,189.835,189.947,2933,13562
1980-02-19,189.498,192.309,189.104,192.197,2987,13600
1980-02-20,191.297,192.759,190.735,191.353,2581,13484
1980-02-21,191.747,191.972,190.285,191.522,2010,13376
1980-02-22,190.96,190.96,188.148,188.148,3233,13704
1980-02-25,187.586,187.586,185.561,185.674,3896,13762
1980-02-26,186.124,186.911,184.212,184.324,2793,13988
1980-02-27,187.811,188.71,186.686,187.248,4162,13744
1980-02-28,188.036,190.397,188.036,190.285,4205,13927
1980-02-29,190.004,190.004,187.361,188.598,3401,13937
1980-03-03,189.048,191.409,188.935,191.297,3861,13702
1980-03-04,190.847,192.422,189.498,190.735,5181,13757
1980-03-05,190.51,190.791,188.373,189.16,3401,14025
1980-03-06,188.71,189.048,186.911,187.192,3763,14287
1980-03-07,185.786,186.011,183.818,183.818,7206,15030
1980-03-10,183.875,184.887,180.838,181.175,6584,14976
1980-03-11,181.288,183.087,180.726,181.063,4851,14453
1980-03-12,182.188,182.525,180.444,181.232,3985,14318
1980-03-13,182.413,183.425,181.85,182.3,3569,14386
1980-03-14,181.4,181.513,178.982,179.938,5523,14470
1980-03-17,179.264,179.376,176.565,176.621,4782,14324
1980-03-18,176.677,177.352,174.878,176.171,6630,14474
1980-03-19,175.44,177.689,175.327,176.846,4165,14559
1980-03-20,176.565,176.902,176.002,176.227,2855,14531
1980-03-21,172.853,173.528,172.853,172.853,1658,14338
1980-03-24,171.504,171.729,169.479,169.479,2711,14071
1980-03-25,169.479,170.379,166.106,167.736,6061,14521
1980-03-26,167.005,169.479,166.668,167.511,4988,14580
1980-03-27,167.736,168.13,164.362,164.362,4019,14291
1980-03-28,160.989,163.069,160.989,160.989,3345,14215
1980-03-31,159.47,160.033,157.615,157.615,7141,13975
1980-04-01,154.522,154.522,154.241,154.241,2039,14133
1980-04-02,150.867,150.867,150.867,150.867,1098,14764
1980-04-03,147.493,154.241,147.493,154.016,10780,14992
1980-04-07,157.39,157.39,157.39,157.39,1159,14620
1980-04-08,160.764,160.764,154.016,154.016,11867,13884
1980-04-09,151.767,153.173,150.642,152.723,7961,13029
1980-04-10,156.097,156.097,154.522,156.097,3880,12880
1980-04-11,155.872,159.47,155.647,159.47,4362,12293
1980-04-14,159.133,161.72,156.209,161.607,7289,12377
1980-04-15,160.82,161.832,159.808,160.707,4190,11956
1980-04-16,163.856,164.081,162.394,164.081,3336,11567
1980-04-17,163.744,163.969,160.707,160.707,4465,11766
1980-04-18,161.045,161.495,157.783,159.639,4544,11748
1980-04-21,161.045,163.013,158.346,163.013,3035,11648
1980-04-22,162.507,163.744,159.639,161.438,4992,11839
1980-04-23,160.707,162.732,159.695,162.001,4902,11804
1980-04-24,163.294,163.294,158.627,158.627,5426,12173
1980-04-25,159.47,159.808,155.253,156.209,5857,11781
1980-04-28,156.546,157.109,155.534,156.378,5133,11561
1980-04-29,156.209,158.233,154.522,154.859,5487,11692
1980-04-30,153.06,154.635,151.879,152.217,7030,11865
1980-05-01,152.723,153.397,151.148,151.711,6215,12096
1980-05-02,152.048,153.847,149.911,153.622,7000,12973
1980-05-05,153.173,156.884,152.948,156.771,6400,12898
1980-05-06,157.109,157.783,154.297,154.466,4335,12842
1980-05-07,154.522,157.84,154.522,157.84,4507,13073
1980-05-08,159.695,161.214,158.796,161.214,4950,12799
1980-05-09,161.157,164.194,160.595,164.081,5007,12722
1980-05-12,163.969,167.118,163.125,167.005,5585,12596
1980-05-13,165.318,165.993,163.969,164.25,4918,12371
1980-05-14,165.093,165.881,163.519,164.081,3663,12359
1980-05-15,160.707,161.157,160.707,160.707,1993,12179
1980-05-16,161.27,161.607,158.796,160.707,4586,12332
1980-05-19,161.382,163.182,161.382,162.282,2951,12145
1980-05-20,159.133,159.92,158.908,158.908,4077,12061
1980-05-21,159.92,160.707,157.896,158.065,3693,12253
1980-05-22,159.245,161.27,159.245,160.314,3147,12193
1980-05-23,159.92,160.37,159.47,160.201,1416,12284
1980-05-27,160.707,163.575,160.595,163.407,2550,12265
1980-05-28,164.644,165.318,162.732,164.081,3237,12459
1980-05-29,163.294,163.294,160.707,161.101,2899,12621
1980-05-30,161.945,162.957,160.258,162.844,2533,12841
1980-06-02,162.507,162.507,159.47,159.47,2663,12696
1980-06-03,156.884,159.021,156.097,158.739,4722,12304
1980-06-04,159.358,160.258,156.546,159.245,3821,12505
1980-06-05,159.47,160.033,158.571,158.796,1590,12357
1980-06-06,159.245,161.495,159.021,161.27,2533,12266
1980-06-09,161.607,164.587,161.607,164.081,3768,12049
1980-06-10,164.419,165.543,162.732,163.913,3352,12080
1980-06-11,165.093,167.005,164.644,166.837,4512,12231
1980-06-12,165.993,166.668,165.037,165.768,2503,12117
1980-06-13,166.668,168.917,166.668,167.511,3767,12283
1980-06-16,166.668,168.467,165.206,166.555,3357,12254
1980-06-17,165.543,169.929,165.431,169.929,3664,12597
1980-06-18,169.817,171.166,168.242,170.492,4120,12252
1980-06-19,170.042,170.042,167.118,167.343,2945,11971
1980-06-20,168.017,169.255,166.555,168.973,2331,11881
1980-06-23,172.347,172.347,172.347,172.347,840,11976
1980-06-24,174.99,175.215,173.303,174.315,4088,12310
1980-06-25,174.09,174.765,172.516,174.596,2881,12354
1980-06-26,174.596,174.596,171.616,172.122,3021,12340
1980-06-27,172.628,173.697,169.592,170.885,4151,12315
1980-06-30,169.255,170.267,168.636,169.536,3013,12347
1980-07-01,168.973,170.941,168.242,170.604,4617,13092
1980-07-02,172.066,173.978,172.066,173.978,3624,13356
1980-07-03,174.653,174.878,171.504,171.897,4103,13500
1980-07-07,173.191,173.416,168.524,169.142,5968,14120
1980-07-08,168.805,168.805,166.555,167.568,6117,14597
1980-07-09,167.118,170.267,166.724,169.761,7608,14521
1980-07-10,170.379,170.492,168.355,168.524,4682,14877
1980-07-11,169.479,169.592,167.905,168.299,3978,14497
1980-07-14,166.893,169.817,164.925,164.925,8510,14602
1980-07-15,162.619,163.969,161.551,162.338,7604,15014
1980-07-16,162.844,163.407,161.607,162.001,5568,14995
1980-07-17,162.844,163.407,161.945,163.013,5833,15163
1980-07-18,163.182,166.387,163.182,166.106,5807,15290
1980-07-21,165.093,169.479,165.093,169.255,6221,15351
1980-07-22,169.255,171.391,168.017,171.223,5730,14718
1980-07-23,172.403,174.596,171.841,174.596,7385,14757
1980-07-24,174.315,174.54,172.516,174.203,5145,14885
1980-07-25,175.103,177.577,175.103,177.577,5216,15618
1980-07-28,177.914,179.995,176.677,178.476,6389,15731
1980-07-29,175.103,177.014,175.103,176.902,7687,16042
1980-07-30,178.589,178.814,173.641,174.203,6008,15920
1980-07-31,173.753,174.99,172.403,173.922,5083,16434
1980-08-01,173.191,174.09,171.279,171.841,3614,16515
1980-08-04,172.403,174.709,172.403,174.54,3605,16023
1980-08-05,174.428,175.665,172.291,172.853,3650,15574
1980-08-06,172.403,172.853,171.054,171.56,2760,15310
1980-08-07,171.391,172.741,171.054,171.504,3106,14888
1980-08-08,172.853,174.765,172.853,174.653,3869,14318
1980-08-11,176.34,176.565,173.416,173.922,2970,13830
1980-08-12,173.865,173.978,170.548,170.885,4242,13497
1980-08-13,171.616,172.291,170.941,172.179,2125,13232
1980-08-14,170.717,175.103,170.098,172.741,3746,13017
1980-08-15,173.641,174.428,172.403,173.078,2432,12600
1980-08-18,173.865,174.315,169.704,169.761,3253,12455
1980-08-19,170.154,171.054,168.299,170.435,4431,11644
1980-08-20,170.492,170.941,169.704,169.873,3786,10292
1980-08-21,170.379,171.504,169.592,170.21,2487,10051
1980-08-22,169.255,170.042,169.03,169.761,1952,10111
1980-08-25,169.255,169.479,167.68,168.467,2086,9781
1980-08-26,169.311,170.267,168.58,170.042,2416,9700
1980-08-27,168.58,169.817,167.905,168.186,2156,9676
1980-08-28,168.242,169.704,167.905,169.198,1599,9550
1980-08-29,169.142,170.66,168.805,170.435,1790,9432
1980-09-02,171.391,173.809,170.941,173.753,3360,9464
1980-09-03,175.103,175.215,171.954,174.147,3148,9719
1980-09-04,174.315,174.765,172.46,174.596,2358,9592
1980-09-05,174.315,174.315,172.516,172.572,1311,9443
1980-09-08,172.516,174.54,171.616,172.628,2922,9422
1980-09-09,171.616,171.729,169.592,169.704,2633,9177
1980-09-10,169.704,170.717,169.255,169.311,1580,8999
1980-09-11,168.692,169.479,167.568,169.086,2232,8439
1980-09-12,168.411,169.986,168.13,169.255,1640,8302
1980-09-15,167.905,172.628,167.905,172.628,3394,8424
1980-09-16,172.291,174.878,171.616,174.878,3340,8400
1980-09-17,174.878,174.878,172.741,173.303,2828,8656
1980-09-18,173.528,174.203,171.954,172.403,1729,8512
1980-09-19,172.179,172.853,171.616,172.291,1320,8310
1980-09-22,172.066,172.179,169.592,169.929,1625,8185
1980-09-23,167.005,169.255,167.005,167.23,2778,8126
1980-09-24,167.568,170.042,167.399,169.929,2699,7939
1980-09-25,169.704,170.773,169.479,170.492,1804,8009
1980-09-26,170.042,170.604,168.355,168.411,2206,7917
1980-09-29,172.066,172.516,171.166,171.448,2443,7697
1980-09-30,172.628,174.09,172.403,173.472,2011,7586
1980-10-01,173.753,174.54,173.022,173.472,1585,7672
1980-10-02,173.078,173.078,170.717,170.998,2079,7881
1980-10-03,170.829,173.078,170.829,172.91,1665,7617
1980-10-06,173.528,176.283,173.528,176.283,2780,7785
1980-10-07,177.127,177.464,175.496,176.171,2469,7682
1980-10-08,176.565,179.545,175.271,179.545,3215,7989
1980-10-09,178.701,180.951,178.589,180.613,3363,8377
1980-10-10,180.276,180.501,178.87,179.432,1788,8304
1980-10-13,179.938,181.063,178.814,179.151,2125,8430
1980-10-14,178.701,179.151,177.071,177.239,1658,8440
1980-10-15,177.464,177.689,176.452,177.352,1749,8429
1980-10-16,177.464,178.814,176.115,178.083,1502,8542
1980-10-17,177.577,179.039,176.846,178.87,1368,8399
1980-10-20,178.251,179.826,176.902,178.027,2076,8281
1980-10-21,179.601,179.713,176.34,176.621,2149,8320
1980-10-22,176.902,178.027,175.215,176.058,2095,8338
1980-10-23,175.777,176.058,173.303,174.034,2654,8539
1980-10-24,173.978,175.44,173.865,174.934,1978,8594
1980-10-27,179.264,179.376,176.902,177.914,1919,8298
1980-10-28,178.251,178.758,177.352,177.689,1801,8156
1980-10-29,176.677,177.239,175.665,175.946,1851,8301
1980-10-30,176.002,176.677,175.103,175.215,2209,8538
1980-10-31,175.552,176.227,171.841,172.966,2669,8360
1980-11-03,173.753,174.315,171.897,173.922,3180,8111
1980-11-05,174.09,174.09,171.166,172.403,2991,7672
1980-11-06,171.616,174.203,171.616,173.753,2329,7528
1980-11-07,173.191,174.203,171.954,173.922,1930,7576
1980-11-10,173.191,173.191,170.548,170.548,2718,7584
1980-11-11,170.941,172.347,170.829,171.391,1515,7481
1980-11-12,171.166,173.416,171.166,172.741,1599,7601
1980-11-13,172.291,172.291,171.166,171.672,1702,7764
1980-11-14,173.865,174.09,172.966,173.416,2086,7898
1980-11-17,172.403,173.191,171.616,172.966,1316,7756
1980-11-18,172.516,172.741,170.717,172.066,1613,7901
1980-11-19,172.628,173.753,171.391,173.641,2613,8136
1980-11-20,173.753,176.789,173.753,176.227,2943,8163
1980-11-21,175.327,175.89,174.54,174.99,1882,8348
1980-11-24,175.327,175.89,174.09,174.315,1605,8266
1980-11-25,174.484,174.821,173.753,174.765,1004,8274
1980-11-26,173.865,173.865,173.078,173.247,1348,8423
1980-11-28,172.741,174.315,172.122,174.147,1154,8417
1980-12-01,173.753,175.665,172.066,172.291,1886,8369
1980-12-02,172.516,172.91,169.817,172.291,2605,8235
1980-12-03,172.066,172.853,171.279,172.853,1534,8316
1980-12-04,172.516,173.753,171.616,172.853,1201,8358
1980-12-05,172.741,172.741,169.929,170.379,3087,8566
1980-12-08,170.717,171.616,168.917,169.255,1989,8684
1980-12-09,168.917,168.917,165.881,167.005,3390,8619
1980-12-10,166.78,168.692,165.768,168.467,2797,8434
1980-12-11,168.017,168.017,165.093,165.093,2010,8556
1980-12-12,161.72,167.511,161.72,165.712,2995,8036
1980-12-15,166.443,169.086,166.106,167.624,1779,8163
1980-12-16,167.793,168.917,165.318,168.692,2933,8288
1980-12-17,168.805,169.479,168.017,168.242,1813,8361
1980-12-18,168.13,168.242,166.612,166.893,789,8370
1980-12-19,168.861,168.861,167.005,167.005,1255,8310
1980-12-22,167.793,167.793,166.78,167.118,1303,8323
1980-12-23,167.343,167.568,166.893,166.893,1120,8428
1980-12-24,163.519,164.419,163.519,163.856,610,8585
1980-12-29,168.692,171.335,168.242,171.223,1299,8607
1980-12-30,170.379,171.054,167.849,167.849,1541,8637
1980-12-31,168.692,171.223,168.242,171.223,1370,8620
1981-01-02,171.391,172.628,169.817,170.548,1373,8703
1981-01-05,171.391,173.922,171.054,172.741,1732,8778
1981-01-06,172.741,173.753,171.166,173.247,1715,9045
1981-01-07,172.853,172.853,169.873,171.166,2128,9045
1981-01-08,170.154,170.829,168.299,168.355,2119,8962
1981-01-09,168.355,169.367,166.106,166.668,3236,9426
1981-01-12,166.668,168.805,166.555,168.186,1720,9496
1981-01-13,168.58,170.267,168.58,169.929,1824,9469
1981-01-14,169.817,170.379,167.793,168.242,2199,9487
1981-01-15,167.905,169.255,167.005,168.861,1766,9384
1981-01-16,168.917,169.704,168.917,169.311,1135,9240
1981-01-19,169.03,169.817,168.242,169.086,1477,9289
1981-01-20,168.017,170.154,167.343,169.986,2204,9401
1981-01-21,170.154,170.267,168.13,168.186,2052,9409
1981-01-22,167.793,168.917,164.812,165.712,3223,9817
1981-01-23,165.206,165.431,163.238,163.407,2669,9928
1981-01-26,162.394,164.306,161.214,163.688,2781,10057
1981-01-27,165.318,165.712,162.394,163.013,2253,10204
1981-01-28,162.169,165.206,162.057,164.531,2153,10394
1981-01-29,163.744,163.913,162.732,163.407,1629,10363
1981-01-30,164.306,165.937,164.081,164.306,2218,10185
1981-02-02,163.294,163.407,160.932,160.932,2506,10513
1981-02-03,158.683,160.483,158.233,158.964,3402,10553
1981-02-04,159.021,161.382,158.571,160.033,2812,10644
1981-02-05,160.707,161.832,160.707,161.382,1589,10713
1981-02-06,162.619,164.756,162.619,164.587,2584,10637
1981-02-09,165.543,167.343,165.318,166.78,2999,10488
1981-02-10,166.106,166.443,165.093,166.106,2415,10286
1981-02-11,166.443,166.443,164.419,164.756,1608,10188
1981-02-12,164.081,164.869,163.125,163.969,2023,10416
1981-02-13,163.969,166.443,163.969,166.106,1803,10365
1981-02-17,164.981,169.255,164.981,166.837,3250,10105
1981-02-18,167.005,167.118,165.768,166.387,1364,10031
1981-02-19,166.387,167.568,165.206,166.837,1569,10058
1981-02-20,166.893,166.893,164.644,165.431,2040,10089
1981-02-23,164.756,164.869,163.631,164.306,2209,10287
1981-02-24,165.093,165.093,163.294,163.913,1961,10145
1981-02-25,163.069,163.069,161.72,161.945,2317,10330
1981-02-26,161.495,161.945,159.583,159.639,2833,10430
1981-02-27,162.619,162.619,159.414,159.976,4208,10826
1981-03-02,158.571,159.133,156.603,156.603,2597,10788
1981-03-03,156.884,159.92,156.884,159.808,3101,10783
1981-03-04,160.37,160.483,156.546,156.546,3699,10782
1981-03-05,157.446,159.358,157.334,157.783,2199,10772
1981-03-06,158.346,161.157,157.559,161.157,2821,10615
1981-03-09,162.507,163.182,161.382,161.832,2059,10466
1981-03-10,162.507,162.507,159.864,162.169,2165,10355
1981-03-11,161.495,161.495,158.796,158.796,2267,10343
1981-03-12,158.346,160.595,158.346,160.426,2145,10150
1981-03-13,160.595,161.157,157.052,157.109,2828,10255
1981-03-16,153.735,153.96,153.735,153.735,1211,10235
1981-03-17,153.51,153.96,150.811,152.498,3351,10307
1981-03-18,152.835,152.948,149.124,149.124,3797,10441
1981-03-19,147.662,149.011,145.863,146.594,4567,10721
1981-03-20,146.2,146.2,143.22,143.22,3768,10384
1981-03-23,146.594,146.594,146.594,146.594,165,10276
1981-03-24,149.967,149.967,149.967,149.967,537,10231
1981-03-25,150.698,151.036,147.437,147.831,4158,10506
1981-03-26,147.831,151.092,146.65,151.092,4925,10618
1981-03-27,154.747,157.221,153.622,156.153,4365,10187
1981-03-30,156.771,158.796,155.984,158.458,3317,9878
1981-03-31,157.221,160.989,156.546,160.876,3447,9552
1981-04-01,161.495,162.169,159.808,160.651,2888,9581
1981-04-02,159.695,160.707,158.571,158.627,2883,9270
1981-04-03,158.796,158.796,156.996,157.615,2762,9277
1981-04-06,157.221,160.989,156.771,160.989,2601,8895
1981-04-07,160.258,161.832,159.077,159.583,2880,8937
1981-04-08,160.033,161.663,159.583,161.326,1895,9016
1981-04-09,161.832,163.575,160.82,163.463,3100,9353
1981-04-10,163.969,164.644,162.507,163.913,2342,9503
1981-04-13,162.844,162.957,161.607,162.226,2047,9502
1981-04-14,163.069,164.531,162.507,162.788,2035,9374
1981-04-15,162.844,162.9,160.201,161.045,2138,9298
1981-04-16,161.72,161.945,160.033,161.27,1928,9297
1981-04-20,161.27,162.113,160.033,160.483,1352,9288
1981-04-21,160.82,163.856,160.82,163.519,2806,9172
1981-04-22,162.394,162.394,160.258,160.876,1828,8777
1981-04-23,160.82,161.438,158.458,158.852,2975,8730
1981-04-24,158.683,160.145,158.346,158.627,2458,9131
1981-04-27,161.495,162.9,160.82,162.788,2405,9019
1981-04-28,162.844,162.844,160.595,160.651,1914,8942
1981-04-29,159.695,159.695,157.277,158.008,3538,8801
1981-04-30,156.771,156.996,154.635,154.635,3119,8568
1981-05-01,153.735,155.197,152.61,154.747,4972,8100
1981-05-04,151.373,152.16,151.373,151.429,2377,7952
1981-05-05,151.486,153.51,150.473,153.341,3158,7925
1981-05-06,154.072,154.747,152.385,152.554,2678,8071
1981-05-07,152.498,154.072,151.598,153.229,2781,8368
1981-05-08,153.847,155.59,153.285,155.366,2067,8739
1981-05-11,156.321,156.771,152.498,152.61,2413,8622
1981-05-12,151.486,151.598,149.236,149.236,1575,8941
1981-05-13,149.236,149.236,146.537,147.943,3533,8900
1981-05-14,148.337,150.361,148.224,150.192,1904,8828
1981-05-15,146.818,146.818,146.818,146.818,216,8872
1981-05-18,144.513,148.337,144.513,146.931,3519,8990
1981-05-19,147.212,147.887,144.738,147.549,3159,9171
1981-05-20,147.212,149.124,146.537,147.212,2413,9112
1981-05-21,147.212,148.449,145.863,145.975,2173,9392
1981-05-22,146.987,149.349,146.875,148.843,2924,9274
1981-05-26,149.911,152.217,149.574,152.217,2591,9481
1981-05-27,152.273,153.173,150.136,152.554,1944,9388
1981-05-28,153.847,154.747,151.823,152.835,2577,9449
1981-05-29,152.61,152.61,151.036,151.935,1065,9412
1981-06-01,152.048,153.397,150.305,151.598,1844,9233
1981-06-02,150.024,152.666,149.461,152.104,2585,9040
1981-06-03,152.104,152.498,148.73,148.899,2080,8853
1981-06-04,148.674,149.686,147.325,149.405,2128,8700
1981-06-05,151.486,152.779,150.811,152.723,2116,8810
1981-06-08,156.097,156.097,154.747,155.534,2942,8716
1981-06-09,155.534,155.534,153.622,153.847,1955,8801
1981-06-10,154.072,155.872,153.173,154.522,1807,8965
1981-06-11,153.847,154.41,152.723,153.791,1310,8941
1981-06-12,153.96,154.747,153.51,154.578,913,8965
1981-06-15,155.534,156.434,155.084,155.478,1794,9139
1981-06-16,156.209,156.546,152.948,153.06,1874,9104
1981-06-17,149.686,152.723,149.686,152.329,3536,8943
1981-06-18,152.723,155.309,152.723,154.803,2090,8976
1981-06-19,154.522,154.522,153.173,153.229,1288,8927
1981-06-22,153.847,154.297,152.835,153.004,982,8998
1981-06-23,152.498,154.185,151.935,152.779,1716,9226
1981-06-24,153.51,153.847,150.923,150.98,1850,9267
1981-06-25,150.698,152.723,150.361,150.811,2690,9437
1981-06-26,151.373,151.373,148.449,148.505,2618,9379
1981-06-29,148.449,149.461,146.481,148.955,2716,9613
1981-06-30,148.955,149.349,147.437,147.493,1591,9734
1981-07-01,146.65,149.011,146.537,147.774,1890,9779
1981-07-02,148.168,148.899,145.525,145.581,2457,9873
1981-07-06,146.425,147.774,145.863,147.381,1851,9799
1981-07-07,147.437,147.774,144.063,145.019,3038,9951
1981-07-08,144.513,144.513,141.645,141.758,3372,10139
1981-07-09,141.252,145.132,140.239,145.132,2789,10143
1981-07-10,145.638,148.449,145.413,146.987,2748,10351
1981-07-13,146.425,146.537,144.176,145.413,2289,10490
1981-07-14,144.85,145.3,143.051,143.557,2031,10564
1981-07-15,143.613,145.3,142.601,144.513,2615,10921
1981-07-16,144.176,146.2,143.388,145.863,2168,10967
1981-07-17,145.75,146.2,144.625,145.075,1422,10948
1981-07-20,144.176,144.401,142.601,143.613,2783,11146
1981-07-21,142.826,144.794,140.802,141.477,4280,10964
1981-07-22,141.027,141.364,139.452,139.621,3856,10979
1981-07-23,139.79,141.252,139.79,140.858,1893,11006
1981-07-24,141.701,142.264,141.252,141.477,1602,10959
1981-07-27,140.464,140.577,139.565,140.352,1803,11004
1981-07-28,141.139,142.826,141.027,142.714,4588,11627
1981-07-29,143.501,146.087,143.501,145.975,5273,11540
1981-07-30,146.537,146.762,144.85,145.244,3571,11485
1981-07-31,145.244,147.831,145.244,147.831,3409,11448
1981-08-03,146.875,147.212,145.581,147.1,2292,11626
1981-08-04,146.2,147.156,145.638,147.1,1476,11777
1981-08-05,147.325,149.349,147.325,148.449,3070,12014
1981-08-06,148.899,149.799,147.325,147.606,2794,11940
1981-08-07,147.606,147.606,146.65,147.493,1733,11996
1981-08-10,146.762,148.899,146.425,148.899,2410,12412
1981-08-11,149.011,150.136,149.011,150.136,2616,12580
1981-08-12,150.249,151.036,149.574,150.192,2887,12485
1981-08-13,150.811,151.261,150.361,151.148,3525,12748
1981-08-14,153.285,153.51,151.935,152.554,3332,12699
1981-08-17,152.554,153.173,151.823,152.666,2072,12918
1981-08-18,151.935,153.173,151.935,152.835,2008,13159
1981-08-19,152.948,154.41,152.948,154.41,2011,13247
1981-08-20,154.635,154.635,151.598,152.273,2929,13399
1981-08-21,151.598,152.16,151.373,152.048,1420,13322
1981-08-24,151.261,151.261,149.124,150.473,3072,13377
1981-08-25,150.024,151.486,149.686,151.486,2442,12628
1981-08-26,151.711,153.397,151.598,153.397,3809,13634
1981-08-27,151.823,153.96,150.136,153.96,5769,14170
1981-08-28,154.072,155.759,152.723,154.578,4427,14011
1981-08-31,153.622,154.072,152.329,153.341,2266,14226
1981-09-01,152.723,154.747,152.273,154.691,2336,14237
1981-09-02,154.297,154.466,152.498,152.835,1983,13946
1981-09-03,151.935,154.859,151.935,154.691,3021,14060
1981-09-04,154.803,155.197,152.835,154.072,2464,13987
1981-09-08,154.297,155.759,154.185,154.635,2696,13943
1981-09-09,155.197,156.321,154.185,156.097,2354,14014
1981-09-10,156.884,158.571,156.771,158.065,3907,14128
1981-09-11,157.671,159.695,156.996,159.583,4243,14544
1981-09-14,158.683,159.47,158.121,159.133,2044,14401
1981-09-15,158.571,158.796,158.121,158.571,2170,14062
1981-09-16,158.121,159.302,156.097,156.153,3107,14112
1981-09-17,155.197,156.321,154.522,155.141,3210,13612
1981-09-18,155.872,156.097,154.353,155.253,1508,13417
1981-09-21,154.859,156.321,154.41,156.209,1789,13281
1981-09-22,153.397,155.534,153.397,153.735,3373,13323
1981-09-23,153.847,154.972,150.361,150.53,5642,13033
1981-09-24,150.249,152.273,149.799,152.217,3111,12947
1981-09-25,150.98,150.98,148.843,148.843,4229,12823
1981-09-28,149.799,152.498,149.574,152.385,4044,12738
1981-09-29,152.273,153.735,152.273,153.566,3038,12390
1981-09-30,152.723,152.835,150.811,151.204,3869,12510
1981-10-01,151.148,152.61,150.586,151.429,2070,12560
1981-10-02,151.148,154.072,151.148,153.96,2392,12290
1981-10-05,154.297,155.084,152.16,152.61,2729,12043
1981-10-06,150.923,151.711,149.911,151.092,3454,11151
1981-10-07,150.586,151.598,149.574,149.574,2326,10877
1981-10-08,150.249,151.148,149.911,150.305,1645,10767
1981-10-09,150.586,152.498,150.473,152.273,2560,10752
1981-10-12,151.711,152.835,151.486,151.542,1709,10834
1981-10-13,150.473,153.735,150.249,152.891,2409,10712
1981-10-14,152.385,152.835,150.923,151.711,1452,10670
1981-10-15,151.486,153.847,151.261,152.835,2033,10639
1981-10-16,152.385,154.747,151.823,154.297,1560,10659
1981-10-19,154.185,156.321,153.622,155.084,3031,10933
1981-10-20,154.297,154.747,152.329,152.385,2671,10767
1981-10-21,150.698,152.835,150.586,151.036,2412,10817
1981-10-22,150.698,151.373,149.799,150.53,2877,11052
1981-10-23,150.811,150.811,148.562,149.011,3240,11255
1981-10-26,148.224,148.674,147.325,147.887,2385,11184
1981-10-27,148.787,150.923,148.787,150.024,3061,11520
1981-10-28,150.249,151.204,150.136,150.136,2406,11366
1981-10-29,150.698,152.666,150.698,151.935,2475,11238
1981-10-30,151.373,151.823,150.811,150.923,1779,11233
1981-11-02,150.755,152.948,150.698,150.923,2505,11173
1981-11-03,150.698,151.711,150.249,150.586,2057,11083
1981-11-04,150.811,152.442,150.811,151.935,1629,11049
1981-11-05,151.935,153.06,151.261,152.891,1621,10926
1981-11-06,152.498,152.61,150.755,151.204,2367,9747
1981-11-09,151.036,153.285,150.361,152.779,3254,8961
1981-11-10,152.948,154.072,152.048,153.735,2800,8390
1981-11-11,154.072,154.297,152.498,152.835,2593,8422
1981-11-12,153.51,154.41,153.397,153.735,931,8261
1981-11-13,154.185,155.197,153.735,155.141,1199,7891
1981-11-16,155.647,155.872,153.285,153.51,2013,7580
1981-11-17,152.948,153.622,152.385,153.173,1552,7533
1981-11-18,152.61,152.948,150.249,150.473,2143,7468
1981-11-19,150.473,150.811,149.18,149.461,3329,7746
1981-11-20,149.686,150.473,148.562,148.562,2393,7538
1981-11-23,148.449,148.674,146.481,146.594,2327,7751
1981-11-24,147.549,149.574,147.549,149.236,1495,7545
1981-11-25,148.899,148.899,147.549,148.562,1151,7590
1981-11-27,148.112,149.911,147.437,148.168,882,7638
1981-11-30,147.212,150.473,147.1,149.518,2070,7541
1981-12-01,149.686,150.249,149.011,149.068,1089,7547
1981-12-02,149.349,149.799,149.011,149.011,635,7599
1981-12-03,148.674,150.473,147.999,148.056,2148,7766
1981-12-04,148.28,149.011,144.682,145.694,3161,8061
1981-12-07,144.794,144.794,142.32,142.32,1976,8171
1981-12-08,140.914,142.039,140.127,140.97,2341,8399
1981-12-09,141.477,142.601,140.464,142.151,1614,8432
1981-12-10,142.489,142.826,138.777,138.777,1370,8543
1981-12-11,135.404,137.091,135.404,135.404,2388,8416
1981-12-14,135.404,136.528,134.391,135.685,1987,8690
1981-12-15,136.078,136.078,132.311,132.311,1815,8484
1981-12-16,133.154,134.616,128.937,132.255,3979,8805
1981-12-17,133.154,134.841,132.705,134.616,2221,8788
1981-12-18,135.179,135.516,133.267,134.448,1873,8593
1981-12-21,135.404,136.078,132.03,132.311,2070,8592
1981-12-22,131.805,131.805,129.781,129.893,2197,8488
1981-12-23,133.267,133.267,133.267,133.267,81,8500
1981-12-24,136.641,136.641,135.853,136.078,2093,8372
1981-12-28,132.705,132.705,129.724,129.837,2310,8661
1981-12-29,128.206,129.443,126.463,126.463,2121,8783
1981-12-30,125.844,127.644,123.483,123.82,3425,9509
1981-12-31,123.258,124.72,122.471,123.876,1823,9495
1982-01-04,124.607,127.25,124.607,127.25,1903,9742
1982-01-05,127.981,128.206,124.945,126.35,2248,9740
1982-01-06,126.857,129.668,126.632,129.668,2324,9693
1982-01-07,131.58,132.48,129.556,131.355,3017,9711
1982-01-08,130.905,133.154,129.331,132.873,3064,9816
1982-01-11,134.729,135.966,133.942,134.954,3181,9805
1982-01-12,133.829,135.179,132.592,135.066,2559,9755
1982-01-13,135.066,136.416,133.098,134.504,3195,9704
1982-01-14,134.954,137.765,134.841,137.765,3085,9878
1982-01-15,138.777,140.352,138.328,139.902,2592,10114
1982-01-18,139.452,139.452,137.653,138.609,1755,10027
1982-01-19,138.103,139.79,137.653,137.99,3574,10286
1982-01-20,136.978,138.553,136.135,138.328,2328,10255
1982-01-21,139.227,141.477,139.227,140.408,2841,9940
1982-01-22,140.689,140.914,138.834,139.002,2040,9963
1982-01-25,139.34,139.452,136.641,137.091,1642,9989
1982-01-26,136.641,138.328,134.954,138.159,2296,10019
1982-01-27,138.553,139.34,137.765,138.721,1754,10296
1982-01-28,137.878,139.115,137.203,139.002,1748,10456
1982-01-29,139.677,142.264,139.002,141.42,3035,10427
1982-02-01,142.601,144.625,142.039,143.838,3284,10126
1982-02-02,143.951,145.469,143.951,144.963,2403,9939
1982-02-03,145.413,148.112,145.188,147.831,3842,10148
1982-02-04,148.449,148.449,145.019,145.806,2841,10463
1982-02-05,145.525,147.662,145.413,146.594,1758,10456
1982-02-08,145.975,145.975,143.445,144.232,2701,10553
1982-02-09,143.951,146.762,143.951,146.594,3396,10697
1982-02-10,147.549,147.887,143.22,143.501,3130,10781
1982-02-11,143.163,144.625,142.489,143.388,2007,10773
1982-02-12,143.051,144.176,142.039,144.007,1446,10564
1982-02-16,141.477,143.276,141.139,143.051,3032,10822
1982-02-17,143.951,146.031,143.388,144.794,2994,10879
1982-02-18,144.401,144.963,143.388,144.513,2254,10754
1982-02-19,144.738,146.481,143.557,144.063,2331,10732
1982-02-22,145.075,147.437,145.075,147.437,3603,10790
1982-02-23,147.662,148.449,146.65,146.931,3247,10585
1982-02-24,147.662,148.787,146.312,148.224,2839,10630
1982-02-25,148.337,148.449,146.875,147.493,2145,10821
1982-02-26,146.537,146.987,145.638,145.919,3193,10628
1982-03-01,144.288,145.3,142.151,144.344,3033,10543
1982-03-02,144.063,147.718,144.063,147.662,3312,10409
1982-03-03,148.449,149.574,146.762,147.718,3619,10464
1982-03-04,148.674,150.136,148.674,149.799,3055,10295
1982-03-05,149.349,150.923,148.787,150.755,2264,10548
1982-03-08,151.373,151.373,149.293,149.742,2463,10437
1982-03-09,150.136,150.192,148.618,149.461,2023,10460
1982-03-10,149.124,149.911,147.212,147.437,3559,10576
1982-03-11,147.1,147.887,146.594,147.268,2090,10517
1982-03-12,147.325,149.124,147.1,147.437,1965,10417
1982-03-15,147.549,147.999,145.188,145.863,3091,10088
1982-03-16,146.762,148.449,145.975,146.818,2194,9691
1982-03-17,146.875,149.461,146.818,149.405,2125,9529
1982-03-18,149.799,149.911,147.774,148.73,2254,9153
1982-03-19,148.73,148.787,147.549,148.28,1195,8728
1982-03-22,151.654,151.654,150.811,151.654,2078,8946
1982-03-23,151.373,152.048,150.249,150.361,2314,8944
1982-03-24,150.136,151.036,149.574,150.867,1586,8953
1982-03-25,150.305,150.473,149.461,149.518,1138,9082
1982-03-26,149.293,151.373,148.899,150.811,2338,8901
1982-03-29,148.899,150.473,148.674,150.305,1869,9114
1982-03-30,150.136,150.923,149.18,150.361,2647,9503
1982-03-31,149.461,150.024,148.674,149.967,2542,9417
1982-04-01,149.686,151.148,149.574,150.811,1567,9500
1982-04-02,151.148,151.598,149.911,150.136,1498,9569
1982-04-05,150.698,151.767,150.698,151.486,1203,9589
1982-04-06,151.823,152.048,150.586,151.598,1471,9639
1982-04-07,152.16,152.273,148.449,148.505,2982,9316
1982-04-08,148.337,148.899,147.606,148.224,1750,9182
1982-04-12,148.224,149.461,147.1,149.405,1614,9119
1982-04-13,149.236,149.686,147.887,148.056,1456,9001
1982-04-14,148.056,148.449,146.987,147.943,1555,9094
1982-04-15,147.437,147.999,146.65,146.818,1627,9256
1982-04-16,145.75,147.212,145.75,146.312,2083,9142
1982-04-19,146.312,146.312,145.413,146.031,2678,9104
1982-04-20,146.706,149.405,146.706,149.068,3230,8858
1982-04-21,150.473,151.373,150.024,151.317,3962,8646
1982-04-22,150.867,151.317,149.686,150.586,2979,9022
1982-04-23,151.036,151.373,150.136,150.755,1124,9082
1982-04-26,150.473,152.723,150.192,152.61,2622,8974
1982-04-27,150.98,151.373,150.305,150.867,1793,8839
1982-04-28,149.911,150.136,148.899,149.405,2180,8861
1982-04-29,149.236,150.305,149.011,149.911,2194,8921
1982-04-30,149.799,150.811,149.124,149.967,1845,8806
1982-05-03,150.136,150.305,149.461,149.686,1067,8881
1982-05-04,149.911,150.024,148.224,149.574,1766,8814
1982-05-05,150.136,151.823,150.136,151.486,2378,8806
1982-05-06,151.823,153.397,151.598,153.285,2569,8885
1982-05-07,153.397,154.522,152.948,154.297,1907,9092
1982-05-10,154.747,155.197,152.948,153.116,2713,9277
1982-05-11,152.273,152.835,151.486,152.329,1682,9253
1982-05-12,152.385,152.891,151.261,152.048,1982,9238
1982-05-13,152.16,153.173,151.486,152.442,2141,9402
1982-05-14,152.498,152.723,151.261,152.273,1378,9259
1982-05-17,152.61,155.197,152.61,155.084,1954,9445
1982-05-18,155.197,155.422,151.823,151.879,1761,9426
1982-05-19,152.723,152.948,150.811,152.273,2489,9234
1982-05-20,151.823,152.61,150.586,150.755,1946,9193
1982-05-21,151.036,151.711,149.686,150.417,1372,8966
1982-05-24,149.799,150.024,148.393,149.124,2221,9072
1982-05-25,148.224,150.923,148.224,149.518,2008,9112
1982-05-26,149.799,150.417,148.899,150.136,1260,9394
1982-05-27,150.361,151.148,149.967,150.361,1231,9453
1982-05-28,150.024,150.586,149.574,150.305,1460,9528
1982-06-01,150.698,151.373,146.931,147.043,4149,11066
1982-06-02,143.67,146.144,143.67,144.907,3517,11632
1982-06-03,144.401,147.437,144.288,147.156,3356,11452
1982-06-04,146.875,147.549,145.3,145.525,1869,11714
1982-06-07,145.75,145.863,142.151,142.151,3488,11586
1982-06-08,141.701,143.951,140.689,143.163,5151,11190
1982-06-09,143.951,144.513,142.826,142.995,2154,11272
1982-06-10,142.995,146.369,142.995,146.144,2748,11211
1982-06-11,145.3,146.087,143.726,145.638,2403,11257
1982-06-14,144.513,144.625,142.264,142.264,2735,11366
1982-06-15,142.601,145.525,142.432,144.682,2222,11205
1982-06-16,144.176,144.401,141.477,143.726,3343,11137
1982-06-17,142.32,142.32,140.352,140.352,2264,11145
1982-06-18,139.452,143.051,139.452,142.264,2399,11308
1982-06-21,145.638,145.638,142.826,145.638,1393,11054
1982-06-22,148.224,148.224,144.85,145.525,3622,10609
1982-06-23,145.75,147.437,144.682,146.706,2864,10752
1982-06-24,147.1,147.1,144.569,146.087,2379,10709
1982-06-25,146.2,147.999,146.2,147.493,2155,10556
1982-06-28,147.1,147.774,145.975,146.481,1507,10414
1982-06-29,146.2,146.425,144.85,144.963,1465,10381
1982-06-30,143.388,145.75,143.388,145.694,2269,10517
1982-07-01,146.087,147.325,145.525,146.312,1893,10242
1982-07-02,146.65,146.762,144.513,144.794,1041,10248
1982-07-06,145.75,146.425,145.075,145.694,1715,10523
1982-07-07,144.513,145.075,143.501,144.007,2287,10457
1982-07-08,144.513,147.381,143.838,147.381,2520,10532
1982-07-09,147.999,150.698,147.999,150.586,5408,10203
1982-07-12,151.148,151.148,149.574,150.192,3291,9641
1982-07-13,149.461,150.473,149.011,150.192,1859,9422
1982-07-14,149.799,152.273,148.449,152.104,3073,9527
1982-07-15,152.329,152.723,151.486,152.666,1837,9645
1982-07-16,151.823,152.048,151.261,151.767,1756,9672
1982-07-19,151.598,152.048,150.586,151.036,1180,9646
1982-07-20,151.373,152.048,150.473,151.598,1862,9547
1982-07-21,151.486,152.948,151.261,151.429,2031,9650
1982-07-22,150.923,151.711,150.473,151.373,1473,9909
1982-07-23,151.373,151.767,150.136,150.249,1695,9768
1982-07-26,149.011,151.711,149.011,151.654,2377,9943
1982-07-27,152.385,152.948,150.923,151.711,4017,10105
1982-07-28,150.923,151.486,150.473,150.586,2187,9852
1982-07-29,150.923,151.823,149.686,150.642,1552,9900
1982-07-30,151.373,151.486,150.024,150.473,1344,9867
1982-08-02,150.586,151.542,150.473,151.036,1834,9966
1982-08-03,151.261,151.373,150.024,150.698,1971,9956
1982-08-04,151.036,151.373,150.136,151.092,1592,10054
1982-08-05,150.698,151.036,149.799,150.98,1113,9947
1982-08-06,150.811,152.779,150.586,152.666,2573,10012
1982-08-09,152.835,153.847,152.273,153.454,2399,9766
1982-08-10,153.51,153.735,152.273,153.51,1820,9798
1982-08-11,153.173,154.691,153.06,154.185,1908,9920
1982-08-12,155.197,157.446,155.197,157.446,3845,10827
1982-08-13,157.896,159.583,157.671,159.527,2893,10836
1982-08-16,160.37,161.045,160.37,160.707,2966,10764
1982-08-17,160.258,161.495,160.145,161.157,2157,10643
1982-08-18,161.157,161.72,159.808,160.876,3612,11198
1982-08-19,160.932,160.932,159.583,160.426,2439,11418
1982-08-20,161.495,161.72,159.583,159.639,4438,11626
1982-08-23,159.583,160.595,159.021,159.976,2238,11315
1982-08-24,159.133,160.707,158.571,160.145,2598,11265
1982-08-25,160.37,160.595,159.47,159.47,1869,10884
1982-08-26,159.695,159.808,157.446,157.952,3312,10592
1982-08-27,152.948,154.297,152.16,152.442,2765,10526
1982-08-30,151.823,153.96,151.373,153.51,3018,10607
1982-08-31,153.397,154.41,152.16,152.329,2975,10419
1982-09-01,151.823,152.948,151.148,151.767,3078,10294
1982-09-02,152.385,155.141,152.385,155.141,2583,10435
1982-09-03,156.321,156.321,154.41,155.984,2888,10218
1982-09-07,155.872,156.209,153.847,154.41,1781,10124
1982-09-08,153.51,153.904,151.598,152.835,2583,9588
1982-09-09,152.048,152.554,150.811,151.148,2701,9463
1982-09-10,150.698,150.698,147.774,147.774,4506,9401
1982-09-13,147.1,147.549,145.413,147.212,3990,9083
1982-09-14,147.774,148.562,145.638,145.863,4028,9461
1982-09-15,145.525,149.236,145.3,148.787,4088,9836
1982-09-16,148.224,149.799,146.875,149.742,2970,9679
1982-09-17,147.999,148.899,146.875,147.212,2195,9308
1982-09-20,145.525,149.574,144.963,149.124,2871,8992
1982-09-21,147.999,149.124,147.325,147.999,2323,8660
1982-09-22,148.337,149.124,146.818,146.875,2944,8643
1982-09-23,150.249,150.249,150.249,150.249,1151,9000
1982-09-24,152.16,152.273,149.911,150.305,3731,8509
1982-09-27,153.285,153.51,151.823,151.935,1825,8316
1982-09-28,151.204,151.486,148.562,148.787,3045,8273
1982-09-29,146.762,147.774,145.413,145.413,3683,8333
1982-09-30,145.075,147.325,144.288,147.212,3618,8048
1982-10-01,146.65,146.875,143.838,143.838,2764,7818
1982-10-04,142.939,145.75,142.376,144.85,2542,7869
1982-10-05,145.3,147.999,144.625,147.887,3689,7730
1982-10-06,147.1,149.124,146.875,147.943,2527,7449
1982-10-07,147.774,151.317,147.662,151.317,2303,7398
1982-10-08,152.498,154.522,151.373,154.353,4332,7280
1982-10-11,157.727,157.727,154.353,156.546,4073,7202
1982-10-12,156.659,157.783,154.072,155.253,2842,7261
1982-10-13,155.253,155.984,153.285,154.185,1907,7231
1982-10-14,153.51,156.321,152.666,155.422,2317,6818
1982-10-15,155.759,156.546,153.285,153.566,1813,7173
1982-10-18,153.06,153.397,151.823,153.173,1715,7232
1982-10-19,152.948,154.522,152.723,154.297,1509,7087
1982-10-20,152.273,153.341,151.148,152.779,2425,7009
1982-10-21,152.835,155.534,152.835,153.847,2023,7044
1982-10-22,153.173,153.622,151.092,151.261,2041,6876
1982-10-25,150.024,150.361,147.887,148.505,2938,6846
1982-10-26,148.787,150.249,147.381,150.136,2552,7001
1982-10-27,150.473,150.586,148.112,148.393,2299,7172
1982-10-28,147.662,149.236,147.437,148.224,2295,6821
1982-10-29,147.999,149.461,147.549,147.943,2062,6689
1982-11-01,147.887,147.887,145.863,146.875,2533,6845
1982-11-02,146.762,148.674,146.762,148.112,2825,6895
1982-11-03,148.112,151.486,148.112,151.317,2602,6760
1982-11-04,151.317,151.317,150.024,150.755,1554,6877
1982-11-05,150.473,152.498,150.361,152.329,2185,6964
1982-11-08,152.723,153.847,151.204,151.317,2944,7275
1982-11-09,151.373,151.935,150.923,151.204,1301,7311
1982-11-10,151.486,152.723,151.148,151.317,2091,7221
1982-11-11,151.373,152.948,150.811,152.891,1546,7221
1982-11-12,153.173,153.51,151.992,152.442,1669,7173
1982-11-15,151.879,151.935,150.811,151.204,1193,7316
1982-11-16,151.148,152.273,150.811,151.992,1676,7333
1982-11-17,148.618,150.024,148.618,148.618,3088,7499
1982-11-18,148.337,148.787,147.887,148.73,2485,7858
1982-11-19,148.787,149.461,145.525,145.694,3126,7976
1982-11-22,145.075,146.425,144.513,145.75,2897,7601
1982-11-23,146.537,147.437,146.2,146.762,2127,7331
1982-11-24,147.325,147.999,147.1,147.887,1135,7359
1982-11-26,148.224,148.224,147.325,147.662,718,7479
1982-11-29,148.112,150.698,148.112,149.011,2172,7494
1982-11-30,148.674,149.686,148.449,149.518,1296,7472
1982-12-01,149.799,150.249,149.124,150.024,1938,7691
1982-12-02,150.473,150.923,146.987,147.043,3050,8246
1982-12-03,146.2,146.875,145.188,145.3,2842,8640
1982-12-06,145.525,145.525,141.926,142.151,3687,9010
1982-12-07,142.264,144.063,141.477,143.894,2790,8830
1982-12-08,144.176,145.188,143.501,143.726,1913,8756
1982-12-09,144.401,145.75,142.151,145.75,3268,8775
1982-12-10,146.2,146.2,144.738,145.075,1231,8776
1982-12-13,144.738,144.85,143.557,144.176,1350,8772
1982-12-14,144.401,144.738,143.051,143.332,1376,8958
1982-12-15,146.2,146.706,144.85,146.706,2898,8795
1982-12-16,146.875,147.662,145.75,146.312,1854,8692
1982-12-17,146.987,147.999,146.875,147.437,1451,8575
1982-12-20,147.212,147.887,146.65,147.662,1685,8225
1982-12-21,147.549,148.112,146.875,147.887,696,8213
1982-12-22,148.112,148.393,147.549,148.28,1242,8108
1982-12-23,148.337,150.136,148.337,150.08,2262,8102
1982-12-27,149.686,151.486,149.686,151.429,2237,8119
1982-12-28,151.373,151.711,150.361,150.923,1969,8010
1982-12-29,151.036,151.654,149.349,149.686,1833,8119
1982-12-30,149.236,149.686,148.449,148.505,1248,7945
1982-12-31,148.449,149.461,147.999,149.293,993,7929
1983-01-03,148.674,152.104,148.337,151.935,2732,8313
1983-01-04,151.823,152.385,150.811,151.148,1559,8584
1983-01-05,151.486,153.173,151.036,152.61,3206,9203
1983-01-06,152.835,154.072,152.16,153.679,3184,9520
1983-01-07,153.51,153.847,152.835,153.791,1478,9653
1983-01-10,154.072,155.647,154.072,155.253,3090,9900
1983-01-11,155.534,155.647,153.847,154.297,1942,9928
1983-01-12,154.859,155.759,153.847,153.904,2228,10145
1983-01-13,153.847,155.647,153.622,155.141,2754,10478
1983-01-14,155.197,157.446,154.859,157.334,2993,11063
1983-01-17,156.996,157.39,155.815,156.546,2068,10998
1983-01-18,156.321,156.659,155.366,156.546,2243,10898
1983-01-19,155.422,158.121,153.173,153.173,4247,10962
1983-01-20,152.948,154.297,152.498,152.61,2932,10562
1983-01-21,153.51,154.635,153.397,154.41,1524,10182
1983-01-24,153.397,155.984,153.173,155.815,2028,10418
1983-01-25,155.309,155.815,154.635,155.366,1425,10623
1983-01-26,155.309,155.759,152.498,154.635,2897,10422
1983-01-27,154.635,156.434,154.522,156.378,1669,10597
1983-01-28,156.884,157.221,155.534,156.321,2260,10815
1983-01-31,152.948,154.185,152.948,153.173,3307,10472
1983-02-01,154.072,155.759,153.96,154.916,3122,10418
1983-02-02,155.703,156.097,154.072,155.084,2274,10561
1983-02-03,155.534,155.703,153.622,154.803,2082,10645
1983-02-04,155.197,157.165,154.522,156.828,2099,10829
1983-02-07,156.996,156.996,155.872,156.434,1791,10879
1983-02-08,155.647,155.984,154.635,155.084,1734,10827
1983-02-09,155.084,156.771,155.084,156.546,1453,10946
1983-02-10,157.39,159.639,157.109,159.527,3436,11404
1983-02-11,159.527,160.82,159.358,160.707,2998,11638
1983-02-14,159.808,160.145,159.133,160.033,2574,11885
1983-02-15,161.495,161.832,159.808,161.157,3057,12155
1983-02-16,160.595,161.607,159.695,161.326,2679,12194
1983-02-17,161.157,161.382,160.707,161.382,1496,12158
1983-02-18,161.045,161.945,160.37,161.888,2152,12230
1983-02-22,163.182,163.575,161.495,162.226,3432,12263
1983-02-23,162.788,164.081,161.382,164.025,3127,12224
1983-02-24,164.081,166.668,163.631,166.162,4878,12529
1983-02-25,164.756,167.455,164.419,167.343,3213,12403
1983-02-28,161.72,162.057,160.483,160.82,4484,12228
1983-03-01,161.045,163.294,159.752,160.483,3880,12056
1983-03-02,161.27,162.619,160.932,162.113,2833,11769
1983-03-03,162.169,162.957,160.932,161.888,2050,11826
1983-03-04,161.27,161.382,159.021,159.133,3005,11631
1983-03-07,158.908,160.258,157.559,158.908,3144,10952
1983-03-08,158.908,160.033,157.615,157.783,3077,10785
1983-03-09,158.008,158.908,157.109,157.84,2466,10617
1983-03-10,157.446,158.346,157.277,158.29,1660,10411
1983-03-11,158.233,159.583,157.84,159.302,1998,10192
1983-03-14,159.47,159.92,158.571,159.583,1979,9754
1983-03-15,160.258,160.651,158.683,158.739,2370,9739
1983-03-16,159.021,160.37,158.571,159.358,2205,9555
1983-03-17,159.245,159.695,158.29,158.852,2148,9294
1983-03-18,158.796,159.583,158.402,159.414,1979,9235
1983-03-21,159.639,159.92,157.39,157.84,2794,8969
1983-03-22,154.466,155.422,154.466,155.084,2974,8767
1983-03-23,154.297,154.972,151.711,153.679,4733,8833
1983-03-24,153.679,155.084,153.679,154.691,3113,8777
1983-03-25,154.803,155.422,153.622,153.96,2368,8644
1983-03-28,150.698,150.923,150.024,150.586,1786,8393
1983-03-29,150.642,151.598,150.586,151.542,1560,8289
1983-03-30,151.823,152.442,151.261,151.711,2341,8472
1983-03-31,152.16,152.273,151.373,151.992,2050,8471
1983-04-04,151.935,152.048,149.742,149.967,2638,8578
1983-04-05,149.686,152.273,149.236,151.879,3101,8335
1983-04-06,152.723,152.948,151.935,152.273,2798,8469
1983-04-07,152.16,152.723,150.923,151.036,1811,8454
1983-04-08,150.811,153.622,150.473,153.397,3157,8681
1983-04-11,153.51,154.185,152.385,153.847,2967,8911
1983-04-12,153.173,153.173,151.373,152.61,2560,9029
1983-04-13,153.173,154.016,153.173,153.173,1854,9017
1983-04-14,153.847,154.072,151.148,151.654,2920,8995
1983-04-15,151.261,152.835,151.261,152.16,2148,9089
1983-04-18,152.16,152.948,151.261,151.486,2251,9091
1983-04-19,150.698,153.285,150.586,152.048,2812,8964
1983-04-20,151.711,152.273,149.574,150.698,3957,9225
1983-04-21,150.361,150.361,147.325,147.549,3520,9211
1983-04-22,147.549,148.337,146.087,146.256,2836,9210
1983-04-25,147.325,149.236,147.212,148.056,2459,8988
1983-04-26,148.449,149.461,147.887,149.068,2148,8859
1983-04-27,146.65,147.774,145.3,145.413,2657,8590
1983-04-28,145.075,146.312,143.726,146.2,2745,8450
1983-04-29,146.65,147.325,145.975,147.212,2805,8249
1983-05-02,147.1,147.437,145.975,146.088,1903,8166
1983-05-03,146.088,147.999,144.963,147.662,3150,7991
1983-05-04,147.662,148.618,146.425,146.537,2125,8016
1983-05-05,146.088,148.674,146.088,148.562,1957,7993
1983-05-06,148.562,150.698,148.337,150.586,2791,7888
1983-05-09,151.261,151.823,150.024,150.249,2939,7536
1983-05-10,150.698,150.811,148.73,150.192,2029,7399
1983-05-11,150.474,150.474,148.787,149.405,1230,7316
1983-05-12,149.686,150.249,148.899,150.136,1268,7417
1983-05-13,150.136,150.249,147.437,147.55,2139,7561
1983-05-16,148.112,149.18,146.875,149.068,2407,7673
1983-05-17,149.236,149.236,147.887,148.955,1343,7599
1983-05-18,148.899,149.124,147.325,147.437,1822,7508
1983-05-19,147.212,149.012,147.212,148.955,1322,7594
1983-05-20,149.236,149.349,147.325,147.493,1709,7591
1983-05-23,147.493,148.224,144.288,144.457,2745,7941
1983-05-24,143.501,145.075,142.601,143.332,3369,8519
1983-05-25,143.332,144.176,143.051,143.276,1602,8453
1983-05-26,143.501,144.794,143.501,144.569,1460,8580
1983-05-27,143.726,144.063,142.151,142.939,1955,9011
1983-05-31,142.601,146.144,142.601,146.031,1744,9045
1983-06-01,145.75,146.875,144.794,145.863,2053,9160
1983-06-02,146.762,147.1,144.963,145.413,1621,9261
1983-06-03,145.075,147.1,144.288,146.987,1441,9416
1983-06-06,146.987,147.1,144.513,144.626,1334,9533
1983-06-07,144.626,145.413,144.176,144.794,997,9623
1983-06-08,144.513,145.638,143.951,145.525,1408,9770
1983-06-09,145.919,146.425,144.963,145.975,1434,9789
1983-06-10,146.537,146.819,145.863,146.369,1086,9784
1983-06-13,146.762,148.112,146.312,148.056,2128,9482
1983-06-14,148.112,148.112,146.537,146.875,2035,9466
1983-06-15,146.537,146.987,145.413,145.638,1733,9295
1983-06-16,146.2,146.706,144.063,144.232,2407,9402
1983-06-17,144.232,144.513,142.939,143.613,1802,9521
1983-06-20,143.164,145.075,142.545,143.613,1292,9446
1983-06-21,143.051,144.344,142.939,144.063,1595,9465
1983-06-22,144.176,144.232,143.051,143.332,1545,9275
1983-06-23,141.027,142.826,140.24,142.714,3419,9761
1983-06-24,143.051,146.088,143.051,146.088,2908,9759
1983-06-27,146.537,146.65,145.188,145.638,1718,9630
1983-06-28,145.075,145.075,144.288,144.401,1159,9447
1983-06-29,143.951,144.85,142.939,144.176,2478,9417
1983-06-30,144.063,144.513,141.702,141.87,1940,9346
1983-07-01,142.601,143.276,141.477,143.164,1950,9519
1983-07-05,143.051,144.401,141.983,144.288,1534,9676
1983-07-06,144.176,144.794,143.164,143.557,1744,9735
1983-07-07,143.726,143.951,142.939,143.67,1164,9648
1983-07-08,143.051,143.613,142.714,143.107,930,9576
1983-07-11,142.601,142.939,139.733,139.733,2219,9778
1983-07-12,139.452,139.565,136.866,139.396,2925,9985
1983-07-13,139.565,140.127,137.091,137.372,1866,10106
1983-07-14,139.002,140.521,138.89,140.464,1955,9894
1983-07-15,140.183,140.24,139.227,139.733,1284,9914
1983-07-18,139.902,140.408,139.227,139.621,1170,9852
1983-07-19,138.103,138.89,136.528,136.922,2795,10135
1983-07-20,137.203,140.296,136.416,139.846,4197,10589
1983-07-21,139.677,140.015,138.44,139.452,2758,10808
1983-07-22,138.89,141.589,138.89,141.477,2278,10775
1983-07-25,141.139,144.513,140.464,144.344,4093,10067
1983-07-26,143.613,143.838,142.939,143.726,2710,9580
1983-07-27,140.689,140.914,139.677,140.296,1751,9310
1983-07-28,140.577,141.814,140.577,141.589,2283,9166
1983-07-29,141.477,141.589,140.352,141.139,1896,9214
1983-08-01,141.533,141.702,140.914,141.027,1856,9183
1983-08-02,140.577,140.577,139.34,139.565,1864,9072
1983-08-03,140.408,141.027,140.127,140.24,2603,8825
1983-08-04,140.24,140.577,139.565,140.577,1300,8782
1983-08-05,141.139,142.826,140.802,142.77,3969,9172
1983-08-08,143.613,144.063,141.195,141.589,3166,8830
1983-08-09,142.264,142.489,141.589,142.039,2005,8759
1983-08-10,141.926,142.489,140.296,140.858,3182,8728
1983-08-11,140.914,140.914,139.902,140.858,1607,8634
1983-08-12,141.702,141.702,140.577,141.477,1467,8509
1983-08-15,141.364,142.376,140.802,140.802,1330,8432
1983-08-16,140.577,140.577,137.428,137.428,3889,8646
1983-08-17,136.303,136.809,134.504,135.235,4646,8499
1983-08-18,135.179,136.528,134.954,136.528,1510,8438
1983-08-19,137.203,137.316,134.392,134.504,1527,8531
1983-08-22,135.516,135.516,131.13,131.186,4154,9110
1983-08-23,131.243,132.48,130.23,132.367,3106,9114
1983-08-24,131.58,132.03,130.68,130.961,2184,9383
1983-08-25,129.949,130.793,129.556,130.455,2673,9877
1983-08-26,130.455,132.03,130.455,130.849,2355,9964
1983-08-29,130.006,130.006,127.306,127.475,3685,10429
1983-08-30,127.306,129.218,126.519,128.768,3287,10428
1983-08-31,127.981,128.712,126.294,126.575,2880,10747
1983-09-01,127.082,128.881,126.744,128.768,2968,10105
1983-09-02,128.206,128.206,125.957,126.238,2367,10388
1983-09-06,126.632,128.993,126.069,128.937,2821,10805
1983-09-07,129.106,130.68,128.544,129.387,3324,10627
1983-09-08,129.218,130.793,129.162,130.23,1950,10672
1983-09-09,130.343,130.455,128.993,129.612,2168,11046
1983-09-12,130.118,131.58,130.006,131.355,2605,10907
1983-09-13,130.455,130.455,129.443,129.949,2206,11117
1983-09-14,129.556,131.917,129.499,131.186,2462,11229
1983-09-15,131.13,132.142,129.893,131.974,2747,11453
1983-09-16,132.255,133.379,132.255,132.48,2144,11186
1983-09-19,131.805,132.086,130.737,131.411,2405,11226
1983-09-20,131.411,131.917,130.905,131.299,1697,11294
1983-09-21,129.781,131.018,128.431,130.118,2979,11603
1983-09-22,131.58,133.492,131.018,133.492,3094,11539
1983-09-23,134.504,136.528,133.717,135.966,4328,10793
1983-09-26,136.191,137.147,135.066,136.978,2937,10261
1983-09-27,138.328,138.89,137.54,138.44,1888,10123
1983-09-28,137.428,138.665,137.203,137.934,1880,9918
1983-09-29,138.159,139.002,137.765,138.328,2015,9608
1983-09-30,138.159,138.159,136.978,137.372,2008,9783
1983-10-03,137.316,137.316,136.135,136.697,1381,9753
1983-10-04,136.416,138.778,136.416,138.047,1906,9702
1983-10-05,138.047,138.721,136.528,137.259,1622,9432
1983-10-06,137.765,138.553,135.291,135.741,2122,9369
1983-10-07,135.854,135.854,133.942,134.167,2316,9359
1983-10-10,133.717,135.179,133.604,134.954,1505,9169
1983-10-11,134.954,135.404,133.379,133.492,2218,8739
1983-10-12,134.054,134.729,133.436,134.56,2242,7941
1983-10-13,134.392,135.179,133.717,134.279,1140,7912
1983-10-14,133.942,135.966,133.942,135.854,1080,7613
1983-10-17,135.516,137.765,135.404,137.709,1802,7133
1983-10-18,137.428,138.103,137.203,137.934,1733,7017
1983-10-19,137.54,141.308,136.866,141.027,1914,6931
1983-10-20,140.802,141.42,139.902,140.577,2223,6634
1983-10-21,139.958,140.239,137.203,137.259,1368,6574
1983-10-24,136.866,137.203,135.066,135.179,1708,6392
1983-10-25,134.898,136.078,134.729,135.404,1819,6414
1983-10-26,136.078,136.078,134.954,135.01,1632,6470
1983-10-27,141.701,143.276,141.252,142.826,1581,6184
1983-10-28,142.826,142.826,141.701,142.376,1231,5894
1983-10-31,142.039,142.601,141.926,142.039,1125,5760
1983-11-01,141.589,142.151,141.139,142.039,1043,5877
1983-11-02,141.814,142.151,141.42,142.095,633,5860
1983-11-03,142.151,142.264,141.477,142.208,978,5851
1983-11-04,142.151,143.613,142.151,143.276,1134,5720
1983-11-07,143.501,144.176,143.501,144.063,913,5795
1983-11-08,144.401,144.963,143.951,144.794,1397,5487
1983-11-09,144.794,144.85,143.951,143.951,1125,5334
1983-11-10,142.264,143.388,141.477,143.276,1648,5455
1983-11-11,143.051,145.3,143.051,144.963,1504,5299
1983-11-14,144.738,145.188,144.176,144.907,1005,5282
1983-11-15,144.513,144.513,143.501,144.457,873,5241
1983-11-16,143.951,145.413,143.951,144.907,763,5237
1983-11-17,145.75,147.831,145.75,147.493,2213,5388
1983-11-18,147.212,148.787,147.212,147.831,1744,5519
1983-11-21,147.887,149.011,147.887,148.899,862,5635
1983-11-22,149.011,150.192,148.674,149.967,1083,5747
1983-11-23,149.799,149.799,149.011,149.686,558,5766
1983-11-28,150.473,152.61,150.473,151.373,1290,5865
1983-11-29,151.036,151.261,150.08,151.204,837,5796
1983-11-30,151.261,151.261,149.349,149.742,1249,5835
1983-12-01,149.742,150.811,149.686,150.192,759,5829
1983-12-02,150.249,150.698,149.686,150.361,419,5797
1983-12-05,149.911,149.911,149.124,149.574,1095,5837
1983-12-06,150.473,152.498,150.473,152.498,1499,6006
1983-12-07,152.498,153.397,151.486,152.442,1270,6026
1983-12-08,152.723,153.06,152.385,152.948,710,6029
1983-12-09,153.397,153.847,152.948,153.735,627,6042
1983-12-12,154.972,154.972,154.072,154.691,788,6120
1983-12-13,154.353,154.522,153.96,154.241,567,6137
1983-12-14,154.185,154.635,153.847,154.466,993,6326
1983-12-15,154.635,155.197,153.622,155.197,1790,6366
1983-12-16,154.972,155.309,153.96,154.185,1070,6266
1983-12-19,154.859,156.04,154.635,154.635,1359,6368
1983-12-20,155.084,155.872,154.635,155.759,1115,6415
1983-12-21,155.984,155.984,154.635,154.803,1244,6577
1983-12-22,154.859,155.59,154.691,155.197,933,6509
1983-12-23,156.321,156.771,155.759,156.209,1435,6543
1983-12-27,153.791,156.546,153.398,156.322,1846,6748
1983-12-28,155.872,155.872,154.635,155.028,1470,6795
1983-12-29,154.747,155.084,154.297,154.86,845,6817
1983-12-30,154.747,155.928,153.96,155.759,960,6703
1984-01-03,154.522,154.86,152.385,153.116,2093,6503
1984-01-04,152.948,154.072,152.385,153.06,1124,6340
1984-01-05,153.622,156.434,153.566,156.434,2277,6474
1984-01-06,156.884,157.446,154.522,154.691,2093,6720
1984-01-09,154.972,155.647,154.072,154.803,1380,6744
1984-01-10,154.86,156.434,154.129,156.378,1093,6809
1984-01-11,156.097,156.546,155.084,156.434,967,6945
1984-01-12,156.771,159.583,156.659,159.47,2011,7103
1984-01-13,159.47,159.47,158.008,159.246,1473,7295
1984-01-16,159.133,160.033,157.952,158.852,1542,7287
1984-01-17,159.47,161.72,159.47,161.439,2085,7089
1984-01-18,160.82,161.551,160.033,160.989,1351,7113
1984-01-19,158.796,159.695,157.615,157.615,2029,7316
1984-01-20,157.221,158.571,156.546,157.277,1692,7195
1984-01-23,157.334,157.671,156.603,157.39,1074,7003
1984-01-24,157.109,157.221,154.353,154.522,2532,7049
1984-01-25,154.972,154.972,152.498,153.341,2812,6882
1984-01-26,153.173,154.972,152.948,153.51,1949,6762
1984-01-27,154.185,155.872,154.072,155.703,1150,6541
1984-01-30,155.872,156.659,154.972,156.097,1287,6549
1984-01-31,155.197,155.197,153.004,154.972,1829,6857
1984-02-01,154.297,155.647,153.285,155.591,1626,7023
1984-02-02,155.197,155.422,153.06,154.016,1320,7085
1984-02-03,153.735,155.084,152.498,154.916,1544,7201
1984-02-06,155.197,155.872,154.185,155.422,1253,7228
1984-02-07,155.872,157.334,155.422,157.165,1910,7270
1984-02-08,156.771,157.784,156.322,157.446,1304,7201
1984-02-09,156.996,157.334,155.872,156.603,1342,7158
1984-02-10,156.322,156.771,154.185,154.353,1480,7210
1984-02-13,153.791,156.322,153.173,156.04,2505,7778
1984-02-14,154.972,155.872,154.972,155.366,1278,7758
1984-02-15,154.297,157.896,154.297,157.784,1957,7842
1984-02-16,157.671,158.008,156.771,156.884,1023,7849
1984-02-17,157.334,159.021,156.097,158.964,1684,7899
1984-02-21,158.346,159.977,158.121,159.695,2100,7849
1984-02-22,159.695,159.808,158.233,158.739,2544,7683
1984-02-23,158.571,159.639,157.671,158.683,1939,7896
1984-02-24,158.571,160.708,158.571,160.651,2703,8218
1984-02-27,158.683,159.246,157.334,157.84,2745,8668
1984-02-28,157.559,158.796,156.996,157.784,1954,8744
1984-02-29,157.221,158.571,156.546,158.515,2112,8820
1984-03-01,158.571,159.414,157.671,157.896,2499,9080
1984-03-02,157.446,159.695,157.277,159.639,1866,9252
1984-03-05,159.358,160.595,159.021,160.145,1419,9239
1984-03-06,159.639,160.201,159.246,159.752,1238,9269
1984-03-07,159.47,159.47,157.559,157.84,2131,9053
1984-03-08,158.008,160.314,157.221,160.089,2281,9402
1984-03-09,160.033,160.37,159.021,159.302,1418,9503
1984-03-12,159.021,159.133,158.008,158.29,1895,9341
1984-03-13,158.683,159.021,156.771,157.053,1453,9226
1984-03-14,156.996,157.334,155.815,155.872,1898,9141
1984-03-15,157.671,157.671,154.86,155.422,2194,9201
1984-03-16,155.309,155.534,154.86,154.916,644,9062
1984-03-19,154.916,155.534,154.635,154.803,848,8906
1984-03-20,154.972,155.253,153.173,153.229,2116,8680
1984-03-21,153.679,155.309,153.679,154.297,2323,8556
1984-03-22,154.185,156.097,154.185,155.759,1772,8723
1984-03-23,156.097,156.546,155.534,155.984,2017,8694
1984-03-26,156.322,156.884,154.185,154.466,1588,8717
1984-03-27,152.948,154.185,152.835,153.173,1209,8777
1984-03-28,153.06,153.96,152.948,153.735,1103,8743
1984-03-29,153.96,153.96,152.61,153.173,923,8600
1984-03-30,152.723,152.723,150.586,151.486,2029,8540
1984-04-02,151.036,152.048,150.811,151.767,1326,8329
1984-04-03,151.823,151.823,150.811,150.867,1151,8330
1984-04-04,151.486,152.498,151.486,151.936,1269,8215
1984-04-05,152.048,152.723,149.686,149.799,1828,8164
1984-04-06,150.024,150.305,148.674,149.743,2086,7940
1984-04-09,149.574,151.092,149.349,149.967,1434,7742
1984-04-10,149.574,150.024,148.674,149.574,1019,7659
1984-04-11,149.911,150.474,149.574,149.799,708,7533
1984-04-12,150.024,150.136,147.381,147.718,2024,7603
1984-04-13,147.55,148.562,147.437,148.337,1470,7360
1984-04-16,148.224,148.449,147.887,148.056,943,7309
1984-04-17,147.887,148.224,147.325,147.437,828,7250
1984-04-18,147.662,148.449,147.325,148.393,1281,7279
1984-04-19,147.437,148.562,146.762,147.156,1747,7121
1984-04-23,147.325,147.999,146.312,146.312,716,6909
1984-04-24,146.594,147.662,145.863,145.975,1214,7031
1984-04-25,146.312,146.706,145.525,145.581,1620,7244
1984-04-26,145.75,146.425,145.3,145.357,1727,7304
1984-04-27,146.312,146.762,145.75,145.919,1488,7174
1984-04-30,146.537,146.537,145.413,146.144,1664,7088
1984-05-01,146.425,146.875,145.638,145.806,1342,6863
1984-05-02,145.638,147.718,145.075,147.493,2068,6738
1984-05-03,147.55,147.774,146.762,146.987,1318,6790
1984-05-04,147.437,147.606,146.2,146.312,992,6838
1984-05-07,146.65,146.875,145.975,146.65,1289,6991
1984-05-08,146.875,147.1,146.425,146.481,1227,7291
1984-05-09,146.875,147.774,146.594,147.268,1417,7355
1984-05-10,147.887,148.674,146.425,146.537,1640,7804
1984-05-11,146.2,146.312,145.638,145.919,905,7818
1984-05-14,145.75,146.425,145.581,145.919,635,7859
1984-05-15,147.1,147.662,146.256,146.537,1114,7995
1984-05-16,146.537,147.774,146.537,147.55,667,7994
1984-05-17,147.325,149.799,147.325,149.686,1670,7807
1984-05-18,149.574,150.586,149.236,150.474,1909,7493
1984-05-21,150.474,150.474,149.743,150.305,1371,7718
1984-05-22,150.024,150.136,149.574,150.08,776,7528
1984-05-23,149.686,150.136,149.574,150.08,786,7468
1984-05-24,149.799,150.024,147.325,148.73,1667,7588
1984-05-25,148.337,148.337,147.437,147.718,777,7574
1984-05-29,147.212,147.774,147.1,147.381,959,7599
1984-05-30,147.325,147.999,147.325,147.606,595,7648
1984-05-31,147.606,147.774,146.762,146.931,880,7615
1984-06-01,146.65,146.875,145.188,145.188,1865,7406
1984-06-04,145.188,145.75,144.626,145.188,1425,7630
1984-06-05,145.525,145.525,144.626,144.85,829,7684
1984-06-06,144.401,144.963,144.063,144.907,1127,7820
1984-06-07,144.963,146.2,144.963,145.975,966,7819
1984-06-08,145.975,147.156,145.975,147.043,811,7973
1984-06-11,147.1,147.662,147.043,147.156,687,7986
1984-06-12,147.325,147.606,145.975,146.481,846,8071
1984-06-13,146.762,147.437,146.65,147.381,552,8062
1984-06-14,147.55,148.056,147.268,147.718,935,7902
1984-06-15,148.224,150.024,147.999,150.024,1702,7932
1984-06-18,149.911,150.698,149.686,150.305,1569,7756
1984-06-19,150.136,150.249,149.012,149.18,1150,7785
1984-06-20,149.124,149.18,148.224,148.505,820,7787
1984-06-21,148.562,148.955,148.224,148.449,803,7773
1984-06-22,146.2,147.212,146.088,147.043,1717,7845
1984-06-25,147.1,149.012,146.875,148.955,1105,8042
1984-06-26,148.843,149.236,148.112,148.337,798,8037
1984-06-27,148.505,151.598,147.831,151.261,1308,7999
1984-06-28,150.474,151.654,150.361,151.317,2425,8023
1984-06-29,151.598,151.711,150.024,150.192,1313,8069
1984-07-02,150.361,150.53,149.574,149.967,714,8016
1984-07-03,150.249,150.867,149.574,150.361,806,8105
1984-07-05,150.923,151.205,148.899,149.236,1340,8227
1984-07-06,149.349,150.923,149.124,150.642,943,8265
1984-07-09,150.136,152.723,150.136,152.667,1807,8146
1984-07-10,152.16,152.554,151.261,151.992,1245,8035
1984-07-11,151.711,152.835,151.373,151.823,1455,8125
1984-07-12,151.261,152.385,151.148,152.273,544,8107
1984-07-13,152.61,153.06,151.598,152.835,1733,8243
1984-07-16,152.948,153.791,152.385,153.341,1208,8304
1984-07-17,153.341,153.51,152.779,153.454,921,8328
1984-07-18,153.06,153.51,152.385,153.341,1322,8360
1984-07-19,152.61,153.679,151.879,152.048,1403,8477
1984-07-20,151.373,152.273,151.373,152.048,1307,8621
1984-07-23,151.486,151.486,148.674,148.674,2445,8352
1984-07-24,148.337,149.236,147.325,147.437,2708,8085
1984-07-25,147.325,149.124,147.212,148.955,2216,8072
1984-07-26,148.449,149.012,146.65,147.831,1947,8103
1984-07-27,147.325,147.662,146.312,147.662,1424,8031
1984-07-30,148.112,149.124,147.999,148.562,1290,7894
1984-07-31,148.562,148.562,146.875,146.931,1091,7780
1984-08-01,146.594,148.674,146.537,148.562,1964,7802
1984-08-02,149.124,149.124,148.224,148.73,990,7716
1984-08-03,149.236,149.686,149.012,149.012,1064,7572
1984-08-06,149.461,150.923,149.461,150.08,2011,7518
1984-08-07,150.361,150.474,149.349,150.474,1518,7402
1984-08-08,149.911,150.08,148.899,149.574,1521,7341
1984-08-09,149.236,151.936,148.899,151.767,1999,7428
1984-08-10,151.992,152.16,149.911,150.305,1639,7428
1984-08-13,150.024,150.136,149.461,149.574,812,7301
1984-08-14,149.068,150.698,148.674,149.799,1411,7478
1984-08-15,149.799,149.799,149.012,149.18,1062,7315
1984-08-16,149.124,150.474,148.899,150.361,994,7292
1984-08-17,150.305,150.361,148.505,149.236,1268,7049
1984-08-20,148.787,149.686,147.943,148.112,1162,6980
1984-08-21,148.112,149.574,147.887,148.899,1152,7023
1984-08-22,148.787,149.574,148.224,148.224,798,7024
1984-08-23,148.787,149.799,148.618,149.799,932,7059
1984-08-24,149.349,149.799,149.236,149.405,830,7002
1984-08-27,150.867,151.317,150.249,151.261,671,6935
1984-08-28,151.036,151.654,150.698,151.261,754,6905
1984-08-29,151.261,151.598,150.755,151.542,754,6904
1984-08-30,151.598,151.711,151.261,151.598,634,6904
1984-08-31,151.711,151.711,151.092,151.373,419,6877
1984-09-04,151.373,151.823,151.036,151.767,797,6969
1984-09-05,151.823,152.385,150.249,150.417,1206,7044
1984-09-06,150.249,150.698,149.574,150.474,1065,6943
1984-09-07,150.249,150.361,149.686,149.911,787,6776
1984-09-10,149.574,150.417,149.293,150.305,759,6648
1984-09-11,150.136,150.136,148.337,148.393,1416,6352
1984-09-12,148.112,149.686,147.325,148.618,1559,6318
1984-09-13,148.562,148.899,148.112,148.337,697,6295
1984-09-14,148.674,149.518,148.562,149.012,814,6288
1984-09-17,148.449,148.899,148.224,148.843,596,6234
1984-09-18,148.787,148.843,147.437,147.55,721,6039
1984-09-19,146.987,146.987,145.75,145.863,1574,5947
1984-09-20,145.863,146.031,145.638,145.863,1009,5917
1984-09-21,145.075,146.481,144.738,146.481,1331,5726
1984-09-24,146.312,146.537,145.525,146.088,864,5689
1984-09-25,145.413,145.413,145.019,145.132,1203,5623
1984-09-26,144.626,144.963,144.007,144.344,1383,5617
1984-09-27,148.337,149.461,148.112,149.236,1635,5458
1984-09-28,148.899,149.799,148.787,149.293,1441,5243
1984-10-01,149.574,150.136,149.124,149.461,856,5099
1984-10-02,149.799,150.642,149.686,150.361,1026,5123
1984-10-03,150.361,150.586,149.574,150.474,700,5007
1984-10-04,150.698,153.06,149.967,152.61,1568,4780
1984-10-05,151.823,152.498,151.711,152.273,855,4797
1984-10-08,152.048,152.891,151.711,152.835,570,4659
1984-10-09,152.498,152.498,151.373,151.879,505,4643
1984-10-10,151.486,153.398,151.205,152.891,919,4788
1984-10-11,152.948,153.285,152.61,153.06,836,4866
1984-10-12,152.723,152.891,151.879,151.936,674,4828
1984-10-15,152.048,152.61,151.936,152.329,523,4784
1984-10-16,152.048,152.329,151.654,151.767,418,4673
1984-10-17,151.823,151.879,151.542,151.654,455,4632
1984-10-18,151.598,151.823,151.261,151.542,584,4572
1984-10-19,148.168,148.899,148.168,148.168,1682,4552
1984-10-22,147.887,149.686,147.887,149.068,1507,4447
1984-10-23,149.236,150.361,149.124,150.249,820,4508
1984-10-24,150.249,151.261,149.911,150.867,959,4529
1984-10-25,150.698,150.923,149.686,150.417,741,4550
1984-10-26,150.586,151.767,150.586,151.598,1136,4594
1984-10-29,155.703,155.703,155.197,155.591,982,4605
1984-10-30,155.197,155.647,154.86,155.647,992,4761
1984-10-31,155.197,155.591,154.522,155.197,1132,4781
1984-11-01,155.197,155.534,155.084,155.422,925,4697
1984-11-02,155.197,155.534,154.522,154.522,805,4528
1984-11-05,154.635,155.647,154.578,155.647,944,4539
1984-11-06,155.647,156.209,155.309,155.309,1252,4491
1984-11-07,155.534,155.647,154.635,154.747,895,4462
1984-11-08,154.972,156.209,154.803,156.097,1047,4547
1984-11-09,156.209,156.828,155.759,156.546,724,4600
1984-11-12,156.659,156.884,156.097,156.546,371,4631
1984-11-13,156.49,156.771,156.097,156.097,312,4578
1984-11-14,156.097,157.559,155.872,156.209,600,4682
1984-11-15,155.984,157.39,155.872,156.546,923,4800
1984-11-16,156.546,158.908,156.546,158.796,1074,4815
1984-11-19,158.852,159.414,158.346,158.908,1089,4902
1984-11-20,158.233,158.796,158.233,158.571,665,4713
1984-11-21,158.571,159.47,158.458,159.358,717,4674
1984-11-23,159.47,159.695,158.908,159.527,385,4687
1984-11-26,159.583,160.483,158.796,159.808,664,4789
1984-11-27,159.808,159.977,158.683,158.739,600,4882
1984-11-28,158.908,159.808,158.796,159.133,1085,4812
1984-11-29,158.908,159.808,158.796,159.695,1034,5066
1984-11-30,159.808,160.258,159.47,160.145,846,5278
1984-12-03,160.145,160.145,158.121,158.346,836,5395
1984-12-04,158.571,159.47,157.896,159.47,732,5509
1984-12-05,159.358,159.583,158.346,159.246,434,5601
1984-12-06,159.133,160.145,158.796,159.92,320,5655
1984-12-07,159.133,160.033,159.133,159.358,550,5665
1984-12-10,159.583,159.808,159.021,159.414,681,5853
1984-12-11,159.358,159.695,159.021,159.358,385,5913
1984-12-12,159.246,159.92,159.246,159.527,546,5991
1984-12-13,159.695,160.089,159.246,159.246,518,6074
1984-12-14,159.47,159.808,159.246,159.246,417,6180
1984-12-17,158.683,160.258,158.571,160.258,760,6359
1984-12-18,160.258,160.595,159.47,160.033,1599,6815
1984-12-19,159.47,160.483,159.47,160.258,564,6968
1984-12-20,160.089,160.258,159.92,159.977,574,7124
1984-12-21,160.595,161.72,160.595,161.045,2214,7705
1984-12-24,161.382,161.72,160.82,161.495,1025,8126
1984-12-26,161.495,161.72,161.27,161.382,762,8164
1984-12-27,164.081,165.206,163.856,164.981,1012,8386
1984-12-28,164.756,164.981,164.306,164.7,616,8436
1984-12-31,164.7,165.037,164.531,164.925,618,8473
1985-01-02,165.206,166.106,165.094,165.993,1377,8523
1985-01-03,165.656,165.712,164.194,164.363,1290,8541
1985-01-04,163.744,164.138,163.632,163.969,1020,8647
1985-01-07,163.407,163.632,162.788,163.463,1222,8713
1985-01-08,163.463,164.419,161.945,162.001,1640,8599
1985-01-09,162.282,162.619,161.382,161.495,1978,8350
1985-01-10,161.832,163.294,161.72,162.676,1175,8555
1985-01-11,162.732,162.957,162.057,162.113,741,8567
1985-01-14,162.619,162.957,161.551,162.788,1344,8683
1985-01-15,163.182,163.969,162.113,163.913,2021,8990
1985-01-16,163.744,165.262,163.519,163.913,1789,9142
1985-01-17,163.969,164.419,163.519,163.856,1043,9226
1985-01-18,164.081,164.756,164.081,164.7,838,9339
1985-01-21,164.644,165.993,164.306,165.543,1428,9422
1985-01-22,165.094,165.094,163.856,164.644,1549,9472
1985-01-23,164.419,165.543,163.969,165.487,2057,9833
1985-01-24,165.487,165.656,164.981,165.318,1146,10067
1985-01-25,165.543,165.6,165.094,165.543,1240,10304
1985-01-28,166.218,168.13,166.218,168.074,2732,10720
1985-01-29,167.905,168.018,166.78,167.399,3464,10784
1985-01-30,167.005,167.68,166.443,166.949,1550,10811
1985-01-31,167.005,167.343,165.937,166.106,1242,11005
1985-02-01,165.993,167.455,165.993,166.837,1635,11238
1985-02-04,166.837,167.118,165.993,166.949,1611,11480
1985-02-05,166.893,167.343,165.768,166.162,1740,11424
1985-02-06,166.218,166.218,164.306,164.869,2905,11364
1985-02-07,164.869,165.318,164.475,164.531,1440,11365
1985-02-08,164.644,165.094,164.475,165.094,1233,11335
1985-02-11,164.756,165.6,164.644,165.543,1822,11608
1985-02-12,167.568,167.568,163.632,166.218,5077,11971
1985-02-13,166.556,166.556,164.25,164.363,1993,11747
1985-02-14,164.138,164.306,162.17,162.563,2936,11843
1985-02-15,162.507,163.182,162.001,162.057,1797,11571
1985-02-19,161.27,161.27,158.796,160.145,3491,11359
1985-02-20,160.595,160.932,159.302,159.47,1974,11571
1985-02-21,159.695,161.045,159.302,159.527,1793,11731
1985-02-22,159.583,159.695,157.671,158.121,2374,11534
1985-02-25,159.021,159.92,156.996,157.165,3162,11177
1985-02-26,156.546,157.671,156.209,157.053,2793,10753
1985-02-27,159.302,160.37,159.133,159.695,1934,10812
1985-02-28,159.695,159.695,158.008,158.29,1864,10843
1985-03-01,158.121,159.133,158.121,158.346,1499,11025
1985-03-04,157.784,158.008,155.759,155.928,3223,10765
1985-03-05,155.928,156.771,155.084,156.097,2448,10729
1985-03-06,156.434,157.334,156.434,156.546,1957,10734
1985-03-07,156.771,156.771,155.309,155.366,1478,10860
1985-03-08,155.309,158.458,154.635,157.446,2485,10863
1985-03-11,157.896,158.233,157.727,157.727,923,10842
1985-03-12,157.446,158.065,156.996,157.39,930,10863
1985-03-13,156.996,157.109,155.759,156.04,1160,10954
1985-03-14,155.197,155.647,153.173,153.285,2626,10835
1985-03-15,153.173,153.398,150.811,151.598,2868,11033
1985-03-18,151.486,152.16,150.136,150.136,1821,10766
1985-03-19,150.024,152.779,150.024,152.61,1561,10457
1985-03-20,152.273,152.385,151.148,151.654,1169,10466
1985-03-21,151.823,153.06,151.823,152.61,1320,10476
1985-03-22,152.835,153.398,152.048,153.004,1333,10693
1985-03-25,152.498,153.285,152.385,152.667,991,10719
1985-03-26,152.948,155.084,152.835,154.522,1798,10657
1985-03-27,157.446,158.402,156.884,157.334,1967,10498
1985-03-28,157.896,158.233,156.996,157.109,1229,10524
1985-03-29,157.334,158.121,156.097,156.322,1678,10515
1985-04-01,156.209,156.322,154.747,154.803,1719,10398
1985-04-02,154.86,155.478,154.297,154.466,1442,10105
1985-04-03,154.072,154.185,153.51,153.679,1378,9819
1985-04-04,153.398,154.185,153.173,153.454,1077,9938
1985-04-08,152.948,153.51,152.61,152.667,1033,9852
1985-04-09,152.723,155.197,152.723,153.791,1677,9777
1985-04-10,153.679,153.791,152.385,152.498,1382,9411
1985-04-11,152.498,153.341,151.936,152.385,983,9472
1985-04-12,152.16,153.06,149.799,149.855,2028,9427
1985-04-15,149.574,150.249,147.437,148.337,2490,9274
1985-04-16,148.112,148.674,146.256,146.762,2527,8721
1985-04-17,146.762,147.1,145.75,146.312,1943,8691
1985-04-18,146.987,147.718,146.425,147.493,1371,8508
1985-04-19,147.662,148.73,147.662,148.562,1222,8377
1985-04-22,149.012,149.012,147.887,148.168,1212,8404
1985-04-23,147.437,147.774,145.525,146.706,1633,8285
1985-04-24,146.425,147.156,146.312,147.1,1237,8382
1985-04-25,147.1,147.999,146.2,146.256,1461,8473
1985-04-26,146.762,147.156,146.312,146.65,1401,8525
1985-04-29,153.398,154.297,153.398,153.904,1553,8182
1985-04-30,153.96,154.41,150.698,150.811,2368,7955
1985-05-01,151.036,151.148,150.249,150.867,1561,7980
1985-05-02,151.036,151.092,148.955,149.012,1915,7956
1985-05-03,148.899,148.955,146.2,146.369,2231,7898
1985-05-06,145.75,148.674,145.019,148.674,2189,7843
1985-05-07,147.999,149.574,147.437,149.068,2104,7835
1985-05-08,149.124,151.486,149.124,150.923,1704,7534
1985-05-09,151.486,153.398,151.373,153.004,1973,7681
1985-05-10,153.06,153.96,152.554,153.679,1478,7510
1985-05-13,153.398,153.679,152.217,152.554,1389,7344
1985-05-14,153.285,155.084,152.835,154.635,1519,7133
1985-05-15,154.635,155.534,154.072,154.916,1467,7076
1985-05-16,154.916,154.972,154.129,154.353,900,7134
1985-05-17,154.185,154.691,153.96,154.466,539,6992
1985-05-20,154.747,155.647,154.297,155.478,1007,7089
1985-05-21,155.197,155.422,153.285,153.679,1286,7132
1985-05-22,153.735,154.129,153.06,153.679,682,7224
1985-05-23,153.847,154.522,153.679,154.185,365,7215
1985-05-24,154.522,156.771,154.41,156.546,1323,7282
1985-05-28,156.771,157.277,155.872,155.984,1482,7391
1985-05-29,155.759,155.759,154.185,154.635,1336,7507
1985-05-30,154.072,154.072,151.261,152.723,2705,8024
1985-05-31,152.498,154.297,152.104,153.116,1601,8176
1985-06-03,152.835,153.735,151.823,153.229,1399,8048
1985-06-04,152.498,152.498,150.923,152.104,2143,8495
1985-06-05,152.16,153.398,152.16,153.06,929,8512
1985-06-06,153.285,154.072,153.285,153.679,807,8395
1985-06-07,154.072,154.86,153.847,154.241,839,8534
1985-06-10,154.747,154.747,153.06,153.116,796,8611
1985-06-11,153.285,154.41,152.723,154.241,679,8719
1985-06-12,154.41,154.578,153.454,153.51,751,8843
1985-06-13,153.51,153.96,152.273,152.498,780,8799
1985-06-14,152.61,153.51,151.879,152.948,788,8906
1985-06-17,153.173,153.847,152.329,152.442,679,8911
1985-06-18,151.936,151.936,150.923,151.205,1401,8976
1985-06-19,151.036,152.385,151.036,151.711,1114,8888
1985-06-20,151.823,151.936,148.562,148.618,1911,8889
1985-06-21,149.236,149.574,147.718,149.349,1635,8836
1985-06-24,147.774,147.999,146.031,146.312,1785,8825
1985-06-25,146.2,146.987,145.75,145.919,1543,8880
1985-06-26,145.975,147.55,145.975,146.256,1526,8980
1985-06-27,145.975,146.537,144.626,145.863,1666,9089
1985-06-28,146.987,147.662,146.762,147.156,1092,8920
1985-07-01,146.762,146.987,143.951,144.119,1518,8969
1985-07-02,144.119,146.762,143.164,146.312,2238,8657
1985-07-03,146.762,149.236,146.762,148.393,1645,8656
1985-07-05,148.449,149.236,147.774,148.393,866,8458
1985-07-08,147.437,147.662,146.2,146.594,1299,8449
1985-07-09,146.312,147.662,146.088,146.144,1107,8343
1985-07-10,146.2,147.1,145.638,146.425,1188,8422
1985-07-11,146.65,147.268,144.963,146.875,1328,8519
1985-07-12,146.65,146.875,144.626,144.85,954,8606
1985-07-15,143.501,143.726,141.477,141.533,1825,8546
1985-07-16,141.364,142.826,140.24,142.601,1989,8576
1985-07-17,141.027,143.051,140.352,142.151,1811,8793
1985-07-18,142.151,142.264,140.971,141.533,1033,8780
1985-07-19,141.252,142.545,140.802,140.971,982,8889
1985-07-22,140.746,141.139,138.553,138.834,1924,9020
1985-07-23,141.702,141.926,139.452,139.677,2333,8944
1985-07-24,138.665,139.115,136.303,136.697,3002,9146
1985-07-25,136.866,137.484,135.066,135.347,2626,9285
1985-07-26,135.066,135.854,132.48,132.705,3303,9457
1985-07-29,132.705,132.705,130.118,130.455,3291,9642
1985-07-30,130.793,132.705,129.218,132.48,4507,9992
1985-07-31,132.03,135.854,131.468,135.854,2693,9600
1985-08-01,136.866,139.227,136.866,139.227,3343,9350
1985-08-02,138.778,141.926,138.778,140.746,2740,9115
1985-08-05,141.027,144.119,141.027,143.951,2980,8364
1985-08-06,144.063,144.063,141.814,142.264,1984,8294
1985-08-07,143.276,143.613,141.702,142.657,1863,8272
1985-08-08,143.276,143.895,142.376,143.388,1778,8297
1985-08-09,143.951,145.975,143.388,145.863,2342,8012
1985-08-12,145.638,146.762,145.188,146.762,2132,7899
1985-08-13,145.413,145.75,143.838,144.513,2503,7818
1985-08-14,143.951,145.975,143.951,145.863,2386,7878
1985-08-15,146.2,147.212,145.3,145.3,1370,7666
1985-08-16,145.3,145.525,143.276,143.951,1480,7743
1985-08-19,143.613,143.613,141.364,141.814,1810,7617
1985-08-20,141.702,143.051,141.477,141.589,1569,7672
1985-08-21,141.477,144.176,141.477,143.164,1665,7453
1985-08-22,142.714,143.501,141.758,142.32,1550,7533
1985-08-23,141.926,143.388,141.814,142.826,1151,7441
1985-08-26,144.513,144.626,142.151,142.601,2845,7633
1985-08-27,140.015,141.42,139.002,140.914,2449,7879
1985-08-28,140.689,140.689,138.44,138.496,1445,7829
1985-08-29,138.103,138.103,135.572,136.303,2872,8014
1985-08-30,136.416,137.99,135.741,137.091,1862,8001
1985-09-03,137.428,137.653,133.717,133.773,1962,7993
1985-09-04,133.267,134.954,131.13,133.885,3281,8088
1985-09-05,133.829,134.729,132.03,132.086,1921,8124
1985-09-06,132.311,133.154,131.186,131.749,2065,8158
1985-09-09,130.455,130.905,128.375,128.375,1847,8235
1985-09-10,128.375,129.106,126.969,128.656,2867,8608
1985-09-11,128.431,130.68,127.756,130.174,3456,8978
1985-09-12,130.68,133.548,130.118,131.692,3371,9056
1985-09-13,132.705,134.841,131.917,134.56,3398,8701
1985-09-16,134.841,136.978,133.267,136.36,2203,8417
1985-09-17,135.966,137.54,135.404,137.372,3950,8805
1985-09-18,137.653,140.746,136.978,140.746,4393,8607
1985-09-19,140.352,141.364,139.227,141.083,5034,9716
1985-09-20,140.577,142.826,139.902,142.77,6237,11093
1985-09-23,142.489,142.489,139.565,140.858,3173,11109
1985-09-24,138.778,140.914,138.553,139.34,3846,10660
1985-09-25,139.115,140.24,138.44,138.496,3945,9774
1985-09-26,138.328,140.521,137.597,139.452,3787,9204
1985-09-27,144.401,147.1,144.176,146.537,2238,9187
1985-09-30,146.425,149.349,145.413,149.18,2813,8795
1985-10-01,148.674,149.349,147.662,148.224,2955,8900
1985-10-02,147.55,150.698,147.437,149.855,2911,9150
1985-10-03,150.586,152.948,150.586,152.329,2783,9409
1985-10-04,152.273,152.723,150.811,151.429,1506,9339
1985-10-07,151.373,151.373,148.899,149.405,1558,9317
1985-10-08,150.024,151.261,149.911,150.08,2056,9088
1985-10-09,150.586,150.586,146.931,146.987,1834,8864
1985-10-10,147.325,149.461,146.762,149.349,1399,8816
1985-10-11,149.236,151.373,148.618,151.092,1713,8927
1985-10-14,151.148,151.486,148.674,149.518,1782,9004
1985-10-15,149.012,149.293,147.999,148.505,1121,9058
1985-10-16,148.112,149.349,147.437,149.068,1235,9197
1985-10-17,149.012,150.361,148.674,148.73,1211,9262
1985-10-18,148.224,149.461,147.887,149.405,1104,9471
1985-10-21,150.024,150.923,149.124,149.461,1258,9483
1985-10-22,149.799,150.024,148.674,148.899,1137,9572
1985-10-23,148.787,149.012,146.144,146.987,2210,9465
1985-10-24,146.987,147.831,145.975,146.481,1866,9641
1985-10-25,146.369,147.437,146.2,146.987,1151,9605
1985-10-28,155.084,155.084,150.474,150.867,1888,9611
1985-10-29,150.474,151.711,149.349,150.136,1608,9478
1985-10-30,150.136,153.51,150.136,153.51,1903,9472
1985-10-31,154.522,155.647,153.847,154.522,2584,9752
1985-11-01,154.86,155.422,154.522,155.366,1385,9724
1985-11-04,155.422,155.422,154.072,154.353,1809,9695
1985-11-05,154.635,155.759,154.072,154.747,1406,9791
1985-11-06,154.466,154.466,153.341,154.353,1328,9682
1985-11-07,154.297,154.86,153.622,154.297,853,9672
1985-11-08,154.522,155.084,152.948,153.06,1214,9768
1985-11-11,153.285,153.735,152.498,153.285,746,9782
1985-11-12,154.072,154.185,152.835,153.06,920,9837
1985-11-13,153.398,153.51,150.811,151.092,1495,9807
1985-11-14,151.486,151.823,149.124,149.911,2056,9873
1985-11-15,149.911,150.586,148.562,148.618,1288,9860
1985-11-18,148.224,148.787,147.774,148.505,1146,9817
1985-11-19,149.124,150.698,148.899,149.743,1070,9800
1985-11-20,150.024,151.148,149.743,150.024,765,9780
1985-11-21,150.698,151.148,150.136,150.923,762,9834
1985-11-22,151.148,151.148,149.911,149.967,633,9837
1985-11-25,150.024,150.698,149.799,150.361,1105,10009
1985-11-26,150.136,151.205,149.461,150.474,1073,10133
1985-11-27,150.923,151.373,150.361,151.092,1180,10191
1985-11-29,151.598,152.385,151.261,152.048,1302,10365
1985-12-02,152.048,152.948,152.048,152.667,1464,10492
1985-12-03,152.048,152.273,149.461,150.192,2142,10560
1985-12-04,149.574,150.024,148.224,148.337,2372,10631
1985-12-05,149.124,149.686,148.674,149.349,1556,10737
1985-12-06,149.461,149.461,146.762,146.819,2449,10707
1985-12-09,146.762,150.192,146.762,150.192,1825,10588
1985-12-10,150.249,150.249,146.819,148.562,1812,10477
1985-12-11,148.674,148.674,146.762,147.043,1760,10869
1985-12-12,146.537,147.999,145.413,147.156,2024,10906
1985-12-13,147.381,149.012,147.381,148.955,1024,10842
1985-12-16,149.012,149.236,146.537,146.706,1365,10953
1985-12-17,145.75,148.674,145.638,146.987,1961,11148
1985-12-18,146.875,147.887,145.975,146.2,1207,11176
1985-12-19,146.65,147.212,145.863,146.369,1380,11234
1985-12-20,146.762,148.112,146.65,147.943,894,11338
1985-12-23,148.112,148.449,147.437,147.437,735,11303
1985-12-24,149.124,150.698,149.124,149.743,1359,11433
1985-12-26,150.024,150.586,149.124,149.518,1758,11440
1985-12-27,152.217,152.498,151.148,151.317,807,11229
1985-12-30,151.036,151.036,148.899,148.955,1303,11289
1985-12-31,148.899,150.024,148.618,149.236,844,11206
1986-01-02,149.686,150.136,146.2,146.875,2589,11188
1986-01-03,146.2,146.875,144.85,145.694,3324,10855
1986-01-06,145.975,146.65,144.513,144.738,1524,10637
1986-01-07,145.525,146.425,145.413,146.256,941,10618
1986-01-08,145.975,146.088,143.051,143.501,1809,10686
1986-01-09,144.401,146.2,143.501,145.132,1730,10913
1986-01-10,145.863,148.224,145.863,147.662,1883,10808
1986-01-13,147.1,147.887,145.075,145.3,1734,10653
1986-01-14,145.75,146.088,144.401,145.75,2021,10679
1986-01-15,146.144,148.674,146.088,148.112,1857,10573
1986-01-16,147.325,148.393,146.65,147.887,1416,10710
1986-01-17,147.437,148.449,146.987,147.662,1066,10711
1986-01-20,147.774,149.799,147.774,149.686,1589,10675
1986-01-21,149.799,150.024,148.337,148.562,1208,10477
1986-01-22,148.337,149.068,147.887,148.73,873,10506
1986-01-23,149.349,150.249,149.124,149.911,1546,10438
1986-01-24,149.686,150.024,149.012,149.855,1221,10554
1986-01-27,151.598,151.711,150.305,150.305,1875,10575
1986-01-28,150.024,151.148,149.686,150.361,1353,10752
1986-01-29,149.799,149.855,148.787,149.18,1260,10707
1986-01-30,149.574,149.574,147.55,147.662,1534,10859
1986-01-31,147.212,148.562,147.1,147.887,999,10941
1986-02-03,148.337,149.349,148.112,148.224,1013,10797
1986-02-04,148.224,148.224,145.413,146.088,2125,10903
1986-02-05,146.537,147.999,145.638,147.606,1587,11073
1986-02-06,147.55,147.943,146.537,147.55,1236,11265
1986-02-07,147.325,148.787,147.325,148.618,1280,11141
1986-02-10,148.787,149.349,147.887,148.393,1030,11224
1986-02-11,147.999,147.999,145.075,145.132,2156,11423
1986-02-12,144.513,145.525,143.613,144.85,2466,11660
1986-02-13,144.738,145.3,143.501,144.007,1719,11709
1986-02-14,143.951,145.3,143.951,144.738,1269,11628
1986-02-18,143.164,143.388,141.364,141.364,1944,11812
1986-02-19,140.577,144.401,140.577,141.42,2419,11918
1986-02-20,142.601,143.107,142.151,142.376,2008,12236
1986-02-21,142.826,145.525,142.826,145.188,1898,12201
1986-02-24,145.525,146.312,145.075,145.919,1978,12194
1986-02-25,145.975,147.887,145.638,147.718,2351,12049
1986-02-26,147.943,147.999,146.312,146.425,2115,11961
1986-02-27,146.088,146.088,144.401,144.907,2066,12054
1986-02-28,145.413,147.1,144.401,144.85,2124,12106
1986-03-03,143.951,143.951,142.151,142.714,2230,11844
1986-03-04,142.489,144.513,141.926,143.445,1604,11923
1986-03-05,143.613,143.613,140.802,141.87,1880,11988
1986-03-06,142.039,144.063,141.589,142.095,1851,12205
1986-03-07,141.926,141.926,139.79,140.127,2706,12137
1986-03-10,140.464,140.802,138.553,140.352,2285,12171
1986-03-11,140.577,140.577,137.765,138.271,2218,12329
1986-03-12,138.103,140.015,137.54,139.171,2350,12421
1986-03-13,139.34,139.902,138.89,139.452,1427,12267
1986-03-14,139.79,140.464,139.452,139.509,1254,11863
1986-03-17,137.765,138.215,136.36,137.765,2166,11764
1986-03-18,137.091,137.428,134.954,135.01,2665,11892
1986-03-19,136.078,136.866,135.516,136.36,1658,11634
1986-03-20,137.203,137.316,135.91,136.472,1448,11790
1986-03-21,137.203,138.328,136.866,137.99,1268,11651
1986-03-24,138.215,138.215,134.729,135.347,1349,11745
1986-03-25,135.854,137.765,135.741,136.753,1678,11747
1986-03-26,136.866,136.866,135.854,136.191,1998,11687
1986-03-27,139.227,139.621,137.765,138.103,2229,11820
1986-03-31,137.54,137.54,134.729,134.729,1515,11842
1986-04-01,131.58,131.917,131.355,131.355,2993,11759
1986-04-02,132.142,133.942,131.58,132.873,2982,11506
1986-04-03,133.829,133.829,129.499,129.499,2468,11494
1986-04-04,129.668,130.343,126.294,126.407,3103,11278
1986-04-07,128.094,129.218,126.857,127.644,2537,11145
1986-04-08,128.319,129.106,125.507,127.194,2853,10973
1986-04-09,128.206,129.05,127.082,128.375,1896,10855
1986-04-10,129.893,130.23,128.319,128.6,1568,10752
1986-04-11,129.556,131.58,129.331,131.299,2166,10725
1986-04-14,132.03,132.03,129.781,130.343,1875,10682
1986-04-15,130.68,130.68,126.969,127.082,1790,10660
1986-04-16,126.857,127.644,123.708,123.82,2968,10695
1986-04-17,124.158,126.519,122.133,126.407,2610,10622
1986-04-18,126.857,128.993,124.045,124.158,2524,10543
1986-04-21,123.933,125.17,121.234,121.627,2811,10971
1986-04-22,121.234,122.864,119.547,121.571,2972,11055
1986-04-23,122.808,123.033,118.422,118.534,2901,10925
1986-04-24,118.534,120.221,116.96,119.49,3267,10843
1986-04-25,119.772,119.772,117.972,118.085,1990,11009
1986-04-28,123.708,123.708,121.515,121.908,2480,11238
1986-04-29,122.471,125.282,122.471,125.282,2264,10964
1986-04-30,127.306,128.656,126.969,128.656,3706,10872
1986-05-01,129.893,129.893,126.182,127.588,3290,10762
1986-05-02,126.632,128.656,126.182,127.194,2888,10513
1986-05-05,126.519,130.568,125.507,128.656,3250,10211
1986-05-06,129.781,130.455,126.857,127.531,2843,10289
1986-05-07,127.194,128.656,126.407,128.319,2027,10003
1986-05-08,128.993,131.692,128.768,131.243,2632,9707
1986-05-09,132.03,133.042,130.68,132.648,1716,9470
1986-05-12,132.592,133.942,131.749,132.648,2479,9024
1986-05-13,132.817,133.604,131.355,132.761,1930,9038
1986-05-14,133.042,133.267,131.917,132.255,1513,8902
1986-05-15,132.592,132.817,130.568,131.018,1230,8920
1986-05-16,127.644,128.319,127.644,127.644,1369,9054
1986-05-19,127.082,129.893,127.082,128.094,1984,8939
1986-05-20,128.206,128.712,127.306,127.531,1386,8865
1986-05-21,127.306,127.7,124.158,124.158,2034,8729
1986-05-22,125.057,126.519,124.045,126.407,1786,8605
1986-05-23,126.519,128.15,126.069,127.981,1117,8595
1986-05-27,127.419,129.106,125.844,127.756,1731,8693
1986-05-28,128.206,130.568,127.981,130.343,1942,9014
1986-05-29,130.793,130.793,128.656,129.443,1147,9124
1986-05-30,129.106,129.106,126.182,126.969,1656,9257
1986-06-02,126.294,126.351,124.72,124.832,1594,9522
1986-06-03,124.607,126.126,124.382,125.282,1150,9530
1986-06-04,125.282,127.981,125.282,126.575,1306,9505
1986-06-05,127.082,129.106,126.969,128.993,1306,9587
1986-06-06,128.993,129.893,127.588,127.981,1280,9734
1986-06-09,128.656,128.768,125.057,125.563,1750,9465
1986-06-10,125.17,127.644,124.832,126.8,1622,9561
1986-06-11,126.294,127.082,125.395,126.744,1368,9871
1986-06-12,126.294,128.993,126.294,128.881,1507,10035
1986-06-13,128.768,130.399,128.768,129.724,1737,10210
1986-06-16,130.343,130.455,127.981,128.825,1213,10324
1986-06-17,131.13,132.199,129.893,132.199,2050,10754
1986-06-18,133.717,134.673,132.592,134.504,3319,11095
1986-06-19,134.167,134.504,133.154,133.717,1465,11057
1986-06-20,133.942,135.854,133.829,135.797,2113,10890
1986-06-23,135.741,135.797,134.56,135.404,1116,10822
1986-06-24,138.778,138.778,138.778,138.778,220,10659
1986-06-25,142.151,142.151,140.914,142.095,3469,10845
1986-06-26,141.139,141.589,139.452,140.802,2311,10994
1986-06-27,140.577,141.702,138.89,139.452,1873,11087
1986-06-30,138.778,139.34,136.191,139.002,2619,11151
1986-07-01,137.878,140.015,136.866,139.677,1852,11322
1986-07-02,138.778,142.376,138.665,142.151,1884,11187
1986-07-03,142.601,142.601,140.689,141.87,1554,11693
1986-07-07,142.151,145.075,141.983,143.782,3145,11830
1986-07-08,143.388,143.388,140.802,140.858,1844,11743
1986-07-09,140.352,144.063,139.227,143.726,2325,11946
1986-07-10,143.613,144.176,141.477,143.332,1803,11964
1986-07-11,142.32,142.826,140.577,141.589,1810,11819
1986-07-14,141.027,142.939,140.296,142.826,1772,11920
1986-07-15,143.501,145.3,143.388,145.075,2419,12037
1986-07-16,144.569,146.762,143.388,144.176,2984,12147
1986-07-17,144.288,145.3,143.164,143.276,1593,11908
1986-07-18,144.513,146.65,144.288,146.256,1963,12083
1986-07-21,146.537,147.325,145.75,146.762,2131,12199
1986-07-22,146.65,146.762,144.85,146.481,1640,12128
1986-07-23,146.65,148.618,146.65,148.056,2106,12476
1986-07-24,147.325,148.393,147.043,147.774,1663,12320
1986-07-25,147.55,147.831,146.537,147.437,2157,12251
1986-07-28,145.75,145.806,144.063,144.513,3858,12509
1986-07-29,143.501,143.613,142.264,142.376,2012,12633
1986-07-30,141.252,142.826,139.733,140.858,2707,12822
1986-07-31,140.015,141.926,140.015,141.139,2144,12709
1986-08-01,141.252,142.601,141.252,142.264,939,12565
1986-08-04,143.051,143.276,141.758,142.376,1077,12602
1986-08-05,142.601,143.276,141.139,141.139,1662,12613
1986-08-06,141.589,141.589,139.115,140.352,1753,12619
1986-08-07,141.252,143.051,141.252,142.489,1274,12463
1986-08-08,142.601,142.77,141.702,142.433,1634,12572
1986-08-11,142.826,143.388,141.477,141.645,1751,12583
1986-08-12,141.814,142.826,141.702,141.926,1602,12475
1986-08-13,141.926,142.826,141.814,142.489,1177,12494
1986-08-14,142.601,142.77,141.926,141.926,902,12379
1986-08-15,142.714,143.951,142.264,143.895,1937,12130
1986-08-18,142.939,143.726,142.489,143.613,1944,11921
1986-08-19,143.726,144.288,143.164,143.726,2460,11563
1986-08-20,143.276,143.388,141.926,142.433,2204,11205
1986-08-21,141.926,142.489,141.477,141.645,944,11215
1986-08-22,141.589,142.32,141.139,141.702,1216,11281
1986-08-25,141.477,141.983,140.746,141.027,1202,11300
1986-08-26,141.027,141.252,140.352,141.027,957,11298
1986-08-27,143.164,144.288,143.164,143.332,1247,11205
1986-08-28,143.501,143.895,142.939,143.557,1013,11068
1986-08-29,143.726,144.738,143.501,144.513,1445,11201
1986-09-02,144.85,146.088,144.513,144.569,1760,11248
1986-09-03,144.288,145.75,143.951,145.188,1879,11148
1986-09-04,145.525,145.975,144.85,145.919,1188,11001
1986-09-05,146.088,146.481,145.357,146.425,1098,11098
1986-09-08,145.75,146.312,145.244,145.357,883,11001
1986-09-09,145.3,146.2,144.626,146.088,1031,10853
1986-09-10,145.975,146.088,145.075,145.469,898,10778
1986-09-11,144.85,145.188,143.107,143.895,1764,10584
1986-09-12,143.276,143.501,141.87,141.926,1954,10278
1986-09-15,141.252,142.601,140.24,142.433,2506,10160
1986-09-16,141.139,143.501,141.139,142.657,1350,9962
1986-09-17,142.489,143.276,142.376,142.657,879,9915
1986-09-18,142.601,142.826,141.702,141.814,803,9893
1986-09-19,141.589,142.039,141.42,141.814,538,9836
1986-09-22,141.252,141.308,139.452,139.677,1715,9602
1986-09-23,139.227,141.364,139.227,140.577,1661,9483
1986-09-24,140.577,141.139,138.609,139.227,1442,9471
1986-09-25,139.227,140.015,138.89,139.396,960,9223
1986-09-26,139.452,140.015,139.227,139.565,1054,9252
1986-09-29,141.477,141.477,140.577,140.746,1030,9545
1986-09-30,140.914,140.914,138.328,138.665,1407,9380
1986-10-01,139.002,139.002,136.866,138.328,2154,9147
1986-10-02,138.778,138.89,134.954,134.954,2096,9040
1986-10-03,134.954,136.078,134.392,135.291,2167,9017
1986-10-06,135.404,136.866,135.179,136.191,1261,8995
1986-10-07,136.978,138.665,136.978,138.159,1439,9049
1986-10-08,138.384,138.44,137.203,137.259,1216,9012
1986-10-09,137.878,138.778,137.822,138.271,892,9090
1986-10-10,138.665,139.34,138.215,139.115,851,9171
1986-10-13,139.565,140.352,138.89,140.015,923,9358
1986-10-14,139.452,141.87,139.34,140.633,1881,9423
1986-10-15,140.577,141.814,140.24,141.083,1492,9476
1986-10-16,141.139,141.364,140.521,140.914,942,9514
1986-10-17,141.027,141.027,139.509,139.621,1014,9479
1986-10-20,139.452,139.79,139.002,139.059,739,9340
1986-10-21,139.002,139.002,137.316,137.484,1380,9089
1986-10-22,137.765,138.103,136.978,137.428,847,8983
1986-10-23,137.878,137.99,137.316,137.597,686,8912
1986-10-24,137.765,137.99,136.753,136.922,675,8857
1986-10-27,138.553,140.689,138.553,140.183,1453,8875
1986-10-28,140.577,140.577,139.677,140.015,723,8888
1986-10-29,140.127,141.252,140.015,140.352,905,9007
1986-10-30,140.24,140.24,139.565,139.846,1061,8975
1986-10-31,139.79,141.477,139.002,139.565,1795,8682
1986-11-03,139.677,140.577,138.89,140.408,1326,8868
1986-11-04,140.577,141.252,139.565,140.352,942,8620
1986-11-05,140.015,140.352,139.002,140.352,764,8764
1986-11-06,139.79,140.802,139.677,140.689,576,8744
1986-11-07,140.914,140.914,140.015,140.352,597,8822
1986-11-10,140.127,141.308,139.902,141.139,915,8975
1986-11-11,141.252,142.151,141.027,141.814,1360,9030
1986-11-12,141.926,144.513,141.589,142.995,2887,9352
1986-11-13,143.501,144.176,143.107,143.557,1621,9381
1986-11-14,143.501,143.726,142.939,143.051,959,9216
1986-11-17,143.501,143.838,142.376,143.051,967,9245
1986-11-18,142.376,142.826,141.926,142.714,821,9319
1986-11-19,142.714,143.388,142.601,142.657,1083,9313
1986-11-20,142.714,143.838,142.714,143.501,1232,9291
1986-11-21,143.501,143.726,142.489,142.714,719,8789
1986-11-24,143.164,143.388,142.714,143.164,392,8867
1986-11-25,143.22,143.838,142.826,142.882,615,9075
1986-11-26,142.826,143.051,142.039,142.714,726,9105
1986-11-28,142.489,143.501,142.489,143.051,465,9083
1986-12-01,143.164,143.782,142.882,143.107,598,9151
1986-12-02,142.601,142.826,141.308,141.814,1210,9195
1986-12-03,141.252,141.702,140.577,140.689,1020,9034
1986-12-04,140.689,141.252,140.577,140.858,515,9045
1986-12-05,140.689,141.364,140.689,141.027,508,9106
1986-12-08,141.027,141.364,140.577,140.633,540,9224
1986-12-09,140.802,140.802,139.902,140.577,882,9168
1986-12-10,140.577,140.577,139.677,139.733,555,9180
1986-12-11,140.015,140.015,138.946,139.565,762,9258
1986-12-12,139.79,139.79,139.227,139.227,504,9287
1986-12-15,139.002,139.002,137.484,138.271,982,9205
1986-12-16,139.227,139.227,138.553,138.721,826,9086
1986-12-17,139.002,139.002,138.384,138.44,501,9018
1986-12-18,138.553,138.553,137.878,138.159,513,8970
1986-12-19,138.553,138.553,138.103,138.271,477,8926
1986-12-22,138.328,138.328,136.641,136.697,945,8831
1986-12-23,137.428,138.328,137.316,137.934,753,8702
1986-12-24,137.934,138.215,137.878,138.047,270,8717
1986-12-26,138.328,138.328,137.765,137.878,96,8695
1986-12-29,135.629,135.629,134.279,134.729,827,8796
1986-12-30,134.392,135.629,134.167,135.572,1113,8927
1986-12-31,135.629,135.629,133.942,134.335,777,9044
1987-01-02,134.616,135.291,134.616,134.898,767,9065
1987-01-05,135.179,137.034,135.179,136.641,1395,9039
1987-01-06,137.091,138.89,136.978,138.44,1805,9293
1987-01-07,138.665,139.115,138.328,138.553,1432,9558
1987-01-08,138.89,140.464,138.665,140.408,1796,9510
1987-01-09,140.408,141.139,139.79,140.127,2009,9790
1987-01-12,140.24,142.489,140.24,142.376,2458,10024
1987-01-13,142.264,143.613,142.039,142.939,2914,9916
1987-01-14,142.995,143.501,142.601,143.445,2081,10072
1987-01-15,143.388,143.726,142.489,142.995,1114,10108
1987-01-16,143.164,143.67,142.939,143.445,1016,10260
1987-01-19,143.445,143.445,141.702,141.87,1322,10195
1987-01-20,141.364,142.995,141.252,142.882,1233,10382
1987-01-21,142.826,144.513,142.151,144.401,1846,10479
1987-01-22,144.85,145.638,144.288,144.85,2292,10686
1987-01-23,144.85,145.863,144.682,145.581,1886,10995
1987-01-26,148.955,148.955,148.899,148.955,1675,10771
1987-01-27,148.787,150.586,148.562,150.249,2752,11371
1987-01-28,150.361,151.486,149.911,150.867,2563,12077
1987-01-29,150.698,151.711,150.024,150.53,1861,12385
1987-01-30,150.08,152.835,150.08,152.835,2295,12118
1987-02-02,152.61,153.173,151.879,152.779,2387,12635
1987-02-03,152.948,154.578,152.948,154.466,2433,12776
1987-02-04,154.635,155.422,153.622,155.141,2674,13691
1987-02-05,151.767,152.048,151.767,151.767,2082,13800
1987-02-06,151.598,152.835,150.698,152.048,2716,14180
1987-02-09,151.261,152.16,150.923,151.992,1724,14217
1987-02-10,151.711,153.51,151.598,153.454,1928,14109
1987-02-11,152.948,154.016,151.936,152.273,2254,14355
1987-02-12,151.936,152.835,150.474,150.98,1984,14508
1987-02-13,151.036,151.711,150.024,150.867,2088,14701
1987-02-17,151.486,154.241,151.373,154.072,1882,14870
1987-02-18,154.86,156.322,153.622,154.466,2994,15003
1987-02-19,154.072,155.534,153.735,154.916,1883,15088
1987-02-20,154.522,155.872,154.297,155.815,1804,15381
1987-02-23,155.984,156.659,154.747,155.309,2214,15537
1987-02-24,155.422,155.815,154.635,154.916,1312,15605
1987-02-25,154.635,154.747,153.735,154.016,1444,15742
1987-02-26,153.96,154.522,152.723,153.116,2409,16091
1987-02-27,149.293,152.948,149.012,152.498,3121,16111
1987-03-02,152.498,153.622,152.048,152.16,2296,16275
1987-03-03,151.823,151.823,148.787,149.236,3734,16790
1987-03-04,149.236,150.136,148.562,149.574,2131,17040
1987-03-05,148.562,148.562,146.537,146.819,2716,16687
1987-03-06,147.212,148.224,147.1,147.437,1440,15748
1987-03-09,147.1,148.224,146.2,148.112,1725,16061
1987-03-10,148.449,149.461,148.449,148.843,1819,16128
1987-03-11,148.449,148.449,146.65,146.706,1592,15917
1987-03-12,146.088,148.224,145.525,147.999,2463,15955
1987-03-13,148.337,148.899,146.425,146.537,1757,16299
1987-03-16,146.987,147.662,146.762,147.381,1647,16383
1987-03-17,148.449,150.474,148.449,149.63,1929,16316
1987-03-18,150.024,151.261,149.911,150.642,2298,16065
1987-03-19,151.486,151.823,150.811,151.654,2232,16099
1987-03-20,152.048,152.723,151.936,152.442,2174,16409
1987-03-23,152.723,154.297,152.723,153.904,2802,16334
1987-03-24,154.297,154.41,152.498,153.454,2954,16438
1987-03-25,153.847,155.197,153.285,155.084,3858,16836
1987-03-26,154.635,155.422,154.072,154.241,2342,16450
1987-03-27,150.923,151.936,150.811,151.317,1275,15082
1987-03-30,152.048,152.273,151.373,151.373,1555,15103
1987-03-31,151.036,151.261,150.249,150.98,1377,15232
1987-04-01,149.574,152.498,149.012,152.329,2369,15507
1987-04-02,152.723,152.835,151.711,151.936,1928,15725
1987-04-03,152.048,152.948,151.598,152.61,2247,16146
1987-04-06,152.723,153.51,152.723,153.454,2106,16232
1987-04-07,153.51,154.016,151.092,151.542,2823,16409
1987-04-08,152.273,152.61,150.867,151.936,2482,16322
1987-04-09,152.498,153.847,152.273,153.679,2144,16483
1987-04-10,154.522,155.478,154.297,155.197,3594,16978
1987-04-13,156.097,156.097,154.297,155.197,2645,16925
1987-04-14,155.197,155.759,153.566,154.016,3472,17198
1987-04-15,154.41,154.41,152.835,153.06,2432,17111
1987-04-16,153.622,153.622,152.273,152.779,2038,17252
1987-04-20,152.385,153.116,151.092,151.261,2387,17057
1987-04-21,151.598,152.498,151.486,152.329,2257,16888
1987-04-22,152.273,152.385,151.092,151.429,1602,17042
1987-04-23,151.373,152.498,151.148,151.936,1814,16888
1987-04-24,151.936,153.285,151.936,152.723,2876,17180
1987-04-27,152.385,152.498,150.923,151.823,2878,16642
1987-04-28,151.486,152.273,151.261,151.767,2504,16494
1987-04-29,151.711,152.329,150.698,151.879,3244,16324
1987-04-30,152.16,153.735,151.823,153.622,3802,16428
1987-05-01,153.622,154.072,152.442,154.016,2569,15248
1987-05-04,154.072,155.759,154.072,155.534,2844,15702
1987-05-05,155.872,156.097,154.747,155.141,2297,15477
1987-05-06,155.422,155.872,154.635,155.141,1846,15588
1987-05-07,154.747,154.972,153.847,154.297,2162,15298
1987-05-08,154.635,156.884,154.297,156.715,3567,15849
1987-05-11,156.884,157.84,156.322,156.546,3166,16303
1987-05-12,155.872,155.872,153.173,153.173,2569,16325
1987-05-13,151.598,152.835,150.474,151.261,3857,16469
1987-05-14,151.823,152.498,150.811,151.542,1858,16389
1987-05-15,151.823,152.329,151.261,151.373,1357,16395
1987-05-18,152.273,154.185,152.048,153.735,2611,16378
1987-05-19,153.51,153.847,151.036,152.273,1933,16161
1987-05-20,152.385,152.835,150.024,150.192,2224,15885
1987-05-21,150.249,151.767,150.249,151.598,2103,15339
1987-05-22,152.048,153.622,152.048,153.06,1777,13386
1987-05-26,153.622,154.297,153.06,153.791,2045,13710
1987-05-27,154.297,154.635,151.936,152.835,1404,13625
1987-05-28,153.51,154.185,152.554,152.948,1226,13756
1987-05-29,152.835,153.173,152.385,152.891,855,13822
1987-06-01,152.891,154.129,152.385,154.016,1208,14087
1987-06-02,153.735,154.41,153.116,153.735,1021,14221
1987-06-03,153.51,154.578,153.285,154.353,1592,14577
1987-06-04,154.297,155.084,153.622,155.028,1162,14820
1987-06-05,155.253,156.322,155.197,155.984,1625,15131
1987-06-08,156.322,157.109,155.197,155.647,2325,15590
1987-06-09,155.872,156.097,154.185,154.972,1534,15687
1987-06-10,155.534,155.759,154.86,155.141,779,15887
1987-06-11,155.422,155.872,154.972,155.815,905,15971
1987-06-12,155.872,156.322,155.759,156.265,1626,16238
1987-06-15,156.209,156.209,154.972,155.141,1534,16578
1987-06-16,153.51,157.446,153.285,156.49,2867,17033
1987-06-17,156.322,157.559,156.322,157.053,3024,17000
1987-06-18,156.771,159.021,156.434,159.021,2991,17748
1987-06-19,159.133,159.358,158.458,158.796,2406,17720
1987-06-22,158.908,160.258,158.908,159.639,1638,17686
1987-06-23,160.033,160.932,159.583,160.708,2480,17971
1987-06-24,160.708,160.932,159.92,160.201,1635,18006
1987-06-25,160.145,160.82,160.033,160.651,1764,18254
1987-06-26,160.82,160.876,159.358,159.977,1840,18098
1987-06-29,159.358,160.033,158.908,159.302,1379,17781
1987-06-30,159.358,159.583,158.739,159.527,2010,17697
1987-07-01,161.157,161.27,159.47,159.752,3072,17828
1987-07-02,159.808,160.651,159.021,160.539,1321,17955
1987-07-06,160.708,161.157,160.033,160.989,2053,17689
1987-07-07,161.157,161.945,161.045,161.888,2913,17759
1987-07-08,161.888,162.507,161.382,162.394,1804,17764
1987-07-09,162.282,163.969,162.282,163.969,2916,17996
1987-07-10,163.632,163.632,162.17,162.844,2740,18213
1987-07-13,162.507,162.507,161.326,161.72,2269,18385
1987-07-14,161.72,162.057,159.021,159.808,3339,18939
1987-07-15,160.258,161.832,160.258,161.832,2723,19018
1987-07-16,162.282,163.519,161.832,162.282,2786,19049
1987-07-17,162.844,163.013,159.47,159.92,3491,19056
1987-07-20,158.571,159.808,158.121,158.908,4064,18857
1987-07-21,159.133,159.358,157.671,158.008,2803,18690
1987-07-22,157.446,157.896,156.659,157.053,2220,18779
1987-07-23,156.771,157.334,156.097,156.209,1423,18820
1987-07-24,156.322,158.346,156.322,158.29,1671,18842
1987-07-27,157.784,159.695,157.784,159.695,3223,18921
1987-07-28,160.145,161.495,159.92,160.37,3628,19328
1987-07-29,160.708,162.507,160.258,162.394,2857,19877
1987-07-30,162.844,163.407,162.17,162.338,3200,19822
1987-07-31,161.945,163.744,161.832,162.732,2331,20078
1987-08-03,163.069,163.294,161.945,162.844,2306,19981
1987-08-04,162.394,163.519,162.282,163.182,2465,19847
1987-08-05,163.519,165.318,163.407,165.318,2638,20321
1987-08-06,165.094,166.668,164.869,166.443,3657,20916
1987-08-07,167.005,168.692,166.556,168.467,3423,21439
1987-08-10,168.355,169.255,167.905,168.917,3897,21764
1987-08-11,168.58,169.48,168.355,168.692,2488,21659
1987-08-12,168.917,171.391,168.692,170.267,2297,21784
1987-08-13,170.492,172.404,169.592,170.829,3531,21977
1987-08-14,170.492,171.279,170.492,170.998,2741,21949
1987-08-17,173.416,174.372,172.291,173.303,3179,21984
1987-08-18,172.404,172.404,169.929,170.154,3945,22017
1987-08-19,169.48,171.616,169.142,170.435,3072,22137
1987-08-20,170.717,170.717,169.48,170.154,1654,21996
1987-08-21,170.267,171.954,169.929,171.504,1619,22188
1987-08-24,171.279,173.078,171.166,172.404,2264,22099
1987-08-25,172.516,173.528,171.223,171.673,3966,22517
1987-08-26,171.391,172.628,170.379,172.516,3600,22399
1987-08-27,174.428,175.552,174.147,174.54,3274,22382
1987-08-28,172.516,174.09,172.516,173.922,2125,21138
1987-08-31,173.528,176.902,173.528,176.227,2400,21099
1987-09-01,176.002,177.352,175.777,176.34,3095,21326
1987-09-02,176.002,177.464,174.99,177.071,2280,21451
1987-09-03,177.014,178.364,176.002,177.97,3201,21567
1987-09-04,177.802,179.039,176.79,178.814,2387,21612
1987-09-08,179.489,180.163,178.814,179.77,2407,21676
1987-09-09,179.938,181.288,179.601,180.163,3026,22002
1987-09-10,179.938,180.726,178.252,178.42,2428,22140
1987-09-11,177.802,178.926,177.014,178.645,3897,22538
1987-09-14,178.252,178.252,177.239,177.352,3118,22669
1987-09-15,177.127,177.689,176.508,177.071,3145,22486
1987-09-16,174.653,175.946,173.697,173.697,5858,22417
1987-09-17,173.641,174.653,172.966,173.809,3789,22298
1987-09-18,173.303,177.183,173.303,177.183,3667,22237
1987-09-21,177.689,180.557,177.239,179.77,5079,22056
1987-09-22,179.938,180.838,179.264,179.376,3824,21921
1987-09-23,179.151,179.714,178.252,179.376,2843,22289
1987-09-24,179.264,179.601,178.645,178.814,1816,22319
1987-09-25,178.926,180.388,178.926,179.995,2196,21828
1987-09-28,181.513,181.682,178.364,179.432,3030,22292
1987-09-29,179.039,179.376,177.97,179.039,2180,22046
1987-09-30,178.476,178.701,175.665,176.227,3224,21749
1987-10-01,178.364,178.476,174.203,176.508,4916,23305
1987-10-02,176.79,177.127,174.203,174.709,3356,22594
1987-10-05,174.315,174.315,171.729,172.628,4738,22827
1987-10-06,173.078,174.09,172.516,173.303,4651,23710
1987-10-07,173.303,173.978,171.279,172.235,3616,23416
1987-10-08,172.516,173.584,172.066,173.135,2926,22868
1987-10-09,172.853,175.89,172.685,175.271,3213,22752
1987-10-12,174.878,177.464,174.878,177.071,2826,22753
1987-10-13,177.071,177.914,176.902,177.408,3200,22897
1987-10-14,177.408,177.464,175.665,176.002,2681,23364
1987-10-15,175.777,177.577,175.665,177.352,3377,23306
1987-10-16,177.352,178.589,175.777,178.083,2645,23331
1987-10-19,178.083,178.083,174.709,174.709,2748,23307
1987-10-20,173.753,173.753,171.335,171.335,3182,23194
1987-10-21,171.504,174.54,169.255,169.873,6667,24038
1987-10-22,166.499,169.03,166.499,166.499,4453,23453
1987-10-23,166.218,167.118,163.35,166.499,6563,23367
1987-10-26,163.125,164.644,163.125,163.125,3197,23340
1987-10-27,163.632,164.194,159.752,159.752,7149,23590
1987-10-28,159.808,161.945,159.358,160.764,6294,23124
1987-10-29,161.045,163.294,157.39,162.338,6202,22725
1987-10-30,162.619,163.913,161.832,162.282,4242,20617
1987-11-02,161.045,161.045,158.908,158.908,3336,20117
1987-11-03,159.133,160.932,157.784,160.651,3432,20490
1987-11-04,160.82,162.957,160.82,161.888,2972,20119
1987-11-05,161.495,163.407,159.47,163.35,2942,20691
1987-11-06,163.969,166.724,163.856,166.612,4165,20465
1987-11-09,167.455,167.793,164.981,166.331,3834,20092
1987-11-10,166.331,167.511,164.531,167.062,3324,20407
1987-11-11,166.893,167.005,165.656,166.218,1753,20244
1987-11-12,166.331,167.118,165.993,166.612,1744,19910
1987-11-13,165.768,165.768,163.744,163.969,3034,19927
1987-11-16,163.969,164.756,163.632,164.644,2190,19844
1987-11-17,167.568,168.018,166.668,168.018,2852,19387
1987-11-18,168.58,170.154,168.58,169.086,3038,19543
1987-11-19,168.242,168.861,167.68,168.074,2735,19928
1987-11-20,168.692,169.142,167.568,168.917,1388,18637
1987-11-23,169.255,170.717,168.524,170.548,1968,18850
1987-11-24,170.379,170.492,169.367,170.098,1460,19048
1987-11-25,170.042,170.323,169.48,169.929,723,19027
1987-11-27,169.929,171.841,169.929,171.504,992,19057
1987-11-30,170.829,170.829,168.13,168.13,1827,19136
1987-12-01,167.062,168.242,166.218,166.612,2881,19379
1987-12-02,166.331,168.018,165.656,167.736,2169,19788
1987-12-03,167.343,167.343,164.363,164.363,4209,20187
1987-12-04,164.363,165.094,162.507,164.306,3826,20450
1987-12-07,164.306,165.993,164.306,165.825,1573,20568
1987-12-08,165.768,166.331,164.981,165.094,1730,20795
1987-12-09,164.531,166.78,164.194,166.499,2171,20819
1987-12-10,164.869,169.592,164.869,169.423,4188,20753
1987-12-11,168.692,169.423,167.568,168.524,2163,20866
1987-12-14,169.929,170.604,169.255,169.704,2563,20506
1987-12-15,169.48,169.592,168.018,168.411,1442,20411
1987-12-16,168.58,169.48,166.78,167.118,2080,20643
1987-12-17,167.343,170.492,166.893,170.379,2674,20764
1987-12-18,170.154,170.379,169.03,169.48,1464,20790
1987-12-21,170.042,170.042,168.242,168.58,1544,20837
1987-12-22,168.242,168.242,165.206,165.487,2905,21003
1987-12-23,164.756,166.331,164.644,166.274,1560,20987
1987-12-24,166.331,168.018,166.106,167.793,1283,20972
1987-12-28,166.387,169.198,166.387,167.624,2872,21010
1987-12-29,167.455,168.524,166.556,168.242,1580,20816
1987-12-30,168.13,170.717,167.849,170.548,1836,20776
1987-12-31,170.267,171.335,169.929,170.66,3019,20996
1988-01-04,170.717,173.078,170.492,172.01,4955,20955
1988-01-05,172.966,172.966,171.504,171.729,2587,20483
1988-01-06,172.179,173.866,172.066,173.697,3620,20611
1988-01-07,177.071,177.071,175.552,176.283,4803,20517
1988-01-08,176.227,176.283,174.653,175.552,3071,20489
1988-01-11,174.09,176.565,173.641,176.283,2869,19784
1988-01-12,176.227,177.408,175.89,176.396,3060,20238
1988-01-13,175.946,178.364,175.946,177.577,3743,20357
1988-01-14,177.577,178.139,176.846,177.97,2497,20468
1988-01-15,178.252,179.376,178.139,179.039,3253,20260
1988-01-18,179.039,179.826,178.589,179.432,2927,20380
1988-01-19,179.489,180.163,177.914,179.264,3081,20420
1988-01-20,178.701,179.095,178.252,178.476,2166,20606
1988-01-21,177.914,179.714,177.914,179.545,2404,20462
1988-01-22,179.151,179.489,178.645,179.376,2046,20337
1988-01-25,176.34,178.364,176.002,177.296,2705,20578
1988-01-26,177.014,178.139,176.621,177.408,2037,20702
1988-01-27,177.127,178.476,176.677,178.027,2590,20691
1988-01-28,178.139,180.838,176.902,177.014,4435,21155
1988-01-29,177.014,177.014,175.215,176.452,2934,19057
1988-02-01,176.34,179.826,176.115,179.77,3063,19227
1988-02-02,179.826,180.501,179.039,180.332,2850,19396
1988-02-03,180.501,182.862,180.501,182.806,3569,19595
1988-02-04,182.525,182.75,181.513,182.469,2792,19831
1988-02-05,182.525,182.638,181.625,182.244,3241,20608
1988-02-08,184.212,184.999,182.862,184.606,4413,21341
1988-02-09,184.549,187.361,184.437,187.192,3844,21391
1988-02-10,187.248,188.204,186.574,187.024,3487,21574
1988-02-11,187.136,187.698,186.742,187.024,1976,21750
1988-02-12,186.349,187.473,186.011,187.361,2329,22087
1988-02-16,186.686,187.586,186.686,187.53,2388,22064
1988-02-17,185.337,188.71,184.774,188.598,4244,22023
1988-02-18,188.036,188.261,185.337,185.562,3139,21571
1988-02-19,184.887,188.036,184.549,187.923,3689,21993
1988-02-22,187.811,188.036,185.562,185.618,2751,21764
1988-02-23,184.437,184.662,182.244,182.244,6030,21978
1988-02-24,182.3,183.537,180.951,182.019,5323,21834
1988-02-25,181.738,183.2,180.613,181.457,3513,21527
1988-02-26,181.738,182.356,181.288,181.569,1828,21437
1988-02-29,178.701,178.814,176.227,176.565,3773,21390
1988-03-01,176.34,179.151,176.227,178.476,3276,21301
1988-03-02,178.027,179.039,177.689,178.139,2055,21137
1988-03-03,178.589,178.589,174.765,174.765,4388,20806
1988-03-04,174.315,175.552,173.866,174.709,2284,20598
1988-03-07,175.103,177.239,174.99,177.071,2590,20590
1988-03-08,177.802,179.264,177.689,178.983,2821,20493
1988-03-09,179.151,180.951,178.701,179.432,3244,20237
1988-03-10,179.376,180.613,179.264,180.501,1721,20447
1988-03-11,180.388,181.513,178.476,179.601,2431,20548
1988-03-14,180.726,182.862,180.726,182.806,2804,20241
1988-03-15,182.638,183.762,182.413,182.75,2894,20297
1988-03-16,182.3,183.087,182.3,182.75,1987,20074
1988-03-17,183.087,183.425,181.625,181.738,2120,19957
1988-03-18,181.625,182.525,181.4,182.244,1670,20002
1988-03-21,181.738,183.087,180.838,182.019,2200,20118
1988-03-22,182.019,183.762,182.019,183.031,2306,20075
1988-03-23,182.75,183.537,182.3,182.806,1938,20030
1988-03-24,183.087,183.312,180.838,182.019,3431,20016
1988-03-25,182.413,183.2,182.075,183.031,2258,19627
1988-03-28,178.252,178.87,177.352,178.701,2851,19671
1988-03-29,179.264,179.264,178.083,178.308,1968,19456
1988-03-30,178.139,178.252,177.239,177.296,2150,19626
1988-03-31,176.565,177.239,176.115,176.283,2261,19572
1988-04-04,178.476,178.476,172.91,172.91,3787,17739
1988-04-05,172.066,172.966,171.166,172.122,4325,17943
1988-04-06,172.122,173.584,171.841,172.685,3206,17954
1988-04-07,172.516,173.359,172.179,172.572,1603,17860
1988-04-08,172.853,174.259,172.628,173.809,3493,17011
1988-04-11,174.203,175.665,174.203,175.496,3256,17314
1988-04-12,175.44,175.721,172.122,173.022,3115,17191
1988-04-13,172.291,173.078,169.704,171.954,3955,17536
1988-04-14,171.504,172.853,170.492,171.279,2533,17682
1988-04-15,171.054,172.179,169.255,171.841,2967,17587
1988-04-18,171.954,172.291,170.829,171.391,1295,17596
1988-04-19,172.291,172.685,171.616,172.291,2597,17546
1988-04-20,172.404,173.641,171.841,173.528,2271,17436
1988-04-21,173.753,173.866,173.303,173.584,1122,17337
1988-04-22,173.641,174.428,173.641,174.259,2064,17052
1988-04-25,172.404,174.203,171.841,173.978,2701,17093
1988-04-26,173.978,175.328,173.978,175.271,2721,16817
1988-04-27,174.09,175.44,174.09,175.384,3912,16952
1988-04-28,175.103,175.103,174.315,174.878,2689,16783
1988-04-29,174.878,175.328,174.709,175.046,1421,15097
1988-05-02,174.765,177.914,174.54,175.834,4511,14946
1988-05-03,175.834,177.464,175.834,177.352,1834,14940
1988-05-04,177.408,177.802,176.34,177.239,2704,14956
1988-05-05,177.464,177.802,175.946,177.071,1649,15054
1988-05-06,176.79,177.183,176.227,177.071,2059,14988
1988-05-09,177.127,177.577,176.227,176.621,3139,15244
1988-05-10,177.127,177.127,174.878,175.384,2494,15080
1988-05-11,175.777,176.283,174.54,175.89,3333,15670
1988-05-12,176.115,177.689,175.215,177.633,3099,15763
1988-05-13,177.914,178.701,177.689,178.701,2328,15848
1988-05-16,178.701,178.701,176.227,177.296,2932,15902
1988-05-17,177.858,178.139,176.677,176.846,2269,16275
1988-05-18,176.902,177.239,176.565,177.127,1615,16218
1988-05-19,177.577,177.633,173.753,174.372,3691,16232
1988-05-20,174.765,174.99,173.753,174.54,2218,16038
1988-05-23,174.99,175.89,174.315,174.428,1932,15976
1988-05-24,174.315,174.315,172.741,172.966,1992,15925
1988-05-25,172.741,172.966,170.717,171.391,3438,15895
1988-05-26,171.841,172.572,171.279,172.235,2791,15444
1988-05-27,172.066,173.135,171.166,171.448,1257,13439
1988-05-31,170.717,172.853,170.492,171.729,2744,13526
1988-06-01,172.291,172.628,170.042,171.448,1903,13794
1988-06-02,171.504,173.078,170.717,172.291,2267,14015
1988-06-03,172.179,172.628,170.492,170.773,2394,14260
1988-06-06,169.367,170.323,168.805,169.086,3530,14720
1988-06-07,169.48,171.504,169.086,170.773,4763,15676
1988-06-08,171.054,172.066,168.805,169.986,3205,15302
1988-06-09,169.986,171.054,168.917,169.367,1919,15371
1988-06-10,168.692,169.592,167.793,169.255,2696,15703
1988-06-13,169.03,169.03,166.218,166.443,2781,15588
1988-06-14,167.005,167.287,164.756,164.812,4166,16011
1988-06-15,164.194,164.194,161.439,161.439,2544,16536
1988-06-16,158.065,162.507,158.065,161.945,6941,16691
1988-06-17,161.832,163.969,161.157,161.495,4693,16487
1988-06-20,158.346,159.695,158.121,158.121,6450,17947
1988-06-21,158.571,160.595,156.884,159.695,7505,19091
1988-06-22,160.82,161.045,158.571,158.908,5478,19286
1988-06-23,158.177,158.177,155.534,156.94,5158,19464
1988-06-24,158.796,160.145,158.121,159.358,4033,19398
1988-06-27,157.221,161.945,156.659,160.932,5227,19879
1988-06-28,162.394,164.306,162.057,164.306,5534,19455
1988-06-29,167.68,167.68,167.68,167.68,4667,18355
1988-06-30,167.68,167.68,164.306,166.387,5056,18478
1988-07-01,163.519,166.218,163.182,165.712,4091,18513
1988-07-05,165.318,169.086,165.318,168.973,4128,18760
1988-07-06,168.467,169.03,167.118,167.287,3496,18787
1988-07-07,166.443,168.692,166.162,168.13,2630,19188
1988-07-08,168.242,168.692,166.218,167.624,2442,19337
1988-07-11,168.242,170.998,167.905,170.998,3529,19339
1988-07-12,170.717,170.998,169.367,170.323,3278,19331
1988-07-13,169.367,169.48,166.949,166.949,3061,19571
1988-07-14,164.419,167.568,164.306,166.387,4300,19873
1988-07-15,166.78,168.355,166.443,168.13,2291,20060
1988-07-18,170.942,171.504,170.154,171.504,3019,20108
1988-07-19,172.066,172.628,170.492,171.166,4723,19236
1988-07-20,170.717,171.391,169.311,169.986,2602,19327
1988-07-21,170.267,172.291,169.592,172.066,3551,19289
1988-07-22,171.841,174.203,171.279,174.034,3315,19443
1988-07-25,174.09,174.878,173.022,174.878,3103,19191
1988-07-26,175.215,175.328,173.416,174.484,2825,19030
1988-07-27,176.565,178.926,176.115,178.364,4272,19278
1988-07-28,178.758,180.613,178.364,179.32,5313,19914
1988-07-29,179.264,179.714,178.364,178.814,4021,19998
1988-08-01,175.44,177.127,175.44,175.44,4563,19876
1988-08-02,174.428,174.878,173.416,173.697,4103,19829
1988-08-03,174.09,176.565,174.09,176.115,2866,19802
1988-08-04,175.89,179.489,175.777,178.983,4526,20529
1988-08-05,178.926,180.613,178.476,179.714,3269,20650
1988-08-08,179.938,180.838,179.151,179.32,3359,20278
1988-08-09,179.601,180.838,177.914,180.445,3154,20156
1988-08-10,180.613,183.818,180.613,183.818,5749,21413
1988-08-11,183.875,184.212,182.413,182.694,3323,21369
1988-08-12,181.907,185.562,181.176,182.638,4245,21699
1988-08-15,182.975,184.887,182.638,183.931,2127,21648
1988-08-16,184.887,185.337,183.2,183.65,2635,21602
1988-08-17,183.65,184.662,183.087,184.606,2497,21685
1988-08-18,184.212,184.774,183.425,184.493,2933,22088
1988-08-19,184.212,184.324,183.087,183.256,2273,21871
1988-08-22,183.256,183.256,181.063,181.176,3560,21593
1988-08-23,180.838,181.85,180.276,181.176,2882,21568
1988-08-24,181.513,183.087,180.557,182.244,2497,21562
1988-08-25,182.862,184.887,182.188,184.1,3615,22064
1988-08-26,184.212,186.124,184.212,184.999,2104,21394
1988-08-29,184.999,186.349,184.662,185.899,2355,20212
1988-08-30,185.562,185.562,182.862,184.043,3009,20300
1988-08-31,183.537,184.1,183.2,183.537,1529,20467
1988-09-01,182.862,183.2,180.951,181.232,2711,20751
1988-09-02,181.063,183.65,180.951,183.087,2062,20568
1988-09-06,182.3,182.75,181.176,181.288,2339,20707
1988-09-07,180.388,183.65,180.388,183.369,2846,20661
1988-09-08,182.3,182.862,179.995,180.276,3344,21040
1988-09-09,180.163,180.163,177.802,178.252,3423,20610
1988-09-12,178.252,179.714,177.577,177.858,3105,20366
1988-09-13,178.926,178.926,177.239,178.083,4677,19637
1988-09-14,178.139,180.051,177.689,179.601,2677,19491
1988-09-15,178.926,180.163,178.476,179.77,1650,19538
1988-09-16,179.601,180.332,178.701,179.432,1482,19510
1988-09-19,177.97,181.625,177.97,179.882,3566,19626
1988-09-20,179.714,181.232,179.601,180.782,2524,19404
1988-09-21,179.826,180.163,178.589,178.701,2814,19276
1988-09-22,178.476,179.039,177.464,178.701,2438,19266
1988-09-23,178.701,179.826,178.589,179.32,1495,19148
1988-09-26,179.601,182.694,179.32,182.694,3777,18902
1988-09-27,185.899,186.461,184.212,185.393,4146,18468
1988-09-28,185.337,186.124,184.549,184.999,2064,18374
1988-09-29,185.337,185.674,184.943,185.393,1164,18431
1988-09-30,185.899,188.373,185.674,187.755,3470,18172
1988-10-03,186.911,188.823,186.799,187.979,2769,18187
1988-10-04,188.036,189.048,186.911,187.024,2556,18157
1988-10-05,186.911,187.811,186.236,186.293,2334,17990
1988-10-06,186.124,187.024,185.674,186.124,2185,18137
1988-10-07,186.124,187.698,186.124,187.361,1769,18133
1988-10-10,187.811,188.036,186.236,186.349,1830,18033
1988-10-11,186.236,186.405,184.999,185.28,2418,18062
1988-10-12,185.562,187.136,185.337,186.911,1653,18021
1988-10-13,186.574,187.586,186.574,187.248,1761,17947
1988-10-14,187.361,187.473,186.461,186.63,1097,18069
1988-10-17,186.236,187.811,186.236,187.08,1658,18327
1988-10-18,186.686,186.911,184.662,184.774,3062,17990
1988-10-19,185.337,186.011,185.224,185.674,947,17978
1988-10-20,185.562,186.349,185.337,186.011,1201,17810
1988-10-21,185.786,186.236,185.337,185.618,1209,17393
1988-10-24,184.999,186.911,184.549,186.461,2048,17408
1988-10-25,186.574,187.586,186.236,186.349,1738,17560
1988-10-26,185.786,186.011,184.549,184.606,3477,16969
1988-10-27,188.823,189.498,186.236,186.405,3497,16839
1988-10-28,186.799,187.586,185.674,186.236,2634,16092
1988-10-31,185.674,186.799,185.393,186.574,2433,16002
1988-11-01,186.349,188.373,185.674,186.068,2001,15893
1988-11-02,185.449,186.686,185.449,186.236,1565,15984
1988-11-03,185.674,186.124,184.493,184.943,1514,15846
1988-11-04,184.774,185.843,184.606,185.73,1322,15798
1988-11-07,185.674,187.192,185.337,186.405,1177,15775
1988-11-08,186.686,187.698,186.461,186.686,973,15583
1988-11-09,185.899,185.899,184.324,185.168,2304,14980
1988-11-10,185.112,186.349,184.662,185.618,1582,14770
1988-11-11,185.674,186.236,185.337,185.618,734,14823
1988-11-14,185.449,186.461,185.28,185.618,992,14780
1988-11-15,186.349,188.542,186.349,188.373,2528,14977
1988-11-16,187.923,188.373,187.698,187.923,1314,14801
1988-11-17,187.923,188.036,185.786,186.236,1314,14801
1988-11-18,186.236,186.461,183.369,184.381,2858,12594
1988-11-21,184.324,185.224,182.75,183.2,2696,12387
1988-11-22,183.425,184.212,183.312,183.593,1215,12147
1988-11-23,183.987,185.449,183.987,185.224,1173,12221
1988-11-25,185.562,186.349,185.505,185.955,751,12117
1988-11-28,186.686,187.024,185.337,185.449,1233,12134
1988-11-29,185.899,186.124,184.943,186.011,1253,12292
1988-11-30,185.899,186.349,184.718,185.393,1506,12490
1988-12-01,185.674,187.811,185.674,187.024,1862,12581
1988-12-02,187.024,187.248,185.112,185.168,1678,12608
1988-12-05,185.562,185.955,184.662,185.674,1721,12658
1988-12-06,186.011,186.293,184.831,184.999,1411,12813
1988-12-07,184.999,185.224,184.212,184.831,1218,12794
1988-12-08,184.324,185.562,183.875,184.268,1798,12997
1988-12-09,184.887,186.911,184.774,186.686,1798,12997
1988-12-12,186.686,189.385,186.461,188.823,3133,13387
1988-12-13,188.71,189.329,188.373,188.879,1913,13098
1988-12-14,188.935,190.06,188.823,189.61,2325,13427
1988-12-15,189.61,189.948,188.598,189.048,1393,13417
1988-12-16,188.823,190.06,188.71,189.329,1585,13448
1988-12-19,190.06,190.06,188.261,188.598,2077,13248
1988-12-20,188.373,188.823,187.923,188.542,880,13098
1988-12-21,188.598,189.61,188.261,189.329,1480,13223
1988-12-22,189.104,189.104,187.923,188.71,1440,12998
1988-12-23,188.71,189.554,188.486,189.441,1761,13427
1988-12-27,188.71,189.948,188.261,188.823,2579,13411
1988-12-28,188.823,188.823,188.148,188.598,1378,13571
1988-12-29,188.71,188.823,187.586,188.429,1474,13484
1988-12-30,188.036,188.486,187.698,188.429,592,13383
1989-01-03,187.923,189.441,187.305,189.385,1593,13369
1989-01-04,189.273,189.385,187.698,188.204,1462,13458
1989-01-05,188.148,189.723,188.148,188.879,1994,13704
1989-01-06,189.385,189.385,188.71,189.048,1745,13888
1989-01-09,189.498,190.06,188.767,189.329,2114,13603
1989-01-10,189.385,190.06,189.16,189.666,2271,14095
1989-01-11,189.385,190.06,188.71,188.992,1913,14158
1989-01-12,189.16,189.61,188.261,189.104,1666,14184
1989-01-13,189.273,189.723,188.373,188.429,2087,14020
1989-01-16,189.385,189.498,188.373,188.486,1641,14160
1989-01-17,188.823,189.948,188.486,189.385,1658,14355
1989-01-18,189.273,189.273,186.011,186.349,5001,14462
1989-01-19,186.236,186.63,184.999,185.786,3964,14019
1989-01-20,185.562,186.011,184.662,184.831,2470,13964
1989-01-23,184.662,184.662,183.762,183.875,1661,14085
1989-01-24,183.875,185.224,183.762,184.324,1982,14086
1989-01-25,184.774,185.505,184.606,184.999,1284,14053
1989-01-26,184.999,185.224,184.043,184.324,1666,13961
1989-01-27,185.337,187.473,185.055,187.08,2002,13268
1989-01-30,187.136,190.285,187.136,189.554,3230,13158
1989-01-31,189.16,190.397,189.16,190.004,2397,13349
1989-02-01,189.835,190.622,189.554,190.622,2141,13453
1989-02-02,191.072,191.072,189.723,190.454,1842,13827
1989-02-03,190.06,190.622,189.385,190.397,1291,13864
1989-02-06,190.847,190.96,189.554,190.004,1352,14046
1989-02-07,189.835,190.397,189.498,190.06,1182,14073
1989-02-08,190.06,190.172,189.61,189.891,1396,14233
1989-02-09,186.517,186.517,186.517,186.517,427,14385
1989-02-10,183.144,185.224,183.144,184.774,4751,14726
1989-02-13,185.224,186.461,185.224,186.068,2423,14483
1989-02-14,186.124,186.63,184.437,184.999,2096,14227
1989-02-15,184.887,184.887,183.987,184.043,1724,14223
1989-02-16,183.875,184.437,183.706,183.818,1801,14443
1989-02-17,184.999,186.574,184.212,186.574,3492,14296
1989-02-21,188.148,189.723,187.923,189.61,4041,14400
1989-02-22,189.273,189.498,188.935,189.329,1579,14204
1989-02-23,189.61,189.948,188.036,188.373,2247,14041
1989-02-24,188.486,188.486,187.473,188.092,2545,14041
1989-02-27,186.461,186.574,184.212,185.224,2498,13871
1989-02-28,184.999,186.011,184.493,185.337,1902,13852
1989-03-01,185.337,185.786,184.549,184.662,1475,13747
1989-03-02,184.662,185.786,184.437,185.505,1789,13754
1989-03-03,185.224,185.337,183.987,184.493,1388,13799
1989-03-06,184.212,184.549,183.256,184.156,2206,14241
1989-03-07,183.987,185.112,183.425,183.481,1772,14419
1989-03-08,183.65,184.212,182.525,182.581,1698,14427
1989-03-09,182.525,183.2,180.838,180.838,4210,14623
1989-03-10,181.063,182.862,181.063,181.794,3053,15015
1989-03-13,182.188,182.975,181.963,182.413,1669,14996
1989-03-14,182.638,182.975,181.513,181.625,2274,15171
1989-03-15,181.625,182.188,181.4,181.794,1426,15381
1989-03-16,181.288,181.4,180.501,181.288,2387,15436
1989-03-17,178.814,182.3,178.476,180.894,3597,15418
1989-03-20,180.951,182.131,180.894,182.019,2059,15640
1989-03-21,181.963,182.581,181.682,181.963,1721,15678
1989-03-22,182.188,183.2,181.288,181.738,2063,15692
1989-03-23,182.075,182.975,181.963,182.244,1392,14438
1989-03-27,182.75,186.124,182.75,185.224,3771,14939
1989-03-28,185.786,186.124,184.774,184.887,2962,14281
1989-03-29,185.337,185.786,184.324,184.437,1661,14273
1989-03-30,184.437,184.437,183.425,183.593,1193,14062
1989-03-31,184.212,184.437,182.694,182.75,1466,14110
1989-04-03,182.975,183.875,179.376,179.376,3540,14129
1989-04-04,179.264,179.601,177.689,178.701,3633,14430
1989-04-05,178.814,180.388,178.814,179.601,2231,14580
1989-04-06,179.601,180.051,176.79,177.127,2095,14457
1989-04-07,177.014,177.014,174.203,175.384,3149,14286
1989-04-10,175.384,175.44,173.753,174.259,2715,14311
1989-04-11,174.315,175.215,173.416,173.753,2227,14200
1989-04-12,173.753,174.203,171.279,171.673,3310,14376
1989-04-13,171.897,171.897,170.492,170.829,3801,14355
1989-04-14,170.829,171.616,170.492,171.56,2062,14276
1989-04-17,171.841,173.191,171.785,171.954,2809,14637
1989-04-18,172.628,173.078,171.841,171.954,2134,14327
1989-04-19,171.729,171.729,169.704,169.929,2650,14457
1989-04-20,170.717,170.885,169.929,170.098,1682,14370
1989-04-21,170.492,171.616,170.267,171.335,1813,14349
1989-04-24,171.616,173.078,170.885,171.391,2586,14164
1989-04-25,171.166,171.279,169.929,170.942,2728,14121
1989-04-26,171.166,172.179,170.492,170.717,2166,14097
1989-04-27,171.391,171.785,170.154,171.11,2391,13379
1989-04-28,172.066,172.966,171.616,171.841,1755,13348
1989-05-01,171.616,172.404,171.504,171.897,1250,13221
1989-05-02,172.179,173.416,172.179,172.853,1194,13206
1989-05-03,173.303,175.103,173.303,175.046,2100,13113
1989-05-04,174.99,175.721,174.765,175.271,1967,13165
1989-05-05,174.99,175.89,174.653,175.103,1219,13195
1989-05-08,174.878,175.103,174.203,174.54,1334,13101
1989-05-09,174.878,175.665,174.54,174.653,1177,12977
1989-05-10,174.765,175.103,173.078,174.203,2331,12812
1989-05-11,174.315,174.99,174.09,174.653,1158,12772
1989-05-12,175.215,176.79,175.215,176.396,2363,13111
1989-05-15,176.452,177.352,176.34,176.79,1779,13159
1989-05-16,176.79,176.958,176.171,176.508,1152,13241
1989-05-17,176.227,176.79,176.002,176.34,1286,13193
1989-05-18,175.834,177.239,173.922,174.315,2353,13205
1989-05-19,173.809,174.765,173.697,174.484,1486,13311
1989-05-22,173.978,176.002,173.753,175.159,2079,13354
1989-05-23,175.44,176.565,175.44,176.115,1635,13190
1989-05-24,176.34,176.452,172.966,174.653,3024,13518
1989-05-25,174.428,175.159,174.203,174.821,1218,11958
1989-05-26,174.878,174.878,173.078,173.697,1198,12179
1989-05-30,173.528,174.259,171.11,172.122,3505,12267
1989-05-31,172.066,172.404,171.166,171.954,2327,12279
1989-06-01,172.179,175.328,172.179,175.328,3310,12141
1989-06-02,175.215,177.239,174.147,174.597,4132,12153
1989-06-05,174.54,177.914,174.315,177.858,2834,12518
1989-06-06,177.802,178.589,176.958,177.352,2584,12761
1989-06-07,177.352,178.252,176.677,177.745,1498,13011
1989-06-08,177.914,177.97,176.171,177.745,1790,13075
1989-06-09,178.027,179.938,178.027,179.826,2559,13101
1989-06-12,180.276,182.413,180.107,181.457,4295,13423
1989-06-13,181.176,181.907,180.838,181.625,2281,13563
1989-06-14,181.625,182.862,180.613,180.951,2883,13776
1989-06-15,181.176,182.525,181.007,182.131,1970,14105
1989-06-16,182.413,182.75,181.176,182.131,1885,13923
1989-06-19,184.887,184.999,183.537,184.043,2746,13881
1989-06-20,183.987,183.987,182.806,182.975,1641,13994
1989-06-21,182.975,183.312,181.457,182.188,2363,14119
1989-06-22,182.638,183.65,182.3,182.862,1912,13877
1989-06-23,182.862,183.087,181.963,182.469,1200,13908
1989-06-26,182.806,184.1,182.806,183.369,1705,13892
1989-06-27,183.312,183.312,181.85,182.75,1286,13893
1989-06-28,182.638,183.087,182.244,182.356,949,13824
1989-06-29,182.75,183.425,182.581,182.694,939,13708
1989-06-30,182.413,182.413,181.4,181.907,1333,13516
1989-07-03,180.501,181.063,180.163,180.726,1422,13409
1989-07-05,179.489,181.625,177.352,181.344,4933,12818
1989-07-06,180.838,182.862,180.838,182.244,2564,12406
1989-07-07,182.188,182.75,181.625,181.794,1589,12295
1989-07-10,181.625,182.694,180.613,182.131,1900,12738
1989-07-11,181.85,183.875,181.513,183.256,1643,12748
1989-07-12,183.087,184.212,183.087,183.875,2449,12749
1989-07-13,183.537,186.574,183.537,186.574,3916,12468
1989-07-14,186.461,187.08,186.124,186.574,2254,12457
1989-07-17,186.349,188.654,186.349,188.542,2378,12511
1989-07-18,188.261,188.823,187.586,187.923,1711,12777
1989-07-19,187.698,188.373,186.967,188.148,1100,12836
1989-07-20,188.148,189.498,187.979,188.317,1164,12812
1989-07-21,188.148,188.935,188.036,188.598,1384,13009
1989-07-24,188.486,189.723,188.261,188.71,1627,12983
1989-07-25,188.486,189.61,187.923,188.204,1482,13047
1989-07-26,187.136,188.148,186.911,187.867,1164,13021
1989-07-27,186.799,186.855,185.899,185.955,1442,12998
1989-07-28,185.674,186.124,185.112,185.674,1659,13044
1989-07-31,185.899,187.361,185.899,187.024,1570,13103
1989-08-01,186.799,187.024,186.349,186.461,1004,13031
1989-08-02,186.236,187.698,186.011,187.53,2498,13152
1989-08-03,187.53,188.373,187.473,188.036,1691,12917
1989-08-04,188.036,188.598,187.698,188.486,1906,12733
1989-08-07,188.373,189.048,188.036,188.261,1464,12394
1989-08-08,188.71,188.935,188.261,188.429,1730,12087
1989-08-09,188.429,188.823,187.698,188.767,1637,11865
1989-08-10,188.823,189.385,188.261,188.71,875,11937
1989-08-11,187.586,188.598,187.024,188.429,2495,12117
1989-08-14,188.373,189.385,188.148,188.204,1151,12174
1989-08-15,187.586,188.429,186.686,186.686,2117,12258
1989-08-16,186.236,187.473,185.899,187.024,1803,12139
1989-08-17,187.473,187.698,186.742,187.642,1810,12351
1989-08-18,187.136,188.036,187.024,188.036,1224,12308
1989-08-21,187.473,187.586,186.63,187.305,1827,12042
1989-08-22,187.136,187.755,186.686,187.248,1585,12106
1989-08-23,187.136,187.811,186.742,187.586,1176,12164
1989-08-24,187.361,187.586,187.024,187.024,608,12183
1989-08-25,186.686,187.024,186.068,186.967,1617,12099
1989-08-28,184.662,184.662,182.75,183.481,3361,12732
1989-08-29,183.312,185.224,183.144,184.493,2448,12821
1989-08-30,184.662,184.662,183.706,184.043,1568,12868
1989-08-31,183.762,184.999,183.537,184.043,1474,11829
1989-09-01,183.987,184.324,183.425,183.593,797,11887
1989-09-05,183.087,183.537,181.963,182.469,1624,11965
1989-09-06,182.469,183.537,182.3,183.256,1305,12183
1989-09-07,183.537,184.662,183.537,184.549,1791,12330
1989-09-08,184.324,184.324,182.975,183.2,1459,12294
1989-09-11,182.975,184.324,182.525,183.2,978,12245
1989-09-12,183.425,185.562,183.425,184.662,1569,12476
1989-09-13,185.224,185.786,184.999,185.449,1359,12599
1989-09-14,186.349,187.361,185.899,186.574,2970,12384
1989-09-15,186.236,187.698,186.011,186.461,2601,12934
1989-09-18,186.461,186.911,186.349,186.686,1230,12972
1989-09-19,186.686,186.967,185.449,185.562,1279,12882
1989-09-20,185.112,185.449,184.774,184.943,1902,13275
1989-09-21,185.112,186.011,184.606,184.999,1985,13721
1989-09-22,184.999,185.786,184.662,185.505,853,13781
1989-09-25,185.562,186.63,185.505,186.124,1502,14103
1989-09-26,186.011,187.923,186.011,187.755,2838,13823
1989-09-27,187.586,188.317,187.08,187.192,1615,13612
1989-09-28,187.08,187.755,186.799,187.586,871,11815
1989-09-29,187.473,188.148,186.799,186.967,1832,11616
1989-10-02,186.686,187.361,186.011,186.068,1311,11437
1989-10-03,185.674,186.911,185.112,186.855,2010,11803
1989-10-04,186.686,187.473,186.461,187.08,1210,11701
1989-10-05,187.248,187.923,186.124,186.63,1598,11531
1989-10-06,186.686,186.799,185.899,186.068,964,11624
1989-10-09,185.73,186.461,184.774,186.236,2032,11662
1989-10-10,186.461,187.586,186.461,186.967,2905,12221
1989-10-11,187.361,188.261,186.911,187.923,1831,11685
1989-10-12,187.923,189.16,187.811,188.092,3180,10761
1989-10-13,188.373,189.666,188.261,188.823,3020,11022
1989-10-16,186.124,187.811,185.562,186.293,2121,10693
1989-10-17,186.799,187.586,186.405,187.024,1631,10478
1989-10-18,187.024,187.755,186.911,187.192,1144,10550
1989-10-19,187.136,187.136,186.574,186.855,1041,10443
1989-10-20,186.799,187.136,186.405,186.799,906,10561
1989-10-23,187.586,188.486,187.248,187.642,2076,10587
1989-10-24,187.473,187.811,186.124,186.855,2217,10441
1989-10-25,187.136,187.698,187.024,187.53,1015,10424
1989-10-26,187.473,187.755,186.124,186.293,1793,9274
1989-10-27,183.762,184.1,182.3,183.144,2634,9459
1989-10-30,182.188,183.65,182.188,183.087,1818,9588
1989-10-31,183.537,184.774,183.537,184.718,1611,9434
1989-11-01,184.549,184.606,183.987,184.549,609,9415
1989-11-02,184.437,185.112,183.537,183.818,1045,9392
1989-11-03,183.537,184.774,183.369,184.718,978,9456
1989-11-06,184.549,185.337,184.324,185.28,699,9281
1989-11-07,185.112,185.505,183.875,185.393,1276,9074
1989-11-08,185.224,185.674,184.718,185.618,629,9024
1989-11-09,185.674,186.124,185.055,185.955,1739,9198
1989-11-10,186.011,186.011,185.449,186.011,678,9293
1989-11-13,186.011,186.461,185.786,186.405,1134,9395
1989-11-14,186.574,186.686,185.224,185.28,1147,9443
1989-11-15,185.449,186.461,184.662,186.293,887,9435
1989-11-16,186.236,186.293,185.562,185.843,772,9477
1989-11-17,185.899,186.236,185.618,185.843,526,9374
1989-11-20,185.337,185.562,184.774,185.337,742,9335
1989-11-21,185.224,186.349,185.168,186.18,636,9371
1989-11-22,186.236,186.911,186.18,186.799,832,9351
1989-11-24,186.911,188.036,186.911,187.755,1170,9504
1989-11-27,188.036,188.261,187.417,187.867,1451,9569
1989-11-28,187.811,187.811,186.799,186.855,1010,9589
1989-11-29,186.799,186.911,185.618,186.011,1341,9577
1989-11-30,186.686,186.967,185.674,185.843,716,8047
1989-12-01,185.786,186.799,185.786,186.349,420,8031
1989-12-04,186.236,186.461,185.955,186.236,321,8046
1989-12-05,186.349,186.911,186.124,186.63,452,8156
1989-12-06,186.461,186.63,185.899,186.517,576,8227
1989-12-07,186.686,186.855,186.011,186.574,440,8223
1989-12-08,186.686,186.799,185.899,186.18,515,8272
1989-12-11,186.236,187.136,186.236,187.08,957,8330
1989-12-12,187.473,187.698,187.136,187.53,807,8375
1989-12-13,187.586,187.698,187.305,187.642,903,8416
1989-12-14,187.698,188.71,187.698,188.317,1921,8688
1989-12-15,188.598,189.61,188.598,189.554,1985,8704
1989-12-18,189.723,190.51,189.723,190.229,1659,8815
1989-12-19,190.172,190.622,189.217,190.285,2532,9263
1989-12-20,190.397,190.397,189.835,190.172,1499,9406
1989-12-21,190.285,190.847,190.004,190.735,1399,9546
1989-12-22,190.735,190.903,190.116,190.791,608,9669
1989-12-26,190.847,192.534,190.566,191.747,1013,9787
1989-12-27,188.542,188.654,187.811,187.923,892,9796
1989-12-28,188.036,188.148,187.248,187.361,652,9791
1989-12-29,187.473,187.698,187.136,187.642,449,9790
1990-01-02,187.642,188.148,187.08,187.192,660,9755
1990-01-03,187.192,187.192,185.899,186.18,1695,9907
1990-01-04,187.811,188.261,186.011,186.967,1672,10161
1990-01-05,186.911,187.473,186.461,186.574,802,10366
1990-01-08,186.461,186.799,185.899,186.574,905,10436
1990-01-09,186.349,187.08,186.124,186.911,1086,10722
1990-01-10,186.461,186.967,186.011,186.574,2017,10597
1990-01-11,186.574,187.698,186.574,187.192,1201,10754
1990-01-12,186.686,187.755,185.224,185.393,2191,10632
1990-01-15,184.999,185.674,184.718,184.887,2086,10581
1990-01-16,184.774,184.774,184.1,184.437,2265,10826
1990-01-17,184.662,186.799,184.662,186.742,2078,10954
1990-01-18,186.799,187.248,186.236,186.405,1434,10907
1990-01-19,186.799,187.698,186.461,187.361,1132,10933
1990-01-22,187.698,188.204,187.473,188.036,1488,11294
1990-01-23,188.036,188.598,187.698,187.923,2684,11616
1990-01-24,186.911,187.811,186.855,186.967,1342,11469
1990-01-25,187.586,188.935,187.361,187.53,2271,10348
1990-01-26,187.417,187.698,186.349,187.642,1318,10433
1990-01-29,187.473,187.867,187.08,187.305,609,10502
1990-01-30,187.305,187.923,187.136,187.305,846,10560
1990-01-31,187.305,187.305,185.562,185.618,1819,10833
1990-02-01,185.674,186.911,185.449,185.843,1517,10850
1990-02-02,186.011,187.136,185.955,186.799,1056,10791
1990-02-05,186.574,187.811,186.236,187.08,1434,11263
1990-02-06,187.136,187.473,185.393,185.955,1882,11442
1990-02-07,185.899,186.293,185.449,185.674,1281,11539
1990-02-08,185.674,186.124,185.337,185.393,1308,11877
1990-02-09,185.337,185.562,183.537,183.931,3587,12515
1990-02-12,183.65,184.831,183.537,184.1,3313,12692
1990-02-13,184.212,184.887,184.1,184.606,1455,12597
1990-02-14,184.662,184.887,184.212,184.381,905,12581
1990-02-15,184.212,184.774,184.1,184.493,1241,12707
1990-02-16,184.662,185.224,184.437,184.831,1064,12712
1990-02-20,182.188,183.425,182.019,183.256,2480,12966
1990-02-21,182.975,182.975,180.163,180.501,3025,12974
1990-02-22,180.163,181.625,180.107,180.894,2757,13005
1990-02-23,180.726,181.063,180.276,180.445,1479,12884
1990-02-26,180.276,180.782,179.376,179.601,1460,12684
1990-02-27,179.207,179.826,178.645,179.77,1753,12558
1990-02-28,179.938,180.726,179.826,180.107,1373,12579
1990-03-01,180.22,180.501,179.489,180.107,1219,12764
1990-03-02,179.882,180.276,179.826,180.107,1310,12879
1990-03-05,180.276,180.726,180.163,180.613,1323,13100
1990-03-06,180.838,181.907,180.782,181.85,1982,13022
1990-03-07,181.907,182.188,181.4,181.963,1731,13057
1990-03-08,182.019,183.537,181.625,183.537,2380,13286
1990-03-09,183.65,184.774,183.537,184.437,3086,13288
1990-03-12,184.324,185.337,183.987,185.28,1797,13377
1990-03-13,185.337,186.686,185.224,186.349,5504,13619
1990-03-14,186.461,186.574,185.337,185.562,2389,13551
1990-03-15,185.112,185.786,184.662,184.887,1656,13404
1990-03-16,184.662,185.168,184.1,184.493,1528,13399
1990-03-19,185.112,185.899,184.887,185.28,1663,13498
1990-03-20,185.337,185.337,183.65,183.706,2016,13394
1990-03-21,183.875,184.437,182.975,183.031,1502,13446
1990-03-22,183.537,184.212,183.537,183.875,1525,13538
1990-03-23,183.762,184.437,183.425,184.381,1039,13471
1990-03-26,184.549,184.831,184.549,184.774,660,13411
1990-03-27,183.2,183.312,182.413,182.975,946,13437
1990-03-28,182.862,183.537,182.75,183.481,1404,13323
1990-03-29,183.312,183.425,182.413,182.469,768,12632
1990-03-30,182.581,183.144,182.525,182.919,1043,12692
1990-04-02,183.031,184.437,182.525,183.987,1345,12823
1990-04-03,184.324,184.662,183.312,183.369,1440,12814
1990-04-04,183.256,183.65,181.907,182.413,1903,13259
1990-04-05,182.638,184.1,182.413,183.931,1556,13477
1990-04-06,184.437,185.786,184.437,185.674,2415,13204
1990-04-09,185.674,186.349,185.674,186.011,2143,13186
1990-04-10,186.236,187.136,186.236,186.799,2105,13196
1990-04-11,187.305,187.305,185.674,186.124,2015,13264
1990-04-12,186.349,186.742,185.843,186.63,1229,13451
1990-04-16,187.136,187.586,186.068,186.236,1693,13314
1990-04-17,185.674,185.674,184.943,185.055,1722,13086
1990-04-18,184.887,185.112,184.437,184.999,1350,13073
1990-04-19,184.774,185.112,184.437,184.887,1368,13096
1990-04-20,185.055,185.505,184.774,184.999,1275,13175
1990-04-23,184.549,184.887,184.212,184.381,1650,13339
1990-04-24,184.437,184.437,182.3,182.694,2081,13407
1990-04-25,182.862,184.043,182.581,183.144,2861,13501
1990-04-26,182.862,183.762,182.862,183.144,1341,12181
1990-04-27,183.031,184.718,182.919,184.549,2081,12238
1990-04-30,184.662,185.449,184.549,185.393,1813,12181
1990-05-01,185.337,185.899,184.774,185.168,2112,12168
1990-05-02,185.337,186.124,184.887,185.393,1596,12109
1990-05-03,185.674,186.461,185.562,186.349,2354,12269
1990-05-04,186.349,186.574,185.899,186.236,2054,11996
1990-05-07,186.236,187.248,186.236,187.248,2118,11851
1990-05-08,187.136,187.361,185.337,185.393,2325,11746
1990-05-09,186.011,186.742,185.618,186.686,2063,11447
1990-05-10,187.248,187.248,185.786,185.899,2140,11515
1990-05-11,186.293,186.574,185.449,186.349,1386,11526
1990-05-14,186.236,186.63,186.011,186.461,768,11420
1990-05-15,186.349,187.136,185.618,186.855,801,11358
1990-05-16,186.799,188.373,186.799,188.261,1420,11419
1990-05-17,188.261,188.486,187.923,188.148,1056,11557
1990-05-18,188.71,190.06,188.654,189.891,2355,11634
1990-05-21,189.835,190.735,189.723,190.679,1783,11744
1990-05-22,190.341,190.397,189.61,190.229,1086,11490
1990-05-23,189.891,189.948,187.361,188.654,2001,11273
1990-05-24,188.486,189.104,188.036,188.148,552,9631
1990-05-25,187.811,188.486,187.811,188.429,414,9693
1990-05-29,188.486,190.172,188.486,188.71,991,9648
1990-05-30,188.148,188.486,187.473,187.979,789,9756
1990-05-31,188.261,189.048,187.811,188.148,992,9681
1990-06-01,189.048,190.06,188.823,189.779,1031,9937
1990-06-04,190.06,191.353,190.06,191.241,1717,9796
1990-06-05,191.072,191.691,190.96,191.128,1293,9920
1990-06-06,191.522,192.309,190.847,192.197,1742,10242
1990-06-07,191.972,192.422,191.072,191.41,1345,10406
1990-06-08,191.578,192.084,191.41,191.972,876,10597
1990-06-11,191.972,192.422,191.747,192.197,814,10687
1990-06-12,191.972,191.972,190.847,191.128,814,10812
1990-06-13,191.185,191.747,190.566,191.128,851,10997
1990-06-14,190.847,190.847,189.217,190.566,1777,10789
1990-06-15,190.285,190.51,189.16,190.397,1375,10572
1990-06-18,191.185,192.759,191.185,192.028,1707,10645
1990-06-19,192.534,192.647,192.141,192.422,1031,10671
1990-06-20,193.209,193.378,191.41,191.859,2135,10637
1990-06-21,191.634,193.04,191.466,192.141,1202,10784
1990-06-22,191.972,191.972,190.397,190.622,1494,11011
1990-06-25,190.285,190.735,189.835,190.004,821,10819
1990-06-26,189.948,190.566,189.61,190.172,707,10650
1990-06-27,190.172,190.397,189.273,189.385,794,10472
1990-06-28,189.048,190.004,189.048,189.779,903,10444
1990-06-29,189.498,189.61,188.71,188.992,896,10574
1990-07-02,188.261,188.823,186.686,187.698,2140,10311
1990-07-03,187.586,187.698,186.63,187.248,1749,10203
1990-07-05,187.361,188.767,187.361,188.654,1128,10030
1990-07-06,188.823,190.285,188.71,190.172,1482,9964
1990-07-09,190.735,191.859,190.735,191.803,1407,10056
1990-07-10,191.634,191.859,191.241,191.803,930,10069
1990-07-11,191.466,192.309,190.847,192.141,1000,10080
1990-07-12,192.534,194.221,192.478,194.052,2031,10334
1990-07-13,193.771,196.695,193.771,196.639,2797,10669
1990-07-16,196.133,197.482,195.908,196.527,2634,10575
1990-07-17,196.245,196.92,195.908,196.133,1440,10442
1990-07-18,196.358,197.033,195.458,196.47,1237,10311
1990-07-19,196.47,196.583,195.683,196.414,954,10562
1990-07-20,196.414,197.651,195.908,197.37,1644,10697
1990-07-23,197.482,198.101,196.133,196.358,2161,10831
1990-07-24,196.808,198.832,196.695,198.776,1453,11092
1990-07-25,198.944,199.732,198.832,199.675,1795,10973
1990-07-26,199.788,199.788,198.832,199.338,1688,10787
1990-07-27,196.92,197.82,196.808,197.314,2651,11064
1990-07-30,197.258,198.382,196.92,197.932,1426,11169
1990-07-31,198.157,199.507,198.045,199.394,1516,11154
1990-08-01,199.282,199.394,197.595,197.82,1327,11054
1990-08-02,197.707,197.707,194.783,196.527,1945,11230
1990-08-03,195.796,197.595,195.514,195.683,1528,11341
1990-08-06,195.121,196.583,194.783,195.739,1654,11543
1990-08-07,196.583,198.72,196.583,198.382,1732,11604
1990-08-08,198.607,199.732,197.707,199.001,1563,11644
1990-08-09,199.394,199.844,198.495,198.607,1529,11623
1990-08-10,198.157,198.495,197.033,197.482,1532,11690
1990-08-13,197.651,199.732,197.651,198.663,1304,11659
1990-08-14,198.832,199.001,197.37,197.426,1119,11558
1990-08-15,197.539,198.382,197.539,197.707,1299,11664
1990-08-16,197.764,198.832,197.764,198.157,815,11681
1990-08-17,197.932,197.932,196.583,196.92,1777,11515
1990-08-20,195.121,197.033,195.008,196.189,2257,11962
1990-08-21,196.02,197.482,195.008,197.426,2067,12089
1990-08-22,197.426,197.482,196.358,197.033,1525,12202
1990-08-23,196.358,196.358,193.659,193.659,2068,12254
1990-08-24,193.884,193.884,190.51,191.185,4161,12063
1990-08-27,189.498,191.353,188.71,191.241,3261,11771
1990-08-28,190.96,191.297,189.948,190.735,1798,11666
1990-08-29,190.51,190.735,189.385,190.622,1435,11452
1990-08-30,190.397,191.859,190.285,191.128,1123,9438
1990-08-31,190.397,191.803,189.498,191.691,995,9623
1990-09-04,191.072,193.096,191.072,192.703,1655,9558
1990-09-05,192.309,193.434,192.084,192.872,1312,9652
1990-09-06,193.096,193.659,192.422,193.546,1367,9676
1990-09-07,193.546,195.008,193.434,194.727,1568,9900
1990-09-10,194.334,195.852,194.334,195.739,1415,9999
1990-09-11,195.627,196.077,195.065,195.571,1834,9912
1990-09-12,195.233,195.683,194.727,194.84,900,9998
1990-09-13,195.571,195.908,195.233,195.571,1763,10346
1990-09-14,195.571,196.47,195.008,196.077,1290,10529
1990-09-17,196.47,198.27,196.245,197.876,1597,10589
1990-09-18,198.157,198.607,197.595,197.707,1314,10705
1990-09-19,197.82,198.157,197.37,197.651,914,10673
1990-09-20,196.808,197.426,196.639,197.089,1155,10820
1990-09-21,196.92,198.157,196.808,197.707,769,10896
1990-09-24,197.595,197.82,194.334,195.627,2087,11298
1990-09-25,195.908,196.47,194.558,194.671,2132,11596
1990-09-26,194.783,195.233,193.321,193.827,1889,11533
1990-09-27,192.872,193.996,192.647,193.771,1704,10396
1990-09-28,193.603,194.671,192.984,193.321,1519,10598
1990-10-01,195.008,196.695,195.008,195.908,1762,10655
1990-10-02,196.808,196.808,194.952,195.177,1517,10725
1990-10-03,195.233,196.808,194.446,195.402,1442,11066
1990-10-04,195.458,196.302,195.121,195.346,908,11179
1990-10-05,193.884,196.245,193.884,195.571,944,11224
1990-10-08,195.796,196.47,195.346,195.683,863,11322
1990-10-09,196.02,196.583,195.065,195.739,1371,11488
1990-10-10,195.571,195.571,193.546,193.827,1679,11539
1990-10-11,193.659,193.996,191.522,192.028,2675,11259
1990-10-12,192.422,193.771,191.522,193.096,1899,11403
1990-10-15,193.321,194.783,193.209,193.434,1260,11468
1990-10-16,193.096,193.321,191.634,191.859,1920,11470
1990-10-17,191.634,192.534,190.96,191.916,1765,11434
1990-10-18,192.197,193.096,191.634,192.984,1583,11120
1990-10-19,193.321,193.715,192.759,193.209,1649,11266
1990-10-22,192.984,193.378,192.647,193.04,1010,11071
1990-10-23,191.747,194.221,191.747,193.996,2050,11256
1990-10-24,194.334,195.233,194.052,194.727,2084,11108
1990-10-25,194.896,196.133,194.896,196.077,1728,9371
1990-10-26,196.02,196.245,195.739,196.077,1350,9424
1990-10-29,193.321,193.321,192.253,192.478,1121,9315
1990-10-30,192.478,192.984,191.522,191.803,1783,9315
1990-10-31,192.309,193.378,192.084,193.321,2369,9089
1990-11-01,193.434,193.546,191.972,192.197,1608,9125
1990-11-02,192.197,192.197,191.466,191.859,1113,9177
1990-11-05,191.747,192.759,191.747,191.916,745,9242
1990-11-06,191.747,193.996,191.691,193.771,1611,9408
1990-11-07,193.659,194.783,193.659,194.109,1327,9400
1990-11-08,193.884,193.996,192.984,193.209,1119,9362
1990-11-09,193.546,194.671,193.209,194.334,1279,9418
1990-11-12,194.446,195.458,194.334,194.952,938,9378
1990-11-13,194.952,195.796,194.896,195.571,1154,9463
1990-11-14,195.796,197.145,195.796,196.751,2590,9547
1990-11-15,196.92,197.145,196.47,196.976,1282,8085
1990-11-16,196.92,197.37,196.527,197.258,712,8162
1990-11-19,197.033,197.82,197.033,197.482,1057,8226
1990-11-20,197.595,197.82,196.47,197.033,858,8293
1990-11-21,197.033,197.876,196.92,197.426,715,8536
1990-11-23,197.426,198.157,197.426,197.989,478,8685
1990-11-26,197.932,198.495,196.92,198.438,1265,8839
1990-11-27,198.27,198.27,196.47,196.695,1392,9009
1990-11-28,196.92,197.033,195.964,196.47,1050,9247
1990-11-29,196.47,197.482,196.414,197.426,959,9332
1990-11-30,197.82,197.82,196.245,197.033,1140,9643
1990-12-03,197.258,197.37,196.189,197.033,1110,9688
1990-12-04,196.695,197.033,196.133,196.414,827,9775
1990-12-05,196.583,197.482,196.245,197.314,1221,10020
1990-12-06,197.595,199.057,197.482,198.438,1593,10047
1990-12-07,198.663,199.957,198.438,199.9,1434,10250
1990-12-10,200.069,200.519,199.507,200.182,2272,10575
1990-12-11,200.294,200.294,199.282,199.563,1642,10558
1990-12-12,199.619,199.732,199.169,199.563,1318,10876
1990-12-13,199.394,199.957,198.944,199.9,1510,11189
1990-12-14,199.957,200.969,199.844,200.575,1349,11282
1990-12-17,200.688,200.913,200.182,200.856,1453,11490
1990-12-18,200.744,200.744,200.294,200.688,1114,11703
1990-12-19,200.182,200.182,198.944,199.619,1382,11931
1990-12-20,199.169,200.069,198.944,199.394,793,12024
1990-12-21,199.619,199.788,199.001,199.338,1053,12001
1990-12-24,199.507,199.844,199.338,199.788,314,12072
1990-12-26,199.9,201.587,199.9,201.306,1011,12128
1990-12-27,195.514,195.683,195.008,195.346,1001,12158
1990-12-28,195.233,195.233,194.109,195.008,588,12180
1990-12-31,195.008,195.008,194.558,194.896,375,12123
1991-01-02,194.896,194.896,193.546,194.052,619,12182
1991-01-03,193.659,194.502,193.49,194.165,990,12371
1991-01-04,194.334,195.177,194.334,195.065,951,12461
1991-01-07,195.683,196.245,194.221,194.334,1317,12641
1991-01-08,193.996,194.165,192.084,192.534,3312,12806
1991-01-09,192.422,193.434,191.859,192.815,2017,13124
1991-01-10,193.321,193.884,192.928,193.04,1416,13218
1991-01-11,193.209,193.265,192.309,192.478,1314,13319
1991-01-14,191.185,191.185,189.104,189.104,3205,13358
1991-01-15,188.598,189.273,187.923,188.092,2999,13194
1991-01-16,188.373,189.723,188.373,188.935,1930,13267
1991-01-17,191.634,191.634,190.116,191.353,2131,13060
1991-01-18,191.072,192.197,191.072,191.691,1504,13006
1991-01-21,191.185,191.916,190.96,191.803,538,12965
1991-01-22,191.747,193.884,191.747,192.928,2220,13106
1991-01-23,192.872,194.615,192.872,194.221,2097,13008
1991-01-24,194.446,195.571,194.334,195.346,2179,12760
1991-01-25,195.346,196.133,195.121,195.346,1784,12804
1991-01-28,194.896,196.695,194.896,196.077,1958,12775
1991-01-29,195.908,196.808,195.402,195.683,2476,13136
1991-01-30,195.796,196.358,195.458,196.302,1667,13295
1991-01-31,196.47,197.37,196.302,197.201,1854,12033
1991-02-01,197.033,197.595,196.47,197.089,1725,12129
1991-02-04,196.92,197.482,196.583,197.089,1107,12321
1991-02-05,197.482,198.157,196.808,197.314,1671,12868
1991-02-06,197.258,199.282,197.258,198.832,3061,13328
1991-02-07,199.057,199.957,198.944,199.563,2055,13299
1991-02-08,199.957,200.519,198.832,199.001,2195,13461
1991-02-11,198.607,199.057,198.157,199.001,1113,13630
1991-02-12,198.944,200.294,198.944,199.9,1379,13669
1991-02-13,199.957,200.182,199.282,199.9,1037,13809
1991-02-14,199.507,199.507,198.72,199.394,1277,13873
1991-02-15,199.394,199.675,198.832,199.394,1106,14049
1991-02-19,199.507,199.957,199.282,199.844,1217,14069
1991-02-20,199.619,200.406,199.451,200.238,1821,14277
1991-02-21,199.957,200.069,199.282,200.013,1303,14520
1991-02-22,199.844,200.013,199.169,199.844,1347,14561
1991-02-25,199.957,200.294,199.451,199.9,2606,14895
1991-02-26,199.619,202.15,199.619,201.812,3806,14687
1991-02-27,197.089,197.426,196.583,197.314,1532,14660
1991-02-28,197.707,198.72,197.482,198.438,2842,15024
1991-03-01,198.438,198.607,197.707,197.876,2960,15233
1991-03-04,197.82,198.382,197.089,197.37,2414,15760
1991-03-05,197.595,198.495,197.37,197.876,2644,15983
1991-03-06,198.157,198.27,197.539,198.101,2098,15965
1991-03-07,197.707,198.382,197.426,198.101,1909,16124
1991-03-08,198.101,201.025,198.101,200.688,3073,16215
1991-03-11,200.688,201.081,199.732,200.744,1874,16236
1991-03-12,199.844,200.069,199.169,199.282,1789,16233
1991-03-13,199.619,199.732,198.045,198.663,2270,16538
1991-03-14,198.832,199.957,198.607,198.832,2129,16611
1991-03-15,198.832,200.182,198.832,199.9,1543,16636
1991-03-18,199.057,199.394,198.495,198.607,2068,16674
1991-03-19,197.989,199.619,197.595,198.495,2588,16848
1991-03-20,198.27,198.27,197.595,197.82,1875,16682
1991-03-21,197.764,199.001,197.595,198.888,1751,16544
1991-03-22,199.057,199.844,198.72,199.394,2320,16598
1991-03-25,198.944,198.944,197.314,197.595,4683,16172
1991-03-26,197.932,198.72,197.37,198.326,2564,15831
1991-03-27,194.783,195.908,194.615,195.514,1851,15330
1991-03-28,195.571,196.751,195.514,196.639,1580,14247
1991-04-01,196.751,197.595,196.751,197.145,1824,14182
1991-04-02,197.37,198.495,197.37,198.045,2196,14393
1991-04-03,198.607,198.72,197.82,198.382,2203,14472
1991-04-04,198.551,199.394,198.382,198.776,3808,13778
1991-04-05,199.282,200.069,199.057,199.844,2843,13925
1991-04-08,199.844,200.519,198.944,199.169,2539,13816
1991-04-09,199.169,199.394,198.382,198.832,2094,14115
1991-04-10,199.169,199.957,198.832,198.944,2281,14600
1991-04-11,199.169,199.507,198.101,198.663,2739,14552
1991-04-12,198.157,198.72,197.482,197.595,2469,14699
1991-04-15,197.82,198.551,197.145,197.989,1443,14809
1991-04-16,198.157,198.27,197.426,197.595,1025,14937
1991-04-17,197.595,197.764,197.033,197.314,1200,15057
1991-04-18,197.145,197.707,196.639,197.201,1968,15330
1991-04-19,197.482,197.482,196.639,196.695,1410,15314
1991-04-22,196.808,198.27,196.808,197.651,1831,15129
1991-04-23,197.707,198.551,197.707,198.326,1583,15139
1991-04-24,198.382,199.057,198.326,198.495,1138,15069
1991-04-25,198.157,198.495,197.932,198.045,1091,13580
1991-04-26,198.27,199.394,198.157,198.944,1525,13665
1991-04-29,197.033,197.876,197.033,197.707,3556,14208
1991-04-30,197.876,198.045,197.37,197.764,1740,13870
1991-05-01,197.82,197.876,197.258,197.707,1455,13871
1991-05-02,197.707,198.157,196.245,196.527,2367,13973
1991-05-03,196.47,197.089,196.245,196.639,2198,13945
1991-05-06,197.033,197.82,197.033,197.707,2214,13626
1991-05-07,197.707,197.707,194.446,194.558,3448,13375
1991-05-08,194.558,195.346,193.884,194.558,3602,13613
1991-05-09,194.446,195.289,194.277,194.558,2367,13223
1991-05-10,194.39,195.121,194.39,194.84,1751,13504
1991-05-13,194.783,195.796,194.727,195.346,1511,13100
1991-05-14,195.346,196.133,195.121,195.402,1049,13088
1991-05-15,195.233,195.233,194.446,194.502,1553,12944
1991-05-16,194.109,194.783,193.715,194.783,2138,13349
1991-05-17,194.558,195.964,194.558,195.739,1959,13175
1991-05-20,196.695,196.808,194.221,194.39,2334,13123
1991-05-21,194.221,194.558,192.984,194.221,2939,13337
1991-05-22,194.671,195.796,194.671,195.739,2980,13311
1991-05-23,196.245,196.751,195.683,196.695,1542,11372
1991-05-24,196.695,197.651,196.583,197.595,1654,11109
1991-05-28,197.82,198.944,197.426,198.888,2403,11342
1991-05-29,199.057,199.9,199.057,199.732,2214,11187
1991-05-30,200.182,200.182,199.282,199.788,2135,11490
1991-05-31,199.788,199.9,198.832,199.675,2144,11695
1991-06-03,199.282,200.069,199.169,199.619,1269,11823
1991-06-04,199.619,199.788,199.282,199.675,625,11895
1991-06-05,199.507,199.563,198.045,198.438,1262,12060
1991-06-06,198.438,199.226,198.045,198.213,1162,12228
1991-06-07,198.495,198.832,197.651,198.438,1385,12526
1991-06-10,198.382,199.169,198.157,198.382,1107,12678
1991-06-11,198.607,198.72,196.695,196.976,1763,13056
1991-06-12,197.258,197.707,196.695,197.539,2213,13612
1991-06-13,197.82,199.619,197.82,199.563,1811,13598
1991-06-14,199.507,199.675,198.888,199.394,879,13580
1991-06-17,199.169,199.394,198.551,199.394,917,13570
1991-06-18,199.169,199.619,198.776,199.338,1082,13643
1991-06-19,198.72,198.72,196.639,196.751,2943,14252
1991-06-20,196.527,197.314,196.245,197.201,3373,14278
1991-06-21,197.145,197.707,196.02,196.245,2598,14086
1991-06-24,195.571,195.908,195.121,195.177,3032,14263
1991-06-25,195.177,196.751,195.121,196.583,3179,14049
1991-06-26,196.695,197.37,196.02,197.089,2175,14204
1991-06-27,197.258,199.394,197.258,199.226,3173,14114
1991-06-28,199.619,199.788,198.495,199.001,2794,14046
1991-07-01,197.707,199.957,197.145,199.338,2156,14506
1991-07-02,199.394,199.619,198.551,199.563,1957,14440
1991-07-03,199.563,199.563,198.663,198.944,1591,14502
1991-07-05,198.495,199.169,198.27,199.057,668,14553
1991-07-08,198.72,200.969,198.72,200.744,2144,14556
1991-07-09,201.081,202.093,200.294,201.362,4198,14609
1991-07-10,201.306,201.644,200.182,200.575,2774,15042
1991-07-11,201.194,202.656,201.194,202.599,2805,15108
1991-07-12,202.599,202.768,201.306,202.375,2272,15357
1991-07-15,201.644,202.656,201.531,202.543,1618,15407
1991-07-16,202.093,202.093,201.081,201.812,2411,15233
1991-07-17,201.306,201.531,200.744,201.306,2721,15158
1991-07-18,201.644,202.318,201.419,201.981,1934,15085
1991-07-19,201.868,201.981,201.194,201.587,1160,15270
1991-07-22,201.081,201.306,200.294,200.631,1756,15150
1991-07-23,200.069,200.182,199.057,199.675,2683,15149
1991-07-24,201.306,202.206,201.025,201.925,3018,15061
1991-07-25,201.644,201.756,200.8,201.587,1639,14914
1991-07-26,201.531,201.587,200.294,200.575,1570,15162
1991-07-29,196.02,196.02,193.996,194.84,3433,14994
1991-07-30,194.783,195.233,194.334,194.727,3517,15046
1991-07-31,194.502,195.458,194.109,194.221,2571,15006
1991-08-01,193.546,193.996,191.072,191.185,4792,14650
1991-08-02,190.51,191.297,189.048,189.16,5667,14288
1991-08-05,190.06,191.859,189.498,190.622,4143,13916
1991-08-06,190.96,190.96,188.71,188.879,4240,13210
1991-08-07,187.248,187.248,185.505,185.505,4641,13136
1991-08-08,182.131,182.75,182.131,182.131,6060,13557
1991-08-09,182.638,185.337,182.638,185.168,4692,13786
1991-08-12,185.112,185.112,182.188,183.706,3666,14342
1991-08-13,184.437,187.08,184.324,186.967,3661,14176
1991-08-14,186.967,188.598,186.967,187.811,2858,14275
1991-08-15,187.473,188.935,186.911,188.542,3030,14588
1991-08-16,188.935,190.06,188.486,188.654,2723,14692
1991-08-19,187.361,190.847,186.686,190.341,3176,14450
1991-08-20,192.534,192.534,190.847,191.522,2788,14028
1991-08-21,191.185,191.466,189.61,189.723,2442,14191
1991-08-22,189.498,192.59,189.498,191.747,2966,14190
1991-08-23,192.253,193.884,192.253,193.265,3476,13964
1991-08-26,192.534,193.096,191.522,192.028,3540,13615
1991-08-27,189.16,189.385,188.148,189.104,2289,13456
1991-08-28,188.598,188.598,186.236,187.024,3800,13280
1991-08-29,186.686,187.698,186.574,187.024,1864,11534
1991-08-30,186.461,186.686,185.562,186.405,1954,11568
1991-09-03,186.011,186.911,185.224,186.124,2148,11256
1991-09-04,185.449,186.63,184.662,186.405,2148,11213
1991-09-05,186.911,189.61,186.911,188.823,2287,11030
1991-09-06,188.598,190.06,188.148,189.441,1863,11037
1991-09-09,189.385,189.385,188.148,188.823,982,10877
1991-09-10,188.598,190.06,188.486,189.891,1456,10869
1991-09-11,189.723,190.004,187.53,187.698,2646,10944
1991-09-12,187.361,188.71,186.574,188.486,2383,11118
1991-09-13,188.261,188.654,187.698,188.317,1088,11194
1991-09-16,187.923,188.148,186.967,187.867,1293,11123
1991-09-17,187.698,188.935,187.698,188.71,1278,11219
1991-09-18,188.71,189.891,188.71,189.779,1360,11252
1991-09-19,190.96,192.984,190.791,192.872,3328,11636
1991-09-20,192.984,193.884,192.309,192.703,2616,11658
1991-09-23,192.422,193.321,192.084,192.59,1343,11705
1991-09-24,193.434,194.109,192.647,192.984,2156,11464
1991-09-25,192.759,193.659,192.084,193.659,2134,11962
1991-09-26,193.771,194.783,193.321,194.727,2175,10956
1991-09-27,195.346,196.133,194.896,195.121,2193,10853
1991-09-30,194.446,194.783,193.546,194.334,1508,10829
1991-10-01,194.334,194.896,193.996,194.334,1265,11014
1991-10-02,193.771,193.771,192.647,193.04,1487,10925
1991-10-03,192.534,192.647,191.859,192.084,1488,10944
1991-10-04,191.859,193.321,191.522,193.153,1260,10858
1991-10-07,192.984,194.446,192.647,193.49,1316,10932
1991-10-08,193.209,193.996,192.815,193.209,1563,10910
1991-10-09,192.984,194.558,192.928,194.502,1576,10821
1991-10-10,194.558,195.346,193.884,195.121,1955,10931
1991-10-11,195.796,196.133,194.952,195.683,1814,10727
1991-10-14,195.233,195.458,194.277,194.727,1033,10755
1991-10-15,194.109,194.221,193.153,193.434,2096,10642
1991-10-16,193.209,194.221,193.209,194.052,1741,10410
1991-10-17,194.221,194.221,192.647,193.04,1525,10523
1991-10-18,192.872,193.546,192.534,192.872,1355,10643
1991-10-21,192.534,193.434,192.084,193.378,1495,10757
1991-10-22,193.434,194.165,193.434,193.659,951,10810
1991-10-23,194.558,194.558,192.872,193.096,1667,10666
1991-10-24,192.422,192.422,190.285,190.679,3161,10482
1991-10-25,190.285,191.522,190.285,190.847,2942,10795
1991-10-28,190.06,190.735,189.779,190.622,1386,10772
1991-10-29,190.791,191.185,189.554,189.779,2054,10998
1991-10-30,190.172,190.622,189.104,190.004,2010,10870
1991-10-31,190.06,190.285,188.373,188.767,2200,9913
1991-11-01,189.048,189.385,186.686,187.361,2041,10024
1991-11-04,187.192,187.473,183.987,184.212,3471,10315
1991-11-05,184.212,184.662,182.862,184.324,3142,10122
1991-11-06,184.381,185.224,182.75,184.774,2371,10131
1991-11-07,184.887,185.899,184.662,185.449,1670,10062
1991-11-08,185.112,186.461,185.112,185.393,1571,9968
1991-11-11,185.112,186.967,185.112,186.911,1329,9924
1991-11-12,187.586,188.261,187.136,187.417,2084,10064
1991-11-13,187.192,187.923,186.461,186.686,1375,10044
1991-11-14,187.024,189.498,187.024,189.104,1873,10302
1991-11-15,189.273,189.948,188.71,188.823,1564,10558
1991-11-18,187.811,187.811,185.449,186.517,1726,10668
1991-11-19,186.461,186.461,183.987,185.337,2457,10417
1991-11-20,185.449,186.405,184.887,185.843,1536,10523
1991-11-21,186.011,187.305,185.505,186.967,1367,8845
1991-11-22,187.024,187.361,185.168,185.843,1339,8812
1991-11-25,185.843,185.843,184.549,184.606,1041,8985
1991-11-26,184.437,185.674,184.381,184.718,1228,8954
1991-11-27,184.887,185.618,184.887,185.28,491,8946
1991-11-29,185.505,185.786,184.887,185.337,399,8945
1991-12-02,184.887,184.887,183.425,184.043,1744,9143
1991-12-03,183.762,185.112,183.369,183.481,2913,9364
1991-12-04,183.087,184.1,182.638,183.369,2437,9632
1991-12-05,183.312,183.425,180.051,180.894,2957,9754
1991-12-06,180.726,182.525,180.726,182.075,2146,9649
1991-12-09,182.413,183.987,182.413,183.65,1651,9527
1991-12-10,183.875,183.875,180.501,180.782,2190,9611
1991-12-11,181.063,181.063,178.701,179.489,3438,9390
1991-12-12,179.826,180.951,179.601,179.657,1407,9357
1991-12-13,179.826,180.726,179.714,180.332,1327,9372
1991-12-16,180.613,180.613,178.027,178.027,1793,9514
1991-12-17,178.139,178.926,177.183,178.645,1551,9303
1991-12-18,179.039,179.039,176.452,176.565,1993,9138
1991-12-19,174.765,175.215,173.191,173.191,3674,9274
1991-12-20,173.416,173.978,170.267,171.279,2962,9357
1991-12-23,171.954,172.628,171.166,172.404,1789,9356
1991-12-24,172.797,173.866,172.797,173.753,1259,9379
1991-12-26,173.753,173.866,172.572,172.628,918,9367
1991-12-27,167.568,168.524,166.668,168.299,1542,9414
1991-12-30,168.355,170.604,168.355,170.435,1432,9375
1991-12-31,171.166,171.391,169.704,170.379,1334,9544
1992-01-02,170.267,170.548,169.255,170.042,1079,9600
1992-01-03,169.704,169.704,167.568,167.905,1422,9681
1992-01-06,170.042,170.942,168.467,169.255,2438,9992
1992-01-07,169.255,172.404,169.142,172.235,2709,9972
1992-01-08,172.516,172.628,171.054,171.673,2215,9969
1992-01-09,171.504,172.966,170.829,172.797,1784,9902
1992-01-10,173.078,173.641,172.741,173.416,1408,9899
1992-01-13,173.416,173.641,172.404,173.359,1381,10020
1992-01-14,173.528,174.934,172.066,172.46,3848,10229
1992-01-15,172.741,173.135,171.841,173.078,2133,10296
1992-01-16,173.078,174.99,172.966,174.934,1577,10217
1992-01-17,174.765,174.934,173.022,173.753,2074,10542
1992-01-20,173.078,173.416,172.404,173.303,1220,10633
1992-01-21,173.641,175.384,173.641,174.99,1754,10661
1992-01-22,174.765,174.878,173.641,174.428,1149,10865
1992-01-23,174.428,176.115,174.09,176.059,1845,10690
1992-01-24,176.34,176.508,175.103,176.059,1548,10512
1992-01-27,175.89,176.452,175.103,176.396,1031,10408
1992-01-28,176.452,177.352,175.777,177.296,1425,10357
1992-01-29,177.352,178.701,177.352,178.645,2677,10303
1992-01-30,178.589,178.814,177.464,177.858,1981,9271
1992-01-31,177.577,177.914,176.846,177.858,1650,9389
1992-02-03,176.79,177.071,176.002,176.115,1385,9558
1992-02-04,176.452,177.914,176.452,177.183,1789,9596
1992-02-05,177.183,177.464,176.171,177.127,1433,9785
1992-02-06,177.127,177.577,176.565,177.014,1515,10135
1992-02-07,177.014,177.127,176.283,176.846,1548,10364
1992-02-10,179.489,180.22,179.32,180.22,1807,10380
1992-02-11,180.388,182.75,179.714,180.501,3893,9956
1992-02-12,180.726,181.569,180.051,180.276,2232,9992
1992-02-13,180.276,180.445,179.32,180.051,1174,10055
1992-02-14,179.264,179.938,179.039,179.489,1018,10045
1992-02-18,179.039,179.039,177.464,177.858,1639,10096
1992-02-19,177.464,178.758,177.239,178.42,1411,10013
1992-02-20,178.139,179.601,178.139,179.264,1002,9959
1992-02-21,179.264,179.489,178.476,178.87,704,9985
1992-02-24,177.914,177.914,175.89,176.171,1702,10161
1992-02-25,175.665,176.677,175.44,176.565,1703,10340
1992-02-26,176.227,176.677,175.103,175.552,1734,10308
1992-02-27,170.998,173.078,170.492,171.954,2808,10816
1992-02-28,171.616,172.404,171.391,172.347,1286,10861
1992-03-02,171.954,173.022,171.841,172.628,1273,10903
1992-03-03,172.628,173.303,172.066,172.91,1472,10902
1992-03-04,173.416,175.834,173.416,175.328,3194,10888
1992-03-05,175.552,176.115,175.384,175.834,1780,10876
1992-03-06,176.34,177.464,176.002,176.227,3249,11010
1992-03-09,177.014,178.083,176.902,177.577,3749,11874
1992-03-10,177.914,178.252,177.239,178.027,2328,11672
1992-03-11,178.645,178.758,176.115,176.227,2342,11904
1992-03-12,176.452,176.902,176.115,176.565,1450,12101
1992-03-13,176.34,177.127,176.002,176.733,1027,12252
1992-03-16,176.733,177.689,176.565,177.296,1080,12282
1992-03-17,177.352,177.689,174.709,175.44,2058,12316
1992-03-18,174.99,176.171,174.765,174.878,1912,12383
1992-03-19,174.765,175.552,174.428,175.328,1451,12637
1992-03-20,175.44,176.115,175.159,175.777,1301,12735
1992-03-23,175.328,175.496,174.428,174.99,1171,12707
1992-03-24,174.99,176.34,174.99,175.946,1264,12525
1992-03-25,176.79,177.352,176.621,176.958,1627,12330
1992-03-26,177.014,177.689,176.902,177.577,1310,10315
1992-03-27,174.203,175.215,173.866,174.54,1297,10175
1992-03-30,173.416,176.227,173.191,175.44,1601,10146
1992-03-31,175.777,177.014,175.777,176.396,1873,10099
1992-04-01,176.227,176.508,174.878,175.496,1461,10316
1992-04-02,175.609,176.34,175.44,176.059,878,10320
1992-04-03,176.34,176.677,175.777,176.452,1187,10546
1992-04-06,176.79,177.014,176.171,176.677,948,10565
1992-04-07,176.677,176.677,174.653,174.821,1650,10724
1992-04-08,174.765,175.328,173.978,174.821,1255,10714
1992-04-09,175.215,175.834,175.103,175.609,671,10735
1992-04-10,175.44,175.946,174.878,175.271,529,10754
1992-04-13,174.99,174.99,174.372,174.372,346,10747
1992-04-14,173.978,174.54,173.416,174.034,1379,10628
1992-04-15,174.034,174.99,173.584,173.584,1031,10722
1992-04-16,173.528,174.428,173.135,174.034,1556,11053
1992-04-20,173.753,174.315,173.078,174.09,1254,10871
1992-04-21,173.866,175.103,173.866,174.034,1475,10918
1992-04-22,173.753,173.866,172.347,172.404,2072,10843
1992-04-23,172.404,173.753,172.235,173.528,1556,10670
1992-04-24,173.528,174.428,173.528,174.034,1502,10584
1992-04-27,172.066,172.91,171.11,171.616,2425,10800
1992-04-28,171.279,171.56,170.942,171.054,1140,10909
1992-04-29,171.391,171.954,169.367,169.592,1510,10869
1992-04-30,169.367,170.492,169.255,169.873,814,10010
1992-05-01,169.929,171.11,169.873,170.098,943,10071
1992-05-04,170.211,170.604,169.03,169.986,1584,10196
1992-05-05,170.267,170.829,169.817,169.986,947,10266
1992-05-06,169.817,170.154,169.255,169.761,1266,10266
1992-05-07,170.154,171.448,170.042,171.223,1362,10124
1992-05-08,171.391,172.179,171.391,172.122,1311,10121
1992-05-11,172.404,172.628,171.166,171.391,1640,10014
1992-05-12,171.616,172.066,170.829,170.942,1145,10286
1992-05-13,171.279,171.616,169.929,170.323,1720,10612
1992-05-14,170.942,171.223,169.873,170.998,1519,10756
1992-05-15,171.166,171.166,169.817,170.492,1018,10693
1992-05-18,170.267,171.054,170.042,170.998,614,10663
1992-05-19,171.391,171.841,169.367,169.648,1631,10663
1992-05-20,169.592,169.929,168.805,168.861,1796,10587
1992-05-21,169.142,169.817,168.917,169.423,844,8942
1992-05-22,169.592,170.042,169.311,169.648,621,9012
1992-05-26,169.255,171.166,169.255,169.873,981,9002
1992-05-27,169.817,169.986,168.58,168.973,1140,9106
1992-05-28,168.861,169.423,168.018,168.749,1131,9110
1992-05-29,168.636,169.48,168.467,169.255,832,8891
1992-06-01,169.142,169.986,168.524,169.873,1178,9092
1992-06-02,170.267,170.717,169.929,170.042,962,9174
1992-06-03,169.929,171.391,169.367,171.054,1367,8849
1992-06-04,171.504,172.741,171.504,172.685,1988,8614
1992-06-05,173.078,173.416,172.404,172.628,1448,8755
1992-06-08,172.741,173.078,172.404,172.91,1148,8945
1992-06-09,172.966,173.191,172.516,172.853,832,8975
1992-06-10,172.628,172.797,172.122,172.235,545,9009
1992-06-11,171.897,172.685,171.616,172.179,858,9196
1992-06-12,172.291,174.315,172.179,174.09,1581,9087
1992-06-15,174.878,176.059,174.765,175.552,1839,9330
1992-06-16,175.552,176.565,175.103,176.171,1828,9622
1992-06-17,176.34,176.452,174.934,175.496,1145,9664
1992-06-18,176.002,176.059,175.721,175.721,1298,9782
1992-06-19,175.665,176.958,175.552,176.733,939,9641
1992-06-22,176.79,177.127,175.777,176.227,915,9703
1992-06-23,176.227,176.621,175.777,176.452,740,9797
1992-06-24,176.34,176.508,175.328,176.171,917,9841
1992-06-25,175.89,176.452,175.721,176.34,899,9891
1992-06-26,176.34,177.689,176.34,177.633,1374,9940
1992-06-29,177.689,179.32,177.577,178.87,1707,9945
1992-06-30,178.701,178.814,178.252,178.758,830,9916
1992-07-01,178.364,179.039,177.689,178.195,1549,10308
1992-07-02,178.027,179.264,177.296,179.095,1179,10451
1992-07-06,179.938,181.682,179.938,181.513,2010,10330
1992-07-07,182.188,182.188,180.669,180.894,1718,10368
1992-07-08,180.726,181.007,180.163,180.445,1021,10332
1992-07-09,180.501,183.087,180.445,182.919,2461,10431
1992-07-10,182.638,184.1,182.075,183.425,1486,10286
1992-07-13,183.762,184.999,183.537,184.212,1981,10271
1992-07-14,184.437,184.999,183.987,184.774,1706,10537
1992-07-15,184.549,185.337,184.268,184.493,1070,10515
1992-07-16,184.549,185.562,184.437,185.28,1028,10557
1992-07-17,185.449,186.18,184.774,185.28,1290,10580
1992-07-20,185.168,185.505,184.549,184.999,1461,10676
1992-07-21,184.999,184.999,183.087,183.65,2534,10739
1992-07-22,183.312,184.549,182.919,184.493,1603,10797
1992-07-23,184.606,185.112,184.1,184.774,1015,10877
1992-07-24,184.999,185.674,184.774,185.393,1131,10968
1992-07-27,181.4,184.887,181.176,183.818,2853,11298
1992-07-28,183.2,184.212,182.75,183.987,2323,11246
1992-07-29,183.762,184.606,183.425,184.493,1403,11273
1992-07-30,184.324,186.011,184.324,185.899,1712,11224
1992-07-31,185.674,187.586,185.674,187.53,2108,11483
1992-08-03,187.586,188.935,187.024,187.698,2187,11701
1992-08-04,187.923,188.373,187.361,188.373,1560,11728
1992-08-05,188.373,189.385,188.148,189.273,1994,11656
1992-08-06,189.385,190.116,189.329,190.004,1746,11618
1992-08-07,190.397,191.072,189.61,190.903,2487,11659
1992-08-10,190.847,190.96,190.397,190.679,1298,11513
1992-08-11,190.622,190.791,188.542,188.654,2261,11209
1992-08-12,188.486,188.486,187.586,188.317,2228,11127
1992-08-13,188.317,188.935,187.136,187.473,1880,11264
1992-08-14,187.473,188.486,187.248,188.429,1554,11395
1992-08-17,188.429,188.823,187.586,187.811,1081,11389
1992-08-18,187.361,189.61,187.136,189.048,1968,11499
1992-08-19,189.048,189.835,188.373,189.61,1424,11595
1992-08-20,189.835,189.891,188.542,188.767,1350,11687
1992-08-21,188.767,189.385,188.092,189.104,1378,11795
1992-08-24,188.935,189.385,188.148,189.329,1023,11708
1992-08-25,189.273,189.273,187.811,188.486,1677,11805
1992-08-26,188.036,189.385,187.586,189.273,2268,11832
1992-08-27,186.124,186.461,185.843,186.349,1003,9354
1992-08-28,185.562,185.562,184.437,185.449,1888,9835
1992-08-31,185.112,186.799,184.662,186.63,1702,10058
1992-09-01,186.461,186.967,185.674,185.955,869,10026
1992-09-02,185.786,187.248,184.831,187.136,1913,10252
1992-09-03,186.911,187.136,186.63,186.855,792,10266
1992-09-04,186.574,187.192,186.461,187.136,516,10222
1992-09-08,187.136,189.498,186.967,189.217,2505,9893
1992-09-09,188.823,188.823,187.698,188.261,1111,9807
1992-09-10,188.71,188.935,187.923,188.879,655,9908
1992-09-11,188.879,189.498,187.755,188.148,1570,9840
1992-09-14,188.036,189.048,187.586,188.823,1019,9737
1992-09-15,189.273,189.948,187.361,187.867,1719,9665
1992-09-16,187.586,188.261,187.417,187.867,808,9673
1992-09-17,187.698,188.373,187.698,188.148,600,9586
1992-09-18,188.373,188.598,188.036,188.317,739,9605
1992-09-21,188.092,189.104,187.473,187.586,1574,9906
1992-09-22,187.248,188.261,187.136,187.192,1395,9907
1992-09-23,187.248,187.473,185.674,185.786,2081,9697
1992-09-24,185.618,186.461,185.449,185.843,2093,8756
1992-09-25,186.124,187.024,186.124,186.799,973,8749
1992-09-28,186.124,186.124,185.393,185.73,843,8735
1992-09-29,186.011,187.024,186.011,186.686,1420,8730
1992-09-30,186.686,186.855,186.349,186.517,919,8770
1992-10-01,186.236,187.698,186.124,187.361,1507,8846
1992-10-02,187.586,188.429,187.473,187.979,1088,8781
1992-10-05,188.148,188.261,185.337,185.843,2173,8916
1992-10-06,186.124,186.799,186.124,186.517,1022,8879
1992-10-07,186.236,186.405,185.955,186.293,859,8770
1992-10-08,186.686,187.024,186.349,186.517,867,8762
1992-10-09,186.349,186.349,185.562,185.786,942,8904
1992-10-12,185.786,187.473,185.786,187.361,1215,8895
1992-10-13,187.923,188.261,187.136,187.136,1346,9009
1992-10-14,186.911,187.136,186.349,186.855,968,9098
1992-10-15,186.461,187.024,186.236,186.742,1067,9226
1992-10-16,187.136,187.248,186.461,186.967,931,9211
1992-10-19,187.361,188.092,187.361,187.979,1991,9177
1992-10-20,188.373,188.598,186.967,187.024,1942,9230
1992-10-21,186.911,187.473,186.517,187.08,1465,9407
1992-10-22,186.911,187.024,186.124,186.293,1234,9292
1992-10-23,186.349,186.461,185.786,186.293,1008,9302
1992-10-26,186.349,187.192,186.011,186.967,1151,9312
1992-10-27,183.425,184.212,182.525,182.75,1260,9345
1992-10-28,180.613,182.413,180.613,180.894,3055,9672
1992-10-29,180.726,181.063,180.501,181.007,1644,8621
1992-10-30,180.894,181.963,180.894,181.85,1609,8753
1992-11-02,181.963,183.087,181.288,183.031,1554,8882
1992-11-03,183.2,183.2,181.738,181.963,1329,8961
1992-11-04,181.513,182.694,181.513,182.131,782,8995
1992-11-05,181.963,182.638,181.963,182.581,702,8908
1992-11-06,182.188,182.3,181.288,181.907,1158,8650
1992-11-09,181.963,185.28,181.85,185.055,2821,8428
1992-11-10,184.774,185.224,183.762,184.043,2105,8164
1992-11-11,183.987,184.774,183.987,184.606,1113,8201
1992-11-12,184.774,185.449,184.718,185.112,1264,8042
1992-11-13,185.224,185.337,184.493,185.055,811,5434
1992-11-16,184.887,186.799,184.831,186.18,2117,7820
1992-11-17,186.461,186.742,185.112,185.562,1290,7945
1992-11-18,185.449,185.955,185.112,185.843,818,7841
1992-11-19,186.011,186.461,185.618,185.843,675,6189
1992-11-20,186.236,186.574,185.899,186.517,685,6381
1992-11-23,186.686,188.036,186.686,187.923,1151,6304
1992-11-24,187.923,189.104,187.642,187.979,1324,6566
1992-11-25,188.261,188.935,187.979,188.935,696,6622
1992-11-27,188.598,188.879,188.092,188.204,477,6704
1992-11-30,188.148,189.273,188.148,188.71,1257,6662
1992-12-01,188.935,189.16,187.923,188.598,1034,6773
1992-12-02,188.71,189.16,188.204,188.429,911,7031
1992-12-03,188.317,188.542,187.923,188.204,693,7131
1992-12-04,188.373,188.486,187.923,188.204,803,7370
1992-12-07,188.486,191.185,188.486,191.072,1880,7453
1992-12-08,190.96,191.803,190.847,191.072,1238,7655
1992-12-09,190.847,191.297,190.622,191.016,921,7818
1992-12-10,191.072,191.859,190.96,191.522,1096,7817
1992-12-11,191.634,192.422,191.634,192.309,1237,7992
1992-12-14,192.759,193.659,192.534,193.153,1272,8071
1992-12-15,193.321,193.321,192.365,192.59,1096,8234
1992-12-16,192.534,194.109,192.534,193.321,1172,8410
1992-12-17,193.209,193.603,192.478,192.984,873,8433
1992-12-18,192.984,193.096,192.647,192.815,1029,8506
1992-12-21,193.321,194.558,193.096,194.446,1442,8675
1992-12-22,194.334,194.671,193.603,194.39,1263,8809
1992-12-23,194.334,194.558,193.434,194.052,1143,8748
1992-12-24,193.996,194.446,193.884,194.334,341,8811
1992-12-28,189.948,190.06,188.935,189.498,679,8856
1992-12-29,188.935,189.16,188.373,189.104,1202,8848
1992-12-30,188.373,189.048,188.373,188.935,1181,8862
1992-12-31,188.823,190.735,188.823,190.454,1228,8871
1993-01-04,190.229,191.353,190.229,191.016,1201,9123
1993-01-05,191.185,193.153,190.903,192.984,1856,9580
1993-01-06,193.434,195.121,192.984,193.884,2881,9969
1993-01-07,193.209,194.446,193.04,194.221,2750,10426
1993-01-08,194.558,195.233,193.884,194.221,2135,10717
1993-01-11,194.896,196.077,194.896,195.627,2093,10815
1993-01-12,195.683,195.908,194.39,194.558,2215,11153
1993-01-13,194.109,194.446,192.703,194.109,1866,11360
1993-01-14,194.446,194.671,192.872,192.984,1347,11516
1993-01-15,192.309,194.277,192.309,193.827,1702,11673
1993-01-18,194.109,194.39,192.872,193.04,1348,12062
1993-01-19,193.659,194.109,192.197,192.759,2475,12413
1993-01-20,193.209,193.827,192.984,193.715,1620,12610
1993-01-21,193.715,193.996,191.972,192.028,1787,12861
1993-01-22,192.197,192.647,191.859,192.534,1072,12920
1993-01-25,192.084,192.759,190.735,190.903,1689,12752
1993-01-26,190.51,192.309,190.285,192.028,1870,12691
1993-01-27,192.197,192.197,190.172,191.353,2687,12426
1993-01-28,191.072,191.522,189.554,189.723,1163,11132
1993-01-29,189.723,190.172,189.16,189.273,1565,11097
1993-02-01,187.248,188.935,187.024,188.486,2077,11080
1993-02-02,188.823,191.297,188.823,189.835,2126,10733
1993-02-03,189.948,191.522,189.498,191.353,1961,10944
1993-02-04,191.634,191.972,190.397,190.679,1310,11201
1993-02-05,190.679,191.522,190.679,190.903,1206,11478
1993-02-08,191.297,193.659,191.297,193.153,2468,11466
1993-02-09,193.321,193.827,192.478,192.984,1536,11603
1993-02-10,193.659,194.109,193.434,193.715,1276,11722
1993-02-11,193.827,193.827,192.647,193.153,1089,11886
1993-02-12,193.321,193.321,192.422,192.928,624,11965
1993-02-16,193.209,193.378,189.554,189.723,2516,11947
1993-02-17,189.835,189.948,187.811,189.104,2594,12078
1993-02-18,190.06,190.51,188.261,189.104,1889,12066
1993-02-19,189.16,190.397,188.935,189.273,1172,12266
1993-02-22,188.823,190.51,188.373,190.397,1758,12552
1993-02-23,190.397,190.679,189.891,189.948,1245,12769
1993-02-24,190.397,190.622,188.542,188.992,1829,12857
1993-02-25,188.71,189.441,187.698,188.373,2205,12929
1993-02-26,188.148,189.385,187.811,189.048,1574,13003
1993-03-01,187.698,188.373,187.473,188.204,1217,13304
1993-03-02,187.923,189.385,187.698,189.273,1503,13295
1993-03-03,189.385,189.835,188.823,188.992,1960,13607
1993-03-04,188.486,190.285,188.486,189.891,1606,13598
1993-03-05,189.948,191.41,189.273,191.072,1889,13577
1993-03-08,191.297,194.221,191.297,193.096,4036,13820
1993-03-09,193.771,193.884,191.859,192.422,2216,13795
1993-03-10,192.422,192.984,191.972,192.759,948,13723
1993-03-11,192.759,193.209,192.197,192.534,1187,13654
1993-03-12,192.309,192.759,191.522,191.916,1186,13783
1993-03-15,192.141,193.771,191.634,193.04,1432,13789
1993-03-16,192.872,193.096,192.084,192.197,1428,13567
1993-03-17,192.534,192.759,190.903,191.016,2956,13812
1993-03-18,191.41,193.546,191.41,193.49,2528,13851
1993-03-19,193.659,194.109,193.434,193.659,1863,13849
1993-03-22,194.558,194.896,193.546,194.39,1643,13891
1993-03-23,194.39,195.065,193.209,193.321,1890,13977
1993-03-24,193.771,193.771,191.747,192.141,1923,13837
1993-03-25,192.253,193.434,191.972,192.703,1787,13828
1993-03-26,192.534,192.872,192.197,192.534,946,12671
1993-03-29,188.935,191.297,188.935,190.735,1648,12551
1993-03-30,191.185,191.634,189.16,190.172,2005,12751
1993-03-31,189.835,190.172,188.935,190.116,1647,12816
1993-04-01,190.172,190.285,189.441,189.554,1366,13054
1993-04-02,189.16,190.06,188.823,189.217,1463,13181
1993-04-05,189.16,190.229,188.598,190.06,1614,13298
1993-04-06,190.06,190.06,188.71,189.441,1436,13411
1993-04-07,189.498,190.285,189.498,189.723,1406,13413
1993-04-08,189.385,189.554,188.992,189.16,861,13514
1993-04-12,189.16,190.06,188.373,189.217,1532,13507
1993-04-13,189.723,190.397,189.385,190.229,1422,13382
1993-04-14,190.397,190.847,190.172,190.397,1376,13264
1993-04-15,190.735,191.072,190.341,190.454,1770,13278
1993-04-16,190.397,190.622,189.385,189.666,2132,13244
1993-04-19,189.723,191.072,189.498,190.903,1299,13474
1993-04-20,191.185,191.41,190.341,190.454,1289,13578
1993-04-21,191.185,192.197,190.847,192.084,2220,13943
1993-04-22,192.197,192.703,191.859,192.253,1906,14252
1993-04-23,192.309,192.478,190.735,191.072,1420,14415
1993-04-26,191.185,192.815,191.185,191.691,2497,14659
1993-04-27,190.735,191.072,190.06,190.679,1654,14574
1993-04-28,190.96,191.522,190.622,191.072,1211,14442
1993-04-29,191.297,191.859,191.297,191.691,2033,14542
1993-04-30,191.747,191.972,191.297,191.747,1147,13977
1993-05-03,192.197,192.647,191.972,192.197,1949,14127
1993-05-04,192.309,192.872,191.522,192.141,1435,14146
1993-05-05,192.028,192.309,190.622,190.679,1646,14274
1993-05-06,190.96,191.41,190.735,191.128,1037,14229
1993-05-07,191.241,191.859,190.96,191.185,1508,14069
1993-05-10,191.297,191.747,191.016,191.578,1199,14091
1993-05-11,191.859,192.534,191.859,192.197,1236,13932
1993-05-12,192.197,192.59,191.747,192.534,1770,14015
1993-05-13,192.197,193.265,191.522,193.096,1649,14331
1993-05-14,193.209,193.265,192.309,192.534,999,14395
1993-05-17,192.309,192.872,192.084,192.365,832,14422
1993-05-18,192.309,192.422,190.735,190.903,2362,14497
1993-05-19,191.072,191.634,190.172,190.791,1587,14150
1993-05-20,190.847,191.128,190.454,190.679,1023,14064
1993-05-21,190.622,191.634,190.622,191.016,991,13917
1993-05-24,191.634,192.422,191.297,191.578,1293,13866
1993-05-25,191.972,192.534,191.972,192.309,1844,13369
1993-05-26,192.197,192.422,191.859,192.028,1692,13001
1993-05-27,192.141,192.197,191.634,191.803,1927,12486
1993-05-28,191.859,192.084,191.803,191.972,371,10761
1993-06-01,191.859,193.659,191.747,193.096,1547,11001
1993-06-02,192.872,193.771,191.578,191.803,1809,11382
1993-06-03,191.859,192.815,191.859,192.703,879,11587
1993-06-04,192.534,196.077,192.534,196.02,2211,11867
1993-06-07,196.02,196.695,195.739,196.302,1651,12060
1993-06-08,195.739,195.908,195.514,195.627,962,12185
1993-06-09,195.908,197.595,195.908,197.37,1839,12365
1993-06-10,197.258,197.82,197.089,197.651,1186,12593
1993-06-11,197.707,199.057,197.707,199.001,1551,12598
1993-06-14,199.001,199.169,197.764,198.551,1530,12797
1993-06-15,198.832,198.832,196.583,196.751,1532,12889
1993-06-16,196.808,197.482,196.583,196.695,1020,12958
1993-06-17,196.245,197.089,196.133,196.47,1427,13041
1993-06-18,196.245,196.808,196.077,196.527,763,13066
1993-06-21,196.527,197.145,195.402,195.458,1521,13092
1993-06-22,195.964,195.964,194.334,194.615,1730,13120
1993-06-23,194.39,195.346,194.221,195.177,1385,13064
1993-06-24,195.683,197.145,195.683,196.302,1571,13095
1993-06-25,196.358,198.157,195.796,197.876,1515,13235
1993-06-28,197.932,198.382,197.258,197.595,1279,13251
1993-06-29,197.82,197.989,196.808,197.089,1255,13499
1993-06-30,197.37,198.045,197.201,197.595,2051,13947
1993-07-01,198.495,199.394,195.852,196.02,2868,14107
1993-07-02,196.245,196.751,195.683,196.583,2269,14437
1993-07-06,195.346,195.346,193.209,193.94,3590,14687
1993-07-07,194.221,195.571,194.109,194.783,2510,15101
1993-07-08,194.783,197.707,194.446,197.201,2819,15096
1993-07-09,195.683,196.583,195.458,195.964,1922,15024
1993-07-12,197.033,197.707,196.639,197.145,2013,15012
1993-07-13,197.145,197.595,195.571,196.189,1560,15030
1993-07-14,196.189,197.089,195.121,195.571,1454,14911
1993-07-15,194.783,195.571,194.221,194.502,2428,15075
1993-07-16,194.334,194.783,192.141,193.04,3886,14642
1993-07-19,192.309,193.603,191.859,192.422,3110,14844
1993-07-20,192.759,194.558,192.647,193.771,2765,15082
1993-07-21,193.827,194.896,193.04,193.096,2121,14922
1993-07-22,193.321,194.109,193.321,193.996,1799,15073
1993-07-23,193.771,194.558,193.209,193.996,2413,15020
1993-07-26,194.446,196.133,194.446,195.289,2236,14984
1993-07-27,194.109,194.446,193.659,194.334,1815,14738
1993-07-28,194.671,194.896,194.109,194.671,2569,14984
1993-07-29,194.671,195.008,193.659,194.334,1544,14861
1993-07-30,194.783,195.458,194.558,195.402,1370,14819
1993-08-02,195.458,195.514,194.334,194.84,1655,15054
1993-08-03,194.334,194.615,193.827,194.165,1246,15010
1993-08-04,194.558,196.133,194.558,195.852,2162,14831
1993-08-05,195.852,196.92,195.571,196.751,1884,14724
1993-08-06,197.033,198.607,197.033,198.326,2310,14773
1993-08-09,198.438,198.72,197.145,197.482,1415,14834
1993-08-10,197.707,198.382,196.808,197.258,1265,14824
1993-08-11,197.145,197.37,196.47,196.583,976,14795
1993-08-12,197.033,197.033,195.683,196.639,1585,14721
1993-08-13,196.808,196.92,195.346,195.739,1523,14493
1993-08-16,195.458,196.583,195.346,195.796,1330,14567
1993-08-17,195.683,196.02,195.065,195.177,1525,14273
1993-08-18,195.289,196.358,194.896,195.458,1237,14178
1993-08-19,195.908,195.908,195.233,195.289,1092,14035
1993-08-20,195.571,195.683,195.233,195.571,924,13845
1993-08-23,195.233,195.233,194.446,194.727,1431,13512
1993-08-24,194.727,195.402,194.446,195.065,1830,13347
1993-08-25,195.233,195.233,194.502,194.783,1289,13014
1993-08-26,194.558,194.671,193.659,194.052,1896,12799
1993-08-27,192.197,194.558,192.197,193.546,2087,10353
1993-08-30,193.546,194.896,193.096,194.277,1358,10097
1993-08-31,194.558,195.458,194.558,195.346,1223,10108
1993-09-01,195.458,196.133,194.896,195.964,1385,10179
1993-09-02,195.796,196.695,195.796,196.527,1096,10400
1993-09-03,196.695,196.976,196.077,196.189,1136,10423
1993-09-07,196.583,197.37,196.358,196.358,1336,10250
1993-09-08,196.133,196.527,195.346,195.571,1447,10189
1993-09-09,195.458,195.683,194.446,194.671,1025,10061
1993-09-10,194.783,195.458,194.615,195.289,958,9968
1993-09-13,195.289,195.627,194.727,194.84,1961,10463
1993-09-14,195.458,195.627,194.558,194.952,1328,10479
1993-09-15,195.008,195.008,194.109,194.671,1011,10437
1993-09-16,194.896,195.233,194.109,194.783,697,10470
1993-09-17,194.558,194.84,193.434,193.603,1156,10442
1993-09-20,193.434,193.434,192.309,192.984,2469,10491
1993-09-21,192.759,193.659,192.647,193.434,1620,10390
1993-09-22,193.771,193.771,192.197,192.422,1686,10323
1993-09-23,192.309,193.209,192.084,192.703,1394,10306
1993-09-24,192.197,192.647,191.41,191.972,1639,10114
1993-09-27,191.522,191.634,190.735,190.791,2482,10037
1993-09-28,190.791,191.185,190.51,190.903,2097,9794
1993-09-29,191.072,193.884,191.072,192.815,2050,9355
1993-09-30,192.534,193.04,192.309,192.478,838,8805
1993-10-01,193.209,193.321,191.016,191.747,2282,9037
1993-10-04,192.084,193.659,191.916,193.49,1752,8916
1993-10-05,193.209,193.209,191.972,192.253,1068,8851
1993-10-06,192.084,192.084,190.903,190.96,985,8864
1993-10-07,190.847,191.578,190.397,190.903,762,8837
1993-10-08,190.847,190.96,188.204,188.317,1982,8828
1993-10-11,188.148,188.373,186.686,186.742,3025,8695
1993-10-12,187.248,188.261,186.967,188.092,2124,8573
1993-10-13,187.698,189.723,186.236,189.498,2574,8708
1993-10-14,189.61,190.622,189.61,190.004,1525,8723
1993-10-15,190.285,191.41,190.116,191.241,1705,8591
1993-10-18,192.084,192.759,190.397,190.96,2414,8680
1993-10-19,190.847,191.522,190.735,190.903,1014,8793
1993-10-20,190.847,190.903,189.835,190.51,1288,8938
1993-10-21,190.397,192.422,189.891,191.634,1629,9139
1993-10-22,191.859,192.534,191.41,192.141,1685,9232
1993-10-25,192.872,193.434,190.96,191.072,2020,8965
1993-10-26,191.185,192.365,191.072,191.803,1461,8813
1993-10-27,190.172,191.241,190.172,190.847,1113,8697
1993-10-28,191.185,191.41,190.51,190.735,1716,8769
1993-10-29,190.847,191.41,189.61,190.397,1327,8524
1993-11-01,190.847,190.847,189.498,190.116,1497,8745
1993-11-02,189.948,190.06,188.373,188.935,1937,8717
1993-11-03,188.373,188.879,187.192,187.417,2390,8639
1993-11-04,187.305,188.036,186.967,187.248,1481,8618
1993-11-05,187.248,187.755,187.136,187.305,1400,8641
1993-11-08,187.586,188.486,187.417,188.092,1540,8602
1993-11-09,188.486,188.71,188.036,188.542,980,8537
1993-11-10,185.224,186.349,185.168,185.168,4190,9442
1993-11-11,185.112,186.124,184.999,185.505,2268,9478
1993-11-12,185.899,186.349,185.562,186.124,1715,9293
1993-11-15,186.236,186.349,184.887,185.055,2051,9564
1993-11-16,185.112,185.337,183.875,184.324,3640,9872
1993-11-17,184.774,185.224,184.324,184.887,1876,10123
1993-11-18,184.999,186.349,184.831,185.618,1419,10128
1993-11-19,185.899,186.124,184.774,185.618,1351,9182
1993-11-22,185.899,186.236,185.505,185.955,788,9258
1993-11-23,186.349,186.461,184.662,184.831,1117,9335
1993-11-24,184.774,185.112,184.774,184.999,518,9406
1993-11-26,185.505,185.505,184.887,184.999,336,9401
1993-11-29,185.055,185.618,183.987,184.043,906,9533
1993-11-30,183.987,184.1,182.188,182.806,2723,9820
1993-12-01,183.537,183.593,182.469,183.087,1451,9689
1993-12-02,183.312,183.537,182.525,182.638,1343,9931
1993-12-03,182.413,184.324,182.188,183.987,1326,10042
1993-12-06,184.662,186.011,184.662,185.73,1683,10242
1993-12-07,185.112,185.393,183.875,184.381,1707,10533
1993-12-08,184.324,184.887,183.762,184.493,1770,10926
1993-12-09,184.324,185.449,184.324,185.337,1685,11078
1993-12-10,185.337,186.686,185.337,186.63,2023,11041
1993-12-13,186.799,187.248,186.068,186.236,2262,11202
1993-12-14,186.349,187.586,186.349,187.473,1659,11275
1993-12-15,187.586,187.586,186.461,186.967,1533,11153
1993-12-16,186.799,186.911,185.899,186.799,1033,11308
1993-12-17,186.742,187.361,186.686,187.024,793,11339
1993-12-20,187.024,188.148,186.967,187.923,1207,11450
1993-12-21,187.811,187.867,186.461,186.911,1488,11094
1993-12-22,186.799,186.799,186.011,186.293,1036,11052
1993-12-23,186.574,186.855,185.843,186.405,497,11118
1993-12-27,181.963,182.131,180.669,181.007,1129,11360
1993-12-28,180.726,180.951,180.163,180.557,1017,11341
1993-12-29,180.388,181.794,180.276,181.682,1298,11505
1993-12-30,181.682,182.581,181.513,182.3,1114,11633
1993-12-31,182.075,182.638,182.075,182.581,388,11659
1994-01-03,182.75,182.862,180.838,180.951,1545,11902
1994-01-04,180.726,181.176,180.276,181.007,1855,12311
1994-01-05,181.513,182.638,181.513,182.469,2273,12445
1994-01-06,182.525,183.312,181.513,183.2,3711,12785
1994-01-07,183.875,184.156,183.425,183.931,1959,12437
1994-01-10,184.1,184.437,183.087,183.256,1799,13010
1994-01-11,183.425,184.999,183.2,184.606,1938,13271
1994-01-12,184.774,184.831,183.481,184.043,1540,13206
1994-01-13,183.144,183.312,182.413,182.469,1960,12994
1994-01-14,182.862,183.256,181.85,183.144,1397,12969
1994-01-17,183.425,184.1,183.312,183.706,1138,12925
1994-01-18,183.875,184.1,182.862,183.031,1400,12790
1994-01-19,183.312,183.312,182.413,182.638,1146,12827
1994-01-20,182.75,183.481,182.525,182.975,1150,12892
1994-01-21,183.2,183.987,183.2,183.987,942,12843
1994-01-24,183.987,184.212,182.975,183.481,1135,12763
1994-01-25,183.312,183.987,183.144,183.481,951,12585
1994-01-26,183.537,183.875,183.087,183.256,839,12356
1994-01-27,183.425,184.774,183.312,184.662,1843,12096
1994-01-28,184.999,186.574,184.662,186.461,2697,11524
1994-01-31,186.124,186.799,184.662,184.774,1598,11552
1994-02-01,184.887,184.887,182.019,182.356,2519,11631
1994-02-02,181.963,182.975,181.963,182.919,1466,11719
1994-02-03,182.919,183.031,181.063,181.344,1820,11873
1994-02-04,181.063,181.288,180.501,180.951,1486,11938
1994-02-07,181.063,181.963,180.501,181.007,1800,12131
1994-02-08,180.838,181.738,180.726,181.007,681,12126
1994-02-09,181.176,182.075,181.063,181.738,1099,12327
1994-02-10,181.738,182.356,181.738,182.019,883,12375
1994-02-11,181.738,182.356,181.007,182.019,1307,12521
1994-02-14,182.413,183.425,182.3,183.256,1042,12399
1994-02-15,183.762,184.1,183.65,183.931,1861,11989
1994-02-16,184.1,184.324,183.65,183.931,1398,12202
1994-02-17,183.762,184.156,183.312,183.481,1013,12212
1994-02-18,183.537,183.875,183.2,183.593,857,12292
1994-02-22,184.324,185.562,184.043,185.055,1422,12453
1994-02-23,185.337,185.337,184.1,184.212,1624,12120
1994-02-24,184.1,184.887,183.875,184.831,1427,12270
1994-02-25,184.887,185.112,184.212,184.943,1061,12312
1994-02-28,183.087,183.537,182.862,183.369,665,12323
1994-03-01,183.2,183.256,182.413,182.694,702,12231
1994-03-02,182.188,182.581,181.85,182.356,679,12378
1994-03-03,182.525,183.312,182.413,182.975,409,12357
1994-03-04,183.087,184.212,183.087,183.818,863,12380
1994-03-07,184.1,184.381,183.2,183.312,1038,12279
1994-03-08,183.2,183.312,182.694,183.031,985,12169
1994-03-09,182.975,183.425,182.638,182.75,881,12111
1994-03-10,182.862,182.862,182.413,182.75,1075,12049
1994-03-11,182.638,183.537,182.3,182.975,857,12111
1994-03-14,183.2,183.312,181.625,181.794,1756,11802
1994-03-15,181.738,182.356,181.682,181.85,1641,12054
1994-03-16,182.075,182.862,181.963,182.3,1622,12265
1994-03-17,182.075,182.806,182.075,182.638,1571,12470
1994-03-18,182.413,182.638,181.963,181.963,1157,12533
1994-03-21,181.963,182.469,181.344,181.457,1079,12486
1994-03-22,181.288,182.806,181.063,182.469,2455,12392
1994-03-23,182.75,182.75,182.188,182.469,767,12363
1994-03-24,182.469,182.525,181.513,181.963,856,12382
1994-03-25,182.188,182.469,181.907,182.356,594,12333
1994-03-28,181.85,182.244,181.4,181.963,1195,12275
1994-03-29,182.019,182.075,181.682,181.682,915,12346
1994-03-30,181.4,181.625,181.063,181.457,1118,12258
1994-03-31,181.457,182.075,181.288,181.907,876,10961
1994-04-04,182.413,183.762,182.3,183.593,2012,11389
1994-04-05,183.425,183.931,183.425,183.537,1288,11422
1994-04-06,183.2,183.875,182.806,182.919,982,11431
1994-04-07,182.638,183.2,182.131,182.3,1023,11540
1994-04-08,182.3,183.2,182.3,183.087,1085,11575
1994-04-11,183.2,183.2,181.625,182.019,1663,11267
1994-04-12,182.188,182.413,180.501,180.613,3158,11422
1994-04-13,180.613,180.613,180.163,180.332,2200,11260
1994-04-14,180.276,180.613,179.714,179.77,2911,11922
1994-04-15,179.938,180.613,179.938,180.332,2181,12609
1994-04-18,180.276,180.276,178.87,178.983,2205,12779
1994-04-19,178.814,179.489,178.589,178.926,1589,13075
1994-04-20,179.376,179.938,179.095,179.095,1270,13101
1994-04-21,179.489,179.489,178.814,179.32,794,13084
1994-04-22,179.376,179.489,178.252,178.645,2163,13287
1994-04-25,178.252,179.264,178.252,178.476,2255,13355
1994-04-26,178.252,178.364,175.103,175.496,4375,13242
1994-04-28,176.002,176.34,175.609,176.115,3212,13071
1994-04-29,176.79,177.464,176.002,176.621,2311,12723
1994-05-02,177.127,177.239,175.328,175.89,2155,12932
1994-05-03,175.328,175.665,172.516,173.866,2988,12927
1994-05-04,174.315,174.428,171.729,173.809,2808,13149
1994-05-05,174.315,175.665,174.315,174.934,2186,13381
1994-05-06,174.934,174.934,172.179,172.853,2372,13462
1994-05-09,172.853,175.215,171.897,174.259,2790,13581
1994-05-10,174.259,174.765,173.641,173.978,1489,13686
1994-05-11,174.765,176.452,174.765,175.834,2514,13990
1994-05-12,176.115,176.34,174.484,174.709,1998,14013
1994-05-13,174.653,174.878,172.066,174.203,3782,13929
1994-05-16,174.09,174.203,172.235,172.853,2327,14104
1994-05-17,172.966,172.966,171.279,171.56,2613,14092
1994-05-18,169.817,169.817,168.186,168.186,2645,13994
1994-05-19,166.893,167.793,165.431,167.624,3684,14390
1994-05-20,167.455,167.736,164.419,165.094,3861,14287
1994-05-23,163.744,164.644,162.394,163.575,4286,14385
1994-05-24,166.443,166.949,164.194,164.419,3521,14898
1994-05-25,163.969,164.644,161.045,161.045,3750,15138
1994-05-26,160.708,164.419,159.92,164.419,3634,14873
1994-05-27,167.568,167.793,166.443,167.793,2495,13625
1994-05-31,166.668,166.893,164.644,166.331,3472,13424
1994-06-01,166.893,167.23,162.957,162.957,3053,13334
1994-06-02,164.419,165.094,162.844,164.081,2545,13634
1994-06-03,164.081,164.306,162.394,162.451,1796,13636
1994-06-06,161.945,165.825,161.607,164.7,3034,14146
1994-06-07,165.543,165.656,161.382,162.226,2232,13946
1994-06-08,161.832,165.6,161.495,164.587,3071,14179
1994-06-09,164.644,165.712,163.069,163.182,2525,14567
1994-06-10,163.125,166.443,162.844,165.318,2667,14678
1994-06-13,166.443,166.893,163.969,164.306,3086,14183
1994-06-14,164.194,164.419,162.507,163.575,2076,14163
1994-06-15,162.057,163.519,160.258,162.788,3005,14176
1994-06-16,162.619,164.081,161.832,163.632,2253,14515
1994-06-17,163.069,163.407,162.507,163.125,1590,14844
1994-06-20,166.162,166.162,163.182,164.925,2406,14744
1994-06-21,164.306,166.106,164.306,165.6,2078,14906
1994-06-22,164.869,165.094,163.069,164.081,1905,14938
1994-06-23,163.294,165.487,163.182,164.869,1522,15129
1994-06-24,164.756,166.106,164.531,164.869,1604,15077
1994-06-27,164.419,165.206,163.294,164.869,1659,15106
1994-06-28,164.419,165.768,163.463,165.037,2930,14834
1994-06-29,165.318,166.668,165.318,166.218,2338,14755
1994-06-30,166.443,168.242,166.387,167.961,2146,14562
1994-07-01,166.893,169.255,166.443,168.58,2136,14257
1994-07-05,169.48,170.492,169.423,169.648,3094,13679
1994-07-06,169.03,169.255,167.68,168.018,2639,13567
1994-07-07,167.905,171.391,167.905,170.604,2582,13869
1994-07-08,171.166,172.966,171.166,172.853,2794,13757
1994-07-11,173.078,174.653,171.954,173.528,3175,13445
1994-07-12,174.653,176.902,174.653,176.902,3143,13426
1994-07-13,177.464,178.476,176.115,178.364,3393,13247
1994-07-14,178.139,178.701,176.79,178.083,2282,12949
1994-07-15,178.083,179.039,177.689,178.814,1382,12731
1994-07-18,179.039,179.77,176.677,177.802,2789,12585
1994-07-19,177.464,178.027,176.79,177.239,1240,12556
1994-07-20,177.239,179.039,176.79,178.42,1507,12493
1994-07-21,178.364,180.276,178.364,179.882,1827,12330
1994-07-22,179.938,180.388,179.264,179.545,1598,12081
1994-07-25,178.364,178.364,176.34,177.577,2338,11878
1994-07-26,177.239,177.97,176.79,177.858,1668,11803
1994-07-27,174.203,175.103,173.416,174.821,1413,11826
1994-07-28,174.653,174.99,173.809,173.922,1385,11943
1994-07-29,173.753,174.09,173.022,173.809,2178,11726
1994-08-01,173.866,177.183,173.753,177.183,2561,11902
1994-08-02,178.701,178.87,177.577,178.476,2603,11692
1994-08-03,178.252,178.814,177.97,177.97,1533,11350
1994-08-04,177.97,181.063,177.914,180.894,2926,11294
1994-08-05,180.613,181.4,179.77,180.445,2149,11013
1994-08-08,180.051,180.388,177.071,178.083,2469,10746
1994-08-09,177.802,178.139,176.958,177.296,1598,10687
1994-08-10,176.902,177.97,176.79,177.914,1010,10565
1994-08-11,177.802,177.914,176.902,177.014,874,10476
1994-08-12,177.014,177.014,175.215,175.89,1351,10513
1994-08-15,176.34,177.183,173.416,173.528,2127,10277
1994-08-16,172.741,173.191,172.179,172.966,2397,10080
1994-08-17,173.191,174.315,172.853,172.853,1371,10008
1994-08-18,172.291,173.303,172.291,173.022,864,10102
1994-08-19,172.853,173.191,172.404,172.628,1336,9695
1994-08-22,170.942,171.166,169.255,169.255,2570,9521
1994-08-23,168.524,169.367,168.074,168.299,1684,9742
1994-08-24,168.917,170.885,168.917,170.829,1290,9629
1994-08-25,170.604,171.054,169.48,169.592,1403,9589
1994-08-26,169.367,169.48,168.018,168.411,1352,8598
1994-08-29,167.568,167.624,165.993,166.499,1521,8738
1994-08-30,167.118,169.817,167.118,169.255,1605,8848
1994-08-31,168.58,169.367,167.905,168.018,1052,8778
1994-09-01,167.905,170.492,167.793,169.423,1280,8743
1994-09-02,168.917,169.367,168.355,169.311,669,8847
1994-09-06,170.042,170.042,168.692,169.761,721,8806
1994-09-07,170.042,170.042,167.624,167.736,1217,8871
1994-09-08,168.13,168.355,167.287,167.793,779,8932
1994-09-09,167.568,168.018,166.556,167.455,1164,8812
1994-09-12,168.242,168.467,165.318,165.543,1469,8910
1994-09-13,165.431,165.543,164.306,164.644,1855,8790
1994-09-14,164.644,164.644,163.632,163.8,1851,9105
1994-09-15,163.688,163.744,162.732,162.844,1517,9153
1994-09-16,162.844,163.519,162.619,163.069,1955,9040
1994-09-19,163.182,163.744,161.045,161.214,2288,9410
1994-09-20,161.495,163.294,161.214,162.676,2056,9647
1994-09-21,163.519,165.543,163.182,165.037,2340,9713
1994-09-22,164.869,165.768,164.306,165.712,1668,9756
1994-09-23,165.712,165.768,165.094,165.487,1265,9555
1994-09-26,165.431,165.543,163.744,165.431,1578,9661
1994-09-27,166.837,166.837,165.487,165.656,1214,9593
1994-09-28,165.768,166.387,164.869,164.981,1707,9802
1994-09-29,164.869,165.262,164.644,164.7,1193,9756
1994-09-30,165.15,165.262,163.969,165.15,1755,9158
1994-10-03,165.206,166.331,164.475,165.768,1135,9172
1994-10-04,165.543,165.937,164.756,164.812,788,9199
1994-10-05,165.206,165.993,163.182,163.294,1942,9319
1994-10-06,163.294,163.294,161.72,162.844,1970,9499
1994-10-07,163.519,163.969,162.619,162.844,1331,9378
1994-10-10,162.619,163.294,161.495,161.776,1914,9313
1994-10-11,161.72,164.756,161.382,164.587,1751,9224
1994-10-12,164.587,165.262,163.632,164.363,1523,9113
1994-10-13,164.194,164.756,163.294,164.284,1644,8912
1994-10-14,163.969,164.306,163.407,164.138,1774,9174
1994-10-17,164.138,164.419,162.844,163.182,1363,9112
1994-10-18,162.957,163.744,162.113,162.676,1528,9228
1994-10-19,163.069,165.431,163.069,165.262,1903,9295
1994-10-20,165.656,166.893,165.656,166.837,2526,9059
1994-10-21,167.118,167.343,166.78,167.287,1974,8906
1994-10-24,168.018,168.355,167.23,167.736,2616,9048
1994-10-25,168.018,168.242,167.118,167.624,2352,8701
1994-10-26,167.568,167.68,166.78,166.949,1465,8609
1994-10-27,166.78,167.343,166.499,166.556,1316,8662
1994-10-28,166.893,168.411,166.668,168.074,1201,7613
1994-10-31,168.58,169.761,168.467,169.648,2451,7415
1994-11-01,169.929,170.042,167.399,168.074,2387,7527
1994-11-02,168.467,169.03,167.793,168.467,2030,7844
1994-11-03,168.411,168.411,167.568,167.68,1393,7823
1994-11-04,167.568,167.905,167.343,167.455,1063,7914
1994-11-07,167.793,168.355,167.005,167.23,1006,8033
1994-11-08,167.568,168.467,167.287,167.849,1207,8219
1994-11-09,168.355,168.524,167.68,168.074,1382,8250
1994-11-10,168.13,168.692,168.018,168.355,1084,8363
1994-11-11,168.58,169.592,168.467,169.255,1216,8366
1994-11-14,169.255,169.592,169.142,169.255,643,8463
1994-11-15,168.917,169.142,168.13,168.186,996,8385
1994-11-16,168.411,168.411,166.893,167.174,1997,8188
1994-11-17,167.455,168.299,167.343,167.961,1208,8354
1994-11-18,167.961,168.749,167.905,168.242,937,6898
1994-11-21,168.58,169.367,167.68,168.299,1171,6896
1994-11-22,168.074,168.13,167.118,167.961,1230,7073
1994-11-23,167.68,167.68,164.756,164.869,2417,7186
1994-11-25,165.094,165.206,163.182,163.519,1449,7479
1994-11-28,163.519,164.869,163.294,164.138,1596,7731
1994-11-29,164.081,164.812,162.844,163.125,1987,8309
1994-11-30,163.294,163.969,162.282,163.8,1742,8348
1994-12-01,164.419,165.094,163.969,164.925,1370,8556
1994-12-02,165.318,166.218,164.981,165.094,1344,8490
1994-12-05,165.543,166.331,164.869,166.049,1056,8582
1994-12-06,166.443,166.556,164.925,165.094,1202,8743
1994-12-07,165.768,165.881,165.206,165.543,828,8895
1994-12-08,165.993,167.343,165.993,166.837,1925,8956
1994-12-09,166.78,167.005,165.881,166.331,1091,9039
1994-12-12,166.331,166.837,166.049,166.443,692,9073
1994-12-13,167.118,167.793,166.949,167.68,1758,9216
1994-12-14,168.13,168.524,167.905,167.961,1274,9322
1994-12-15,168.242,169.142,167.961,168.973,1752,9149
1994-12-16,169.142,170.379,169.03,170.267,2215,8930
1994-12-19,170.604,170.717,169.929,170.267,2046,8980
1994-12-20,170.042,170.042,169.592,169.873,1239,9189
1994-12-21,169.592,169.648,168.692,169.142,1126,9322
1994-12-22,168.973,169.48,168.749,168.805,1160,9195
1994-12-23,168.805,169.142,168.749,169.142,1160,9195
1994-12-27,164.531,166.443,164.531,166.274,1830,9452
1994-12-28,167.23,167.455,165.881,166.162,1253,9821
1994-12-29,166.106,166.162,165.543,165.937,816,9940
1994-12-30,166.556,167.174,166.387,166.949,1382,9986
1995-01-03,167.68,168.13,167.23,167.849,2248,10846
1995-01-04,168.13,168.467,167.455,168.074,1922,10468
1995-01-05,167.68,168.018,166.556,166.612,1618,10608
1995-01-06,166.612,167.005,166.387,166.499,1427,10744
1995-01-09,166.893,168.018,166.893,167.343,1304,10560
1995-01-10,167.568,167.793,166.668,167.174,1060,10638
1995-01-11,167.455,168.58,165.431,166.443,2755,10901
1995-01-12,166.331,166.387,164.475,165.15,2788,10788
1995-01-13,164.869,164.869,163.294,163.463,2029,10630
1995-01-16,163.069,163.744,161.832,163.519,2366,10774
1995-01-17,163.856,165.487,163.856,164.531,2757,10261
1995-01-18,165.094,165.656,164.25,165.375,1406,10301
1995-01-19,165.206,165.993,163.856,165.825,1384,10436
1995-01-20,165.431,166.443,165.094,165.206,1079,10461
1995-01-23,165.543,166.443,164.306,166.387,1567,10583
1995-01-24,166.556,167.455,165.768,166.106,1828,10599
1995-01-25,165.881,166.106,165.375,165.768,951,10461
1995-01-26,165.543,166.443,165.543,166.162,772,10480
1995-01-27,166.218,166.274,165.6,165.937,721,9800
1995-01-30,165.318,165.318,163.125,163.407,2392,9887
1995-01-31,163.069,164.306,162.507,163.182,2430,10011
1995-02-01,163.069,163.182,162.057,162.17,1987,10240
1995-02-02,162.507,163.069,162.057,162.451,1384,10377
1995-02-03,162.844,164.081,162.788,162.957,1564,10603
1995-02-06,162.619,163.519,162.507,163.294,1354,10643
1995-02-07,163.519,163.519,162.676,162.788,810,10658
1995-02-08,162.619,162.619,160.708,160.876,2462,10909
1995-02-09,161.382,163.069,161.157,162.282,2164,10982
1995-02-10,162.957,163.238,161.607,162.001,1755,10799
1995-02-13,162.394,162.732,162.057,162.507,1584,10987
1995-02-14,162.17,162.957,160.932,161.045,1600,11101
1995-02-15,160.708,160.932,159.92,160.651,1434,11063
1995-02-16,161.157,161.832,160.595,161.382,1427,11479
1995-02-17,161.72,161.832,161.157,161.382,843,11551
1995-02-21,160.595,160.651,159.246,160.201,2081,11962
1995-02-22,160.145,160.483,159.358,159.47,1501,11890
1995-02-23,159.246,160.651,158.683,160.426,1880,11817
1995-02-24,160.258,160.37,159.302,159.47,1113,11843
1995-02-27,158.458,159.021,157.784,158.627,1368,11952
1995-02-28,158.571,159.695,158.121,159.302,1724,12151
1995-03-01,159.47,159.47,158.458,158.571,1143,12156
1995-03-02,158.683,159.021,155.984,156.828,3164,11818
1995-03-03,156.771,157.109,156.209,156.49,2851,11708
1995-03-06,156.884,157.334,156.097,156.546,2275,11779
1995-03-07,156.659,157.221,156.322,156.828,1682,11623
1995-03-08,157.221,157.559,155.928,156.715,2052,11861
1995-03-09,156.715,156.828,155.647,156.209,1229,11893
1995-03-10,156.209,156.771,155.984,156.378,2015,12309
1995-03-13,156.209,156.546,154.635,154.691,1986,12736
1995-03-14,154.691,154.691,152.723,153.51,4574,13310
1995-03-15,153.847,153.847,152.329,153.285,2980,13184
1995-03-16,153.398,153.735,150.474,150.923,3110,13212
1995-03-17,150.811,151.936,149.911,150.923,2819,13101
1995-03-20,150.474,152.61,149.911,152.329,2745,13249
1995-03-21,152.385,153.004,151.598,152.048,2406,13375
1995-03-22,152.16,153.285,151.261,151.317,1825,13184
1995-03-23,150.586,150.867,147.943,147.999,2600,13338
1995-03-24,147.887,148.449,145.3,147.325,3881,13567
1995-03-27,146.987,148.787,146.762,148.562,2110,13633
1995-03-28,148.899,149.012,145.413,146.088,2571,13577
1995-03-29,145.525,145.525,142.714,142.714,3316,13544
1995-03-30,142.151,144.85,141.926,144.232,2874,13779
1995-03-31,143.951,144.85,142.601,144.007,1762,12055
1995-04-03,144.513,147.381,144.176,146.762,2910,12037
1995-04-04,146.875,147.718,145.638,147.606,1862,11932
1995-04-05,150.98,150.98,150.361,150.98,3816,12014
1995-04-06,151.036,151.486,150.586,150.923,2300,12051
1995-04-07,151.036,152.498,150.024,150.698,3233,11868
1995-04-10,151.036,151.205,149.124,149.461,1879,11846
1995-04-11,149.799,150.024,146.312,146.875,3289,11865
1995-04-12,146.987,147.774,145.975,147.1,2731,11708
1995-04-13,147.437,147.437,146.088,146.369,1167,11757
1995-04-17,145.975,146.425,145.019,145.132,1931,12137
1995-04-18,144.513,147.55,144.176,147.268,3104,12351
1995-04-19,146.425,147.999,146.256,147.268,2440,12302
1995-04-20,147.1,147.55,146.762,146.987,1285,12394
1995-04-21,146.987,148.787,146.987,147.55,2719,12294
1995-04-24,148.674,149.349,148.337,149.18,2302,12154
1995-04-25,149.124,149.911,148.674,148.787,2234,12140
1995-04-26,148.899,149.236,147.887,148.112,2723,12215
1995-04-27,151.711,153.116,151.486,152.835,2071,12194
1995-04-28,153.116,154.072,152.16,152.385,1935,11451
1995-05-01,152.723,153.173,151.992,152.554,1935,11451
1995-05-02,152.498,152.948,149.686,149.967,2809,11762
1995-05-03,149.799,150.586,149.124,149.799,2627,11711
1995-05-04,150.249,150.698,149.349,149.743,1684,11526
1995-05-05,149.911,150.586,147.999,148.112,2484,11584
1995-05-08,147.999,147.999,144.738,144.738,3950,11842
1995-05-09,143.501,145.975,142.939,145.863,3530,11941
1995-05-10,149.236,149.236,144.682,145.3,3440,11960
1995-05-11,145.3,146.537,144.85,145.469,1825,11943
1995-05-12,145.469,145.525,143.388,145.019,1968,12078
1995-05-15,144.85,147.268,144.85,146.537,2113,12434
1995-05-16,146.987,148.168,146.875,147.831,2198,12411
1995-05-17,148.449,149.012,146.369,147.662,2711,12186
1995-05-18,147.325,147.55,146.65,146.987,852,12161
1995-05-19,147.325,148.73,147.325,148.449,1698,12093
1995-05-22,148.562,148.899,147.156,147.999,1771,12270
1995-05-23,148.337,148.393,145.919,147.1,2584,12392
1995-05-24,147.1,148.112,146.762,147.774,1392,12369
1995-05-25,147.55,147.887,146.931,147.381,948,12157
1995-05-26,147.1,147.325,145.975,146.2,1079,10927
1995-05-30,146.762,147.887,146.2,146.65,1469,11129
1995-05-31,146.537,146.594,145.188,146.088,1485,11172
1995-06-01,146.2,147.662,145.525,146.987,1696,11535
1995-06-02,146.875,148.899,145.863,148.787,2281,11702
1995-06-05,150.024,151.148,150.024,150.586,4236,12143
1995-06-06,150.923,151.036,149.349,150.192,2286,12262
1995-06-07,150.474,150.586,149.63,149.743,988,12286
1995-06-08,149.574,151.429,149.461,150.586,1815,12381
1995-06-09,150.698,151.767,150.08,151.654,1267,12260
1995-06-12,151.542,151.823,150.53,151.205,1652,12344
1995-06-13,151.373,151.711,149.461,149.574,2357,12242
1995-06-14,149.574,149.574,147.325,147.606,3742,11756
1995-06-15,147.1,148.112,144.513,144.569,3948,11883
1995-06-16,145.525,146.594,144.794,145.806,3215,12122
1995-06-19,144.963,146.425,143.557,145.581,3828,12367
1995-06-20,145.975,146.762,145.3,146.369,1687,12475
1995-06-21,146.875,147.437,144.626,144.85,2047,12616
1995-06-22,144.85,146.369,144.344,146.312,1522,12723
1995-06-23,146.312,147.325,145.3,147.212,2328,12363
1995-06-26,148.449,149.461,147.999,149.236,2849,12570
1995-06-27,149.461,149.574,148.281,149.18,2075,12249
1995-06-28,149.236,149.293,147.662,148.618,1683,12187
1995-06-29,148.449,150.698,147.774,150.474,1940,12216
1995-06-30,149.574,149.574,148.224,149.236,1864,12374
1995-07-03,148.899,149.012,147.55,148.449,1070,12243
1995-07-05,149.124,149.686,147.774,148.449,1275,12296
1995-07-06,147.887,149.461,147.212,149.349,1749,12274
1995-07-07,150.474,151.373,150.192,151.148,3015,12803
1995-07-10,151.598,151.598,150.249,151.373,2279,12851
1995-07-11,151.373,152.667,151.261,151.654,3064,13112
1995-07-12,151.148,151.148,149.349,149.63,3294,12986
1995-07-13,149.799,149.799,147.774,148.843,2149,12614
1995-07-14,149.124,149.461,148.056,149.18,1610,12674
1995-07-17,148.224,148.674,146.312,147.662,3694,12818
1995-07-18,147.662,149.574,147.662,149.293,2182,12986
1995-07-19,149.574,150.249,148.112,148.674,2613,13368
1995-07-20,148.674,150.024,148.562,149.855,1524,13171
1995-07-21,150.136,150.136,148.562,149.461,1477,13053
1995-07-24,149.686,149.911,148.281,148.674,1822,13089
1995-07-25,148.224,149.461,147.437,149.068,2227,13200
1995-07-26,149.349,150.811,148.73,150.474,2008,13260
1995-07-27,148.449,149.068,147.887,149.012,1829,13135
1995-07-28,149.012,149.124,147.999,148.168,1246,13121
1995-07-31,148.449,150.361,148.449,150.249,2788,13343
1995-08-01,150.474,150.474,148.787,149.743,1636,13288
1995-08-02,149.911,151.148,149.911,151.092,2474,13520
1995-08-03,151.036,151.036,150.249,150.53,1841,13868
1995-08-04,150.53,151.148,149.405,151.092,2080,13794
1995-08-07,151.036,151.373,150.361,151.036,1312,13886
1995-08-08,150.586,150.586,148.337,148.505,2441,13482
1995-08-09,148.449,148.674,147.437,148.449,1881,13364
1995-08-10,148.449,148.449,147.1,147.381,1439,13305
1995-08-11,148.674,148.899,147.437,148.505,2190,13321
1995-08-14,147.999,147.999,147.212,147.831,1717,13274
1995-08-15,147.831,148.899,147.268,148.674,1738,13259
1995-08-16,148.281,148.281,147.437,147.718,1277,12999
1995-08-17,147.774,148.674,147.774,148.337,1552,12726
1995-08-18,148.112,148.112,146.875,147.1,1686,12483
1995-08-21,147.774,147.887,146.312,146.931,2021,12468
1995-08-22,146.65,147.212,146.088,146.706,1631,12265
1995-08-23,146.537,147.212,146.2,146.706,1470,12376
1995-08-24,146.425,146.425,144.063,144.682,3383,12214
1995-08-25,144.288,144.513,142.826,142.995,3815,11909
1995-08-28,142.039,142.77,141.139,142.601,3035,11714
1995-08-29,142.826,143.613,142.601,143.107,1750,11919
1995-08-30,143.107,143.67,142.376,142.995,2846,11990
1995-08-31,143.107,144.626,143.051,144.007,2227,11944
1995-09-01,144.288,145.3,144.176,145.188,1463,10281
1995-09-05,145.75,145.975,145.188,145.806,1517,10179
1995-09-06,145.975,146.312,144.626,145.581,1313,10117
1995-09-07,145.75,146.088,145.075,145.3,1361,10355
1995-09-08,145.638,148.224,145.525,147.943,2323,10413
1995-09-11,147.662,148.393,147.212,147.662,1630,10364
1995-09-12,147.325,147.437,145.919,146.875,1890,10377
1995-09-13,146.875,147.831,145.975,146.369,1318,10374
1995-09-14,146.312,146.537,145.638,145.806,1026,10339
1995-09-15,145.806,145.806,144.794,145.525,1404,10178
1995-09-18,145.075,145.188,143.613,144.063,2649,10731
1995-09-19,144.85,145.357,143.951,144.288,2866,10261
1995-09-20,144.176,144.626,143.276,144.288,1311,10176
1995-09-21,144.063,145.975,143.838,144.85,1824,10419
1995-09-22,145.525,146.425,144.513,144.682,2042,10374
1995-09-25,145.075,145.638,144.288,145.357,1923,10803
1995-09-26,145.413,146.088,145.413,145.863,1968,10942
1995-09-27,146.537,146.987,146.088,146.2,1551,10946
1995-09-28,146.312,146.537,145.75,146.2,1174,11004
1995-09-29,146.088,146.144,145.188,145.694,1007,10207
1995-10-02,145.075,145.075,143.838,143.895,2460,10054
1995-10-03,143.838,144.907,143.838,144.85,1369,9805
1995-10-04,144.85,145.525,144.569,145.357,927,9738
1995-10-05,145.638,146.65,145.638,146.594,2316,9640
1995-10-06,145.975,146.875,145.75,146.65,1775,9877
1995-10-09,146.762,147.437,146.256,147.268,1090,9821
1995-10-10,147.325,147.718,145.806,146.031,2172,9654
1995-10-11,145.3,145.3,144.176,144.457,2989,10203
1995-10-12,144.682,145.469,144.682,145.3,1524,10247
1995-10-13,145.469,146.312,144.401,145.469,1576,10301
1995-10-16,145.638,145.863,144.176,144.682,1716,10542
1995-10-17,144.738,145.3,143.951,145.188,1462,10533
1995-10-18,145.3,145.975,145.244,145.525,1387,10699
1995-10-19,145.3,145.75,144.457,145.019,1326,10890
1995-10-20,144.85,145.075,144.513,144.963,1142,10877
1995-10-23,144.063,144.85,143.276,144.85,2682,11288
1995-10-24,145.075,145.244,144.626,144.907,1231,11087
1995-10-25,144.963,145.975,144.626,145.919,2237,11172
1995-10-26,145.975,146.144,145.188,145.806,1728,11142
1995-10-27,144.063,145.188,144.007,144.963,1606,9826
1995-10-30,144.738,145.975,144.513,145.863,1562,9945
1995-10-31,145.694,146.2,145.188,145.357,2144,10228
1995-11-01,145.075,145.075,143.951,144.288,2427,10554
1995-11-02,144.288,145.188,143.951,145.019,1653,10472
1995-11-03,145.075,145.975,145.019,145.919,1245,10433
1995-11-06,146.031,146.425,145.638,146.2,2193,10262
1995-11-07,146.425,146.65,145.188,145.75,1807,10390
1995-11-08,145.975,146.425,145.188,145.806,1239,10588
1995-11-09,144.513,145.863,143.501,145.694,3161,10885
1995-11-10,145.975,146.594,145.638,146.144,1800,10873
1995-11-13,146.312,146.425,145.469,146.088,1987,10933
1995-11-14,146.537,146.762,145.638,146.256,1856,10911
1995-11-15,146.537,146.594,145.75,145.863,1767,10959
1995-11-16,145.638,145.975,145.525,145.694,1007,10972
1995-11-17,145.638,145.638,144.626,144.963,1229,10094
1995-11-20,145.3,145.638,145.188,145.357,700,10204
1995-11-21,145.638,145.975,144.738,145.581,1678,10240
1995-11-22,145.863,146.2,145.3,145.357,963,10239
1995-11-24,145.188,145.638,145.075,145.3,288,10269
1995-11-27,145.188,146.2,145.075,145.581,825,10445
1995-11-28,145.132,145.638,144.85,145.244,979,10730
1995-11-29,145.413,146.088,144.738,144.794,1173,11127
1995-11-30,144.401,145.413,144.344,144.907,1774,11196
1995-12-01,145.075,146.65,145.075,146.537,1840,11486
1995-12-04,146.762,147.325,146.088,147.156,2249,11750
1995-12-05,147.268,147.718,146.875,147.156,2810,12284
1995-12-06,147.1,147.212,146.2,147.156,2111,13042
1995-12-07,146.875,147.212,146.2,147.043,2198,13584
1995-12-08,147.325,147.325,146.312,146.481,1439,13758
1995-12-11,146.369,146.369,144.063,144.176,3529,13802
1995-12-12,142.264,143.951,142.264,142.826,4973,14026
1995-12-13,143.276,143.895,142.545,143.164,2112,14101
1995-12-14,143.164,143.951,143.051,143.838,1700,14224
1995-12-15,143.838,144.738,143.782,144.288,2035,14293
1995-12-18,143.951,143.951,142.489,142.545,2200,14546
1995-12-19,142.489,142.826,141.702,142.545,2653,14575
1995-12-20,142.601,143.164,141.926,142.208,1501,14668
1995-12-21,142.714,143.164,142.264,142.433,1368,14591
1995-12-22,142.489,142.826,142.264,142.601,670,14655
1995-12-26,142.714,142.714,140.577,140.577,3089,15014
1995-12-27,136.416,136.416,135.179,135.404,4158,15791
1995-12-28,135.404,135.797,134.954,135.066,3336,16159
1995-12-29,134.279,134.279,131.692,131.974,5070,16295
1996-01-02,131.805,132.03,130.118,130.624,4533,17655
1996-01-03,131.074,132.423,131.018,131.186,3721,16939
1996-01-04,131.468,131.917,129.499,130.624,5338,17906
1996-01-05,131.468,131.805,130.68,131.468,2709,18199
1996-01-08,131.468,133.267,131.411,132.986,3637,18167
1996-01-09,133.492,133.604,131.243,131.692,3440,18073
1996-01-10,131.58,132.142,130.905,131.13,2571,18294
1996-01-11,131.692,132.255,131.243,131.917,1805,18047
1996-01-12,132.255,132.48,130.455,130.849,2790,18472
1996-01-15,131.243,131.58,130.737,130.793,1682,18671
1996-01-16,130.455,132.03,129.668,131.974,4024,19264
1996-01-17,132.03,132.705,131.411,132.648,2893,19223
1996-01-18,132.48,132.48,131.018,131.074,2059,19516
1996-01-19,130.793,131.468,130.118,130.737,2454,20043
1996-01-22,130.68,131.074,130.006,130.23,2000,20058
1996-01-23,130.68,130.905,130.062,130.568,2036,20048
1996-01-24,130.455,130.568,128.094,128.319,4652,20440
1996-01-25,127.756,128.656,127.756,128.319,2880,20602
1996-01-26,128.881,129.106,128.206,128.262,1858,19663
1996-01-29,127.981,128.319,125.788,127.588,3642,20020
1996-01-30,127.419,128.15,126.744,126.8,2690,20046
1996-01-31,126.969,127.981,125.957,127.306,3956,20784
1996-02-01,127.306,127.756,126.632,126.969,2198,20786
1996-02-02,127.25,127.7,126.969,127.025,2078,20809
1996-02-05,127.419,129.893,127.419,129.668,4467,20559
1996-02-06,129.781,130.568,129.387,129.668,2569,20468
1996-02-07,129.781,129.781,128.768,129.331,1628,20657
1996-02-08,129.556,131.074,129.556,130.961,1916,20666
1996-02-09,130.905,132.03,130.905,131.861,3912,20679
1996-02-12,131.917,133.267,131.692,133.098,2519,20121
1996-02-13,133.042,133.042,131.355,131.468,2284,19925
1996-02-14,131.243,131.243,128.094,128.094,5561,20988
1996-02-15,127.082,128.431,127.082,127.981,3304,21507
1996-02-16,128.094,128.15,126.857,127.363,2122,21651
1996-02-20,127.363,128.319,126.857,128.037,1920,21755
1996-02-21,127.981,129.443,127.644,128.825,3130,21934
1996-02-22,129.331,130.568,129.218,130.343,2943,21850
1996-02-23,130.455,130.455,129.106,130.287,2384,21782
1996-02-26,130.793,131.974,130.793,131.58,3767,21559
1996-02-27,130.68,130.905,129.724,130.062,2197,21738
1996-02-28,130.062,130.793,129.781,129.893,2071,21616
1996-02-29,129.556,130.68,128.881,129.387,2719,21882
1996-03-01,129.556,129.724,128.319,128.487,2985,22122
1996-03-04,128.319,129.612,128.037,128.712,3189,22484
1996-03-05,128.375,130.174,128.094,130.062,4662,22938
1996-03-06,129.837,129.893,128.206,128.487,3042,23378
1996-03-07,128.262,128.375,126.744,126.857,4374,23949
1996-03-08,126.182,128.881,126.182,127.306,3363,23861
1996-03-11,127.419,128.206,127.025,127.194,1694,24009
1996-03-12,127.194,128.656,127.194,128.262,3819,23708
1996-03-13,128.993,130.455,128.993,130.118,5271,23154
1996-03-14,130.118,130.118,129.218,129.275,2970,22931
1996-03-15,129.893,131.355,129.893,130.793,3803,22990
1996-03-18,131.018,131.692,130.455,130.68,3236,22653
1996-03-19,130.343,131.018,130.006,130.399,2787,22491
1996-03-20,130.624,130.905,130.006,130.23,2123,22336
1996-03-21,130.006,130.287,129.612,129.893,1608,22140
1996-03-22,130.006,130.399,129.668,130.062,2533,22308
1996-03-25,130.23,130.455,128.431,128.544,4203,22251
1996-03-26,128.544,128.656,127.25,127.363,4577,22264
1996-03-27,129.781,131.13,129.781,130.343,2897,22293
1996-03-28,130.568,130.961,129.556,129.668,2575,22035
1996-03-29,128.431,128.768,126.519,126.575,7048,21120
1996-04-01,126.519,127.981,125.957,126.8,4602,21783
1996-04-02,127.194,127.644,126.744,127.531,2683,22087
1996-04-03,128.094,128.431,126.407,126.575,5047,22757
1996-04-04,126.407,127.644,126.069,126.744,3791,23296
1996-04-08,126.632,127.194,124.27,124.776,5932,24055
1996-04-09,124.495,125.732,124.326,124.72,3982,21652
1996-04-10,124.27,124.832,121.346,121.346,7446,24818
1996-04-11,118.422,121.234,117.972,119.603,8423,25224
1996-04-12,120.784,121.458,119.265,119.94,5278,24654
1996-04-15,120.784,121.346,119.209,120.784,4179,24743
1996-04-16,120.784,120.784,119.322,120.109,4192,24775
1996-04-17,121.683,122.133,120.559,121.121,4783,25142
1996-04-18,121.009,121.177,117.803,118.534,5961,25169
1996-04-19,116.96,119.884,116.96,119.041,4079,25089
1996-04-22,116.735,117.297,115.667,115.667,5325,25207
1996-04-23,113.024,113.586,112.293,112.293,7305,25436
1996-04-24,110.55,113.586,109.425,110.55,8042,25496
1996-04-25,110.212,110.55,107.176,107.176,3788,25260
1996-04-26,103.802,108.525,103.802,108.132,8807,24170
1996-04-29,119.209,119.209,118.872,119.209,3649,23317
1996-04-30,120.896,121.908,118.197,120.952,7437,22843
1996-05-01,119.884,121.234,118.647,121.065,5512,23360
1996-05-02,122.358,124.439,121.683,124.439,5048,22886
1996-05-03,124.832,126.182,123.708,124.832,4972,22703
1996-05-06,123.033,125.844,122.583,124.664,3818,21869
1996-05-07,125.395,127.756,124.832,127.082,3834,21381
1996-05-08,127.756,127.981,123.708,123.708,5448,21206
1996-05-09,122.358,125.057,121.346,122.471,5365,21244
1996-05-10,123.708,125.395,122.583,123.651,3545,20957
1996-05-13,122.583,125.057,121.683,123.539,3421,20856
1996-05-14,125.057,126.294,124.832,125.451,3161,20741
1996-05-15,125.844,125.957,124.045,124.326,2087,20785
1996-05-16,123.708,124.158,122.133,122.302,2578,21049
1996-05-17,121.796,123.258,121.571,123.089,2636,20989
1996-05-20,124.495,125.957,123.539,125.001,4165,20515
1996-05-21,124.045,125.057,123.37,124.945,2437,20281
1996-05-22,125.395,127.869,125.057,127.194,3886,20529
1996-05-23,127.306,127.306,125.395,126.069,2180,20456
1996-05-24,125.844,127.025,125.844,126.632,1209,18716
1996-05-28,125.507,128.544,124.27,127.7,3753,19406
1996-05-29,128.206,130.905,128.094,130.793,4719,19536
1996-05-30,131.018,131.692,129.837,130.174,3354,19397
1996-05-31,130.062,131.58,128.881,131.018,2301,19466
1996-06-03,131.243,134.392,131.243,134.392,3657,19233
1996-06-04,134.954,136.303,133.267,135.966,5177,19311
1996-06-05,135.629,137.091,134.504,135.01,3668,19493
1996-06-06,134.841,135.291,133.267,133.717,2788,19275
1996-06-07,133.604,134.504,132.142,133.548,2217,19418
1996-06-10,132.255,132.705,130.455,132.423,4171,19582
1996-06-11,132.705,135.797,131.299,135.797,4622,19673
1996-06-12,136.472,137.54,135.966,136.866,3454,19888
1996-06-13,136.416,137.203,135.291,136.078,2694,20056
1996-06-14,136.078,138.778,136.078,138.44,2459,20111
1996-06-17,137.54,138.44,136.641,137.934,2080,20267
1996-06-18,137.878,137.934,134.56,134.56,3250,20506
1996-06-19,132.705,136.078,132.705,135.685,3403,20426
1996-06-20,135.404,135.629,133.604,134.279,1928,20531
1996-06-21,134.504,135.179,131.805,132.536,2858,20428
1996-06-24,133.604,134.448,131.805,132.423,3243,20770
1996-06-25,132.255,133.379,131.636,132.592,1682,20758
1996-06-26,132.817,135.854,132.817,135.123,2663,20754
1996-06-27,135.516,136.416,134.954,135.123,1977,20687
1996-06-28,134.504,135.854,133.042,135.123,3292,21016
1996-07-01,135.516,136.078,133.829,134.898,3048,21045
1996-07-02,135.516,137.147,135.516,136.472,2237,20994
1996-07-03,137.428,138.778,137.203,138.215,3047,21038
1996-07-05,140.577,141.589,140.352,140.521,3844,21342
1996-07-08,140.352,140.352,139.284,139.733,3143,21351
1996-07-09,139.677,139.846,138.553,138.778,2967,21230
1996-07-10,139.677,140.24,138.665,139.733,3151,20918
1996-07-11,139.733,139.733,137.259,137.428,4088,20825
1996-07-12,137.428,138.665,134.729,136.36,5049,20549
1996-07-15,138.553,139.733,137.765,138.946,4044,20581
1996-07-16,139.002,140.914,137.765,140.24,3765,20862
1996-07-17,141.139,141.589,139.565,139.733,3544,20693
1996-07-18,140.015,140.015,137.54,137.822,3359,20367
1996-07-19,137.765,139.002,137.091,137.54,3347,20238
1996-07-22,139.002,140.577,138.553,139.34,3744,20090
1996-07-23,138.89,138.89,137.091,137.822,2523,19681
1996-07-24,137.54,138.159,136.303,136.472,3139,19384
1996-07-25,136.528,139.002,135.966,138.89,3307,19255
1996-07-26,138.271,138.44,137.428,137.597,2278,19250
1996-07-29,137.091,138.328,136.866,138.215,2768,18984
1996-07-30,137.878,138.496,137.203,137.597,2408,18919
1996-07-31,137.878,138.665,137.765,138.665,2160,18751
1996-08-01,138.665,141.702,138.44,141.083,4084,18908
1996-08-02,141.195,142.826,140.802,142.826,3505,19034
1996-08-05,143.726,144.963,143.613,144.457,4810,19469
1996-08-06,144.738,145.75,143.613,145.75,4142,19492
1996-08-07,145.863,145.863,143.501,143.501,3319,19553
1996-08-08,143.613,145.075,142.714,144.738,2998,19376
1996-08-09,144.513,144.963,143.501,143.838,1788,19389
1996-08-12,140.577,141.589,140.464,140.464,3617,19156
1996-08-13,139.115,141.645,138.665,141.083,5178,18542
1996-08-14,141.364,141.364,139.227,140.521,3289,18519
1996-08-15,140.127,141.027,138.778,140.352,2851,18589
1996-08-16,140.577,142.826,140.577,142.376,2698,18823
1996-08-19,144.063,145.3,143.388,143.895,3710,18989
1996-08-20,143.613,144.288,142.376,142.489,2732,19029
1996-08-21,142.376,143.051,141.814,142.714,2455,19051
1996-08-22,143.276,143.838,141.814,142.376,2544,18648
1996-08-23,142.151,142.657,141.814,141.87,1653,18330
1996-08-26,141.87,142.039,140.24,140.352,2421,18282
1996-08-27,141.477,142.433,141.477,141.758,1672,18237
1996-08-28,141.758,142.151,140.577,141.983,1869,18362
1996-08-29,141.814,142.264,141.252,141.364,1270,18144
1996-08-30,141.252,142.376,141.139,142.039,924,16133
1996-09-03,142.376,142.939,141.814,142.208,1515,16386
1996-09-04,142.939,144.401,142.939,144.063,2592,16323
1996-09-05,143.726,144.063,142.376,142.714,1710,16348
1996-09-06,142.601,144.626,142.601,144.569,2122,16447
1996-09-09,145.019,145.075,144.288,144.513,1730,16351
1996-09-10,144.401,144.513,143.501,143.67,1483,16037
1996-09-11,144.176,145.188,143.782,144.682,2219,16082
1996-09-12,144.85,145.525,144.513,144.569,1961,15951
1996-09-13,144.626,146.088,144.288,145.863,2000,15899
1996-09-16,146.2,147.437,146.2,147.1,3083,15899
1996-09-17,146.65,146.65,145.525,146.031,2518,15662
1996-09-18,145.975,146.312,144.232,144.344,2092,15679
1996-09-19,143.951,144.513,143.613,143.838,1788,15661
1996-09-20,144.063,144.176,142.995,143.276,1994,15610
1996-09-23,142.376,143.276,141.758,142.039,2185,15436
1996-09-24,142.039,144.063,142.039,143.051,2146,15074
1996-09-25,143.501,143.838,142.714,142.939,1724,15032
1996-09-26,142.939,143.726,142.601,143.276,1472,14809
1996-09-27,145.581,146.537,145.188,146.425,1226,13918
1996-09-30,146.875,148.112,146.762,147.887,2714,14077
1996-10-01,148.056,148.562,147.325,147.55,2509,14012
1996-10-02,147.55,147.55,146.088,147.043,2042,13998
1996-10-03,146.987,147.1,145.075,145.413,2103,13965
1996-10-04,144.85,145.581,144.401,145.357,2074,14137
1996-10-07,145.413,146.2,144.85,146.031,1513,14250
1996-10-08,145.75,146.537,144.85,144.907,1802,14305
1996-10-09,145.075,145.413,143.051,143.22,4676,14564
1996-10-10,142.601,143.951,142.264,143.838,3037,14526
1996-10-11,144.626,145.75,143.164,143.276,2730,14805
1996-10-14,143.501,143.726,140.127,140.577,3413,14622
1996-10-15,141.027,141.477,140.633,140.746,3242,14284
1996-10-16,140.802,142.939,140.746,142.714,2406,14238
1996-10-17,142.714,143.613,142.601,143.22,1856,13992
1996-10-18,143.051,144.401,142.826,144.119,2409,14055
1996-10-21,142.376,143.726,142.376,142.489,2084,14010
1996-10-22,142.489,142.826,141.758,142.151,2383,14095
1996-10-23,142.545,143.501,142.376,142.882,1505,13948
1996-10-24,143.164,143.613,142.714,142.995,1077,13969
1996-10-25,142.939,143.388,140.802,140.971,2452,13987
1996-10-28,143.726,144.738,143.501,144.457,1918,13956
1996-10-29,144.682,146.2,144.288,145.806,2821,13878
1996-10-30,145.975,146.425,145.638,145.75,2160,13809
1996-10-31,145.75,146.65,145.3,146.425,2262,13862
1996-11-01,146.762,149.461,146.762,149.349,4762,12698
1996-11-04,150.249,151.486,149.63,151.317,3927,13205
1996-11-05,153.285,153.622,151.823,152.723,5585,13641
1996-11-06,152.948,153.004,151.823,152.104,3372,14177
1996-11-07,151.598,151.767,150.361,150.586,3228,14390
1996-11-08,150.586,151.092,149.911,150.417,2319,14151
1996-11-11,151.148,153.285,151.148,152.442,2344,14300
1996-11-12,154.297,155.422,152.442,152.498,4214,14665
1996-11-13,153.398,153.679,151.936,152.385,1886,14823
1996-11-14,152.385,153.735,151.936,151.992,2078,14894
1996-11-15,152.385,152.835,150.755,151.598,2587,14944
1996-11-18,152.048,152.16,150.923,151.317,1577,14893
1996-11-19,152.16,152.385,151.429,151.598,1385,15097
1996-11-20,151.486,152.16,150.361,150.698,1905,15194
1996-11-21,150.586,150.586,147.325,147.943,3804,14812
1996-11-22,147.774,149.349,147.1,147.831,2249,13669
1996-11-25,146.762,147.55,145.581,145.806,2825,13444
1996-11-26,146.425,147.662,145.975,146.65,2259,12996
1996-11-27,147.325,148.337,147.1,147.718,1037,12894
1996-11-29,148.224,149.012,148.224,148.787,1083,13032
1996-12-02,148.674,150.586,148.562,150.474,2331,13361
1996-12-03,151.486,152.329,150.811,151.036,2672,13592
1996-12-04,150.698,150.811,149.18,149.518,1937,13612
1996-12-05,149.012,150.698,148.955,150.586,1770,13964
1996-12-06,150.024,150.192,148.505,149.18,2241,14198
1996-12-09,148.674,149.799,148.337,148.674,1564,14351
1996-12-10,149.236,149.236,147.662,148.393,1640,14440
1996-12-11,148.112,148.674,147.1,148.224,1366,14523
1996-12-12,148.224,150.024,148.224,149.63,1366,14808
1996-12-13,149.574,149.967,148.899,149.63,1184,14953
1996-12-16,149.799,150.08,149.124,149.574,1007,15082
1996-12-17,149.799,149.911,147.999,148.056,1622,15198
1996-12-18,147.55,147.774,146.762,147.043,2585,15151
1996-12-19,147.774,148.618,147.606,147.887,1232,15149
1996-12-20,147.887,148.562,147.887,148.224,1514,15384
1996-12-23,148.449,151.148,148.449,151.036,2574,15903
1996-12-24,151.036,151.598,150.755,150.867,1493,16116
1996-12-26,150.698,150.923,150.361,150.586,1474,16396
1996-12-27,150.811,150.923,150.136,150.811,1435,16542
1996-12-30,152.16,154.185,152.048,154.185,4203,17511
1996-12-31,153.735,153.735,152.61,153.06,2154,17462
1997-01-02,153.398,153.398,152.104,152.217,1765,17821
1997-01-03,152.104,153.735,151.936,152.723,2256,18074
1997-01-06,152.723,153.285,152.385,153.229,2117,18086
1997-01-07,153.229,153.229,151.373,151.654,3210,18353
1997-01-08,152.273,153.173,151.992,152.779,2299,18609
1997-01-09,153.06,155.534,153.06,155.422,4266,19304
1997-01-10,154.072,154.747,152.16,154.522,5507,19229
1997-01-13,154.86,155.141,153.173,153.96,2159,19216
1997-01-14,153.96,154.297,152.948,154.072,2284,19319
1997-01-15,154.185,154.86,153.285,153.341,2048,19574
1997-01-16,153.341,154.691,153.173,154.522,2744,19695
1997-01-17,154.522,155.309,153.791,155.141,1775,20065
1997-01-20,155.478,156.546,155.141,155.984,3315,20322
1997-01-21,157.221,157.446,156.153,156.378,3596,20819
1997-01-22,156.153,156.322,155.422,155.534,3373,21062
1997-01-23,154.972,155.759,154.747,155.647,2782,21308
1997-01-24,155.197,155.309,153.96,154.129,3071,21481
1997-01-27,155.928,156.097,154.747,155.759,3788,21803
1997-01-28,155.647,156.771,154.972,156.153,4181,22413
1997-01-29,155.759,156.097,154.972,155.197,3385,23015
1997-01-30,155.141,157.109,155.028,156.097,3453,23150
1997-01-31,155.984,157.221,155.984,156.715,2486,22466
1997-02-03,156.546,158.458,154.635,155.141,4887,23227
1997-02-04,155.197,155.591,153.735,154.016,4347,23583
1997-02-05,154.297,154.635,153.06,153.847,3656,23471
1997-02-06,153.285,154.635,153.173,154.466,3191,23635
1997-02-07,154.747,154.747,152.948,153.004,3482,23505
1997-02-10,152.948,152.948,151.373,151.486,4198,22535
1997-02-11,151.486,152.835,151.486,151.992,2316,22635
1997-02-12,152.498,153.341,152.385,152.948,2118,22535
1997-02-13,153.173,153.847,152.667,153.341,2698,22677
1997-02-14,153.398,153.398,152.217,152.835,1987,22814
1997-02-18,152.16,152.498,150.024,150.08,4955,22513
1997-02-19,150.923,152.385,150.811,151.823,3783,22449
1997-02-20,152.048,153.96,151.823,153.398,3912,22273
1997-02-21,153.735,153.96,153.06,153.566,2737,22402
1997-02-24,153.622,155.759,153.51,155.647,3664,22353
1997-02-25,156.097,156.546,154.297,154.578,3975,22300
1997-02-26,155.422,155.422,153.735,154.466,3352,22351
1997-02-27,156.378,156.378,154.803,155.309,3483,22433
1997-02-28,155.815,156.884,155.534,156.265,2707,22384
1997-03-03,155.534,155.534,153.622,153.679,3758,22642
1997-03-04,154.185,154.353,153.173,153.904,3539,22577
1997-03-05,154.185,154.522,153.285,153.454,2798,22311
1997-03-06,152.948,152.948,151.373,151.429,6271,22655
1997-03-07,148.056,151.486,148.056,150.192,7577,22456
1997-03-10,150.024,150.586,148.449,148.562,4705,22559
1997-03-11,150.249,151.148,150.024,150.755,4026,22470
1997-03-12,150.698,153.735,150.249,152.217,5056,22386
1997-03-13,152.498,152.723,151.373,151.654,1970,22162
1997-03-14,150.923,151.373,149.911,150.642,2856,22297
1997-03-17,150.474,152.61,150.474,152.16,2386,22009
1997-03-18,152.948,153.96,152.61,153.398,2773,22150
1997-03-19,153.454,154.185,153.285,154.016,2284,22236
1997-03-20,154.297,154.522,151.317,151.542,4433,21911
1997-03-21,152.498,154.522,152.385,153.566,2948,22106
1997-03-24,154.466,155.084,153.96,154.578,2174,22205
1997-03-25,154.972,154.972,153.51,154.185,2198,22030
1997-03-26,153.847,155.309,153.847,154.86,2106,21890
1997-03-27,155.197,155.197,153.96,154.466,1943,21798
1997-03-31,155.647,157.221,155.028,157.109,3051,19877
1997-04-01,156.322,156.771,155.309,156.153,2656,19973
1997-04-02,156.322,157.109,155.647,156.884,2553,20169
1997-04-03,156.659,157.896,156.546,157.671,3771,20165
1997-04-04,157.784,158.908,157.334,158.796,3721,20206
1997-04-07,158.571,158.571,157.165,157.334,2170,20281
1997-04-08,156.996,157.221,156.434,157.165,2035,20191
1997-04-09,158.121,160.539,158.008,160.033,4933,19372
1997-04-10,159.246,160.37,158.29,160.033,2889,19466
1997-04-11,158.571,160.145,158.121,159.695,3128,19520
1997-04-14,158.683,161.945,158.233,161.157,4570,19534
1997-04-15,161.326,162.844,160.82,161.157,3695,19844
1997-04-16,160.483,160.82,157.784,157.952,6223,19578
1997-04-17,159.246,160.033,158.796,159.358,3925,19778
1997-04-18,159.414,160.37,159.358,159.47,1702,19754
1997-04-21,160.595,162.226,160.201,162.001,2991,19665
1997-04-22,162.732,162.957,161.776,162.394,3408,19865
1997-04-23,162.282,163.519,162.282,162.844,3036,19815
1997-04-24,162.844,162.844,162.057,162.507,1609,20023
1997-04-25,162.451,164.756,162.451,164.587,3429,19033
1997-04-28,170.379,171.054,169.986,170.942,2693,19131
1997-04-29,170.998,171.954,170.942,171.729,2597,19429
1997-04-30,171.448,171.504,169.986,170.323,2694,19405
1997-05-01,170.492,172.628,170.492,172.01,3404,19544
1997-05-02,172.291,172.741,171.054,172.404,2379,19579
1997-05-05,172.066,173.135,171.166,172.179,2861,19443
1997-05-06,172.516,173.191,172.291,173.078,2447,19640
1997-05-07,172.966,173.416,172.404,173.022,2104,19634
1997-05-08,172.741,172.797,171.729,171.897,2509,19667
1997-05-09,172.066,174.484,171.166,174.09,4316,20758
1997-05-12,174.54,176.34,174.484,175.328,4429,20973
1997-05-13,175.552,175.89,173.416,174.315,3202,20715
1997-05-14,174.147,174.99,173.191,173.528,2585,20535
1997-05-15,173.078,174.315,172.966,174.09,2263,20448
1997-05-16,174.765,174.99,172.291,172.797,3310,20443
1997-05-19,173.303,174.54,173.022,174.259,2500,20383
1997-05-20,174.315,174.315,172.966,173.866,1913,20474
1997-05-21,173.753,174.765,173.528,174.653,1954,20526
1997-05-22,174.765,176.565,174.315,176.396,3927,20334
1997-05-23,176.34,178.533,176.002,178.364,3713,18725
1997-05-27,178.139,178.252,176.677,177.464,2212,18907
1997-05-28,177.014,177.071,176.115,176.452,1907,18929
1997-05-29,175.89,177.802,175.609,176.171,1915,18955
1997-05-30,175.44,176.565,174.99,176.171,1770,19179
1997-06-02,175.777,175.89,174.99,175.046,1475,19417
1997-06-03,174.315,174.653,173.022,173.528,4263,19079
1997-06-04,173.303,174.878,172.741,173.866,3283,18979
1997-06-05,173.866,174.147,172.516,172.628,2410,18869
1997-06-06,171.841,172.516,170.829,170.829,4623,18518
1997-06-09,170.942,172.404,170.942,171.054,3468,19082
1997-06-10,171.054,172.966,170.154,172.628,3412,19184
1997-06-11,172.741,174.203,172.628,173.809,2764,19418
1997-06-12,174.203,174.54,173.078,173.697,1763,19543
1997-06-13,173.641,176.34,173.472,176.059,2743,19532
1997-06-16,175.44,177.352,175.44,177.127,3152,19614
1997-06-17,177.577,178.027,176.621,176.846,3094,19516
1997-06-18,176.677,176.677,175.665,175.89,3093,19740
1997-06-19,175.89,176.059,172.853,173.191,3723,20056
1997-06-20,172.797,175.215,172.46,173.866,3252,20108
1997-06-23,173.641,177.071,173.416,176.508,4448,20197
1997-06-24,176.452,177.127,175.609,176.115,2353,20347
1997-06-25,175.777,177.464,175.496,176.79,2698,20540
1997-06-26,177.014,179.264,176.565,178.814,5456,21125
1997-06-27,178.926,181.063,178.589,180.838,4983,22198
1997-06-30,181.063,183.987,180.782,181.907,5624,21878
1997-07-01,182.638,183.762,181.063,183.2,5180,22609
1997-07-02,183.087,183.087,181.176,181.344,3214,22670
1997-07-03,181.176,182.188,180.276,182.075,2600,22885
1997-07-07,181.625,184.043,181.513,181.963,3353,22976
1997-07-08,181.063,181.063,179.039,180.051,4811,23363
1997-07-09,179.938,180.894,178.139,180.163,3992,23538
1997-07-10,180.22,182.919,179.995,182.469,4489,23590
1997-07-11,183.2,184.437,182.188,182.525,4998,24144
1997-07-14,181.513,183.425,181.007,181.063,5232,24264
1997-07-15,181.625,182.806,181.288,181.794,3473,24554
1997-07-16,182.862,185.112,182.862,184.662,4099,24486
1997-07-17,184.381,186.349,183.762,186.124,3323,24394
1997-07-18,185.562,186.799,185.337,186.18,2889,24380
1997-07-21,187.024,187.586,185.505,186.124,3868,24621
1997-07-22,185.449,185.955,184.549,184.606,3082,25102
1997-07-23,184.549,187.136,183.593,185.955,4764,25253
1997-07-24,185.73,187.024,185.337,186.349,4195,24813
1997-07-25,186.461,186.63,185.337,185.899,3389,24729
1997-07-28,183.875,184.662,183.425,184.381,4462,25045
1997-07-29,183.762,184.212,181.738,182.356,7602,24835
1997-07-30,181.063,183.425,181.063,182.581,4838,24659
1997-07-31,182.075,184.156,182.075,183.818,3500,24573
1997-08-01,184.887,185.562,182.862,182.975,3291,24443
1997-08-04,181.4,182.525,180.613,181.963,3980,24461
1997-08-05,181.963,182.3,180.388,180.501,3668,24190
1997-08-06,179.826,180.613,179.039,180.388,4225,24567
1997-08-07,180.613,181.4,180.163,180.388,2953,24490
1997-08-08,179.938,180.613,179.376,179.77,3075,23971
1997-08-11,180.613,181.625,180.557,181.007,3916,23856
1997-08-12,178.814,178.926,177.633,177.633,7441,23655
1997-08-13,176.115,180.726,176.115,180.388,7476,23901
1997-08-14,180.276,182.188,180.163,180.557,4382,23323
1997-08-15,180.726,182.131,180.726,181.288,3259,22887
1997-08-18,180.276,181.85,179.938,180.388,4077,22587
1997-08-19,180.332,180.613,179.489,179.77,3049,22371
1997-08-20,179.938,180.501,177.914,178.533,4783,21770
1997-08-21,178.42,179.151,177.745,178.983,4467,21856
1997-08-22,178.139,180.838,177.689,180.669,3919,21718
1997-08-25,180.951,181.963,180.613,180.951,2895,21542
1997-08-26,180.838,182.525,180.726,182.019,3470,21381
1997-08-27,181.176,181.344,178.252,178.252,5472,22048
1997-08-28,177.914,178.701,176.846,177.858,5878,21802
1997-08-29,177.858,178.533,176.396,176.846,3234,19105
1997-09-02,176.565,177.858,176.565,176.958,1951,19007
1997-09-03,176.79,178.533,176.227,178.476,2707,19110
1997-09-04,179.039,179.489,177.464,177.577,2044,18997
1997-09-05,177.127,179.039,176.677,178.589,2517,18969
1997-09-08,178.926,181.963,178.926,181.063,5727,19164
1997-09-09,180.838,181.963,180.613,181.288,4826,18973
1997-09-10,181.063,182.413,181.063,181.569,3193,18996
1997-09-11,181.738,182.019,180.613,181.063,2255,18594
1997-09-12,181.063,183.256,180.332,182.975,4488,19349
1997-09-15,183.875,184.324,182.975,183.931,5396,20401
1997-09-16,183.425,183.65,181.063,181.963,4408,19738
1997-09-17,182.3,182.638,181.625,181.963,1932,19610
1997-09-18,181.176,181.625,180.501,181.063,1893,19581
1997-09-19,181.513,181.513,180.501,180.613,1957,19460
1997-09-22,180.613,182.075,179.938,180.557,2041,19729
1997-09-23,180.388,180.501,178.476,178.701,4047,19289
1997-09-24,178.701,178.926,176.396,176.565,6222,19181
1997-09-25,177.464,178.364,176.846,177.296,3940,18508
1997-09-26,177.689,178.701,177.239,177.408,2049,16977
1997-09-29,180.501,181.457,178.814,178.926,3411,17147
1997-09-30,178.589,179.039,177.127,177.296,5431,17577
1997-10-01,177.239,178.364,175.328,175.496,5688,17265
1997-10-02,175.496,176.508,174.878,175.103,5296,17086
1997-10-03,175.44,176.115,173.753,174.259,5361,17895
1997-10-06,174.54,175.215,173.866,174.821,2549,18226
1997-10-07,174.54,174.709,171.954,172.291,5774,17809
1997-10-08,172.066,173.472,171.841,172.291,3353,18309
1997-10-09,172.966,175.103,172.966,174.821,3584,18207
1997-10-10,174.315,175.44,173.191,173.978,3966,18269
1997-10-13,174.428,175.384,174.428,174.653,1940,18128
1997-10-14,175.44,175.834,173.191,173.866,3144,18040
1997-10-15,173.641,173.922,172.235,173.022,3141,18186
1997-10-16,172.966,174.653,172.741,174.428,3346,18386
1997-10-17,175.552,175.777,174.09,174.821,2642,18552
1997-10-20,174.99,176.227,174.54,174.821,2017,18574
1997-10-21,175.665,176.002,174.54,174.878,2841,18599
1997-10-22,174.99,176.227,174.09,175.721,2085,18636
1997-10-23,175.89,178.139,175.159,177.239,4528,18066
1997-10-24,177.239,178.027,176.115,176.902,2935,17896
1997-10-27,177.352,178.139,176.677,176.733,2627,17743
1997-10-28,176.452,177.239,175.777,175.834,3416,17567
1997-10-29,175.834,175.834,173.866,173.978,3183,17810
1997-10-30,173.978,176.002,173.978,175.89,2677,17911
1997-10-31,176.79,177.239,176.002,176.34,3240,16649
1997-11-03,176.227,176.565,174.765,175.046,2009,16724
1997-11-04,175.271,175.665,174.878,175.328,2101,16989
1997-11-05,175.665,175.777,174.878,175.496,3242,16778
1997-11-06,176.452,178.252,176.002,177.802,4045,16406
1997-11-07,177.802,178.926,177.014,178.589,3908,16232
1997-11-10,179.264,180.388,179.039,180.107,3365,15975
1997-11-11,179.714,180.445,179.151,179.489,1898,16068
1997-11-12,179.376,180.107,178.926,179.264,1431,16019
1997-11-13,179.264,179.938,178.476,179.264,2156,16467
1997-11-14,179.151,180.838,179.151,180.388,2866,16685
1997-11-17,179.938,180.838,179.039,179.657,3028,17139
1997-11-18,179.376,179.601,178.476,178.926,2403,17017
1997-11-19,178.589,179.095,177.97,178.533,2061,16843
1997-11-20,178.252,180.051,178.252,179.938,1811,16738
1997-11-21,180.501,181.4,180.276,181.063,2002,14982
1997-11-24,181.176,181.625,180.388,181.288,1989,15064
1997-11-25,181.063,181.288,179.376,179.882,1782,14960
1997-11-26,179.882,179.995,179.376,179.545,695,15061
1997-11-28,179.489,179.938,178.814,179.77,490,15078
1997-12-01,179.77,179.938,177.127,177.521,3717,15249
1997-12-02,177.521,178.701,176.677,178.533,2223,15486
1997-12-03,179.151,179.264,178.139,178.195,1886,15623
1997-12-04,177.914,181.119,177.914,180.669,3636,15863
1997-12-05,181.063,181.513,180.22,180.669,2830,15863
1997-12-08,180.613,180.613,179.545,180.107,1639,16076
1997-12-09,179.938,181.4,179.714,180.276,1993,16395
1997-12-10,180.163,180.613,179.151,179.32,2448,16641
1997-12-11,178.814,178.926,177.914,178.139,2857,17136
1997-12-12,178.252,178.364,174.99,175.103,4345,17337
1997-12-15,173.191,174.765,171.841,172.122,6596,17458
1997-12-16,173.753,174.09,172.853,173.135,4007,16902
1997-12-17,173.641,174.99,173.528,174.709,2821,16269
1997-12-18,175.215,175.215,173.753,173.866,2296,16114
1997-12-19,173.528,174.54,171.391,173.584,5386,16631
1997-12-22,173.191,173.922,171.785,172.404,2175,16709
1997-12-23,172.235,172.91,171.279,171.897,914,16840
1997-12-24,171.897,172.291,171.279,171.391,1168,17093
1997-12-26,171.504,172.741,171.504,172.46,808,17191
1997-12-29,173.528,173.753,171.729,171.954,3374,17413
1997-12-30,172.179,172.179,169.704,170.66,4056,17813
1997-12-31,170.492,171.279,170.098,170.267,1997,17677
1998-01-02,170.267,170.492,167.005,167.23,3477,17828
1998-01-05,166.78,168.018,165.431,166.218,4645,18011
1998-01-06,167.343,168.917,166.668,168.749,5348,18415
1998-01-07,168.805,169.817,167.849,168.13,3148,18472
1998-01-08,168.355,170.492,168.242,169.817,3267,18242
1998-01-09,170.154,171.279,169.367,170.267,3419,18007
1998-01-12,170.379,171.841,170.379,171.279,2773,18137
1998-01-13,170.492,173.416,169.142,172.572,6246,19123
1998-01-14,172.404,175.946,172.347,175.946,6700,18571
1998-01-15,176.79,176.79,175.046,175.496,5119,18163
1998-01-16,175.328,177.408,174.653,177.296,5119,18163
1998-01-20,176.79,177.296,176.227,176.733,3226,17405
1998-01-21,176.565,176.565,175.552,175.946,2599,17153
1998-01-22,176.227,176.34,174.878,175.328,2423,17137
1998-01-23,174.99,178.139,174.878,177.802,4033,16817
1998-01-26,177.689,177.802,176.565,177.745,2126,16634
1998-01-27,177.464,177.577,174.765,175.046,3782,16542
1998-01-28,174.99,175.665,174.653,175.103,1940,16797
1998-01-29,174.765,177.352,173.922,176.677,3618,16686
1998-01-30,176.115,177.352,175.89,176.565,2129,15302
1998-02-02,174.99,174.99,173.191,173.191,4073,15982
1998-02-03,172.291,172.404,170.267,170.998,5227,17026
1998-02-04,170.492,171.616,169.198,170.998,4074,17246
1998-02-05,170.998,171.391,169.367,169.873,2623,17735
1998-02-06,169.592,170.267,168.692,169.255,2963,18024
1998-02-09,168.917,170.267,168.861,169.311,2214,18097
1998-02-10,168.917,170.267,168.917,169.311,2178,17931
1998-02-11,169.142,171.616,169.03,170.998,3094,18079
1998-02-12,171.279,173.866,170.942,173.809,3323,18260
1998-02-13,174.653,176.565,174.653,176.508,4923,18460
1998-02-17,176.902,177.014,174.653,174.765,3640,17572
1998-02-18,174.765,175.44,173.753,174.821,3897,17218
1998-02-19,174.653,174.709,172.572,172.685,3878,16930
1998-02-20,172.291,173.866,172.291,172.91,2491,17145
1998-02-23,172.516,172.516,169.536,169.536,3965,16976
1998-02-24,168.58,169.536,166.162,168.805,6789,17412
1998-02-25,169.142,169.367,167.118,167.68,4499,17130
1998-02-26,167.793,169.142,166.668,168.692,3483,17041
1998-02-27,168.13,168.917,167.118,167.23,3474,17116
1998-03-02,167.118,169.648,167.118,169.311,3649,17645
1998-03-03,169.648,170.717,168.411,169.929,3374,17786
1998-03-04,169.48,171.166,168.58,168.973,3689,17929
1998-03-05,169.03,169.873,168.467,169.367,2810,17797
1998-03-06,170.492,170.942,169.48,170.154,2369,17915
1998-03-09,171.054,171.054,168.917,169.648,2141,17662
1998-03-10,169.48,169.817,168.692,169.086,2290,17568
1998-03-11,169.817,170.604,169.367,169.48,2508,17334
1998-03-12,169.48,169.817,167.343,169.48,3333,17295
1998-03-13,169.929,170.66,169.704,170.379,2495,17384
1998-03-16,171.391,171.954,169.592,169.873,3759,17357
1998-03-17,170.042,170.042,169.142,169.198,1788,17483
1998-03-18,169.142,171.616,169.142,171.335,2162,17487
1998-03-19,171.166,171.335,169.592,170.267,3028,17597
1998-03-20,170.042,170.829,169.255,170.604,2054,17615
1998-03-23,170.267,171.11,170.267,170.604,1655,17459
1998-03-24,170.942,171.166,170.323,170.717,1737,17551
1998-03-25,169.817,169.817,168.467,168.749,3727,17856
1998-03-26,168.299,168.299,166.78,167.118,4510,18192
1998-03-27,165.206,166.218,164.644,165.937,3473,16617
1998-03-30,165.094,165.431,163.463,163.856,3724,16909
1998-03-31,163.519,165.037,163.182,164.925,2301,16808
1998-04-01,164.756,167.343,164.531,167.23,3183,16561
1998-04-02,167.118,170.604,166.668,169.986,4732,16151
1998-04-03,169.817,172.291,169.817,172.122,4153,15973
1998-04-06,172.291,173.191,171.223,172.572,3103,15794
1998-04-07,172.291,174.428,172.066,173.022,4622,15701
1998-04-08,172.966,172.966,171.391,172.685,2870,15920
1998-04-09,172.966,173.978,172.853,173.697,1911,16052
1998-04-13,173.753,174.203,171.954,173.584,2390,16358
1998-04-14,173.191,173.303,172.179,173.078,2373,16619
1998-04-15,172.741,173.416,171.391,171.785,3494,17232
1998-04-16,172.516,173.191,171.279,172.797,2488,17317
1998-04-17,172.966,173.135,172.235,172.966,1711,17454
1998-04-20,172.628,174.034,171.391,173.078,3581,17639
1998-04-21,172.066,172.404,171.166,172.179,2595,17660
1998-04-22,172.516,173.528,172.291,172.91,2778,18081
1998-04-23,172.853,172.853,169.817,170.098,4654,17942
1998-04-24,169.592,171.054,169.142,169.873,3507,18009
1998-04-27,175.89,176.452,175.665,175.834,2136,17603
1998-04-28,176.115,176.452,175.777,176.002,2703,16883
1998-04-29,177.014,178.027,175.89,176.171,3800,16904
1998-04-30,176.565,178.926,176.227,178.701,4183,16839
1998-05-01,178.701,179.376,178.364,178.758,2591,15265
1998-05-04,177.914,178.533,177.183,177.577,1824,15181
1998-05-05,177.802,178.027,176.677,177.071,1749,14623
1998-05-06,177.014,177.127,176.227,176.508,1688,14584
1998-05-07,176.34,176.34,175.215,175.609,2990,14248
1998-05-08,175.44,175.834,174.878,175.328,2415,13787
1998-05-11,176.227,176.902,175.103,175.271,2457,13734
1998-05-12,175.89,176.677,175.103,175.215,2128,13565
1998-05-13,175.328,175.777,174.315,174.484,2042,13345
1998-05-14,174.484,174.653,173.528,174.203,2622,13431
1998-05-15,174.54,175.103,173.753,173.809,2103,13325
1998-05-18,173.359,173.416,171.56,171.954,3150,13335
1998-05-19,171.391,171.841,170.492,171.11,3241,13218
1998-05-20,170.942,172.628,170.942,171.785,1805,13262
1998-05-21,171.391,171.841,170.492,170.717,1980,13142
1998-05-22,171.054,171.954,170.717,171.504,750,10228
1998-05-26,171.841,172.066,169.704,171.673,1899,10445
1998-05-27,171.729,171.954,169.48,169.817,1860,10675
1998-05-28,169.817,170.267,168.805,169.142,2339,10544
1998-05-29,168.917,169.142,166.78,167.68,3562,11329
1998-06-01,167.68,167.793,166.218,166.668,3463,12084
1998-06-02,167.343,168.58,167.343,168.299,2690,12086
1998-06-03,169.03,169.198,167.118,167.68,2799,12448
1998-06-04,167.624,169.142,167.118,168.524,1780,12373
1998-06-05,168.636,168.636,166.218,167.343,1885,12664
1998-06-08,167.343,168.917,167.343,167.568,1413,12713
1998-06-09,168.13,170.548,168.13,170.042,4248,12511
1998-06-10,170.267,171.673,169.367,171.448,2672,12471
1998-06-11,171.448,171.841,169.929,170.154,1951,12635
1998-06-12,169.367,170.154,168.749,169.03,1814,12973
1998-06-15,169.255,169.48,168.242,168.692,1485,12943
1998-06-16,168.917,170.042,167.118,167.511,2504,13104
1998-06-17,167.511,167.511,165.431,165.768,4795,13261
1998-06-18,165.768,166.218,162.844,163.069,5669,13631
1998-06-19,163.182,163.182,160.932,162.338,3638,13750
1998-06-22,162.957,164.194,162.732,164.081,2270,13798
1998-06-23,163.519,163.688,160.708,162.17,3585,14224
1998-06-24,162.844,163.069,161.607,162.057,1613,14183
1998-06-25,163.013,163.519,161.495,162.057,1615,14335
1998-06-26,161.945,161.945,158.908,159.583,3333,14738
1998-06-29,161.27,162.957,160.708,162.957,3728,14718
1998-06-30,162.732,162.732,160.483,161.439,2830,14708
1998-07-01,161.27,162.844,159.358,162.732,3347,15090
1998-07-02,162.282,163.519,161.945,162.338,2127,15062
1998-07-06,162.957,164.419,162.507,163.575,2425,15054
1998-07-07,162.619,162.619,160.258,161.776,2460,15274
1998-07-08,161.045,163.069,159.808,162.901,3237,15375
1998-07-09,163.744,164.138,161.72,162.338,1788,15545
1998-07-10,162.619,162.901,160.483,161.439,2687,15915
1998-07-13,160.37,160.82,158.065,158.065,4379,16296
1998-07-14,157.896,159.189,156.659,158.683,3755,17111
1998-07-15,158.908,158.908,156.996,157.559,2735,17364
1998-07-16,156.771,159.133,156.771,158.964,2446,17472
1998-07-17,158.796,159.246,157.671,158.739,2094,17275
1998-07-20,158.458,159.246,155.478,155.703,3492,17482
1998-07-21,155.534,156.434,152.948,156.265,5801,18329
1998-07-22,156.659,159.021,156.322,158.121,3763,18237
1998-07-23,157.671,157.784,155.141,156.04,3689,18532
1998-07-24,156.209,157.671,154.916,156.996,2714,18967
1998-07-27,156.771,156.771,155.647,156.603,2610,19205
1998-07-28,156.097,157.502,155.366,156.603,3114,19450
1998-07-29,156.097,157.221,156.097,156.715,2595,19461
1998-07-30,156.322,156.434,153.341,153.341,4383,19172
1998-07-31,152.948,153.51,150.642,150.811,4209,19399
1998-08-03,150.698,151.373,147.55,148.562,5511,20575
1998-08-04,148.674,151.936,148.674,151.936,4498,20037
1998-08-05,152.835,155.309,152.723,155.309,4908,19737
1998-08-06,155.084,156.322,154.297,155.647,5651,20441
1998-08-07,155.197,158.571,154.972,157.615,4709,19698
1998-08-10,157.559,158.121,156.546,157.165,2468,19687
1998-08-11,156.771,156.771,154.747,155.141,3334,19433
1998-08-12,154.522,154.86,151.823,153.341,4498,19517
1998-08-13,154.297,154.691,152.835,154.522,2446,19198
1998-08-14,154.747,155.084,153.735,153.904,1512,19049
1998-08-17,152.61,152.835,150.98,151.261,2984,19026
1998-08-18,151.036,154.635,150.53,154.635,4454,18978
1998-08-19,155.422,155.422,151.823,152.891,3413,18750
1998-08-20,152.835,153.51,151.767,153.398,2682,18747
1998-08-21,153.285,153.285,151.261,151.992,2564,18672
1998-08-24,151.936,152.16,150.586,151.767,2921,18521
1998-08-25,151.879,152.16,149.574,149.799,2673,18467
1998-08-26,149.349,152.61,149.012,152.217,3479,18395
1998-08-27,152.273,154.86,150.923,153.229,4134,18502
1998-08-28,153.847,155.591,153.06,155.028,3577,15992
1998-08-31,154.297,154.41,151.936,151.992,2602,15883
1998-09-01,151.261,152.273,149.349,151.486,3388,15867
1998-09-02,151.486,151.486,149.349,149.855,2454,15772
1998-09-03,149.012,149.743,147.325,149.349,3428,15876
1998-09-04,149.349,150.136,147.943,148.224,1689,15961
1998-09-08,147.999,149.743,147.774,149.63,2215,16216
1998-09-09,149.518,150.136,147.325,148.843,3051,16079
1998-09-10,148.787,151.373,147.999,150.417,3136,16121
1998-09-11,151.373,153.791,151.261,153.791,2622,15435
1998-09-14,155.759,157.165,154.86,156.153,5116,15486
1998-09-15,155.534,157.671,154.747,157.446,2738,15378
1998-09-16,158.346,158.683,156.209,156.603,3203,15252
1998-09-17,156.884,158.571,155.647,158.458,2129,15524
1998-09-18,158.233,160.37,157.39,159.808,4301,15538
1998-09-21,158.458,159.021,157.559,158.402,1701,15592
1998-09-22,158.121,158.458,157.446,158.233,1814,15668
1998-09-23,157.334,157.671,155.309,156.265,2991,15493
1998-09-24,155.872,156.322,154.522,156.097,2582,15300
1998-09-25,155.759,156.434,155.422,155.478,1621,13670
1998-09-28,158.627,158.627,156.546,156.771,3171,13677
1998-09-29,156.322,156.659,155.759,156.322,2782,13677
1998-09-30,155.647,156.097,154.522,154.635,2532,13794
1998-10-01,154.522,156.771,154.185,155.534,3085,14554
1998-10-02,155.759,158.008,155.422,157.053,3109,15064
1998-10-05,156.322,157.109,155.647,156.265,1835,15191
1998-10-06,155.759,158.627,155.759,158.008,2272,15506
1998-10-07,157.671,161.382,157.559,160.989,3747,15251
1998-10-08,160.595,163.069,159.808,161.832,4147,15008
1998-10-09,160.932,164.756,160.932,164.419,4334,15002
1998-10-12,164.869,165.543,163.35,163.969,2996,15275
1998-10-13,163.407,164.306,162.732,163.744,2424,15534
1998-10-14,163.744,164.363,162.732,162.957,2210,15453
1998-10-15,162.732,164.194,162.732,164.081,1786,15560
1998-10-16,164.081,164.869,163.407,163.8,1813,15449
1998-10-19,162.844,164.081,162.057,163.463,2432,15299
1998-10-20,163.744,164.756,162.619,163.013,2493,15169
1998-10-21,162.394,162.619,161.495,161.607,1958,15048
1998-10-22,161.27,162.957,161.045,162.732,3270,15230
1998-10-23,162.507,166.049,162.057,164.756,6032,15839
1998-10-26,164.981,164.981,163.744,163.8,3122,15588
1998-10-27,169.873,170.154,169.423,169.873,2133,15097
1998-10-28,169.367,171.054,169.311,170.829,2208,15342
1998-10-29,170.717,170.942,168.13,168.524,3626,15090
1998-10-30,168.299,168.58,167.118,167.23,2391,12490
1998-11-02,168.242,168.242,165.543,165.712,2092,12299
1998-11-03,165.881,167.23,165.094,166.78,2254,12092
1998-11-04,167.005,168.018,165.656,166.612,2081,12101
1998-11-05,166.443,166.668,165.094,165.206,1702,12057
1998-11-06,165.768,167.793,165.431,167.23,1946,12252
1998-11-09,166.668,167.23,165.993,166.218,1753,12364
1998-11-10,165.768,166.218,163.688,164.081,2593,11975
1998-11-11,163.969,164.869,163.294,164.419,1827,11976
1998-11-12,164.419,164.419,163.069,163.969,2261,11921
1998-11-13,164.306,164.756,162.957,163.463,1923,12039
1998-11-16,163.069,163.069,160.089,160.089,3728,11270
1998-11-17,159.246,161.382,158.627,161.101,2942,11187
1998-11-18,161.045,161.607,159.695,159.808,1864,11206
1998-11-19,159.47,160.708,158.571,160.145,2148,11157
1998-11-20,159.92,161.045,158.796,158.964,1180,9786
1998-11-23,158.346,158.571,155.815,156.715,2711,9571
1998-11-24,157.334,159.133,157.109,158.796,1796,9920
1998-11-25,158.683,160.201,158.683,160.089,1158,9936
1998-11-27,160.483,160.708,159.47,159.864,598,9987
1998-11-30,159.808,159.92,158.346,158.571,1195,10286
1998-12-01,159.695,160.595,158.908,160.258,1784,10370
1998-12-02,160.033,160.145,158.233,159.639,1671,10584
1998-12-03,159.92,160.089,158.796,159.977,1151,10723
1998-12-04,159.695,161.607,159.695,161.101,1608,10905
1998-12-07,161.27,161.495,157.727,157.727,2336,11050
1998-12-08,157.221,157.446,154.41,156.322,3149,11323
1998-12-09,156.322,156.322,152.948,152.948,3360,11693
1998-12-10,153.173,153.96,151.598,152.723,2913,12149
1998-12-11,152.723,152.723,149.349,150.417,3326,12707
1998-12-14,150.024,152.048,148.562,151.992,3172,13216
1998-12-15,152.61,152.723,148.618,148.618,3868,13497
1998-12-16,148.112,151.992,147.212,151.767,4314,13835
1998-12-17,151.373,153.904,151.373,152.442,2439,13882
1998-12-18,151.823,153.398,151.598,152.329,1248,13841
1998-12-21,152.723,153.173,149.236,151.036,1670,13939
1998-12-22,150.361,152.16,150.361,152.104,916,13926
1998-12-23,152.104,153.847,151.486,153.735,2248,14182
1998-12-24,154.185,154.972,153.173,154.916,1008,14300
1998-12-28,155.197,156.715,154.747,155.591,2844,14121
1998-12-29,155.703,155.703,153.96,153.96,2489,13892
1998-12-30,154.747,155.422,152.948,154.353,3313,14015
1998-12-31,154.635,154.972,154.241,154.747,1001,14057
1999-01-04,155.534,156.097,153.96,154.466,1271,14169
1999-01-05,154.747,157.84,154.297,157.84,3272,14387
1999-01-06,158.233,161.214,158.233,161.214,3587,14526
1999-01-07,161.945,162.057,159.977,161.045,3493,14132
1999-01-08,160.82,163.013,160.483,162.338,3237,13907
1999-01-11,162.957,164.756,161.607,164.081,4134,14463
1999-01-12,163.856,164.869,163.182,164.025,3618,14934
1999-01-13,163.744,164.531,162.226,162.676,3111,15223
1999-01-14,162.394,164.363,162.17,164.25,1815,15178
1999-01-15,164.756,167.455,164.756,167.23,1815,15178
1999-01-19,167.118,167.118,165.375,166.274,2619,15464
1999-01-20,165.656,167.005,164.812,166.274,2524,15424
1999-01-21,165.431,165.993,164.869,165.431,2014,15696
1999-01-22,165.318,166.78,164.869,166.612,2023,15739
1999-01-25,167.793,168.355,166.331,167.624,3165,15750
1999-01-26,166.78,167.118,165.6,165.881,2441,15620
1999-01-27,165.094,165.094,163.238,163.407,3308,15329
1999-01-28,162.844,164.531,162.844,164.025,2177,15623
1999-01-29,163.744,164.419,162.619,163.294,2724,13992
1999-02-01,161.495,163.069,160.314,163.013,3348,13887
1999-02-02,162.732,163.744,162.057,163.125,2088,13858
1999-02-03,163.294,166.499,163.069,165.993,3936,14485
1999-02-04,165.881,167.793,165.543,167.118,2671,14667
1999-02-05,167.005,169.03,167.005,168.186,3249,15185
1999-02-08,168.018,169.536,167.68,168.411,2478,15693
1999-02-09,168.467,168.861,167.343,167.399,1736,16006
1999-02-10,167.23,167.343,166.331,167.005,1814,16427
1999-02-11,166.837,168.242,166.218,166.837,1210,16575
1999-02-12,166.668,168.018,166.668,167.793,1026,16611
1999-02-16,168.018,168.242,166.893,167.849,1716,17014
1999-02-17,167.118,167.23,165.431,165.6,2932,17103
1999-02-18,165.656,166.106,164.644,165.206,1775,17351
1999-02-19,165.094,165.768,164.306,164.981,1863,17562
1999-02-22,163.744,164.531,163.182,163.688,2452,17771
1999-02-23,163.744,166.443,163.744,166.387,2302,17833
1999-02-24,166.499,167.793,165.375,165.487,3813,17860
1999-02-25,165.768,167.905,164.869,167.511,3983,18456
1999-02-26,167.905,168.018,166.668,166.837,2408,18705
1999-03-01,167.68,168.692,167.455,167.736,2062,19023
1999-03-02,167.23,167.736,166.668,166.837,3093,18850
1999-03-03,166.443,167.005,164.419,166.218,4803,18655
1999-03-04,166.556,166.668,164.419,164.531,3224,18332
1999-03-05,164.587,165.15,163.632,163.8,2924,18292
1999-03-08,164.644,165.993,163.856,164.025,3319,18201
1999-03-09,164.25,164.419,162.619,164.081,3449,17940
1999-03-10,164.531,165.543,163.632,164.081,3121,17684
1999-03-11,163.969,164.419,162.507,162.619,2261,17303
1999-03-12,162.732,162.844,161.157,161.27,2356,17132
1999-03-15,161.27,161.382,160.089,160.258,4010,17602
1999-03-16,159.977,161.72,159.977,160.989,2736,17600
1999-03-17,161.27,162.17,160.483,160.651,2055,17418
1999-03-18,160.708,161.607,160.483,161.101,1801,17385
1999-03-19,161.382,161.382,159.695,160.033,2836,17330
1999-03-22,159.47,161.832,159.358,160.651,3044,17629
1999-03-23,161.045,162.282,161.045,161.945,1903,17647
1999-03-24,162.338,163.182,160.82,160.876,2910,17571
1999-03-25,160.651,161.27,159.246,159.808,2665,17044
1999-03-26,159.583,161.157,159.47,160.932,1408,15465
1999-03-29,160.595,162.057,160.595,161.72,1181,15465
1999-03-30,161.72,162.844,161.607,162.507,1685,15513
1999-03-31,162.507,162.957,161.832,162.113,1746,15486
1999-04-01,162.057,164.138,161.382,163.969,2607,15382
1999-04-05,164.644,166.78,164.644,166.443,2969,15238
1999-04-06,166.443,166.668,165.094,166.387,2722,15357
1999-04-07,165.881,165.993,165.206,165.431,1058,15258
1999-04-08,165.656,166.331,163.856,163.913,2274,15170
1999-04-09,163.969,166.218,163.969,166.049,1596,15299
1999-04-12,165.993,167.23,165.431,165.825,2119,15511
1999-04-13,165.881,165.993,163.182,164.025,3360,15854
1999-04-14,164.306,164.306,161.551,161.72,2514,15989
1999-04-15,161.72,162.282,160.258,160.595,2123,16011
1999-04-16,160.82,161.72,160.201,161.045,1771,16182
1999-04-19,160.595,161.72,160.145,160.37,2034,16545
1999-04-20,161.045,161.945,160.932,161.101,1631,16805
1999-04-21,161.495,161.72,160.595,161.045,1435,16799
1999-04-22,161.045,161.157,159.133,159.302,2110,16876
1999-04-23,159.021,159.808,158.402,158.852,2646,17356
1999-04-26,159.47,161.27,159.47,160.764,2123,17783
1999-04-27,167.118,167.905,167.118,167.568,2012,17934
1999-04-28,167.793,167.793,166.78,167.511,1706,17889
1999-04-29,167.287,168.467,166.837,166.893,2971,17970
1999-04-30,167.005,167.005,166.218,166.612,1239,17059
1999-05-03,166.78,167.118,165.768,165.881,1957,17300
1999-05-04,165.656,166.443,164.644,164.7,3309,17033
1999-05-05,164.644,165.206,162.844,163.013,3049,17338
1999-05-06,162.901,162.957,161.832,162.282,3467,17386
1999-05-07,162.394,162.788,161.607,161.888,3165,17530
1999-05-10,162.113,162.507,161.157,162.338,2701,17644
1999-05-11,163.294,165.094,163.182,164.587,3354,17676
1999-05-12,164.587,165.262,163.688,164.025,2389,17905
1999-05-13,163.744,164.081,163.069,163.632,1743,17714
1999-05-14,164.419,165.881,164.419,165.712,3001,17564
1999-05-17,166.106,166.331,165.037,166.274,1700,17769
1999-05-18,166.387,168.13,166.218,167.511,4135,18109
1999-05-19,167.68,167.68,166.106,166.274,2589,17819
1999-05-20,166.218,167.961,166.049,167.849,1792,17624
1999-05-21,167.793,169.48,167.736,168.749,3620,17298
1999-05-24,168.13,170.042,167.905,169.423,3584,16600
1999-05-25,169.03,169.48,167.68,167.736,2513,16079
1999-05-26,168.242,169.873,168.242,169.367,2707,16239
1999-05-27,169.03,169.311,167.793,168.018,1952,16043
1999-05-28,168.018,170.042,167.68,169.873,1881,13806
1999-06-01,169.48,171.391,169.367,170.66,2929,14276
1999-06-02,171.166,171.335,169.536,170.211,1725,14192
1999-06-03,170.154,170.942,169.255,169.536,2478,14431
1999-06-04,169.704,172.741,169.592,172.685,3313,14922
1999-06-07,172.966,174.878,172.347,174.765,5281,15840
1999-06-08,174.765,175.777,173.978,174.372,3886,15979
1999-06-09,174.315,175.44,173.641,173.809,3212,16257
1999-06-10,174.09,174.99,173.641,173.922,2432,16502
1999-06-11,173.753,175.665,173.416,175.328,2103,16653
1999-06-14,176.396,177.183,176.227,176.396,2778,17535
1999-06-15,176.565,176.565,174.428,175.159,2548,17616
1999-06-16,175.44,175.834,174.54,174.99,1508,17772
1999-06-17,174.878,175.384,173.697,173.922,1479,17748
1999-06-18,173.528,173.922,172.853,173.472,1795,17821
1999-06-21,172.404,173.078,171.504,172.966,2878,17538
1999-06-22,172.628,173.866,172.516,173.584,1880,17879
1999-06-23,174.315,174.54,173.303,174.428,2289,18532
1999-06-24,174.315,174.878,173.078,173.472,2591,18784
1999-06-25,173.078,174.372,172.797,174.147,1622,18944
1999-06-28,172.291,172.291,170.773,170.773,3206,18965
1999-06-29,169.255,170.942,169.142,170.885,3963,18821
1999-06-30,170.885,171.729,167.511,167.68,4909,18067
1999-07-01,167.68,171.054,166.668,170.885,4909,18067
1999-07-02,170.885,172.685,170.717,171.673,3422,18075
1999-07-06,172.516,175.046,172.179,173.978,4070,18572
1999-07-07,174.203,174.54,172.685,172.797,2247,18689
1999-07-08,172.066,173.022,171.841,171.954,1954,18557
1999-07-09,172.179,174.09,172.179,173.472,2535,18998
1999-07-12,174.203,175.215,173.641,174.259,2495,19230
1999-07-13,174.09,174.54,172.966,173.135,1842,19193
1999-07-14,172.741,174.203,172.572,173.753,1599,19148
1999-07-15,173.528,173.641,172.122,172.404,2274,19002
1999-07-16,172.516,173.978,172.516,172.91,1787,18922
1999-07-19,172.235,173.528,171.391,172.347,1798,18897
1999-07-20,172.404,172.741,171.391,171.448,1769,18779
1999-07-21,171.054,171.729,170.492,171.11,2324,18764
1999-07-22,172.179,174.203,172.066,173.978,3048,18682
1999-07-23,173.641,173.866,172.291,172.628,2421,18691
1999-07-26,174.315,174.709,173.866,174.372,3234,18933
1999-07-27,174.428,174.99,173.753,174.428,2919,19158
1999-07-28,174.09,175.103,173.866,174.259,2453,19403
1999-07-29,174.428,174.428,172.404,172.516,2195,19014
1999-07-30,172.179,172.966,171.954,172.91,2286,18827
1999-08-02,172.066,172.853,171.56,172.797,2579,18880
1999-08-03,172.966,173.191,171.448,171.673,2899,18865
1999-08-04,172.347,172.404,170.829,171.11,3378,18137
1999-08-05,171.841,172.291,171.616,171.897,1300,17980
1999-08-06,172.516,172.741,171.954,172.235,1098,17962
1999-08-09,172.235,172.853,172.066,172.46,1772,18057
1999-08-10,172.347,173.078,172.066,172.46,2121,17830
1999-08-11,172.628,173.641,172.235,173.472,2241,18067
1999-08-12,174.706,175.155,173.809,174.706,3620,18353
1999-08-13,174.706,174.931,173.977,174.706,2215,18588
1999-08-16,174.37,174.65,174.145,174.65,1298,18732
1999-08-17,174.257,174.818,173.696,173.921,1802,18623
1999-08-18,174.37,174.482,173.921,174.201,1392,18474
1999-08-19,174.033,174.706,173.696,174.65,2218,18440
1999-08-20,174.594,174.818,174.033,174.594,1196,18295
1999-08-23,174.931,175.043,173.248,173.584,2613,18254
1999-08-24,173.584,173.809,173.023,173.809,2396,18327
1999-08-25,173.696,175.043,173.584,174.706,4832,19285
1999-08-26,174.931,176.165,174.818,176.109,4484,19983
1999-08-27,176.277,176.614,175.94,176.109,2379,17204
1999-08-30,176.109,176.109,175.604,175.884,1811,17153
1999-08-31,175.66,175.66,174.931,175.323,2096,16994
1999-09-01,175.043,176.502,174.931,175.548,2547,17737
1999-09-02,175.604,176.389,175.492,175.997,1884,18045
1999-09-03,175.828,176.333,175.492,176.277,1050,18119
1999-09-07,176.053,177.063,176.053,176.894,2256,18430
1999-09-08,176.894,177.063,176.502,176.614,1280,18522
1999-09-09,176.614,177.175,175.884,176.053,2907,18556
1999-09-10,176.053,178.185,175.94,178.129,3366,19356
1999-09-13,178.572,179.403,175.912,176.521,4177,18861
1999-09-14,176.909,178.406,176.133,178.184,2422,18983
1999-09-15,177.685,178.461,177.131,177.297,1118,18963
1999-09-16,177.242,177.574,175.413,175.524,2731,19060
1999-09-17,175.69,177.63,175.524,176.854,2383,19044
1999-09-20,175.801,175.801,174.36,175.413,2866,18929
1999-09-21,175.634,176.577,175.634,175.967,1876,19000
1999-09-22,175.967,176.466,175.247,175.856,1029,19067
1999-09-23,175.247,176.798,174.914,176.022,1624,19180
1999-09-24,176.133,178.018,175.856,177.408,2211,19602
1999-09-27,177.574,178.738,177.242,177.408,2063,19885
1999-09-28,177.685,177.685,176.466,176.909,1991,19616
1999-09-29,176.798,177.907,176.743,177.131,2590,19985
1999-09-30,179.237,180.068,178.683,179.736,3251,20358
1999-10-01,179.736,181.786,179.625,181.454,3356,19378
1999-10-04,182.23,182.507,180.456,181.786,2255,19407
1999-10-05,181.232,181.454,180.235,180.623,1810,19238
1999-10-06,180.345,180.401,179.126,179.182,2300,19056
1999-10-07,179.68,180.955,179.68,180.678,3715,18738
1999-10-08,180.678,181.121,179.791,180.124,2370,18799
1999-10-11,179.902,179.902,179.237,179.348,2877,18733
1999-10-12,178.205,180.055,178.096,179.729,5706,19460
1999-10-13,181.144,181.253,178.314,178.586,5429,19852
1999-10-14,178.858,179.13,177.66,177.987,3906,19582
1999-10-15,177.769,178.205,177.334,177.824,2481,19617
1999-10-18,178.967,180.001,178.422,179.348,4224,20243
1999-10-19,179.511,180.382,179.402,179.838,3850,20882
1999-10-20,179.511,179.62,176.572,176.735,3316,20285
1999-10-21,176.572,177.443,176.082,176.79,3308,20002
1999-10-22,176.354,177.007,175.919,176.572,2305,20255
1999-10-25,176.245,176.354,173.306,173.415,4240,19298
1999-10-26,173.633,174.776,172.653,174.177,3738,18887
1999-10-27,173.306,173.741,172.544,173.143,2222,18529
1999-10-28,173.85,175.483,173.85,175.048,3958,18733
1999-10-29,175.157,176.681,174.993,176.3,2307,16862
1999-11-01,176.028,176.028,174.939,175.32,2553,16986
1999-11-02,175.483,177.007,175.483,176.626,1900,16823
1999-11-03,176.463,176.572,175.592,176.191,2538,16583
1999-11-04,176.681,177.552,175.538,176.517,2742,17114
1999-11-05,176.245,176.681,175.647,175.973,1511,17153
1999-11-08,175.919,176.463,175.538,176.354,1813,17402
1999-11-09,176.245,177.116,176.082,176.517,2441,17498
1999-11-10,176.517,177.116,176.354,176.409,1863,17767
1999-11-11,176.409,177.388,176.354,176.953,3080,17999
1999-11-12,177.809,178.665,176.792,178.504,3561,18529
1999-11-15,179.093,180.911,178.718,179.521,6144,20186
1999-11-16,179.414,181.767,178.986,181.018,4129,21016
1999-11-17,181.232,181.874,180.43,181.018,3542,21478
1999-11-18,181.125,181.874,180.055,181.393,3042,21748
1999-11-19,181.66,181.821,180.43,181.553,1952,20248
1999-11-22,180.162,182.409,179.948,181.446,3349,21439
1999-11-23,181.553,183.051,181.553,182.677,3084,22193
1999-11-24,182.73,183.693,182.409,182.891,3543,23213
1999-11-26,183.158,183.265,182.516,183.105,1771,23287
1999-11-29,183.051,183.372,181.339,181.607,3268,23763
1999-11-30,181.767,182.409,181.179,182.088,2269,24167
1999-12-01,181.981,182.73,180.59,180.697,2803,24047
1999-12-02,180.43,180.911,179.841,180.59,2853,24367
1999-12-03,180.376,181.714,180.269,181.553,2164,24464
1999-12-06,182.088,183.265,180.43,180.751,4134,24598
1999-12-07,180.751,181.767,180.697,181.339,2812,24897
1999-12-08,181.553,182.998,181.553,182.73,2466,25304
1999-12-09,183.372,183.586,181.767,182.142,1519,25443
1999-12-10,181.66,182.409,180.055,180.323,2615,25601
1999-12-13,178.237,180.323,178.237,180.109,4000,25427
1999-12-14,180.269,180.59,179.307,180.109,1970,25225
1999-12-15,180.376,181.018,179.307,180.162,1859,25250
1999-12-16,180.055,180.43,179.2,180.109,1321,25306
1999-12-17,179.948,180.59,179.521,179.681,1433,25250
1999-12-20,178.986,179.948,178.879,179.628,1765,25450
1999-12-21,179.841,181.232,179.734,181.018,3477,25861
1999-12-22,181.339,181.446,180.697,181.072,1092,25975
1999-12-23,180.911,182.516,180.804,182.088,1807,26252
1999-12-27,181.767,181.767,180.697,181.5,1187,26172
1999-12-28,181.232,181.66,181.072,181.553,739,26132
1999-12-29,181.446,181.981,181.018,181.874,944,26267
1999-12-30,181.553,183.105,181.553,182.623,944,26267
2000-01-03,184.442,184.442,182.784,183.746,4297,26566
2000-01-04,183.372,183.907,182.944,183.532,2758,26608
2000-01-05,183.479,183.853,183.051,183.425,4055,27068
2000-01-06,183.265,184.87,183.158,184.816,5078,28113
2000-01-07,185.244,186.368,185.191,185.886,5277,28780
2000-01-10,186.047,186.368,185.619,185.726,2516,29226
2000-01-11,185.619,185.726,184.977,185.405,3723,29346
2000-01-12,184.656,184.87,183.586,183.96,6248,30329
2000-01-13,183.96,184.228,182.302,183.051,4668,29535
2000-01-14,183.586,184.228,183.051,184.121,4668,29535
2000-01-18,184.442,184.977,183.372,183.96,3113,30604
2000-01-19,183.8,183.96,181.339,181.767,4675,30491
2000-01-20,181.66,181.66,180.483,181.179,3829,30090
2000-01-21,180.911,182.035,180.911,181.553,2232,29976
2000-01-24,181.66,182.088,180.697,181.286,2064,30147
2000-01-25,181.874,182.623,181.125,182.356,3518,30122
2000-01-26,182.837,183.479,181.928,183.265,3131,30212
2000-01-27,183.212,183.586,180.911,181.339,2667,28330
2000-01-28,180.804,181.66,179.734,181.393,3500,28360
2000-01-31,181.981,182.73,180.055,182.623,2922,28683
2000-02-01,182.516,183.907,182.516,183.158,3476,29083
2000-02-02,182.409,182.944,180.911,181.393,3566,28973
2000-02-03,181.339,182.463,181.125,182.356,2584,28974
2000-02-04,182.516,182.837,181.232,181.553,1953,29193
2000-02-07,181.874,182.516,180.911,181.5,2762,29211
2000-02-08,181.339,181.66,180.055,180.269,3806,29008
2000-02-09,179.307,180.483,178.451,178.558,5041,28792
2000-02-10,178.451,179.093,177.862,178.183,4619,29228
2000-02-11,178.13,179.628,177.916,178.718,3961,29506
2000-02-14,178.344,178.665,177.595,178.076,2979,29243
2000-02-15,178.451,178.986,177.167,177.327,3407,28803
2000-02-16,177.06,177.809,176.899,177.648,2492,28481
2000-02-17,177.916,179.093,177.702,178.611,2687,28296
2000-02-18,178.879,178.986,177.648,177.809,1281,28149
2000-02-22,176.632,177.06,175.562,176.097,4476,27799
2000-02-23,176.097,177.488,175.776,176.739,2880,27694
2000-02-24,177.22,177.541,175.99,177.434,2148,27806
2000-02-25,177.595,178.986,177.595,178.183,3201,27495
2000-02-28,178.237,179.521,177.916,178.611,2219,27557
2000-02-29,178.879,178.986,177.702,177.755,1957,27638
2000-03-01,177.755,179.414,177.648,179.307,2400,27717
2000-03-02,180.162,180.697,180.055,180.216,3565,27634
2000-03-03,180.376,180.911,180.162,180.537,1836,27702
2000-03-06,180.59,180.804,179.948,180.269,1320,27748
2000-03-07,180.269,180.376,179.521,179.628,2011,27569
2000-03-08,179.841,180.483,179.307,179.36,2335,27544
2000-03-09,179.734,180.269,178.986,179.948,2984,27497
2000-03-10,180.055,180.483,180.055,180.162,1112,27578
2000-03-13,180.483,180.483,178.881,179.255,2042,27560
2000-03-14,179.361,179.735,178.08,178.187,3769,27143
2000-03-15,178.08,179.415,178.027,178.614,2318,26906
2000-03-16,178.721,178.988,177.599,178.027,2017,26596
2000-03-17,177.493,178.027,177.065,177.386,2793,26299
2000-03-20,178.881,179.094,178.133,178.187,1961,26049
2000-03-21,178.454,178.881,178.347,178.667,1042,25885
2000-03-22,179.094,180.056,179.094,179.682,2741,25664
2000-03-23,179.682,180.162,179.628,179.735,1604,25678
2000-03-24,179.628,180.59,178.774,180.109,1981,25558
2000-03-27,180.59,180.803,179.842,180.269,2270,25526
2000-03-28,180.483,180.696,180.162,180.643,2318,25395
2000-03-29,180.696,180.696,178.561,178.881,2462,25170
2000-03-30,179.201,179.308,178.294,178.988,1745,25353
2000-03-31,179.094,179.628,178.988,179.468,808,23484
2000-04-03,179.148,179.308,178.507,179.148,1017,23519
2000-04-04,179.201,179.201,177.065,177.973,2812,23255
2000-04-05,177.706,178.988,177.706,178.667,1925,22855
2000-04-06,179.308,179.628,178.881,179.201,1769,22631
2000-04-07,179.201,180.002,179.148,179.789,1524,22482
2000-04-10,180.376,181.124,180.162,180.696,2201,22535
2000-04-11,181.017,181.177,180.75,181.07,2410,22897
2000-04-12,180.963,181.124,180.216,180.589,1635,22909
2000-04-13,180.857,181.391,180.536,180.803,1624,23112
2000-04-14,180.322,181.07,179.895,180.75,1624,23112
2000-04-17,180.429,180.643,179.788,180.055,1447,23073
2000-04-18,180.216,180.857,179.895,180.483,1488,23060
2000-04-19,180.75,180.963,180.002,180.109,1637,22783
2000-04-20,180.322,180.322,179.468,179.521,1638,22651
2000-04-24,179.521,179.895,179.147,179.254,1118,20481
2000-04-25,179.254,180.002,179.147,179.468,1950,20145
2000-04-26,179.895,180.162,179.147,179.949,1650,20041
2000-04-27,180.109,180.429,179.895,180.162,1500,20038
2000-04-28,180.162,181.551,179.681,181.23,2664,20242
2000-05-01,180.696,181.124,180.162,180.216,2682,20486
2000-05-02,180.429,180.536,179.628,179.895,2691,20551
2000-05-03,179.681,179.681,178.4,178.453,4550,20524
2000-05-04,178.613,178.934,177.545,177.759,3426,20651
2000-05-05,177.972,178.506,177.865,178.026,2589,20482
2000-05-08,178.293,178.88,178.079,178.4,2929,20254
2000-05-09,178.827,178.934,178.079,178.132,1564,19927
2000-05-10,177.972,178.079,175.729,175.889,6198,18799
2000-05-11,176.156,176.797,175.569,176.37,4029,18289
2000-05-12,176.842,177.367,175.373,175.478,2590,17955
2000-05-15,176.527,176.947,176.003,176.212,1762,17983
2000-05-16,176.632,177.052,175.583,175.95,1682,18127
2000-05-17,176.842,177.104,176.212,176.527,1684,18297
2000-05-18,175.635,176.16,175.373,175.95,1825,18459
2000-05-19,176.003,176.212,175.425,175.95,1435,18460
2000-05-22,175.688,176.422,174.743,175.005,1874,18782
2000-05-23,174.953,177.104,174.953,177.052,4083,18922
2000-05-24,177.052,177.682,175.688,176.422,2978,18687
2000-05-25,176.422,177.577,175.898,177.472,2594,18780
2000-05-26,177.472,177.892,176.685,176.737,1163,16640
2000-05-30,177.892,177.997,176.842,177.0,1827,16698
2000-05-31,177.0,178.102,177.0,177.944,1509,16562
2000-06-01,177.787,178.889,177.472,178.784,3328,16923
2000-06-02,178.836,179.256,178.206,178.364,2170,17161
2000-06-05,178.784,180.305,178.784,180.043,2339,17229
2000-06-06,180.096,180.096,179.151,179.413,1482,17157
2000-06-07,179.781,179.886,179.046,179.623,1622,17386
2000-06-08,179.518,180.096,178.679,178.784,1546,17566
2000-06-09,178.836,179.151,178.206,178.994,1214,17677
2000-06-12,180.305,181.775,179.991,181.565,4184,18487
2000-06-13,181.775,181.985,181.145,181.25,2656,18252
2000-06-14,181.565,181.67,180.725,181.093,1723,18738
2000-06-15,180.725,180.988,180.096,180.41,1693,18746
2000-06-16,179.676,180.305,179.571,180.201,1693,18858
2000-06-19,179.676,180.515,179.571,180.358,1259,19017
2000-06-20,180.725,181.775,180.62,181.25,2108,19623
2000-06-21,181.303,181.67,180.83,180.883,1168,19813
2000-06-22,180.62,180.83,180.148,180.568,1388,20056
2000-06-23,180.62,181.355,180.62,180.778,966,20173
2000-06-26,181.04,182.195,181.04,181.722,2054,20322
2000-06-27,181.775,182.09,181.355,181.722,1357,20449
2000-06-28,181.722,182.195,179.991,180.096,2721,20787
2000-06-29,180.096,180.201,179.413,179.623,2358,20810
2000-06-30,180.305,182.509,180.305,181.46,3862,21494
2000-07-03,182.195,182.509,181.932,182.457,1733,21718
2000-07-05,182.509,184.818,182.037,184.766,4032,22571
2000-07-06,184.766,185.028,183.926,184.504,2635,22817
2000-07-07,183.874,183.979,183.139,183.297,1843,22940
2000-07-10,183.979,184.608,183.664,183.664,2240,23141
2000-07-11,183.454,184.504,183.244,184.189,2460,23622
2000-07-12,184.451,185.448,184.084,184.241,2804,23486
2000-07-13,183.874,183.979,183.244,183.454,1512,23358
2000-07-14,183.874,185.028,183.769,184.766,1992,23669
2000-07-17,185.553,185.553,184.294,184.399,1923,23550
2000-07-18,184.241,185.133,183.821,184.713,1787,23639
2000-07-19,185.028,185.028,183.979,184.241,1147,23663
2000-07-20,184.031,185.028,183.716,184.608,1980,23763
2000-07-21,184.504,184.556,183.769,184.189,1706,23836
2000-07-24,183.244,183.664,182.614,183.087,2448,23945
2000-07-25,182.982,182.982,181.827,181.88,2710,23830
2000-07-26,181.46,181.775,180.725,180.83,3325,23626
2000-07-27,181.04,181.565,180.41,180.935,2999,23166
2000-07-28,181.565,182.09,180.463,180.725,2050,22922
2000-07-31,180.725,181.565,180.41,180.725,1769,22776
2000-08-01,180.935,180.935,179.571,179.938,3047,22397
2000-08-02,179.886,180.148,178.731,179.099,3599,21808
2000-08-03,178.836,179.781,178.521,179.571,2787,21777
2000-08-04,179.676,181.46,179.571,181.25,2948,21369
2000-08-07,181.145,181.565,180.725,181.25,1073,21197
2000-08-08,180.935,180.935,179.991,180.201,1275,21148
2000-08-09,179.991,180.935,179.466,180.515,2631,20719
2000-08-10,180.41,181.145,180.305,180.673,2258,21035
2000-08-11,181.25,181.722,181.145,181.303,2314,20869
2000-08-14,181.46,182.193,181.46,181.564,2478,20996
2000-08-15,181.669,181.879,180.936,180.988,3050,21108
2000-08-16,181.145,181.145,180.36,180.464,3077,21554
2000-08-17,180.464,180.936,180.202,180.517,2328,20855
2000-08-18,180.726,181.25,180.202,180.517,1580,21158
2000-08-21,180.098,181.198,180.098,180.569,1813,21236
2000-08-22,180.517,180.517,179.993,180.098,1618,21188
2000-08-23,180.202,180.412,179.679,180.045,1642,21333
2000-08-24,180.412,180.674,179.993,179.993,1231,21220
2000-08-25,179.679,179.888,177.583,177.74,3600,21550
2000-08-28,177.898,177.898,177.059,177.426,3678,21134
2000-08-29,177.269,177.688,176.64,176.693,3538,20875
2000-08-30,176.431,177.898,176.326,177.321,3337,20801
2000-08-31,177.793,177.898,176.85,177.321,2159,20650
2000-09-01,177.531,178.002,177.269,177.531,1500,18932
2000-09-05,177.269,177.583,176.64,176.797,2898,19324
2000-09-06,176.797,177.164,176.536,176.85,2458,19487
2000-09-07,177.059,178.474,177.007,178.369,2949,19480
2000-09-08,178.107,178.84,178.002,178.264,2539,19623
2000-09-11,178.264,178.736,177.898,178.264,1671,19643
2000-09-12,178.837,178.941,177.375,177.845,2535,19465
2000-09-13,177.584,177.793,176.853,177.271,1940,19293
2000-09-14,177.167,178.628,176.853,178.472,2807,19082
2000-09-15,178.524,179.046,178.315,178.889,1713,19317
2000-09-18,179.046,179.463,178.837,179.202,2355,19254
2000-09-19,179.202,179.359,178.941,179.307,1236,19086
2000-09-20,179.15,179.777,178.837,179.202,2435,18929
2000-09-21,178.941,178.941,178.106,178.68,2149,18922
2000-09-22,178.524,179.777,178.263,179.359,1957,18562
2000-09-25,179.463,180.09,179.307,180.038,2618,18208
2000-09-26,179.985,180.716,179.724,180.455,2341,18127
2000-09-27,180.612,181.134,180.246,181.082,3223,18258
2000-09-28,181.238,181.29,180.194,180.56,2604,18716
2000-09-29,180.351,181.029,180.142,180.925,1839,17527
2000-10-02,181.082,181.134,180.194,180.716,1463,17476
2000-10-03,180.821,180.925,180.09,180.246,1869,17550
2000-10-04,180.194,180.194,179.777,179.933,1368,17613
2000-10-05,179.829,181.134,179.777,181.134,2354,17561
2000-10-06,180.925,181.029,180.246,180.507,1474,17544
2000-10-09,180.716,181.447,180.507,181.082,1645,17704
2000-10-10,181.134,181.29,180.299,180.455,2636,17522
2000-10-11,180.403,180.716,180.038,180.507,1429,17428
2000-10-12,179.937,180.559,179.315,180.404,3053,17325
2000-10-13,180.559,180.766,179.834,180.093,1864,16999
2000-10-16,180.352,180.766,180.093,180.3,943,17060
2000-10-17,180.507,181.958,180.404,181.803,3032,17152
2000-10-18,181.803,182.166,181.492,182.062,2398,17008
2000-10-19,182.01,182.01,181.492,181.544,1072,17049
2000-10-20,181.492,182.839,181.181,182.684,2172,17361
2000-10-23,182.736,183.513,182.632,183.41,2859,17868
2000-10-24,183.358,184.291,182.943,183.928,3162,18386
2000-10-25,183.461,183.876,183.202,183.565,2410,18344
2000-10-26,183.358,183.98,183.15,183.928,1583,18580
2000-10-27,183.772,183.876,182.995,183.565,862,17133
2000-10-30,183.358,183.669,182.943,183.617,1223,17201
2000-10-31,183.98,184.083,183.824,184.031,1600,17327
2000-11-01,183.876,183.98,183.461,183.772,1667,16913
2000-11-02,183.461,183.513,182.736,182.891,3948,16931
2000-11-03,182.839,183.358,182.736,183.306,1879,16812
2000-11-06,183.461,183.876,183.047,183.669,1773,16658
2000-11-07,183.824,183.876,182.218,182.321,1609,16511
2000-11-08,182.529,182.58,181.492,182.114,1609,16511
2000-11-09,182.218,182.736,181.958,182.373,1203,16222
2000-11-10,182.269,182.736,182.01,182.736,1546,16086
2000-11-13,182.581,183.148,182.272,183.045,1118,16091
2000-11-14,183.148,184.385,182.839,184.333,2364,16422
2000-11-15,184.23,184.333,183.715,184.127,1325,16240
2000-11-16,183.766,184.797,183.303,184.746,2250,16588
2000-11-17,184.746,185.209,184.179,184.436,1759,15123
2000-11-20,184.591,185.003,183.715,184.9,1539,15327
2000-11-21,184.9,184.9,184.024,184.179,558,15388
2000-11-22,184.076,184.694,183.818,184.488,782,15381
2000-11-24,184.797,185.003,183.56,183.715,720,15531
2000-11-27,183.251,183.973,182.787,183.457,1103,15577
2000-11-28,183.406,184.9,183.354,184.849,1280,15946
2000-11-29,184.849,184.9,183.766,183.87,1283,16022
2000-11-30,183.663,184.436,183.148,183.2,1578,16020
2000-12-01,183.2,183.973,182.736,183.818,1111,16151
2000-12-04,183.663,185.622,183.663,185.416,4016,17004
2000-12-05,185.364,185.982,185.209,185.416,2203,16878
2000-12-06,185.312,186.652,185.209,186.549,1965,17416
2000-12-07,186.755,187.374,186.24,187.271,2130,17956
2000-12-08,187.477,187.683,186.755,187.271,1699,18524
2000-12-11,187.477,187.889,186.652,187.735,1780,18790
2000-12-12,187.992,188.508,187.065,188.25,1356,19006
2000-12-13,188.353,188.456,187.58,188.044,1198,19213
2000-12-14,187.786,187.786,186.858,187.065,1983,19524
2000-12-15,186.652,187.528,186.549,187.374,1456,19535
2000-12-18,187.374,188.25,186.962,187.992,1806,19632
2000-12-19,187.683,187.889,186.652,186.807,1646,19679
2000-12-20,186.755,188.714,186.343,188.25,2483,20120
2000-12-21,188.25,188.404,187.271,187.425,1680,20206
2000-12-22,187.425,190.054,187.425,189.899,2924,20610
2000-12-26,189.796,189.847,188.301,188.611,1782,20691
2000-12-27,188.508,189.074,187.683,188.456,1429,20679
2000-12-28,188.404,188.611,187.889,187.992,1821,20590
2000-12-29,187.889,188.714,187.683,188.611,1274,20915
2001-01-02,189.074,189.744,188.301,189.59,2257,21367
2001-01-03,188.817,189.538,188.611,188.662,2435,21392
2001-01-04,187.786,187.992,187.065,187.219,3964,21477
2001-01-05,187.219,187.735,186.755,186.858,2186,21313
2001-01-08,186.704,186.704,185.519,185.57,4094,21129
2001-01-09,185.57,186.446,185.467,186.189,4105,21083
2001-01-10,185.931,186.755,185.416,186.601,4030,20180
2001-01-11,186.652,187.271,186.034,186.085,4270,20621
2001-01-12,185.727,185.829,184.804,185.009,2575,20278
2001-01-16,185.316,186.034,184.804,185.009,3675,19711
2001-01-17,184.188,184.291,183.265,183.932,3622,19087
2001-01-18,183.47,184.291,182.137,183.727,4294,19278
2001-01-19,183.265,183.573,182.547,182.804,2575,19138
2001-01-22,182.342,183.06,182.24,182.496,1638,19181
2001-01-23,182.445,182.547,179.419,179.932,4827,18615
2001-01-24,180.291,181.727,179.676,180.342,4151,17807
2001-01-25,180.086,181.419,179.471,180.65,2812,17951
2001-01-26,180.342,180.496,179.06,179.727,2951,16812
2001-01-29,180.496,181.112,178.086,178.189,3459,16846
2001-01-30,177.317,177.625,175.112,175.112,5906,17497
2001-01-31,174.138,175.112,173.933,174.292,6753,17153
2001-02-01,174.651,177.368,174.651,177.215,4815,17281
2001-02-02,177.42,178.804,175.01,175.727,4050,17194
2001-02-05,175.984,177.522,175.574,177.112,2386,17213
2001-02-06,177.112,178.24,177.112,177.727,1814,17119
2001-02-07,176.907,177.42,176.086,177.163,1922,17011
2001-02-08,177.625,178.137,176.035,176.138,1617,17248
2001-02-09,175.984,177.163,175.727,176.548,1688,17221
2001-02-12,176.086,176.138,175.112,175.522,2321,17596
2001-02-13,175.266,176.599,175.061,175.727,1996,17675
2001-02-14,175.984,176.804,175.779,176.497,2813,17954
2001-02-15,176.702,177.625,176.497,177.163,1434,18130
2001-02-16,177.163,177.42,176.753,177.215,1329,18254
2001-02-20,177.317,179.317,177.317,179.266,3873,18920
2001-02-21,179.676,180.906,179.009,180.753,4251,19137
2001-02-22,180.599,180.599,179.471,179.983,2346,19164
2001-02-23,180.189,180.189,178.65,178.855,1873,19079
2001-02-26,179.06,179.419,178.445,179.214,1381,19009
2001-02-27,179.266,179.881,178.958,179.727,2080,19104
2001-02-28,179.778,180.086,179.163,179.676,2004,19170
2001-03-01,179.881,180.035,179.368,179.573,2438,19277
2001-03-02,179.676,179.778,178.445,178.958,2267,19289
2001-03-05,179.06,180.291,178.548,178.907,3089,19189
2001-03-06,179.06,179.471,178.445,179.163,2113,19021
2001-03-07,179.163,179.163,178.343,178.702,3149,19071
2001-03-08,178.702,178.702,177.83,178.035,2235,19191
2001-03-09,178.24,178.24,177.625,177.727,1986,19104
2001-03-12,177.676,178.697,177.574,177.932,1309,19235
2001-03-13,178.085,178.902,177.064,177.778,2905,19591
2001-03-14,177.778,177.88,176.145,176.604,3932,19186
2001-03-15,176.349,176.706,175.43,175.532,2237,19210
2001-03-16,175.532,176.042,174.919,175.94,2804,19116
2001-03-19,176.655,177.829,176.298,176.4,3538,18618
2001-03-20,176.655,178.085,176.553,177.574,3009,18829
2001-03-21,177.37,177.778,176.247,176.859,2423,18683
2001-03-22,176.553,178.34,176.553,178.034,2158,18650
2001-03-23,178.391,178.799,176.757,176.859,2752,18946
2001-03-26,176.859,177.676,176.145,176.859,2008,18996
2001-03-27,176.553,178.289,176.553,178.187,1739,18969
2001-03-28,178.085,178.493,177.676,177.727,1648,18783
2001-03-29,178.187,178.799,178.085,178.442,1466,18827
2001-03-30,177.983,179.106,175.94,176.247,3657,17287
2001-04-02,177.115,177.778,177.115,177.523,2004,17387
2001-04-03,177.983,178.697,177.88,178.697,1897,17641
2001-04-04,178.851,179.055,177.983,178.595,1723,17729
2001-04-05,178.902,179.106,178.493,178.544,1265,17745
2001-04-06,179.106,179.157,178.595,178.697,928,17776
2001-04-09,178.902,179.514,178.646,178.851,1633,17851
2001-04-10,179.463,179.463,178.187,178.289,3900,18713
2001-04-11,178.799,179.208,178.595,178.799,2725,18248
2001-04-12,178.748,179.573,178.748,178.954,1240,17667
2001-04-16,178.954,180.346,178.129,180.294,2009,17755
2001-04-17,180.5,181.067,180.397,180.964,1559,17807
2001-04-18,180.861,181.222,179.882,180.397,1920,17936
2001-04-19,180.191,180.5,179.47,179.727,2020,18000
2001-04-20,180.088,181.222,179.882,181.016,2211,18255
2001-04-23,180.913,181.634,180.913,181.273,2142,18129
2001-04-24,181.634,181.634,180.191,180.5,2804,17921
2001-04-25,180.191,180.397,179.263,180.14,2526,18221
2001-04-26,180.397,181.428,180.294,181.17,2797,18564
2001-04-27,181.325,181.686,181.016,181.17,1582,17148
2001-04-30,181.428,181.531,180.603,180.707,975,17183
2001-05-01,180.913,181.325,180.81,181.016,1713,16864
2001-05-02,181.067,181.325,180.603,180.707,1019,16732
2001-05-03,181.016,181.222,180.243,180.346,1866,17000
2001-05-04,180.294,180.397,179.676,180.14,2921,16687
2001-05-07,180.243,181.016,180.243,180.964,1430,16804
2001-05-08,181.222,181.583,180.861,180.861,2110,16644
2001-05-09,180.81,180.913,179.573,179.727,3597,16995
2001-05-10,179.573,179.933,179.47,179.882,1787,17078
2001-05-11,179.985,180.088,179.212,179.418,1615,17026
2001-05-14,179.367,179.826,178.857,178.959,1542,17183
2001-05-15,178.959,179.214,178.652,179.112,1188,17089
2001-05-16,179.061,179.877,178.959,179.622,1388,17099
2001-05-17,182.685,182.685,181.102,182.685,5486,16761
2001-05-18,182.94,183.399,182.072,182.787,3322,17042
2001-05-21,183.655,185.747,183.655,185.696,5299,17607
2001-05-22,186.615,186.615,185.492,185.747,3016,17887
2001-05-23,185.696,186.36,185.084,185.594,3099,18013
2001-05-24,185.594,186.207,185.033,185.952,1863,18329
2001-05-25,185.849,186.207,185.696,186.156,1148,16411
2001-05-29,186.309,187.585,186.003,187.483,2237,16704
2001-05-30,187.381,187.381,186.513,186.921,1285,17000
2001-05-31,187.228,188.044,187.126,187.687,2683,17754
2001-06-01,187.738,187.942,186.819,187.738,1783,18164
2001-06-04,187.636,187.687,186.819,187.177,1389,18484
2001-06-05,187.023,187.177,186.564,187.126,1190,18574
2001-06-06,186.921,187.075,186.462,186.972,1648,18976
2001-06-07,186.717,186.921,186.105,186.36,1610,18737
2001-06-08,186.309,187.432,186.156,187.381,1232,18887
2001-06-11,186.921,187.33,186.309,187.279,1018,19029
2001-06-12,187.279,187.279,186.207,186.513,1116,19128
2001-06-13,186.513,187.126,185.747,186.156,1956,19186
2001-06-14,185.696,186.003,185.186,185.645,1387,19139
2001-06-15,185.594,186.717,185.492,186.36,1605,19387
2001-06-18,186.411,186.666,185.901,186.564,993,19378
2001-06-19,186.411,188.759,186.309,188.095,3640,19380
2001-06-20,188.044,188.351,187.585,188.146,1747,19269
2001-06-21,187.738,188.044,187.534,187.687,1093,19000
2001-06-22,187.636,187.942,187.228,187.84,1059,19070
2001-06-25,187.228,189.371,187.023,188.861,3187,19406
2001-06-26,188.759,188.861,187.84,188.044,2110,19569
2001-06-27,187.738,188.453,187.534,188.146,1583,19372
2001-06-28,188.146,188.963,187.84,188.402,1997,19647
2001-06-29,187.534,187.738,185.594,186.258,3899,19270
2001-07-02,186.207,187.023,186.105,186.462,1598,19242
2001-07-03,186.258,186.462,185.186,185.543,2139,19074
2001-07-05,185.288,185.339,184.369,184.624,2189,18929
2001-07-06,184.369,186.207,184.369,185.696,2161,18517
2001-07-09,185.798,186.411,185.492,186.003,1299,18443
2001-07-10,185.594,185.645,183.859,183.91,2682,18137
2001-07-11,183.297,185.594,182.736,184.624,4113,17801
2001-07-12,184.267,184.573,183.144,183.706,2721,17452
2001-07-13,184.675,185.135,184.267,184.471,2113,17254
2001-07-16,185.186,186.003,185.084,185.186,1598,17223
2001-07-17,183.144,184.063,182.838,183.961,2540,17137
2001-07-18,184.778,184.931,183.859,184.165,1775,17000
2001-07-19,184.216,184.267,183.45,184.012,1195,16947
2001-07-20,183.91,184.42,183.655,184.063,1084,16943
2001-07-23,183.757,185.084,183.655,184.727,1362,16904
2001-07-24,184.369,184.471,183.808,184.114,906,16948
2001-07-25,183.961,183.961,182.94,183.144,2959,16917
2001-07-26,183.042,183.042,181.511,182.225,3634,16687
2001-07-27,182.225,182.685,180.694,180.898,3140,16222
2001-07-30,181.409,182.43,181.0,181.153,2315,15736
2001-07-31,181.919,182.021,181.0,181.153,2315,15736
2001-08-01,181.205,182.174,181.153,182.123,1131,15528
2001-08-02,181.205,182.532,181.205,181.562,1811,15517
2001-08-03,181.868,182.43,181.256,182.276,1297,15517
2001-08-06,182.021,182.276,181.205,181.409,1082,15439
2001-08-07,181.102,181.664,180.796,181.409,1473,15387
2001-08-08,181.511,181.715,180.49,181.205,1348,15432
2001-08-09,181.307,181.307,180.49,180.592,1453,15194
2001-08-10,180.439,181.205,180.082,180.541,2796,15242
2001-08-13,180.49,181.607,180.49,181.303,1426,15066
2001-08-14,181.506,182.065,181.404,181.607,1265,14886
2001-08-15,181.607,182.928,181.607,182.877,2919,14898
2001-08-16,182.826,182.928,182.217,182.522,1559,14716
2001-08-17,182.826,182.826,182.318,182.369,1006,14490
2001-08-20,182.369,182.725,181.912,182.42,1395,14443
2001-08-21,182.268,182.572,181.811,182.268,1203,14569
2001-08-22,182.318,182.522,180.998,181.252,1558,14828
2001-08-23,181.1,181.455,180.795,180.795,1374,14803
2001-08-24,180.592,181.1,180.084,180.338,3152,15239
2001-08-27,180.49,180.744,179.881,180.033,1888,15390
2001-08-28,180.033,180.592,180.033,180.185,2370,15651
2001-08-29,180.439,182.42,180.439,182.268,2826,15443
2001-08-30,182.318,182.623,181.912,182.623,2570,15693
2001-08-31,182.623,184.096,182.623,183.639,3468,13920
2001-09-04,183.639,184.959,183.639,184.959,3502,14569
2001-09-05,184.908,185.772,184.858,185.619,3302,15208
2001-09-06,185.467,185.467,184.502,184.604,2544,14910
2001-09-07,184.553,185.162,184.35,184.959,1435,14717
2001-09-10,185.264,185.67,185.264,185.67,1365,15013
2001-09-13,185.061,185.264,184.756,184.756,2189,15301
2001-09-14,184.858,185.162,183.233,183.436,2436,15667
2001-09-17,184.099,184.303,182.67,183.283,1716,15954
2001-09-18,183.283,184.201,182.466,182.823,2029,15882
2001-09-19,182.976,183.079,179.762,179.762,5088,15698
2001-09-20,179.864,180.017,176.7,178.333,6920,16075
2001-09-21,175.731,178.282,175.272,175.527,4786,16129
2001-09-24,177.16,177.874,176.139,176.241,3693,16224
2001-09-25,176.445,177.568,175.119,175.425,3439,16428
2001-09-26,175.833,176.139,174.2,175.476,3595,15707
2001-09-27,175.221,176.139,174.914,175.425,2723,15808
2001-09-28,175.629,175.986,173.537,173.894,3679,15170
2001-10-01,174.2,175.221,172.72,174.302,3835,15464
2001-10-02,174.914,175.221,173.69,174.251,1987,15472
2001-10-03,173.894,175.119,173.282,174.812,2327,15671
2001-10-04,175.323,177.874,175.323,177.874,5803,15399
2001-10-05,178.078,180.935,177.976,180.323,5016,15238
2001-10-08,180.323,181.14,179.609,180.068,2271,15561
2001-10-09,180.527,181.956,180.476,180.935,3026,15638
2001-10-10,181.038,181.956,180.629,181.599,1599,15527
2001-10-11,181.803,182.568,181.446,181.854,2869,15281
2001-10-12,181.493,181.493,178.757,178.86,2826,15473
2001-10-15,178.292,178.963,175.763,175.763,3935,15789
2001-10-16,176.331,178.86,174.782,178.499,4102,15831
2001-10-17,179.634,179.634,176.64,178.499,2633,15738
2001-10-18,177.776,180.254,176.847,179.067,2371,15911
2001-10-19,179.067,179.531,177.879,179.376,2448,15872
2001-10-22,179.118,180.047,178.344,179.325,2151,15951
2001-10-23,179.221,180.46,179.118,179.583,1811,16020
2001-10-24,179.428,179.428,177.363,178.602,2950,16398
2001-10-25,177.879,179.944,177.157,179.118,2646,16147
2001-10-26,179.118,179.634,178.912,179.273,989,14430
2001-10-29,179.841,181.08,178.912,180.718,2818,14158
2001-10-30,180.151,180.254,178.189,178.654,2678,14513
2001-10-31,178.602,179.015,177.673,178.705,1692,14684
2001-11-01,178.395,179.118,177.879,178.912,2186,14669
2001-11-02,178.705,178.705,177.673,178.034,1425,14642
2001-11-05,177.983,177.983,175.815,176.744,3731,14807
2001-11-06,176.537,176.537,174.834,175.195,3731,15186
2001-11-07,174.989,176.537,174.524,176.486,5549,15974
2001-11-08,176.331,176.537,175.918,176.434,3029,16301
2001-11-09,176.331,176.331,174.472,174.731,4060,17494
2001-11-12,173.195,173.195,171.44,171.44,3813,17666
2001-11-13,172.317,174.73,172.208,174.621,2078,17594
2001-11-14,174.73,176.156,172.921,176.047,3306,17481
2001-11-15,176.815,179.337,176.595,179.337,3532,16692
2001-11-16,179.228,181.312,178.899,180.818,2057,14665
2001-11-19,179.995,184.109,179.886,182.463,4411,15043
2001-11-20,183.176,183.341,181.86,183.122,1722,15158
2001-11-21,182.957,183.725,181.092,183.396,2289,15404
2001-11-23,183.505,185.48,183.067,184.931,1471,15402
2001-11-26,185.041,185.37,183.341,184.822,2221,15103
2001-11-27,184.273,186.138,183.944,185.754,2673,15080
2001-11-28,186.357,187.015,184.602,186.851,3184,14829
2001-11-29,186.577,187.783,186.138,187.07,2996,14531
2001-11-30,186.248,186.467,185.37,185.425,1846,14583
2001-12-03,186.138,186.796,185.151,186.193,2044,14636
2001-12-04,185.919,186.686,185.48,186.248,1500,14687
2001-12-05,186.686,187.454,186.028,186.741,1498,14718
2001-12-06,186.357,186.467,185.206,185.919,1351,14880
2001-12-07,184.712,185.48,183.56,183.615,2192,15147
2001-12-10,182.847,182.847,181.97,182.409,1886,15221
2001-12-11,182.354,183.176,181.421,182.683,1895,15181
2001-12-12,182.957,183.78,181.476,181.805,2353,15034
2001-12-13,180.434,180.763,179.063,179.612,2757,15366
2001-12-14,179.447,180.325,178.57,179.502,2426,15392
2001-12-17,179.666,181.202,179.228,180.544,1951,15481
2001-12-18,180.325,183.834,179.666,183.834,3837,15072
2001-12-19,183.615,184.273,182.738,183.505,1881,15016
2001-12-20,182.847,183.396,181.86,182.244,1988,14992
2001-12-21,182.518,185.535,182.409,185.535,3460,15267
2001-12-24,188.441,188.441,187.015,187.564,2305,15114
2001-12-26,187.893,188.332,186.906,188.112,1646,14908
2001-12-27,188.332,188.441,186.906,187.344,1753,14759
2001-12-28,187.673,188.88,187.454,188.661,2005,14992
2001-12-31,189.538,189.538,188.551,188.716,1490,14915
2002-01-02,188.003,188.003,186.138,186.467,2586,14636
2002-01-03,187.344,188.441,186.357,187.344,2002,14630
2002-01-04,187.235,187.29,186.248,187.07,1459,14531
2002-01-07,187.564,187.783,187.125,187.673,1660,14734
2002-01-08,187.893,187.893,187.399,187.564,2559,15122
2002-01-09,187.619,189.099,187.344,188.606,3704,15771
2002-01-10,188.606,188.661,187.564,187.728,2682,15866
2002-01-11,186.467,186.686,184.822,184.876,5257,15961
2002-01-14,184.383,185.261,184.163,184.547,4043,16004
2002-01-15,184.931,185.919,184.712,185.096,3220,15363
2002-01-16,185.261,185.261,183.34,183.724,2995,15190
2002-01-17,183.614,183.834,182.901,183.395,2382,15194
2002-01-18,183.834,184.273,183.614,184.108,1786,15006
2002-01-22,184.876,184.931,182.517,182.627,2150,15181
2002-01-23,182.407,183.45,182.297,183.066,1892,14839
2002-01-24,183.066,183.724,182.791,183.45,1709,14688
2002-01-25,183.834,184.218,183.505,183.944,1941,14322
2002-01-28,183.724,184.163,182.956,183.724,1392,14299
2002-01-29,184.053,184.383,183.724,183.998,1861,14099
2002-01-30,183.998,185.316,183.505,185.151,2612,14240
2002-01-31,185.316,185.864,184.931,185.096,2026,13147
2002-02-01,183.944,185.48,183.944,184.767,1585,13290
2002-02-04,184.712,186.139,184.602,185.096,1891,13360
2002-02-05,184.931,185.425,184.492,184.712,1977,13598
2002-02-06,185.041,185.261,184.273,184.986,1573,13872
2002-02-07,185.261,185.48,184.383,184.437,1666,13849
2002-02-08,184.053,184.328,183.066,184.053,2966,13901
2002-02-11,184.218,184.273,183.505,183.614,1904,13555
2002-02-12,183.395,183.505,183.066,183.175,1938,13724
2002-02-13,183.066,183.285,181.968,182.023,3795,13847
2002-02-14,182.407,182.627,181.474,181.749,2006,13857
2002-02-15,181.803,181.803,180.596,181.09,2093,14070
2002-02-19,179.554,179.773,178.785,179.224,3984,14567
2002-02-20,179.115,180.651,178.95,180.432,2300,14653
2002-02-21,180.322,180.377,178.456,178.785,3230,15479
2002-02-22,178.73,179.169,178.346,179.115,2400,15772
2002-02-25,179.224,179.554,178.95,179.224,1884,16176
2002-02-26,179.444,179.993,178.237,178.456,4434,15992
2002-02-27,178.785,180.212,178.676,179.608,3281,15812
2002-02-28,179.993,180.102,178.566,178.84,1675,15718
2002-03-01,179.773,179.993,178.456,178.73,2706,16177
2002-03-04,179.005,179.115,178.456,178.566,2312,16362
2002-03-05,178.676,179.005,178.346,178.621,3024,16584
2002-03-06,179.444,180.212,179.444,179.938,3041,16037
2002-03-07,180.102,180.541,179.993,180.102,2365,16047
2002-03-08,180.322,181.639,180.212,181.09,3263,16126
2002-03-11,181.364,181.749,180.761,180.816,2069,15995
2002-03-12,180.542,180.651,179.445,179.829,2712,15454
2002-03-13,180.377,180.542,176.541,176.705,5776,15894
2002-03-14,177.692,178.02,176.047,176.76,5167,16139
2002-03-15,176.705,177.582,175.938,176.321,3738,15738
2002-03-18,176.815,177.143,173.088,174.348,4100,16145
2002-03-19,175.061,175.39,173.471,173.636,3179,16359
2002-03-20,173.197,174.403,173.197,173.526,3104,16382
2002-03-21,173.965,174.293,172.32,172.539,2436,16655
2002-03-22,172.649,173.033,171.443,171.717,2351,16716
2002-03-25,171.717,172.594,171.224,172.156,2014,16633
2002-03-26,172.211,174.293,172.101,172.923,3345,16604
2002-03-27,173.855,174.239,171.991,172.101,2778,16444
2002-03-28,172.211,173.197,170.786,172.649,2807,15302
2002-04-01,173.636,175.609,173.636,175.225,2798,15131
2002-04-02,175.609,175.609,173.197,173.362,2728,15433
2002-04-03,174.293,174.622,172.32,173.197,3549,16065
2002-04-04,173.745,173.855,169.909,169.909,3246,15942
2002-04-05,169.47,169.909,166.62,167.278,5646,16638
2002-04-08,167.607,168.922,164.099,164.373,5200,15818
2002-04-09,164.373,165.634,164.099,165.579,4983,15486
2002-04-10,166.072,166.127,162.29,162.29,3681,15078
2002-04-11,161.578,161.632,159.002,161.139,5149,15138
2002-04-12,162.915,164.136,161.805,162.138,4460,15056
2002-04-15,162.915,164.247,161.472,163.747,3365,15272
2002-04-16,164.025,166.688,163.969,166.189,3345,15091
2002-04-17,166.355,168.464,166.355,167.631,3343,14811
2002-04-18,167.909,168.408,165.079,166.522,4240,15428
2002-04-19,165.134,165.134,163.192,163.192,2606,15106
2002-04-22,163.803,164.247,161.139,162.36,3891,15208
2002-04-23,162.249,163.525,160.917,161.028,3256,15070
2002-04-24,161.916,162.138,157.865,158.087,4277,15027
2002-04-25,158.143,161.417,155.035,161.361,6658,15348
2002-04-26,163.359,164.69,163.359,164.69,3597,14392
2002-04-29,166.022,167.853,164.801,165.19,4200,14455
2002-04-30,165.134,168.519,164.358,168.464,3748,14081
2002-05-01,170.128,170.461,167.021,168.02,2678,14219
2002-05-02,168.464,168.686,165.412,166.688,2430,14099
2002-05-03,166.799,167.798,166.466,167.576,2009,13936
2002-05-06,169.795,170.905,169.795,170.905,2494,13620
2002-05-07,171.571,172.237,170.239,171.238,3028,13404
2002-05-08,173.347,173.347,170.017,170.128,2459,12921
2002-05-09,170.073,170.073,168.131,168.575,2722,12708
2002-05-10,168.519,169.352,167.964,169.241,1470,12684
2002-05-13,170.166,170.166,167.989,168.097,1389,12690
2002-05-14,168.859,168.859,166.791,167.499,1904,12841
2002-05-15,167.88,168.261,167.553,167.825,1048,13024
2002-05-16,167.88,168.261,166.464,166.573,1732,13074
2002-05-17,166.573,166.954,165.648,166.41,2012,13052
2002-05-20,166.573,166.628,163.307,163.634,2881,13068
2002-05-21,162.654,163.96,161.347,161.511,2881,13068
2002-05-22,162.001,163.416,161.674,162.872,1969,13237
2002-05-23,163.198,165.92,163.144,165.702,1941,13185
2002-05-24,166.247,167.226,165.376,166.464,1520,11313
2002-05-28,166.573,168.043,165.811,166.791,1578,11267
2002-05-29,166.355,167.009,165.049,165.158,1285,11152
2002-05-30,164.287,164.505,161.892,161.892,2377,11229
2002-05-31,161.565,162.872,160.694,162.164,2263,11540
2002-06-03,162.872,165.43,162.872,165.43,1305,11546
2002-06-04,167.444,167.662,164.559,165.43,2387,11484
2002-06-05,165.376,165.484,162.164,163.525,1941,11487
2002-06-06,163.851,165.049,162.654,164.287,1352,11384
2002-06-07,164.178,164.722,162.872,163.198,950,11326
2002-06-10,163.525,164.886,163.198,164.341,1087,11349
2002-06-11,165.376,167.607,165.049,167.607,1915,11091
2002-06-12,167.553,168.424,166.029,167.009,2187,10868
2002-06-13,166.9,168.097,166.573,166.9,1137,10830
2002-06-14,167.226,167.989,165.811,166.247,1610,10742
2002-06-17,167.009,169.077,166.464,168.533,1996,10719
2002-06-18,169.404,170.71,168.968,170.547,2429,10691
2002-06-19,170.547,170.601,169.295,169.948,1245,10622
2002-06-20,169.839,169.839,168.533,168.968,1435,10672
2002-06-21,169.077,169.186,167.989,168.642,1198,10656
2002-06-24,167.009,167.226,165.376,165.92,2388,10597
2002-06-25,166.138,167.88,166.138,167.118,1775,10537
2002-06-26,166.682,166.682,165.593,165.811,1341,10673
2002-06-27,165.92,166.791,164.613,164.94,2030,10860
2002-06-28,166.029,166.029,164.178,164.396,1998,10883
2002-07-01,164.178,166.464,164.178,166.083,2620,10956
2002-07-02,166.791,167.825,166.192,167.607,2398,11375
2002-07-03,167.771,167.989,166.41,167.063,1687,11234
2002-07-05,167.063,167.88,166.682,167.553,711,11177
2002-07-08,168.533,168.696,166.791,167.226,1703,11249
2002-07-09,166.682,166.682,165.158,166.138,2084,11137
2002-07-10,166.138,166.682,165.702,166.41,1727,11250
2002-07-11,166.41,169.676,166.301,169.676,3596,11695
2002-07-12,170.71,171.908,170.384,170.601,3789,11874
2002-07-15,169.839,170.329,168.751,169.894,2351,12102
2002-07-16,169.077,169.186,167.934,168.587,1713,11940
2002-07-17,169.295,170.928,169.186,170.057,1618,12034
2002-07-18,170.384,170.384,168.751,170.111,1201,11989
2002-07-19,169.839,170.057,168.642,169.513,1248,12033
2002-07-22,168.533,169.404,166.9,167.063,2727,12297
2002-07-23,167.335,167.88,166.682,167.172,1500,12260
2002-07-24,167.118,167.226,164.178,164.287,3466,12504
2002-07-25,165.049,167.553,164.831,167.335,3456,12169
2002-07-26,167.226,167.88,166.247,167.499,2034,12231
2002-07-29,169.077,170.71,169.077,169.186,2800,11715
2002-07-30,168.859,169.077,167.88,168.859,1579,11614
2002-07-31,168.315,168.533,167.39,167.607,2377,12059
2002-08-01,167.009,167.118,164.341,166.628,4088,12207
2002-08-02,166.573,167.009,165.593,166.628,1952,12186
2002-08-05,168.424,168.751,167.118,167.771,2233,12160
2002-08-06,167.662,169.404,167.553,169.023,2430,12119
2002-08-07,169.295,170.057,168.587,169.676,2938,11784
2002-08-08,169.404,169.567,168.152,169.567,1993,11599
2002-08-09,169.077,171.799,168.751,171.364,3288,11501
2002-08-12,168.089,169.181,168.089,168.526,2701,11342
2002-08-13,169.181,169.617,168.744,168.853,2518,11604
2002-08-14,169.29,169.399,167.871,168.253,1993,11513
2002-08-15,168.253,169.453,168.089,169.235,1980,11546
2002-08-16,169.945,170.599,169.835,170.436,1953,11546
2002-08-19,171.145,171.691,170.872,171.473,1578,11585
2002-08-20,171.8,171.8,171.036,171.145,1754,11693
2002-08-21,170.709,171.364,170.599,171.036,1465,11863
2002-08-22,171.527,174.256,171.418,173.983,2945,12317
2002-08-23,174.201,174.42,171.8,172.728,3309,12439
2002-08-26,172.455,172.892,171.691,172.346,1619,12392
2002-08-27,172.673,172.728,172.237,172.455,1214,12315
2002-08-28,172.673,173.437,172.237,173.383,1785,12730
2002-08-29,173.437,173.983,172.892,173.656,2087,13171
2002-08-30,172.892,174.311,172.728,174.038,1554,11129
2002-09-03,173.11,173.328,172.564,172.892,1471,11621
2002-09-04,173.001,173.11,172.4,172.782,1323,11695
2002-09-05,173.328,173.765,172.346,173.492,2531,11403
2002-09-06,173.001,173.656,172.673,173.437,1468,11667
2002-09-09,172.619,172.782,172.128,172.455,1905,11643
2002-09-10,172.237,173.546,172.237,172.564,1787,11417
2002-09-11,173.001,173.001,172.619,172.673,1462,11390
2002-09-12,173.331,175.743,173.221,175.085,3476,11990
2002-09-13,175.633,178.374,175.524,177.497,3851,12870
2002-09-16,177.936,178.594,177.059,177.552,2405,12969
2002-09-17,177.716,179.142,176.949,178.155,2473,13239
2002-09-18,178.484,178.484,177.388,177.826,1484,13198
2002-09-19,177.826,179.032,177.716,178.703,1946,13262
2002-09-20,179.087,179.197,178.155,178.758,1366,13312
2002-09-23,178.155,178.703,177.388,177.442,1856,13218
2002-09-24,176.949,177.936,176.62,177.333,2639,13312
2002-09-25,177.826,179.361,177.333,178.319,1855,13383
2002-09-26,178.374,178.374,176.072,176.62,2451,12716
2002-09-27,176.62,177.059,176.182,176.894,1453,12335
2002-09-30,177.059,178.484,176.894,177.497,1718,12030
2002-10-01,177.607,177.607,175.743,175.853,2004,11845
2002-10-02,175.743,175.853,174.208,174.318,2268,11712
2002-10-03,173.989,176.401,173.879,176.127,2252,11796
2002-10-04,175.962,176.62,175.195,175.195,1921,11864
2002-10-07,175.195,175.195,174.208,174.263,1482,11846
2002-10-08,174.208,175.962,174.208,175.853,2625,11798
2002-10-09,175.853,176.182,174.976,174.976,1665,11952
2002-10-10,174.976,175.907,174.976,175.469,2006,12166
2002-10-11,175.414,177.607,175.414,176.51,2618,12518
2002-10-14,176.565,178.748,176.347,177.82,1821,12484
2002-10-15,178.311,178.857,177.875,178.584,3199,12946
2002-10-16,178.42,180.057,177.656,178.202,3201,13676
2002-10-17,178.311,178.638,177.547,177.602,1528,13671
2002-10-18,176.892,177.438,176.238,176.565,2023,13517
2002-10-21,178.966,179.839,178.966,179.293,2130,13570
2002-10-22,179.402,180.712,178.311,179.948,2349,13907
2002-10-23,180.166,180.166,178.857,179.511,1246,14114
2002-10-24,179.184,179.73,178.638,178.748,1626,14009
2002-10-25,178.748,179.839,178.202,179.348,1247,14121
2002-10-28,179.948,179.948,178.857,179.348,1200,14031
2002-10-29,179.511,179.566,177.493,177.602,1963,14004
2002-10-30,177.875,179.075,177.22,178.529,1383,14043
2002-10-31,178.529,179.621,178.093,179.075,1159,12947
2002-11-01,179.075,180.603,179.075,180.221,1210,13058
2002-11-04,180.057,180.275,179.675,180.057,1233,13224
2002-11-05,179.948,180.548,179.402,179.566,2106,13561
2002-11-06,179.839,180.821,179.839,180.494,2763,13800
2002-11-07,180.876,182.021,180.494,181.967,1874,13971
2002-11-08,182.185,182.949,181.367,182.894,2863,13903
2002-11-11,182.567,182.676,181.421,181.912,1779,13715
2002-11-12,181.858,182.294,180.985,181.149,2355,14131
2002-11-13,181.149,181.858,180.658,181.203,2095,14465
2002-11-14,181.53,181.858,181.149,181.203,1204,14619
2002-11-15,181.312,181.803,180.33,180.603,2074,14771
2002-11-18,182.839,182.839,181.858,182.349,3063,14991
2002-11-19,182.403,182.403,181.858,181.912,1376,15132
2002-11-20,181.967,183.221,181.639,182.785,2031,14988
2002-11-21,182.621,182.839,182.13,182.458,1050,15114
2002-11-22,182.294,183.167,182.13,183.112,858,13270
2002-11-25,183.003,184.476,182.894,184.312,1347,13593
2002-11-26,185.13,185.349,184.258,184.912,1722,13939
2002-11-27,185.349,185.785,184.749,185.621,1308,14004
2002-11-29,185.894,185.949,183.603,184.64,1583,13691
2002-12-02,184.64,185.458,184.04,184.967,1535,13648
2002-12-03,184.912,185.403,184.585,185.294,1241,13776
2002-12-04,185.24,186.658,185.13,186.44,1647,13916
2002-12-05,186.221,186.767,185.785,186.221,1311,14029
2002-12-06,186.44,186.44,183.058,183.167,2499,14024
2002-12-09,182.73,183.058,182.021,182.13,2862,13545
2002-12-10,182.076,184.367,182.076,183.003,3025,13379
2002-12-11,183.276,183.276,181.749,182.349,2305,13086
2002-12-12,182.512,183.385,180.985,181.421,2648,13220
2002-12-13,181.312,182.239,181.312,181.53,1584,13204
2002-12-16,181.858,182.676,180.658,182.349,1989,13135
2002-12-17,182.185,183.167,181.858,181.967,1754,13054
2002-12-18,182.185,182.185,180.33,181.094,1978,13078
2002-12-19,181.094,182.076,180.712,181.749,2269,13022
2002-12-20,181.858,183.058,181.858,182.239,2069,12850
2002-12-23,182.076,182.294,181.203,181.912,804,12904
2002-12-26,181.749,182.076,181.367,181.912,443,12917
2002-12-27,182.185,184.04,180.658,181.912,2100,13081
2002-12-30,181.858,182.076,181.039,181.694,1012,13006
2002-12-31,181.094,183.276,180.658,182.839,1179,12850
2003-01-02,182.512,184.585,182.294,184.258,1555,12976
2003-01-03,184.585,185.676,184.476,185.021,2449,13358
2003-01-06,184.803,185.021,183.385,183.603,2333,13744
2003-01-07,183.385,183.603,182.403,182.567,1882,13609
2003-01-08,183.603,183.93,181.094,181.312,4054,13614
2003-01-09,181.312,181.639,180.821,181.312,1968,13506
2003-01-10,181.367,181.858,180.221,180.385,2845,13680
2003-01-13,179.88,180.329,179.206,180.216,2395,13514
2003-01-14,180.89,180.89,178.757,179.038,2300,13522
2003-01-15,178.645,179.318,175.669,175.669,4214,13903
2003-01-16,176.511,176.511,174.827,176.062,3575,13505
2003-01-17,175.837,177.073,175.725,175.781,1628,13432
2003-01-21,176.399,176.96,175.95,176.287,2000,13545
2003-01-22,175.388,177.859,175.164,177.746,3032,13308
2003-01-23,177.409,177.746,176.736,177.297,2617,13094
2003-01-24,176.848,177.746,175.613,176.455,2168,13061
2003-01-27,176.511,176.623,175.164,175.725,1400,13199
2003-01-28,175.388,176.062,174.939,175.388,1412,13226
2003-01-29,174.939,178.757,174.939,178.757,2565,13392
2003-01-30,178.869,180.216,178.645,178.813,2955,12993
2003-01-31,178.757,180.104,178.757,179.094,1616,12185
2003-02-03,177.971,178.981,177.859,178.42,1831,12370
2003-02-04,178.42,178.42,175.388,175.725,2833,12727
2003-02-05,175.837,177.185,173.479,174.041,2992,13085
2003-02-06,172.693,173.704,171.346,171.851,4322,13567
2003-02-07,171.795,173.592,170.111,170.392,4138,13952
2003-02-10,170.785,172.637,170.504,172.469,2594,13959
2003-02-11,172.357,173.255,171.458,172.188,2215,13901
2003-02-12,171.571,171.571,168.82,168.82,3255,14180
2003-02-13,167.865,169.156,166.069,167.977,4548,14727
2003-02-14,168.763,170.448,168.427,170.279,3835,14789
2003-02-18,169.886,171.795,169.886,171.178,2167,14855
2003-02-19,171.009,172.02,170.335,171.739,1705,15166
2003-02-20,172.693,173.143,172.244,172.806,1560,15141
2003-02-21,172.806,173.592,171.683,173.423,2623,15045
2003-02-24,173.704,174.265,173.648,173.929,2203,14851
2003-02-25,173.592,173.592,170.897,172.581,2467,14946
2003-02-26,172.918,173.255,172.076,173.086,1504,14864
2003-02-27,172.918,173.255,170.111,170.279,2920,15138
2003-02-28,170.111,171.121,168.763,171.009,2895,15380
2003-03-03,170.897,171.795,169.999,170.953,1878,15258
2003-03-04,170.448,171.234,168.988,171.121,2280,15187
2003-03-05,171.29,171.683,169.774,170.055,2280,15187
2003-03-06,169.886,170.111,168.314,169.83,2049,15242
2003-03-07,169.999,170.672,169.774,170.392,1531,15289
2003-03-10,170.223,170.616,169.325,169.493,2144,15291
2003-03-11,169.156,169.213,166.742,166.798,3136,15198
2003-03-12,167.192,167.922,166.742,167.304,2680,14700
2003-03-13,168.428,170.338,168.034,169.72,2861,14364
2003-03-14,170.563,171.461,170.563,170.675,2486,14038
2003-03-17,169.888,170.563,167.304,170.057,2903,14347
2003-03-18,169.776,171.799,169.776,171.686,1962,14448
2003-03-19,172.248,174.495,172.248,173.428,3367,14313
2003-03-20,173.484,174.495,172.36,172.585,2314,13862
2003-03-21,171.799,174.158,171.686,173.652,2256,13963
2003-03-24,174.608,174.608,173.709,174.046,2256,13963
2003-03-25,174.046,175.506,173.933,175.169,2369,13731
2003-03-26,175.394,175.844,174.046,174.72,2174,13690
2003-03-27,174.72,174.945,174.046,174.102,1727,13360
2003-03-28,174.158,175.563,173.596,174.664,1694,12559
2003-03-31,174.046,175.731,173.709,175.619,1552,12623
2003-04-01,175.731,176.63,174.72,175.787,2131,12334
2003-04-02,176.405,177.192,176.293,176.967,2718,11908
2003-04-03,177.136,177.248,175.844,176.855,3085,11968
2003-04-04,176.63,177.754,176.518,177.023,3058,12069
2003-04-07,177.529,177.641,176.855,177.36,1978,12174
2003-04-08,177.417,177.417,176.574,176.855,1705,12280
2003-04-09,177.079,177.192,176.461,176.574,1966,12464
2003-04-10,176.742,176.855,176.293,176.518,1998,12830
2003-04-11,176.63,177.417,176.63,177.36,1712,12803
2003-04-14,177.586,177.642,176.797,177.417,1259,12890
2003-04-15,177.811,178.262,177.135,178.093,2934,13334
2003-04-16,178.036,178.036,176.572,177.022,2752,13714
2003-04-17,177.473,177.473,176.346,176.741,2065,13750
2003-04-21,177.304,177.811,176.741,177.642,1545,12790
2003-04-22,177.642,178.036,176.684,177.924,1377,13021
2003-04-23,177.811,177.924,177.36,177.698,1461,12979
2003-04-24,177.304,177.586,176.797,177.473,2935,12914
2003-04-25,177.811,178.375,177.586,178.318,2730,12977
2003-04-28,177.924,178.713,177.698,178.093,1714,13389
2003-04-29,178.149,179.727,177.642,179.614,3697,13975
2003-04-30,179.389,179.896,179.163,179.783,2656,14264
2003-05-01,179.614,180.234,178.487,180.121,3102,14884
2003-05-02,179.839,180.403,179.389,180.29,3239,15426
2003-05-05,180.853,180.853,179.614,180.628,2640,15818
2003-05-06,180.459,181.079,180.403,181.023,2134,16328
2003-05-07,180.91,180.91,179.727,180.234,2317,16463
2003-05-08,180.29,180.29,179.727,179.896,1635,16451
2003-05-09,179.896,180.853,179.783,180.684,2913,16882
2003-05-12,181.376,181.907,180.206,180.259,2415,16760
2003-05-13,180.419,181.588,180.419,180.578,1960,17151
2003-05-14,180.578,180.897,178.824,179.356,2279,16972
2003-05-15,179.568,179.674,178.186,178.452,2206,16757
2003-05-16,179.356,180.312,178.824,180.047,3183,16355
2003-05-19,178.771,179.993,178.771,179.621,1813,16383
2003-05-20,179.037,179.993,176.432,176.432,4442,16308
2003-05-21,173.668,179.143,173.668,178.399,5692,14964
2003-05-22,178.505,178.824,177.601,178.133,2713,14564
2003-05-23,178.399,179.568,178.186,178.292,1387,12902
2003-05-27,179.143,181.163,178.93,181.003,1930,12958
2003-05-28,181.801,183.236,181.641,182.067,3046,13516
2003-05-29,182.758,182.758,181.269,181.694,1627,13774
2003-05-30,181.694,182.332,181.269,181.376,1352,14060
2003-06-02,181.269,184.565,181.269,184.299,2593,14690
2003-06-03,183.927,184.459,181.535,182.492,2224,14742
2003-06-04,182.651,184.352,182.651,183.077,1740,15045
2003-06-05,182.013,182.439,180.95,181.163,1582,15128
2003-06-06,180.738,181.588,180.153,180.366,1326,15181
2003-06-09,179.302,181.057,179.302,179.94,1319,15215
2003-06-10,180.206,181.376,179.993,181.163,1148,15288
2003-06-11,181.376,182.013,178.611,178.718,2072,15297
2003-06-12,178.611,179.037,177.867,178.133,2552,15089
2003-06-13,177.973,179.993,177.92,178.452,1460,15040
2003-06-16,178.186,179.462,177.867,178.292,1511,15251
2003-06-17,178.505,180.206,178.505,179.196,1651,15449
2003-06-18,179.356,180.1,179.09,179.143,984,15575
2003-06-19,179.037,179.356,178.08,178.824,1353,15552
2003-06-20,178.824,180.419,178.824,180.153,1402,15642
2003-06-23,181.376,181.801,180.525,181.588,1880,15929
2003-06-24,181.376,182.013,181.057,181.11,1201,16066
2003-06-25,181.11,183.13,181.057,182.704,2013,16139
2003-06-26,182.651,183.608,182.386,182.917,1806,16501
2003-06-27,182.864,183.927,182.864,183.555,1654,16794
2003-06-30,183.821,184.512,183.13,184.352,2305,17130
2003-07-01,184.246,184.778,182.545,183.608,2657,17548
2003-07-02,183.608,184.565,183.608,184.352,2267,18159
2003-07-03,184.459,184.459,183.077,183.449,1561,18467
2003-07-07,183.821,186.638,183.821,186.638,3724,19245
2003-07-08,187.755,187.755,185.788,186.798,3016,19488
2003-07-09,186.904,186.904,184.14,185.043,3564,19873
2003-07-10,185.416,186.053,184.246,185.681,2403,20207
2003-07-11,185.947,186.638,183.927,184.884,2497,20489
2003-07-14,185.203,185.203,183.927,184.406,2064,20662
2003-07-15,184.193,186.053,183.555,185.894,3127,21022
2003-07-16,186.372,189.083,186.372,189.083,3992,21381
2003-07-17,190.891,190.891,189.03,189.828,3249,21797
2003-07-18,189.668,190.519,189.083,190.466,1905,22159
2003-07-21,190.625,191.263,189.775,189.934,2166,22051
2003-07-22,190.306,191.741,189.243,190.572,3000,22420
2003-07-23,192.007,193.602,192.007,193.123,4121,23373
2003-07-24,193.177,193.815,191.582,191.741,3089,23812
2003-07-25,191.688,192.539,191.05,191.795,3311,24079
2003-07-28,191.582,194.08,191.476,192.858,3502,24006
2003-07-29,192.113,192.858,191.369,192.113,3143,23856
2003-07-30,192.964,193.336,191.582,191.954,3713,23847
2003-07-31,192.22,192.22,190.838,192.113,2558,23997
2003-08-01,192.539,193.177,192.22,193.07,2012,24540
2003-08-04,193.177,194.027,192.858,193.336,2134,24785
2003-08-05,193.496,195.143,192.645,193.123,4118,24246
2003-08-06,193.496,194.665,192.539,194.506,3740,24339
2003-08-07,194.559,194.665,193.549,194.24,3314,24017
2003-08-08,194.24,194.559,193.655,194.506,3258,23805
2003-08-11,192.432,194.027,192.432,193.655,3970,23732
2003-08-12,192.2,194.194,191.823,194.032,3453,24036
2003-08-13,193.871,194.194,193.332,194.032,3764,24303
2003-08-14,193.763,194.84,193.547,194.733,2902,24183
2003-08-15,194.625,196.565,193.978,196.349,3146,24161
2003-08-18,195.164,197.265,194.84,197.157,3146,24161
2003-08-19,197.535,199.043,197.535,197.966,3871,24289
2003-08-20,199.69,201.199,199.367,201.199,4320,24322
2003-08-21,200.983,202.169,200.013,201.899,4903,24606
2003-08-22,201.953,202.815,201.63,202.707,4260,23997
2003-08-25,202.815,203.246,201.845,202.33,2880,23931
2003-08-26,201.199,203.138,200.768,203.138,3813,24488
2003-08-27,203.57,206.371,203.57,206.371,4313,24239
2003-08-28,206.479,207.018,204.647,206.264,3472,23873
2003-08-29,206.156,207.557,205.617,207.395,2372,22280
2003-09-02,207.449,208.096,207.234,207.826,3086,22108
2003-09-03,207.449,210.143,207.449,210.035,3794,22185
2003-09-04,210.467,210.467,208.203,209.443,3286,21870
2003-09-05,209.173,209.497,208.096,209.389,2667,21935
2003-09-08,210.251,212.191,209.928,212.029,2667,21935
2003-09-09,213.053,214.454,212.514,212.945,4904,21438
2003-09-10,213.915,213.915,211.652,213.376,4355,21596
2003-09-11,213.376,216.394,213.268,216.34,3626,21674
2003-09-12,216.838,217.391,213.187,213.74,4346,21490
2003-09-15,214.182,215.399,212.302,214.846,3088,21599
2003-09-16,215.842,217.501,213.297,213.574,3605,21465
2003-09-17,214.846,216.893,213.961,215.787,2808,21695
2003-09-18,215.455,215.731,214.293,215.067,2309,21679
2003-09-19,214.625,215.067,213.629,214.072,2847,21654
2003-09-22,213.74,216.284,213.629,216.174,3081,21660
2003-09-23,216.838,219.493,216.506,219.493,3932,21670
2003-09-24,220.157,221.539,218.718,219.991,3932,21670
2003-09-25,218.386,219.935,217.723,219.216,2714,21312
2003-09-26,218.165,218.276,216.838,217.501,3185,20295
2003-09-29,216.616,219.935,215.51,219.769,3276,20707
2003-09-30,219.493,220.267,219.271,219.88,3276,20707
2003-10-01,220.157,222.369,219.382,222.203,4431,20692
2003-10-02,222.037,225.356,222.037,224.748,4849,20344
2003-10-03,224.029,225.799,223.697,225.577,4689,21230
2003-10-06,225.688,227.901,225.577,227.514,4280,21077
2003-10-07,227.237,230.832,226.463,230.777,5182,20046
2003-10-08,232.326,234.096,231.883,234.096,2969,19757
2003-10-09,236.751,237.415,232.326,234.151,6454,20232
2003-10-10,234.871,237.47,232.547,237.138,6026,20618
2003-10-13,240.271,240.556,239.816,240.556,2362,20474
2003-10-14,243.974,243.974,237.138,237.138,5454,20076
2003-10-15,235.999,236.398,233.721,234.347,5984,20433
2003-10-16,233.778,234.347,230.929,230.929,2906,19985
2003-10-17,228.081,231.613,227.853,230.417,4282,20011
2003-10-20,230.474,232.183,226.999,226.999,3372,20157
2003-10-21,226.258,226.258,223.581,223.809,3413,19876
2003-10-22,222.841,224.436,220.391,220.391,4694,19893
2003-10-23,219.651,223.809,218.056,221.189,4657,20019
2003-10-24,222.613,224.607,222.385,224.607,3277,19800
2003-10-27,228.024,228.024,228.024,228.024,2670,20032
2003-10-28,229.562,229.676,224.607,224.607,3337,19955
2003-10-29,222.841,228.024,221.417,228.024,4825,20147
2003-10-30,230.702,231.271,224.891,227.398,4648,19841
2003-10-31,227.398,230.816,226.372,230.759,3988,17676
2003-11-03,230.816,233.094,230.474,232.866,2748,17550
2003-11-04,231.727,233.094,231.499,232.297,3381,18167
2003-11-05,232.752,235.373,232.183,235.202,3198,18571
2003-11-06,236.512,238.62,236.512,237.879,3657,18723
2003-11-07,238.107,238.107,236.056,236.797,2592,18710
2003-11-10,236.854,238.563,236.74,237.537,3028,18757
2003-11-11,237.195,237.195,234.233,234.347,2484,18712
2003-11-12,234.771,234.771,230.717,230.717,2401,19040
2003-11-13,230.414,233.44,228.962,231.322,2562,18841
2003-11-14,231.866,231.866,227.691,228.417,2365,18609
2003-11-17,228.417,230.172,226.542,229.023,2195,18609
2003-11-18,230.656,232.653,230.656,232.653,1946,18445
2003-11-19,235.073,235.073,229.023,229.265,2456,18369
2003-11-20,228.841,232.532,227.994,231.14,2126,18304
2003-11-21,231.866,233.319,230.414,231.745,1875,16113
2003-11-24,233.198,234.952,232.956,234.589,1237,16450
2003-11-25,234.529,238.22,233.319,236.586,2520,16942
2003-11-26,237.312,239.127,236.949,238.946,1874,17213
2003-11-28,239.611,240.822,238.401,240.519,1426,17491
2003-12-01,241.306,244.15,240.943,243.726,2804,17790
2003-12-02,244.936,247.235,243.968,246.509,3545,18246
2003-12-03,246.267,247.962,242.879,242.879,3756,18222
2003-12-04,240.822,241.306,239.248,239.248,2917,18353
2003-12-05,235.86,239.006,235.86,237.917,3403,18204
2003-12-08,239.369,239.369,236.949,237.07,1995,18296
2003-12-09,237.191,237.433,233.44,233.44,2520,18120
2003-12-10,232.108,232.108,229.809,229.809,3101,17947
2003-12-11,230.414,232.714,229.93,230.354,4753,17509
2003-12-12,231.019,232.472,228.72,228.841,2208,17176
2003-12-15,228.599,231.745,227.51,231.745,2292,16925
2003-12-16,232.714,233.803,228.599,229.204,2433,16743
2003-12-17,228.72,230.898,228.478,229.567,1885,16570
2003-12-18,228.962,228.962,225.997,226.058,2163,16467
2003-12-19,225.09,228.357,225.09,228.054,2368,16835
2003-12-22,229.204,230.898,228.236,230.354,2468,16431
2003-12-23,229.083,231.019,229.083,230.475,1484,16374
2003-12-24,226.844,226.844,226.844,226.844,184,16328
2003-12-26,219.583,219.583,219.583,219.583,47,16325
2003-12-29,207.482,207.482,207.482,207.482,2832,16468
2003-12-30,199.011,202.097,195.38,195.38,6087,14745
2003-12-31,193.625,194.231,189.995,191.024,3979,14722
2004-01-02,193.383,196.651,193.141,196.288,3646,14663
2004-01-05,196.53,199.918,196.409,199.918,2509,14304
2004-01-06,201.128,201.491,196.288,198.648,4169,14276
2004-01-07,199.071,202.278,199.071,202.278,2449,14041
2004-01-08,204.275,205.909,203.912,205.061,3093,14065
2004-01-09,206.937,208.692,206.937,208.692,2799,14124
2004-01-12,207.77,207.77,205.004,205.004,3120,13841
2004-01-13,204.819,206.971,202.606,202.729,3375,13690
2004-01-14,205.926,206.417,205.926,206.417,2417,13735
2004-01-15,208.63,209.245,206.602,206.725,2778,13710
2004-01-16,207.155,209.245,205.434,206.786,1878,13778
2004-01-20,207.77,210.475,207.647,210.413,1899,13767
2004-01-21,211.458,212.442,210.843,210.966,2241,13866
2004-01-22,211.089,211.827,208.999,209.798,1622,13936
2004-01-23,208.999,210.352,206.295,207.094,2506,14472
2004-01-26,206.049,206.909,204.327,205.495,2154,14394
2004-01-27,207.032,207.893,205.311,206.786,2298,14616
2004-01-28,207.278,208.016,204.327,205.434,1796,14833
2004-01-29,204.819,206.417,202.852,203.836,2636,14746
2004-01-30,203.836,205.987,203.713,205.741,1753,13939
2004-02-02,205.065,207.524,204.696,206.663,2301,14175
2004-02-03,206.909,207.401,205.741,205.864,1739,14199
2004-02-04,205.803,206.049,202.176,202.176,1569,14363
2004-02-05,204.082,205.864,201.008,204.573,3768,14963
2004-02-06,204.573,205.311,203.713,204.45,2488,15576
2004-02-09,203.713,204.819,200.762,204.696,2798,15961
2004-02-10,204.942,205.188,201.377,201.5,2174,16080
2004-02-11,201.623,204.45,201.623,203.467,2973,16272
2004-02-12,205.311,205.803,201.254,203.713,2994,16332
2004-02-13,204.082,207.155,202.975,206.479,2701,16273
2004-02-17,207.77,210.044,206.786,208.63,3706,16156
2004-02-18,208.262,210.229,208.262,209.737,2016,16011
2004-02-19,209.86,210.475,207.524,207.954,2256,15828
2004-02-20,208.385,208.999,206.663,206.971,2165,15679
2004-02-23,206.54,208.016,205.311,206.295,2752,15816
2004-02-24,207.032,211.335,206.786,210.843,3028,15270
2004-02-25,211.458,212.196,210.352,211.212,2777,15172
2004-02-26,211.458,213.302,210.843,213.241,2956,15400
2004-02-27,213.425,214.04,211.827,212.687,2975,15742
2004-03-01,213.179,216.622,213.179,216.499,3087,15762
2004-03-02,216.007,216.007,214.163,215.146,2754,15410
2004-03-03,215.884,215.884,210.475,215.761,4255,15529
2004-03-04,217.605,217.605,213.425,214.347,4156,15193
2004-03-05,214.777,215.023,213.671,214.655,3118,15285
2004-03-08,215.515,216.376,214.286,214.9,3214,14861
2004-03-09,215.515,216.253,215.146,216.253,2418,14729
2004-03-10,216.99,219.449,216.99,219.388,3372,14548
2004-03-11,219.326,219.941,218.712,219.941,3027,14689
2004-03-12,220.128,222.879,219.628,220.941,2817,14765
2004-03-15,221.003,221.128,218.816,219.878,1836,14717
2004-03-16,220.753,223.879,220.753,223.316,2351,14818
2004-03-17,224.504,225.629,219.128,219.816,3721,14743
2004-03-18,219.878,220.753,216.253,217.941,3574,14803
2004-03-19,218.003,218.128,215.753,217.753,2484,14647
2004-03-22,217.503,218.628,215.878,216.753,2293,14576
2004-03-23,217.003,220.753,216.003,216.753,3687,14410
2004-03-24,216.253,219.378,215.878,218.941,2705,14438
2004-03-25,219.066,220.003,218.628,219.878,1353,14334
2004-03-26,220.003,222.003,220.003,221.753,1415,13391
2004-03-29,221.253,223.004,220.753,222.504,1474,13481
2004-03-30,223.504,224.379,223.129,224.316,2218,13589
2004-03-31,224.191,224.379,222.504,223.754,2190,13466
2004-04-01,224.004,224.504,222.128,223.316,2171,13417
2004-04-02,223.629,224.129,222.378,223.504,1407,13434
2004-04-05,223.754,225.004,222.253,224.941,1619,13509
2004-04-06,225.129,226.879,224.754,226.816,1918,13600
2004-04-07,227.379,227.379,225.754,226.379,2560,13708
2004-04-08,226.379,228.441,226.379,228.066,3121,13870
2004-04-12,230.284,235.503,230.284,234.981,5106,13951
2004-04-13,235.242,236.155,233.676,233.872,3432,13772
2004-04-14,234.198,236.286,233.285,235.177,2747,14053
2004-04-15,236.155,236.155,231.98,232.828,2975,14225
2004-04-16,233.285,233.415,230.936,232.828,3602,14163
2004-04-19,234.59,238.895,234.329,238.569,3040,14646
2004-04-20,239.287,243.201,239.287,241.961,4587,14843
2004-04-21,242.94,242.94,239.809,240.461,3539,15117
2004-04-22,239.026,240.983,238.765,239.939,2249,15373
2004-04-23,239.678,243.136,239.417,242.222,2484,15792
2004-04-26,241.505,246.593,241.374,246.463,4106,15684
2004-04-27,247.637,248.159,246.854,247.376,2678,15431
2004-04-28,247.246,254.03,247.246,253.313,3411,15582
2004-04-29,253.378,257.292,252.856,254.356,4959,16291
2004-04-30,253.639,256.77,250.768,256.509,3977,15578
2004-05-03,257.292,260.423,256.901,260.293,3049,15823
2004-05-04,260.423,261.858,259.901,261.271,2709,15830
2004-05-05,262.25,263.424,260.945,262.119,2321,15933
2004-05-06,263.555,268.252,262.38,265.707,3427,16080
2004-05-07,264.859,267.469,264.337,267.273,1844,16156
2004-05-10,268.774,270.861,268.774,270.143,2988,15929
2004-05-11,270.992,271.122,269.426,269.817,1359,15866
2004-05-12,268.47,269.143,267.526,268.604,1496,15860
2004-05-13,268.604,269.683,267.391,268.47,1009,15812
2004-05-14,268.2,269.413,266.448,269.009,1722,15939
2004-05-17,269.009,269.952,266.987,268.133,1890,15712
2004-05-18,268.739,273.861,268.47,273.456,2779,15790
2004-05-19,273.591,277.836,273.591,277.432,2604,15907
2004-05-20,277.634,281.273,275.074,281.004,2559,15852
2004-05-21,280.734,285.182,279.791,283.969,2707,15757
2004-05-24,284.777,285.721,283.295,284.845,1679,15575
2004-05-25,284.373,284.373,276.758,281.273,3139,15362
2004-05-26,281.004,283.093,279.521,281.543,1515,15367
2004-05-27,282.217,289.494,282.082,288.281,2434,15459
2004-05-28,288.416,292.055,287.607,288.955,1971,14574
2004-06-01,287.068,287.473,281.88,282.284,2161,14482
2004-06-02,283.699,289.494,283.699,288.888,2278,14785
2004-06-03,290.168,292.459,288.955,291.314,1715,14921
2004-06-04,291.246,293.403,289.629,292.796,1426,15263
2004-06-07,294.211,296.772,293.807,295.627,2277,15704
2004-06-08,295.829,296.233,292.19,292.459,1875,15754
2004-06-09,292.729,294.144,288.416,292.122,2210,15747
2004-06-10,292.729,292.729,288.686,289.764,1612,15827
2004-06-14,289.494,290.438,287.81,289.09,2600,16019
2004-06-15,289.764,291.516,287.944,288.349,2337,15805
2004-06-16,288.416,293.672,288.416,293.268,2050,16002
2004-06-17,295.694,297.042,294.077,295.492,2478,16220
2004-06-18,295.492,296.503,293.268,295.963,1492,16266
2004-06-21,296.368,299.872,296.098,299.265,1965,16377
2004-06-22,299.468,301.759,299.198,300.883,2085,16606
2004-06-23,301.354,303.983,300.681,303.443,2053,16958
2004-06-24,304.319,307.015,304.185,306.543,2571,17299
2004-06-25,305.398,307.958,304.993,307.689,2343,17441
2004-06-28,299.602,301.894,299.602,299.602,2637,17280
2004-06-29,297.176,302.702,297.042,301.961,2896,17108
2004-06-30,298.255,299.063,293.874,294.885,4016,16703
2004-07-01,294.885,298.659,289.764,292.19,3140,16567
2004-07-02,292.459,293.268,290.033,292.19,2109,16263
2004-07-06,300.276,300.276,300.276,300.276,1069,16152
2004-07-07,301.22,301.624,298.524,299.468,3061,16167
2004-07-08,301.22,302.163,297.446,298.12,4259,16546
2004-07-09,298.928,304.859,298.659,303.376,3565,17096
2004-07-12,305.667,307.419,302.972,306.072,2987,17289
2004-07-13,306.072,307.284,305.128,306.004,3166,17357
2004-07-14,304.724,304.724,298.524,300.883,3517,17592
2004-07-15,300.276,300.276,292.796,292.796,4016,17668
2004-07-16,292.257,295.02,290.303,292.527,3544,17935
2004-07-19,292.459,296.233,292.325,294.009,2221,18012
2004-07-20,292.325,294.481,292.325,294.211,1624,18062
2004-07-21,295.424,301.826,295.424,301.691,5963,20255
2004-07-22,302.702,309.171,302.702,309.037,4878,19851
2004-07-23,306.476,309.441,305.263,309.171,2437,20076
2004-07-26,309.71,311.328,307.958,310.789,2921,19961
2004-07-27,310.519,312.406,308.7,311.126,3003,20510
2004-07-28,311.328,312.945,310.249,312.204,2614,20550
2004-07-29,311.867,312.136,310.654,311.26,2259,20610
2004-07-30,309.71,310.249,307.015,309.037,2786,20733
2004-08-02,307.217,308.565,306.88,308.161,2899,20780
2004-08-03,307.554,308.767,300.276,300.681,5472,20814
2004-08-04,300.546,306.745,300.546,306.611,4175,20688
2004-08-05,305.937,308.228,305.263,307.217,2861,20599
2004-08-06,307.217,307.689,305.667,307.419,3131,20843
2004-08-09,307.015,310.654,307.015,310.384,3803,21119
2004-08-10,310.519,311.058,309.306,310.115,3331,21363
2004-08-11,310.249,311.597,307.958,308.43,3878,21499
2004-08-12,307.541,309.319,306.31,308.567,3556,21795
2004-08-13,310.824,315.749,310.824,314.997,4501,22055
2004-08-16,314.792,315.886,314.244,315.612,2714,22132
2004-08-17,315.612,316.707,314.792,316.638,3772,22370
2004-08-18,316.57,318.485,316.433,316.638,3030,22267
2004-08-19,316.023,316.023,309.182,312.876,6101,21356
2004-08-20,313.15,314.655,312.739,314.039,3463,21073
2004-08-23,313.971,314.928,312.876,313.971,3106,21271
2004-08-24,313.013,313.15,309.593,310.003,5573,20598
2004-08-25,309.182,311.371,308.498,309.661,3835,20449
2004-08-26,310.003,310.414,306.173,306.446,3962,20037
2004-08-27,306.994,308.225,306.446,306.72,2931,17029
2004-08-30,306.446,310.277,304.941,310.14,3481,16874
2004-08-31,308.362,308.909,305.215,307.541,3483,16511
2004-09-01,305.078,305.352,300.427,301.385,4202,15956
2004-09-02,301.658,302.889,298.922,299.948,3443,16006
2004-09-03,299.606,301.248,298.512,299.332,1603,15911
2004-09-07,299.332,300.632,298.922,299.674,2678,15669
2004-09-08,299.948,304.394,299.743,303.3,3926,15291
2004-09-09,302.069,304.531,302.069,302.479,2524,15063
2004-09-10,306.173,308.635,305.899,307.267,4147,15311
2004-09-13,308.312,311.654,308.033,310.957,4860,16158
2004-09-14,311.097,312.211,309.426,310.261,3374,16822
2004-09-15,310.957,311.027,308.033,310.47,3348,16992
2004-09-16,311.932,314.369,309.983,313.464,3324,17139
2004-09-17,311.932,312.28,310.818,311.654,2123,17043
2004-09-20,313.603,315.692,312.35,314.16,2988,18027
2004-09-21,313.603,313.743,312.211,313.394,1615,18107
2004-09-22,312.768,315.831,311.097,313.186,3305,18368
2004-09-23,312.35,314.16,310.54,313.743,2755,18453
2004-09-24,313.186,313.325,311.375,312.28,2623,18642
2004-09-27,311.375,311.932,307.198,308.172,3568,18288
2004-09-28,307.755,310.818,307.755,309.704,2824,18545
2004-09-29,309.286,313.046,308.869,312.42,3629,19216
2004-09-30,311.097,312.768,310.261,311.306,2727,17959
2004-10-01,310.957,313.603,309.843,313.394,2964,18439
2004-10-04,312.211,314.996,312.211,314.439,2687,18444
2004-10-05,313.882,315.553,312.768,315.344,2626,18779
2004-10-06,315.553,316.11,313.673,314.996,3205,19082
2004-10-07,314.996,316.667,314.16,315.066,3396,19086
2004-10-08,314.16,315.066,313.743,314.996,2925,19154
2004-10-11,315.553,316.667,314.996,316.04,2108,19366
2004-10-12,318.862,320.273,318.157,318.862,5067,19501
2004-10-13,318.439,318.58,316.746,317.24,3123,19509
2004-10-14,318.016,318.157,315.335,316.605,3712,19372
2004-10-15,317.451,318.157,316.746,317.098,3295,19204
2004-10-18,318.298,319.144,316.04,316.816,2710,18839
2004-10-19,316.605,317.592,315.476,316.887,3637,18654
2004-10-20,316.322,316.605,311.949,312.09,4473,17960
2004-10-21,312.231,313.077,310.115,310.256,3126,17582
2004-10-22,312.09,314.77,311.667,314.418,3302,18063
2004-10-25,316.04,316.322,313.219,313.995,4429,18250
2004-10-26,314.629,315.617,313.501,314.277,3228,18338
2004-10-27,314.629,315.335,313.219,314.912,2633,18453
2004-10-28,315.194,315.758,313.501,314.488,2535,18417
2004-10-29,314.347,314.841,307.293,308.139,7528,15928
2004-11-01,306.446,308.421,306.164,306.728,5640,15787
2004-11-02,306.728,307.011,304.894,305.176,3233,15608
2004-11-03,304.894,306.587,304.33,304.542,3050,15508
2004-11-04,305.035,305.035,302.637,303.131,5145,14680
2004-11-05,302.496,304.189,302.496,303.06,3177,14663
2004-11-08,302.214,303.624,301.931,303.201,2473,14491
2004-11-09,304.33,304.612,302.778,303.06,2285,14458
2004-11-10,304.894,305.459,303.06,305.318,4362,14531
2004-11-11,305.882,306.164,304.894,305.952,4165,14725
2004-11-12,306.397,306.693,301.806,302.102,2519,15193
2004-11-15,302.694,305.064,302.546,304.62,2499,15569
2004-11-16,306.545,306.989,305.508,305.656,2200,15600
2004-11-17,305.508,308.692,305.36,307.137,2710,15639
2004-11-18,298.252,302.398,298.252,298.252,3783,15079
2004-11-19,298.844,300.029,295.734,298.03,4207,13986
2004-11-22,297.067,298.844,294.401,294.772,3755,14543
2004-11-23,294.401,299.585,294.401,295.364,3624,15017
2004-11-24,301.362,304.249,299.288,302.917,3428,15076
2004-11-26,303.583,306.693,303.583,304.768,1720,14838
2004-11-29,306.545,309.507,305.952,308.174,3178,14724
2004-11-30,310.395,310.987,306.693,307.878,3081,15084
2004-12-01,309.062,309.21,305.804,305.878,3044,15365
2004-12-02,304.323,304.768,301.51,302.398,3566,15931
2004-12-03,302.25,304.916,301.214,301.806,2282,15965
2004-12-06,300.769,301.362,298.03,300.325,2590,15808
2004-12-07,300.917,301.065,298.696,299.214,2356,15793
2004-12-08,299.585,303.583,298.696,303.361,3235,15646
2004-12-09,302.694,302.694,297.659,298.696,3377,15675
2004-12-10,297.363,299.436,296.475,297.882,2460,15529
2004-12-13,298.548,300.991,298.252,299.436,2584,15632
2004-12-14,300.029,300.325,296.771,297.067,1808,15645
2004-12-15,296.475,304.323,296.179,302.324,3741,15669
2004-12-16,302.991,304.101,301.362,301.436,1784,15593
2004-12-17,303.583,306.397,302.398,305.804,3547,15860
2004-12-20,306.841,307.729,305.508,306.026,2590,15791
2004-12-21,306.249,312.172,305.508,311.876,4849,15599
2004-12-22,313.949,313.949,308.766,310.173,3156,15482
2004-12-23,311.062,311.876,309.507,311.58,1635,15500
2004-12-27,312.468,314.245,309.803,313.431,2117,15779
2004-12-28,313.653,314.838,309.21,310.839,2516,16027
2004-12-29,310.543,310.839,302.694,305.212,3848,16614
2004-12-30,303.583,305.064,300.917,301.51,4406,16701
2005-01-03,303.879,305.656,302.843,303.139,3071,16818
2005-01-04,304.916,310.543,304.916,310.321,4333,16972
2005-01-05,310.247,310.247,304.916,308.47,2905,17001
2005-01-06,308.174,308.322,303.879,305.656,2546,17168
2005-01-07,306.545,307.581,306.101,307.433,2953,17123
2005-01-10,307.729,310.617,307.729,310.469,5063,17563
2005-01-11,309.507,313.949,308.618,312.913,7061,18118
2005-01-12,312.989,312.989,309.042,310.788,3915,18276
2005-01-13,311.471,311.471,308.283,310.864,3092,18553
2005-01-14,311.167,311.622,309.194,310.105,1598,18347
2005-01-18,311.319,313.444,310.864,312.23,3216,18877
2005-01-19,311.622,311.774,306.158,306.386,3383,18932
2005-01-20,307.828,307.828,304.337,306.082,3006,19301
2005-01-21,306.765,307.752,305.247,307.372,2245,19431
2005-01-24,306.006,306.613,301.453,302.363,4248,19809
2005-01-25,302.363,305.399,302.363,303.729,2696,19949
2005-01-26,304.337,305.096,301.604,303.198,2193,19702
2005-01-27,302.212,304.488,302.06,303.274,2268,19736
2005-01-28,304.185,306.006,302.591,304.261,2359,18483
2005-01-31,303.426,306.006,301.908,305.171,2435,18582
2005-02-01,305.703,307.221,305.096,306.386,1990,19302
2005-02-02,306.917,307.524,302.97,303.426,2691,19861
2005-02-03,303.578,304.033,301.377,302.97,4321,20714
2005-02-04,303.881,304.64,301.149,301.377,2239,20722
2005-02-07,302.06,304.412,301.908,303.122,4035,21463
2005-02-08,305.096,307.372,304.944,306.31,5403,21926
2005-02-09,307.069,307.372,306.006,306.386,3932,22565
2005-02-10,305.703,306.462,302.06,302.363,6057,23140
2005-02-11,303.274,304.185,302.515,304.033,4322,23890
2005-02-14,304.033,304.64,302.212,303.957,3125,24039
2005-02-15,303.881,304.488,303.122,304.337,2803,24115
2005-02-16,304.64,306.006,304.185,305.779,2476,24371
2005-02-17,305.399,306.613,304.792,305.475,2641,24718
2005-02-18,304.944,304.944,298.417,298.417,4646,24697
2005-02-22,297.81,300.694,296.899,299.024,4383,24132
2005-02-23,298.872,300.086,298.72,299.707,3067,23912
2005-02-24,299.935,301.756,299.783,300.77,1865,23859
2005-02-25,300.39,300.39,296.975,298.72,3594,23930
2005-02-28,299.328,301.984,299.328,300.997,2875,23506
2005-03-01,301.908,303.957,301.756,303.502,4304,23828
2005-03-02,304.64,306.613,300.086,304.564,4956,23890
2005-03-03,307.372,311.774,307.372,311.547,7920,24453
2005-03-04,311.85,313.747,310.712,311.698,5554,25001
2005-03-07,312.305,313.292,311.926,312.989,5169,24745
2005-03-08,313.747,315.569,312.989,315.493,7368,25016
2005-03-09,315.645,323.007,315.569,321.413,9975,25416
2005-03-10,321.489,321.792,319.591,320.426,6787,25825
2005-03-11,318.757,319.819,315.873,318.453,6329,25781
2005-03-14,318.376,319.755,315.772,318.683,3747,25981
2005-03-15,319.296,322.207,319.296,320.981,3272,26118
2005-03-16,321.594,322.36,318.989,320.828,3065,26632
2005-03-17,321.441,321.441,317.917,319.985,3476,26676
2005-03-18,319.296,319.296,316.385,316.921,3769,26633
2005-03-21,317.917,320.215,316.385,319.066,3182,27065
2005-03-22,318.683,319.908,318.376,319.832,3740,26889
2005-03-23,317.763,320.675,317.763,319.066,2796,26859
2005-03-24,319.755,321.594,319.296,321.517,2782,26901
2005-03-28,323.279,326.037,323.279,325.271,5046,25831
2005-03-29,327.109,327.876,326.19,327.569,3660,26454
2005-03-30,328.182,330.787,325.884,326.037,5235,26986
2005-03-31,326.956,331.246,326.65,329.944,4797,27383
2005-04-01,331.859,334.923,330.787,334.31,5314,27614
2005-04-04,334.617,336.609,333.238,333.315,4116,27615
2005-04-05,334.004,334.617,332.625,333.391,2862,28145
2005-04-06,333.544,333.544,330.02,330.71,4138,28389
2005-04-07,332.012,332.165,330.02,330.557,3574,28063
2005-04-08,331.093,332.472,330.02,332.242,4661,28096
2005-04-11,332.012,333.085,331.016,332.395,2874,27996
2005-04-12,332.949,336.591,332.949,336.116,5052,27925
2005-04-13,335.008,336.749,334.691,335.008,4123,27593
2005-04-14,336.907,338.016,336.116,336.432,3360,27194
2005-04-15,336.432,336.907,334.216,336.353,3874,27595
2005-04-18,336.432,340.232,336.274,339.836,7235,27493
2005-04-19,340.865,341.657,339.599,340.47,6276,26898
2005-04-20,340.865,341.499,338.253,339.045,4417,27342
2005-04-21,339.124,339.203,336.749,337.541,4119,27497
2005-04-22,337.699,339.599,337.224,338.491,3958,27934
2005-04-25,340.549,344.19,340.391,344.032,6844,27481
2005-04-26,344.032,344.823,342.449,344.349,3199,27405
2005-04-27,344.665,344.665,340.47,341.974,3274,26797
2005-04-28,341.974,343.557,340.945,343.24,2497,26239
2005-04-29,342.132,344.982,341.657,344.111,2790,24615
2005-05-02,344.507,344.744,342.844,343.636,1695,24636
2005-05-03,343.715,348.623,342.924,348.465,6568,24602
2005-05-04,347.357,347.99,346.09,347.04,2295,24492
2005-05-05,346.248,349.89,345.773,349.652,3549,24449
2005-05-06,348.307,349.336,347.515,349.019,2544,24719
2005-05-09,349.098,352.106,349.098,351.71,2919,24628
2005-05-10,352.423,352.74,351.473,352.581,3943,24847
2005-05-11,352.106,353.373,351.473,353.294,3505,25084
2005-05-12,353.294,355.593,352.421,354.959,4577,24846
2005-05-13,354.88,358.131,354.483,356.307,5274,24787
2005-05-16,356.862,358.924,356.466,357.893,2756,24645
2005-05-17,357.973,360.034,357.814,359.003,3094,24739
2005-05-18,358.528,358.845,355.911,356.307,3660,24710
2005-05-19,356.228,357.338,355.276,356.307,3088,24541
2005-05-20,356.069,356.386,353.373,353.849,2965,24592
2005-05-23,352.58,352.58,350.201,350.28,3571,24456
2005-05-24,350.677,353.373,350.518,352.263,3661,24508
2005-05-25,351.628,352.104,349.249,351.47,4035,23641
2005-05-26,350.994,353.532,350.835,351.39,3010,23223
2005-05-27,351.153,354.007,350.835,353.532,1736,21510
2005-05-31,351.787,357.655,351.47,357.417,3722,21827
2005-06-01,357.655,357.655,354.483,354.642,2905,21977
2005-06-02,355.593,355.593,351.628,352.421,3606,22419
2005-06-03,351.787,355.435,351.628,354.325,2436,22536
2005-06-06,354.166,360.352,353.849,359.241,4957,23204
2005-06-07,360.352,361.383,357.973,360.114,3321,23298
2005-06-08,359.559,359.559,357.18,357.814,2568,23100
2005-06-09,356.862,357.735,352.421,352.739,3876,23047
2005-06-10,352.58,354.8,352.183,352.897,2411,23028
2005-06-13,346.553,348.615,343.698,344.095,5214,21985
2005-06-14,344.808,348.298,344.491,346.553,3326,21853
2005-06-15,346.077,346.394,343.857,344.967,3241,21558
2005-06-16,345.443,347.346,341.795,342.112,3645,21457
2005-06-17,341.478,343.381,339.574,341.24,3876,21363
2005-06-20,341.953,344.967,341.478,344.65,3328,21129
2005-06-21,344.808,346.394,342.746,344.332,2336,21181
2005-06-22,343.222,345.522,342.588,345.125,2113,21146
2005-06-23,344.332,347.98,344.332,345.443,2896,20992
2005-06-24,345.601,346.394,343.857,344.015,2543,21004
2005-06-27,338.94,348.615,338.94,347.742,4726,21207
2005-06-28,348.773,350.518,347.346,347.663,3623,21238
2005-06-29,347.029,349.646,346.156,346.87,2136,21349
2005-06-30,346.553,348.615,346.077,347.108,2092,21674
2005-07-01,348.615,350.835,348.456,349.884,3213,22447
2005-07-05,349.884,351.787,349.725,351.232,2498,22645
2005-07-06,352.897,354.642,352.263,354.166,3652,22859
2005-07-07,354.959,356.545,353.214,355.514,4653,23457
2005-07-08,356.228,357.655,354.642,355.197,5543,23936
2005-07-11,355.911,355.911,348.615,349.329,5149,23839
2005-07-12,348.932,350.835,346.87,347.822,4141,23846
2005-07-13,347.98,348.773,344.491,347.505,5596,24294
2005-07-14,346.87,347.505,342.35,342.984,6101,24164
2005-07-15,336.244,337.195,334.34,336.719,7131,24289
2005-07-18,336.244,338.623,334.658,336.878,4589,23641
2005-07-19,337.195,342.112,337.037,340.843,4851,23722
2005-07-20,341.953,343.539,340.209,341.16,3314,23883
2005-07-21,340.367,342.271,339.574,342.191,3943,24082
2005-07-22,341.795,343.064,340.685,341.478,2297,24028
2005-07-25,340.843,341.478,338.623,339.733,2829,23796
2005-07-26,339.416,340.367,338.226,340.209,3632,23723
2005-07-27,339.733,340.367,338.543,339.812,2928,23685
2005-07-28,338.781,341.478,338.543,341.24,2416,23487
2005-07-29,341.795,347.029,341.636,346.474,4990,23666
2005-08-01,346.712,347.187,345.125,346.791,3679,23490
2005-08-02,347.029,347.663,345.284,347.584,5642,25137
2005-08-03,348.932,349.487,347.346,349.011,6108,25981
2005-08-04,348.298,348.298,345.76,347.108,4983,26404
2005-08-05,348.615,350.518,347.029,350.201,6534,27439
2005-08-08,351.47,351.47,347.029,347.346,4835,27359
2005-08-09,348.932,348.932,345.284,346.077,6554,27793
2005-08-10,345.76,346.394,344.808,345.919,4019,27906
2005-08-11,346.712,348.298,346.712,348.218,4919,27855
2005-08-12,347.976,347.976,344.26,344.503,4630,28155
2005-08-15,345.391,347.814,344.907,346.037,4014,28884
2005-08-16,346.845,348.945,346.199,347.007,3390,29459
2005-08-17,347.168,349.591,347.087,347.734,4072,29440
2005-08-18,348.784,350.884,346.522,350.722,4094,29572
2005-08-19,352.015,354.276,351.53,352.095,6145,29015
2005-08-22,353.792,354.115,351.853,352.742,4330,29404
2005-08-23,352.984,354.438,352.419,352.661,3404,29559
2005-08-24,352.984,354.276,352.822,353.63,2922,29658
2005-08-25,355.407,357.023,354.115,355.246,4959,29660
2005-08-26,355.892,360.254,355.892,360.092,3781,27174
2005-08-29,360.254,363.485,358.638,363.081,5633,26980
2005-08-30,362.192,363.162,359.608,360.577,4092,26935
2005-08-31,360.738,361.708,359.123,361.142,3614,27020
2005-09-01,361.546,361.546,354.68,355.246,4669,26886
2005-09-02,355.892,358.154,354.761,357.992,3194,26771
2005-09-06,357.669,361.869,357.669,361.304,4417,26916
2005-09-07,361.708,362.354,360.254,361.869,3097,27090
2005-09-08,362.838,367.039,362.677,366.554,9134,27762
2005-09-09,367.685,370.27,367.2,370.189,5993,28039
2005-09-12,372.56,375.014,371.579,372.479,4988,27951
2005-09-13,370.598,371.743,369.044,370.025,4658,28119
2005-09-14,371.252,373.542,369.289,369.698,5224,28255
2005-09-15,371.579,372.56,369.289,371.661,4890,28715
2005-09-16,372.07,373.623,368.962,369.371,2630,28849
2005-09-19,369.453,371.252,368.308,371.088,2156,29365
2005-09-20,371.252,371.252,368.635,369.453,4342,29063
2005-09-21,367.49,368.635,367.327,368.226,4803,29136
2005-09-22,368.472,372.724,368.308,372.315,3683,29273
2005-09-23,372.56,374.523,371.334,372.806,4999,29488
2005-09-26,372.56,373.869,371.007,372.724,4063,29771
2005-09-27,372.233,374.85,371.579,374.686,4740,30350
2005-09-28,374.523,376.813,373.378,374.359,5249,30499
2005-09-29,374.523,376.894,373.623,376.731,6868,31329
2005-09-30,377.303,378.775,374.932,377.549,4425,29822
2005-10-03,377.14,381.392,376.813,381.147,3594,30174
2005-10-04,381.228,385.317,381.228,384.581,5756,30276
2005-10-05,384.499,384.499,382.537,383.027,2539,29850
2005-10-06,383.518,385.644,383.027,384.581,4451,29992
2005-10-07,385.317,387.28,382.864,387.034,6560,29346
2005-10-10,386.625,387.607,385.317,385.971,3131,28843
2005-10-11,385.971,388.343,385.153,388.261,5143,28802
2005-10-12,388.261,389.256,386.768,387.68,4598,28575
2005-10-13,387.265,391.579,387.099,391.165,4330,27696
2005-10-14,390.584,390.75,383.117,384.196,7278,27426
2005-10-17,384.279,385.606,381.956,382.205,4021,27029
2005-10-18,380.297,384.611,380.131,383.615,4202,27479
2005-10-19,384.611,387.597,383.449,385.523,5702,27087
2005-10-20,385.772,386.933,381.79,384.693,7753,27311
2005-10-21,383.283,383.283,378.72,379.716,6941,26740
2005-10-24,378.969,379.135,377.808,377.974,4152,26814
2005-10-25,378.803,380.794,378.637,379.218,5957,27279
2005-10-26,378.969,380.297,376.978,378.305,4117,27458
2005-10-27,377.808,379.965,376.646,379.135,5871,28123
2005-10-28,380.462,383.615,380.214,382.785,3641,26837
2005-10-31,383.615,386.104,383.615,384.445,5258,26996
2005-11-01,384.611,384.942,381.956,383.2,5336,27532
2005-11-02,381.956,383.947,381.79,383.366,3253,27595
2005-11-03,383.449,385.44,383.283,385.191,3540,27758
2005-11-04,385.606,385.938,383.117,385.191,3185,27865
2005-11-07,384.611,385.44,384.279,385.025,2233,27981
2005-11-08,384.776,385.274,383.117,383.947,3000,28240
2005-11-09,384.445,384.776,381.956,382.619,3605,28355
2005-11-10,383.947,383.947,382.039,382.288,4503,27972
2005-11-11,382.288,382.454,380.297,381.79,4223,27311
2005-11-14,382.043,385.254,382.043,384.324,3674,27307
2005-11-15,384.747,386.606,384.071,386.521,3843,27220
2005-11-16,386.521,387.281,383.986,387.028,3485,26737
2005-11-17,386.268,386.437,384.493,384.747,2810,26839
2005-11-18,384.071,384.747,382.973,383.902,1889,23952
2005-11-21,383.902,383.902,380.692,380.776,2603,23969
2005-11-22,380.776,383.057,380.523,382.466,1664,24242
2005-11-23,384.409,387.112,384.409,386.606,2194,24801
2005-11-25,388.295,392.857,387.788,392.097,4212,26197
2005-11-28,392.857,395.392,392.182,395.223,3918,27366
2005-11-29,394.885,396.406,394.04,396.068,2256,27930
2005-11-30,394.547,395.392,393.618,395.054,3083,28700
2005-12-01,396.744,398.434,393.618,397.589,4370,29621
2005-12-02,396.068,396.068,393.364,394.294,2526,29675
2005-12-05,393.364,395.308,392.688,393.28,2210,30051
2005-12-06,392.013,392.013,388.802,389.732,3449,30100
2005-12-07,389.14,391.759,386.943,390.999,6216,30171
2005-12-08,391.168,391.59,387.788,387.873,4546,30412
2005-12-09,387.957,388.971,383.986,384.493,4764,30043
2005-12-12,385.761,387.957,385.423,385.845,4222,30310
2005-12-13,386.775,389.478,386.69,388.042,6338,31053
2005-12-14,388.042,390.323,385.93,388.042,5643,31297
2005-12-15,388.126,388.126,384.409,384.662,5393,31459
2005-12-16,385.93,387.112,384.747,386.352,4987,31859
2005-12-19,386.437,388.126,385.93,387.197,2329,31822
2005-12-20,387.45,389.647,386.943,388.802,4153,31994
2005-12-21,389.478,389.647,384.24,385.507,6790,31785
2005-12-22,384.24,385.592,383.057,383.902,4287,31696
2005-12-23,383.902,386.521,383.902,385.507,2453,32146
2005-12-27,384.409,387.028,384.409,386.183,2280,32042
2005-12-28,386.437,389.478,385.592,388.633,2829,32593
2005-12-29,386.943,388.211,385.845,387.704,2210,32874
2005-12-30,386.943,389.647,386.099,389.478,3165,33690
2006-01-03,388.971,388.971,385.085,386.183,5683,34174
2006-01-04,386.268,386.775,384.409,386.014,5233,34014
2006-01-05,385.93,387.45,385.254,386.352,4872,34389
2006-01-06,385.93,387.197,385.338,386.943,3688,34444
2006-01-09,387.112,388.126,386.437,387.028,3539,34674
2006-01-10,386.268,386.775,384.747,384.916,3803,34580
2006-01-11,384.578,384.578,378.157,378.664,12367,33017
2006-01-12,379.775,383.877,379.177,383.193,6502,32735
2006-01-13,383.193,384.219,380.117,382.766,4208,32657
2006-01-17,381.826,385.586,381.826,384.39,5837,33169
2006-01-18,384.048,384.219,378.493,380.117,5942,32961
2006-01-19,380.8,382.424,379.433,381.826,5091,33152
2006-01-20,380.459,383.193,377.382,381.057,4807,33431
2006-01-23,382.168,384.902,381.313,382.082,3523,33455
2006-01-24,382.168,383.022,380.971,380.971,3408,32987
2006-01-25,381.313,381.484,379.433,380.8,2636,33038
2006-01-26,381.826,383.022,380.288,381.057,2408,33034
2006-01-27,381.484,382.339,376.357,378.151,4515,30872
2006-01-30,377.724,378.408,374.818,375.16,4038,31528
2006-01-31,375.673,376.186,372.938,375.417,5220,31548
2006-02-01,377.04,377.04,373.451,373.536,3863,32319
2006-02-02,371.4,372.255,369.349,371.571,6809,32157
2006-02-03,371.058,372.938,368.494,368.58,4800,32654
2006-02-06,368.494,371.144,367.554,369.349,4855,32956
2006-02-07,369.349,371.571,368.324,369.093,6403,33559
2006-02-08,369.52,370.887,367.982,369.093,5748,33603
2006-02-09,369.52,373.451,369.178,372.084,6764,33659
2006-02-10,372.938,376.015,372.938,374.818,6440,33963
2006-02-13,375.16,375.16,369.007,369.349,5273,34429
2006-02-14,369.691,372.255,368.58,371.571,5862,34845
2006-02-15,371.058,373.793,369.007,370.033,6150,35578
2006-02-16,370.375,371.742,369.349,370.375,3470,35736
2006-02-17,370.375,371.913,366.785,366.871,4205,36125
2006-02-21,367.469,368.665,366.273,367.896,7597,35571
2006-02-22,368.922,369.862,368.494,368.836,4544,35526
2006-02-23,370.545,370.545,364.905,365.589,5353,35087
2006-02-24,365.589,365.674,362.171,363.025,4669,35346
2006-02-27,362.854,364.563,362.341,362.512,3517,35688
2006-02-28,362.854,365.418,362.341,365.332,5184,35758
2006-03-01,366.273,366.614,364.392,366.187,5888,35909
2006-03-02,365.418,366.443,364.222,366.273,4339,35988
2006-03-03,364.905,365.418,363.196,363.452,4094,36369
2006-03-06,363.709,364.392,361.658,362.171,6087,36528
2006-03-07,362.341,362.683,357.556,357.898,10084,37178
2006-03-08,357.898,358.41,353.625,355.505,9014,37063
2006-03-09,355.163,356.188,353.796,353.967,6291,36498
2006-03-10,353.283,353.454,346.959,347.215,10773,36235
2006-03-13,346.541,349.239,345.36,348.817,8101,36087
2006-03-14,349.914,352.443,348.059,348.649,7949,36320
2006-03-15,348.227,353.792,347.721,353.623,5622,36682
2006-03-16,354.635,357.165,354.635,356.659,8191,36684
2006-03-17,356.153,358.008,355.816,356.322,5602,36481
2006-03-20,358.851,361.549,358.851,360.537,9112,36602
2006-03-21,359.863,361.549,358.008,360.79,6167,36170
2006-03-22,360.032,360.369,356.49,356.912,4421,36442
2006-03-23,358.177,358.682,355.31,357.333,5173,36743
2006-03-24,358.177,358.851,353.623,354.045,4701,37224
2006-03-27,353.961,354.973,349.576,351.178,6102,36891
2006-03-28,353.792,353.792,350.588,351.01,4756,37238
2006-03-29,351.769,351.937,347.553,348.059,6040,37556
2006-03-30,348.564,352.106,346.457,351.6,7682,37328
2006-03-31,351.094,351.094,342.156,342.241,7138,33930
2006-04-03,340.47,343.337,340.133,340.554,8174,33569
2006-04-04,340.976,341.651,334.062,334.568,9628,33499
2006-04-05,334.231,337.772,330.521,337.35,9862,33694
2006-04-06,338.952,340.639,336.086,339.121,7823,33085
2006-04-07,340.301,344.18,339.29,344.011,7802,33188
2006-04-10,343.168,344.349,338.615,338.868,9851,32993
2006-04-11,339.458,340.133,337.097,338.952,6161,32117
2006-04-12,339.54,345.082,339.54,341.387,7798,32035
2006-04-13,343.402,346.257,342.395,345.585,7018,32710
2006-04-17,345.585,349.112,345.585,348.877,7603,32546
2006-04-18,348.944,351.966,347.432,349.615,6296,32929
2006-04-19,350.119,351.966,347.6,351.631,4413,33136
2006-04-20,351.463,352.302,347.936,348.44,3838,32847
2006-04-21,347.768,348.776,342.899,343.402,8477,32330
2006-04-24,341.387,341.891,335.342,335.678,7335,31777
2006-04-25,335.678,338.197,333.831,335.678,5090,31661
2006-04-26,336.685,342.227,336.35,341.723,5945,31059
2006-04-27,341.051,341.555,336.685,339.288,4272,30664
2006-04-28,338.029,340.716,337.357,337.609,3814,28684
2006-05-01,336.685,343.738,335.51,343.15,5665,28766
2006-05-02,342.227,343.906,341.891,343.066,5981,27825
2006-05-03,342.395,343.57,341.051,341.555,3669,28513
2006-05-04,341.219,341.555,336.853,338.617,5628,28532
2006-05-05,337.525,337.693,334.838,335.174,5634,27114
2006-05-08,334.67,338.7,334.67,338.533,4084,27140
2006-05-09,339.036,339.54,336.266,336.937,3861,27571
2006-05-10,336.853,338.868,334.922,338.617,4615,27477
2006-05-11,338.029,343.066,338.029,341.975,7787,28272
2006-05-12,339.387,343.593,336.151,343.431,8214,28539
2006-05-15,343.431,346.1,341.651,345.696,5231,28704
2006-05-16,345.453,345.696,343.431,345.615,3110,28749
2006-05-17,345.21,345.857,342.379,344.482,3151,28424
2006-05-18,344.887,346.666,343.916,344.401,4231,28215
2006-05-19,344.401,344.563,341.004,343.674,4213,27542
2006-05-22,344.401,345.696,343.593,345.21,2867,26934
2006-05-23,345.21,346.019,343.431,345.615,2658,27086
2006-05-24,348.607,349.416,346.99,347.556,4077,27430
2006-05-25,348.122,350.71,347.152,349.982,3062,27457
2006-05-26,350.71,352.328,349.578,351.843,2929,24781
2006-05-30,351.843,354.431,351.196,354.027,3076,24707
2006-05-31,353.784,353.946,352.005,353.056,2944,24706
2006-06-01,352.652,355.887,352.247,355.806,3637,25420
2006-06-02,355.402,357.181,354.108,356.615,2495,25548
2006-06-05,356.372,358.799,353.784,354.512,2899,25547
2006-06-06,355.24,355.887,351.681,355.402,2873,25760
2006-06-07,355.402,355.806,353.622,353.946,1981,25938
2006-06-08,354.916,355.887,353.46,354.593,2010,26060
2006-06-09,355.563,355.563,351.196,351.357,2652,26321
2006-06-12,350.872,350.872,349.093,350.144,3254,26942
2006-06-13,349.902,353.784,349.416,352.005,3743,26379
2006-06-14,352.652,354.188,350.71,354.027,3167,26396
2006-06-15,354.027,363.733,354.027,363.49,7737,26550
2006-06-16,363.49,364.541,361.549,364.218,4205,26271
2006-06-19,362.358,367.049,361.711,366.24,4159,25807
2006-06-20,365.108,366.887,364.299,364.784,2942,25563
2006-06-21,365.431,367.858,362.681,366.24,3484,25885
2006-06-22,367.049,372.549,366.887,371.578,5180,26470
2006-06-23,371.255,373.439,370.446,372.549,3212,26926
2006-06-26,377.564,379.828,375.784,378.939,4508,27010
2006-06-27,378.858,381.527,377.402,380.314,3955,27473
2006-06-28,379.828,380.475,377.321,379.181,4450,28021
2006-06-29,379.181,380.152,371.417,372.064,5246,28779
2006-06-30,372.064,373.843,370.284,372.711,4169,28968
2006-07-03,372.549,376.755,371.74,376.512,2972,29566
2006-07-05,376.27,379.667,374.328,379.343,3395,29997
2006-07-06,379.343,380.152,374.328,375.461,3980,30486
2006-07-07,375.946,376.674,374.328,374.975,3992,30943
2006-07-10,372.872,372.872,367.211,369.233,8075,30229
2006-07-11,368.181,369.799,366.402,367.696,5405,29898
2006-07-12,366.402,369.152,365.35,367.939,5589,30239
2006-07-13,367.372,371.983,367.211,370.931,4792,30454
2006-07-14,371.093,371.578,368.828,369.556,3730,30556
2006-07-17,367.858,367.858,365.269,366.725,3820,30367
2006-07-18,367.211,368.828,367.049,367.372,4245,30695
2006-07-19,367.211,376.27,366.24,374.409,4155,30441
2006-07-20,372.064,375.622,371.902,372.953,3027,30919
2006-07-21,372.225,374.975,371.902,374.086,2689,31038
2006-07-24,368.828,368.828,365.108,366.725,5408,30847
2006-07-25,366.24,367.696,365.593,366.806,5257,30944
2006-07-26,366.24,371.093,366.24,370.527,3967,31019
2006-07-27,370.446,370.931,369.314,369.475,3307,30814
2006-07-28,368.667,371.659,367.372,369.314,2944,30927
2006-07-31,367.858,370.284,366.887,369.88,3522,31282
2006-08-01,369.637,371.255,369.475,370.203,3474,31673
2006-08-02,369.152,370.122,365.108,366.159,5318,32045
2006-08-03,365.916,369.475,364.784,368.262,4395,32196
2006-08-04,369.314,372.872,368.828,372.468,5916,32194
2006-08-07,374.328,375.38,373.681,375.299,7141,32247
2006-08-08,375.299,375.946,374.328,375.703,6385,32151
2006-08-09,375.461,376.189,373.843,375.542,5338,32586
2006-08-10,378.211,381.123,377.887,379.828,8057,32520
2006-08-11,379.343,379.828,378.373,379.667,6587,32624
2006-08-14,379.667,379.667,375.628,375.708,4668,32920
2006-08-15,375.789,375.789,373.85,375.062,3891,32759
2006-08-16,375.789,375.789,372.558,374.577,6455,32513
2006-08-17,375.789,376.839,374.174,375.708,5310,32226
2006-08-18,375.466,376.435,373.931,374.739,2990,32172
2006-08-21,374.174,378.374,373.85,378.213,4113,32427
2006-08-22,378.374,378.859,375.708,375.708,4056,32397
2006-08-23,375.87,376.274,373.689,374.981,4033,32315
2006-08-24,374.981,376.112,373.85,375.547,3212,32407
2006-08-25,375.547,377.082,374.497,375.951,3430,32516
2006-08-28,377.405,378.051,376.92,377.728,3428,32902
2006-08-29,377.728,378.536,376.597,377.647,5239,32307
2006-08-30,378.213,378.697,377.405,377.566,3907,32421
2006-08-31,376.597,376.759,375.143,376.032,5187,29158
2006-09-01,377.728,378.051,375.143,376.597,4545,29389
2006-09-05,376.92,380.313,375.951,380.232,6574,29760
2006-09-06,381.121,384.513,380.798,384.433,4943,30357
2006-09-07,384.675,385.483,384.352,385.24,4465,30848
2006-09-08,385.16,385.644,383.059,383.14,6853,31352
2006-09-11,383.059,383.544,381.282,383.383,6519,30575
2006-09-12,383.708,386.31,383.708,384.033,5951,29436
2006-09-13,384.033,384.196,379.641,379.804,5930,29192
2006-09-14,377.69,378.34,374.111,375.087,11299,29006
2006-09-15,375.087,378.015,373.298,377.446,6957,28690
2006-09-18,377.852,378.34,376.226,377.934,3333,28706
2006-09-19,378.991,378.991,374.924,375.25,4083,29044
2006-09-20,373.948,374.274,368.825,370.451,8214,27927
2006-09-21,369.231,372.485,369.231,371.346,4340,27382
2006-09-22,371.997,374.436,366.954,374.274,7875,26124
2006-09-25,373.46,374.599,371.346,373.054,3837,26112
2006-09-26,373.46,373.786,371.671,372.729,2602,26065
2006-09-27,372.159,372.159,369.231,370.37,2977,25911
2006-09-28,370.695,371.671,367.767,368.337,4038,26072
2006-09-29,367.28,368.255,365.816,367.28,5240,24273
2006-10-02,368.906,370.207,367.28,368.581,4417,24575
2006-10-03,367.767,370.207,367.605,368.743,3853,24841
2006-10-04,367.605,369.069,367.117,367.361,3290,25199
2006-10-05,366.71,369.557,365.328,369.069,5313,25123
2006-10-06,369.231,369.719,367.117,367.686,5712,24077
2006-10-09,366.304,366.304,358.984,360.285,6234,25007
2006-10-10,359.797,361.099,357.52,358.171,7068,23665
2006-10-11,357.845,358.333,354.755,355.406,7703,23833
2006-10-12,353.25,353.913,346.284,350.347,8721,23542
2006-10-13,350.43,350.928,347.611,347.86,6181,23588
2006-10-16,348.938,352.42,348.772,350.513,5768,23194
2006-10-17,348.274,348.938,344.957,346.865,8251,23282
2006-10-18,350.264,350.928,347.445,348.523,4227,23278
2006-10-19,348.108,349.601,346.284,347.279,5170,23341
2006-10-20,346.616,348.523,345.289,347.445,3902,23234
2006-10-23,349.435,350.264,347.943,348.274,4259,23289
2006-10-24,348.938,350.679,345.787,347.694,5057,24056
2006-10-25,346.284,346.947,338.987,346.45,6109,23926
2006-10-26,348.938,349.767,346.45,348.274,5917,22953
2006-10-27,343.962,346.782,342.801,343.548,3484,21837
2006-10-30,344.128,345.289,342.47,343.713,3857,21443
2006-10-31,346.284,346.284,343.299,344.874,5079,21523
2006-11-01,345.621,347.943,343.631,346.284,5410,22554
2006-11-02,341.806,341.972,336.333,338.241,7181,22193
2006-11-03,338.987,340.48,336.333,336.416,5368,22109
2006-11-06,335.007,335.007,332.519,332.851,6492,23894
2006-11-07,333.348,334.841,328.539,330.446,5032,24889
2006-11-08,330.114,330.363,320.744,328.207,8511,26051
2006-11-09,325.719,333.348,324.061,333.265,7109,26253
2006-11-10,333.348,333.846,326.714,327.709,6204,25178
2006-11-13,324.285,327.709,322.915,326.768,3998,25408
2006-11-14,326.768,329.593,321.374,321.802,5166,25475
2006-11-15,320.69,326.34,320.518,325.997,4935,25738
2006-11-16,327.025,336.27,324.799,336.27,6445,25855
2006-11-17,336.613,340.037,336.27,336.87,4643,24681
2006-11-20,327.281,335.414,327.281,334.473,4695,24806
2006-11-21,335.414,338.667,334.901,338.239,3078,25204
2006-11-22,340.722,341.064,337.298,339.695,2836,25167
2006-11-24,337.983,340.208,336.955,337.298,1518,25245
2006-11-27,334.986,336.099,330.963,334.301,4203,25551
2006-11-28,338.154,338.154,334.815,337.554,3887,26298
2006-11-29,339.352,339.352,334.901,335.414,3777,26270
2006-11-30,332.332,335.414,331.305,335.157,3657,26245
2006-12-01,334.558,336.784,331.647,332.076,4006,26595
2006-12-04,333.873,336.784,332.675,333.103,5810,27033
2006-12-05,332.675,336.527,332.675,336.27,3030,27444
2006-12-06,337.983,340.38,337.126,339.267,5884,27380
2006-12-07,339.01,342.092,339.01,341.92,8231,28231
2006-12-08,342.092,344.318,340.551,343.889,6068,28107
2006-12-11,342.434,344.66,340.38,341.15,4568,27958
2006-12-12,338.325,339.609,336.27,337.041,6913,29020
2006-12-13,336.099,340.722,336.099,339.267,5443,29510
2006-12-14,338.667,338.667,333.36,333.531,4801,29850
2006-12-15,333.702,338.411,333.017,338.068,5643,29849
2006-12-18,338.325,342.862,338.325,342.434,6440,28535
2006-12-19,341.749,342.605,337.983,339.01,3908,28287
2006-12-20,339.695,339.695,336.27,338.496,3707,27661
2006-12-21,338.496,338.496,335.928,336.442,2966,27467
2006-12-22,336.613,338.325,333.017,333.274,2522,21495
2006-12-26,333.017,333.017,327.025,331.904,2028,27245
2006-12-27,332.161,338.325,332.161,338.154,3387,27150
2006-12-28,338.154,340.551,337.983,340.037,3269,27348
2006-12-29,341.064,341.749,337.983,341.064,3269,27348
2007-01-03,342.777,345.002,341.15,341.92,5931,28128
2007-01-04,342.605,342.605,336.955,340.636,4803,28476
2007-01-05,340.636,341.92,337.298,337.811,2806,28495
2007-01-08,338.325,340.722,337.726,338.582,2816,28580
2007-01-09,339.352,340.722,335.414,336.27,3948,28093
2007-01-10,336.442,337.811,334.901,336.185,4120,28365
2007-01-11,334.729,335.757,333.017,334.13,4537,28294
2007-01-12,329.429,329.603,323.683,323.683,5568,28493
2007-01-16,321.245,324.728,314.977,322.377,6864,29384
2007-01-17,322.377,326.991,319.504,322.987,7905,29257
2007-01-18,319.853,326.643,318.634,325.772,5167,29574
2007-01-19,325.076,327.165,322.987,325.86,4459,30348
2007-01-22,325.598,328.384,321.507,321.681,4637,30625
2007-01-23,322.116,324.205,320.462,322.203,4087,30903
2007-01-24,323.161,326.643,323.161,326.295,3238,30876
2007-01-25,325.424,329.429,325.424,328.384,4117,31171
2007-01-26,328.558,328.732,325.947,327.688,3135,30432
2007-01-29,327.862,332.563,326.817,332.215,3728,30626
2007-01-30,331.867,332.215,329.429,330.3,2961,31174
2007-01-31,330.3,334.304,328.732,333.782,4315,32189
2007-02-01,331.518,332.215,328.558,330.038,5898,32352
2007-02-02,330.648,334.13,329.429,332.998,5194,33290
2007-02-05,333.782,340.921,333.782,338.483,6036,32928
2007-02-06,337.787,345.274,337.612,344.838,5837,33872
2007-02-07,346.667,346.841,343.358,345.97,9378,34602
2007-02-08,346.667,347.189,343.707,344.316,6730,34555
2007-02-09,341.617,348.582,341.617,343.968,7818,34225
2007-02-12,344.925,348.408,343.881,346.492,7032,34476
2007-02-13,348.234,351.019,347.885,350.758,8128,35734
2007-02-14,352.064,354.502,349.801,351.019,7850,35719
2007-02-15,351.194,351.194,348.408,349.801,4963,35843
2007-02-16,349.801,351.019,347.189,348.843,3542,35985
2007-02-20,349.626,349.626,345.796,346.928,3733,35924
2007-02-21,347.885,350.497,347.189,348.321,4153,36135
2007-02-22,347.189,348.059,344.838,345.535,4855,36079
2007-02-23,347.537,347.537,344.403,345.883,5155,35711
2007-02-26,345.622,353.457,344.577,351.89,8155,36217
2007-02-27,350.323,354.502,349.452,354.328,7071,36499
2007-02-28,354.676,355.198,351.542,353.805,6471,37138
2007-03-01,353.283,359.551,353.283,356.591,8251,36866
2007-03-02,357.114,362.685,356.939,361.815,8239,37017
2007-03-05,361.989,363.556,360.596,361.379,5133,36477
2007-03-06,362.163,362.511,359.551,359.986,5288,35846
2007-03-07,360.073,361.292,358.071,359.986,7740,35332
2007-03-08,363.033,370.433,362.685,365.123,8080,34840
2007-03-09,366.342,367.735,365.645,366.168,5519,34291
2007-03-12,367.112,370.203,365.738,367.885,6430,34536
2007-03-13,367.971,368.829,366.082,366.597,6695,34341
2007-03-14,368.657,368.657,363.334,367.026,7221,34576
2007-03-15,367.971,369.172,364.966,368.142,3246,34475
2007-03-16,367.455,367.713,363.334,364.193,4186,34484
2007-03-19,365.395,366.597,363.506,365.824,3722,34518
2007-03-20,365.395,366.425,362.304,362.476,3535,33877
2007-03-21,362.991,362.991,359.385,361.016,5568,33399
2007-03-22,360.759,363.678,360.072,361.446,4646,33254
2007-03-23,363.334,363.85,359.471,361.016,5717,33668
2007-03-26,361.789,366.597,360.673,365.051,3096,33883
2007-03-27,366.597,368.142,360.759,361.36,3863,33711
2007-03-28,361.36,364.365,359.986,363.678,3459,33439
2007-03-29,363.506,365.91,363.506,364.794,3219,33190
2007-03-30,367.455,375.096,366.94,373.465,5813,32436
2007-04-02,377.758,379.818,376.384,378.445,7572,31367
2007-04-03,378.788,381.192,376.556,379.733,5569,31623
2007-04-04,377.758,381.535,377.586,380.505,3590,31735
2007-04-05,385.485,386.343,381.192,381.621,5170,31695
2007-04-09,378.788,384.283,377.758,384.283,7203,30836
2007-04-10,383.939,384.283,380.248,381.02,5896,29968
2007-04-11,381.192,381.192,377.758,378.101,5936,29188
2007-04-12,378.101,378.441,368.326,368.581,8434,27662
2007-04-13,367.731,368.751,365.351,366.286,6808,26757
2007-04-16,367.391,369.601,366.031,369.006,3486,26937
2007-04-17,368.411,372.321,367.901,371.811,4310,26875
2007-04-18,372.151,372.151,366.881,368.241,3297,26772
2007-04-19,367.561,368.411,365.691,367.476,3456,26782
2007-04-20,366.201,366.371,364.076,365.351,3841,26554
2007-04-23,364.671,370.961,364.671,370.536,3524,26675
2007-04-24,370.621,371.981,369.431,371.046,3315,26853
2007-04-25,370.451,370.961,364.671,367.136,5502,26016
2007-04-26,365.861,369.941,365.861,367.731,3378,25240
2007-04-27,367.731,370.621,367.221,369.091,2723,23904
2007-04-30,370.621,374.021,370.621,372.491,3672,24388
2007-05-01,372.661,373.341,371.811,373.171,4019,24283
2007-05-02,373.341,374.531,372.491,372.916,2362,24378
2007-05-03,372.321,372.321,362.8,363.65,6241,23054
2007-05-04,363.31,365.096,362.97,364.331,3298,22738
2007-05-07,363.48,366.541,363.31,365.521,2789,22292
2007-05-08,367.901,369.176,367.561,368.326,3387,22075
2007-05-09,367.901,371.131,367.561,370.281,4238,22094
2007-05-10,369.601,371.471,366.711,370.281,5057,22064
2007-05-11,369.771,373.341,367.391,373.001,2964,22088
2007-05-14,374.158,375.149,371.514,374.24,2958,22412
2007-05-15,376.306,376.802,371.514,373.001,3187,22694
2007-05-16,373.827,375.976,372.009,373.827,2568,22480
2007-05-17,374.158,374.323,372.505,373.332,1948,22314
2007-05-18,372.836,376.141,371.514,375.893,3129,22671
2007-05-21,376.637,376.637,373.249,375.81,2680,23113
2007-05-22,376.802,378.124,373.662,375.81,3962,23430
2007-05-23,374.158,374.158,371.679,372.588,2823,23486
2007-05-24,371.844,371.844,368.043,368.869,3717,23102
2007-05-25,367.878,368.539,366.39,366.721,2309,21222
2007-05-29,366.721,369.2,366.06,368.704,2312,21006
2007-05-30,368.374,368.374,364.242,364.738,2501,20808
2007-05-31,363.911,368.539,363.581,368.291,2560,20895
2007-06-01,368.291,368.374,363.416,364.407,3794,20898
2007-06-04,364.738,367.382,363.911,366.969,1850,20917
2007-06-05,366.39,366.969,363.085,366.473,2853,21007
2007-06-06,365.895,366.06,361.598,362.837,2915,21594
2007-06-07,361.928,362.755,358.458,359.78,3468,21623
2007-06-08,359.119,361.433,357.301,357.631,2734,21380
2007-06-11,356.309,356.309,353.169,355.483,3426,21511
2007-06-12,354.657,357.797,354.657,357.384,2565,21730
2007-06-13,356.475,356.97,351.186,352.343,2943,21599
2007-06-14,348.707,355.979,348.707,355.566,2902,21992
2007-06-15,353.335,356.64,352.343,353.5,3104,21739
2007-06-18,351.682,353.665,350.525,352.756,2626,21939
2007-06-19,354.987,358.623,354.078,358.458,2900,22011
2007-06-20,356.475,358.127,354.326,357.301,2085,22241
2007-06-21,356.309,357.797,355.483,357.301,1392,22468
2007-06-22,357.962,359.78,357.301,358.293,2383,22509
2007-06-25,355.648,359.367,355.648,358.788,2632,22518
2007-06-26,357.631,358.623,355.235,355.814,2152,22777
2007-06-27,354.987,359.78,353.996,358.871,3306,23037
2007-06-28,358.954,363.003,358.954,362.837,4003,22615
2007-06-29,362.837,369.861,361.102,368.704,5773,22946
2007-07-02,369.2,369.365,366.556,366.721,5536,23106
2007-07-03,367.382,371.183,365.895,368.704,4168,23510
2007-07-05,368.869,372.175,368.208,370.77,2921,23147
2007-07-06,372.009,379.777,371.1,379.116,6307,24524
2007-07-09,380.603,381.182,378.124,378.372,7022,24811
2007-07-10,378.62,378.785,375.315,376.885,6408,25557
2007-07-11,377.463,380.107,375.893,378.868,5871,26396
2007-07-12,379.281,386.718,377.463,377.794,7977,27741
2007-07-13,377.959,378.289,376.141,376.306,4692,28090
2007-07-16,382.586,382.586,379.281,380.603,4297,28466
2007-07-17,380.438,384.569,379.612,382.834,4477,29180
2007-07-18,382.091,382.917,380.273,381.429,3634,29474
2007-07-19,382.421,383.908,381.099,381.595,3277,29973
2007-07-20,380.768,383.082,379.116,381.76,2994,30219
2007-07-23,382.752,386.718,382.752,385.726,3260,30772
2007-07-24,384.9,385.396,384.074,385.065,3337,31124
2007-07-25,384.239,384.404,381.099,382.917,3398,31041
2007-07-26,383.082,386.718,382.008,384.569,3844,31607
2007-07-27,386.718,388.371,385.065,387.131,3009,31976
2007-07-30,388.04,388.866,386.057,386.635,3419,32194
2007-07-31,386.718,388.205,384.569,387.875,4416,32197
2007-08-01,388.04,388.536,385.726,386.635,3379,32170
2007-08-02,385.065,385.065,381.925,383.165,6056,31601
2007-08-03,383.578,384.735,381.76,383.165,2537,31550
2007-08-06,383.908,385.396,383.578,384.239,3591,31218
2007-08-07,384.074,384.239,378.951,379.198,7752,30165
2007-08-08,379.777,380.438,377.794,378.703,7178,29746
2007-08-09,379.446,383.413,379.116,379.942,6202,29671
2007-08-10,379.942,383.413,379.446,380.025,6104,29138
2007-08-13,380.108,383.01,380.108,382.595,6483,28647
2007-08-14,382.429,384.254,382.429,384.088,5903,28245
2007-08-15,382.927,386.741,382.927,385.995,4137,28020
2007-08-16,383.756,385.083,378.449,382.512,6155,27020
2007-08-17,386.078,387.902,383.59,387.653,3816,27040
2007-08-20,389.063,389.726,387.653,389.312,3582,27168
2007-08-21,389.395,389.726,387.902,388.98,3377,27522
2007-08-22,388.897,388.897,385.083,386.575,2005,27421
2007-08-23,385.249,389.395,385.249,389.146,3014,27989
2007-08-24,390.556,393.043,389.892,391.551,4221,28507
2007-08-27,392.546,393.541,392.048,393.292,3670,29078
2007-08-28,393.541,394.37,392.214,392.877,4000,29356
2007-08-29,394.37,394.702,393.375,393.707,3475,30012
2007-08-30,393.541,393.707,391.053,391.302,3657,30182
2007-08-31,392.048,392.546,389.726,389.809,2744,28205
2007-09-04,390.721,394.536,390.721,394.37,5531,29769
2007-09-05,394.536,395.198,391.223,393.873,3398,30206
2007-09-06,395.695,396.358,394.37,394.701,3690,30817
2007-09-07,394.536,395.032,391.72,391.968,2862,30980
2007-09-10,391.885,392.714,391.389,392.382,3611,31220
2007-09-11,392.382,392.548,391.554,391.968,4997,30438
2007-09-12,392.382,392.548,385.426,386.585,8225,29329
2007-09-13,386.088,387.496,385.26,386.006,4691,29112
2007-09-14,386.254,388.738,384.432,387.082,6570,29072
2007-09-17,385.757,386.088,382.444,382.61,5473,28286
2007-09-18,382.61,386.254,382.61,385.757,3590,28314
2007-09-19,386.088,386.42,383.604,385.177,3519,28420
2007-09-20,381.616,383.687,380.954,381.782,5512,28698
2007-09-21,383.273,385.095,381.948,384.929,4046,28688
2007-09-24,384.763,386.585,384.101,385.095,4056,29088
2007-09-25,384.101,384.846,383.77,384.515,4423,28695
2007-09-26,385.757,385.923,383.19,384.018,3897,28743
2007-09-27,383.604,383.935,382.196,382.61,3557,28698
2007-09-28,384.266,386.254,382.941,385.26,3836,27460
2007-10-01,383.604,384.266,380.622,381.202,6136,26924
2007-10-02,382.776,384.929,382.279,384.018,5270,26749
2007-10-03,382.941,383.273,379.297,380.622,5090,26530
2007-10-04,379.629,381.202,379.132,380.954,4334,26373
2007-10-05,379.464,379.96,375.49,375.821,5459,25944
2007-10-08,375.656,377.477,375.159,377.146,4565,25579
2007-10-09,376.484,377.643,373.669,374.994,7319,26013
2007-10-10,374.497,376.318,372.179,374.414,6619,25534
2007-10-11,375.49,379.464,375.49,379.05,7778,26036
2007-10-12,377.477,378.139,373.835,375.739,4452,25876
2007-10-15,374.828,375.739,373.172,374.911,4124,25550
2007-10-16,375.656,376.815,372.51,372.593,3937,25741
2007-10-17,372.593,373.917,370.855,371.103,5336,25893
2007-10-18,370.523,371.848,369.861,371.6,4575,26218
2007-10-19,372.013,372.51,367.543,368.537,3740,26143
2007-10-22,368.702,370.523,368.371,369.613,3697,26261
2007-10-23,368.951,369.365,367.543,367.874,4258,26275
2007-10-24,368.206,368.371,365.226,365.888,4087,26266
2007-10-25,365.391,366.55,365.143,365.722,2983,25107
2007-10-26,364.729,365.06,359.265,361.087,4793,25703
2007-10-29,360.093,362.742,359.928,361.749,4543,25735
2007-10-30,362.742,364.729,362.659,364.067,3992,25563
2007-10-31,362.742,362.908,358.769,359.1,4154,26108
2007-11-01,359.762,361.418,358.603,359.679,3595,26054
2007-11-02,358.769,359.845,357.444,358.769,2962,26166
2007-11-05,357.855,362.841,357.855,362.592,3244,26329
2007-11-06,360.348,361.511,358.187,359.267,4687,26452
2007-11-07,359.267,359.517,356.026,356.275,3592,26324
2007-11-08,356.275,358.519,355.694,357.938,3021,26406
2007-11-09,357.522,360.68,357.439,359.101,3688,26499
2007-11-12,359.517,364.669,359.517,362.259,4012,26323
2007-11-13,363.838,365.002,361.844,363.173,3210,26495
2007-11-14,363.173,363.838,360.846,362.259,3174,26986
2007-11-15,362.176,363.672,361.927,363.423,1880,25242
2007-11-16,363.34,363.506,360.181,362.758,2430,25542
2007-11-19,362.01,362.176,360.015,361.76,1520,25743
2007-11-20,363.672,364.835,362.841,364.254,2532,26123
2007-11-21,364.503,366.165,363.09,365.334,2407,26606
2007-11-23,366.664,368.658,366.331,367.993,2827,26867
2007-11-26,368.326,370.653,367.329,368.825,2298,26941
2007-11-27,369.656,369.988,367.329,367.578,2182,27017
2007-11-28,368.16,368.492,364.087,364.254,2899,27454
2007-11-29,363.34,364.254,361.511,362.592,3786,27143
2007-11-30,362.508,362.508,355.361,358.021,3433,27120
2007-12-03,356.525,359.683,356.525,359.184,4589,27224
2007-12-04,358.686,361.262,354.032,355.029,4866,27605
2007-12-05,354.696,355.029,352.37,353.201,4329,28045
2007-12-06,353.367,354.78,353.201,353.533,3216,28261
2007-12-07,352.785,354.364,351.954,352.203,5332,28020
2007-12-10,351.622,354.696,351.206,352.785,5219,28064
2007-12-11,352.037,354.863,351.871,352.286,4862,28488
2007-12-12,352.037,352.37,349.128,349.71,4818,28536
2007-12-13,348.713,349.544,342.812,345.056,7649,29811
2007-12-14,344.558,346.718,343.726,345.056,6606,30202
2007-12-17,342.812,346.053,342.397,344.641,4016,30519
2007-12-18,344.641,350.375,344.641,349.544,5542,30562
2007-12-19,349.045,349.045,345.887,346.386,4167,31084
2007-12-20,345.804,347.383,344.558,345.555,3396,31182
2007-12-21,345.056,345.721,343.311,345.139,3435,31361
2007-12-24,343.394,344.558,343.062,344.308,1918,31662
2007-12-26,343.893,345.389,341.898,344.059,3701,32370
2007-12-27,344.059,347.716,343.726,346.968,4468,32410
2007-12-28,346.22,347.3,346.053,346.801,2223,32688
2007-12-31,347.549,351.206,347.383,349.378,2831,32814
2008-01-02,347.549,347.882,344.059,347.134,4361,33438
2008-01-03,344.558,345.389,337.161,338.408,7044,33851
2008-01-04,338.075,338.989,332.59,333.504,6881,34144
2008-01-07,330.6,335.925,330.6,334.634,4469,34296
2008-01-08,333.827,334.15,331.407,332.778,6359,34757
2008-01-09,332.375,334.473,331.084,333.666,4704,35321
2008-01-10,334.15,338.668,334.15,338.103,6250,35397
2008-01-11,333.02,333.182,329.793,330.762,7760,36514
2008-01-14,329.309,329.632,321.081,327.373,7811,37181
2008-01-15,328.18,329.793,325.437,326.244,6418,37587
2008-01-16,327.535,330.6,325.276,325.84,7517,37493
2008-01-17,323.017,328.341,320.435,326.889,7390,37560
2008-01-18,327.535,332.214,327.535,330.116,6053,37927
2008-01-22,330.6,333.827,329.148,330.277,5272,38422
2008-01-23,329.632,332.859,328.341,332.456,5082,38939
2008-01-24,331.568,334.311,331.084,331.407,4224,38917
2008-01-25,329.793,331.084,327.212,329.471,4905,39466
2008-01-28,331.084,332.214,329.632,331.326,6990,40214
2008-01-29,330.762,337.377,330.6,336.409,6280,40457
2008-01-30,337.135,340.12,336.731,339.152,7085,40607
2008-01-31,338.506,339.797,334.311,339.636,5045,39188
2008-02-01,338.184,341.41,337.377,340.281,5680,39700
2008-02-04,337.861,339.313,335.441,338.022,4300,39899
2008-02-05,338.99,341.652,338.99,340.442,4045,40356
2008-02-06,339.474,340.442,335.602,338.587,5308,40142
2008-02-07,339.313,341.733,339.071,341.572,6205,40599
2008-02-08,340.765,341.894,338.345,338.91,4709,41048
2008-02-11,340.765,343.669,340.442,341.733,5747,40805
2008-02-12,341.41,342.863,340.12,341.249,4336,40300
2008-02-13,341.41,343.024,338.022,338.668,7734,40939
2008-02-14,338.506,339.152,336.409,336.973,6555,40949
2008-02-15,335.602,338.264,335.602,337.619,5231,40633
2008-02-19,336.247,338.829,333.988,338.506,5263,40634
2008-02-20,338.829,341.249,338.829,340.926,3988,40550
2008-02-21,340.442,341.894,338.022,339.071,3920,40327
2008-02-22,338.345,338.99,334.957,335.36,5264,40625
2008-02-25,336.409,336.893,331.73,336.247,6249,40182
2008-02-26,338.345,341.168,337.861,338.103,7521,39767
2008-02-27,341.41,342.701,338.668,339.152,4875,39457
2008-02-28,339.797,340.12,336.893,337.699,4336,39046
2008-02-29,336.57,336.893,334.15,334.473,4698,39026
2008-03-03,333.666,333.666,327.857,328.099,6850,38976
2008-03-04,329.793,329.955,325.921,328.019,7858,39146
2008-03-05,325.916,325.916,321.56,324.94,5551,39191
2008-03-06,323.213,325.165,320.809,321.711,7487,39828
2008-03-07,322.912,323.963,322.161,323.062,6846,38374
2008-03-10,322.912,323.513,318.647,318.857,6314,38637
2008-03-11,318.406,320.809,316.304,317.731,7632,38415
2008-03-12,317.956,320.058,316.304,317.505,7259,38341
2008-03-13,316.154,316.454,312.699,314.426,9647,38799
2008-03-14,313.901,316.154,313.15,315.778,6902,38876
2008-03-17,314.501,315.703,311.047,311.873,5516,38668
2008-03-18,314.802,317.505,314.201,317.28,5773,37788
2008-03-19,316.154,316.304,312.999,315.252,5935,38983
2008-03-20,317.806,322.612,316.154,322.462,5517,37875
2008-03-24,322.462,322.462,318.256,319.533,2956,37483
2008-03-25,319.308,320.659,316.304,318.782,4152,37561
2008-03-26,317.505,318.106,313.525,314.051,5097,37323
2008-03-27,313.6,313.6,306.992,308.268,6946,37750
2008-03-28,308.494,309.094,306.691,307.217,5172,37323
2008-03-31,302.561,304.889,298.206,304.063,6592,37673
2008-04-01,304.063,307.893,304.063,304.439,6654,37833
2008-04-02,302.786,304.138,298.881,299.032,6264,37756
2008-04-03,298.581,305.49,298.581,302.786,4664,38433
2008-04-04,301.285,304.288,300.233,303.688,5731,38122
2008-04-07,302.186,306.241,301.134,306.166,6815,38257
2008-04-08,305.34,309.996,305.34,308.944,10358,38310
2008-04-09,306.992,307.142,301.585,302.862,10358,38310
2008-04-10,303.688,308.494,303.688,307.442,7930,37766
2008-04-11,308.944,310.897,307.292,309.545,8064,38626
2008-04-14,307.893,309.845,305.64,309.62,4628,37890
2008-04-15,312.098,313.901,311.498,312.249,5791,37655
2008-04-16,312.849,313.15,311.047,312.999,4430,37618
2008-04-17,314.201,318.857,314.051,318.481,5472,37265
2008-04-18,320.509,320.659,317.355,317.58,5847,36992
2008-04-21,318.406,319.758,317.806,318.481,4043,36763
2008-04-22,318.857,319.308,317.205,318.632,3246,36651
2008-04-23,318.857,320.584,318.406,320.134,3184,36022
2008-04-24,320.058,322.311,319.007,321.485,3697,35648
2008-04-25,323.213,324.714,321.711,323.663,6641,34206
2008-04-28,322.011,322.161,320.209,320.584,5108,33793
2008-04-29,318.857,319.007,316.003,316.454,5118,33243
2008-04-30,317.355,318.857,316.904,318.331,4764,32796
2008-05-01,316.454,316.904,315.102,315.252,3800,31893
2008-05-02,316.304,318.256,316.003,317.355,3133,31890
2008-05-05,316.621,317.942,315.008,317.648,3137,31800
2008-05-06,317.502,318.969,314.861,317.502,4106,31432
2008-05-07,316.621,317.942,315.301,317.722,4200,31117
2008-05-08,318.382,322.197,317.722,321.243,4516,31065
2008-05-09,320.436,323.371,318.089,322.564,4563,31142
2008-05-12,322.49,326.012,321.316,325.058,4505,31915
2008-05-13,326.598,330.707,326.305,330.56,6258,32437
2008-05-14,330.853,331.587,328.432,330.853,4503,32470
2008-05-15,330.56,333.861,330.266,332.394,4457,32462
2008-05-16,332.32,333.348,330.78,331.807,2902,32369
2008-05-19,331.0,331.293,327.772,327.919,2654,32080
2008-05-20,328.066,333.788,328.066,333.568,3869,32702
2008-05-21,333.054,336.722,333.054,335.622,4684,32475
2008-05-22,335.842,337.309,333.348,336.722,3773,32363
2008-05-23,336.135,339.216,336.135,338.116,2217,30656
2008-05-27,339.51,341.857,338.043,338.189,2913,31066
2008-05-28,338.189,341.124,338.189,339.803,2492,31227
2008-05-29,339.363,340.83,338.629,338.776,2719,31353
2008-05-30,338.85,341.711,338.85,340.463,2266,31848
2008-06-02,338.923,339.07,333.348,333.641,3099,31484
2008-06-03,334.521,337.089,332.907,333.861,3314,32003
2008-06-04,332.761,334.521,331.88,333.714,1860,31908
2008-06-05,333.861,336.282,331.0,331.073,3407,31815
2008-06-06,329.533,330.56,327.332,329.386,3930,31680
2008-06-09,326.012,327.332,324.544,324.764,3647,32058
2008-06-10,321.903,327.625,321.903,325.645,3610,32264
2008-06-11,323.224,328.359,318.822,319.336,6241,32029
2008-06-12,321.316,323.077,318.455,319.996,5430,32242
2008-06-13,319.849,325.278,319.849,320.289,3686,32616
2008-06-16,317.942,322.93,316.475,321.757,4327,32876
2008-06-17,321.757,324.398,319.849,323.737,4106,33020
2008-06-18,322.197,325.131,322.197,324.251,2365,32840
2008-06-19,325.131,327.479,323.811,326.012,2548,33271
2008-06-20,326.598,334.375,326.598,333.274,4256,33132
2008-06-23,336.282,337.456,331.293,331.734,4107,32710
2008-06-24,333.494,334.081,330.707,332.981,3147,32477
2008-06-25,332.761,333.348,330.12,330.266,2304,32388
2008-06-26,331.587,332.467,325.865,327.039,2831,32661
2008-06-27,327.772,329.826,327.185,327.846,2587,32832
2008-06-30,326.745,331.44,324.984,328.286,4489,33079
2008-07-01,329.239,332.32,328.066,329.166,4580,32629
2008-07-02,329.68,329.973,327.185,329.093,3641,32494
2008-07-03,328.506,329.239,327.185,327.405,2019,32519
2008-07-07,328.066,329.386,324.544,325.791,7071,32450
2008-07-08,325.865,330.12,325.865,327.259,8990,32405
2008-07-09,328.359,331.734,328.212,331.293,7421,32774
2008-07-10,332.761,334.521,330.413,330.56,8734,33119
2008-07-11,330.707,330.853,327.479,327.846,7819,33051
2008-07-14,327.919,328.212,323.224,323.297,7146,33508
2008-07-15,322.05,327.259,321.463,327.039,8098,33503
2008-07-16,325.425,327.039,325.131,326.085,4121,33638
2008-07-17,326.012,330.56,324.251,327.332,5325,34269
2008-07-18,328.066,334.815,328.066,334.154,6884,34942
2008-07-21,334.375,337.089,334.375,336.429,7868,35247
2008-07-22,336.282,336.282,333.494,334.154,6096,33575
2008-07-23,333.934,334.815,330.12,330.413,7347,32351
2008-07-24,330.707,332.027,329.68,329.753,5380,32447
2008-07-25,329.533,329.826,327.039,327.919,4606,32573
2008-07-28,325.571,327.479,325.425,326.158,2519,32575
2008-07-29,325.425,329.973,325.425,329.459,3636,32458
2008-07-30,327.772,331.0,327.479,330.193,4171,32104
2008-07-31,331.587,334.375,331.0,333.934,6076,33034
2008-08-01,334.815,340.243,334.815,339.29,10527,34948
2008-08-04,338.923,340.537,337.749,338.703,7408,34689
2008-08-05,338.272,339.781,335.972,336.619,8018,34797
2008-08-06,336.116,337.05,332.45,336.906,7843,35744
2008-08-07,334.894,335.469,331.732,333.097,8447,35793
2008-08-08,334.894,337.05,333.457,335.038,8852,35077
2008-08-11,333.744,335.9,333.744,335.541,6176,34575
2008-08-12,337.194,337.481,334.463,334.75,7389,34630
2008-08-13,334.319,334.894,329.863,331.085,6957,34359
2008-08-14,331.876,332.738,330.582,331.876,6059,34206
2008-08-15,333.025,333.457,327.851,328.857,5294,33542
2008-08-18,328.857,330.582,326.198,326.486,4403,32955
2008-08-19,325.983,326.27,323.539,323.97,5481,33455
2008-08-20,322.677,326.126,322.389,325.551,4594,33039
2008-08-21,324.545,326.845,322.82,323.898,3742,32603
2008-08-22,323.539,324.976,323.539,324.689,2759,32533
2008-08-25,324.402,325.839,323.108,324.545,2341,32395
2008-08-26,324.545,325.12,322.102,322.389,3868,32867
2008-08-27,321.096,321.527,319.083,319.73,5672,32283
2008-08-28,319.515,321.814,319.083,319.371,4288,32233
2008-08-29,319.083,321.671,318.221,319.515,4280,29917
2008-09-02,322.246,322.677,320.808,321.311,3785,30012
2008-09-03,321.096,321.383,317.646,317.79,4115,29889
2008-09-04,317.934,319.155,317.646,318.437,3812,30584
2008-09-05,318.22,319.519,317.066,319.302,5855,30321
2008-09-08,319.374,321.394,319.374,321.105,8015,28319
2008-09-09,320.24,320.24,318.076,318.581,6476,27888
2008-09-10,319.663,320.24,313.893,314.181,8153,27402
2008-09-11,313.46,315.335,311.585,313.244,6658,27159
2008-09-12,313.965,315.624,310.142,314.253,6012,27436
2008-09-15,311.296,314.47,311.296,313.965,4917,27161
2008-09-16,314.181,314.181,309.998,310.647,5584,26812
2008-09-17,312.883,313.748,304.372,306.68,6178,26566
2008-09-18,306.103,306.68,298.025,300.549,8137,26194
2008-09-19,303.362,305.959,302.641,305.382,5118,26535
2008-09-22,306.103,309.998,305.815,308.844,4484,26696
2008-09-23,308.123,308.411,306.392,307.546,2123,26791
2008-09-24,306.824,310.863,306.68,310.431,4043,27311
2008-09-25,309.565,309.854,307.257,308.267,3495,27364
2008-09-26,308.844,309.277,304.228,305.238,2547,25943
2008-09-29,302.353,302.353,296.582,296.582,2937,26017
2008-09-30,298.89,302.641,298.746,300.045,5011,26313
2008-10-01,298.458,300.477,295.717,298.746,4795,25855
2008-10-02,295.861,296.294,290.091,290.163,4165,25603
2008-10-03,291.966,296.294,290.091,290.452,4927,26004
2008-10-06,283.392,285.553,281.807,281.807,5322,25836
2008-10-07,286.418,288.867,282.384,284.257,6783,25087
2008-10-08,283.536,285.841,275.9,283.32,7814,24473
2008-10-09,284.401,286.706,281.951,282.528,6900,23960
2008-10-10,276.621,276.909,273.883,273.883,6232,23358
2008-10-13,282.528,282.528,277.053,277.125,8332,23874
2008-10-14,278.782,281.375,278.061,279.646,3827,23453
2008-10-15,277.917,278.206,273.163,276.116,4344,23186
2008-10-16,276.621,279.79,274.604,278.71,4723,23202
2008-10-17,281.591,285.841,281.591,284.257,4485,23158
2008-10-20,284.113,286.49,283.104,284.113,3929,22349
2008-10-21,283.824,287.282,283.824,286.562,2661,22519
2008-10-22,282.816,286.706,281.519,285.049,2892,22436
2008-10-23,286.13,288.003,278.206,278.854,3729,21821
2008-10-24,276.621,276.909,270.209,270.354,4795,21421
2008-10-27,271.146,277.197,270.714,275.324,3468,21436
2008-10-28,275.9,276.621,272.01,274.964,3954,21093
2008-10-29,277.341,279.79,276.477,278.061,3416,20764
2008-10-30,278.926,283.392,278.782,281.951,3131,20564
2008-10-31,282.168,286.85,282.096,284.185,3208,19299
2008-11-03,284.833,287.57,284.833,287.282,3084,19087
2008-11-04,287.282,290.02,285.553,289.587,3452,19265
2008-11-05,288.432,291.608,285.834,290.959,2921,18757
2008-11-06,288.432,288.721,284.102,285.762,2765,18752
2008-11-07,287.711,289.01,286.267,286.484,2619,19009
2008-11-10,286.123,287.999,283.669,285.473,3137,18777
2008-11-11,283.524,283.813,280.493,280.637,4067,18994
2008-11-12,280.926,281.142,276.739,277.822,3011,19168
2008-11-13,278.183,280.781,274.718,278.255,2051,18916
2008-11-14,279.482,279.482,274.863,275.079,2895,19145
2008-11-17,275.151,275.151,269.232,271.109,3753,19768
2008-11-18,272.12,272.986,263.025,263.458,3981,19992
2008-11-19,265.335,266.057,255.085,259.416,4867,19934
2008-11-20,255.518,262.736,253.497,259.127,4820,19826
2008-11-21,257.972,261.148,255.374,258.117,3169,19101
2008-11-24,259.56,264.613,259.56,263.891,2538,19191
2008-11-25,262.448,264.18,261.004,263.891,2220,19549
2008-11-26,262.881,266.562,262.881,266.201,1889,19632
2008-11-28,266.201,266.345,264.613,264.757,1382,19905
2008-12-01,262.448,262.808,257.539,258.766,2363,20267
2008-12-02,260.715,261.22,255.518,256.962,2202,20292
2008-12-03,256.096,259.921,254.363,255.085,4626,20542
2008-12-04,256.817,256.962,251.909,254.363,6612,20345
2008-12-05,253.353,253.353,246.712,250.177,3524,20661
2008-12-08,254.219,256.673,252.631,253.786,2475,20880
2008-12-09,253.208,253.786,249.744,249.888,3118,21141
2008-12-10,252.054,254.075,251.62,252.198,3344,21123
2008-12-11,253.064,256.24,251.909,252.92,2762,21647
2008-12-12,250.321,252.342,248.878,251.693,2093,21446
2008-12-15,253.497,254.652,250.899,254.435,3881,21207
2008-12-16,254.796,263.097,254.796,263.097,4886,20858
2008-12-17,266.634,270.82,265.19,269.81,2779,20585
2008-12-18,268.511,268.511,264.469,266.778,2811,20931
2008-12-19,265.19,272.986,264.18,269.954,1933,20364
2008-12-22,271.254,271.687,268.366,269.593,1805,20122
2008-12-23,270.387,271.614,270.099,270.243,1152,20074
2008-12-24,270.532,274.285,270.243,273.924,1198,20265
2008-12-26,272.12,272.12,267.644,268.005,2292,20291
2008-12-29,268.222,270.82,268.222,269.81,1590,20191
2008-12-30,271.109,273.13,270.387,271.326,1115,20371
2008-12-31,270.243,271.975,269.088,271.542,1986,20396
2009-01-02,274.285,278.327,274.285,276.017,3021,20622
2009-01-05,276.017,281.002,275.078,279.485,3419,20814
2009-01-06,280.568,282.88,277.245,277.318,4886,20350
2009-01-07,276.812,276.812,269.01,269.516,5483,20108
2009-01-08,270.166,270.889,265.543,266.554,4444,20592
2009-01-09,267.132,269.733,266.988,267.782,2642,20587
2009-01-12,268.288,271.611,267.71,269.661,3410,20893
2009-01-13,270.6,275.078,270.6,274.211,3251,20701
2009-01-14,272.333,274.211,268.144,273.417,2917,20742
2009-01-15,273.417,274.211,268.577,272.478,3069,21040
2009-01-16,274.356,275.078,270.889,272.694,1844,21162
2009-01-20,270.166,270.455,264.532,265.11,2999,21192
2009-01-21,265.254,266.988,261.642,263.954,5074,21268
2009-01-22,263.231,268.433,261.498,266.699,3205,21065
2009-01-23,263.954,268.577,262.365,267.999,2450,21255
2009-01-26,270.022,270.311,264.387,265.037,3783,20997
2009-01-27,265.11,265.11,260.342,260.848,4076,21387
2009-01-28,261.642,263.231,258.897,261.714,3282,21860
2009-01-29,258.319,262.076,258.03,261.859,1380,22161
2009-01-30,262.365,264.532,261.642,262.943,2271,21117
2009-02-02,267.349,271.611,266.554,271.611,3514,21065
2009-02-03,270.744,270.889,269.299,269.949,3167,20967
2009-02-04,270.744,271.178,269.588,269.949,2500,20762
2009-02-05,268.433,272.839,268.144,271.972,3361,21167
2009-02-06,272.478,275.367,272.044,272.622,5780,21701
2009-02-09,273.489,276.812,273.056,276.09,5640,21898
2009-02-10,277.968,279.99,276.234,276.523,6906,22183
2009-02-11,276.668,278.69,275.367,275.656,6417,21448
2009-02-12,274.067,276.234,273.634,274.934,3715,21777
2009-02-13,275.656,276.379,271.9,272.983,5560,22229
2009-02-17,268.721,268.721,264.315,264.748,5300,21859
2009-02-18,263.809,265.543,256.08,257.236,4170,22289
2009-02-19,262.365,262.365,257.597,261.859,6272,21725
2009-02-20,256.875,259.186,253.191,255.358,2911,21893
2009-02-23,256.586,257.164,253.118,256.441,3070,21772
2009-02-24,255.43,262.943,254.996,262.22,2533,21786
2009-02-25,261.353,262.076,259.62,261.787,3949,21982
2009-02-26,263.52,267.277,263.52,266.699,5421,22317
2009-02-27,265.976,270.166,264.676,267.566,5508,22035
2009-03-02,264.965,265.688,262.654,264.243,4984,21985
2009-03-03,266.121,266.265,264.532,265.76,2713,22192
2009-03-04,270.311,270.311,267.855,268.794,3710,22411
2009-03-05,268.369,268.369,265.536,265.89,3800,22787
2009-03-06,267.094,267.236,259.588,261.288,3453,22510
2009-03-09,261.005,263.837,260.863,262.562,2724,22939
2009-03-10,264.828,265.678,261.713,262.916,3249,23783
2009-03-11,264.545,265.112,259.588,261.429,2925,24257
2009-03-12,260.58,265.536,259.872,263.979,4783,24162
2009-03-13,265.678,267.377,265.395,266.315,4541,23731
2009-03-16,267.094,267.519,263.695,265.395,2423,23257
2009-03-17,264.97,267.236,264.545,267.165,2489,23070
2009-03-18,267.377,268.652,265.395,266.386,2290,23255
2009-03-19,270.068,271.484,268.086,271.13,4009,22951
2009-03-20,271.13,272.334,269.219,270.139,1970,22394
2009-03-23,270.493,273.184,270.493,272.051,1740,22005
2009-03-24,272.476,274.6,270.918,274.317,2826,21681
2009-03-25,275.025,275.167,269.785,270.139,5302,21030
2009-03-26,270.635,271.201,267.661,268.935,3022,20438
2009-03-27,267.944,269.36,266.315,267.094,2703,18949
2009-03-30,265.961,266.245,262.987,263.554,3354,19988
2009-03-31,263.695,267.094,262.704,266.953,3890,18678
2009-04-01,266.528,266.953,265.112,266.103,2866,18518
2009-04-02,268.086,272.476,265.112,270.918,4412,18398
2009-04-03,271.909,274.458,271.768,273.892,5156,17981
2009-04-06,273.609,276.158,272.617,276.016,2438,18526
2009-04-07,274.6,276.441,274.317,275.096,4975,18594
2009-04-08,275.591,277.008,275.167,275.804,4445,18914
2009-04-09,281.115,281.115,279.274,280.194,6873,18318
2009-04-13,279.84,282.531,279.203,282.177,3311,18569
2009-04-14,282.106,282.106,278.707,278.99,2953,19149
2009-04-15,280.69,283.664,280.69,283.026,5426,19052
2009-04-16,284.655,284.797,280.69,280.902,3995,19298
2009-04-17,282.248,283.026,280.336,281.893,3560,19497
2009-04-20,280.69,280.69,277.716,278.778,3343,19468
2009-04-21,279.274,283.168,279.061,283.168,1167,19923
2009-04-22,283.026,283.026,279.84,281.185,1252,19978
2009-04-23,281.185,282.956,280.265,280.761,1335,19926
2009-04-24,280.761,281.681,280.406,280.406,1418,20189
2009-04-27,278.707,281.539,277.008,279.274,2161,20189
2009-04-28,279.415,280.194,276.724,277.362,3066,20225
2009-04-29,277.716,280.477,277.645,279.698,3627,20208
2009-04-30,279.274,280.973,277.291,279.203,1544,19788
2009-05-01,277.787,279.203,275.875,275.875,1107,19845
2009-05-04,276.016,276.724,274.175,276.016,2589,20256
2009-05-05,276.786,276.926,275.876,276.576,2434,20311
2009-05-06,276.856,278.746,276.226,277.206,4546,20303
2009-05-07,277.206,278.256,274.686,277.416,3356,20628
2009-05-08,277.416,282.386,277.066,281.966,1584,21043
2009-05-11,281.826,285.256,281.056,284.626,3509,21511
2009-05-12,284.486,285.606,283.366,283.996,1653,21636
2009-05-13,283.996,285.956,281.826,283.366,2213,22016
2009-05-14,283.366,285.606,283.366,284.626,3641,21867
2009-05-15,284.976,286.447,283.996,284.626,2018,22302
2009-05-18,284.766,286.026,284.416,285.116,1303,22228
2009-05-19,285.326,285.886,282.806,283.856,1659,21855
2009-05-20,283.506,285.326,281.756,284.626,1764,22307
2009-05-21,284.206,284.906,282.666,284.696,950,22317
2009-05-22,285.116,286.307,284.346,285.396,1471,21063
2009-05-26,286.026,287.847,285.186,287.217,3283,21935
2009-05-27,287.007,288.827,286.447,286.797,2925,22848
2009-05-28,286.867,287.427,284.906,285.116,3429,23083
2009-05-29,285.326,285.606,283.506,284.486,2865,23636
2009-06-01,286.867,287.007,277.066,279.446,6065,23339
2009-06-02,279.516,280.426,272.096,272.096,5698,22414
2009-06-03,272.096,272.096,268.806,269.156,4205,21957
2009-06-04,270.346,272.096,267.756,270.486,3047,21606
2009-06-05,270.486,273.146,269.226,270.556,3831,21470
2009-06-08,269.926,271.046,264.396,268.386,3431,21754
2009-06-09,268.946,270.626,267.406,269.716,3056,21519
2009-06-10,270.206,270.976,267.616,269.296,3186,21706
2009-06-11,267.966,270.136,264.886,269.226,3342,21841
2009-06-12,269.436,273.916,268.246,273.216,1951,21903
2009-06-15,273.006,273.216,271.046,272.166,2377,22063
2009-06-16,271.816,274.406,268.666,270.346,2243,22253
2009-06-17,269.646,273.146,269.506,272.516,2556,22984
2009-06-18,272.516,276.436,272.166,273.846,2291,23033
2009-06-19,273.636,275.246,273.146,274.686,2872,22865
2009-06-22,275.106,277.346,274.826,276.996,3749,23319
2009-06-23,276.646,279.726,276.506,279.166,1275,23647
2009-06-24,279.866,280.006,275.876,276.506,580,23789
2009-06-25,276.366,278.186,276.296,277.696,1292,23799
2009-06-26,277.206,277.906,276.506,277.136,6463,23643
2009-06-29,277.066,285.536,276.716,284.836,8077,24166
2009-06-30,285.186,289.597,284.626,287.917,3085,24132
2009-07-01,287.567,291.347,286.867,290.507,1792,23772
2009-07-02,290.507,290.507,286.587,289.807,4274,24007
2009-07-06,290.157,292.327,289.807,290.927,4844,24593
2009-07-07,290.647,290.787,287.007,287.427,6933,24802
2009-07-08,287.847,288.407,284.206,284.626,6063,24437
2009-07-09,284.766,289.247,284.626,288.267,5238,24338
2009-07-10,288.127,288.687,286.167,288.197,8835,24775
2009-07-13,288.547,293.797,288.407,290.647,4781,25666
2009-07-14,291.207,291.207,288.547,288.757,4155,25599
2009-07-15,288.827,291.137,288.407,288.547,3775,26132
2009-07-16,289.177,292.887,289.037,290.927,2549,26759
2009-07-17,291.207,293.447,290.227,292.887,3156,26958
2009-07-20,293.027,293.727,290.577,292.537,4515,26986
2009-07-21,292.257,292.537,288.827,289.107,4116,27320
2009-07-22,289.457,289.807,287.847,288.757,2816,27773
2009-07-23,288.547,288.687,286.447,286.657,3112,27417
2009-07-24,286.517,287.147,284.486,287.147,2067,27185
2009-07-27,287.287,287.777,285.606,286.727,3126,27205
2009-07-28,287.287,288.827,285.326,287.987,3565,27163
2009-07-29,287.987,288.547,285.046,285.676,3102,26990
2009-07-30,286.307,286.867,283.996,285.956,2565,26731
2009-07-31,286.867,287.287,284.906,286.587,3407,27130
2009-08-03,286.167,286.937,285.046,285.606,5112,26932
2009-08-04,285.256,285.606,281.826,282.666,5586,26167
2009-08-05,282.175,285.407,279.505,284.282,6695,25448
2009-08-06,283.72,284.704,281.261,283.791,5437,25358
2009-08-07,282.596,285.126,281.964,283.791,5592,24600
2009-08-10,284.001,284.142,281.261,281.894,6148,23962
2009-08-11,281.612,283.58,280.348,280.98,7244,22832
2009-08-12,281.191,284.915,280.348,281.121,5947,23213
2009-08-13,280.98,282.737,280.277,280.769,4418,22969
2009-08-14,281.05,282.877,279.224,281.612,4501,22597
2009-08-17,281.05,282.877,280.488,282.175,3321,22684
2009-08-18,281.753,285.266,281.542,284.564,3808,23478
2009-08-19,284.564,285.547,283.439,284.282,2720,23346
2009-08-20,283.65,285.266,283.51,284.142,1677,23307
2009-08-21,284.072,284.353,282.456,283.018,4556,23462
2009-08-24,281.402,282.877,281.05,281.964,2962,23444
2009-08-25,282.666,282.666,280.769,280.98,3598,23879
2009-08-26,281.191,281.472,278.942,279.083,3363,24045
2009-08-27,279.083,279.224,276.835,277.748,3976,22729
2009-08-28,278.099,279.013,275.57,275.851,3677,23788
2009-08-31,275.289,275.289,273.181,273.321,3879,24214
2009-09-01,274.727,275.078,272.268,272.619,5205,25497
2009-09-02,272.97,277.397,272.127,277.116,5341,25699
2009-09-03,277.326,278.661,275.64,276.835,4353,25962
2009-09-04,275.64,278.24,275.64,278.099,5125,26433
2009-09-08,278.099,280.145,277.676,279.863,6456,26656
2009-09-09,280.075,283.108,279.651,282.826,7854,26560
2009-09-10,282.755,283.32,280.498,281.556,5445,26311
2009-09-11,280.427,282.191,279.934,280.286,4825,26548
2009-09-14,279.51,280.357,278.099,279.158,4913,26721
2009-09-15,279.228,279.934,276.9,277.747,5127,26301
2009-09-16,278.875,279.228,276.9,277.817,3306,26134
2009-09-17,277.605,277.888,272.173,272.879,6439,27134
2009-09-18,272.949,274.29,271.397,273.796,5276,27413
2009-09-21,274.29,274.431,272.173,272.949,4890,27691
2009-09-22,272.667,274.008,271.891,273.302,5312,27317
2009-09-23,272.879,276.265,272.385,276.195,5439,27179
2009-09-24,275.701,276.124,273.02,274.078,3715,26030
2009-09-25,274.431,274.501,272.456,272.597,3127,25854
2009-09-28,271.468,272.456,270.48,272.173,3705,26384
2009-09-29,271.609,271.679,270.057,270.339,3334,26672
2009-09-30,270.339,272.879,268.223,272.314,4250,26799
2009-10-01,272.456,273.02,266.671,267.94,5605,27157
2009-10-02,268.152,268.152,263.849,263.99,3846,27515
2009-10-05,264.06,264.483,262.368,263.214,4191,27601
2009-10-06,263.496,263.496,260.252,261.662,5531,27347
2009-10-07,262.368,264.06,262.156,262.861,5085,27730
2009-10-08,262.791,264.766,261.521,264.625,6540,27428
2009-10-09,264.695,266.881,263.284,266.529,6970,27045
2009-10-12,265.894,266.529,265.048,265.682,5207,27325
2009-10-13,265.4,265.965,262.368,262.72,6368,27545
2009-10-14,262.791,266.74,262.65,265.612,4959,27063
2009-10-15,266.599,268.363,266.529,266.881,3787,26665
2009-10-16,267.164,268.997,265.682,268.363,5864,26637
2009-10-19,268.927,270.267,268.433,269.491,4177,26256
2009-10-20,268.997,269.985,266.529,268.574,4944,26423
2009-10-21,269.985,272.383,269.703,271.466,5374,26160
2009-10-22,271.395,272.242,270.337,271.96,5171,27036
2009-10-23,271.96,272.806,269.279,269.35,5171,27036
2009-10-26,269.985,271.113,268.715,270.478,3788,26479
2009-10-27,270.408,270.972,269.562,270.408,2294,26527
2009-10-28,270.267,271.184,267.164,269.421,3848,26725
2009-10-29,269.562,270.549,266.458,266.881,3054,25481
2009-10-30,266.811,269.138,266.529,267.446,2925,25797
2009-11-02,268.292,269.914,267.446,268.363,3466,25634
2009-11-03,268.222,269.209,266.881,267.093,3355,25741
2009-11-04,268.504,270.126,266.881,269.068,3180,25506
2009-11-05,268.581,271.294,268.581,270.39,4439,25446
2009-11-06,270.111,271.642,266.424,267.329,3951,25365
2009-11-09,268.72,269.485,264.198,266.285,4154,25438
2009-11-10,266.007,266.285,263.085,263.572,4266,25103
2009-11-11,263.642,263.781,259.746,260.094,6868,25406
2009-11-12,259.746,260.164,257.103,257.381,4557,25619
2009-11-13,257.381,258.494,256.547,257.59,2263,25563
2009-11-16,257.938,258.494,255.851,257.034,2497,25871
2009-11-17,257.103,259.746,256.686,258.147,1790,26278
2009-11-18,258.633,258.912,255.016,255.225,3230,26432
2009-11-19,255.573,256.338,255.016,255.503,2053,25495
2009-11-20,255.781,258.355,255.642,257.868,2693,26012
2009-11-23,257.938,259.051,256.894,258.425,1806,26077
2009-11-24,258.773,260.164,257.729,259.399,1606,26211
2009-11-25,259.607,260.094,258.494,259.607,1524,26281
2009-11-27,259.607,259.607,255.642,257.381,2371,27176
2009-11-30,257.868,259.26,257.103,258.633,1728,27300
2009-12-01,258.355,263.085,256.964,260.094,5644,27976
2009-12-02,260.581,262.668,259.746,261.416,6095,28045
2009-12-03,261.277,261.555,258.077,259.051,4935,28913
2009-12-04,259.607,261.068,259.26,259.746,5622,29225
2009-12-07,260.442,260.859,258.286,258.355,6398,29238
2009-12-08,258.564,258.912,255.712,256.129,6691,29437
2009-12-09,256.547,257.173,251.538,253.347,9796,30574
2009-12-10,252.512,253.555,250.912,252.442,7139,31281
2009-12-11,253.625,255.642,251.955,254.808,5864,31373
2009-12-14,255.364,256.129,254.877,255.712,3028,31272
2009-12-15,255.712,259.19,255.712,258.842,4314,30639
2009-12-16,258.494,259.12,256.894,258.355,4187,30146
2009-12-17,258.355,261.764,258.355,261.486,6511,30468
2009-12-18,260.859,264.268,260.859,263.572,6357,30614
2009-12-21,264.059,265.242,262.668,263.085,5350,30543
2009-12-22,263.294,264.755,262.39,262.738,4287,30267
2009-12-23,263.433,266.007,263.085,265.59,4401,30198
2009-12-24,265.311,265.729,263.085,263.294,1962,30406
2009-12-28,262.738,266.216,262.251,265.798,3918,30360
2009-12-29,265.451,265.659,263.642,264.268,2628,30124
2009-12-30,264.059,265.451,263.92,264.685,2134,29918
2009-12-31,264.755,267.259,264.616,266.703,4806,29961
2010-01-04,266.633,267.051,264.825,266.772,5666,29680
2010-01-05,266.218,268.572,265.872,268.434,5018,29612
2010-01-06,268.226,268.988,267.119,267.949,3439,29212
2010-01-07,268.088,269.196,267.534,268.157,2191,29038
2010-01-08,267.603,267.949,266.218,267.672,2866,28999
2010-01-11,267.949,268.365,265.318,266.98,3987,28718
2010-01-12,266.842,273.073,266.772,272.242,8369,30465
2010-01-13,272.242,272.865,269.542,270.234,4017,29810
2010-01-14,270.442,272.796,269.957,271.273,5406,29943
2010-01-15,272.173,273.765,272.173,273.211,3596,30768
2010-01-19,273.558,276.119,273.488,276.05,3484,31648
2010-01-20,275.565,276.812,274.596,276.604,4490,32566
2010-01-21,276.05,276.05,273.627,275.219,4976,32865
2010-01-22,274.596,276.119,274.458,275.842,3017,33721
2010-01-25,275.289,275.289,273.211,273.558,2447,33704
2010-01-26,273.765,274.596,272.796,274.112,5344,34630
2010-01-27,274.112,275.15,271.688,272.865,3647,34908
2010-01-28,272.588,273.35,271.273,272.727,2801,32874
2010-01-29,272.796,276.189,272.796,273.835,5368,33787
2010-02-01,274.112,274.181,270.373,270.65,5865,33145
2010-02-02,270.857,272.588,269.057,269.265,5569,32378
2010-02-03,270.511,271.411,268.919,269.75,6991,31016
2010-02-04,269.957,270.857,269.057,269.334,5967,30714
2010-02-05,270.026,273.142,269.75,272.311,8504,30060
2010-02-08,272.381,276.258,271.55,274.804,7096,29536
2010-02-09,275.427,277.643,274.942,276.881,6902,30254
2010-02-10,277.296,278.127,275.496,277.643,6183,31082
2010-02-11,277.643,279.027,276.881,278.335,6221,31897
2010-02-12,278.266,279.443,276.189,276.258,4627,32863
2010-02-16,276.466,280.689,276.189,280.066,3758,33245
2010-02-17,279.512,281.797,278.889,281.312,3674,33834
2010-02-18,281.658,284.497,281.658,283.805,4506,34766
2010-02-19,283.182,285.259,282.074,284.151,4126,35752
2010-02-22,284.151,284.289,281.104,282.005,3953,35947
2010-02-23,281.451,281.935,279.72,280.135,4702,36164
2010-02-24,281.243,281.451,279.304,280.135,3926,36537
2010-02-25,280.274,280.689,278.335,279.443,3726,36386
2010-02-26,279.581,280.204,279.027,279.858,2219,36229
2010-03-01,279.858,283.043,279.72,282.766,5429,37216
2010-03-02,283.043,284.082,281.866,283.528,7576,37563
2010-03-03,283.666,284.982,283.182,283.874,6906,37606
2010-03-04,283.874,284.428,282.766,283.943,7290,37494
2010-03-05,284.077,284.478,283.274,284.278,5179,38161
2010-03-08,283.943,286.887,283.943,285.348,10078,38431
2010-03-09,285.549,286.486,284.746,285.281,7176,38582
2010-03-10,284.947,285.549,281.401,282.137,8854,38644
2010-03-11,281.869,283.676,281.334,283.007,9539,39485
2010-03-12,283.676,287.422,283.408,287.155,5976,39013
2010-03-15,286.887,287.556,285.549,287.355,3525,38968
2010-03-16,287.422,287.69,285.95,286.352,2683,39043
2010-03-17,286.084,287.958,286.084,287.288,3635,39202
2010-03-18,287.824,293.979,287.824,293.109,8029,40418
2010-03-19,293.845,297.993,291.838,295.384,6971,41087
2010-03-22,295.116,296.387,290.5,292.507,5535,41570
2010-03-23,292.641,294.046,289.764,291.035,6516,41713
2010-03-24,290.634,294.113,290.165,293.109,6708,42724
2010-03-25,293.979,294.113,290.768,291.37,5624,40348
2010-03-26,290.901,293.042,289.296,289.429,5880,39863
2010-03-29,290.834,295.919,290.834,294.113,3942,40760
2010-03-30,295.25,297.324,293.31,296.99,4368,40985
2010-03-31,297.057,302.677,295.852,302.342,7424,42806
2010-04-01,302.61,302.944,300.335,301.606,6739,42295
2010-04-05,302.543,306.958,302.476,305.42,7084,43071
2010-04-06,305.085,307.159,302.208,303.011,5805,42740
2010-04-07,306.557,308.698,304.684,305.754,6811,42719
2010-04-08,304.817,306.289,303.613,305.219,7779,43147
2010-04-09,305.754,310.17,305.687,308.765,8611,43215
2010-04-12,308.966,310.103,307.092,307.895,6911,43142
2010-04-13,307.494,308.096,302.677,304.015,7389,43097
2010-04-14,304.148,304.349,300.201,300.268,7607,43777
2010-04-15,300.469,302.944,299.666,301.874,8202,43747
2010-04-16,302.409,304.215,298.261,301.539,7577,43468
2010-04-19,301.539,302.677,299.867,302.543,4078,44023
2010-04-20,302.61,302.61,300.803,301.205,4924,43466
2010-04-21,301.071,303.479,301.071,302.275,6026,44136
2010-04-22,302.81,303.212,300.469,301.807,4119,43523
2010-04-23,302.208,303.948,300.669,301.272,5169,44459
2010-04-26,303.078,304.751,301.138,304.416,4808,44470
2010-04-27,304.817,306.691,300.536,302.61,7647,44845
2010-04-28,301.74,303.546,299.8,300.536,3986,45214
2010-04-29,301.071,302.944,300.536,301.138,3747,44440
2010-04-30,301.338,303.546,300.602,301.874,3835,44580
2010-05-03,302.074,303.747,300.402,303.479,4230,44406
2010-05-04,303.68,304.148,301.071,303.546,5002,44244
2010-05-05,303.937,305.238,302.18,303.742,3697,43783
2010-05-06,303.546,304.197,295.932,300.748,4760,43161
2010-05-07,300.032,301.138,297.559,299.056,5404,42355
2010-05-10,299.902,302.961,299.902,301.789,4345,42400
2010-05-11,301.984,301.984,298.47,300.943,4634,41830
2010-05-12,300.683,301.203,298.144,298.795,5249,41212
2010-05-13,298.73,300.032,298.34,299.576,3584,41162
2010-05-14,299.381,300.357,293.654,294.109,5976,40139
2010-05-17,294.435,295.086,291.571,291.701,5524,39128
2010-05-18,292.612,294.695,292.157,293.068,3680,38797
2010-05-19,291.962,293.654,289.553,293.068,4265,38753
2010-05-20,293.003,294.044,285.518,287.471,8519,36902
2010-05-21,287.211,288.838,284.868,286.755,4207,36088
2010-05-24,287.341,287.341,283.11,283.371,5464,35016
2010-05-25,283.24,283.306,279.075,279.27,6157,34838
2010-05-26,280.767,282.004,279.205,281.939,4275,34177
2010-05-27,281.028,283.371,279.856,282.459,3364,32591
2010-05-28,282.85,283.24,281.223,282.264,2350,32606
2010-06-01,281.744,285.063,280.182,284.998,3159,32500
2010-06-02,284.477,286.56,283.11,285.453,3491,32460
2010-06-03,286.495,287.536,284.737,285.518,2532,32378
2010-06-04,286.104,286.755,282.459,283.436,3236,32560
2010-06-07,284.477,284.802,281.223,282.199,3575,32559
2010-06-08,281.678,284.607,281.613,283.371,2606,32539
2010-06-09,283.436,286.039,283.436,284.347,2595,32583
2010-06-10,284.737,288.968,283.306,286.95,3869,32621
2010-06-11,287.471,289.619,286.364,286.56,2690,32714
2010-06-14,286.755,288.317,286.755,287.471,2483,32661
2010-06-15,288.317,289.879,287.341,288.903,4051,33485
2010-06-16,289.033,290.139,287.276,288.707,2554,33365
2010-06-17,288.057,288.707,286.69,286.755,2223,34028
2010-06-18,286.69,287.601,286.234,286.82,2211,34126
2010-06-21,286.82,291.441,286.82,290.79,2561,34810
2010-06-22,291.181,294.109,290.074,291.115,3554,35136
2010-06-23,290.4,292.808,290.074,291.311,1694,35148
2010-06-24,291.115,293.849,291.05,293.328,2467,35603
2010-06-25,293.784,295.476,293.458,294.695,2381,35939
2010-06-28,295.02,297.689,294.825,296.713,3126,36681
2010-06-29,296.843,297.624,292.808,293.849,3574,36541
2010-06-30,293.979,296.257,291.636,294.305,5715,36391
2010-07-01,294.76,294.76,292.482,293.133,4504,36598
2010-07-02,293.524,295.932,293.133,293.328,3770,36397
2010-07-06,294.174,296.127,293.393,295.541,4899,37453
2010-07-07,295.736,296.452,294.239,295.606,4744,37179
2010-07-08,296.257,296.778,294.955,295.736,9418,37608
2010-07-09,296.387,296.778,294.435,294.695,7682,38044
2010-07-12,295.216,295.281,292.743,293.328,6992,38130
2010-07-13,293.263,296.517,293.003,295.801,5896,38387
2010-07-14,296.127,297.103,294.89,295.801,6225,38668
2010-07-15,296.127,298.665,294.565,295.151,3794,38370
2010-07-16,295.541,295.867,293.784,294.435,3062,37548
2010-07-19,294.825,297.949,294.825,297.884,4391,37626
2010-07-20,297.819,298.6,296.908,298.014,3473,37488
2010-07-21,298.21,298.86,296.517,298.47,2376,37282
2010-07-22,298.079,299.381,297.429,299.121,2583,36343
2010-07-23,298.6,300.292,298.535,299.837,3459,36560
2010-07-26,301.919,301.919,299.056,299.251,5648,37020
2010-07-27,299.381,299.576,297.819,299.121,4070,37469
2010-07-28,299.056,299.056,296.778,298.144,5312,38028
2010-07-29,297.363,298.535,295.086,296.062,6717,37529
2010-07-30,295.476,296.192,294.435,296.062,7860,38446
2010-08-02,295.476,295.801,292.873,293.133,7034,37825
2010-08-03,293.393,294.305,292.547,294.174,5002,37636
2010-08-04,293.524,296.517,293.524,295.736,6984,36301
2010-08-05,295.736,296.385,291.843,292.492,6725,35742
2010-08-06,293.725,293.725,291.323,291.388,7063,34594
2010-08-09,291.518,291.778,290.285,290.739,10802,34420
2010-08-10,291.258,292.816,290.22,290.869,6457,33759
2010-08-11,291.648,293.27,289.441,292.167,7570,33141
2010-08-12,292.297,292.556,289.766,290.025,8346,32363
2010-08-13,290.545,290.674,288.598,288.922,4659,32497
2010-08-16,289.766,294.438,289.117,293.27,4118,32409
2010-08-17,293.854,295.931,293.205,294.309,4600,32497
2010-08-18,294.893,297.813,294.633,297.424,5376,32305
2010-08-19,296.71,302.226,296.71,300.214,9444,34445
2010-08-20,299.5,303.135,299.5,302.81,8012,36015
2010-08-23,302.356,304.173,302.031,303.459,7136,37135
2010-08-24,303.135,303.654,300.928,301.642,4765,37217
2010-08-25,301.382,303.135,300.214,302.161,6793,38355
2010-08-26,301.966,303.005,301.642,302.875,3346,36995
2010-08-27,301.447,302.94,300.474,301.837,4154,37745
2010-08-30,301.902,301.902,298.267,298.787,4135,37584
2010-08-31,299.241,300.409,296.191,296.191,6210,37289
2010-09-01,296.58,297.618,295.022,295.607,5204,37600
2010-09-02,295.671,298.527,295.152,297.878,5202,37268
2010-09-03,298.527,298.527,295.931,296.385,5239,37268
2010-09-07,296.45,296.965,289.431,289.56,9683,35157
2010-09-08,289.753,291.299,287.435,289.56,11565,33641
2010-09-09,290.526,290.912,287.371,287.822,8581,33400
2010-09-10,288.465,290.011,286.92,288.015,8727,33593
2010-09-13,288.208,290.719,288.079,289.431,5120,33958
2010-09-14,289.689,290.268,287.306,288.723,6684,34646
2010-09-15,288.53,288.916,284.602,287.178,5096,34944
2010-09-16,287.564,290.14,286.276,288.659,5469,34925
2010-09-17,289.753,290.011,287.95,288.079,4217,34742
2010-09-20,286.534,286.534,283.443,285.246,5706,34662
2010-09-21,285.632,287.113,283.636,284.988,5356,34453
2010-09-22,284.023,284.538,280.159,280.803,5604,33895
2010-09-23,281.898,282.992,280.546,281.511,3483,33576
2010-09-24,282.413,282.413,279.065,279.902,4659,33105
2010-09-27,280.159,283.572,278.227,281.769,6268,32316
2010-09-28,282.542,284.731,282.22,284.344,7446,30943
2010-09-29,284.731,284.924,281.962,282.155,4149,31080
2010-09-30,282.091,287.693,281.447,287.306,8029,30463
2010-10-01,287.628,288.916,286.534,287.95,5922,30837
2010-10-04,288.015,288.015,284.151,284.602,4495,30485
2010-10-05,284.923,285.824,281.516,281.581,4531,30272
2010-10-06,282.288,282.609,280.873,280.938,4223,29846
2010-10-07,281.388,282.031,279.395,280.23,4678,30046
2010-10-08,280.809,281.388,272.902,276.823,7051,29864
2010-10-11,276.695,276.695,272.966,275.473,7103,29708
2010-10-12,275.666,280.23,274.316,275.795,6038,29050
2010-10-13,275.987,278.366,274.123,278.045,5729,29298
2010-10-14,277.723,279.588,275.923,278.045,5928,30258
2010-10-15,279.652,283.766,279.588,281.259,7086,30022
2010-10-18,281.323,282.481,279.973,281.709,3454,30094
2010-10-19,281.966,285.888,280.23,284.923,5712,30039
2010-10-20,285.631,285.695,283.381,283.638,3499,29790
2010-10-21,284.152,288.845,283.831,287.109,5842,30113
2010-10-22,287.624,289.681,287.624,289.424,4681,30021
2010-10-25,289.166,289.166,286.531,287.688,3727,29744
2010-10-26,287.752,288.395,286.852,287.624,3018,29401
2010-10-27,287.624,288.716,286.659,286.852,5977,29057
2010-10-28,287.238,288.074,285.309,285.309,5467,25705
2010-10-29,286.081,286.081,282.866,283.702,4025,25798
2010-11-01,283.766,284.666,282.416,283.766,3729,25982
2010-11-02,284.152,286.981,284.023,286.852,3252,25826
2010-11-03,286.981,286.981,283.895,285.116,2803,25712
2010-11-04,283.766,285.245,282.095,283.188,3155,25774
2010-11-05,283.765,284.599,282.418,284.15,3155,25774
2010-11-08,284.086,286.779,283.316,286.33,2850,25805
2010-11-09,286.33,291.396,283.765,290.947,7611,26901
2010-11-10,290.114,296.847,290.049,294.859,7090,27675
2010-11-11,294.859,295.693,293.705,295.18,4380,28199
2010-11-12,294.795,296.526,292.614,293.448,4820,28694
2010-11-15,293.576,295.628,293.448,295.115,3896,29287
2010-11-16,295.5,295.628,292.166,294.602,3721,29189
2010-11-17,294.346,295.372,293.192,294.346,3289,29004
2010-11-18,294.731,298.45,294.218,297.681,4524,28934
2010-11-19,296.847,301.656,295.949,301.143,4802,30198
2010-11-22,301.079,302.554,299.733,301.143,3815,31337
2010-11-23,301.015,303.003,300.438,302.234,4349,32377
2010-11-24,302.747,304.478,302.618,303.388,4919,33538
2010-11-26,303.388,305.697,303.196,304.606,2710,34549
2010-11-29,305.184,305.697,303.26,303.709,3546,35628
2010-11-30,303.196,308.262,300.823,305.697,7944,37221
2010-12-01,306.338,306.851,302.747,303.709,6775,37586
2010-12-02,304.863,305.248,302.298,304.414,4682,38544
2010-12-03,304.222,305.889,303.644,304.414,4770,38716
2010-12-06,305.119,305.568,303.901,303.965,5117,39114
2010-12-07,304.414,305.248,299.797,300.695,8816,38400
2010-12-08,301.143,303.709,299.861,303.131,6512,39258
2010-12-09,302.298,304.222,301.592,302.875,4310,39637
2010-12-10,303.131,303.516,302.17,303.131,3908,39818
2010-12-13,303.516,306.53,303.516,305.761,6103,40326
2010-12-14,305.761,305.889,302.105,302.554,7117,40066
2010-12-15,303.324,303.773,300.823,301.785,3322,39938
2010-12-16,301.721,305.376,301.592,303.644,4158,40230
2010-12-17,304.414,305.632,303.901,305.312,4417,40677
2010-12-20,305.44,310.057,304.093,309.672,7614,42619
2010-12-21,309.672,312.238,308.646,311.276,6586,43851
2010-12-22,311.404,314.161,309.416,312.109,6502,45211
2010-12-23,312.558,313.52,311.019,311.532,5,46257
2010-12-27,311.34,311.34,309.288,309.608,5490,46747
2010-12-28,309.416,312.045,309.352,309.608,4116,47185
2010-12-29,309.608,311.404,308.967,309.993,4343,48060
2010-12-30,311.404,312.879,309.288,309.929,4919,48442
2010-12-31,310.698,313.52,309.801,312.622,2456,48722
2011-01-03,313.777,313.841,310.57,311.019,3639,48982
2011-01-04,311.147,311.147,309.48,310.378,5253,49136
2011-01-05,310.758,311.519,309.364,310.378,4668,49005
2011-01-06,310.758,313.991,310.758,312.089,4269,49255
2011-01-07,312.47,313.04,309.68,311.265,5760,49157
2011-01-10,311.392,314.435,311.265,312.977,3924,49561
2011-01-11,313.231,318.429,313.167,317.732,7599,50673
2011-01-12,318.239,320.838,317.161,319.633,5762,51078
2011-01-13,320.331,322.676,317.922,321.789,5411,52298
2011-01-14,321.535,323.627,320.521,322.803,4478,52928
2011-01-18,323.627,329.713,323.374,324.451,9830,53444
2011-01-19,324.515,325.275,322.169,323.31,4718,53711
2011-01-20,322.486,323.31,319.76,320.267,6448,53661
2011-01-21,320.648,321.282,318.302,318.365,4258,53619
2011-01-24,318.175,319.507,317.288,318.365,4206,54207
2011-01-25,317.795,318.809,315.766,317.288,3797,53897
2011-01-26,317.668,320.204,316.907,319.824,5049,54574
2011-01-27,319.76,321.218,317.605,318.492,4839,52548
2011-01-28,318.556,321.472,317.922,320.077,4774,52418
2011-01-31,321.028,326.036,321.028,324.578,6484,53221
2011-02-01,324.578,324.895,322.169,323.247,4326,52705
2011-02-02,323.691,325.466,316.083,318.999,7895,51790
2011-02-03,319.507,319.507,315.957,318.239,6144,51444
2011-02-04,318.302,318.492,316.4,316.971,4875,50783
2011-02-07,316.337,318.936,314.942,315.893,5754,50357
2011-02-08,315.196,317.351,314.435,315.069,7194,50448
2011-02-09,315.513,316.907,311.646,311.709,10771,49165
2011-02-10,312.153,318.049,311.329,316.527,9464,48160
2011-02-11,317.034,320.141,315.576,319.57,7135,48765
2011-02-14,320.141,325.909,319.887,325.529,7889,49843
2011-02-15,325.973,328.382,324.832,325.909,6156,49716
2011-02-16,327.05,331.235,326.734,330.854,6944,50955
2011-02-17,330.854,332.439,329.016,331.171,6462,51273
2011-02-18,331.678,332.185,328.255,329.84,3838,51265
2011-02-22,329.84,331.171,326.924,327.621,7469,51176
2011-02-23,328.762,330.727,323.627,326.734,6226,50696
2011-02-24,327.367,329.016,325.909,328.128,5379,50342
2011-02-25,328.572,329.903,327.621,329.206,5712,49903
2011-02-28,329.65,334.468,327.684,329.84,10421,49996
2011-03-01,330.03,330.537,324.895,326.86,9861,50018
2011-03-02,325.846,329.967,324.578,328.065,7407,49633
2011-03-03,329.016,331.551,327.494,329.586,8529,49393
2011-03-04,330.664,331.742,327.241,329.523,7517,48744
2011-03-07,328.596,330.079,328.596,330.017,7323,48144
2011-03-08,329.461,333.538,329.461,332.858,8469,48448
2011-03-09,333.538,338.17,333.352,336.811,9360,48361
2011-03-10,336.997,337.491,334.032,336.07,9052,48198
2011-03-11,336.008,337.738,333.044,336.873,8500,48722
2011-03-14,336.873,336.873,333.476,334.773,6211,48233
2011-03-15,334.649,334.649,327.361,327.361,8002,45701
2011-03-16,324.458,327.114,319.949,319.949,8946,43925
2011-03-17,318.714,325.755,317.231,323.346,7520,42293
2011-03-18,323.284,326.126,320.258,321.802,3871,41648
2011-03-21,323.593,328.782,323.532,327.423,4149,41394
2011-03-22,328.226,329.585,326.126,328.905,3807,41194
2011-03-23,329.461,330.141,325.632,328.411,5519,41285
2011-03-24,329.152,332.488,329.152,331.252,3675,41473
2011-03-25,331.314,338.664,330.635,338.602,6115,42309
2011-03-28,338.541,338.973,336.317,338.911,4802,42728
2011-03-29,338.17,341.876,337.244,339.9,4417,42997
2011-03-30,341.567,344.532,339.776,342.926,6030,43775
2011-03-31,342.864,345.026,340.95,344.347,6040,42825
2011-04-01,343.173,345.273,342.679,344.409,5747,42941
2011-04-04,345.273,345.273,341.876,341.938,5521,43244
2011-04-05,342.247,343.544,339.158,340.147,7492,43148
2011-04-06,339.529,340.332,336.441,337.12,8177,43428
2011-04-07,336.873,337.738,333.785,335.329,8364,43891
2011-04-08,336.008,337.244,334.711,334.773,7188,43568
2011-04-11,334.402,334.897,332.611,333.229,5489,43366
2011-04-12,333.723,333.723,326.682,326.743,8111,42891
2011-04-13,327.608,329.646,326.682,328.658,8260,42762
2011-04-14,328.411,332.488,327.608,330.511,5638,42604
2011-04-15,330.449,331.191,328.473,329.338,6272,42771
2011-04-18,328.596,330.079,326.867,329.152,10229,42170
2011-04-19,329.646,332.982,329.461,332.241,8468,41805
2011-04-20,332.92,334.773,328.596,331.808,10655,42756
2011-04-21,331.067,331.994,325.57,328.535,4245,41220
2011-04-25,327.855,327.855,321.123,321.123,9190,40743
2011-04-26,320.196,321.802,317.973,318.096,13060,40870
2011-04-27,318.899,323.284,318.899,322.173,5929,40926
2011-04-28,323.037,325.632,321.184,324.582,5555,41691
2011-04-29,324.582,327.176,324.52,325.879,4006,41593
2011-05-02,325.755,327.052,322.914,323.779,3966,41574
2011-05-03,323.779,323.779,319.393,319.517,5285,41853
2011-05-04,319.949,321.74,318.158,319.393,3959,41817
2011-05-05,319.633,320.234,315.308,316.57,6259,40746
2011-05-06,315.969,320.174,313.566,319.033,7065,39621
2011-05-09,319.694,321.736,316.99,317.891,4820,39074
2011-05-10,318.492,319.754,317.711,318.072,4016,38933
2011-05-11,319.333,322.096,319.153,319.633,6249,39114
2011-05-12,320.174,322.637,316.33,321.796,7324,39323
2011-05-13,321.135,322.997,318.132,318.252,3762,39211
2011-05-16,318.312,320.655,315.248,315.308,3548,38879
2011-05-17,315.969,315.969,310.142,312.185,7850,38128
2011-05-18,312.966,313.086,307.499,307.559,6106,38341
2011-05-19,308.34,308.641,303.595,304.316,7158,37491
2011-05-20,304.075,304.976,301.072,302.153,6547,37126
2011-05-23,300.591,300.591,294.945,294.945,3472,36921
2011-05-24,292.542,297.708,289.418,295.005,7539,36029
2011-05-25,296.987,300.952,295.605,299.21,5670,35317
2011-05-26,300.291,301.072,295.545,295.605,3324,33646
2011-05-27,296.266,297.407,294.344,294.885,2298,33612
2011-05-31,296.026,300.531,296.026,298.849,4800,34259
2011-06-01,298.729,298.729,291.641,297.648,6554,35135
2011-06-02,294.945,299.15,294.945,297.648,3056,34956
2011-06-03,297.828,300.171,295.545,298.549,4022,35398
2011-06-06,298.969,303.715,297.588,298.188,3806,35317
2011-06-07,298.909,301.012,298.248,300.651,2665,35302
2011-06-08,300.711,301.552,297.888,299.87,3451,35334
2011-06-09,301.192,302.513,297.347,301.132,5248,35100
2011-06-10,301.252,302.033,296.927,297.047,4301,35395
2011-06-13,296.206,300.111,296.206,299.81,2772,35481
2011-06-14,299.87,306.598,299.51,305.757,7090,35335
2011-06-15,306.538,308.761,303.955,305.096,4829,35478
2011-06-16,305.457,312.305,305.397,312.305,3219,35335
2011-06-17,314.768,319.513,313.927,318.732,7457,35129
2011-06-20,321.976,325.941,321.255,325.58,5319,35389
2011-06-21,327.202,332.609,324.319,331.167,7088,36015
2011-06-22,330.566,333.63,327.923,331.587,5912,36605
2011-06-23,329.905,332.068,324.98,331.227,6212,36750
2011-06-24,330.746,333.99,328.223,333.029,4309,37195
2011-06-27,333.089,333.51,328.644,329.725,4310,37068
2011-06-28,329.245,332.428,329.004,331.287,5559,37104
2011-06-29,331.828,331.828,328.223,331.047,4167,36929
2011-06-30,330.807,335.612,330.326,331.768,6702,37016
2011-07-01,331.587,338.616,329.845,337.534,8180,37735
2011-07-05,337.655,340.958,335.852,339.457,6843,38485
2011-07-06,338.916,340.238,337.715,338.676,6300,39160
2011-07-07,339.276,345.884,338.556,345.764,7597,40214
2011-07-08,345.644,348.167,344.322,345.043,9677,41484
2011-07-11,343.481,346.305,341.259,344.442,9548,41295
2011-07-12,344.803,344.803,340.958,341.259,7936,41567
2011-07-13,341.379,342.76,334.831,336.153,9609,42003
2011-07-14,335.912,336.333,328.944,329.004,9992,42293
2011-07-15,328.584,329.365,323.838,326.061,7625,41278
2011-07-18,326.241,328.043,322.216,323.358,5067,40633
2011-07-19,323.778,330.566,323.778,325.761,5716,40476
2011-07-20,327.262,327.863,323.418,324.199,4932,40349
2011-07-21,325.04,327.863,323.298,324.86,5364,40444
2011-07-22,325.16,330.506,325.16,327.743,5670,40399
2011-07-25,325.58,328.103,324.139,326.902,4982,39970
2011-07-26,327.503,330.146,325.4,327.022,7875,39567
2011-07-27,327.743,327.743,323.838,325.28,5385,39703
2011-07-28,323.898,327.983,322.937,326.301,5789,39688
2011-07-29,326.782,331.587,324.98,329.305,6558,39280
2011-08-01,329.785,333.329,328.464,328.764,7520,38899
2011-08-02,329.425,330.506,323.538,324.379,10678,38227
2011-08-03,324.559,325.22,319.814,322.817,10420,36683
2011-08-04,322.637,323.658,318.973,319.934,9333,35895
2011-08-05,318.741,322.976,316.952,322.021,10834,35046
2011-08-08,319.934,321.723,318.025,318.86,9699,34448
2011-08-09,318.502,323.035,315.58,321.485,9661,33487
2011-08-10,322.618,323.99,320.888,322.32,6890,33719
2011-08-11,321.544,327.688,320.411,325.182,8573,34373
2011-08-12,326.614,330.312,326.435,328.105,4949,33640
2011-08-15,329.179,330.968,325.719,328.463,5201,33595
2011-08-16,327.21,328.761,326.674,327.747,3448,33829
2011-08-17,327.509,327.509,322.379,323.095,7533,33543
2011-08-18,322.618,323.214,317.548,317.846,6344,34270
2011-08-19,318.741,320.172,316.952,319.218,4273,34468
2011-08-22,318.681,321.306,318.681,320.172,3487,34483
2011-08-23,320.172,320.65,318.741,318.801,3758,34159
2011-08-24,319.337,319.576,313.075,313.85,8556,34229
2011-08-25,313.313,315.043,310.808,314.029,6083,31498
2011-08-26,315.938,318.622,313.134,316.355,5909,31221
2011-08-29,317.727,318.801,314.924,315.699,3681,31400
2011-08-30,315.997,317.309,315.162,316.415,3888,31436
2011-08-31,316.057,316.474,314.566,315.997,3883,31833
2011-09-01,315.52,317.429,314.029,316.713,4625,31763
2011-09-02,316.952,318.622,315.281,316.474,5889,31828
2011-09-06,315.879,320.402,315.165,320.104,6152,31828
2011-09-07,319.747,322.366,319.747,320.878,5769,32127
2011-09-08,321.473,323.735,317.427,322.901,10229,32400
2011-09-09,323.497,324.389,320.343,320.997,9361,32610
2011-09-12,320.7,324.092,320.045,322.604,8722,32664
2011-09-13,322.663,326.294,322.425,326.175,8858,32546
2011-09-14,325.877,331.352,325.877,330.757,12441,33839
2011-09-15,330.34,332.066,327.365,327.96,8588,34640
2011-09-16,328.019,329.448,325.401,327.246,5587,34952
2011-09-19,326.413,326.413,323.497,324.568,5525,35208
2011-09-20,324.151,327.662,323.199,327.365,6208,36068
2011-09-21,327.424,329.745,325.163,327.305,6808,36633
2011-09-22,325.103,325.341,320.164,320.402,9209,35311
2011-09-23,318.795,322.901,318.438,320.938,6780,34973
2011-09-26,324.687,328.079,324.687,328.079,5816,35033
2011-09-27,328.971,334.684,328.555,332.126,13638,36693
2011-09-28,331.59,333.792,331.054,332.364,7485,37653
2011-09-29,331.411,334.744,330.935,331.828,5982,35239
2011-09-30,332.84,338.077,329.983,334.506,10547,34881
2011-10-03,336.232,338.731,333.732,335.637,10652,35835
2011-10-04,336.41,337.005,329.924,330.638,9152,34723
2011-10-05,333.043,333.278,331.166,332.632,4465,34802
2011-10-06,333.16,333.16,330.579,332.222,6595,34364
2011-10-07,331.811,334.803,331.4,334.04,7022,34288
2011-10-10,335.214,338.499,332.75,335.859,7290,33424
2011-10-11,336.798,338.03,333.571,335.859,9121,33501
2011-10-12,336.387,338.264,335.39,336.328,6761,34572
2011-10-13,335.8,337.971,332.046,336.622,8894,34898
2011-10-14,337.267,340.024,335.8,338.91,6860,35741
2011-10-17,338.499,340.904,336.387,338.91,5294,36048
2011-10-18,338.792,340.024,335.566,336.504,6881,36060
2011-10-19,337.091,338.499,333.982,334.744,4982,36445
2011-10-20,333.923,335.214,330.872,333.278,7533,35574
2011-10-21,333.864,337.326,333.219,334.92,5891,36137
2011-10-24,334.627,336.035,333.747,335.096,3524,36212
2011-10-25,334.92,335.507,332.574,332.75,4601,36066
2011-10-26,333.043,335.742,332.046,332.515,6333,35896
2011-10-27,332.632,334.862,331.518,332.222,5447,33390
2011-10-28,332.515,334.51,330.286,331.107,5973,33374
2011-10-31,330.931,331.107,327.939,328.643,5742,31973
2011-11-01,328.526,335.214,326.766,335.214,7827,32196
2011-11-02,334.275,335.038,332.398,333.923,4515,32454
2011-11-03,333.747,334.568,333.278,333.336,5565,33662
2011-11-04,332.456,336.622,332.456,334.568,6701,33583
2011-11-07,335.703,335.703,332.412,333.15,5460,33731
2011-11-08,332.526,334.228,330.199,330.256,5375,33736
2011-11-09,330.312,331.391,329.121,329.915,3949,33372
2011-11-10,330.085,334.682,329.802,330.653,5105,33437
2011-11-11,330.312,332.185,329.348,330.653,4379,33172
2011-11-14,331.391,332.242,330.539,330.937,3705,33188
2011-11-15,331.164,337.065,331.164,336.781,6391,33959
2011-11-16,336.157,338.257,334.512,337.916,5011,34549
2011-11-17,337.462,340.356,334.341,339.505,5694,33527
2011-11-18,339.902,340.129,334.398,334.625,5311,33633
2011-11-21,334.625,335.079,330.312,331.788,5711,32622
2011-11-22,331.788,334.682,331.391,333.717,3469,32505
2011-11-23,333.774,333.944,330.539,330.937,5902,32134
2011-11-25,330.823,331.561,328.213,328.27,3258,31729
2011-11-28,329.575,330.71,328.326,328.497,4633,32226
2011-11-29,329.178,329.972,328.099,328.724,3733,31760
2011-11-30,329.575,333.15,328.156,331.447,4642,31715
2011-12-01,332.412,332.923,329.802,331.618,4859,31809
2011-12-02,331.674,334.512,331.674,333.831,4998,32641
2011-12-05,332.979,334.114,327.362,327.532,6701,32475
2011-12-06,328.213,328.667,321.857,322.595,10760,31152
2011-12-07,323.049,324.751,320.666,323.957,8087,30458
2011-12-08,324.581,326.227,323.106,323.39,5581,30136
2011-12-09,323.503,323.844,321.233,322.538,5809,30154
2011-12-12,321.801,324.808,319.815,324.581,6292,29880
2011-12-13,324.865,328.099,324.581,326.624,6982,30048
2011-12-14,325.943,326.965,323.844,326.284,4043,30051
2011-12-15,326.227,327.418,324.922,326.794,3037,30130
2011-12-16,326.567,326.567,323.446,324.695,3875,30189
2011-12-19,324.354,329.348,323.957,328.383,5099,30184
2011-12-20,327.589,328.837,325.83,327.589,3019,30297
2011-12-21,327.532,330.426,325.943,327.702,4344,30573
2011-12-22,327.872,334.285,327.872,333.377,5413,31339
2011-12-23,334.058,335.363,333.604,335.079,4652,31760
2011-12-27,334.682,334.966,332.242,334.001,4445,32581
2011-12-28,333.604,335.306,332.582,334.114,4841,33344
2011-12-29,334.341,335.136,332.979,333.377,5522,33555
2011-12-30,333.887,334.171,332.128,332.185,5502,33555
2012-01-03,333.32,335.193,332.639,332.923,5111,34896
2012-01-04,332.979,335.476,332.866,335.363,7547,35621
2012-01-05,335.363,338.816,334.416,336.031,6284,37275
2012-01-06,336.699,337.813,333.636,333.859,5900,37501
2012-01-09,333.971,334.973,332.411,333.581,6022,37662
2012-01-10,334.416,337.535,334.416,337.312,4670,37681
2012-01-11,337.201,337.98,335.418,336.087,7675,37752
2012-01-12,336.532,339.261,334.639,338.147,6871,38580
2012-01-13,337.702,340.319,337.033,339.428,5313,38580
2012-01-17,340.709,341.878,335.196,339.428,3582,39995
2012-01-18,340.152,340.82,338.983,340.319,7526,40121
2012-01-19,340.486,343.828,340.096,343.048,6779,41516
2012-01-20,343.661,345.888,342.38,342.714,5243,42413
2012-01-23,343.716,344.329,340.82,342.491,6056,42619
2012-01-24,342.38,345.498,342.213,344.997,6205,43304
2012-01-25,344.496,346.445,343.605,345.276,7005,44146
2012-01-26,344.83,345.164,342.101,342.213,3636,44504
2012-01-27,342.602,345.053,341.767,344.384,5472,43024
2012-01-30,344.273,344.886,341.99,343.828,6983,43453
2012-01-31,343.883,347.058,343.828,346.445,7758,44705
2012-02-01,346.389,347.949,344.607,347.169,5543,45484
2012-02-02,346.891,346.891,345.22,346.111,7470,46082
2012-02-03,345.999,347.002,343.493,344.05,7214,46824
2012-02-06,342.38,344.329,342.046,343.326,9518,47159
2012-02-07,343.493,346.167,343.159,345.276,7825,47757
2012-02-08,345.665,346.946,344.273,345.888,5764,48547
2012-02-09,345.777,347.392,344.384,345.61,8228,49067
2012-02-10,345.61,345.944,341.377,342.213,6623,49511
2012-02-13,343.159,344.886,342.769,344.663,8542,49914
2012-02-14,344.05,349.285,343.939,348.06,6821,50591
2012-02-15,348.338,350.51,346.723,348.895,6119,51269
2012-02-16,348.505,351.067,348.45,349.341,9938,52058
2012-02-17,349.731,354.297,349.675,352.905,5265,52058
2012-02-21,352.849,353.796,352.348,353.295,4986,54748
2012-02-22,353.183,353.629,352.292,352.905,5515,55330
2012-02-23,352.404,353.35,350.51,351.179,7106,56054
2012-02-24,351.179,352.348,350.232,351.234,8804,56556
2012-02-27,351.513,351.513,348.116,348.505,8351,56517
2012-02-28,348.561,349.285,346.501,346.946,9827,56207
2012-02-29,348.84,350.733,347.392,350.232,12826,56213
2012-03-01,351.958,354.743,349.731,353.239,12383,56531
2012-03-02,353.852,354.186,351.513,352.181,14365,55899
2012-03-05,352.505,352.614,346.126,347.207,14545,55310
2012-03-06,346.126,346.504,340.773,341.044,13936,55124
2012-03-07,341.746,342.017,337.746,340.827,9698,54772
2012-03-08,340.719,343.639,340.287,342.936,9471,54811
2012-03-09,342.774,343.206,339.259,339.854,10064,54116
2012-03-12,339.854,341.53,336.232,340.881,8365,53668
2012-03-13,341.044,344.504,340.827,343.909,4984,53578
2012-03-14,343.801,343.963,342.287,343.314,7795,53514
2012-03-15,342.449,344.828,339.259,340.179,9879,53493
2012-03-16,341.368,341.801,335.691,337.151,7074,52296
2012-03-19,336.502,337.367,334.231,334.718,8736,51587
2012-03-20,334.556,334.664,331.744,332.718,6410,50777
2012-03-21,332.718,335.475,331.961,333.907,6287,50067
2012-03-22,334.61,336.772,333.799,334.556,9560,50067
2012-03-23,335.367,335.691,329.69,331.907,6583,49715
2012-03-26,331.852,334.015,330.879,332.447,7785,49804
2012-03-27,332.988,337.151,332.718,335.367,8448,49535
2012-03-28,336.07,336.07,331.852,332.393,12297,48713
2012-03-29,332.555,333.691,327.365,328.338,12282,47767
2012-03-30,328.933,330.176,322.229,322.499,12066,43507
2012-04-02,323.418,324.77,318.715,323.148,12059,41918
2012-04-03,323.851,324.5,320.337,320.553,12285,41355
2012-04-04,320.715,322.067,316.174,320.499,11113,41405
2012-04-05,320.228,321.796,320.12,320.769,11113,41405
2012-04-09,320.985,324.229,319.904,321.148,14594,40309
2012-04-10,321.959,323.094,318.12,319.201,12588,40562
2012-04-11,318.552,325.148,317.093,323.148,8907,41206
2012-04-12,325.202,329.636,325.202,329.257,11701,40728
2012-04-13,330.122,330.771,327.635,327.689,8070,41160
2012-04-16,328.284,329.906,327.203,328.555,7791,40463
2012-04-17,329.636,332.285,328.663,331.15,8584,40413
2012-04-18,331.366,331.907,328.176,328.771,8134,40569
2012-04-19,330.176,330.231,327.311,328.879,6167,40755
2012-04-20,329.582,330.339,328.338,328.5,6983,41192
2012-04-23,328.176,328.176,323.905,326.23,9139,40976
2012-04-24,326.122,327.311,319.742,319.742,7223,41099
2012-04-25,321.148,323.202,319.688,321.364,8288,41386
2012-04-26,322.337,324.013,320.715,321.31,7940,41927
2012-04-27,320.769,322.175,318.985,321.742,8294,40746
2012-04-30,321.742,325.581,320.607,324.013,7115,40897
2012-05-01,324.121,326.122,323.418,324.77,7109,40940
2012-05-02,324.77,325.797,323.526,324.337,10116,41217
2012-05-03,323.581,330.122,323.364,330.068,8773,41494
2012-05-04,329.582,330.231,328.284,329.906,9752,41572
2012-05-07,329.697,333.506,329.124,332.723,9115,41850
2012-05-08,332.567,332.775,330.271,331.315,9891,42006
2012-05-09,331.888,332.723,330.063,331.575,9149,41942
2012-05-10,331.784,333.714,331.002,331.575,5875,42007
2012-05-11,330.897,330.897,328.237,328.602,5996,41274
2012-05-14,328.028,328.863,325.733,328.028,3817,40524
2012-05-15,327.872,329.28,327.193,329.019,5110,40454
2012-05-16,328.706,331.523,328.654,330.376,4758,40705
2012-05-17,330.376,333.819,330.376,333.714,7342,41104
2012-05-18,333.558,336.479,333.245,335.332,6062,41305
2012-05-21,337.001,337.001,331.941,331.993,5679,41340
2012-05-22,332.097,335.227,331.732,334.132,5322,41583
2012-05-23,333.975,334.549,330.271,330.689,2648,41659
2012-05-24,330.793,332.723,330.428,331.471,3541,41625
2012-05-25,332.41,333.819,330.584,330.741,5389,39451
2012-05-29,331.315,333.245,328.706,328.811,6088,38874
2012-05-30,329.071,330.01,322.707,325.681,5582,38216
2012-05-31,325.002,328.811,324.898,327.193,5584,38216
2012-06-01,328.08,329.124,325.159,328.393,4637,38145
2012-06-04,328.654,331.732,327.402,330.689,4705,38320
2012-06-05,331.732,332.514,330.428,332.149,4219,38923
2012-06-06,331.419,332.514,329.541,329.593,5257,38701
2012-06-07,330.584,332.514,328.967,331.993,3454,38805
2012-06-08,332.045,333.714,331.315,332.567,6168,38613
2012-06-11,332.567,334.706,331.836,334.393,6640,39299
2012-06-12,333.558,337.001,333.036,336.271,6576,40123
2012-06-13,336.479,336.897,330.376,330.428,6919,39874
2012-06-14,330.897,331.993,325.889,325.941,6809,39462
2012-06-15,327.246,327.35,324.689,325.576,5270,38620
2012-06-18,325.576,328.967,323.75,325.785,9415,38294
2012-06-19,325.107,325.472,319.994,320.516,7689,36913
2012-06-20,320.829,322.603,318.481,318.742,4673,36443
2012-06-21,319.421,320.777,317.595,318.534,4585,36858
2012-06-22,318.794,319.681,316.551,318.847,6776,36890
2012-06-25,316.134,316.812,312.587,312.587,13126,36509
2012-06-26,311.543,312.43,306.796,308.205,14394,36040
2012-06-27,308.726,312.534,303.77,310.604,10165,35656
2012-06-28,311.335,314.882,308.674,313.943,10111,35656
2012-06-29,314.152,316.343,312.117,316.03,5134,35925
2012-07-02,314.673,314.725,311.595,312.274,8818,35729
2012-07-03,311.961,311.961,307.37,307.579,8663,36121
2012-07-05,307.474,307.892,303.249,304.553,6694,36025
2012-07-06,304.448,307.109,304.448,305.753,9513,36536
2012-07-09,302.779,302.936,299.649,301.058,9312,36326
2012-07-10,301.318,302.518,298.814,299.127,14778,36446
2012-07-11,299.44,301.684,295.058,300.953,10953,35757
2012-07-12,300.484,300.484,294.693,294.693,14392,35557
2012-07-13,294.537,294.589,288.433,290.05,5922,36144
2012-07-16,285.094,285.094,283.79,283.79,16224,36344
2012-07-17,279.669,281.599,277.53,280.034,12410,37391
2012-07-18,280.191,286.294,279.304,286.294,13519,37184
2012-07-19,286.451,290.624,280.973,290.259,6707,36863
2012-07-20,290.52,290.676,283.999,283.999,9242,36609
2012-07-23,284.468,289.111,281.547,283.06,9158,36268
2012-07-24,283.269,288.433,282.59,287.285,8257,35857
2012-07-25,285.877,286.555,281.025,281.025,8475,35692
2012-07-26,281.025,284.26,278.886,283.79,9232,36012
2012-07-27,283.112,290.05,281.182,287.442,11630,36687
2012-07-30,283.79,289.581,283.321,288.485,8742,36678
2012-07-31,288.485,291.98,287.442,289.268,9873,36765
2012-08-01,289.268,293.806,287.703,291.667,8049,36993
2012-08-02,290.676,293.65,290.624,291.615,9990,36267
2012-08-03,292.867,294.798,289.476,289.946,6910,36308
2012-08-06,291.928,293.441,289.581,289.633,4976,36305
2012-08-07,290.259,291.511,288.485,290.05,6422,36092
2012-08-08,291.302,295.58,290.624,292.763,6534,35647
2012-08-09,293.754,293.754,290.624,291.041,4791,35682
2012-08-10,290.781,293.076,289.059,291.563,7957,35625
2012-08-13,293.65,297.823,293.598,297.719,8475,35839
2012-08-14,298.606,303.092,298.136,302.57,5920,35726
2012-08-15,302.727,303.509,300.953,301.475,7484,35387
2012-08-16,302.205,302.57,297.98,298.136,4436,36135
2012-08-17,298.136,299.284,296.519,296.728,2846,36131
2012-08-20,297.354,298.293,296.102,297.98,4421,36182
2012-08-21,297.928,298.814,294.067,294.485,3998,36574
2012-08-22,294.067,295.997,293.546,295.424,7353,36774
2012-08-23,294.328,300.64,293.911,299.388,5861,37235
2012-08-24,299.284,299.753,298.084,298.293,4064,37568
2012-08-27,298.397,299.336,297.197,297.667,6374,37751
2012-08-28,298.397,300.692,297.98,299.649,5352,38411
2012-08-29,299.127,301.84,297.667,299.858,5273,38871
2012-08-30,300.432,300.953,298.606,299.023,5486,39023
2012-08-31,299.44,303.353,299.44,301.736,4159,34953
2012-09-04,302.414,303.301,301.579,302.57,6780,34897
2012-09-05,302.468,304.527,302.262,302.931,7745,34651
2012-09-06,303.085,303.96,300.46,301.129,5946,33605
2012-09-07,300.46,302.622,299.07,300.923,6194,33410
2012-09-10,300.666,302.365,299.894,301.798,7755,33584
2012-09-11,301.798,303.394,301.129,301.335,6530,33331
2012-09-12,301.335,305.041,301.284,303.446,7301,33148
2012-09-13,303.909,305.041,302.416,302.725,7990,33207
2012-09-14,303.137,303.343,300.254,301.901,5108,33064
2012-09-17,302.982,304.887,302.004,302.673,5772,32920
2012-09-18,303.394,303.703,301.026,303.446,4694,32911
2012-09-19,303.291,303.291,300.306,302.673,7557,33343
2012-09-20,302.879,303.909,301.335,302.107,7645,33626
2012-09-21,302.776,303.548,301.953,303.137,4923,33823
2012-09-24,303.754,304.629,302.776,303.497,10964,33560
2012-09-25,303.703,303.754,298.71,298.916,8660,33243
2012-09-26,299.173,302.004,297.011,300.82,6631,33031
2012-09-27,301.541,302.468,299.379,301.078,10334,32988
2012-09-28,300.769,300.769,294.901,296.085,6360,31761
2012-10-01,295.776,298.452,294.386,297.886,6830,31392
2012-10-02,298.041,300.46,297.577,299.328,6936,30345
2012-10-03,299.585,301.129,298.144,299.173,5856,29836
2012-10-04,298.864,300.409,296.702,297.474,5550,29895
2012-10-05,297.423,299.106,296.862,298.239,4947,29862
2012-10-08,298.239,299.208,297.525,298.443,6907,29864
2012-10-09,298.188,299.82,297.831,299.259,4611,29270
2012-10-10,299.259,300.024,298.698,299.259,9300,28825
2012-10-11,298.647,298.953,293.191,293.344,7170,29569
2012-10-12,293.752,296.199,293.191,294.211,4082,29878
2012-10-15,295.384,296.964,295.18,296.913,7404,29937
2012-10-16,296.556,301.452,296.199,301.35,11888,29140
2012-10-17,300.738,305.481,300.738,304.512,5794,28290
2012-10-18,304.155,305.43,303.594,304.206,4380,27443
2012-10-19,304.053,304.92,302.625,302.676,4145,26944
2012-10-22,303.798,303.951,300.942,301.401,4336,26944
2012-10-23,301.197,302.421,299.463,299.973,3193,26607
2012-10-24,300.381,301.35,299.82,300.228,4737,26334
2012-10-25,300.483,300.789,296.811,297.933,5006,26207
2012-10-26,297.933,297.933,296.047,296.454,5578,25334
2012-10-29,295.996,298.086,294.721,297.678,4699,25449
2012-10-30,298.086,301.758,297.015,299.973,5241,25223
2012-10-31,299.667,300.075,297.27,298.443,5231,24827
2012-11-01,297.882,298.851,294.874,295.078,7576,24871
2012-11-02,295.792,296.505,295.129,295.588,2726,24955
2012-11-05,295.839,296.192,293.723,295.789,4234,25276
2012-11-06,295.789,296.091,294.429,295.688,3306,25451
2012-11-07,295.839,295.94,291.759,293.22,9191,26604
2012-11-08,292.817,294.378,291.91,293.975,4671,26652
2012-11-09,293.623,294.58,292.716,293.421,5266,26666
2012-11-12,294.076,294.983,293.22,294.126,3477,26692
2012-11-13,293.824,294.58,292.061,294.529,5038,26877
2012-11-14,294.227,294.227,290.7,291.96,4738,27448
2012-11-15,291.708,292.716,290.801,292.514,3090,26274
2012-11-16,292.716,293.572,291.91,293.421,2618,26482
2012-11-19,293.875,295.436,293.22,294.227,3333,26388
2012-11-20,294.227,294.933,292.917,294.328,1698,26399
2012-11-21,294.076,297.704,293.925,296.998,3474,26034
2012-11-23,297.25,298.107,296.797,298.006,2413,25748
2012-11-26,297.855,298.207,296.192,296.948,3427,25623
2012-11-27,296.394,297.704,294.781,296.091,3916,25872
2012-11-28,295.184,296.394,293.673,294.378,3488,26400
2012-11-29,294.227,296.746,294.026,295.739,3189,26651
2012-11-30,296.242,296.494,292.716,293.471,5367,27609
2012-12-03,292.313,293.774,291.91,293.421,3476,28033
2012-12-04,293.572,293.975,292.565,293.371,3959,28007
2012-12-05,293.623,295.688,293.068,295.033,5914,28460
2012-12-06,295.436,299.416,294.479,298.762,8615,28410
2012-12-07,298.61,300.273,297.955,299.82,6984,27568
2012-12-10,300.474,302.187,299.517,301.835,8176,27156
2012-12-11,301.281,307.326,301.281,306.47,12066,26616
2012-12-12,306.218,309.342,305.916,307.83,11537,27034
2012-12-13,306.923,310.299,306.923,308.586,9618,27890
2012-12-14,307.477,309.291,306.873,308.485,5646,28393
2012-12-17,309.09,311.357,308.636,310.853,5475,28914
2012-12-18,311.055,311.861,306.419,306.722,10598,29026
2012-12-19,306.923,309.644,306.621,309.291,6355,29771
2012-12-20,309.19,309.896,306.067,306.873,4135,29986
2012-12-21,307.477,307.981,305.311,306.621,4667,29967
2012-12-24,306.319,307.125,305.311,305.311,1525,29949
2012-12-26,306.47,308.485,305.563,306.47,3854,30243
2012-12-27,307.226,307.276,303.85,304.858,3436,30190
2012-12-28,305.462,307.226,304.303,306.369,3356,30311
2012-12-31,306.369,308.384,304.606,305.11,3500,30246
2013-01-02,306.117,307.226,302.691,304.707,4995,30316
2013-01-03,305.009,307.427,304.102,307.024,4882,30360
2013-01-04,306.873,309.543,306.823,308.687,7044,31540
2013-01-07,308.144,308.933,307.008,308.242,4201,31675
2013-01-08,307.897,308.687,305.774,306.07,7620,32526
2013-01-09,306.366,306.909,303.602,303.651,5569,32335
2013-01-10,303.849,303.948,301.627,301.973,6199,32159
2013-01-11,301.726,304.885,299.011,299.06,12223,31582
2013-01-14,297.974,299.899,296.74,299.011,9256,31807
2013-01-15,299.011,299.307,296.839,296.938,6420,31148
2013-01-16,297.332,297.629,292.445,292.692,12368,31042
2013-01-17,292.889,293.581,286.768,288.002,14638,30960
2013-01-18,289.681,290.273,285.188,288.99,11399,30750
2013-01-22,290.026,291.063,288.841,290.273,5721,30568
2013-01-23,290.322,291.063,287.904,290.569,9233,31323
2013-01-24,290.865,293.383,289.73,292.149,8263,31583
2013-01-25,293.186,293.877,291.754,292.149,6145,32003
2013-01-28,295.012,297.283,294.815,296.0,8769,31820
2013-01-29,295.111,295.901,293.531,293.877,5221,32183
2013-01-30,293.926,295.259,293.284,294.42,6213,32832
2013-01-31,294.222,296.345,294.173,295.308,3962,31290
2013-02-01,295.407,295.95,293.581,294.617,4178,31644
2013-02-04,294.963,295.21,292.149,293.976,7951,32908
2013-02-05,293.531,295.851,293.235,293.284,5432,32960
2013-02-06,293.581,294.025,290.372,291.359,6732,32924
2013-02-07,291.211,291.606,289.335,290.668,8771,32955
2013-02-08,290.767,291.507,286.176,286.324,9857,34052
2013-02-11,285.682,287.212,283.115,285.929,12186,35246
2013-02-12,285.188,286.324,280.005,282.868,16521,36828
2013-02-13,282.029,282.226,277.783,279.116,13187,37794
2013-02-14,278.623,282.473,274.821,281.733,13292,38784
2013-02-15,282.029,283.905,279.462,283.115,8005,38728
2013-02-19,283.164,283.905,281.042,282.72,5751,39278
2013-02-20,281.881,282.424,276.796,277.882,10205,39574
2013-02-21,278.129,279.511,276.796,277.833,6272,39419
2013-02-22,277.833,280.301,276.845,278.919,6948,39425
2013-02-25,279.61,280.647,276.352,278.03,5710,39340
2013-02-26,276.105,279.956,275.068,278.771,9623,39057
2013-02-27,278.771,280.35,277.981,279.314,7257,38986
2013-02-28,280.153,281.585,277.685,280.4,6982,39289
2013-03-01,281.091,283.115,279.116,279.511,8771,40070
2013-03-04,279.906,281.831,279.264,281.437,7267,39975
2013-03-05,281.865,281.865,278.007,278.579,8309,39641
2013-03-06,278.722,278.722,272.863,275.435,11654,39252
2013-03-07,275.388,277.483,273.578,276.102,10026,39923
2013-03-08,275.531,276.055,272.768,274.054,13465,40753
2013-03-11,273.578,275.531,273.006,273.864,7420,40580
2013-03-12,273.387,275.912,273.197,274.483,8310,41185
2013-03-13,275.292,276.864,274.054,275.197,8810,41475
2013-03-14,275.292,275.578,271.196,273.006,10376,41048
2013-03-15,273.102,273.149,268.434,268.767,8901,41072
2013-03-18,268.624,269.863,267.339,268.958,5236,41121
2013-03-19,268.624,268.624,265.1,267.481,9301,41044
2013-03-20,266.624,267.196,263.909,266.434,10117,41723
2013-03-21,267.196,270.149,266.195,267.624,10213,41859
2013-03-22,266.624,268.624,266.529,267.196,6851,42634
2013-03-25,268.243,268.863,266.624,267.72,4481,42714
2013-03-26,266.815,268.148,266.719,267.624,6061,43033
2013-03-27,267.196,271.101,266.815,270.672,10465,42530
2013-03-28,271.292,276.388,270.863,276.388,9012,39237
2013-04-01,277.674,281.675,277.674,281.341,10860,39320
2013-04-02,280.484,281.103,279.246,280.246,9504,38782
2013-04-03,279.627,281.484,278.388,279.246,9339,38450
2013-04-04,279.436,281.008,277.626,278.055,7091,37900
2013-04-05,277.483,278.865,274.721,274.911,8979,37785
2013-04-08,274.721,277.15,274.53,275.769,7872,37573
2013-04-09,275.816,276.626,275.15,275.769,6979,37164
2013-04-10,275.578,275.578,270.244,271.149,10346,37284
2013-04-11,270.72,272.054,269.291,270.101,11583,37031
2013-04-12,270.244,270.625,267.862,268.482,7360,37336
2013-04-15,268.482,268.482,264.386,266.338,8168,37472
2013-04-16,264.433,267.672,264.052,266.815,9542,37678
2013-04-17,267.148,269.339,265.719,268.434,7944,37739
2013-04-18,268.434,269.148,265.005,266.815,8347,38376
2013-04-19,265.386,266.005,263.623,265.195,7893,38984
2013-04-22,262.338,265.1,262.242,264.052,9022,39609
2013-04-23,264.1,267.958,263.719,265.957,11695,39356
2013-04-24,266.148,270.387,266.148,268.815,9741,38300
2013-04-25,269.148,271.101,266.576,270.911,6025,35620
2013-04-26,270.53,271.482,269.958,270.149,6604,36034
2013-04-29,268.624,268.958,266.767,267.529,6466,36213
2013-04-30,266.862,268.815,265.481,265.862,7674,35530
2013-05-01,265.481,267.529,265.29,265.767,5853,35463
2013-05-02,266.767,268.434,266.195,267.862,5589,35241
2013-05-03,268.196,268.815,263.862,264.386,7062,34563
2013-05-06,265.64,266.536,263.355,264.296,6109,34743
2013-05-07,263.534,263.937,261.876,262.683,8068,34331
2013-05-08,262.593,263.131,260.039,260.487,7794,34437
2013-05-09,260.353,262.19,260.173,261.652,7465,34475
2013-05-10,261.697,263.355,260.98,262.817,6113,35073
2013-05-13,263.489,264.878,261.338,262.055,5255,34882
2013-05-14,261.742,262.772,260.98,262.459,3582,34811
2013-05-15,262.414,262.593,260.353,260.442,3786,34835
2013-05-16,260.532,260.935,259.187,260.128,3226,35168
2013-05-17,259.86,260.442,256.454,256.992,5824,35251
2013-05-20,256.723,260.487,255.11,258.963,7771,35293
2013-05-21,260.397,263.31,260.128,262.548,5894,35054
2013-05-22,262.548,263.086,257.485,258.695,4757,34814
2013-05-23,257.753,259.008,255.065,255.692,5012,31908
2013-05-24,255.154,259.815,255.154,259.098,4514,31867
2013-05-28,258.515,261.069,257.485,260.756,3854,31707
2013-05-29,260.711,262.279,260.353,261.025,3044,31612
2013-05-30,260.621,262.145,258.381,258.426,3010,31556
2013-05-31,258.47,259.546,257.709,258.695,2813,31616
2013-06-03,258.695,260.621,257.171,258.874,4137,31755
2013-06-04,259.187,261.966,258.829,260.935,3244,31910
2013-06-05,261.428,261.831,259.187,259.187,2519,31882
2013-06-06,259.232,260.263,257.843,259.277,2594,31959
2013-06-07,258.963,259.725,256.857,257.44,3200,31971
2013-06-10,258.56,258.963,257.036,257.081,5045,32126
2013-06-11,257.305,261.652,256.499,259.322,5032,32068
2013-06-12,259.815,261.607,258.157,261.562,4929,32334
2013-06-13,260.98,261.921,259.591,260.756,3185,32671
2013-06-14,260.308,260.711,256.992,257.036,3609,32786
2013-06-17,257.574,259.232,256.768,259.053,4241,32882
2013-06-18,258.605,260.084,257.395,257.753,3604,32976
2013-06-19,258.112,259.949,257.798,259.277,3372,33000
2013-06-20,259.008,259.501,257.395,258.874,2553,33132
2013-06-21,257.888,263.4,257.574,263.355,6077,32781
2013-06-24,263.489,266.088,263.4,264.699,5676,32414
2013-06-25,264.386,265.909,263.579,265.058,4046,32407
2013-06-26,265.371,266.985,264.296,266.94,5511,32211
2013-06-27,266.85,269.001,266.671,268.329,4959,32236
2013-06-28,268.284,270.256,266.088,267.881,7963,32323
2013-07-01,268.687,271.152,268.643,271.062,5492,32714
2013-07-02,270.659,272.048,269.718,270.48,5312,32714
2013-07-03,269.897,271.466,269.001,270.569,4525,32717
2013-07-05,270.211,272.586,270.032,272.093,4810,32719
2013-07-08,271.555,272.81,271.197,271.735,6832,32503
2013-07-09,271.555,271.824,269.27,270.928,7251,32253
2013-07-10,270.614,271.152,269.449,269.852,6704,32487
2013-07-11,269.808,271.645,268.598,269.091,7281,32445
2013-07-12,268.911,269.628,268.06,269.091,7429,32992
2013-07-15,270.166,273.975,270.121,273.617,8385,33344
2013-07-16,273.303,274.02,272.227,273.437,6283,32827
2013-07-17,272.765,273.572,270.569,270.614,3754,32672
2013-07-18,270.883,273.796,270.838,272.586,4914,32990
2013-07-19,273.303,274.244,271.779,272.9,4999,32690
2013-07-22,274.154,274.647,272.989,274.11,4939,33213
2013-07-23,274.02,276.574,273.751,275.319,5408,33638
2013-07-24,275.454,276.395,274.244,274.289,5878,33609
2013-07-25,274.289,275.14,272.093,273.079,6794,33623
2013-07-26,273.079,274.468,272.676,273.527,5554,34147
2013-07-29,274.199,275.678,274.02,274.737,5832,34233
2013-07-30,274.423,274.961,273.034,274.692,5492,34242
2013-07-31,274.513,275.543,274.02,275.006,4202,34451
2013-08-01,275.319,277.291,275.14,275.588,8206,34725
2013-08-02,275.678,276.529,274.513,275.543,7064,34698
2013-08-05,276.158,276.421,275.236,275.543,3726,34761
2013-08-06,275.719,277.299,275.631,276.684,6945,35317
2013-08-07,277.123,277.342,274.183,274.447,10059,35777
2013-08-08,276.948,279.712,275.807,276.991,10866,36053
2013-08-09,276.904,278.088,276.07,276.377,6374,36327
2013-08-12,276.684,277.606,275.017,275.543,7317,36531
2013-08-13,275.719,277.299,275.543,276.772,5438,36359
2013-08-14,277.167,277.693,275.675,276.333,5091,36647
2013-08-15,276.772,277.035,275.192,275.675,7101,36105
2013-08-16,275.894,277.518,274.666,276.728,6287,36308
2013-08-19,276.728,278.79,276.07,277.211,6555,36868
2013-08-20,277.299,279.054,277.167,277.737,3229,36865
2013-08-21,278.044,278.352,276.684,276.772,5386,36794
2013-08-22,277.255,277.562,276.114,276.772,3598,36726
2013-08-23,276.421,276.904,274.885,274.929,5731,36722
2013-08-26,275.28,275.807,270.454,270.498,10661,35208
2013-08-27,271.507,272.911,270.673,272.516,5862,35338
2013-08-28,272.779,274.841,272.604,273.657,5136,35932
2013-08-29,273.701,274.71,273.086,274.183,4707,32581
2013-08-30,274.71,276.377,274.71,275.412,5081,32520
2013-09-03,275.807,278.001,275.675,275.851,5912,32580
2013-09-04,276.333,276.728,274.227,275.587,6898,32194
2013-09-05,275.458,276.107,274.073,274.809,3848,32090
2013-09-06,274.463,274.592,272.775,273.467,6925,31333
2013-09-09,273.597,273.727,272.126,273.511,8088,30567
2013-09-10,273.338,273.77,272.732,273.035,6221,30166
2013-09-11,273.035,275.544,272.299,273.814,8644,29581
2013-09-12,273.467,275.717,273.467,274.463,6722,29345
2013-09-13,275.068,275.674,274.463,275.631,6859,29528
2013-09-16,276.063,276.712,275.371,276.02,3619,29649
2013-09-17,276.02,276.02,272.992,273.208,5739,29078
2013-09-18,273.251,274.636,271.564,273.943,4152,29296
2013-09-19,274.722,275.847,274.419,275.804,4222,29349
2013-09-20,275.371,278.356,275.111,277.275,7124,29938
2013-09-23,278.313,280.952,278.226,280.519,7266,30849
2013-09-24,280.519,283.807,280.476,283.418,9685,31738
2013-09-25,283.072,284.067,281.904,281.947,6139,32343
2013-09-26,282.423,284.673,282.25,284.456,6401,31242
2013-09-27,283.764,285.365,283.461,284.024,4999,31774
2013-09-30,283.288,284.5,282.293,283.98,5132,32218
2013-10-01,283.418,285.149,283.115,284.5,8166,32784
2013-10-02,284.759,285.365,283.937,284.802,7022,33469
2013-10-03,284.673,285.062,283.375,283.98,5260,33859
2013-10-04,284.067,284.586,283.461,284.586,5814,34478
2013-10-07,283.986,284.886,283.171,283.772,5370,34508
2013-10-08,284.029,285.615,283.6,285.229,6455,34972
2013-10-09,285.315,285.486,283.814,285.315,8986,35435
2013-10-10,285.186,288.273,285.015,287.973,8149,35910
2013-10-11,288.016,291.06,287.716,290.288,5690,36545
2013-10-14,290.545,290.845,289.817,290.503,6158,36514
2013-10-15,289.131,289.474,286.644,287.244,6203,36708
2013-10-16,286.773,288.53,286.773,287.63,7077,37236
2013-10-17,287.973,289.688,284.372,286.215,7918,37728
2013-10-18,285.572,287.116,284.8,286.13,6169,37963
2013-10-21,285.701,286.558,284.886,285.358,4313,37789
2013-10-22,285.015,288.83,284.458,287.844,7313,38595
2013-10-23,288.23,289.388,286.987,287.459,5322,38927
2013-10-24,287.587,287.802,286.087,286.301,5046,38571
2013-10-25,286.644,287.587,285.186,285.787,4482,38534
2013-10-28,286.473,286.987,286.001,286.515,4148,38992
2013-10-29,286.387,287.244,285.143,285.958,5139,39006
2013-10-30,285.787,285.872,282.443,282.871,9562,39123
2013-10-31,282.828,283.643,281.456,281.885,8070,36717
2013-11-01,282.785,282.871,280.256,280.385,8911,36253
2013-11-04,280.728,280.942,279.699,280.556,5102,36241
2013-11-05,280.471,283.253,280.299,282.654,6686,36534
2013-11-06,283.039,283.981,282.44,283.467,4954,36942
2013-11-07,283.638,283.895,282.097,282.739,4850,37244
2013-11-08,282.911,284.58,281.498,281.541,7993,37710
2013-11-11,282.097,282.525,281.07,281.113,5871,37348
2013-11-12,281.883,283.039,281.155,281.155,4358,37361
2013-11-13,281.198,282.568,280.899,281.926,4280,37432
2013-11-14,282.054,283.296,282.054,282.868,4595,37889
2013-11-15,282.953,284.238,282.654,283.938,4472,38527
2013-11-18,284.195,284.537,280.984,281.327,9109,38584
2013-11-19,281.327,281.412,277.089,278.073,9283,38068
2013-11-20,278.159,279.315,277.859,278.673,5143,38000
2013-11-21,278.801,280.128,278.116,279.743,5338,38086
2013-11-22,279.743,280.299,279.443,279.957,3575,35937
2013-11-25,280.471,280.727,278.673,278.758,3257,36006
2013-11-26,278.715,282.012,278.715,281.455,4573,36167
2013-11-27,281.626,283.381,281.284,283.082,6014,37012
2013-11-29,283.467,283.724,282.996,283.339,3775,37472
2013-12-02,283.638,284.024,282.911,283.125,4909,37923
2013-12-03,283.21,283.724,282.183,282.268,5188,38447
2013-12-04,282.097,283.21,281.669,282.611,4595,38761
2013-12-05,282.696,284.024,280.899,281.027,6701,38758
2013-12-06,281.241,282.054,280.428,281.626,6323,38741
2013-12-09,281.712,283.167,281.626,282.782,6296,39632
2013-12-10,282.696,283.681,282.268,283.467,7950,40180
2013-12-11,283.381,283.895,282.996,283.681,6207,40600
2013-12-12,283.467,286.678,283.381,286.078,12909,42456
2013-12-13,286.164,286.977,284.965,286.078,6517,43103
2013-12-16,285.95,288.475,285.136,288.347,7060,44534
2013-12-17,287.962,288.433,285.693,286.207,4921,45059
2013-12-18,286.207,286.421,284.28,284.323,5922,45116
2013-12-19,284.922,285.907,284.623,285.607,3348,45314
2013-12-20,285.864,286.506,284.88,285.907,6849,46143
2013-12-23,285.351,286.164,284.666,285.393,8057,45702
2013-12-24,285.222,285.607,284.238,284.666,2679,45673
2013-12-26,285.136,285.779,284.88,285.265,2424,45844
2013-12-27,285.265,287.191,285.265,285.95,6594,46450
2013-12-30,286.335,286.464,284.238,286.421,4586,46220
2013-12-31,286.292,286.892,285.179,285.436,2770,46217
2014-01-02,285.736,286.892,285.479,285.95,7959,46240
2014-01-03,286.506,287.662,286.249,287.02,5303,46936
2014-01-06,287.618,288.13,287.02,287.02,6032,48440
2014-01-07,287.361,287.703,286.124,286.55,4843,48794
2014-01-08,286.124,287.959,285.739,287.788,6856,49668
2014-01-09,287.874,289.41,287.319,288.258,6826,49957
2014-01-10,288.386,289.282,286.209,286.252,7146,50364
2014-01-13,287.02,287.404,283.434,284.245,9298,49915
2014-01-14,284.8,285.953,284.075,284.843,6531,49864
2014-01-15,285.27,287.49,285.27,286.892,7764,50825
2014-01-16,287.063,288.685,286.294,287.276,7804,51171
2014-01-17,286.593,287.319,285.654,286.721,4999,51710
2014-01-21,286.849,288.343,286.807,287.404,5650,51643
2014-01-22,287.276,291.63,286.166,290.904,12204,52837
2014-01-23,291.246,291.545,288.642,290.051,7569,52883
2014-01-24,289.709,290.136,287.788,288.343,5565,53048
2014-01-27,287.618,288.77,285.996,288.215,5696,53175
2014-01-28,287.703,288.471,286.892,287.49,4546,52739
2014-01-29,287.063,289.24,284.331,288.941,9782,52723
2014-01-30,288.557,288.984,287.66,288.044,5020,51925
2014-01-31,288.087,290.008,286.935,289.282,7903,49555
2014-02-03,288.727,288.727,286.508,286.849,7131,49296
2014-02-04,286.807,287.703,284.971,285.099,9722,48599
2014-02-05,285.355,286.55,284.971,285.014,5875,47610
2014-02-06,285.398,286.209,284.16,285.142,6900,46980
2014-02-07,285.825,286.849,284.843,286.508,7802,46441
2014-02-10,286.337,287.191,285.355,286.678,7332,45968
2014-02-11,286.721,289.197,286.465,288.173,9804,46892
2014-02-12,288.215,289.197,287.233,287.703,6978,46366
2014-02-13,288.343,292.569,287.746,291.502,11315,47983
2014-02-14,292.014,292.612,290.478,291.075,5191,47916
2014-02-18,291.459,293.594,291.289,293.167,8958,48377
2014-02-19,293.081,293.85,291.972,292.27,7583,48601
2014-02-20,292.783,293.039,291.758,292.185,4665,48466
2014-02-21,292.356,292.996,291.331,291.459,6092,48171
2014-02-24,291.801,292.569,290.52,290.606,5739,48558
2014-02-25,291.075,292.74,290.307,292.1,6120,48818
2014-02-26,292.313,294.575,292.228,293.679,12122,50147
2014-02-27,294.447,294.917,292.398,293.38,9927,50215
2014-02-28,293.679,294.191,292.057,293.167,7283,49612
2014-03-03,292.655,293.508,291.118,293.295,9362,49081
2014-03-04,293.167,295.813,292.74,295.216,8425,48549
2014-03-05,294.668,297.154,290.201,294.457,13420,48670
2014-03-06,294.289,294.289,292.013,292.35,5668,48520
2014-03-07,292.35,294.457,291.423,293.952,7582,48302
2014-03-10,293.277,297.618,293.277,297.575,8629,49097
2014-03-11,297.449,298.924,295.89,297.07,9007,49246
2014-03-12,297.407,298.418,297.028,297.955,8022,49426
2014-03-13,297.997,299.429,296.733,298.334,8863,49365
2014-03-14,298.713,301.621,298.376,300.525,8788,49294
2014-03-17,300.23,301.958,300.23,301.368,5327,49544
2014-03-18,301.578,301.916,300.146,300.567,5553,49370
2014-03-19,300.356,301.368,299.261,300.989,4813,49546
2014-03-20,301.073,302.379,296.817,296.985,11209,50196
2014-03-21,296.311,298.376,296.143,297.491,5898,50235
2014-03-24,296.733,299.809,296.564,299.303,6276,50434
2014-03-25,299.261,301.241,298.755,300.188,7342,50597
2014-03-26,300.904,302.885,300.862,301.916,7630,51221
2014-03-27,302.421,303.854,301.663,303.18,6715,50909
2014-03-28,303.095,303.98,302.211,302.548,6986,48776
2014-03-31,301.873,303.643,299.598,299.767,7339,47928
2014-04-01,300.694,301.326,297.28,297.955,6885,47262
2014-04-02,298.376,300.609,297.997,299.977,4918,47181
2014-04-03,300.188,304.402,299.809,303.643,9681,48059
2014-04-04,304.065,304.065,299.809,300.904,7940,47596
2014-04-07,300.989,301.536,299.219,301.452,7417,47158
2014-04-08,301.283,302.042,300.399,301.494,6015,46730
2014-04-09,301.157,303.812,300.694,303.77,7959,46977
2014-04-10,303.264,303.77,302.0,302.843,7907,46398
2014-04-11,303.053,304.233,302.042,303.517,8860,46198
2014-04-14,304.065,304.402,302.716,304.107,5945,46017
2014-04-15,304.149,304.149,301.831,303.011,5448,45650
2014-04-16,302.758,303.559,302.295,303.222,5549,45678
2014-04-17,302.463,302.969,300.019,300.104,8471,44281
2014-04-21,300.694,300.694,298.882,300.188,4464,41828
2014-04-22,300.862,302.421,300.314,300.609,7157,41098
2014-04-23,300.989,301.536,300.441,301.073,4531,40820
2014-04-24,301.41,303.138,301.368,302.716,5743,41311
2014-04-25,302.758,304.107,302.084,303.39,7193,41312
2014-04-28,303.559,306.382,302.716,305.244,9342,41878
2014-04-29,305.666,305.792,303.98,304.36,6914,42186
2014-04-30,304.402,305.792,303.222,305.413,8552,42942
2014-05-01,305.582,310.132,305.16,310.048,10874,44193
2014-05-02,309.837,311.186,308.236,309.29,12808,44325
2014-05-05,309.574,311.037,307.827,308.436,6029,44369
2014-05-06,309.005,312.946,308.883,310.793,7492,44598
2014-05-07,311.118,313.474,309.818,309.858,8003,45026
2014-05-08,310.183,311.118,309.046,309.208,4300,44881
2014-05-09,309.493,311.687,308.274,310.996,5293,44756
2014-05-12,311.483,313.921,310.833,311.808,6453,45400
2014-05-13,312.418,313.474,311.362,311.483,5055,45784
2014-05-14,311.646,313.88,311.605,312.743,4423,46205
2014-05-15,313.637,315.79,312.093,312.702,7315,47244
2014-05-16,313.068,314.449,312.012,314.165,5010,47526
2014-05-19,314.368,319.04,314.368,318.837,9653,47956
2014-05-20,319.406,321.599,317.537,318.39,8960,48052
2014-05-21,318.999,320.868,318.715,319.365,4401,48019
2014-05-22,320.299,320.543,316.237,317.496,5227,47489
2014-05-23,317.821,317.821,313.312,313.393,5572,45380
2014-05-27,314.449,315.749,314.165,314.449,2609,45563
2014-05-28,314.937,318.349,314.652,317.821,4500,46227
2014-05-29,318.024,321.721,317.577,320.218,5418,46602
2014-05-30,321.031,321.071,318.593,320.218,4123,46542
2014-06-02,320.381,321.559,319.324,321.071,3092,46834
2014-06-03,321.396,322.981,320.706,322.249,5895,46892
2014-06-04,322.412,323.753,320.584,323.021,6136,47460
2014-06-05,323.387,325.337,322.981,324.728,6410,48275
2014-06-06,324.565,326.475,324.24,325.865,6531,48630
2014-06-09,326.759,330.74,326.759,330.74,8186,48521
2014-06-10,330.944,334.112,328.872,333.422,11607,48614
2014-06-11,332.812,333.015,328.993,329.684,9143,48821
2014-06-12,330.172,334.559,330.172,334.519,9133,48929
2014-06-13,335.575,338.703,333.584,338.256,7200,49066
2014-06-16,338.338,339.597,337.078,339.15,5815,48885
2014-06-17,339.272,341.75,336.022,337.769,8499,48936
2014-06-18,336.428,337.606,332.894,332.894,8224,49016
2014-06-19,333.747,337.769,333.666,337.281,7714,49304
2014-06-20,338.013,339.597,335.087,336.184,6655,49691
2014-06-23,336.997,338.906,336.55,337.85,4450,49550
2014-06-24,338.906,342.725,338.906,342.278,7758,50262
2014-06-25,342.238,347.072,341.913,344.716,8617,49894
2014-06-26,346.422,349.591,345.813,349.591,7932,49875
2014-06-27,350.038,350.688,346.788,348.291,8424,49972
2014-06-30,350.404,351.216,344.757,345.772,10953,50164
2014-07-01,347.154,350.647,347.154,350.647,6942,50784
2014-07-02,351.176,355.523,349.997,351.338,12509,51872
2014-07-03,354.588,355.685,351.947,353.654,7087,51548
2014-07-07,355.076,356.944,353.572,354.263,8471,51394
2014-07-08,354.832,354.832,350.81,350.851,10146,51331
2014-07-09,352.313,355.238,345.975,347.113,15440,51344
2014-07-10,347.316,349.672,342.238,342.238,11405,50982
2014-07-11,341.71,343.375,337.444,341.872,21847,50240
2014-07-14,343.253,345.122,339.963,342.36,12525,49965
2014-07-15,343.131,346.097,342.441,343.741,8623,49681
2014-07-16,343.7,343.7,339.272,340.978,8468,49722
2014-07-17,341.953,345.163,341.791,343.863,7955,49834
2014-07-18,342.847,346.463,341.994,343.944,6664,49757
2014-07-21,345.325,347.235,343.253,346.178,7736,49672
2014-07-22,346.382,351.054,346.341,351.054,10594,49281
2014-07-23,352.354,355.441,348.657,353.044,14180,49431
2014-07-24,353.532,356.051,349.266,353.166,12389,48441
2014-07-25,352.638,354.913,352.272,354.669,5610,48371
2014-07-28,356.619,359.22,355.604,357.798,8055,48507
2014-07-29,359.138,360.438,357.513,359.829,8264,48419
2014-07-30,360.195,363.201,360.195,362.429,8446,47931
2014-07-31,362.835,363.282,358.204,358.61,11587,48030
2014-08-01,358.854,358.854,354.182,357.96,13581,47257
2014-08-04,358.651,361.292,355.685,359.098,10717,46973
2014-08-05,360.155,362.027,357.877,359.179,10171,47245
2014-08-06,359.382,360.318,357.226,359.179,8635,46866
2014-08-07,359.179,360.155,354.297,354.297,9762,46476
2014-08-08,352.711,354.297,349.415,349.415,6253,46104
2014-08-11,346.161,354.297,345.876,353.809,18396,45362
2014-08-12,353.362,353.728,348.927,349.293,11936,45465
2014-08-13,347.829,348.927,344.412,347.503,15232,45370
2014-08-14,347.137,349.253,345.429,346.69,11052,45315
2014-08-15,346.527,351.124,346.405,350.026,6700,45237
2014-08-18,350.351,352.589,349.009,351.612,6119,45488
2014-08-19,351.734,353.972,347.219,348.643,10465,45548
2014-08-20,347.463,347.788,343.761,343.761,11048,44710
2014-08-21,343.313,344.168,338.879,340.791,13951,43965
2014-08-22,340.913,344.412,339.204,343.191,9696,43559
2014-08-25,343.517,347.056,342.947,347.056,10865,43473
2014-08-26,346.608,349.741,346.039,348.561,7711,43853
2014-08-27,348.236,349.212,345.876,349.009,9368,44506
2014-08-28,349.253,353.565,347.219,353.362,11392,43292
2014-08-29,352.833,356.453,351.938,355.803,10714,40303
2014-09-02,356.86,360.44,356.738,358.406,9963,41396
2014-09-03,359.138,363.288,358.65,362.393,12454,42296
2014-09-04,363.288,366.38,360.237,364.183,16198,42825
2014-09-05,365.413,369.104,364.183,368.079,9136,43509
2014-09-08,370.745,371.483,367.136,370.622,11287,43770
2014-09-09,370.212,374.682,369.802,373.616,12759,43880
2014-09-10,373.985,377.02,368.981,372.59,11883,43701
2014-09-11,372.713,373.698,368.53,370.089,8841,44295
2014-09-12,370.335,372.467,368.407,370.622,11250,44528
2014-09-15,371.565,371.934,368.407,370.499,7710,44950
2014-09-16,371.155,371.36,368.489,370.54,6732,45034
2014-09-17,370.991,375.01,370.991,374.19,10568,45202
2014-09-18,374.108,374.559,371.77,373.534,5487,45164
2014-09-19,374.026,375.912,373.041,375.215,6699,45755
2014-09-22,374.313,376.732,370.95,376.117,7033,45974
2014-09-23,375.953,378.168,374.682,377.553,8715,45990
2014-09-24,376.691,378.414,375.461,377.963,7848,47275
2014-09-25,378.004,379.48,376.158,377.471,7820,46583
2014-09-26,378.045,382.392,376.732,382.392,11118,44303
2014-09-29,382.269,387.026,380.465,384.935,9977,44285
2014-09-30,385.509,387.437,385.017,386.206,9384,44174
2014-10-01,386.411,391.128,385.755,391.128,8340,44981
2014-10-02,392.891,396.049,392.604,395.516,13065,44483
2014-10-03,395.762,398.838,393.219,395.147,11482,44906
2014-10-06,393.794,395.393,392.072,393.999,7390,44611
2014-10-07,394.86,398.918,394.86,397.524,11259,45166
2014-10-08,398.303,399.697,395.803,398.344,9682,45301
2014-10-09,399.615,402.977,393.425,396.049,15237,45596
2014-10-10,393.835,395.188,391.129,392.236,12023,45065
2014-10-13,392.728,394.983,391.908,393.794,8007,45028
2014-10-14,393.835,394.614,388.875,388.875,9723,44825
2014-10-15,387.809,388.219,383.955,383.955,12194,44102
2014-10-16,382.479,388.875,380.02,388.875,15408,44133
2014-10-17,388.588,388.588,383.955,383.955,8311,44407
2014-10-20,383.668,388.875,382.233,388.342,8375,44805
2014-10-21,387.768,390.391,383.422,383.586,9293,44617
2014-10-22,383.709,387.112,382.438,385.636,5320,44888
2014-10-23,386.333,388.997,385.759,388.137,9266,45137
2014-10-24,388.957,390.104,384.242,384.775,11658,45866
2014-10-27,385.267,387.03,383.955,385.021,5769,46083
2014-10-28,384.119,384.611,382.561,383.135,8114,46768
2014-10-29,384.201,385.308,381.823,382.151,7080,46907
2014-10-30,382.602,385.759,381.495,384.078,8326,46814
2014-10-31,385.718,387.686,383.012,383.955,9912,44261
2014-11-03,384.693,387.645,383.463,386.292,6897,44930
2014-11-04,387.194,389.038,385.267,388.834,8003,44931
2014-11-05,388.792,389.421,386.105,386.483,7843,45549
2014-11-06,386.483,388.162,386.483,387.113,4967,45806
2014-11-07,387.784,390.638,387.322,390.261,7046,46172
2014-11-10,390.68,393.241,390.428,390.764,6636,46359
2014-11-11,391.1,392.485,389.925,390.596,5678,46472
2014-11-12,390.596,392.863,388.12,391.814,7485,46833
2014-11-13,392.569,395.171,392.233,393.241,9083,46353
2014-11-14,393.744,396.598,393.241,396.431,8102,46498
2014-11-17,396.473,400.166,396.431,398.697,8454,46504
2014-11-18,399.117,399.453,397.102,398.361,6641,46861
2014-11-19,397.9,398.361,396.724,398.067,6018,46981
2014-11-20,398.823,398.823,394.206,395.507,7250,46479
2014-11-21,395.339,397.69,394.542,396.808,4951,42539
2014-11-24,396.808,398.235,391.772,391.772,6420,42674
2014-11-25,389.757,390.806,386.777,388.456,7918,42546
2014-11-26,388.792,391.016,386.231,386.987,6539,42752
2014-11-28,386.651,389.379,386.315,387.952,2942,43073
2014-12-01,388.288,392.989,388.162,392.989,8490,43610
2014-12-02,393.744,397.816,392.611,395.465,12908,44631
2014-12-03,395.843,395.885,391.226,394.248,11466,45564
2014-12-04,394.29,398.109,393.744,396.137,9681,45368
2014-12-05,397.522,398.067,392.863,394.332,11511,45814
2014-12-08,393.534,393.66,389.295,389.295,7725,45942
2014-12-09,388.834,391.058,387.113,390.806,16016,45441
2014-12-10,390.345,390.47,385.77,388.834,9566,45483
2014-12-11,388.078,389.001,383.797,383.797,11692,45273
2014-12-12,382.16,382.16,378.76,378.76,12591,44117
2014-12-15,375.402,375.402,373.723,373.723,6483,43956
2014-12-16,368.687,368.687,368.687,368.687,3018,44209
2014-12-17,363.65,363.65,363.65,363.65,4029,44264
2014-12-18,356.095,369.778,356.095,364.447,28848,41459
2014-12-19,366.672,371.247,364.951,369.61,9071,40748
2014-12-22,371.373,372.338,369.022,370.198,7786,40391
2014-12-23,370.533,370.617,363.65,364.531,9055,39855
2014-12-24,365.119,365.119,360.292,360.544,5452,39925
2014-12-26,361.383,363.818,352.989,358.823,9178,39610
2014-12-29,360.922,366.378,360.922,365.077,7590,39436
2014-12-30,366.126,368.939,364.405,366.546,7651,39349
2014-12-31,367.428,369.946,365.203,368.435,6865,39551
