,Open,High,Low,Close,Volume,OpenInterest
1989-01-03,104.15,104.15,104.15,104.15,0,415
1989-01-04,108.51,108.51,108.51,108.51,0,415
1989-01-05,107.32,107.32,107.32,107.32,0,415
1989-01-06,103.63,103.63,103.63,103.63,0,415
1989-01-09,101.82,102.93,101.82,102.74,47,416
1989-01-10,102.96,102.96,102.96,102.96,39,404
1989-01-11,103.07,103.07,102.74,102.74,41,404
1989-01-12,105.22,105.22,105.22,105.22,24,395
1989-01-13,108.69,108.69,108.69,108.69,3,406
1989-01-16,112.72,112.72,112.72,112.72,10,394
1989-01-17,113.27,113.27,113.27,113.27,0,394
1989-01-18,111.83,111.83,111.83,111.83,0,394
1989-01-19,111.76,111.76,111.76,111.76,1,393
1989-01-20,112.24,112.24,112.24,112.24,0,390
1989-01-23,113.64,113.64,113.64,113.64,0,389
1989-01-24,112.16,112.16,112.16,112.16,84,473
1989-01-25,109.98,109.98,109.98,109.98,0,455
1989-01-26,108.91,108.91,108.91,108.91,0,472
1989-01-27,111.2,111.2,111.2,111.2,0,480
1989-01-30,107.66,107.66,107.66,107.66,0,480
1989-01-31,107.99,107.99,107.99,107.99,0,480
1989-02-01,102.93,102.93,102.93,102.93,0,480
1989-02-02,101.67,101.67,101.67,101.67,0,480
1989-02-03,99.82,99.82,99.82,99.82,0,480
1989-02-06,98.2,98.2,98.2,98.2,0,480
1989-02-07,99.01,99.01,99.01,99.01,0,480
1989-02-08,100.86,100.86,100.86,100.86,56,424
1989-02-09,100.67,100.67,100.67,100.67,0,429
1989-02-10,98.42,98.42,98.42,98.42,24,421
1989-02-13,94.95,94.95,94.95,94.95,27,425
1989-02-14,93.25,93.25,93.25,93.25,0,435
1989-02-15,94.39,94.39,94.39,94.39,0,435
1989-02-16,95.76,95.76,95.76,95.76,0,435
1989-02-17,95.02,95.02,95.02,95.02,0,435
1989-02-21,101.23,101.23,101.23,101.23,0,435
1989-02-22,103.76,103.76,103.76,103.76,22,439
1989-02-23,104.03,104.03,104.03,104.03,0,439
1989-02-24,102.47,102.47,102.47,102.47,0,439
1989-02-27,104.19,104.19,104.19,104.19,27,416
1989-02-28,105.28,105.28,105.28,105.28,2,416
1989-03-01,110.03,110.03,110.03,110.03,22,432
1989-03-02,111.54,111.54,111.54,111.54,4,432
1989-03-03,114.43,114.43,114.43,114.43,0,428
1989-03-06,113.1,113.1,113.1,113.1,1,426
1989-03-07,114.46,114.46,114.46,114.46,3,410
1989-03-08,111.51,111.51,111.51,111.51,16,412
1989-03-09,109.79,109.79,109.79,109.79,90,459
1989-03-10,112.05,112.05,112.05,112.05,1,475
1989-03-13,108.08,108.08,108.08,108.08,0,475
1989-03-14,109.64,109.64,109.64,109.64,8,480
1989-03-15,107.07,107.07,107.07,107.07,16,488
1989-03-16,105.59,105.59,105.59,105.59,8,450
1989-03-17,108.16,108.16,108.16,108.16,0,448
1989-03-20,105.39,105.39,105.39,105.39,0,409
1989-03-21,106.52,106.52,106.52,106.52,1,368
1989-03-22,106.76,106.76,106.76,106.76,0,368
1989-03-23,106.13,106.13,106.13,106.13,1,346
1989-03-27,108.78,108.78,108.78,108.78,0,345
1989-03-28,108.55,108.55,108.55,108.55,1,343
1989-03-29,107.77,107.77,107.77,107.77,31,207
1989-03-30,104.65,104.65,104.65,104.65,0,207
1989-03-31,104.81,104.81,104.81,104.81,0,207
1989-04-03,100.37,100.37,100.37,100.37,38,237
1989-04-04,101.38,101.38,101.38,101.38,0,237
1989-04-05,102.08,102.08,102.08,102.08,0,237
1989-04-06,102.71,102.71,102.71,102.71,12,246
1989-04-07,104.96,104.96,104.96,104.96,35,246
1989-04-10,110.84,110.84,110.84,110.84,0,246
1989-04-11,110.57,110.57,110.57,110.57,15,246
1989-04-12,112.28,112.28,112.28,112.28,10,246
1989-04-13,111.35,111.35,111.35,111.35,9924,249
1989-04-14,114.11,114.11,114.11,114.11,27,252
1989-04-17,112.01,112.01,112.01,112.01,0,275
1989-04-18,111.27,111.27,111.27,111.27,0,275
1989-04-19,109.71,109.71,109.71,109.71,0,275
1989-04-20,108.86,109.64,108.7,109.64,35,275
1989-04-21,109.68,109.68,109.68,109.68,17,287
1989-04-24,111.83,111.83,111.83,111.83,6,287
1989-04-25,112.48,112.48,112.48,112.48,60,337
1989-04-26,113.37,113.37,112.48,112.48,27,364
1989-04-27,113.78,113.78,112.64,112.64,5,366
1989-04-28,111.42,111.42,111.42,111.42,0,368
1989-05-01,110.37,110.37,110.37,110.37,10,368
1989-05-02,106.38,106.38,106.38,106.38,10,383
1989-05-03,106.06,106.06,106.06,106.06,29,381
1989-05-04,106.87,106.87,106.87,106.87,14,412
1989-05-05,105.08,105.08,105.08,105.08,23,427
1989-05-08,102.08,102.08,102.08,102.08,0,427
1989-05-09,102.48,102.48,102.48,102.48,1,426
1989-05-10,102.81,102.81,102.81,102.81,0,426
1989-05-11,104.03,104.03,104.03,104.03,22,436
1989-05-12,102.97,102.97,102.97,102.97,29,442
1989-05-15,98.95,98.95,98.95,98.95,0,444
1989-05-16,96.88,96.88,96.88,96.88,90,443
1989-05-17,98.91,98.91,98.91,98.91,16,454
1989-05-18,98.01,98.01,98.01,98.01,22,462
1989-05-19,99.64,99.64,99.64,99.64,1,472
1989-05-22,94.28,94.28,94.28,94.28,16,476
1989-05-23,91.84,91.84,91.84,91.84,28,476
1989-05-24,91.35,91.35,91.35,91.35,10,501
1989-05-25,91.92,91.92,91.92,91.92,25,507
1989-05-26,93.3,93.3,93.3,93.3,0,438
1989-05-30,95.33,95.33,95.33,95.33,0,438
1989-05-31,95.37,95.37,95.37,95.37,78,486
1989-06-01,92.53,92.53,92.53,92.53,39,510
1989-06-02,92.85,92.85,92.85,92.85,52,537
1989-06-05,89.36,89.36,89.36,89.36,26,570
1989-06-06,89.44,89.44,89.44,89.44,10,582
1989-06-07,91.35,91.35,91.35,91.35,93,618
1989-06-08,92.24,93.38,92.24,93.38,59,653
1989-06-09,91.84,92.49,91.84,92.49,7,652
1989-06-12,91.15,91.15,90.54,90.54,24,642
1989-06-13,91.15,91.15,91.15,91.15,65,705
1989-06-14,92.28,92.28,92.28,92.28,26,727
1989-06-15,92.24,92.24,92.24,92.24,1,728
1989-06-16,95.09,95.09,95.09,95.09,58,757
1989-06-19,97.2,97.2,97.2,97.2,102,843
1989-06-20,97.73,97.73,96.51,96.51,76,903
1989-06-21,90.09,90.09,90.09,90.09,249,1089
1989-06-22,90.42,90.42,90.42,90.42,36,1162
1989-06-23,91.98,91.98,91.98,91.98,9,1158
1989-06-26,90.5,90.5,90.5,90.5,50,1297
1989-06-27,89.97,90.09,89.97,90.09,148,1358
1989-06-28,90.58,90.58,90.58,90.58,29,1370
1989-06-29,91.53,91.53,90.01,90.01,101,1408
1989-06-30,88.45,88.45,88.45,88.45,94,1439
1989-07-03,86.06,86.06,85.2,85.2,62,1478
1989-07-05,85.45,85.45,85.45,85.45,112,1502
1989-07-06,83.8,83.8,83.8,83.8,297,1702
1989-07-07,86.93,86.93,86.93,86.93,177,1794
1989-07-10,88.73,89.56,86.52,86.52,24,1812
1989-07-11,86.43,86.43,86.43,86.43,94,1853
1989-07-12,89.39,89.39,89.39,89.39,253,1927
1989-07-13,88.2,88.2,88.2,88.2,108,1994
1989-07-14,88.98,88.98,88.98,88.98,107,2060
1989-07-17,89.47,89.47,89.47,89.47,31,2079
1989-07-18,92.27,92.27,92.27,92.27,45,2132
1989-07-19,92.51,92.51,92.51,92.51,180,2186
1989-07-20,92.02,92.02,92.02,92.02,157,2268
1989-07-21,92.68,92.68,91.36,91.36,117,2326
1989-07-24,93.5,95.31,93.5,95.31,54,2345
1989-07-25,95.51,95.51,95.51,95.51,35,2366
1989-07-26,94.49,94.49,94.49,94.49,93,2390
1989-07-27,95.06,95.06,95.06,95.06,6,2260
1989-07-28,92.6,92.6,92.6,92.6,43,2262
1989-07-31,91.32,94.49,91.32,94.49,195,2315
1989-08-01,94.73,94.73,94.73,94.73,27,2255
1989-08-02,95.72,95.72,95.55,95.55,54,2277
1989-08-03,95.64,95.64,95.02,95.02,230,2381
1989-08-04,95.39,95.39,95.39,95.39,79,2435
1989-08-07,93.54,93.54,93.54,93.54,121,2491
1989-08-08,93.17,93.17,93.17,93.17,197,2635
1989-08-09,93.66,93.66,93.66,93.66,37,2644
1989-08-10,94.94,94.94,94.94,94.94,16,2655
1989-08-11,98.84,98.84,98.84,98.84,91,2632
1989-08-14,101.3,101.3,101.3,101.3,330,2791
1989-08-15,102.45,102.45,102.45,102.45,486,3056
1989-08-16,102.74,102.74,102.74,102.74,394,3157
1989-08-17,105.21,107.43,105.21,107.43,182,3256
1989-08-18,104.84,104.84,104.67,104.67,283,3374
1989-08-21,105.95,105.95,105.95,105.95,188,3472
1989-08-22,105.95,105.95,105.95,105.95,100,3483
1989-08-23,107.21,108.47,107.21,108.3,265,3630
1989-08-24,108.89,109.94,108.89,109.94,591,3986
1989-08-25,112.88,113.68,112.0,113.68,391,4161
1989-08-28,113.22,113.51,112.25,113.43,150,4250
1989-08-29,110.15,110.15,107.21,107.21,104,4310
1989-08-30,108.55,108.81,108.55,108.81,244,4337
1989-08-31,107.0,111.24,107.0,111.24,286,4424
1989-09-01,113.3,113.3,109.14,109.14,333,4471
1989-09-05,109.14,109.31,107.46,107.46,183,4539
1989-09-06,104.98,104.98,104.98,104.98,153,4603
1989-09-07,107.88,107.88,107.88,107.88,232,4719
1989-09-08,106.11,106.11,106.11,106.11,285,4755
1989-09-11,107.42,109.18,107.42,109.18,217,4786
1989-09-12,109.9,109.9,109.06,109.06,259,4781
1989-09-13,109.56,110.15,109.31,110.15,230,4717
1989-09-14,111.66,112.08,111.24,111.41,169,4767
1989-09-15,109.98,109.98,109.86,109.86,139,4799
1989-09-18,110.57,110.57,109.98,110.15,207,4937
1989-09-19,111.08,111.92,108.39,108.43,551,5008
1989-09-20,108.47,109.06,108.47,109.06,437,5020
1989-09-21,108.72,109.31,108.22,108.89,397,5152
1989-09-22,108.81,108.81,107.96,107.96,405,5234
1989-09-25,105.69,106.45,105.53,105.78,462,5423
1989-09-26,103.17,104.52,102.25,102.58,712,5607
1989-09-27,104.26,104.26,103.84,104.01,374,5609
1989-09-28,105.19,105.19,103.55,103.55,342,5587
1989-09-29,105.53,105.53,105.53,105.53,459,5712
1989-10-02,107.21,108.39,107.21,108.39,401,5824
1989-10-03,108.39,108.39,107.75,107.88,389,5961
1989-10-04,107.8,109.56,107.8,109.56,451,6124
1989-10-05,109.73,110.15,109.31,110.15,598,6319
1989-10-06,112.51,112.51,112.17,112.51,604,6571
1989-10-09,112.25,113.51,112.25,113.01,329,6635
1989-10-10,109.98,109.98,109.98,109.98,622,6695
1989-10-11,109.73,109.94,109.73,109.73,975,6979
1989-10-12,111.41,111.83,111.41,111.71,845,7371
1989-10-13,111.5,111.5,111.5,111.5,447,7434
1989-10-16,109.48,109.48,109.31,109.31,452,7665
1989-10-17,110.36,110.36,109.98,109.98,528,7776
1989-10-18,109.31,109.31,108.47,108.47,444,7788
1989-10-19,109.31,109.9,109.31,109.9,768,7976
1989-10-20,106.32,106.32,106.32,106.32,633,8225
1989-10-23,103.42,103.68,102.84,102.84,1209,8425
1989-10-24,99.14,99.14,99.14,99.14,1826,8808
1989-10-25,100.31,100.65,99.89,99.89,1030,8773
1989-10-26,98.97,98.97,98.97,98.97,1538,9068
1989-10-27,99.64,100.31,99.64,100.31,1172,9489
1989-10-30,99.3,99.3,98.21,98.21,981,9746
1989-10-31,98.72,99.64,98.72,99.43,1271,10239
1989-11-01,101.32,101.74,101.15,101.32,1890,10959
1989-11-02,99.89,99.89,98.29,98.51,882,11040
1989-11-03,97.83,97.83,97.83,97.83,1556,11388
1989-11-06,95.94,96.02,95.52,95.52,1403,11732
1989-11-07,96.7,96.7,96.11,96.15,1425,12098
1989-11-08,97.37,98.8,97.37,98.8,949,12329
1989-11-09,99.64,99.81,99.64,99.72,1718,12732
1989-11-10,98.88,99.3,98.55,99.22,1020,13136
1989-11-13,100.48,101.07,100.48,101.07,1295,13386
1989-11-14,97.87,97.87,97.71,97.71,2103,13821
1989-11-15,97.12,97.12,97.12,97.12,1707,14266
1989-11-16,96.53,96.53,96.53,96.53,2130,14817
1989-11-17,95.35,95.35,94.43,94.43,2679,15632
1989-11-20,92.66,92.83,91.82,92.07,7498,18198
1989-11-21,93.17,94.01,93.17,94.01,4200,19673
1989-11-22,93.52,93.74,92.06,92.86,2314,19988
1989-11-24,92.86,93.65,92.41,93.39,1537,20667
1989-11-27,93.83,95.86,93.65,95.16,4080,21004
1989-11-28,95.42,96.39,94.63,95.47,4231,22191
1989-11-29,96.79,96.79,94.71,95.42,5094,23929
1989-11-30,95.33,95.95,94.49,95.86,3642,24629
1989-12-01,96.22,96.48,91.53,92.86,3950,25497
1989-12-04,93.12,93.92,91.88,92.28,4927,26593
1989-12-05,90.87,91.53,90.29,91.09,4870,27519
1989-12-06,91.62,92.41,91.35,91.84,3199,27954
1989-12-07,91.53,92.77,91.09,92.06,3326,28339
1989-12-08,91.44,92.41,90.91,91.84,4237,28795
1989-12-11,91.27,92.06,90.65,91.71,2708,28930
1989-12-12,90.87,90.87,89.76,90.03,4703,29207
1989-12-13,91.62,93.74,91.53,93.21,6450,29574
1989-12-14,92.86,93.65,91.53,91.75,3287,29705
1989-12-15,91.27,93.74,90.73,93.3,4812,29789
1989-12-18,92.77,93.03,91.62,91.8,2999,29629
1989-12-19,90.38,92.86,90.2,92.33,4699,29917
1989-12-20,92.33,93.3,92.15,92.59,3622,30420
1989-12-21,92.77,93.56,92.15,93.08,3731,30920
1989-12-22,93.39,94.8,93.39,94.18,3584,30633
1989-12-26,94.36,95.78,94.36,94.76,3532,29700
1989-12-27,94.89,95.42,93.39,93.52,4398,29282
1989-12-28,93.56,94.1,92.86,93.83,3182,29197
1989-12-29,93.12,94.4,93.12,94.1,1707,28956
1990-01-02,92.24,94.1,92.24,93.92,4020,29095
1990-01-03,94.36,97.1,94.36,96.97,9806,28840
1990-01-04,97.28,98.69,95.51,96.0,10011,27748
1990-01-05,96.84,97.46,96.13,96.84,4158,27799
1990-01-08,96.92,98.87,95.95,98.47,7958,28903
1990-01-09,99.05,99.49,97.28,97.46,6074,28924
1990-01-10,96.84,97.28,95.38,95.6,5839,28578
1990-01-11,96.22,96.84,96.08,96.57,3028,28762
1990-01-12,95.51,95.69,92.86,93.65,8893,29593
1990-01-15,92.86,93.12,91.09,91.97,7654,29545
1990-01-16,91.09,93.3,90.47,92.41,9177,28492
1990-01-17,92.33,93.12,91.35,91.97,4371,28354
1990-01-18,91.35,92.5,90.2,90.51,6168,28375
1990-01-19,88.44,89.14,87.37,87.82,10791,30680
1990-01-22,88.08,88.52,86.31,87.33,6648,31140
1990-01-23,84.9,86.58,84.68,86.18,7133,31064
1990-01-24,84.63,85.78,84.01,85.43,6470,31780
1990-01-25,87.02,87.73,86.22,86.4,4914,32349
1990-01-26,85.87,87.99,85.52,86.98,6172,32673
1990-01-29,87.99,88.61,85.16,85.56,5620,31993
1990-01-30,84.9,86.05,84.46,84.59,6125,32450
1990-01-31,84.01,87.42,84.01,87.2,8632,32985
1990-02-01,87.29,88.17,86.22,86.4,7294,33448
1990-02-02,87.2,89.05,87.2,88.48,6731,33163
1990-02-05,87.99,88.3,87.2,87.29,3891,33128
1990-02-06,87.29,88.17,86.93,87.73,3576,33361
1990-02-07,86.84,88.61,86.4,88.48,4857,33572
1990-02-08,88.52,89.5,87.64,88.21,4912,33761
1990-02-09,89.58,89.94,89.14,89.54,4872,34150
1990-02-12,90.03,90.73,88.26,88.35,8161,34111
1990-02-13,87.99,92.33,87.55,92.15,12435,33399
1990-02-14,91.62,94.89,91.62,93.48,14929,32393
1990-02-15,94.54,95.33,93.48,94.67,6545,31008
1990-02-16,96.39,98.69,96.0,98.47,12101,30071
1990-02-20,99.8,101.79,99.14,99.93,12235,30325
1990-02-21,97.72,101.17,97.46,100.99,10687,30971
1990-02-22,101.83,102.02,99.87,100.81,7524,31244
1990-02-23,99.87,100.71,99.31,100.34,6259,31537
1990-02-26,99.03,100.43,99.03,99.92,5666,31659
1990-02-27,99.69,100.25,98.75,99.64,6469,31795
1990-02-28,99.64,101.37,99.64,101.04,5987,32014
1990-03-01,101.74,102.58,101.37,101.93,6802,32068
1990-03-02,103.79,106.5,103.79,106.13,12443,31537
1990-03-05,106.69,109.3,106.31,109.02,10773,33415
1990-03-06,108.37,109.58,106.64,107.67,10703,33587
1990-03-07,107.43,108.74,106.87,107.01,5110,33453
1990-03-08,107.34,108.37,107.34,108.18,3518,33581
1990-03-09,109.86,110.09,107.34,107.81,5968,34140
1990-03-12,105.94,108.09,105.75,107.29,4927,33871
1990-03-13,106.78,107.9,104.73,105.19,7132,33159
1990-03-14,105.57,110.84,105.57,109.58,11537,33207
1990-03-15,111.54,111.91,110.05,111.59,7853,33796
1990-03-16,112.29,112.57,110.61,111.77,6454,33198
1990-03-19,112.19,112.85,110.23,111.17,6551,33573
1990-03-20,110.42,111.07,108.93,109.49,7349,32794
1990-03-21,109.77,114.25,109.77,113.13,9970,33963
1990-03-22,112.1,112.38,109.67,110.23,8134,32749
1990-03-23,108.74,110.42,108.46,110.05,6979,32792
1990-03-26,107.9,108.65,105.94,107.06,6892,32191
1990-03-27,108.37,108.65,104.54,104.77,9835,31162
1990-03-28,104.91,109.58,104.26,108.74,12111,30018
1990-03-29,111.07,111.35,109.3,110.05,5765,30110
1990-03-30,112.24,114.53,111.54,114.25,9405,30130
1990-04-02,114.9,115.18,112.47,112.85,9090,30371
1990-04-03,113.78,116.67,113.41,116.53,7211,30544
1990-04-04,115.27,115.55,111.63,112.15,9292,30683
1990-04-05,112.75,113.78,110.37,110.98,7142,30892
1990-04-06,111.26,114.9,110.61,113.03,8426,31618
1990-04-09,111.82,112.19,108.74,108.93,9367,31230
1990-04-10,110.05,111.54,108.97,111.4,7558,32034
1990-04-11,109.77,112.19,109.39,110.23,7480,32346
1990-04-12,110.79,112.01,108.46,109.07,8094,33595
1990-04-16,107.99,109.77,107.81,108.74,4062,33598
1990-04-17,107.62,109.3,106.87,108.51,8759,34502
1990-04-18,108.93,109.58,107.15,108.46,7583,34127
1990-04-19,107.43,109.11,107.25,108.83,7214,34327
1990-04-20,106.78,107.43,104.77,105.05,11283,34298
1990-04-23,106.04,106.68,103.97,104.26,11434,33291
1990-04-24,104.66,107.52,104.17,107.03,15196,33639
1990-04-25,108.31,110.38,108.11,109.59,13166,33228
1990-04-26,108.8,111.32,108.51,110.58,10861,32816
1990-04-27,109.29,110.08,107.82,110.08,5899,32538
1990-04-30,107.22,108.01,105.74,107.42,7514,31981
1990-05-01,109.0,112.94,108.9,111.76,12255,31555
1990-05-02,109.69,111.37,109.39,110.63,5448,30548
1990-05-03,112.25,112.85,109.89,110.08,6493,30641
1990-05-04,110.18,110.48,108.31,109.74,6297,30465
1990-05-07,108.41,110.28,108.01,108.16,4416,30086
1990-05-08,108.6,110.87,108.6,110.63,6609,30126
1990-05-09,112.01,116.4,112.01,115.9,9658,30189
1990-05-10,115.9,117.63,115.51,116.79,12867,29425
1990-05-11,115.71,117.28,115.51,116.05,8979,31038
1990-05-14,115.02,116.15,112.45,113.44,8945,30962
1990-05-15,112.85,113.54,111.12,112.55,8887,30377
1990-05-16,111.76,113.44,111.56,112.85,5218,30031
1990-05-17,113.83,114.82,112.35,113.34,6172,30058
1990-05-18,112.35,113.54,111.46,113.29,5229,29704
1990-05-21,111.46,112.2,110.68,111.91,5314,29464
1990-05-22,112.35,115.26,112.35,114.57,7814,29189
1990-05-23,113.73,114.72,112.55,113.49,6150,29336
1990-05-24,114.23,115.31,113.98,114.97,4852,28948
1990-05-25,113.73,114.13,112.55,113.68,4984,28927
1990-05-29,113.64,114.23,110.77,110.97,6903,28258
1990-05-30,109.49,111.27,109.49,109.99,7291,28400
1990-05-31,111.07,111.46,108.41,109.34,9911,29749
1990-06-01,108.8,110.97,108.8,110.28,5986,29294
1990-06-04,110.58,111.46,109.49,109.64,4723,29257
1990-06-05,108.9,112.25,108.7,111.56,7809,29283
1990-06-06,110.77,111.37,109.99,110.58,4510,29465
1990-06-07,109.79,111.46,109.39,110.63,4547,29902
1990-06-08,110.97,111.96,109.94,110.23,6246,29386
1990-06-11,110.28,110.97,107.91,108.16,8125,29782
1990-06-12,109.1,109.64,107.72,109.1,8383,29662
1990-06-13,107.52,108.21,107.42,108.11,4737,29351
1990-06-14,108.51,109.79,107.42,109.29,5486,29253
1990-06-15,109.89,110.97,109.1,110.28,5845,27519
1990-06-18,110.08,113.83,109.99,112.35,12862,25957
1990-06-19,112.55,113.73,111.27,111.46,7677,26933
1990-06-20,110.18,110.58,108.11,108.36,8785,26544
1990-06-21,108.75,109.49,107.91,109.1,6930,26335
1990-06-22,109.6,110.2,109.2,109.6,4398,26433
1990-06-25,109.15,109.5,107.59,107.89,6990,27127
1990-06-26,105.73,107.39,105.73,107.34,9114,27623
1990-06-27,108.09,108.6,107.69,108.49,4879,27473
1990-06-28,109.15,114.02,109.1,113.82,13861,28723
1990-06-29,114.42,116.53,114.12,114.52,14387,30914
1990-07-02,114.22,115.28,113.32,113.42,5188,30905
1990-07-03,114.52,115.33,113.42,113.62,4692,31621
1990-07-05,114.62,117.49,114.52,116.58,6884,31639
1990-07-06,116.93,119.39,116.93,118.74,7373,32384
1990-07-09,119.24,119.65,117.34,117.89,6305,33033
1990-07-10,119.04,119.24,116.73,117.28,5581,32550
1990-07-11,120.15,122.96,120.15,122.56,10355,32981
1990-07-12,122.26,125.07,121.7,124.62,9201,32929
1990-07-13,123.76,124.47,123.11,123.51,5686,32020
1990-07-16,121.76,122.76,121.15,122.56,6977,31825
1990-07-17,122.16,122.46,119.8,120.55,7142,32042
1990-07-18,120.85,121.35,119.75,119.85,4132,31800
1990-07-19,118.94,119.65,118.04,118.44,5783,31675
1990-07-20,117.94,121.15,117.84,120.35,5405,30497
1990-07-23,121.35,121.86,118.44,119.65,7114,29572
1990-07-24,119.75,121.35,119.14,120.95,5273,29380
1990-07-25,120.85,123.06,120.2,122.21,7668,29924
1990-07-26,123.26,124.47,122.86,123.46,8085,30348
1990-07-27,126.18,127.18,125.27,126.48,8132,29615
1990-07-30,126.28,126.48,123.66,124.12,6245,28836
1990-07-31,125.67,126.38,124.17,125.17,4097,28951
1990-08-01,124.57,129.79,124.47,129.44,7939,29985
1990-08-02,129.39,130.39,127.38,129.49,7806,30385
1990-08-03,127.18,127.68,125.67,126.07,6244,30364
1990-08-06,124.27,127.08,123.36,126.93,5928,30323
1990-08-07,129.39,130.9,127.78,127.88,7718,30055
1990-08-08,129.09,132.0,129.09,131.55,5204,30222
1990-08-09,132.2,134.92,132.2,132.65,8032,30259
1990-08-10,131.3,134.21,130.19,132.6,7119,29549
1990-08-14,130.9,133.61,129.29,133.46,4886,29707
1990-08-15,132.0,135.62,131.1,134.16,6677,30010
1990-08-16,134.01,135.22,132.4,133.26,4454,29675
1990-08-17,132.2,135.42,132.1,133.91,5209,29077
1990-08-20,132.4,133.51,131.4,132.55,4888,29305
1990-08-21,131.4,133.11,131.1,132.35,6286,29425
1990-08-22,131.66,131.82,129.7,129.86,7701,29252
1990-08-23,129.33,131.61,129.33,131.08,8235,30290
1990-08-24,131.82,132.67,131.08,131.13,6990,29469
1990-08-27,130.66,132.99,130.66,132.51,3740,30101
1990-08-28,133.73,134.48,130.76,130.97,6429,30066
1990-08-29,129.81,133.73,129.7,132.41,10863,31000
1990-08-30,132.57,134.16,132.25,132.67,7476,31894
1990-08-31,132.35,133.41,131.08,132.46,5536,31085
1990-09-04,130.55,131.93,130.34,131.35,4695,30527
1990-09-05,128.96,130.87,128.0,129.7,8118,30932
1990-09-06,130.44,132.35,130.44,130.97,5283,31125
1990-09-07,132.83,138.51,132.57,138.35,13180,32183
1990-09-10,138.51,138.72,135.33,136.17,8219,31816
1990-09-11,136.71,137.18,135.17,136.44,5453,31957
1990-09-12,137.13,139.25,136.39,136.65,7205,31500
1990-09-13,135.86,137.02,134.0,134.74,6703,30778
1990-09-14,135.33,136.39,133.95,136.12,6820,30457
1990-09-17,136.92,137.45,135.11,135.59,5373,31695
1990-09-18,130.55,132.14,129.17,131.61,11052,31009
1990-09-19,129.81,132.04,126.83,127.1,9225,30824
1990-09-20,127.79,128.85,124.39,124.98,11692,30355
1990-09-21,124.39,127.15,124.29,126.36,8487,30307
1990-09-24,124.39,126.25,123.76,125.3,6508,30012
1990-09-25,122.91,125.45,122.91,124.71,8138,29333
1990-09-26,124.61,126.09,122.59,124.82,9192,29551
1990-09-27,126.52,128.21,126.41,127.21,7266,28856
1990-09-28,126.52,126.94,124.5,126.09,7969,29678
1990-10-01,124.29,125.77,123.97,124.18,5861,29331
1990-10-02,125.99,126.41,124.82,125.61,4645,29874
1990-10-03,124.92,129.49,124.61,128.43,8785,29899
1990-10-04,128.85,130.02,127.79,128.0,4871,29914
1990-10-05,127.68,130.07,127.26,129.54,4590,29944
1990-10-08,128.96,130.23,127.9,128.05,3632,30002
1990-10-09,128.16,128.96,125.03,125.35,5912,30549
1990-10-10,125.77,127.1,125.24,126.68,4512,31585
1990-10-11,125.99,126.3,122.59,122.85,8009,33201
1990-10-12,120.57,121.69,119.4,120.47,8547,34651
1990-10-15,119.94,122.11,119.62,121.26,5676,34528
1990-10-16,121.21,121.63,118.98,120.31,7086,36980
1990-10-17,118.71,119.62,118.45,118.98,5082,37031
1990-10-18,120.78,122.06,119.62,121.0,7328,37756
1990-10-19,121.74,125.03,121.74,124.71,9262,37765
1990-10-22,123.23,125.14,123.12,124.5,6590,37607
1990-10-23,124.82,130.34,124.82,130.18,13000,36096
1990-10-24,129.49,130.02,127.58,127.84,7579,35650
1990-10-25,127.37,128.11,126.3,127.15,6378,35028
1990-10-26,128.64,130.87,126.62,127.15,9106,35144
1990-10-29,125.03,125.45,123.23,124.39,6793,34838
1990-10-30,122.59,123.65,121.85,122.75,6485,34677
1990-10-31,124.07,124.82,122.59,122.85,4611,34606
1990-11-01,120.89,121.53,119.94,120.47,6617,34591
1990-11-02,120.68,123.12,120.68,122.7,5908,34773
1990-11-05,123.23,123.33,119.4,120.68,8424,35312
1990-11-06,121.21,122.48,120.36,122.01,5062,34956
1990-11-07,121.85,123.6,121.63,122.01,5266,34692
1990-11-08,120.68,121.63,120.2,120.78,5072,34627
1990-11-09,121.53,122.27,120.89,121.95,2785,34532
1990-11-12,120.57,121.63,119.99,121.37,4122,34121
1990-11-13,122.91,124.71,122.48,122.7,6142,32639
1990-11-14,122.38,123.65,122.06,122.16,3527,32358
1990-11-15,121.95,124.71,121.74,123.6,6827,32584
1990-11-16,124.29,125.77,123.54,124.87,6856,32492
1990-11-19,125.14,125.24,123.12,123.23,4499,32104
1990-11-20,123.01,124.45,122.59,123.6,4767,32299
1990-11-21,123.23,123.54,121.85,122.16,6492,33289
1990-11-23,122.05,123.76,121.83,123.05,3060,33139
1990-11-26,122.5,124.59,122.38,124.31,3967,33028
1990-11-27,123.71,123.87,119.63,119.85,10591,32718
1990-11-28,119.41,120.18,117.53,119.63,11419,33603
1990-11-29,119.74,119.96,118.31,118.36,6991,33408
1990-11-30,118.75,120.18,117.31,118.08,10516,34893
1990-12-03,119.3,119.63,117.75,118.31,7592,36613
1990-12-04,118.08,119.3,117.42,117.97,7259,37758
1990-12-05,117.2,118.75,116.6,118.14,5376,37180
1990-12-06,118.75,120.4,118.75,119.68,5141,36949
1990-12-07,120.07,120.73,116.32,116.87,7470,37936
1990-12-10,117.31,119.52,117.2,119.08,5773,38332
1990-12-11,117.97,118.64,117.53,118.53,3919,38394
1990-12-12,119.52,121.5,119.52,120.12,8412,37298
1990-12-13,119.41,120.51,118.97,119.9,4204,37297
1990-12-14,118.86,119.79,118.08,119.08,5498,36978
1990-12-17,118.8,120.62,118.42,119.63,4920,36828
1990-12-18,120.4,121.17,119.41,119.52,5048,36556
1990-12-19,119.08,120.51,118.64,120.07,4787,36561
1990-12-20,120.4,122.72,120.07,121.34,8990,35178
1990-12-21,120.62,121.72,120.4,121.56,5630,34750
1990-12-26,121.28,122.83,121.28,122.5,2204,34575
1990-12-27,123.05,123.38,121.94,122.5,4345,33688
1990-12-28,122.16,126.24,122.16,125.8,8707,33652
1990-12-31,126.68,129.88,126.68,128.83,6369,33724
1991-01-02,128.12,131.98,127.57,131.54,14023,34185
1991-01-03,129.55,129.88,127.79,128.23,7879,34296
1991-01-04,127.68,128.56,127.4,127.79,3784,34110
1991-01-07,127.02,129.22,126.68,128.78,6290,34781
1991-01-08,127.73,128.12,125.8,126.24,7455,33982
1991-01-09,126.02,127.35,124.92,125.09,7376,33894
1991-01-10,125.14,125.47,124.04,124.7,5742,32953
1991-01-11,125.47,125.91,123.71,124.42,5568,32829
1991-01-14,121.72,123.27,121.61,121.94,5632,31687
1991-01-15,121.06,121.5,118.53,118.75,9493,30803
1991-01-16,117.2,119.19,115.6,116.71,12350,30333
1991-01-17,120.18,120.73,117.09,120.46,12632,28853
1991-01-18,119.19,120.4,118.25,119.35,5972,28296
1991-01-21,118.53,119.85,117.92,119.52,3212,28091
1991-01-22,116.32,117.31,115.77,116.82,6690,28395
1991-01-23,115.66,116.65,115.22,115.66,4875,28284
1991-01-24,115.22,115.44,112.79,113.67,11063,31807
1991-01-25,113.67,115.99,113.67,114.89,7693,32240
1991-01-28,114.45,116.43,114.12,116.32,4319,32585
1991-01-29,116.76,117.2,115.66,116.16,4833,32489
1991-01-30,116.87,118.08,116.82,117.64,4275,32705
1991-01-31,118.64,118.86,117.2,117.31,6351,33797
1991-02-01,116.98,118.2,116.87,117.64,3805,33663
1991-02-04,116.71,117.64,115.99,116.65,3281,34172
1991-02-05,115.66,118.2,115.44,117.7,4995,34479
1991-02-06,118.25,119.63,117.31,118.86,6601,34394
1991-02-07,118.53,119.85,118.2,118.47,4561,34522
1991-02-08,119.63,122.05,119.63,120.68,9110,33730
1991-02-11,121.28,122.27,119.85,121.39,6838,32779
1991-02-12,122.05,122.72,121.06,121.28,6284,32955
1991-02-13,120.62,122.61,120.4,122.33,4976,32711
1991-02-14,122.38,122.88,120.51,120.84,9235,32110
1991-02-15,121.83,122.94,121.5,122.16,4215,31935
1991-02-19,123.27,124.26,120.95,121.34,7419,31571
1991-02-20,121.06,122.16,120.51,120.62,4693,32231
1991-02-21,121.17,122.72,121.06,122.55,5063,32137
1991-02-22,123.29,123.86,121.7,121.81,6782,32328
1991-02-25,121.92,125.34,121.35,125.0,11306,32080
1991-02-26,125.23,125.46,123.75,124.09,7540,31620
1991-02-27,124.54,126.65,124.54,125.85,8374,32284
1991-02-28,126.71,127.96,126.14,127.05,10374,32566
1991-03-01,125.57,127.05,125.57,126.37,6760,32533
1991-03-04,125.34,126.14,124.66,125.28,6674,32725
1991-03-05,125.11,125.8,124.54,125.06,4008,32765
1991-03-06,124.6,125.68,124.09,125.0,4897,32981
1991-03-07,124.54,125.34,124.43,124.89,2641,32820
1991-03-08,125.68,125.91,124.89,125.17,4167,33155
1991-03-11,123.63,124.66,122.15,122.49,9582,33294
1991-03-12,122.61,123.86,122.61,123.35,3876,32945
1991-03-13,123.4,123.63,122.49,122.72,4501,32584
1991-03-14,121.35,122.72,121.01,122.27,6409,32230
1991-03-15,121.24,122.72,121.24,122.04,4631,31815
1991-03-18,121.13,122.04,120.44,120.84,6544,32234
1991-03-19,120.33,121.01,119.87,120.73,5546,32381
1991-03-20,119.93,121.64,119.93,121.13,5043,32094
1991-03-21,121.7,122.84,121.7,122.44,4579,32244
1991-03-22,122.15,123.29,121.24,121.47,4736,32342
1991-03-25,120.44,122.04,120.44,121.01,5446,32020
1991-03-26,120.67,121.92,120.44,121.81,4428,31171
1991-03-27,121.01,122.04,120.56,121.13,4349,30887
1991-03-28,121.92,122.72,120.67,121.01,4661,31089
1991-04-01,121.01,122.38,121.01,121.13,2626,31583
1991-04-02,122.49,125.23,122.44,125.0,11054,31550
1991-04-03,124.66,125.63,124.09,124.2,6726,31252
1991-04-04,124.54,125.57,124.09,124.6,4565,30929
1991-04-05,123.97,124.54,123.29,123.52,3866,31112
1991-04-08,123.63,124.09,122.49,122.61,4292,31419
1991-04-09,121.92,123.29,121.52,122.09,6114,31244
1991-04-10,124.09,125.06,123.92,124.2,5550,31088
1991-04-11,124.54,125.8,123.63,123.86,6423,30863
1991-04-12,124.26,124.77,123.75,123.86,2656,30381
1991-04-15,123.18,123.97,123.18,123.4,2249,30316
1991-04-16,123.18,123.97,123.18,123.69,2084,30471
1991-04-17,124.49,126.48,124.32,126.48,9800,31007
1991-04-18,126.14,127.39,125.8,126.94,9874,32290
1991-04-19,126.82,127.39,126.14,126.31,6604,32819
1991-04-22,126.19,127.59,125.73,125.73,7639,33488
1991-04-23,125.5,126.14,124.63,124.8,11774,32826
1991-04-24,124.8,125.62,124.69,125.09,6625,32408
1991-04-25,125.5,125.73,124.22,124.8,7682,32756
1991-04-26,124.57,125.27,122.72,123.36,10252,32480
1991-04-29,123.65,124.57,123.01,124.46,7037,33127
1991-04-30,124.11,124.22,121.1,121.79,9903,34454
1991-05-01,121.33,122.37,121.33,121.73,5033,33960
1991-05-02,122.25,123.76,122.14,122.2,5961,33381
1991-05-03,120.75,121.33,118.08,118.26,12997,34976
1991-05-06,118.43,118.78,116.46,117.27,7856,37443
1991-05-07,117.62,118.89,117.62,118.31,7185,37975
1991-05-08,119.13,119.36,118.55,118.78,7097,39272
1991-05-09,118.08,119.24,117.97,118.43,3289,39526
1991-05-10,116.81,119.13,116.34,118.49,7519,40289
1991-05-13,117.91,118.31,114.72,115.01,9320,42213
1991-05-14,115.3,115.88,112.87,112.98,7135,43188
1991-05-15,113.91,114.95,113.68,114.61,5621,42584
1991-05-16,112.75,114.61,112.75,113.8,5461,43014
1991-05-17,112.4,114.26,112.06,113.56,6323,44020
1991-05-20,114.14,114.9,114.14,114.49,2906,44304
1991-05-21,114.49,115.65,113.8,115.3,6430,44401
1991-05-22,115.53,115.71,114.14,114.2,4100,44643
1991-05-23,114.37,115.88,113.97,114.95,7739,43990
1991-05-24,114.43,115.53,114.43,114.84,3960,43536
1991-05-28,114.61,115.24,114.49,114.95,3516,43658
1991-05-29,114.49,114.61,113.1,113.8,6112,43105
1991-05-30,111.83,112.58,111.59,112.0,5091,42943
1991-05-31,111.36,112.75,111.3,112.23,5377,42135
1991-06-03,111.83,112.98,111.54,112.75,5228,41781
1991-06-04,113.8,115.3,113.8,115.19,8828,39870
1991-06-05,115.88,117.74,115.88,117.27,10563,37982
1991-06-06,116.81,117.27,115.42,115.53,6046,37195
1991-06-07,115.07,116.0,114.2,115.42,4630,36982
1991-06-10,114.49,115.19,114.14,114.95,2655,36836
1991-06-11,115.77,118.31,115.65,116.69,8598,36774
1991-06-12,118.43,118.55,114.14,114.43,10327,37828
1991-06-13,114.49,115.3,113.33,114.9,8107,37951
1991-06-14,114.09,115.3,114.09,114.66,3560,37914
1991-06-17,114.09,115.19,113.56,114.43,4156,37171
1991-06-18,113.8,115.65,113.8,114.78,5411,37241
1991-06-19,115.19,115.88,114.9,115.01,4513,37041
1991-06-20,115.65,117.74,115.65,116.81,9042,37244
1991-06-21,117.39,117.91,116.34,116.92,6547,37315
1991-06-24,116.46,116.75,115.69,115.69,5229,37028
1991-06-25,116.1,118.33,115.99,117.45,7056,37065
1991-06-26,118.33,118.62,117.63,117.86,7415,36044
1991-06-27,117.51,117.98,115.99,116.1,9137,34662
1991-06-28,116.57,118.56,116.34,117.33,7688,34273
1991-07-01,118.33,119.03,117.51,118.56,7120,33297
1991-07-02,117.98,121.38,117.86,121.2,11791,31164
1991-07-03,121.2,121.43,118.68,118.97,8676,31609
1991-07-08,117.86,119.27,117.86,118.97,4338,31151
1991-07-09,117.63,118.27,117.04,118.1,3987,31431
1991-07-10,117.28,117.63,115.87,116.1,6585,31151
1991-07-11,115.17,115.93,114.35,114.7,8258,30766
1991-07-12,115.28,116.34,114.11,115.4,7655,30891
1991-07-15,114.35,115.4,114.23,115.11,2454,31051
1991-07-16,115.11,115.87,115.11,115.58,2165,31080
1991-07-17,115.64,116.87,115.64,116.22,4202,31013
1991-07-18,116.46,116.81,115.64,115.69,3146,30930
1991-07-19,115.75,117.57,115.75,116.92,5088,30963
1991-07-22,116.75,117.28,116.4,116.69,3259,30870
1991-07-23,116.1,117.1,115.99,116.57,3697,30570
1991-07-24,116.05,116.4,115.4,116.05,4404,30557
1991-07-25,115.52,117.28,115.52,116.98,3651,30840
1991-07-26,117.28,118.68,117.16,118.51,7837,30914
1991-07-29,118.21,119.15,117.8,117.98,3512,30201
1991-07-30,117.98,118.21,117.33,117.63,2752,30010
1991-07-31,118.21,118.8,118.1,118.68,3074,30155
1991-08-01,118.86,119.62,117.74,118.1,7460,29412
1991-08-02,117.74,118.56,117.74,118.04,12374,29607
1991-08-05,117.51,118.92,117.45,118.86,3364,29968
1991-08-06,118.68,118.86,117.98,118.1,5068,30537
1991-08-07,118.56,120.56,118.56,120.15,7869,30645
1991-08-08,119.85,120.32,119.5,119.91,2685,31021
1991-08-09,119.5,120.67,119.38,120.56,3326,30612
1991-08-12,120.2,120.44,117.86,118.1,9933,30023
1991-08-13,117.45,118.92,117.39,118.74,4314,30503
1991-08-14,118.56,118.92,117.98,118.1,2724,30436
1991-08-15,117.92,118.62,117.92,118.15,2168,30653
1991-08-16,117.74,118.04,116.34,116.75,9124,31911
1991-08-19,115.99,116.57,115.4,116.16,8310,31943
1991-08-20,116.69,116.92,115.99,116.1,5035,32111
1991-08-21,116.1,118.33,116.1,117.92,8224,31698
1991-08-22,118.16,118.99,117.8,117.98,6399,31237
1991-08-23,118.16,118.51,118.04,118.16,3463,31216
1991-08-26,118.16,118.81,118.16,118.57,2299,31225
1991-08-27,119.11,121.13,118.99,120.95,11806,30634
1991-08-28,121.36,122.02,121.01,121.9,13757,32239
1991-08-29,121.54,122.25,120.95,122.14,8656,34132
1991-08-30,121.6,122.91,121.48,122.49,5989,34612
1991-09-03,122.73,123.15,122.08,122.67,5887,35529
1991-09-04,122.08,122.19,121.01,121.6,6187,36222
1991-09-05,121.72,122.43,121.6,122.25,3879,36187
1991-09-06,123.03,125.4,123.03,125.28,10343,37989
1991-09-09,125.64,125.82,124.21,124.33,6631,38913
1991-09-10,123.86,124.81,123.86,124.57,3417,39164
1991-09-11,124.1,124.69,123.38,124.39,4592,38934
1991-09-12,123.74,125.28,123.15,124.27,6401,39325
1991-09-13,123.98,124.21,123.5,123.92,3570,39239
1991-09-16,122.67,123.15,122.14,122.49,5333,39031
1991-09-17,121.54,121.96,120.29,120.53,10828,37340
1991-09-18,120.77,122.43,120.77,122.25,4153,36643
1991-09-19,122.61,123.26,122.31,122.55,5090,36487
1991-09-20,123.5,125.64,123.5,125.16,9131,37907
1991-09-23,124.99,125.1,124.33,124.81,4525,37090
1991-09-24,123.98,124.45,123.03,123.92,7170,36702
1991-09-25,124.81,126.95,124.69,126.65,11460,37383
1991-09-26,126.41,126.83,125.88,126.23,4912,37185
1991-09-27,125.28,126.89,125.16,126.59,4735,37750
1991-09-30,126.47,126.77,123.86,124.45,8069,37595
1991-10-01,124.1,124.81,123.38,124.69,3253,37304
1991-10-02,125.16,125.28,123.8,124.04,4725,38064
1991-10-03,124.81,125.82,124.33,124.87,5762,37985
1991-10-04,125.46,125.52,123.98,124.81,5147,38327
1991-10-07,124.1,124.33,122.79,122.97,7112,37471
1991-10-08,123.74,127.06,123.38,125.88,4703,37508
1991-10-09,125.76,126.71,125.05,126.41,6083,37894
1991-10-10,126.11,126.41,124.39,124.51,3779,38006
1991-10-11,123.26,125.58,123.15,125.34,5681,38086
1991-10-14,124.81,124.99,123.32,123.74,4439,38318
1991-10-15,123.03,124.1,122.08,123.62,6716,38024
1991-10-16,123.8,125.28,123.8,124.27,4590,37577
1991-10-17,124.81,126.0,124.33,125.82,5004,38031
1991-10-18,126.23,126.71,124.45,124.63,7168,38312
1991-10-21,124.1,124.99,123.86,124.45,3424,38299
1991-10-22,123.98,125.28,123.98,124.57,3700,38600
1991-10-23,124.93,125.28,124.81,125.1,2604,38309
1991-10-24,125.58,126.11,124.93,124.99,3382,37753
1991-10-25,124.93,125.16,124.75,124.93,2598,38030
1991-10-28,124.93,126.11,124.75,126.05,3325,38436
1991-10-29,126.59,128.25,126.11,128.07,10593,40504
1991-10-30,127.84,128.49,127.6,128.19,6480,42200
1991-10-31,127.54,127.9,126.47,126.59,6850,42322
1991-11-01,126.23,126.83,126.05,126.65,3868,42999
1991-11-04,127.12,127.9,126.83,127.24,4074,42974
1991-11-05,126.83,127.3,126.23,126.53,4020,43212
1991-11-06,126.35,127.06,126.11,126.41,4032,43443
1991-11-07,125.88,126.23,125.34,125.7,7214,42542
1991-11-08,125.52,125.76,124.93,125.16,6257,40854
1991-11-11,124.21,124.69,123.15,123.5,13309,39663
1991-11-12,123.38,124.81,123.38,124.21,5908,39545
1991-11-13,124.51,125.05,123.74,123.92,6594,39925
1991-11-14,124.27,126.71,124.27,126.17,9975,39034
1991-11-15,125.88,126.71,125.16,126.17,6575,38352
1991-11-18,124.93,125.52,124.39,124.81,5618,38029
1991-11-19,123.86,124.15,122.55,123.2,13085,38699
1991-11-20,123.09,123.98,122.91,123.03,8035,39205
1991-11-21,122.67,123.5,122.67,122.85,6411,39838
1991-11-22,123.03,123.15,122.43,122.49,9042,39210
1991-11-25,122.61,123.99,122.61,123.45,7723,37645
1991-11-26,123.75,124.83,123.75,124.05,9708,35881
1991-11-27,123.99,124.47,123.15,123.33,7617,35130
1991-11-29,121.35,122.01,120.75,121.11,9172,35321
1991-12-02,121.11,121.83,120.03,120.15,10516,35977
1991-12-03,119.19,120.63,118.83,120.27,9508,37198
1991-12-04,120.03,120.57,119.31,119.43,7949,38185
1991-12-05,118.83,119.01,117.63,118.05,13256,39531
1991-12-06,118.35,118.59,117.15,118.11,11165,41525
1991-12-09,117.69,118.83,117.57,117.63,5206,42181
1991-12-10,116.43,116.85,115.71,115.83,8385,44041
1991-12-11,116.31,117.03,116.31,116.79,5665,44591
1991-12-12,117.15,117.39,116.31,116.67,4399,44776
1991-12-13,116.19,117.03,116.07,116.85,4538,44903
1991-12-16,115.95,117.03,115.95,116.97,3617,44862
1991-12-17,116.61,117.63,116.55,117.27,4139,44415
1991-12-18,116.97,117.63,116.97,117.45,3364,44222
1991-12-19,117.75,118.35,116.31,116.37,7430,45311
1991-12-20,116.49,117.03,116.19,116.25,3750,45686
1991-12-23,115.35,117.63,115.35,117.27,6011,45691
1991-12-24,117.03,118.95,116.97,118.11,6435,43679
1991-12-26,118.47,118.95,117.99,118.47,3345,42151
1991-12-27,118.59,119.31,118.59,118.95,5012,40977
1991-12-30,118.71,118.83,117.63,118.05,4764,41429
1991-12-31,117.51,117.93,116.91,116.97,4181,41092
1992-01-02,116.43,116.79,114.69,114.75,7473,42883
1992-01-03,114.03,115.35,113.73,115.17,8372,44068
1992-01-06,114.15,115.77,114.09,115.17,5488,43567
1992-01-07,114.75,115.23,114.03,114.09,6292,44630
1992-01-08,112.96,114.21,112.96,113.38,5975,45498
1992-01-09,113.79,114.39,113.08,113.14,4670,45992
1992-01-10,114.15,114.75,113.56,113.97,6210,46536
1992-01-13,112.72,113.79,112.36,113.67,4967,46910
1992-01-14,113.2,114.27,113.2,113.56,4087,46321
1992-01-15,113.38,115.53,113.38,114.93,7836,46326
1992-01-16,116.19,116.73,115.83,116.37,6976,45667
1992-01-17,116.43,117.09,116.19,116.67,5969,45339
1992-01-20,117.39,117.51,116.01,116.49,4970,44234
1992-01-21,116.01,117.27,115.83,116.25,5225,44677
1992-01-22,116.01,117.21,116.01,117.03,4711,43714
1992-01-23,117.57,118.35,116.13,116.31,11774,44206
1992-01-24,116.07,119.07,116.01,118.59,7749,43365
1992-01-27,118.35,119.01,117.75,117.99,6287,43056
1992-01-28,117.99,119.01,117.99,118.71,7060,42674
1992-01-29,119.49,119.85,118.17,118.83,9400,42952
1992-01-30,118.11,119.31,117.81,118.71,5875,42831
1992-01-31,118.89,119.19,117.99,118.23,5083,43846
1992-02-03,117.75,117.87,116.97,117.03,4495,43783
1992-02-04,116.97,117.75,116.91,116.97,4362,43994
1992-02-05,117.27,117.99,117.27,117.87,4823,44030
1992-02-06,117.69,118.35,117.51,117.69,5615,44085
1992-02-07,117.87,118.95,117.87,118.05,7337,44111
1992-02-10,117.51,117.93,117.27,117.81,3430,43895
1992-02-11,117.87,118.89,117.81,118.23,5538,43698
1992-02-12,118.71,122.19,118.71,121.89,18963,44896
1992-02-13,121.71,122.61,121.23,122.19,12894,45383
1992-02-14,122.31,123.21,122.07,122.79,12227,46056
1992-02-18,122.67,123.51,122.49,122.61,6155,44718
1992-02-19,122.07,122.19,120.81,121.05,8872,43784
1992-02-20,120.99,122.07,120.99,121.77,6737,44743
1992-02-21,121.83,121.95,120.51,121.23,6159,44630
1992-02-24,121.83,123.34,121.83,122.86,11056,46111
1992-02-25,122.92,123.16,122.32,122.62,7651,45083
1992-02-26,123.16,124.49,122.98,124.25,15182,45809
1992-02-27,124.49,124.97,124.01,124.73,10769,46687
1992-02-28,125.09,125.58,124.49,124.61,9423,47604
1992-03-02,123.89,124.43,123.22,123.64,4915,47771
1992-03-03,123.28,123.89,122.98,123.34,3626,47323
1992-03-04,123.89,124.55,123.64,123.7,4001,47585
1992-03-05,123.52,124.07,122.26,122.86,8172,47567
1992-03-06,122.56,123.16,121.89,122.13,6822,47876
1992-03-09,121.71,122.44,121.47,121.83,4836,45488
1992-03-10,122.44,123.4,122.13,123.22,5467,45639
1992-03-11,123.04,123.16,121.95,122.2,4603,44419
1992-03-12,121.59,122.07,121.11,121.77,7997,43924
1992-03-13,121.95,122.44,121.83,122.07,3272,43199
1992-03-16,121.47,121.95,121.35,121.83,3982,43651
1992-03-17,121.53,123.16,121.47,123.04,6383,43989
1992-03-18,123.16,123.95,122.86,123.1,6796,44064
1992-03-19,122.86,123.52,122.8,123.1,2375,44272
1992-03-20,122.5,122.68,121.59,121.71,6700,44009
1992-03-23,121.41,122.32,121.41,122.26,3920,43354
1992-03-24,122.44,122.8,121.77,122.44,4527,42328
1992-03-25,122.56,122.74,121.83,122.01,2533,42188
1992-03-26,121.89,122.68,121.71,122.32,3356,42597
1992-03-27,121.83,122.44,121.83,122.2,2521,42310
1992-03-30,121.95,122.8,121.95,122.32,2983,42254
1992-03-31,122.38,122.8,122.07,122.74,2221,42575
1992-04-01,123.52,124.19,123.46,124.01,7235,43318
1992-04-02,123.89,125.27,123.52,124.97,11855,45158
1992-04-03,124.97,125.09,124.07,124.43,6849,46549
1992-04-06,124.25,124.73,123.89,124.01,3037,46778
1992-04-07,123.77,124.19,123.58,123.64,2907,47088
1992-04-08,123.04,123.16,120.99,121.17,21259,43410
1992-04-09,120.93,122.2,120.87,121.65,9219,41874
1992-04-10,121.35,121.77,120.44,120.63,7289,42111
1992-04-13,119.9,120.26,119.54,119.96,9368,41526
1992-04-14,120.02,120.38,119.54,120.02,7928,41661
1992-04-15,119.42,120.75,119.42,120.2,4264,41042
1992-04-16,120.26,120.5,119.3,119.48,5659,41852
1992-04-20,119.36,119.66,118.75,119.0,5933,42077
1992-04-21,119.3,120.26,119.3,120.14,7963,41878
1992-04-22,120.38,120.68,120.14,120.32,5255,41213
1992-04-23,120.56,121.23,120.44,121.05,9069,41181
1992-04-24,121.17,121.53,120.74,121.05,4274,40933
1992-04-27,121.05,121.23,120.56,120.62,4274,40933
1992-04-28,120.14,121.41,120.08,121.29,7821,39242
1992-04-29,121.53,121.77,120.38,120.5,8800,38350
1992-04-30,120.26,121.05,120.26,120.99,5462,38040
1992-05-01,120.87,121.17,120.08,120.2,5108,37687
1992-05-04,120.08,121.29,120.08,121.05,3760,37651
1992-05-05,120.44,120.81,120.26,120.5,3904,37505
1992-05-06,120.56,121.17,120.56,120.99,2956,37599
1992-05-07,121.29,122.01,121.29,121.89,6465,37407
1992-05-08,121.95,122.49,121.89,121.95,8075,37827
1992-05-11,121.71,122.25,121.71,122.13,2819,37894
1992-05-12,122.19,122.31,121.35,121.77,4077,38161
1992-05-13,121.65,121.83,121.23,121.29,2745,38321
1992-05-14,120.99,121.83,120.68,120.87,4083,38390
1992-05-15,121.53,121.83,120.62,121.05,5559,37837
1992-05-18,121.17,121.65,121.05,121.17,1671,37720
1992-05-19,121.53,121.95,121.35,121.83,3118,37582
1992-05-20,122.31,122.37,121.53,121.59,4160,37402
1992-05-21,121.83,121.95,121.29,121.77,3447,38202
1992-05-22,121.83,122.19,121.59,122.07,3380,37954
1992-05-26,121.95,122.19,121.71,121.77,2777,37005
1992-05-27,121.41,121.71,121.17,121.41,3315,35912
1992-05-28,121.41,121.59,121.17,121.47,2296,35820
1992-05-29,121.41,121.89,121.35,121.77,1911,35749
1992-06-01,121.65,123.45,121.29,123.21,10186,37290
1992-06-02,123.33,123.94,123.21,123.27,9154,39154
1992-06-03,122.97,123.45,122.91,122.97,3940,39933
1992-06-04,123.45,125.86,123.21,125.74,15263,42982
1992-06-05,125.56,125.74,124.78,125.5,9357,45626
1992-06-08,125.26,125.38,124.54,125.08,4728,46103
1992-06-09,124.84,125.56,124.42,125.26,3827,47109
1992-06-10,125.62,125.8,124.36,124.42,6331,47204
1992-06-11,124.12,124.66,123.7,124.0,8636,46708
1992-06-12,124.18,125.2,124.18,124.54,5096,46797
1992-06-15,124.36,124.66,124.06,124.6,2822,46559
1992-06-16,124.54,125.02,124.12,124.72,6522,46282
1992-06-17,125.38,126.1,125.2,125.5,8475,46344
1992-06-18,125.02,125.92,125.02,125.74,7291,46649
1992-06-19,126.04,126.83,126.04,126.16,10151,46980
1992-06-22,125.86,126.35,125.68,126.16,9358,47767
1992-06-23,126.35,127.13,126.16,126.77,12682,49031
1992-06-24,127.79,129.23,127.55,129.11,12262,49611
1992-06-25,130.31,130.79,129.71,129.95,8362,49408
1992-06-26,129.77,130.01,129.35,129.53,5625,48852
1992-06-29,131.81,133.26,131.81,133.2,9892,48540
1992-06-30,132.0,132.66,131.09,131.87,8880,46513
1992-07-01,131.57,132.6,130.85,132.06,6227,46470
1992-07-02,131.94,135.0,131.51,134.64,7928,47113
1992-07-06,134.88,135.24,133.74,134.22,4457,46587
1992-07-07,134.88,137.04,134.64,136.2,6443,47442
1992-07-08,135.96,136.44,135.6,135.9,3566,46654
1992-07-09,136.92,137.34,133.32,134.1,11026,46968
1992-07-10,134.28,136.56,134.04,136.38,5143,46960
1992-07-13,136.2,136.44,135.12,135.54,4383,46952
1992-07-14,134.76,137.95,134.76,137.53,7408,47371
1992-07-15,138.01,140.47,137.65,139.21,11776,46410
1992-07-16,139.45,140.77,137.77,139.87,8040,45734
1992-07-17,139.57,140.41,138.37,138.49,4579,45123
1992-07-20,138.13,139.09,137.77,138.25,3741,45538
1992-07-21,137.4,138.97,137.4,138.85,4329,45106
1992-07-22,139.57,139.93,138.37,138.43,4597,44948
1992-07-23,137.89,139.93,137.65,138.85,5082,44730
1992-07-24,138.01,139.21,136.92,138.61,9401,43555
1992-07-27,138.13,138.49,137.59,137.95,2338,43362
1992-07-28,137.28,138.67,137.22,138.13,5821,42723
1992-07-29,137.53,137.77,136.68,136.98,6042,40904
1992-07-30,136.38,136.86,136.02,136.26,4162,40243
1992-07-31,136.56,137.53,135.0,135.24,9063,38563
1992-08-03,135.6,135.72,133.98,134.7,13028,35363
1992-08-04,134.04,135.48,134.04,135.36,4256,35024
1992-08-05,135.12,136.44,135.12,135.9,6009,35407
1992-08-06,135.72,136.68,135.72,136.26,4080,35861
1992-08-07,135.9,136.92,135.9,136.8,3630,35129
1992-08-10,136.2,136.68,135.12,135.42,5162,35519
1992-08-11,135.42,136.08,135.18,135.42,3750,35064
1992-08-12,135.18,135.48,133.68,133.86,12219,34557
1992-08-13,133.68,134.52,133.08,134.22,2921,33937
1992-08-14,133.44,134.04,133.14,133.8,5921,32845
1992-08-17,133.68,138.85,132.96,138.73,20668,36211
1992-08-18,139.09,139.69,137.83,138.13,13881,38722
1992-08-19,137.71,138.97,137.53,137.71,6482,39144
1992-08-20,137.28,137.59,136.44,136.62,6898,40200
1992-08-21,137.16,138.37,135.84,136.2,9813,41014
1992-08-24,135.79,137.1,135.55,136.98,6030,40050
1992-08-25,137.1,137.52,135.19,135.37,9348,38749
1992-08-26,135.19,135.79,134.0,134.53,10278,37178
1992-08-27,134.11,135.13,133.94,134.41,5421,37031
1992-08-28,134.59,134.89,132.62,132.68,12538,34398
1992-08-31,131.85,132.92,131.85,132.27,5998,32354
1992-09-01,132.68,134.95,132.38,134.23,9609,32171
1992-09-02,134.17,134.71,134.0,134.17,3013,32074
1992-09-03,133.82,133.94,132.44,132.74,6439,32397
1992-09-04,133.76,134.59,133.58,134.23,4288,32385
1992-09-08,131.85,132.68,131.25,131.79,8903,32613
1992-09-09,130.89,131.67,130.71,131.01,7150,32723
1992-09-10,129.46,129.58,127.55,127.61,12352,32990
1992-09-11,127.61,128.8,127.19,127.67,8718,32826
1992-09-14,128.63,129.82,128.63,129.4,4857,32525
1992-09-15,129.7,130.06,128.51,128.75,5564,32815
1992-09-16,127.79,129.46,127.79,129.34,4894,33232
1992-09-17,128.98,130.42,128.57,129.4,4786,33379
1992-09-18,129.22,129.94,128.98,129.82,3507,33575
1992-09-21,130.0,130.3,129.22,129.34,3449,33996
1992-09-22,128.75,129.04,127.31,127.73,10074,35570
1992-09-23,127.31,127.85,126.96,127.31,5863,35858
1992-09-24,126.72,128.27,126.66,128.21,7098,36119
1992-09-25,128.39,128.8,127.19,127.31,5339,36024
1992-09-28,126.42,126.84,124.99,125.05,5981,36165
1992-09-29,125.29,125.82,124.81,125.64,4711,36603
1992-09-30,124.87,125.05,123.85,124.99,5480,36426
1992-10-01,123.5,124.09,122.96,123.26,5212,36778
1992-10-02,122.9,123.44,120.87,120.99,8166,36451
1992-10-05,119.74,121.35,119.74,121.05,6715,37376
1992-10-06,121.29,122.6,120.81,122.36,5742,37188
1992-10-07,121.59,122.0,121.23,121.35,3099,37444
1992-10-08,120.63,122.42,120.63,121.11,5777,37416
1992-10-09,121.05,121.59,120.87,121.23,3770,37471
1992-10-12,120.39,120.75,119.56,119.86,3713,37833
1992-10-13,119.62,120.63,119.02,119.38,6652,38936
1992-10-14,119.56,120.99,119.2,119.32,4273,39463
1992-10-15,119.26,120.33,119.08,120.03,4058,39697
1992-10-16,119.08,119.74,118.84,119.32,4407,39750
1992-10-19,118.72,119.62,118.72,118.84,3353,39497
1992-10-20,119.44,120.75,119.44,119.86,4921,39324
1992-10-21,120.87,121.53,120.03,120.21,4351,39481
1992-10-22,119.98,120.45,119.32,119.38,3061,39773
1992-10-23,119.02,119.56,117.89,118.25,8675,41034
1992-10-26,118.36,119.68,118.36,119.44,2866,40925
1992-10-27,119.92,120.51,119.32,119.92,4311,41252
1992-10-28,120.33,121.35,120.03,120.75,6550,39509
1992-10-29,122.18,123.26,121.59,121.65,9243,38922
1992-10-30,121.29,121.65,120.87,120.99,6258,38885
1992-11-02,120.45,120.63,118.54,118.66,5103,38970
1992-11-03,118.72,119.56,118.25,118.9,6292,39030
1992-11-04,119.08,119.56,118.01,118.3,5087,39509
1992-11-05,117.23,117.59,116.46,116.69,9595,41781
1992-11-06,115.14,115.38,114.07,114.96,9811,43032
1992-11-09,112.64,113.47,112.46,113.11,8595,43584
1992-11-10,113.83,114.67,113.77,114.07,6729,44122
1992-11-11,114.84,115.74,114.25,115.26,8065,44089
1992-11-12,113.35,114.25,113.35,113.83,4184,44313
1992-11-13,113.41,114.43,112.88,113.0,5756,44191
1992-11-16,112.64,114.55,112.64,114.43,6209,44273
1992-11-17,113.95,114.37,113.53,114.13,4046,44194
1992-11-18,114.43,114.9,113.95,114.01,4658,43981
1992-11-19,113.95,114.43,113.65,113.95,3685,44133
1992-11-20,113.95,114.31,113.77,113.83,5581,44114
1992-11-23,113.3,114.18,113.24,114.01,8757,45312
1992-11-24,114.24,114.66,113.89,114.07,7568,45731
1992-11-25,114.48,114.83,114.36,114.6,5659,45687
1992-11-27,116.37,117.73,115.78,117.55,13780,44564
1992-11-30,117.96,118.32,116.78,116.84,13148,41864
1992-12-01,115.66,116.66,115.42,115.48,8573,42379
1992-12-02,115.6,116.43,115.31,116.01,4928,42666
1992-12-03,115.78,116.01,115.31,115.36,4449,42553
1992-12-04,116.13,116.72,115.54,115.84,4602,44062
1992-12-07,116.37,118.49,116.37,117.96,7494,43068
1992-12-08,118.14,118.32,117.31,117.37,5863,42982
1992-12-09,117.25,117.37,116.66,116.9,5033,42875
1992-12-10,116.96,117.43,116.07,116.13,4403,42671
1992-12-11,115.66,116.84,115.48,116.49,4842,43646
1992-12-14,117.08,117.43,116.6,116.78,3046,44357
1992-12-15,117.25,117.96,117.08,117.84,5034,44070
1992-12-16,118.08,118.32,117.55,117.61,4703,44688
1992-12-17,117.43,118.02,117.13,117.49,3996,44720
1992-12-18,117.13,118.85,117.02,118.55,5069,44916
1992-12-21,119.32,120.5,119.32,120.44,8979,44515
1992-12-22,120.32,121.21,120.2,120.73,9412,43869
1992-12-23,119.67,120.09,119.32,119.38,5587,43623
1992-12-24,119.91,120.97,119.91,120.85,2503,43783
1992-12-28,120.79,121.15,120.14,120.38,2699,43531
1992-12-29,120.85,121.56,120.5,121.21,4631,43414
1992-12-30,121.09,121.74,121.09,121.38,5206,43778
1992-12-31,122.03,122.74,121.8,122.27,5033,42972
1993-01-04,123.21,126.4,123.15,125.57,12762,43571
1993-01-05,125.93,126.05,124.81,125.16,9896,44047
1993-01-06,124.51,125.34,124.28,125.04,5805,44494
1993-01-07,126.1,126.4,122.03,125.28,13614,44779
1993-01-08,125.99,127.46,125.28,126.99,10487,45734
1993-01-11,124.16,124.81,122.5,122.8,8865,45461
1993-01-12,116.25,117.78,114.83,115.13,21041,43824
1993-01-13,116.37,117.43,115.95,116.43,10269,43394
1993-01-14,116.43,117.19,116.19,116.84,5735,43504
1993-01-15,116.72,117.19,116.54,116.6,3227,43931
1993-01-18,116.43,118.02,116.37,116.37,5005,44372
1993-01-19,116.49,117.37,116.49,117.08,3507,44300
1993-01-20,117.25,117.61,116.72,116.78,2963,44472
1993-01-21,117.37,117.78,117.02,117.08,3597,44812
1993-01-22,117.02,117.49,117.02,117.31,6184,46668
1993-01-25,117.02,117.9,116.54,117.49,4950,46815
1993-01-26,118.61,119.08,118.49,118.55,5622,46971
1993-01-27,118.02,119.02,118.02,118.73,4778,47068
1993-01-28,119.44,119.67,118.37,118.43,5317,46512
1993-01-29,117.08,117.78,116.72,116.78,5844,46623
1993-02-01,116.84,117.08,116.37,116.78,4703,46582
1993-02-02,117.08,117.67,116.84,117.08,5069,46331
1993-02-03,117.08,117.43,116.66,117.13,4785,46044
1993-02-04,117.19,118.2,117.02,117.96,5013,46004
1993-02-05,117.73,118.32,117.55,117.9,4931,45980
1993-02-08,118.85,119.14,118.49,118.61,6105,45918
1993-02-09,118.37,118.85,117.43,117.67,5567,46023
1993-02-10,117.43,117.78,116.6,116.78,6030,45805
1993-02-11,116.9,117.37,116.78,117.13,5650,46005
1993-02-12,116.96,117.25,116.07,116.25,6485,46123
1993-02-16,116.49,116.9,116.37,116.54,4778,46410
1993-02-17,116.54,117.02,116.54,116.78,5414,46195
1993-02-18,116.66,117.37,116.66,116.84,3965,45610
1993-02-19,116.9,117.25,116.25,116.54,4604,45599
1993-02-22,116.43,117.01,116.37,116.6,7614,45347
1993-02-23,116.02,116.25,115.26,115.37,15727,45777
1993-02-24,115.08,115.31,113.26,113.32,21092,48259
1993-02-25,111.33,112.38,111.21,112.21,18357,49891
1993-02-26,112.38,112.74,112.27,112.44,8381,48094
1993-03-01,111.51,111.74,110.28,110.63,9140,49722
1993-03-02,110.98,111.74,110.92,111.1,6658,48633
1993-03-03,111.45,111.97,111.33,111.92,5537,48605
1993-03-04,111.68,112.15,110.86,111.04,5105,49171
1993-03-05,110.57,112.79,110.57,111.92,7263,48369
1993-03-08,112.5,112.97,111.97,112.15,4837,48205
1993-03-09,112.56,112.85,111.51,111.62,3861,47980
1993-03-10,111.8,113.2,111.68,112.85,5311,47622
1993-03-11,113.15,114.73,112.79,114.49,10297,45761
1993-03-12,115.26,115.78,114.26,115.61,9420,44501
1993-03-15,114.79,115.78,113.2,113.32,6966,43863
1993-03-16,113.15,114.38,113.15,113.79,4633,43474
1993-03-17,113.26,113.79,112.79,113.09,4325,43139
1993-03-18,115.2,116.13,113.97,114.2,7827,43001
1993-03-19,114.44,115.2,114.2,114.55,3786,42643
1993-03-22,114.96,115.31,114.49,114.55,3043,42615
1993-03-23,114.2,114.79,114.03,114.49,3295,42644
1993-03-24,114.03,114.26,113.32,113.67,5290,42953
1993-03-25,113.97,114.67,113.91,114.44,4328,42552
1993-03-26,112.97,113.2,112.33,112.56,6193,42648
1993-03-29,112.44,112.79,112.15,112.38,3397,42515
1993-03-30,112.5,113.09,112.44,112.74,4446,42401
1993-03-31,113.03,113.2,112.68,112.74,3467,42464
1993-04-01,112.5,113.2,112.5,112.85,3823,41907
1993-04-02,112.68,112.74,111.45,111.62,8565,42980
1993-04-05,110.74,110.98,109.81,110.8,11207,44641
1993-04-06,108.52,109.34,108.17,108.4,15302,45382
1993-04-07,105.24,106.0,101.9,103.48,21424,48370
1993-04-08,105.35,105.7,103.42,104.71,10444,49015
1993-04-12,104.83,105.82,104.77,105.82,3379,49243
1993-04-13,106.58,107.35,105.65,106.06,7874,48944
1993-04-14,104.88,105.0,103.42,103.83,9961,50204
1993-04-15,102.54,103.13,101.72,102.42,9513,50606
1993-04-16,97.97,99.49,97.97,98.32,11434,51498
1993-04-19,99.14,99.79,98.38,98.85,12091,51627
1993-04-20,96.33,98.2,95.63,95.69,14607,52315
1993-04-21,97.62,98.44,96.51,97.03,10412,51716
1993-04-22,99.42,99.77,97.03,97.61,12427,49949
1993-04-23,97.79,99.53,97.79,99.47,6601,49960
1993-04-26,98.72,100.52,98.72,99.53,9400,48810
1993-04-27,99.3,99.94,99.18,99.36,7011,47279
1993-04-28,98.49,98.66,97.61,97.67,9427,48631
1993-04-29,97.15,97.44,96.45,96.92,8204,49280
1993-04-30,97.67,98.49,97.56,98.25,5462,48378
1993-05-03,97.9,98.31,96.86,96.97,6001,48488
1993-05-04,96.92,97.09,94.77,95.0,11909,49635
1993-05-05,94.82,96.16,94.71,94.82,7001,47385
1993-05-06,91.68,92.21,90.81,90.87,11220,48666
1993-05-07,91.74,92.09,89.88,90.17,9902,48830
1993-05-10,91.39,91.97,90.06,90.99,5905,49305
1993-05-11,92.56,93.6,91.68,92.56,10892,49030
1993-05-12,94.3,95.75,93.84,95.64,8427,48607
1993-05-13,97.21,97.79,95.7,96.74,11070,48942
1993-05-14,94.59,94.88,91.51,92.61,12587,49109
1993-05-17,91.86,92.79,91.86,92.38,4584,48662
1993-05-18,92.21,94.3,92.21,93.49,6470,49006
1993-05-19,93.72,94.47,93.2,93.95,7883,50810
1993-05-20,95.23,96.22,95.23,95.99,5365,50715
1993-05-21,95.29,96.22,95.11,95.64,4895,52172
1993-05-24,94.77,95.23,94.53,94.94,3852,52334
1993-05-25,95.46,96.74,95.35,95.75,8185,51937
1993-05-26,95.7,96.28,95.35,95.58,5013,52193
1993-05-27,94.59,95.17,92.44,92.5,10238,53063
1993-05-28,92.79,93.6,92.38,92.85,5982,53555
1993-06-01,92.73,94.3,92.67,93.49,5662,54001
1993-06-02,94.01,94.77,93.84,94.65,5146,54148
1993-06-03,96.34,98.49,95.7,98.02,19848,52179
1993-06-04,100.93,101.16,93.84,94.71,16096,54436
1993-06-07,95.4,95.64,94.71,95.06,4860,53854
1993-06-08,95.06,95.46,94.71,95.0,4964,53523
1993-06-09,95.0,97.09,95.0,96.63,8468,53317
1993-06-10,97.09,97.44,95.35,95.52,8831,54382
1993-06-11,95.81,96.22,94.77,96.16,3846,54903
1993-06-14,96.39,96.68,96.04,96.16,4811,54379
1993-06-15,95.52,96.28,95.52,95.99,2470,54389
1993-06-16,96.16,96.97,96.04,96.68,6489,54851
1993-06-17,96.97,97.56,96.74,96.92,5899,54984
1993-06-18,96.16,98.25,94.53,97.73,10526,54874
1993-06-21,98.49,98.78,97.38,98.14,6989,55647
1993-06-22,98.37,98.54,97.21,97.39,5393,56230
1993-06-23,97.44,98.2,97.39,97.5,5939,56723
1993-06-24,97.79,98.02,97.04,97.73,6859,56717
1993-06-25,98.02,98.6,97.56,97.79,8336,56663
1993-06-28,97.91,98.02,97.21,97.68,6270,56216
1993-06-29,96.87,99.41,95.94,99.29,18464,55670
1993-06-30,99.52,100.22,98.83,99.99,12302,52784
1993-07-01,100.28,101.14,99.64,100.68,16194,54003
1993-07-02,101.03,101.61,100.56,101.43,7933,54181
1993-07-06,101.49,101.72,100.22,100.97,5438,53314
1993-07-07,101.72,102.88,101.09,102.47,7693,53815
1993-07-08,102.65,103.92,102.53,103.63,8466,54119
1993-07-09,103.86,104.03,99.52,101.61,14962,54277
1993-07-12,100.1,100.56,99.12,99.64,5926,53664
1993-07-13,98.25,99.41,95.13,98.43,16570,52689
1993-07-14,98.48,99.81,98.48,99.0,5852,51770
1993-07-15,99.41,99.64,96.87,97.33,8605,52576
1993-07-16,98.2,99.52,97.56,98.66,7550,51633
1993-07-19,97.68,99.52,97.68,98.43,3960,51805
1993-07-20,97.68,99.12,97.68,98.14,5820,52329
1993-07-21,98.25,98.43,97.21,97.33,3785,51863
1993-07-22,97.68,98.14,97.1,97.73,7693,50549
1993-07-23,97.62,99.29,97.62,99.0,4795,50743
1993-07-26,99.41,99.64,98.48,98.95,3189,50249
1993-07-27,99.24,100.91,99.06,100.45,9528,51185
1993-07-28,100.45,101.2,100.28,101.03,7138,51698
1993-07-29,101.03,101.55,100.91,101.32,5600,51313
1993-07-30,101.32,102.18,101.2,102.07,4805,52178
1993-08-02,101.72,102.07,100.45,101.14,7833,51743
1993-08-03,100.33,100.85,99.7,99.81,5221,51701
1993-08-04,99.58,101.26,99.35,100.8,6744,52246
1993-08-05,100.68,101.03,99.87,99.99,4059,52193
1993-08-06,100.1,100.56,98.37,99.06,10703,52096
1993-08-09,98.95,99.29,96.52,96.63,8684,53327
1993-08-10,95.02,96.63,95.02,96.35,11705,54220
1993-08-11,96.63,97.21,96.0,96.75,5116,53324
1993-08-12,96.29,98.25,96.29,97.62,7481,51793
1993-08-13,96.98,97.62,96.75,96.92,4531,52043
1993-08-16,97.1,97.96,97.1,97.62,2748,52074
1993-08-17,97.91,98.37,96.4,97.5,8505,52225
1993-08-18,97.39,97.62,96.52,96.58,3426,52125
1993-08-19,96.92,97.44,96.75,97.27,3921,51963
1993-08-20,97.15,98.37,96.75,98.2,6178,52442
1993-08-23,97.79,99.52,97.68,99.23,12586,54029
1993-08-24,99.52,99.98,99.29,99.52,6414,52650
1993-08-25,99.4,99.63,97.22,98.08,11812,52657
1993-08-26,98.37,98.54,97.5,97.74,7911,52358
1993-08-27,97.91,98.94,97.74,98.71,8595,51233
1993-08-30,98.25,99.06,98.25,98.83,9347,51440
1993-08-31,99.17,99.63,97.56,98.94,10754,48165
1993-09-01,98.94,99.23,96.18,96.47,8304,46068
1993-09-02,97.68,100.32,97.56,99.81,18953,48443
1993-09-03,99.86,100.21,99.46,99.69,7163,46839
1993-09-07,99.35,99.92,98.37,98.77,7987,46607
1993-09-08,98.37,98.6,97.22,97.79,7125,45604
1993-09-09,96.87,97.39,94.92,95.26,18734,48471
1993-09-10,95.03,95.84,94.57,95.49,12594,50861
1993-09-13,95.32,95.61,94.86,95.38,4381,50489
1993-09-14,93.82,95.49,93.54,95.32,11996,49404
1993-09-15,94.92,95.95,94.8,94.86,6115,49672
1993-09-16,95.09,95.43,92.96,93.25,13826,50966
1993-09-17,89.51,91.23,89.16,90.49,15763,50087
1993-09-20,90.26,90.54,88.59,88.65,11381,51051
1993-09-21,88.24,90.54,88.24,90.43,11011,54359
1993-09-22,90.83,91.18,89.34,89.8,10823,52834
1993-09-23,89.97,90.26,88.82,89.22,6439,52987
1993-09-24,89.62,90.66,89.51,90.54,5179,53039
1993-09-27,90.2,90.72,89.97,90.08,3824,53059
1993-09-28,89.28,89.39,87.73,87.78,12191,54035
1993-09-29,87.96,88.47,87.38,87.61,7775,53522
1993-09-30,86.23,86.58,85.48,86.17,10779,57192
1993-10-01,86.98,87.38,86.69,86.75,5522,56044
1993-10-04,86.35,87.15,86.06,86.35,3532,55441
1993-10-05,86.4,87.55,85.94,87.32,6610,55256
1993-10-06,87.32,87.55,86.23,86.4,4464,54621
1993-10-07,86.4,87.32,86.4,86.52,4177,54897
1993-10-08,86.92,87.38,86.75,86.98,2814,54647
1993-10-11,87.38,88.47,87.38,88.3,6472,54345
1993-10-12,87.9,88.24,86.35,86.52,5339,54211
1993-10-13,86.75,88.88,86.58,88.47,9303,55166
1993-10-14,87.78,88.01,86.4,86.75,7155,54548
1993-10-15,86.75,88.24,86.0,86.63,8647,54068
1993-10-18,85.71,85.94,84.73,84.96,9912,53056
1993-10-19,83.99,84.5,83.64,84.16,9183,53086
1993-10-20,84.56,84.85,84.1,84.16,4720,53621
1993-10-21,84.68,85.25,83.58,84.04,9491,55221
1993-10-22,84.33,84.56,83.53,83.93,6945,55673
1993-10-25,84.45,84.96,83.76,84.1,3915,56191
1993-10-26,83.07,83.58,82.84,83.53,7673,55613
1993-10-27,83.41,84.1,83.3,83.53,4057,55641
1993-10-28,83.7,84.45,83.7,83.99,5564,56097
1993-10-29,84.33,84.56,83.99,84.16,3536,56101
1993-11-01,83.64,83.99,83.07,83.87,4672,56158
1993-11-02,84.33,85.25,84.27,84.96,11286,56146
1993-11-03,85.14,85.71,84.5,84.62,10695,56771
1993-11-04,84.85,86.0,84.85,85.65,10254,58011
1993-11-05,86.4,87.15,85.65,86.06,17190,58533
1993-11-08,86.4,86.75,86.06,86.4,4880,59277
1993-11-09,86.69,86.86,85.77,86.0,9668,59802
1993-11-10,86.52,87.21,86.11,86.11,9872,61523
1993-11-11,86.0,86.58,85.88,86.29,4717,61162
1993-11-12,86.46,86.52,85.83,86.0,7038,60527
1993-11-15,85.14,85.71,84.96,85.25,5126,61679
1993-11-16,84.62,84.85,83.99,84.39,9254,62647
1993-11-17,83.87,84.39,83.41,84.16,5887,62957
1993-11-18,84.33,84.68,84.1,84.33,6748,62832
1993-11-19,84.5,85.83,84.45,85.48,17952,64444
1993-11-22,85.71,86.11,85.48,85.6,8135,64394
1993-11-23,85.25,85.77,85.03,85.31,17339,65659
1993-11-24,85.08,85.6,85.08,85.54,11370,65475
1993-11-29,85.25,85.65,84.91,84.97,12466,64937
1993-11-30,85.03,85.6,85.03,85.48,7285,64975
1993-12-01,85.65,87.42,85.54,87.25,19153,66930
1993-12-02,87.42,88.1,87.31,87.36,12143,66547
1993-12-03,87.48,87.88,86.62,87.31,11031,68036
1993-12-06,87.65,88.45,87.65,88.27,8638,67993
1993-12-07,88.9,89.3,88.22,88.39,9706,68163
1993-12-08,88.56,88.67,87.99,88.45,4361,68061
1993-12-09,88.33,88.62,87.88,88.05,4656,68202
1993-12-10,89.7,91.52,89.36,91.41,16441,68539
1993-12-13,91.75,92.09,91.07,91.86,13446,66607
1993-12-14,90.78,91.18,89.81,90.55,12610,66059
1993-12-15,89.98,90.38,89.02,90.27,8848,65953
1993-12-16,89.93,90.73,89.76,90.5,5140,65376
1993-12-17,90.33,92.21,90.33,91.64,9334,66080
1993-12-20,91.64,92.89,91.35,92.66,6858,66020
1993-12-21,93.23,93.86,93.0,93.46,9170,65634
1993-12-22,93.35,93.69,92.89,92.95,5202,65537
1993-12-23,92.89,93.12,92.78,92.83,2690,65380
1993-12-27,93.35,93.75,93.29,93.4,3454,64643
1993-12-28,93.23,93.69,93.0,93.63,3582,64903
1993-12-29,94.49,94.77,94.09,94.49,4828,64930
1993-12-30,95.17,95.28,93.8,94.94,8379,64646
1994-01-03,91.18,92.21,91.07,91.47,8621,65435
1994-01-04,90.33,91.07,89.76,91.01,7454,64156
1994-01-05,91.01,91.86,91.01,91.3,5852,64045
1994-01-06,91.01,91.3,90.73,91.01,5587,63181
1994-01-07,90.5,91.18,89.47,89.59,12218,61911
1994-01-10,90.1,92.55,90.1,92.55,12238,63354
1994-01-11,92.89,93.06,91.81,92.55,8855,62627
1994-01-12,92.61,93.92,92.61,92.72,10129,62952
1994-01-13,92.21,94.6,92.15,94.54,11999,63983
1994-01-14,95.74,96.59,95.63,96.31,12777,62697
1994-01-17,97.34,97.56,96.54,96.88,9739,62288
1994-01-18,97.11,99.1,96.65,98.82,14485,63589
1994-01-19,99.62,99.96,97.85,98.82,13807,61644
1994-01-20,98.36,99.05,97.96,98.7,8027,60768
1994-01-21,98.13,98.3,97.16,97.62,8700,59943
1994-01-24,97.28,98.7,96.88,98.65,6652,60430
1994-01-25,98.87,99.5,98.13,98.59,5801,60191
1994-01-26,97.79,99.39,97.11,98.99,7195,60517
1994-01-27,98.99,99.73,98.59,98.93,8086,60315
1994-01-28,98.53,98.82,97.45,97.68,9406,61727
1994-01-31,97.45,99.05,97.28,98.93,7959,60293
1994-02-01,99.62,102.24,99.22,102.12,13160,61184
1994-02-02,101.67,104.06,101.32,102.92,19108,65054
1994-02-03,102.46,102.81,101.67,102.46,9031,64714
1994-02-04,101.67,102.01,99.73,101.44,14017,64897
1994-02-07,100.7,101.89,100.13,101.78,6998,65625
1994-02-08,101.44,101.89,98.93,99.22,9131,66553
1994-02-09,99.44,99.62,98.02,98.99,16010,65715
1994-02-10,98.76,99.39,97.34,97.56,11111,64694
1994-02-11,96.2,96.99,95.28,95.91,15074,64552
1994-02-14,95.85,97.22,95.85,96.88,6766,62919
1994-02-15,96.14,98.82,95.74,98.3,10656,63375
1994-02-16,99.05,100.24,98.48,98.7,11754,61991
1994-02-17,99.96,100.87,99.27,100.36,10606,61501
1994-02-18,99.62,100.13,97.91,98.02,10059,61635
1994-02-22,98.76,99.33,97.96,98.59,14722,60677
1994-02-23,98.25,98.42,97.62,98.25,13870,59324
1994-02-24,98.3,99.55,98.3,99.1,15503,60846
1994-02-25,98.76,99.1,97.39,97.51,14297,60130
1994-02-28,98.42,98.87,97.96,98.47,7331,57913
1994-03-01,98.13,98.3,97.17,97.62,6766,57328
1994-03-02,97.74,99.33,97.28,99.16,7493,56945
1994-03-03,99.16,99.84,98.87,99.5,6348,57074
1994-03-04,100.01,102.28,100.01,101.77,15149,60357
1994-03-07,101.37,101.54,100.24,100.58,7376,60275
1994-03-08,100.75,101.71,100.58,100.86,7220,60892
1994-03-09,100.63,101.26,99.78,100.52,9012,60813
1994-03-10,100.92,101.32,100.46,101.09,4219,60202
1994-03-11,101.88,103.3,101.88,103.25,11727,61846
1994-03-14,103.13,103.59,102.39,103.3,7162,61803
1994-03-15,103.76,104.67,102.79,104.61,10488,63020
1994-03-16,103.99,105.92,103.65,105.86,11712,66409
1994-03-17,105.01,105.35,104.21,104.33,9075,66778
1994-03-18,104.38,105.63,104.21,104.78,11512,68565
1994-03-21,104.44,104.67,102.91,103.08,12848,68459
1994-03-22,103.76,104.21,103.3,103.36,7795,68546
1994-03-23,103.82,104.55,103.19,103.3,8739,68781
1994-03-24,102.28,103.13,101.83,102.05,10191,68521
1994-03-25,102.96,103.93,102.79,103.76,6777,68564
1994-03-28,103.99,104.16,102.91,103.02,8295,67489
1994-03-29,102.85,103.19,101.37,101.54,14976,65833
1994-03-30,100.35,100.8,97.96,98.25,22462,62025
1994-03-31,98.19,98.99,97.85,98.59,10758,61116
1994-04-04,98.08,100.24,98.02,99.78,6809,61195
1994-04-05,99.1,100.18,98.42,98.87,8484,58538
1994-04-06,98.99,99.16,96.77,97.39,16200,58290
1994-04-07,96.83,98.7,96.83,98.64,11104,55981
1994-04-08,98.42,98.99,98.13,98.42,6329,56253
1994-04-11,98.42,99.38,97.62,99.27,7842,54685
1994-04-12,98.76,99.44,98.42,99.27,5768,54921
1994-04-13,99.33,100.12,98.87,99.04,10570,54253
1994-04-14,98.76,99.04,97.85,98.7,6733,54234
1994-04-15,98.47,99.1,98.13,99.04,6647,55328
1994-04-18,99.04,99.72,98.19,98.93,9596,55131
1994-04-19,98.53,100.01,98.53,99.44,15057,54650
1994-04-20,99.27,99.55,98.25,98.7,11866,56994
1994-04-21,98.08,100.92,97.79,100.8,17845,58633
1994-04-22,101.03,101.71,100.52,101.6,12948,59653
1994-04-25,102.05,102.17,101.14,101.49,8326,59828
1994-04-26,101.37,101.49,100.58,101.31,10853,59613
1994-04-28,101.49,103.81,101.31,103.76,22412,61613
1994-04-29,103.64,104.21,103.07,103.87,9266,61372
1994-05-02,103.98,106.37,103.98,105.63,15225,64002
1994-05-03,105.29,106.03,105.06,105.91,11758,65446
1994-05-04,105.8,106.37,104.21,105.0,11536,64641
1994-05-05,104.89,105.8,104.89,105.17,5670,65021
1994-05-06,106.82,108.58,106.2,108.35,15996,66453
1994-05-09,107.96,110.79,107.62,110.74,11397,64711
1994-05-10,110.34,111.08,108.75,108.98,9428,63296
1994-05-11,111.47,112.1,110.91,111.25,11103,63780
1994-05-12,111.47,112.27,110.11,111.36,11729,62343
1994-05-13,114.2,115.67,113.63,115.56,17857,60342
1994-05-16,115.11,116.13,114.77,115.79,7006,59687
1994-05-17,117.15,118.4,117.09,118.12,10717,59231
1994-05-18,115.67,119.53,114.94,119.36,15311,60457
1994-05-19,119.76,120.44,117.95,118.46,12471,60113
1994-05-20,116.58,118.17,116.13,116.3,8305,60600
1994-05-23,117.38,121.35,117.38,120.73,12570,60245
1994-05-24,121.01,122.32,118.97,119.82,13116,58356
1994-05-25,119.42,119.82,116.53,117.26,16072,60431
1994-05-26,117.04,117.26,115.11,115.79,10544,59194
1994-05-27,116.24,118.63,116.13,116.98,9936,59704
1994-05-31,117.26,119.02,117.26,117.77,6962,60417
1994-06-01,117.26,117.55,113.29,114.65,19493,57989
1994-06-02,114.54,116.02,114.31,115.67,7353,56009
1994-06-03,115.96,117.15,115.28,117.04,5778,55657
1994-06-06,116.24,116.81,115.11,115.73,7356,57015
1994-06-07,116.13,121.46,116.13,121.24,20243,57622
1994-06-08,122.26,124.3,121.52,123.22,16007,59470
1994-06-09,124.53,125.21,123.62,124.25,12373,60650
1994-06-10,124.42,124.64,122.83,124.08,10367,60387
1994-06-13,125.38,127.14,125.15,126.69,10602,60731
1994-06-14,126.0,126.46,123.45,124.81,15523,60977
1994-06-15,124.42,125.55,123.51,125.21,12481,61268
1994-06-16,125.78,126.86,124.81,126.35,13220,60867
1994-06-17,127.93,129.07,126.97,128.96,15105,61918
1994-06-20,126.8,127.65,125.66,127.31,9092,61339
1994-06-21,126.91,127.88,125.89,126.86,8573,60002
1994-06-22,125.95,130.03,125.44,128.73,21408,61172
1994-06-23,128.84,129.52,127.59,128.61,10707,59661
1994-06-24,127.14,128.39,126.8,127.31,10955,59058
1994-06-27,126.35,126.8,124.42,126.18,16756,56535
1994-06-28,122.38,123.17,120.91,121.02,17957,56638
1994-06-29,121.47,122.38,120.34,121.36,19152,54109
1994-06-30,121.93,123.34,121.7,122.66,7587,53265
1994-07-01,124.02,126.35,123.85,125.95,11620,54300
1994-07-05,127.65,128.5,126.86,127.48,7218,53471
1994-07-06,126.35,127.54,126.06,126.18,7101,53235
1994-07-07,122.49,125.95,122.27,124.87,17134,52570
1994-07-08,124.87,126.91,123.74,124.25,9036,50732
1994-07-11,124.87,125.55,124.19,124.93,4838,49356
1994-07-12,124.99,126.23,124.48,125.33,6039,49004
1994-07-13,125.33,126.01,125.04,125.67,3971,48614
1994-07-14,126.29,128.27,126.29,127.76,11536,50657
1994-07-15,128.16,128.5,127.14,127.48,7444,49947
1994-07-18,127.14,127.59,126.52,127.42,4162,50056
1994-07-19,126.91,132.47,126.57,131.67,18733,52097
1994-07-20,131.33,131.84,130.31,130.48,7922,50588
1994-07-21,130.14,131.67,129.58,130.43,8366,50176
1994-07-22,129.75,130.43,129.29,129.63,5175,49725
1994-07-25,129.86,131.45,129.86,130.43,6380,50033
1994-07-26,129.75,130.03,125.33,126.18,22092,47440
1994-07-27,122.95,126.91,122.72,125.95,15140,47437
1994-07-28,124.87,125.33,123.97,124.99,7369,46346
1994-07-29,125.78,126.57,125.44,126.23,5549,46992
1994-08-01,125.84,125.89,123.97,124.25,6760,47109
1994-08-02,122.04,125.44,122.04,124.82,10805,47229
1994-08-03,124.08,124.36,120.68,120.85,16257,47031
1994-08-04,122.04,123.17,121.25,121.7,11195,45943
1994-08-05,122.04,122.55,119.43,121.08,10722,45101
1994-08-08,121.53,123.63,121.53,123.06,8154,44534
1994-08-09,122.61,122.83,121.25,121.53,6320,44580
1994-08-10,121.87,123.63,121.59,123.46,8817,44645
1994-08-11,122.78,124.76,122.61,124.48,10897,45268
1994-08-12,123.8,124.19,122.27,122.89,7599,44977
1994-08-15,122.83,124.48,122.78,123.06,7715,45066
1994-08-16,123.4,123.51,121.93,122.38,7915,45328
1994-08-17,122.83,124.87,122.55,123.97,10785,44520
1994-08-18,123.74,124.65,123.0,123.85,7243,43623
1994-08-19,123.51,123.74,122.38,122.83,6230,43842
1994-08-22,122.38,122.66,120.85,121.08,9133,44690
1994-08-23,121.59,122.38,121.59,121.93,5573,43561
1994-08-24,122.49,124.53,122.49,123.97,13270,44567
1994-08-25,123.4,124.25,123.17,123.57,8521,44188
1994-08-26,123.85,126.57,123.4,126.34,21644,45603
1994-08-29,126.34,129.0,126.34,127.87,18436,46844
1994-08-30,127.87,128.61,127.19,128.44,8413,46007
1994-08-31,130.19,131.21,129.17,131.04,15305,47735
1994-09-01,130.76,131.49,129.17,129.29,15948,50189
1994-09-02,129.63,131.1,129.34,129.63,7348,49876
1994-09-06,130.42,130.53,129.4,129.91,3953,49836
1994-09-07,129.29,130.08,128.49,129.91,5664,49569
1994-09-08,129.97,130.76,128.72,129.74,8085,49739
1994-09-09,130.31,130.76,129.85,130.02,7951,49936
1994-09-12,130.19,132.46,130.08,132.29,13294,53303
1994-09-13,132.06,132.4,130.19,130.59,9725,52547
1994-09-14,131.04,132.06,130.31,131.1,7893,53106
1994-09-15,130.53,131.04,129.29,129.97,7289,52637
1994-09-16,129.74,132.8,129.74,132.74,14907,55630
1994-09-19,132.74,133.25,131.61,132.91,8552,56182
1994-09-20,132.57,133.02,131.61,132.68,7597,56452
1994-09-21,132.91,133.36,131.89,132.46,7175,56935
1994-09-22,132.46,133.25,132.12,133.02,7393,57083
1994-09-23,133.82,135.4,133.82,134.44,15508,57494
1994-09-26,134.72,134.83,133.48,133.59,6712,56037
1994-09-27,133.59,134.04,133.14,133.98,6191,55364
1994-09-28,134.15,134.55,131.89,133.7,13610,54343
1994-09-29,132.74,132.97,130.87,131.49,11316,54821
1994-09-30,130.08,130.59,126.8,127.42,25425,52145
1994-10-03,127.48,129.97,127.48,129.63,11586,51254
1994-10-04,129.85,131.27,129.85,130.59,10037,51498
1994-10-05,131.49,132.0,130.76,131.21,9434,52235
1994-10-06,132.17,132.68,131.38,131.72,6820,52045
1994-10-07,131.1,132.12,129.17,129.8,11204,53750
1994-10-10,129.12,130.19,128.72,130.02,5061,53512
1994-10-11,128.27,130.19,127.14,129.46,10689,54338
1994-10-12,130.08,130.93,129.8,129.97,6267,55265
1994-10-13,129.85,130.02,128.21,128.72,5569,54807
1994-10-14,129.06,129.51,128.04,129.29,5821,54934
1994-10-17,129.12,129.46,127.36,128.78,8611,55409
1994-10-18,128.83,129.97,128.15,129.74,5810,54918
1994-10-19,131.1,134.55,131.1,134.27,19157,58154
1994-10-20,135.63,136.42,133.02,133.14,16264,59883
1994-10-21,133.76,133.93,131.55,132.4,8783,58592
1994-10-24,132.57,133.87,132.34,133.48,6384,58549
1994-10-25,133.82,135.51,133.48,135.0,8785,57542
1994-10-26,137.66,138.8,136.82,138.12,16992,58852
1994-10-27,137.27,139.82,136.98,139.65,12243,60272
1994-10-28,138.46,140.15,138.23,139.76,10176,59862
1994-10-31,139.02,139.25,137.78,138.8,6470,58752
1994-11-01,140.55,143.04,140.44,142.19,16017,59368
1994-11-02,140.27,143.55,139.7,142.99,15815,60223
1994-11-03,143.32,143.55,139.82,140.04,11856,59619
1994-11-04,140.95,144.0,140.95,143.44,12933,60882
1994-11-07,142.19,142.76,139.93,140.44,11049,58875
1994-11-08,141.63,142.65,139.93,140.27,11344,59265
1994-11-09,141.12,141.51,137.32,138.91,20107,59305
1994-11-10,139.36,140.15,138.51,139.65,9311,58784
1994-11-11,140.49,141.06,139.93,140.89,6397,57961
1994-11-14,142.02,144.8,141.8,144.34,16122,58209
1994-11-15,144.46,147.29,144.0,146.1,19642,58710
1994-11-16,148.65,152.61,148.65,152.1,17443,56377
1994-11-17,150.0,153.29,149.83,152.33,15176,56340
1994-11-18,150.8,152.95,150.8,152.33,8440,56844
1994-11-21,151.82,155.16,151.25,154.36,14479,56688
1994-11-22,153.41,154.12,151.26,151.56,19700,53560
1994-11-23,150.42,152.57,149.95,150.6,19700,53560
1994-11-28,153.65,154.48,151.02,152.75,19305,51484
1994-11-29,153.89,157.71,153.53,157.59,16418,51222
1994-11-30,158.42,158.66,156.87,157.88,11121,50483
1994-12-01,156.39,160.27,156.39,159.91,10648,50785
1994-12-02,158.66,160.93,158.42,159.97,8837,49999
1994-12-05,158.54,158.84,155.8,157.35,10666,49552
1994-12-06,156.51,157.82,155.56,156.81,7403,49536
1994-12-07,154.84,155.68,153.77,155.14,10078,48129
1994-12-08,155.68,159.62,155.68,159.5,12184,48026
1994-12-09,159.5,160.09,158.3,158.54,9248,47053
1994-12-12,157.94,159.85,157.47,158.84,7060,47187
1994-12-13,156.87,158.66,155.44,157.77,11219,47490
1994-12-14,157.94,160.57,157.11,160.27,11844,47931
1994-12-15,162.24,163.79,161.94,162.54,13452,49217
1994-12-16,162.72,163.32,161.53,162.18,6428,48747
1994-12-19,158.78,161.17,158.3,159.97,11318,47691
1994-12-20,158.9,160.39,157.94,159.14,9959,48163
1994-12-21,159.74,161.76,159.26,161.47,8778,49183
1994-12-22,161.53,162.84,160.93,161.47,5031,48884
1994-12-23,160.99,161.88,160.45,160.57,5031,48884
1994-12-27,160.57,161.88,160.57,161.7,2203,47696
1994-12-28,161.76,164.99,161.76,164.63,8758,47850
1994-12-29,164.51,165.23,163.85,164.81,4606,49995
1994-12-30,164.87,165.94,163.91,165.47,5283,49948
1995-01-03,164.21,166.18,159.38,159.62,15729,49465
1995-01-04,157.71,159.74,155.8,158.42,15431,49119
1995-01-05,159.14,161.7,159.14,160.93,8338,49871
1995-01-06,160.45,163.79,160.45,162.72,10127,51129
1995-01-09,162.0,166.18,161.53,166.0,12230,51854
1995-01-10,166.78,167.73,165.47,166.3,14902,53004
1995-01-11,164.99,165.7,163.38,164.27,9389,52339
1995-01-12,163.2,165.7,162.72,164.75,9654,51316
1995-01-13,165.94,166.3,164.39,164.69,6046,51856
1995-01-16,163.91,165.23,161.29,161.94,10491,52061
1995-01-17,161.76,166.54,161.76,165.76,11663,53685
1995-01-18,167.26,168.09,165.82,166.66,11392,53337
1995-01-19,167.08,170.6,166.42,170.36,16956,55158
1995-01-20,168.69,169.76,168.21,168.81,7271,54957
1995-01-23,167.73,168.81,166.54,167.55,9746,55273
1995-01-24,167.91,170.36,167.91,169.17,10561,56125
1995-01-25,170.12,170.36,164.75,165.17,15756,54908
1995-01-26,165.7,167.26,163.56,167.08,15949,53574
1995-01-27,166.42,167.08,164.45,164.99,10199,53051
1995-01-30,163.32,164.99,162.72,164.27,8290,52060
1995-01-31,164.99,166.36,161.88,162.72,12640,51134
1995-02-01,161.17,162.24,157.59,157.82,19227,50528
1995-02-02,158.9,159.85,156.69,159.62,16449,49561
1995-02-03,159.74,160.09,156.27,156.69,14046,49731
1995-02-06,152.81,157.82,152.81,157.35,26085,50187
1995-02-07,156.27,157.23,153.05,154.54,16576,51466
1995-02-08,153.53,155.91,152.21,155.32,14224,51026
1995-02-09,156.21,157.35,155.2,157.05,11742,51501
1995-02-10,157.82,161.47,157.59,160.45,20017,51083
1995-02-13,159.02,160.15,158.3,158.48,9445,50171
1995-02-14,158.18,161.94,158.18,160.21,13669,50979
1995-02-15,159.97,160.87,159.14,159.32,7800,51492
1995-02-16,160.45,161.65,159.44,160.69,9340,51535
1995-02-17,159.85,160.69,158.42,159.2,8052,51331
1995-02-21,159.97,160.45,158.96,159.26,10338,51414
1995-02-22,159.01,159.87,157.49,157.73,15806,51610
1995-02-23,157.92,158.89,157.06,158.71,10993,51732
1995-02-24,158.77,159.5,157.8,159.44,11359,51695
1995-02-27,159.26,161.82,159.14,159.68,16515,50586
1995-02-28,158.89,159.44,156.45,156.64,16200,47016
1995-03-01,155.48,160.84,155.42,159.62,16987,48387
1995-03-02,158.77,162.3,158.4,160.42,14678,47300
1995-03-03,162.79,163.64,160.48,161.76,11300,46778
1995-03-06,162.79,162.91,159.26,160.72,10516,45969
1995-03-07,161.33,162.06,159.62,161.94,7973,45962
1995-03-08,161.82,163.64,161.76,163.52,10555,47086
1995-03-09,163.77,164.19,162.18,163.03,8563,46863
1995-03-10,163.28,163.52,162.3,163.03,8167,46902
1995-03-13,163.71,165.05,163.52,164.38,10966,45538
1995-03-14,165.23,165.96,164.13,164.25,10857,45816
1995-03-15,164.25,164.68,162.91,163.16,6606,45853
1995-03-16,163.16,164.19,162.55,163.83,7175,44353
1995-03-17,162.91,164.38,162.06,163.58,7850,46169
1995-03-20,162.91,164.92,162.36,164.44,7066,45638
1995-03-21,164.74,164.98,163.64,163.77,4027,44901
1995-03-22,164.62,169.61,164.62,168.52,22406,49754
1995-03-23,167.91,169.86,167.42,168.15,10062,49030
1995-03-24,167.91,169.49,167.42,169.25,6055,49256
1995-03-27,169.01,169.68,168.21,169.07,7172,49377
1995-03-28,169.74,169.86,166.69,167.91,12669,49039
1995-03-29,167.3,168.46,166.93,167.3,8176,48464
1995-03-30,167.06,169.25,167.06,168.82,9762,48890
1995-03-31,168.4,169.01,166.2,166.57,12606,49243
1995-04-03,167.06,168.82,167.06,168.64,7235,49614
1995-04-04,167.54,168.27,166.81,167.24,7968,49063
1995-04-05,166.93,168.46,166.57,167.24,8143,49137
1995-04-06,167.06,167.06,165.47,166.39,9219,47639
1995-04-07,167.18,168.15,166.63,167.42,5453,46961
1995-04-10,167.54,168.4,165.84,166.39,7337,46888
1995-04-11,166.93,166.93,165.47,165.9,11372,45839
1995-04-12,165.9,166.08,164.13,164.68,9136,45359
1995-04-13,164.19,165.35,160.6,165.11,25938,44853
1995-04-17,164.13,166.63,164.13,165.47,7324,44358
1995-04-18,165.72,166.2,162.97,164.13,12844,43784
1995-04-19,163.95,163.95,157.49,157.67,24352,45619
1995-04-20,157.86,160.23,157.55,158.4,24552,49552
1995-04-21,158.53,160.84,158.53,160.42,9332,48118
1995-04-24,159.8,159.8,156.53,156.65,11559,48218
1995-04-25,154.61,156.09,152.94,153.38,21780,50484
1995-04-26,154.36,154.73,153.13,154.43,15394,52244
1995-04-27,154.73,156.09,154.36,154.92,10085,50332
1995-04-28,155.78,158.07,155.6,156.96,13279,50100
1995-05-01,155.41,156.22,154.49,154.61,7312,48389
1995-05-02,152.76,154.86,152.64,153.87,9619,48544
1995-05-03,153.25,155.48,153.01,154.86,7504,48865
1995-05-04,155.23,155.35,150.91,151.21,14975,50696
1995-05-05,151.28,152.51,150.41,151.4,6789,50406
1995-05-08,151.03,152.14,150.78,152.02,3392,50809
1995-05-09,152.88,153.87,152.14,152.94,7223,51611
1995-05-10,152.64,153.62,152.51,153.44,5376,51548
1995-05-11,153.31,155.29,152.64,154.86,8050,51524
1995-05-12,154.24,156.22,153.62,154.3,9430,51760
1995-05-15,153.25,154.61,153.25,153.81,5701,52430
1995-05-16,154.24,155.1,153.99,154.36,6278,53070
1995-05-17,154.98,155.29,153.31,153.81,9934,54809
1995-05-18,154.12,155.1,153.44,154.3,6362,54321
1995-05-19,154.24,154.73,153.44,154.49,4008,54276
1995-05-22,154.06,154.18,152.26,153.44,7852,55257
1995-05-23,154.36,158.93,154.12,158.75,25142,52418
1995-05-24,160.17,161.77,158.32,161.71,15668,47771
1995-05-25,162.14,163.32,160.17,160.42,13171,44584
1995-05-26,160.91,162.02,159.92,161.9,7314,42959
1995-05-30,161.9,162.21,160.42,161.16,5654,42941
1995-05-31,161.65,162.76,160.66,161.77,8800,42978
1995-06-01,162.64,165.23,162.51,164.86,15311,44426
1995-06-02,164.43,165.97,164.12,165.29,11529,46908
1995-06-05,164.98,166.96,164.98,165.54,10615,46711
1995-06-06,165.11,165.23,162.76,163.01,8350,46811
1995-06-07,163.75,165.85,162.95,165.11,9143,47220
1995-06-08,164.98,165.11,162.76,163.01,6883,44508
1995-06-09,164.37,166.71,164.24,166.34,11626,45899
1995-06-12,166.22,166.22,164.68,165.85,7710,45139
1995-06-13,165.35,165.54,164.0,164.06,8121,44772
1995-06-14,164.37,167.21,164.37,166.53,8629,47010
1995-06-15,167.02,171.65,166.84,171.59,24967,51750
1995-06-16,173.01,173.69,171.71,172.7,10163,51514
1995-06-19,172.39,174.99,171.9,172.27,11374,52104
1995-06-20,175.23,175.48,173.01,173.13,13842,52846
1995-06-21,173.63,174.12,171.34,173.88,15056,52581
1995-06-22,173.25,177.53,172.24,177.53,20439,53271
1995-06-23,176.4,176.9,173.62,174.88,17797,50123
1995-06-26,173.88,176.71,173.88,174.44,14873,49955
1995-06-27,173.62,173.75,169.97,170.47,16419,46794
1995-06-28,171.61,172.68,170.6,172.24,12166,46988
1995-06-29,171.61,172.99,171.04,172.8,10125,46626
1995-06-30,174.0,174.13,171.1,172.24,10125,46626
1995-07-05,173.5,173.81,171.42,171.54,9449,46452
1995-07-06,172.36,172.74,167.95,171.17,13677,42978
1995-07-07,171.1,173.88,171.1,172.36,6012,43833
1995-07-10,172.11,174.13,171.1,172.93,6045,43465
1995-07-11,172.74,176.33,172.11,175.26,9479,44348
1995-07-12,175.14,178.54,175.01,177.09,13136,45671
1995-07-13,177.15,178.41,175.39,175.58,8516,44837
1995-07-14,176.02,177.59,174.38,177.15,6363,44547
1995-07-17,177.03,178.29,174.63,174.82,7087,44514
1995-07-18,174.38,177.28,174.0,174.63,8769,44337
1995-07-19,173.75,176.9,168.84,169.78,12809,42779
1995-07-20,169.84,173.25,168.21,168.71,16041,40804
1995-07-21,166.57,168.33,163.54,165.94,22106,37177
1995-07-24,165.43,167.07,165.43,166.32,4801,36811
1995-07-25,166.32,167.13,165.94,167.01,4907,36466
1995-07-26,166.88,168.77,166.44,167.58,6682,35786
1995-07-27,168.84,169.84,166.95,167.7,7127,35347
1995-07-28,167.95,169.72,167.32,169.4,3944,35009
1995-07-31,169.59,170.6,168.39,170.47,4722,34484
1995-08-01,170.73,171.1,169.65,169.72,6673,34974
1995-08-02,169.47,176.27,167.45,176.02,19756,36390
1995-08-03,175.64,177.28,174.63,175.39,9680,35598
1995-08-04,175.58,175.77,174.0,175.2,3562,35306
1995-08-07,174.25,174.57,172.74,172.93,4038,34775
1995-08-08,172.11,172.62,171.36,171.48,5493,34693
1995-08-09,172.36,173.37,172.05,172.43,5477,34859
1995-08-10,172.74,173.12,171.23,171.86,5647,34871
1995-08-11,172.62,173.5,172.11,172.43,3583,35693
1995-08-14,172.3,172.49,170.98,171.99,4637,35191
1995-08-15,173.37,175.39,173.37,175.07,13796,37610
1995-08-16,174.88,180.18,174.13,178.6,16510,39952
1995-08-17,179.04,180.68,177.28,178.03,12388,41102
1995-08-18,177.72,179.36,177.34,178.98,6188,41411
1995-08-21,178.29,178.66,176.14,176.46,8066,40362
1995-08-22,176.91,178.47,176.26,176.52,7237,40504
1995-08-23,176.13,177.43,174.97,176.59,11640,39828
1995-08-24,177.56,179.76,177.56,178.08,10183,41368
1995-08-25,177.95,178.73,175.88,175.88,7697,41557
1995-08-28,175.62,175.75,174.71,175.36,6261,40413
1995-08-29,174.32,175.75,173.15,173.15,12858,40077
1995-08-30,174.58,174.97,169.14,169.98,23249,35947
1995-08-31,171.08,172.31,170.43,171.02,8491,35633
1995-09-01,170.69,171.21,167.58,171.14,12144,34452
1995-09-05,167.45,172.18,167.06,170.43,7203,33854
1995-09-06,171.86,172.51,170.43,171.73,5031,34013
1995-09-07,171.08,171.53,170.17,170.76,4767,33542
1995-09-08,170.17,171.4,169.27,169.4,5056,33213
1995-09-11,169.33,171.73,169.27,171.53,4002,33451
1995-09-12,171.73,172.12,167.19,167.39,9757,33420
1995-09-13,166.93,167.97,165.51,165.77,11237,34510
1995-09-14,164.73,165.77,161.23,165.51,20076,36292
1995-09-15,165.12,166.93,163.17,166.87,8728,36012
1995-09-18,168.23,168.23,165.38,166.87,9518,35561
1995-09-19,165.44,170.3,164.47,169.2,13158,35194
1995-09-20,169.78,170.43,168.49,168.68,8069,34040
1995-09-21,170.3,173.41,170.04,171.86,12626,33753
1995-09-22,171.34,172.89,170.76,171.47,8012,33685
1995-09-25,171.34,171.86,170.04,170.37,3252,32071
1995-09-26,171.21,172.31,170.89,171.34,5538,31642
1995-09-27,171.47,171.6,167.97,168.23,8097,31960
1995-09-28,168.36,170.76,168.36,170.24,5417,31477
1995-09-29,170.82,172.64,170.11,170.63,7799,31940
1995-10-02,170.11,171.34,168.1,168.55,6525,31720
1995-10-03,168.42,169.27,166.93,167.77,7091,31510
1995-10-04,167.58,169.72,167.45,169.33,6222,31420
1995-10-05,168.81,169.27,164.47,165.57,13029,32926
1995-10-06,167.0,167.97,164.66,165.25,8053,32637
1995-10-09,165.12,166.22,163.95,164.21,4133,32900
1995-10-10,164.79,165.51,160.06,160.19,12558,35063
1995-10-11,159.67,162.66,159.16,162.07,10082,35963
1995-10-12,163.04,165.12,162.14,164.6,9250,36113
1995-10-13,164.47,164.6,162.91,164.08,7684,36336
1995-10-16,163.17,164.86,162.4,164.66,6094,36615
1995-10-17,162.91,162.91,159.8,160.52,9715,37768
1995-10-18,159.55,161.04,156.43,156.95,12830,38171
1995-10-19,158.31,162.01,157.99,161.81,11603,39130
1995-10-20,161.75,161.75,158.77,159.48,6857,39553
1995-10-23,159.8,162.59,159.67,162.46,5742,39853
1995-10-24,162.66,162.66,159.74,160.65,5512,39530
1995-10-25,160.71,162.01,159.87,161.23,5499,39286
1995-10-26,162.66,165.51,161.75,162.01,12250,39324
1995-10-27,161.1,162.91,160.13,160.32,7433,39430
1995-10-30,159.03,160.97,158.64,160.26,6348,38717
1995-10-31,161.23,162.4,160.84,161.68,7435,38522
1995-11-01,162.46,167.19,162.27,167.0,16067,38544
1995-11-02,168.75,171.86,168.62,171.73,16311,37904
1995-11-03,170.24,172.76,169.52,172.31,9858,36902
1995-11-06,173.87,174.13,170.56,171.47,7713,37731
1995-11-07,172.38,175.62,171.99,173.74,11301,38990
1995-11-08,173.15,173.28,170.82,171.21,6681,37791
1995-11-09,171.47,175.62,171.47,173.09,9539,38312
1995-11-10,173.67,176.13,173.02,175.03,6223,38429
1995-11-13,174.45,176.2,172.05,173.02,6784,38620
1995-11-14,174.19,174.32,169.52,170.82,8425,38647
1995-11-15,170.11,171.99,168.36,168.75,8459,38424
1995-11-16,168.49,171.08,167.71,170.5,8191,38344
1995-11-17,170.82,171.66,169.85,170.43,5138,38373
1995-11-20,170.82,173.28,170.56,172.57,7191,39345
1995-11-21,171.99,171.99,169.91,170.76,8096,39945
1995-11-22,170.62,171.92,169.53,170.35,8096,39945
1995-11-27,170.28,171.03,169.25,170.41,10912,39361
1995-11-28,170.21,170.21,168.71,169.66,8584,38088
1995-11-29,169.94,171.98,169.25,169.46,9505,38345
1995-11-30,167.89,168.91,166.12,168.71,21692,37500
1995-12-01,167.34,169.53,167.07,167.89,5539,37205
1995-12-04,167.89,169.12,167.48,167.75,4693,37117
1995-12-05,167.48,168.71,166.66,166.73,6556,37490
1995-12-06,166.12,167.62,162.16,162.5,14049,38740
1995-12-07,162.98,167.21,162.91,166.05,11487,37909
1995-12-08,165.98,166.12,164.61,164.89,5770,37353
1995-12-11,165.5,168.3,165.5,167.68,8663,36362
1995-12-12,166.93,167.68,165.71,165.91,6565,35969
1995-12-13,167.07,169.6,166.52,168.78,10548,35574
1995-12-14,169.8,174.3,168.85,173.96,14290,36018
1995-12-15,171.98,172.39,166.66,169.12,16808,35587
1995-12-18,169.25,169.66,167.89,168.09,6077,35109
1995-12-19,167.07,169.12,166.93,168.3,6037,35021
1995-12-20,168.44,169.53,168.03,169.32,4190,34931
1995-12-21,169.66,170.35,168.03,168.71,5075,35030
1995-12-22,168.16,168.44,166.12,166.73,2912,35092
1995-12-26,166.25,166.8,165.43,166.52,2949,35136
1995-12-27,167.0,167.62,165.91,166.12,5399,35163
1995-12-28,166.25,167.07,165.84,166.18,3476,33727
1995-12-29,164.61,165.84,164.14,164.55,5295,35393
1996-01-02,163.52,163.66,160.86,161.2,14478,39746
1996-01-03,160.25,160.93,158.06,159.56,13767,42271
1996-01-04,160.38,160.93,156.42,156.56,12635,43511
1996-01-05,157.38,159.97,157.38,159.77,9614,42339
1996-01-09,157.93,158.61,155.33,155.67,6515,46324
1996-01-10,156.7,158.33,156.29,156.7,6724,45961
1996-01-11,157.31,158.74,156.97,157.45,4967,46273
1996-01-12,156.7,156.7,153.56,153.83,9612,48991
1996-01-15,153.15,155.06,152.26,152.4,7551,47771
1996-01-16,153.01,154.17,151.85,153.63,7949,48590
1996-01-17,154.65,155.4,152.4,152.4,8712,50212
1996-01-18,155.74,157.79,154.38,156.7,9346,49689
1996-01-19,155.81,156.29,153.01,153.08,6424,49673
1996-01-22,152.74,154.65,151.92,153.9,6222,49202
1996-01-23,154.92,158.33,154.92,157.31,8869,49898
1996-01-24,156.15,158.88,155.6,158.61,8298,48982
1996-01-25,157.79,158.47,154.92,155.06,9732,51353
1996-01-26,154.58,154.92,153.69,154.1,6893,50897
1996-01-29,153.97,155.6,153.97,154.38,4378,50274
1996-01-30,156.56,158.88,156.56,157.58,12052,50323
1996-01-31,158.06,159.43,156.56,156.7,9708,49313
1996-02-01,157.93,161.75,156.83,160.25,16019,47917
1996-02-02,159.84,160.66,158.81,160.25,5603,47048
1996-02-05,159.02,159.84,158.47,158.95,3943,46452
1996-02-06,159.15,160.11,157.79,158.81,5115,46107
1996-02-07,159.43,162.16,159.43,161.2,11408,46402
1996-02-08,160.52,160.79,159.15,159.97,5214,45403
1996-02-09,159.29,160.52,158.61,159.97,3447,45421
1996-02-12,159.29,159.43,157.38,158.06,5923,45487
1996-02-13,157.11,157.38,153.97,154.79,12571,45320
1996-02-14,154.99,156.01,154.44,155.74,5975,45816
1996-02-15,156.42,156.63,155.06,155.13,3723,45859
1996-02-16,154.24,155.33,152.33,153.56,7924,47456
1996-02-20,154.65,155.88,153.56,155.26,7186,46427
1996-02-21,154.51,155.88,154.24,155.67,5885,47199
1996-02-22,155.47,157.82,155.47,157.33,17718,46264
1996-02-23,158.1,159.2,156.16,158.1,15390,45310
1996-02-26,157.82,158.51,156.43,156.78,9253,44298
1996-02-27,157.54,158.23,156.85,157.68,11347,43233
1996-02-28,157.68,157.68,155.88,155.95,7345,43666
1996-02-29,156.85,159.9,155.74,159.62,12163,42754
1996-03-01,159.34,161.28,158.79,160.86,9613,41945
1996-03-04,161.42,163.22,160.73,163.15,8599,41625
1996-03-05,162.25,163.08,161.0,161.21,5996,40673
1996-03-06,161.0,161.9,160.45,161.76,5224,41001
1996-03-07,160.59,162.53,159.76,162.25,5522,40859
1996-03-08,164.53,166.13,163.63,165.99,11245,41599
1996-03-11,165.5,165.71,164.39,164.74,7895,42184
1996-03-12,165.02,166.26,164.05,165.64,7726,43615
1996-03-13,165.29,165.43,164.33,164.53,6610,43380
1996-03-14,164.19,164.33,161.56,162.25,10569,43109
1996-03-15,162.66,162.8,161.7,161.9,4457,42466
1996-03-18,162.25,163.49,161.7,163.43,4462,42574
1996-03-19,162.66,162.66,160.86,161.76,7942,42791
1996-03-20,161.0,162.66,160.31,162.11,7945,42875
1996-03-21,162.11,163.22,161.14,161.83,6466,43144
1996-03-22,161.42,161.63,158.72,159.41,11469,43208
1996-03-25,158.86,160.73,158.79,159.06,7709,43143
1996-03-26,160.03,161.14,159.06,160.86,9532,44125
1996-03-27,160.45,160.86,159.62,160.03,4158,44167
1996-03-28,160.17,161.97,159.48,160.93,8515,44481
1996-03-29,160.86,162.25,160.73,161.28,5899,44427
1996-04-01,159.9,160.03,157.96,158.58,9142,43891
1996-04-02,157.96,158.51,157.13,157.2,7929,43107
1996-04-03,156.57,156.71,155.6,155.95,7330,42735
1996-04-04,156.71,157.2,156.57,156.92,2395,42482
1996-04-08,156.43,157.61,156.16,156.92,3166,42386
1996-04-09,157.27,157.68,156.43,156.5,5135,42318
1996-04-10,156.99,160.45,156.99,159.76,27418,43189
1996-04-11,160.03,164.74,159.9,164.46,15096,43418
1996-04-12,163.63,166.82,162.6,165.29,16179,44382
1996-04-15,165.09,166.54,162.8,163.01,12863,45316
1996-04-16,163.15,164.6,162.94,163.91,6340,45671
1996-04-17,164.33,167.09,164.19,165.57,11105,47493
1996-04-18,166.68,167.37,165.16,166.96,8055,46793
1996-04-19,166.68,170.56,165.99,170.28,14614,49128
1996-04-22,170.42,170.56,168.23,169.78,8593,49410
1996-04-23,170.0,170.42,168.58,168.87,9168,50367
1996-04-24,167.88,171.27,167.59,170.56,13359,51685
1996-04-25,170.98,171.83,169.78,170.84,13666,52115
1996-04-26,170.42,170.56,168.87,170.56,9350,51405
1996-04-29,170.14,170.28,169.15,169.36,9350,51405
1996-04-30,170.0,170.98,167.24,168.37,12951,51471
1996-05-01,169.15,170.7,169.01,170.42,8156,52128
1996-05-02,171.13,171.62,169.29,169.64,5125,51807
1996-05-03,171.55,173.25,171.41,172.68,8578,53580
1996-05-06,172.26,172.96,171.27,171.41,3556,52890
1996-05-07,172.54,176.92,172.47,176.5,11314,53241
1996-05-08,177.2,178.9,176.21,177.27,11340,53328
1996-05-09,177.06,177.7,174.94,176.57,7434,52177
1996-05-10,176.57,176.78,174.94,175.93,3550,51589
1996-05-13,174.8,177.84,174.09,177.41,6127,52773
1996-05-14,177.91,178.76,175.37,175.37,9515,52887
1996-05-15,174.8,176.43,173.53,174.73,6586,52117
1996-05-16,175.08,175.93,174.24,174.73,4653,50848
1996-05-17,171.55,171.69,162.65,163.35,28701,46345
1996-05-20,154.03,159.96,153.32,157.14,20422,43328
1996-05-21,159.26,161.45,157.42,157.63,10937,41098
1996-05-22,154.45,161.09,154.17,160.46,10271,40251
1996-05-23,159.96,161.94,159.54,160.6,8532,39778
1996-05-24,159.68,159.82,158.13,159.19,7741,39854
1996-05-28,160.1,162.37,160.1,160.53,8545,40252
1996-05-29,160.39,164.48,159.54,164.2,7055,40145
1996-05-30,164.2,164.34,161.8,163.21,6389,39917
1996-05-31,162.51,162.79,160.81,162.51,5942,39923
1996-06-03,162.22,162.37,159.4,160.6,4635,39811
1996-06-04,158.13,159.19,156.43,156.43,6109,40467
1996-06-05,151.91,155.58,143.85,144.21,26464,46107
1996-06-06,138.48,146.96,137.78,146.47,19317,49383
1996-06-07,148.73,153.18,147.39,151.34,12076,49217
1996-06-10,152.05,156.57,151.06,152.54,10025,49005
1996-06-11,146.26,148.94,142.3,143.15,13584,50011
1996-06-12,145.55,149.65,144.56,148.52,8906,50292
1996-06-13,146.96,149.08,145.97,147.17,4787,50486
1996-06-14,139.9,141.45,129.58,132.62,17920,53451
1996-06-17,131.28,135.94,131.14,132.69,10846,54964
1996-06-18,134.1,135.66,133.11,134.24,9908,55021
1996-06-19,135.66,137.78,135.37,137.35,10112,55968
1996-06-20,135.94,136.22,132.76,133.96,9106,56603
1996-06-21,130.71,131.42,128.59,128.87,18699,55954
1996-06-24,125.66,128.44,123.61,127.41,13881,59150
1996-06-25,127.12,130.04,121.28,121.64,16568,60844
1996-06-26,124.49,128.58,122.74,127.41,14248,58944
1996-06-27,126.17,133.84,124.2,130.77,17443,58260
1996-06-28,131.65,135.01,131.36,132.09,10517,57225
1996-07-01,131.5,132.97,126.1,128.95,10813,57660
1996-07-02,130.19,131.5,128.73,128.8,5535,57051
1996-07-03,132.53,133.11,127.85,128.29,5535,57051
1996-07-08,132.09,133.77,130.92,132.31,8114,56799
1996-07-09,131.94,133.55,130.19,132.67,7135,56165
1996-07-10,132.24,133.55,130.63,131.07,5237,56226
1996-07-11,129.17,130.19,126.39,127.56,7814,57008
1996-07-12,125.81,130.34,125.66,129.17,7059,57160
1996-07-15,128.87,128.87,125.81,126.17,5230,57449
1996-07-16,127.27,129.68,126.68,128.0,6254,57449
1996-07-17,128.29,129.53,127.56,129.24,4219,56974
1996-07-18,128.58,129.9,127.41,128.66,4914,56920
1996-07-19,129.61,131.21,128.73,128.87,6163,57183
1996-07-22,129.17,130.92,128.87,130.63,4307,57073
1996-07-23,132.16,136.33,131.65,134.35,12604,56450
1996-07-24,133.7,137.2,133.26,135.6,8524,57238
1996-07-25,136.91,140.13,136.62,138.52,11942,55719
1996-07-26,138.52,138.96,136.62,136.84,6637,54984
1996-07-29,137.35,139.18,133.84,134.65,7330,54886
1996-07-30,135.01,135.3,132.67,134.72,7519,54943
1996-07-31,134.43,136.33,133.99,136.18,5615,55339
1996-08-01,136.62,137.13,134.28,135.08,7631,56531
1996-08-02,134.43,135.01,132.97,133.62,5224,57133
1996-08-05,133.4,135.08,131.21,131.8,6717,56885
1996-08-06,131.36,134.87,131.07,134.35,6446,56510
1996-08-07,134.5,135.6,133.84,135.16,4531,55761
1996-08-08,135.45,136.18,133.62,133.7,8307,56925
1996-08-09,133.26,135.74,133.26,134.57,7055,57252
1996-08-12,134.13,134.21,132.24,133.26,5269,57737
1996-08-13,132.82,133.7,131.8,133.4,5371,57230
1996-08-14,133.26,136.62,132.82,135.89,8784,57185
1996-08-15,135.6,135.6,134.13,135.23,6163,56871
1996-08-16,134.28,134.28,131.5,132.16,9893,58069
1996-08-19,131.65,136.25,131.07,136.25,10060,56417
1996-08-20,134.94,135.16,132.6,132.82,8357,56665
1996-08-21,131.94,134.13,131.36,133.55,6191,56658
1996-08-22,132.96,134.0,132.81,133.18,4025,56786
1996-08-23,132.88,134.66,132.66,133.7,12253,56497
1996-08-26,132.96,133.55,132.88,133.1,3329,56060
1996-08-27,133.1,134.29,133.1,133.48,5727,55362
1996-08-28,133.48,134.44,132.81,134.0,7830,54882
1996-08-29,134.44,136.37,134.0,134.74,13060,55294
1996-08-30,135.18,142.17,135.04,141.5,14320,55369
1996-09-03,140.68,142.91,139.79,142.39,8751,54914
1996-09-04,138.16,141.42,137.56,140.24,7540,55262
1996-09-05,138.6,139.49,132.06,132.21,18473,54941
1996-09-06,133.25,134.81,131.17,133.4,7900,54507
1996-09-09,133.77,134.89,132.66,133.48,4521,54718
1996-09-10,133.4,134.14,131.92,133.7,4220,54617
1996-09-11,133.1,133.62,129.24,129.47,7795,55556
1996-09-12,129.39,129.69,125.53,127.61,19163,56554
1996-09-13,128.5,129.99,128.5,129.02,4658,55791
1996-09-16,128.5,128.8,127.61,128.65,3414,56032
1996-09-17,128.35,131.1,127.91,130.58,8884,56052
1996-09-18,131.02,134.44,130.28,133.18,11044,56078
1996-09-19,132.36,135.11,131.92,134.0,10205,56457
1996-09-20,133.4,133.4,129.39,130.43,10406,57027
1996-09-23,129.84,130.65,128.65,130.21,4701,56202
1996-09-24,131.17,133.1,130.8,132.44,6595,55675
1996-09-25,133.55,134.29,131.92,133.25,7699,54800
1996-09-26,133.85,135.48,132.81,134.37,11895,54611
1996-09-27,137.56,138.75,135.04,135.56,10121,53563
1996-09-30,134.29,135.04,132.96,133.85,6366,54821
1996-10-01,132.36,132.51,130.13,130.5,7976,56808
1996-10-02,131.32,133.85,131.02,132.36,8288,57382
1996-10-03,131.02,132.36,130.36,131.99,6602,57493
1996-10-04,132.81,133.4,132.14,132.44,4022,57513
1996-10-07,133.1,133.85,131.17,131.4,5274,57421
1996-10-08,131.92,136.22,131.92,136.15,11282,58025
1996-10-09,135.04,135.18,132.21,134.22,9390,57752
1996-10-10,134.59,137.26,134.0,137.04,8811,57741
1996-10-11,136.82,137.26,135.04,135.93,8781,57422
1996-10-14,135.33,135.85,133.7,133.85,8226,57672
1996-10-15,135.18,136.97,134.29,134.59,9646,57789
1996-10-16,135.33,135.63,131.54,131.69,13464,59423
1996-10-17,132.96,135.63,131.77,135.04,13169,58772
1996-10-18,135.78,136.22,134.74,136.0,6718,57452
1996-10-21,135.78,138.16,135.48,138.16,9120,57399
1996-10-22,137.04,138.16,136.67,137.34,9028,56315
1996-10-23,138.75,139.49,137.41,138.08,10621,56416
1996-10-24,137.56,141.13,137.49,141.05,15567,59167
1996-10-25,140.38,144.47,139.94,144.32,18179,61133
1996-10-28,144.54,144.54,140.83,141.8,13409,60513
1996-10-29,138.45,138.6,133.25,134.29,25543,60130
1996-10-30,134.0,138.01,133.92,137.86,14496,58763
1996-10-31,138.3,139.05,133.7,135.63,12808,58368
1996-11-01,136.08,137.78,133.77,137.64,6622,58524
1996-11-04,136.74,139.2,136.67,138.82,6308,57798
1996-11-05,138.45,138.9,136.08,136.74,5886,57833
1996-11-06,137.71,138.45,137.26,137.64,4736,57943
1996-11-07,140.09,142.54,139.57,141.94,13800,58093
1996-11-08,141.94,143.65,139.79,140.16,12847,58789
1996-11-11,140.24,142.46,140.09,142.02,4537,58500
1996-11-12,142.98,145.81,142.76,145.51,13437,61168
1996-11-13,145.43,146.62,143.65,145.43,11084,61168
1996-11-14,142.76,144.32,141.87,142.39,9586,61920
1996-11-15,149.15,152.12,147.66,150.71,18465,64104
1996-11-18,152.12,157.32,149.74,156.95,14062,64976
1996-11-19,156.95,159.84,156.13,157.84,19606,62874
1996-11-20,157.17,157.84,155.09,156.8,18254,62946
1996-11-21,156.28,157.91,155.61,157.24,6916,63753
1996-11-22,156.24,157.17,155.15,156.24,10793,62092
1996-11-25,155.77,158.1,153.91,158.02,14877,63310
1996-11-26,161.51,162.59,159.88,161.35,24976,61899
1996-11-27,160.81,162.82,159.65,162.44,24976,61899
1996-12-02,159.96,160.27,154.22,155.15,11984,61016
1996-12-03,156.55,156.86,153.14,156.0,9804,60695
1996-12-04,156.0,159.18,155.0,157.71,9999,61598
1996-12-05,158.1,158.33,155.15,156.78,6277,61015
1996-12-06,152.36,155.77,150.35,155.07,9374,60908
1996-12-09,153.91,155.0,152.28,152.83,7189,61358
1996-12-10,152.98,154.53,151.74,154.3,8391,61361
1996-12-11,155.15,156.86,154.53,155.54,9372,59663
1996-12-12,154.69,156.39,152.67,154.53,8270,58775
1996-12-13,154.53,155.31,152.67,153.91,5473,58671
1996-12-16,153.76,154.22,149.11,149.8,11259,56654
1996-12-17,151.59,152.28,148.49,149.42,9591,53962
1996-12-18,150.66,154.07,149.96,152.83,10474,52952
1996-12-19,153.14,155.85,152.67,155.46,8906,52386
1996-12-20,154.53,156.86,153.91,154.07,5391,52190
1996-12-23,154.07,154.38,152.67,152.75,4647,51319
1996-12-24,153.14,154.53,153.06,153.21,5310,50552
1996-12-26,153.6,156.55,153.21,154.53,4607,50477
1996-12-27,155.31,155.46,151.74,152.83,6037,49028
1996-12-30,152.67,153.68,152.05,152.28,3342,48195
1996-12-31,152.05,155.46,152.05,155.38,4433,49176
1997-01-02,155.31,158.56,154.22,158.33,8984,50355
1997-01-03,158.48,159.72,157.32,158.56,5717,51686
1997-01-06,158.87,159.18,156.93,157.4,4578,51918
1997-01-07,159.18,163.6,159.03,162.98,17118,54793
1997-01-08,162.59,163.83,161.51,162.44,9037,54597
1997-01-09,162.28,165.54,161.66,165.15,8727,55813
1997-01-10,164.76,165.07,163.21,164.45,10235,56800
1997-01-13,165.69,166.39,163.99,164.84,6652,57388
1997-01-14,166.0,166.39,162.59,163.44,8413,56149
1997-01-15,163.44,165.85,162.9,165.69,5891,56331
1997-01-16,166.31,166.62,163.13,163.99,8857,56299
1997-01-17,164.92,165.85,163.06,164.06,6596,56175
1997-01-20,161.97,167.4,161.97,166.7,8129,56432
1997-01-21,166.47,166.47,162.44,164.68,9015,55103
1997-01-22,165.69,166.47,164.3,166.31,4894,54765
1997-01-23,166.23,167.71,165.38,166.0,6364,54962
1997-01-24,165.15,166.0,163.06,165.3,9755,54626
1997-01-27,165.77,166.85,163.91,164.14,6040,54679
1997-01-28,163.75,164.76,162.9,164.53,7585,55345
1997-01-29,163.06,163.21,157.63,158.87,18271,53410
1997-01-30,158.87,159.03,155.62,156.86,11254,50463
1997-01-31,157.17,161.04,157.01,160.81,11429,50227
1997-02-03,160.42,161.2,157.63,158.79,8161,51314
1997-02-04,158.56,162.28,158.56,161.2,8766,51136
1997-02-05,161.82,168.64,161.58,168.56,16146,52347
1997-02-06,167.4,169.33,165.46,168.33,10382,53260
1997-02-07,169.1,169.41,163.68,166.08,11468,53856
1997-02-10,166.39,167.24,164.68,166.08,4303,53576
1997-02-11,165.69,166.78,162.75,164.3,6100,53602
1997-02-12,165.07,167.55,164.68,167.32,7227,53202
1997-02-13,168.02,170.81,167.4,167.47,12471,54099
1997-02-14,166.93,167.09,165.07,166.93,8834,54000
1997-02-18,168.48,170.03,168.02,169.88,7429,55076
1997-02-19,174.37,174.68,172.67,173.13,13618,58378
1997-02-20,172.82,174.45,171.74,172.67,11965,59190
1997-02-21,174.68,176.39,174.53,175.61,19276,61889
1997-02-24,175.45,177.37,175.13,176.57,9434,60485
1997-02-25,176.41,176.89,173.85,174.89,18999,58755
1997-02-26,175.77,180.57,175.29,180.33,19587,60311
1997-02-27,178.49,179.77,177.53,178.25,17649,60231
1997-02-28,177.05,177.69,174.89,177.53,9689,59721
1997-03-03,178.33,182.02,178.33,180.49,8603,61181
1997-03-04,180.57,181.05,178.49,180.89,6484,61430
1997-03-05,178.97,179.77,176.09,176.73,9012,61764
1997-03-06,178.33,180.73,175.13,179.61,9411,61315
1997-03-07,181.05,183.3,177.21,178.33,11502,60825
1997-03-10,177.05,179.13,174.57,176.01,9084,59025
1997-03-11,176.25,178.33,174.17,177.13,10004,58234
1997-03-12,175.93,176.25,173.05,174.25,10422,58168
1997-03-13,174.17,176.73,173.21,175.05,7459,58599
1997-03-14,176.57,178.33,176.41,178.01,8544,58936
1997-03-17,178.33,179.13,175.29,175.53,8075,59030
1997-03-18,175.45,176.25,174.01,174.09,8041,57754
1997-03-19,174.97,175.29,171.13,174.17,18022,56141
1997-03-20,174.97,177.37,174.81,176.89,9659,56293
1997-03-21,178.17,180.25,176.73,179.45,12130,57127
1997-03-24,178.97,179.13,177.45,177.61,5376,56756
1997-03-25,177.85,181.21,177.29,180.73,10583,57584
1997-03-26,179.77,180.09,175.77,177.13,17645,55406
1997-03-27,178.33,179.61,178.01,179.21,5981,54341
1997-03-31,179.13,181.21,178.17,180.89,3878,54205
1997-04-01,178.01,178.97,176.41,178.73,6195,54044
1997-04-02,178.17,179.61,177.13,178.57,6849,53616
1997-04-03,178.17,178.49,170.81,170.97,20015,52384
1997-04-04,172.89,174.65,172.49,173.37,9367,50717
1997-04-07,170.01,170.17,167.13,167.69,11779,50774
1997-04-08,168.73,171.13,168.57,171.13,5776,50335
1997-04-09,171.93,173.21,170.97,172.33,5816,49834
1997-04-10,171.45,172.73,170.81,172.49,4411,49675
1997-04-11,171.77,171.93,169.05,170.41,7276,50005
1997-04-14,168.57,169.69,166.49,168.81,7109,49832
1997-04-15,170.01,171.61,169.37,170.09,7678,50706
1997-04-16,170.65,170.97,167.29,168.33,6603,49787
1997-04-17,168.89,170.01,166.65,168.97,8217,49910
1997-04-18,169.69,172.09,169.69,170.97,7427,49632
1997-04-21,170.33,171.93,168.41,171.61,5730,48737
1997-04-22,172.99,177.19,171.85,175.57,18170,49516
1997-04-23,175.9,179.7,175.74,178.73,18395,50437
1997-04-24,179.3,180.11,176.87,177.84,11807,50238
1997-04-25,178.65,179.94,177.44,179.54,14213,49800
1997-04-28,179.46,179.62,176.55,178.33,11469,50277
1997-04-29,177.68,179.3,176.71,177.27,9362,50630
1997-04-30,176.06,180.75,175.01,180.19,14939,51742
1997-05-01,178.81,178.97,176.79,177.76,6657,51025
1997-05-02,176.79,178.81,176.22,178.41,5783,51503
1997-05-05,178.16,178.89,177.52,178.73,2295,51336
1997-05-06,178.81,179.78,176.38,176.46,6016,51295
1997-05-07,177.19,178.97,176.46,178.73,7219,50850
1997-05-08,179.46,182.05,178.0,180.35,11404,52793
1997-05-09,179.78,181.16,178.49,180.59,5504,52796
1997-05-12,181.89,183.5,181.24,183.02,7957,53961
1997-05-13,182.37,184.47,181.48,183.02,9961,55781
1997-05-14,182.45,184.31,182.05,184.15,7984,56573
1997-05-15,186.74,189.49,185.93,188.36,13743,59182
1997-05-16,187.63,188.36,186.74,188.03,4544,59597
1997-05-19,187.39,189.65,186.9,187.47,7965,60525
1997-05-20,186.34,191.27,185.45,190.7,10616,61295
1997-05-21,191.43,192.32,190.14,191.27,6535,61046
1997-05-22,191.92,193.7,191.03,192.48,11656,60660
1997-05-23,191.92,192.97,190.46,192.16,8232,60494
1997-05-27,191.27,191.92,190.14,191.59,4907,59649
1997-05-28,191.59,194.18,190.62,193.29,9525,61106
1997-05-29,193.13,193.78,191.76,192.97,6045,61155
1997-05-30,192.68,194.83,190.95,192.73,10180,58918
1997-06-02,189.17,189.65,187.55,189.57,9733,58891
1997-06-03,189.01,190.3,187.95,189.49,6874,59550
1997-06-04,188.2,188.36,185.93,187.14,10494,58754
1997-06-05,187.39,189.65,187.06,189.33,6577,58925
1997-06-06,188.36,189.81,187.39,189.57,4590,57917
1997-06-09,189.33,190.95,188.68,190.22,6392,58319
1997-06-10,191.11,194.91,190.38,194.35,12919,59500
1997-06-11,195.32,197.26,195.15,197.1,10651,60156
1997-06-12,198.55,198.88,195.8,196.37,9556,59703
1997-06-13,196.77,198.88,194.51,195.15,12636,58544
1997-06-16,195.96,197.91,195.32,197.74,4230,58693
1997-06-17,195.8,196.29,194.02,196.13,16713,58688
1997-06-18,196.29,199.2,196.29,197.34,9438,58955
1997-06-19,197.74,198.88,197.42,197.66,5916,58779
1997-06-20,197.91,198.39,190.95,191.11,17928,57496
1997-06-23,189.63,191.93,189.63,191.27,14113,58195
1997-06-24,190.62,190.94,181.56,182.3,27936,53676
1997-06-25,184.36,184.36,177.78,179.09,23445,49941
1997-06-26,182.55,182.88,180.57,182.55,12644,49096
1997-06-27,183.37,184.36,181.89,184.11,11514,49179
1997-06-30,184.03,185.51,182.06,184.61,4719,49309
1997-07-01,182.88,183.04,180.74,181.15,9196,49445
1997-07-02,181.4,184.52,178.6,184.2,12070,49695
1997-07-03,183.7,184.2,182.22,183.13,2909,49311
1997-07-07,182.96,184.03,179.92,180.33,5361,49587
1997-07-08,180.74,181.23,172.51,172.92,15029,49564
1997-07-09,171.36,172.34,167.08,168.72,14118,51040
1997-07-10,171.36,172.67,170.2,171.77,13391,49097
1997-07-11,169.71,172.67,169.55,171.69,7763,49876
1997-07-14,173.66,175.97,173.5,174.98,5834,49186
1997-07-15,175.47,175.97,171.19,172.34,6270,50009
1997-07-16,171.69,171.69,169.22,170.86,7610,49089
1997-07-17,171.52,175.47,170.86,175.22,6977,48477
1997-07-18,174.98,178.43,173.83,176.79,7552,48317
1997-07-21,176.79,179.42,176.46,178.68,5777,47906
1997-07-22,177.12,177.61,174.24,175.88,6565,47962
1997-07-23,175.64,176.62,172.51,173.83,7417,46625
1997-07-24,174.48,177.61,173.99,177.45,5865,46103
1997-07-25,176.62,185.18,175.64,183.45,17618,45159
1997-07-28,182.8,183.37,178.43,180.57,9055,44877
1997-07-29,179.42,182.38,178.76,182.3,6857,43606
1997-07-30,180.9,181.23,173.33,174.32,11011,43140
1997-07-31,175.8,179.42,174.48,179.26,7364,42423
1997-08-01,176.79,177.61,174.15,176.54,7130,42622
1997-08-04,175.47,175.8,172.34,174.81,4080,43096
1997-08-05,173.66,176.62,172.18,176.46,4909,43238
1997-08-06,174.32,175.72,172.18,174.81,5058,43065
1997-08-07,176.46,179.26,176.46,177.94,6556,42595
1997-08-08,176.62,177.45,172.84,174.65,6874,42994
1997-08-11,175.14,175.8,171.52,173.17,5168,43436
1997-08-12,171.19,173.5,170.53,172.59,4032,43479
1997-08-13,172.18,175.47,171.6,173.08,6274,43961
1997-08-14,173.0,174.48,169.87,170.86,8830,44499
1997-08-15,171.03,171.27,163.62,164.61,18407,37657
1997-08-18,163.46,163.95,158.76,159.18,16290,46263
1997-08-19,160.0,161.48,158.85,161.07,8217,45321
1997-08-20,162.63,163.95,160.82,161.56,12348,45762
1997-08-21,163.29,164.94,162.63,163.13,7803,45681
1997-08-22,161.97,165.27,160.66,164.2,11139,46476
1997-08-25,164.2,164.61,162.47,162.8,9701,47071
1997-08-26,163.46,165.02,162.47,162.71,9758,46942
1997-08-27,162.3,163.62,161.4,163.21,14351,46231
1997-08-28,161.64,162.63,158.85,159.92,17000,46978
1997-08-29,160.99,166.09,160.33,163.46,14217,42753
1997-09-02,162.14,162.14,158.11,158.35,13042,44868
1997-09-03,159.67,162.8,159.18,161.32,9277,44510
1997-09-04,159.83,162.63,159.18,161.23,7948,45193
1997-09-05,161.32,163.29,160.49,162.06,5219,44417
1997-09-08,161.48,161.64,159.5,160.0,4146,44331
1997-09-09,160.0,160.66,158.35,159.92,6617,45562
1997-09-10,160.33,161.32,159.67,160.33,4158,45844
1997-09-11,160.0,160.33,155.39,156.29,16033,52017
1997-09-12,157.53,157.86,154.73,157.04,7952,50242
1997-09-15,156.05,158.02,155.88,157.86,6399,51234
1997-09-16,156.05,156.62,153.91,156.13,10753,53135
1997-09-17,154.57,157.2,153.58,156.38,10474,53505
1997-09-18,157.36,160.66,157.36,158.85,12611,52200
1997-09-19,159.18,160.33,157.94,158.6,6914,52580
1997-09-22,157.69,158.52,156.05,157.12,5041,52254
1997-09-23,156.87,157.86,156.21,156.71,4578,52294
1997-09-24,157.69,158.35,157.12,157.69,5032,51854
1997-09-25,157.53,157.53,154.4,155.97,11749,53196
1997-09-26,155.39,157.2,155.22,156.71,7344,53307
1997-09-29,157.36,164.28,157.36,163.7,23511,49649
1997-09-30,162.47,163.95,156.21,159.67,18948,49663
1997-10-01,158.68,159.5,157.04,159.01,5747,49211
1997-10-02,155.55,156.38,153.41,154.32,10525,50548
1997-10-03,154.07,154.9,152.76,154.48,4773,51487
1997-10-06,153.25,157.69,153.25,155.22,6913,51610
1997-10-07,154.57,157.04,153.58,156.13,5444,51545
1997-10-08,155.55,157.86,154.98,155.14,6101,51813
1997-10-09,155.55,157.69,155.55,156.46,5483,52702
1997-10-10,156.71,157.69,154.81,155.14,4368,53022
1997-10-13,156.54,157.04,154.73,154.98,3519,52524
1997-10-14,155.8,159.18,155.72,157.78,11733,51378
1997-10-15,158.35,160.66,157.94,159.75,10731,52043
1997-10-16,160.33,160.33,155.88,157.04,13689,52980
1997-10-17,157.69,158.35,156.46,157.61,3427,52541
1997-10-20,157.2,161.64,157.2,159.59,14839,53752
1997-10-21,158.35,158.52,153.66,156.21,17461,54619
1997-10-22,156.05,157.86,155.22,156.95,4395,53886
1997-10-23,155.88,156.05,153.08,154.57,9575,54602
1997-10-24,153.91,155.55,149.71,149.96,15109,58379
1997-10-27,148.48,149.38,147.41,148.89,8371,60436
1997-10-28,147.65,150.2,144.69,148.97,13680,62841
1997-10-29,151.93,152.59,149.46,149.87,11935,63780
1997-10-30,148.31,151.44,147.82,149.71,5605,63272
1997-10-31,148.81,152.1,148.64,149.38,9092,64004
1997-11-03,148.97,150.62,148.81,148.89,6206,63991
1997-11-04,147.65,149.22,147.32,148.64,6033,63910
1997-11-05,148.81,149.38,147.65,148.89,6421,64468
1997-11-06,148.15,148.31,145.68,146.67,11576,65310
1997-11-07,147.32,147.82,145.68,146.83,6694,65697
1997-11-10,147.16,151.44,147.16,149.22,12931,65590
1997-11-11,148.97,150.2,146.5,147.16,7301,64985
1997-11-12,146.99,147.9,145.18,145.76,9318,65241
1997-11-13,145.02,146.99,144.36,145.84,8281,65771
1997-11-14,146.58,146.67,144.85,146.5,7111,66904
1997-11-17,146.01,147.65,145.68,146.75,8389,67028
1997-11-18,142.88,144.2,140.08,141.48,20003,69996
1997-11-19,141.56,142.06,140.74,141.4,9141,70221
1997-11-20,141.89,142.55,139.42,139.75,11721,71008
1997-11-21,139.26,140.41,137.45,138.27,20326,70841
1997-11-24,138.6,138.92,137.62,138.19,16360,70958
1997-11-25,139.41,140.72,137.86,139.98,23731,69411
1997-11-26,141.04,141.04,139.17,140.31,23731,69411
1997-12-01,138.76,138.76,135.42,135.91,11802,65080
1997-12-02,136.15,137.13,134.68,135.99,7767,63871
1997-12-03,136.15,136.31,132.89,133.46,8026,63984
1997-12-04,134.36,135.17,134.03,134.6,5131,63954
1997-12-05,135.82,136.97,132.24,132.4,7911,64733
1997-12-08,133.05,135.25,132.73,134.6,5622,64532
1997-12-09,133.95,134.52,133.13,134.11,5135,64577
1997-12-10,134.03,135.34,133.38,134.03,5828,64890
1997-12-11,134.85,135.01,132.81,133.05,4457,65521
1997-12-12,134.36,136.15,133.38,133.54,6996,66495
1997-12-15,132.07,132.07,129.79,130.93,8432,67463
1997-12-16,130.44,131.5,129.06,129.38,6130,67704
1997-12-17,130.61,131.75,130.12,131.5,5887,68771
1997-12-18,130.77,133.05,130.36,132.4,5785,68658
1997-12-19,131.99,132.24,130.61,132.07,6169,69120
1997-12-22,131.75,132.48,131.5,131.83,4840,70203
1997-12-23,130.61,131.01,129.95,130.04,6557,70864
1997-12-24,129.63,129.79,128.0,128.89,3277,71213
1997-12-26,128.89,130.77,128.49,128.65,1927,71026
1997-12-29,127.18,127.67,126.2,126.69,7620,71588
1997-12-30,127.51,128.32,126.86,128.0,5782,70744
1997-12-31,128.65,129.3,127.18,127.35,4274,70078
1998-01-02,127.02,127.83,126.2,126.29,2375,69967
1998-01-05,126.77,127.1,124.17,124.57,7364,69167
1998-01-06,123.6,125.31,123.43,125.06,7072,68839
1998-01-07,123.84,124.57,123.19,124.25,6449,69088
1998-01-08,124.74,125.55,123.11,123.68,5462,69178
1998-01-09,123.27,123.6,121.8,122.78,5770,69615
1998-01-12,121.64,122.29,120.33,121.96,8728,71798
1998-01-13,122.62,126.69,122.45,125.39,15035,71294
1998-01-14,125.55,128.49,125.39,126.04,12029,69694
1998-01-15,124.25,128.41,124.08,127.18,10986,68430
1998-01-16,128.16,129.3,125.88,125.96,10986,68430
1998-01-20,125.88,126.2,123.51,125.55,7063,69130
1998-01-21,127.67,127.83,125.63,126.12,7643,69604
1998-01-22,126.2,128.81,125.39,128.08,6662,69597
1998-01-23,127.67,129.79,127.02,129.55,10372,68792
1998-01-26,130.77,131.42,128.65,130.04,9427,69433
1998-01-27,129.79,132.89,129.3,132.4,11735,68904
1998-01-28,131.58,132.56,129.95,131.42,11534,70421
1998-01-29,130.44,132.56,129.47,131.58,7645,69482
1998-01-30,131.42,131.58,129.14,129.3,9944,70857
1998-02-02,129.63,130.77,128.49,128.57,5988,70506
1998-02-03,126.86,127.43,123.76,125.14,15965,70876
1998-02-04,125.23,127.18,124.9,126.12,6116,71373
1998-02-05,126.2,126.86,124.41,125.39,4526,71286
1998-02-06,125.71,126.37,124.25,124.82,5447,71895
1998-02-09,124.25,124.9,122.45,122.86,16074,72831
1998-02-10,123.43,126.12,122.94,125.47,9285,72169
1998-02-11,125.06,126.86,123.6,125.8,8487,71816
1998-02-12,125.55,126.53,124.74,125.47,4976,71781
1998-02-13,124.25,125.06,123.76,123.84,5169,72100
1998-02-17,121.31,122.94,119.52,122.86,17092,73642
1998-02-18,121.64,122.78,121.23,121.39,6871,73292
1998-02-19,121.15,123.11,120.82,122.54,6874,74247
1998-02-20,121.48,122.45,120.74,120.9,19151,74344
1998-02-23,118.73,119.86,118.25,118.73,16529,75036
1998-02-24,118.09,118.73,117.84,118.41,15412,73990
1998-02-25,118.57,123.89,118.57,122.35,27672,71851
1998-02-26,123.08,125.17,121.55,124.37,19819,70173
1998-02-27,123.89,125.82,123.08,124.13,11845,70545
1998-03-02,124.05,129.52,123.56,128.64,18196,66305
1998-03-03,128.72,129.77,125.42,126.38,12068,65453
1998-03-04,126.95,127.75,125.82,126.87,4838,64936
1998-03-05,130.65,133.23,129.52,129.6,14913,63429
1998-03-06,130.17,130.81,128.56,129.52,6213,63483
1998-03-09,129.68,131.46,128.23,128.96,10187,64263
1998-03-10,129.52,130.57,128.96,130.01,5915,64460
1998-03-11,132.1,132.42,129.36,129.77,8708,65901
1998-03-12,130.33,135.48,130.17,134.84,20745,67872
1998-03-13,134.36,134.84,132.83,133.39,7970,67651
1998-03-16,133.07,134.52,132.58,133.87,6609,68438
1998-03-17,133.71,134.52,132.42,132.91,5517,68783
1998-03-18,130.49,130.65,129.36,130.25,7196,68273
1998-03-19,129.52,130.65,127.11,129.12,11721,67717
1998-03-20,129.36,129.52,127.99,128.96,5200,67875
1998-03-23,129.52,132.26,129.28,131.54,11884,70373
1998-03-24,130.01,130.17,127.91,129.04,7239,69686
1998-03-25,129.36,130.17,126.46,127.19,9206,69246
1998-03-26,127.91,129.2,127.51,127.99,5856,68611
1998-03-27,127.43,128.32,126.54,128.15,6436,68256
1998-03-30,128.8,129.52,127.99,128.23,3764,68469
1998-03-31,128.88,130.33,128.48,128.64,7271,67913
1998-04-01,128.48,128.88,122.76,123.56,22537,68322
1998-04-02,124.05,124.53,123.24,124.37,9205,68078
1998-04-03,124.21,124.69,121.47,123.0,10580,66609
1998-04-06,124.37,124.53,123.56,123.56,4864,66898
1998-04-07,124.21,125.9,123.56,125.17,8085,66048
1998-04-08,126.22,127.91,125.9,126.06,9449,65870
1998-04-09,127.11,130.97,126.95,130.57,18312,65486
1998-04-13,130.49,132.58,130.25,132.34,6821,66578
1998-04-14,131.78,133.39,131.13,131.78,13325,66970
1998-04-15,137.74,139.03,136.13,137.98,20061,69215
1998-04-16,137.1,137.74,133.39,134.28,10820,68331
1998-04-17,133.87,136.45,131.46,135.08,10491,68830
1998-04-20,134.11,134.68,132.83,134.03,5584,68723
1998-04-21,136.29,137.26,135.48,135.56,8845,69312
1998-04-22,138.37,140.13,137.09,137.33,14253,69282
1998-04-23,136.45,137.25,135.81,137.09,14626,70256
1998-04-24,137.41,137.41,134.68,135.48,15186,70751
1998-04-27,134.68,139.49,134.2,137.57,24723,71632
1998-04-28,136.77,138.45,136.29,137.81,14022,73091
1998-04-29,136.77,138.37,135.16,135.48,12884,73043
1998-04-30,136.13,136.77,133.88,134.2,9365,68746
1998-05-01,133.56,137.09,132.76,136.93,9160,68751
1998-05-04,136.85,137.01,135.4,136.61,3278,67572
1998-05-05,136.29,137.09,135.48,135.48,3952,67397
1998-05-06,135.08,135.32,130.51,131.48,17508,63508
1998-05-07,129.55,131.4,127.47,127.55,13183,61647
1998-05-08,129.39,129.87,127.55,127.71,10148,60224
1998-05-11,128.59,129.23,124.58,125.06,10949,61653
1998-05-12,126.83,127.95,125.06,127.15,8366,61871
1998-05-13,125.7,127.47,125.54,126.02,6310,62016
1998-05-14,126.99,127.15,125.14,126.75,7518,61711
1998-05-15,127.23,127.31,124.58,125.62,5826,62079
1998-05-18,122.34,122.82,117.85,118.25,19616,66058
1998-05-19,119.21,121.29,119.13,121.21,8492,66046
1998-05-20,122.98,124.18,120.73,121.78,9441,67310
1998-05-21,122.66,123.14,121.78,122.58,5063,67163
1998-05-22,122.18,123.38,121.54,122.42,3789,67960
1998-05-26,119.45,121.54,119.45,120.09,6448,67341
1998-05-27,120.41,122.66,119.61,122.34,5172,67490
1998-05-28,125.7,126.19,122.18,123.22,14482,69162
1998-05-29,123.14,124.74,122.18,124.26,7480,67130
1998-06-01,123.38,123.46,120.25,121.78,7765,67719
1998-06-02,121.05,122.18,119.61,119.85,5558,68150
1998-06-03,120.73,123.78,120.57,122.82,7968,67589
1998-06-04,121.21,121.86,119.93,121.05,5568,67787
1998-06-05,123.3,124.42,121.54,121.62,6642,67636
1998-06-08,120.89,123.46,120.57,122.66,6027,68460
1998-06-09,123.46,125.22,121.54,122.42,10533,66695
1998-06-10,121.38,125.62,121.13,125.14,11795,65287
1998-06-11,123.78,125.86,122.34,122.42,9102,64488
1998-06-12,122.82,123.46,120.73,120.89,5909,64725
1998-06-15,118.49,119.13,116.4,117.53,16828,67515
1998-06-16,118.57,118.97,117.69,117.93,7370,67263
1998-06-17,120.01,120.41,118.81,120.09,8539,68017
1998-06-18,120.73,122.98,118.65,118.81,16241,66563
1998-06-19,119.61,122.5,118.89,121.29,10056,64840
1998-06-22,120.42,122.01,120.26,121.53,4966,64203
1998-06-23,121.93,122.33,120.26,120.5,10577,64344
1998-06-24,119.3,120.74,119.3,119.54,10872,64044
1998-06-25,119.22,120.02,118.34,119.22,12338,64005
1998-06-26,119.14,119.3,117.22,118.42,17327,65383
1998-06-29,118.02,118.58,117.38,117.54,14871,63770
1998-06-30,118.02,119.78,117.54,117.86,10464,63577
1998-07-01,118.02,118.82,114.19,115.79,16613,67967
1998-07-02,115.15,116.74,114.99,116.34,6798,68932
1998-07-06,115.79,117.06,114.99,115.23,6236,69592
1998-07-07,116.26,116.82,115.39,115.63,5931,69236
1998-07-08,115.94,116.18,115.07,115.31,3990,68622
1998-07-09,114.67,114.99,113.71,114.67,6661,69867
1998-07-10,115.31,116.42,114.51,115.47,5185,70021
1998-07-13,115.07,120.26,114.83,118.66,17991,65829
1998-07-14,119.14,121.77,118.82,119.7,11520,64361
1998-07-15,119.94,122.73,119.7,122.25,16559,61870
1998-07-16,123.77,124.73,122.25,122.33,9517,60466
1998-07-17,122.33,124.41,121.53,123.05,9230,59915
1998-07-20,124.57,126.64,124.25,126.25,10473,58777
1998-07-21,125.53,125.93,122.81,123.37,8923,59100
1998-07-22,123.05,125.13,122.81,124.89,8455,59370
1998-07-23,124.57,124.73,123.13,124.25,5705,59055
1998-07-24,129.04,129.2,127.6,128.88,15033,59955
1998-07-27,127.92,128.24,126.01,126.41,8747,60189
1998-07-28,126.96,127.12,125.21,125.93,6848,60981
1998-07-29,124.25,124.97,123.45,124.49,6606,59645
1998-07-30,124.49,126.96,124.41,125.13,5913,59484
1998-07-31,124.17,124.41,122.49,122.89,9539,58532
1998-08-03,121.06,121.53,118.98,119.78,11008,57459
1998-08-04,119.46,119.78,117.54,118.02,8855,56559
1998-08-05,118.18,120.1,117.94,118.18,6368,56564
1998-08-06,116.74,118.18,116.26,118.02,8547,57824
1998-08-07,117.7,119.46,117.54,118.98,5192,57396
1998-08-10,117.7,118.18,116.74,116.82,5668,57014
1998-08-11,115.94,116.26,114.51,114.75,15485,59946
1998-08-12,116.26,116.9,115.23,116.18,8345,60792
1998-08-13,116.26,117.86,115.55,116.02,8057,61721
1998-08-14,116.26,118.18,115.79,116.18,4246,61297
1998-08-17,116.26,117.54,115.79,117.22,5623,62211
1998-08-18,116.42,116.98,115.31,116.42,13845,63564
1998-08-19,116.42,117.86,115.94,116.82,10022,63808
1998-08-20,118.82,120.74,118.5,119.14,13915,62131
1998-08-21,117.86,118.5,115.15,116.66,14683,63394
1998-08-24,116.9,118.65,116.74,118.49,10788,63332
1998-08-25,117.85,118.33,116.9,117.69,9346,63346
1998-08-26,117.69,117.69,116.58,116.9,8866,62344
1998-08-27,117.22,117.85,115.47,117.54,14045,62347
1998-08-28,117.69,118.01,114.36,114.44,17059,64361
1998-08-31,114.36,114.52,112.3,113.17,13575,66039
1998-09-01,114.52,120.55,114.52,120.39,21952,63652
1998-09-02,119.2,119.28,117.06,118.01,10445,62557
1998-09-03,118.17,121.82,117.22,119.2,12615,62293
1998-09-04,120.55,120.79,119.28,119.76,3959,61717
1998-09-08,122.37,123.88,121.34,122.69,12899,60667
1998-09-09,122.37,124.2,120.79,123.96,11294,61046
1998-09-10,122.77,123.4,121.5,122.53,7417,60929
1998-09-11,121.5,123.25,120.55,121.58,7475,61353
1998-09-14,120.95,121.66,119.6,120.15,5305,60875
1998-09-15,120.23,122.61,119.44,122.29,7844,60934
1998-09-16,122.14,122.29,119.6,120.79,8813,61129
1998-09-17,118.8,120.07,117.62,118.65,9520,60848
1998-09-18,118.17,120.23,117.85,118.65,7823,59297
1998-09-21,117.85,118.65,116.9,118.41,5319,59529
1998-09-22,118.01,119.28,116.43,116.82,11215,60485
1998-09-23,117.85,119.12,117.06,119.04,8102,60098
1998-09-24,118.96,119.6,117.54,119.12,6510,59010
1998-09-25,121.18,121.5,119.28,119.92,10212,58471
1998-09-28,119.36,119.92,118.65,119.52,5975,57973
1998-09-29,118.96,119.92,118.73,119.44,4397,57427
1998-09-30,118.8,118.96,115.63,116.98,17190,60630
1998-10-01,115.79,117.06,115.47,116.58,7642,60391
1998-10-02,116.11,116.74,114.68,115.32,13422,58583
1998-10-05,114.68,115.63,112.62,113.41,14084,61294
1998-10-06,114.05,115.0,113.57,114.44,5046,61933
1998-10-07,115.95,116.43,115.0,115.95,5578,61167
1998-10-08,117.22,117.38,114.52,114.68,7269,61380
1998-10-09,114.36,115.47,113.89,114.76,8962,63667
1998-10-12,115.63,116.74,115.16,115.39,4901,63505
1998-10-13,114.84,116.98,114.52,115.95,7371,62350
1998-10-14,115.79,115.95,114.6,115.32,4197,62518
1998-10-15,114.05,115.32,113.73,115.16,6391,63020
1998-10-16,115.79,119.6,115.16,118.25,21096,60219
1998-10-19,117.85,118.65,117.06,117.14,4797,60748
1998-10-20,116.74,117.54,116.27,116.58,3917,60666
1998-10-21,116.11,116.19,113.57,115.87,13054,61841
1998-10-22,114.84,115.79,114.28,115.47,3652,61522
1998-10-23,115.0,116.9,114.05,115.08,6248,62413
1998-10-26,113.09,114.05,112.3,113.97,9431,64952
1998-10-27,113.17,113.89,112.62,113.17,9317,65667
1998-10-28,113.65,114.13,111.83,112.22,12950,67948
1998-10-29,112.3,113.57,111.83,113.33,12134,69554
1998-10-30,113.41,115.79,113.41,114.84,13796,69438
1998-11-02,115.32,116.74,115.32,115.47,7557,67988
1998-11-03,115.0,115.55,114.44,115.08,7453,69099
1998-11-04,115.32,117.38,115.32,115.95,16311,67686
1998-11-05,116.11,117.54,115.47,116.11,8907,66121
1998-11-06,117.85,118.65,115.39,115.95,16624,64356
1998-11-09,115.63,115.79,114.68,114.92,7033,63969
1998-11-10,114.2,114.76,113.09,113.25,12630,64107
1998-11-11,113.49,114.52,113.02,113.97,5514,64024
1998-11-12,114.05,114.84,113.89,114.2,6417,63686
1998-11-13,113.89,114.05,111.03,112.7,17765,67374
1998-11-16,112.3,112.78,111.19,111.67,12367,71596
1998-11-17,111.83,113.73,111.83,113.49,15449,70507
1998-11-18,112.86,114.36,112.78,113.81,9957,70579
1998-11-19,113.73,113.81,112.46,112.86,16544,71784
1998-11-20,112.94,115.32,112.94,114.52,18442,69130
1998-11-23,114.52,114.6,112.8,112.88,19426,70030
1998-11-24,112.64,113.43,112.49,112.96,19663,71034
1998-11-25,112.64,113.43,112.17,112.64,19663,71034
1998-11-30,112.96,113.03,111.23,111.94,14698,69507
1998-12-01,111.7,112.64,111.55,111.7,8390,69175
1998-12-02,110.45,111.0,109.98,110.06,11484,71863
1998-12-03,109.35,109.82,107.63,107.79,12698,73736
1998-12-04,107.47,108.41,107.08,107.55,9419,75176
1998-12-07,108.26,108.8,106.53,106.61,6706,74854
1998-12-08,107.08,107.63,105.91,106.61,8442,75970
1998-12-09,106.85,107.94,106.38,107.32,6152,77361
1998-12-10,107.79,108.1,106.53,106.69,6781,79354
1998-12-11,105.91,106.06,103.16,104.34,13904,81011
1998-12-14,104.5,104.73,103.79,104.03,4967,80297
1998-12-15,103.79,105.59,103.4,104.97,8263,79708
1998-12-16,104.97,107.94,104.97,106.69,12484,79958
1998-12-17,106.22,106.38,103.79,104.42,8361,79536
1998-12-18,104.18,104.65,103.09,103.95,5713,80170
1998-12-21,104.03,104.81,103.87,104.1,4493,78960
1998-12-22,104.18,105.12,103.87,104.65,4908,78468
1998-12-23,104.34,104.57,103.24,103.56,5438,78136
1998-12-24,103.87,104.18,103.32,103.56,3433,78347
1998-12-28,103.56,104.97,102.93,104.34,6123,77806
1998-12-29,105.28,109.04,105.12,106.06,17016,74905
1998-12-30,106.38,106.53,104.5,104.81,6909,73864
1998-12-31,104.97,105.91,104.81,105.28,2558,71975
1999-01-04,103.71,104.03,102.15,102.46,15475,75528
1999-01-05,101.21,101.91,100.58,101.36,11698,79275
1999-01-06,101.28,102.62,101.21,102.3,5531,80012
1999-01-07,102.69,103.24,101.21,102.22,8146,79855
1999-01-08,103.01,104.26,102.62,103.24,9021,79492
1999-01-11,103.63,105.36,102.93,105.28,9082,77822
1999-01-12,105.98,106.38,104.18,104.89,13164,75416
1999-01-13,103.71,104.26,102.77,104.1,7972,75147
1999-01-14,103.24,103.71,102.46,103.09,6420,75374
1999-01-15,102.77,104.18,102.62,103.87,6420,75374
1999-01-19,103.4,105.12,103.24,104.81,7425,75867
1999-01-20,103.32,103.79,102.69,103.4,5696,75889
1999-01-21,104.03,104.65,102.69,103.16,8361,76021
1999-01-22,103.16,103.48,102.3,102.93,5172,76358
1999-01-25,102.15,102.62,101.36,102.38,7675,77167
1999-01-26,102.46,102.85,101.52,101.75,7239,77101
1999-01-27,100.74,101.83,100.58,100.89,9802,77312
1999-01-28,100.89,101.52,100.74,100.81,4999,77005
1999-01-29,99.87,101.21,99.8,101.05,11825,75568
1999-02-01,101.05,101.36,99.8,101.21,8690,76975
1999-02-02,101.52,101.91,101.05,101.6,6732,75541
1999-02-03,102.62,103.09,101.52,101.52,10924,73790
1999-02-04,103.24,103.87,102.69,103.09,11586,71601
1999-02-05,104.5,104.65,103.56,104.34,12466,69929
1999-02-08,104.57,107.32,104.5,107.24,19546,64545
1999-02-09,106.06,106.22,104.03,104.57,17176,65546
1999-02-10,104.5,104.81,103.09,103.79,8348,65125
1999-02-11,103.56,104.18,103.24,103.79,6584,66702
1999-02-12,103.56,103.87,102.46,102.62,6390,65736
1999-02-16,99.64,100.11,97.92,97.99,27898,70946
1999-02-17,98.86,99.25,98.23,98.31,11175,71330
1999-02-18,97.92,98.23,96.66,96.74,16385,73842
1999-02-19,97.92,98.23,96.82,96.98,11179,75498
1999-02-22,96.59,96.67,95.74,96.05,21516,78160
1999-02-23,96.28,97.59,96.2,96.74,25031,80183
1999-02-24,96.98,98.21,96.2,97.13,25052,82587
1999-02-25,96.82,97.98,96.74,97.9,27486,82489
1999-02-26,97.36,97.9,97.13,97.67,14230,78555
1999-03-01,96.59,97.21,96.36,96.36,6881,78666
1999-03-02,95.89,97.59,95.59,97.28,9912,77708
1999-03-03,97.9,98.67,97.59,97.9,8358,76864
1999-03-04,96.28,99.99,95.97,97.75,15678,75352
1999-03-05,98.06,98.98,97.28,97.9,6090,74788
1999-03-08,96.9,97.28,96.13,96.74,5127,74920
1999-03-09,97.28,98.37,97.13,97.44,7027,74967
1999-03-10,97.05,98.52,96.98,97.9,6069,75158
1999-03-11,98.52,98.83,97.44,97.44,6715,75156
1999-03-12,96.74,97.67,96.36,96.44,8830,74410
1999-03-15,95.89,96.51,95.12,95.35,9077,75411
1999-03-16,95.59,96.13,95.12,95.51,6312,76416
1999-03-17,96.2,97.59,96.13,96.2,10601,75702
1999-03-18,97.13,97.44,95.12,95.2,10589,77302
1999-03-19,95.97,96.67,95.12,95.35,7722,79271
1999-03-22,95.82,99.68,95.43,99.6,17074,76974
1999-03-23,101.14,101.76,100.3,101.3,22797,75171
1999-03-24,100.22,101.45,99.76,100.68,14869,75467
1999-03-25,100.76,102.07,100.53,101.69,10773,74366
1999-03-26,101.38,101.45,100.37,100.6,6669,73374
1999-03-29,98.52,98.83,96.28,96.44,17227,72202
1999-03-30,96.44,97.13,95.43,96.05,9594,72540
1999-03-31,96.67,97.28,96.05,96.9,6725,70130
1999-04-01,96.36,97.59,96.36,97.05,6519,69312
1999-04-05,97.28,97.44,96.36,97.28,2492,69223
1999-04-06,96.74,97.59,96.51,96.9,5652,69139
1999-04-07,97.82,99.91,97.75,99.83,14874,68888
1999-04-08,99.99,100.99,99.14,99.52,9305,68125
1999-04-09,98.67,99.83,96.98,99.68,11835,67770
1999-04-12,99.21,99.29,97.82,98.13,5893,68172
1999-04-13,99.21,101.92,99.14,101.38,15992,65487
1999-04-14,100.6,101.38,99.76,100.45,10870,66101
1999-04-15,104.54,104.54,102.69,103.69,23356,66482
1999-04-16,106.55,106.86,106.09,106.47,20951,66350
1999-04-19,105.78,108.87,105.16,108.71,24548,70076
1999-04-20,107.48,108.02,105.62,106.01,22291,69906
1999-04-21,105.47,107.17,105.08,106.7,11546,70522
1999-04-22,107.16,109.45,106.4,108.91,20021,71599
1999-04-23,108.38,108.53,107.47,107.69,11028,72991
1999-04-26,106.25,107.24,105.79,107.16,16442,74061
1999-04-27,106.63,108.23,106.17,107.54,18148,75024
1999-04-28,107.92,109.22,107.24,108.08,14421,76603
1999-04-29,109.75,111.12,108.99,110.59,20418,79134
1999-04-30,110.59,110.97,109.6,110.9,9560,76254
1999-05-03,110.82,111.89,110.29,111.73,6709,77219
1999-05-04,110.9,111.66,110.36,110.82,8936,78396
1999-05-05,110.13,110.59,109.3,110.06,8777,78378
1999-05-06,111.28,112.34,110.97,111.05,11519,81782
1999-05-07,110.06,110.97,109.52,110.13,8311,82372
1999-05-10,110.51,110.59,109.3,110.13,4480,82667
1999-05-11,108.53,110.29,107.85,110.06,12653,81621
1999-05-12,109.37,109.52,108.08,108.23,7104,81932
1999-05-13,108.99,109.3,108.08,109.14,6289,81509
1999-05-14,107.77,109.75,107.09,109.6,11270,80252
1999-05-17,108.84,108.99,108.0,108.69,3785,80259
1999-05-18,109.07,109.3,106.48,107.85,10763,79155
1999-05-19,106.4,107.09,104.49,104.72,19066,76415
1999-05-20,104.65,105.41,103.35,103.5,13296,73130
1999-05-21,103.35,104.27,101.83,102.28,12865,71448
1999-05-24,102.44,103.05,101.45,102.36,9962,69720
1999-05-25,102.74,103.43,102.21,102.66,7015,69010
1999-05-26,102.21,102.51,100.99,101.29,13888,67308
1999-05-27,99.92,100.15,96.03,96.26,23290,65928
1999-05-28,94.66,96.03,93.14,95.73,24243,68337
1999-06-01,95.73,97.1,95.42,96.8,8813,69114
1999-06-02,96.87,97.41,94.81,94.97,13335,68703
1999-06-03,95.04,95.42,94.05,95.12,9710,69502
1999-06-04,96.41,96.95,94.51,94.51,9971,71481
1999-06-07,94.89,96.19,94.51,96.03,6636,71664
1999-06-08,96.49,97.33,95.42,96.95,9142,71812
1999-06-09,96.8,97.86,96.8,97.33,8019,71960
1999-06-10,97.71,98.85,97.41,97.56,7812,71783
1999-06-11,97.56,99.39,96.95,98.4,9223,71256
1999-06-14,98.78,99.08,97.63,98.93,5494,71255
1999-06-15,97.79,98.02,96.03,96.41,11175,71993
1999-06-16,96.34,96.64,95.73,95.96,6559,71495
1999-06-17,96.19,96.64,95.5,96.41,10440,72231
1999-06-18,97.86,100.3,97.1,99.69,20921,70511
1999-06-21,100.0,100.76,99.62,100.61,9566,70201
1999-06-22,100.08,102.11,99.33,101.21,16785,70839
1999-06-23,101.21,101.21,99.86,100.61,11990,71197
1999-06-24,100.53,102.11,99.93,101.06,20169,71040
1999-06-25,102.41,105.11,102.26,105.04,35160,71659
1999-06-28,106.91,107.21,105.79,106.09,29505,70643
1999-06-29,107.81,108.11,106.16,107.51,28360,69011
1999-06-30,107.21,115.47,106.99,115.1,30364,69182
1999-07-01,114.72,116.37,113.67,114.12,30364,69182
1999-07-02,114.72,115.02,113.67,114.87,9472,73007
1999-07-06,113.97,115.77,113.37,114.42,9767,73755
1999-07-07,114.27,118.18,113.97,118.03,14272,75465
1999-07-08,119.45,120.58,116.97,117.35,14051,76852
1999-07-09,116.97,118.18,115.47,117.27,17738,78811
1999-07-12,116.67,117.42,115.92,116.97,5579,78642
1999-07-13,115.77,115.92,113.37,114.42,12087,76969
1999-07-14,114.57,117.65,114.5,116.67,10369,77022
1999-07-15,118.33,120.35,117.12,119.98,10053,76760
1999-07-16,116.22,118.78,114.57,117.57,13130,76497
1999-07-19,116.97,117.12,115.92,116.97,8126,78198
1999-07-20,117.27,117.72,114.87,115.55,11098,77903
1999-07-21,114.72,115.92,111.12,112.24,18378,76903
1999-07-22,112.02,113.37,110.97,113.22,10796,76848
1999-07-23,112.84,114.57,111.42,112.02,10141,76326
1999-07-26,111.27,112.62,109.77,112.17,8848,74819
1999-07-27,112.62,114.42,112.47,113.22,9076,74155
1999-07-28,111.42,112.32,110.67,111.87,7544,74032
1999-07-29,111.27,112.24,109.84,110.14,9619,73102
1999-07-30,110.67,114.72,110.52,114.5,15453,70256
1999-08-02,113.52,113.97,111.87,112.32,6865,71147
1999-08-03,113.3,114.57,112.77,113.52,6721,70577
1999-08-04,113.37,114.8,112.99,114.35,7620,70980
1999-08-05,116.52,117.27,114.8,116.22,13277,71880
1999-08-06,116.37,117.12,115.62,116.67,6669,72053
1999-08-09,116.82,117.57,116.22,116.75,5995,72682
1999-08-10,115.62,116.97,114.87,115.25,7222,72457
1999-08-11,115.25,116.82,113.82,116.75,11722,72987
1999-08-12,117.2,118.33,115.62,115.77,9303,72727
1999-08-13,115.92,116.97,113.52,116.52,10221,71752
1999-08-16,115.92,116.52,115.02,116.37,4464,71842
1999-08-17,115.77,116.75,115.25,115.7,7861,71744
1999-08-18,115.25,116.15,111.57,111.94,21182,71312
1999-08-19,112.02,112.77,111.12,112.24,9910,70097
1999-08-20,112.47,113.22,110.37,111.19,15244,68061
1999-08-23,110.97,111.56,110.31,111.05,9711,66090
1999-08-24,112.38,113.71,112.15,113.56,12213,66274
1999-08-25,114.59,115.33,112.67,113.26,20306,66849
1999-08-26,112.82,114.15,112.08,112.6,17408,65999
1999-08-27,112.52,113.56,112.52,113.41,22502,67167
1999-08-30,112.82,113.12,111.41,112.52,18612,67699
1999-08-31,113.78,117.4,113.71,117.11,22297,69482
1999-09-01,118.22,119.47,117.85,119.33,18861,73310
1999-09-02,118.59,120.58,117.99,119.84,13456,77273
1999-09-03,119.84,120.8,119.03,119.47,7940,78343
1999-09-07,121.25,122.36,120.8,122.21,8638,78846
1999-09-08,121.1,121.69,120.36,121.54,7479,79624
1999-09-09,121.69,123.61,120.95,123.24,10812,80833
1999-09-10,121.47,122.87,121.4,122.5,11381,80750
1999-09-13,121.99,121.99,120.95,121.47,6764,80900
1999-09-14,120.8,120.95,118.88,119.55,9146,82506
1999-09-15,118.73,123.61,118.29,122.58,13184,81236
1999-09-16,123.32,123.47,121.54,121.69,5884,81542
1999-09-17,123.1,124.8,123.02,124.72,9913,82497
1999-09-20,124.06,124.2,122.28,122.65,5997,82693
1999-09-21,124.06,124.2,122.58,123.69,6187,83069
1999-09-22,123.02,123.61,120.51,121.54,12728,83237
1999-09-23,121.4,121.99,119.62,120.51,11067,82160
1999-09-24,120.36,120.88,117.7,118.51,15686,80836
1999-09-27,119.33,120.21,117.55,117.85,10092,80253
1999-09-28,119.47,122.73,118.59,120.8,16646,78359
1999-09-29,122.73,123.17,119.77,119.84,10921,79090
1999-09-30,120.51,122.28,119.99,122.21,6747,76591
1999-10-01,120.95,122.36,119.18,120.51,9104,77373
1999-10-04,120.21,120.66,118.73,119.25,8287,78405
1999-10-05,120.29,120.66,118.14,119.77,7450,77477
1999-10-06,120.51,120.95,118.29,119.1,6333,76415
1999-10-07,118.88,119.92,117.55,119.03,6128,76064
1999-10-08,116.07,116.07,112.82,113.48,23988,75601
1999-10-11,112.38,113.41,111.19,112.23,16007,75117
1999-10-12,114.89,117.33,113.71,116.37,12400,72542
1999-10-13,116.29,118.44,116.15,117.62,7976,71150
1999-10-14,117.55,117.77,115.78,116.81,5281,70368
1999-10-15,116.29,116.96,115.04,116.74,5867,69689
1999-10-18,115.78,117.85,115.04,117.7,6474,69841
1999-10-19,117.4,118.51,116.74,116.96,9627,69354
1999-10-20,118.88,120.51,118.73,120.21,9477,70286
1999-10-21,121.03,121.25,119.33,120.14,9985,69985
1999-10-22,120.14,121.54,119.92,120.88,9067,71065
1999-10-25,120.51,120.73,119.18,119.7,5619,70702
1999-10-26,118.44,119.62,117.55,117.99,9103,70550
1999-10-27,118.22,118.59,116.07,117.92,9991,68813
1999-10-28,117.7,119.55,116.96,119.33,7658,68427
1999-10-29,120.21,120.36,118.88,119.1,7806,67811
1999-11-01,119.62,120.14,118.59,119.03,4290,67371
1999-11-02,118.81,121.1,118.59,120.36,10511,69037
1999-11-03,120.95,121.84,119.77,119.99,9250,71310
1999-11-04,120.51,121.84,119.25,119.62,7676,71273
1999-11-05,118.96,119.92,117.85,118.36,8643,70486
1999-11-08,118.22,119.7,117.26,118.07,6607,69698
1999-11-09,118.14,119.33,118.07,118.96,5866,69255
1999-11-10,118.29,118.73,116.52,116.89,14797,68364
1999-11-11,117.33,117.62,114.74,115.41,15671,68356
1999-11-12,115.78,115.78,113.12,114.22,13562,68201
1999-11-15,114.45,115.7,113.26,115.63,9512,68006
1999-11-16,116.07,116.96,115.33,115.85,8905,67482
1999-11-17,116.07,116.74,115.48,115.78,11923,68024
1999-11-18,116.07,116.15,114.45,115.7,13511,69552
1999-11-19,114.89,116.44,114.15,116.15,12188,68937
1999-11-22,116.58,117.31,116.15,116.94,17376,68584
1999-11-23,117.02,117.16,116.07,116.44,20917,69384
1999-11-24,116.87,117.89,116.36,117.16,20917,69384
1999-11-29,118.61,118.9,117.45,118.18,19802,72163
1999-11-30,118.25,118.9,117.74,118.76,7893,68060
1999-12-01,118.11,118.47,116.29,117.09,10886,65767
1999-12-02,116.0,116.29,114.69,116.07,10220,65463
1999-12-03,115.86,118.32,115.57,118.03,10177,66158
1999-12-06,118.32,118.47,117.24,118.32,4710,65826
1999-12-07,117.45,117.45,115.57,116.51,8129,66056
1999-12-08,116.58,117.02,115.86,116.07,4257,65369
1999-12-09,116.58,117.09,115.71,116.73,4917,65664
1999-12-10,116.44,116.58,115.28,115.57,6024,66236
1999-12-13,115.49,116.58,115.35,116.36,5637,66309
1999-12-14,116.36,117.74,116.0,117.38,6913,65756
1999-12-15,118.76,121.95,118.61,121.88,26356,67871
1999-12-16,122.03,122.39,121.01,122.03,15998,71193
1999-12-17,122.9,123.41,121.66,122.68,11795,72681
1999-12-20,122.32,123.12,121.45,122.9,7877,74605
1999-12-21,122.39,122.68,120.86,120.94,6972,74084
1999-12-22,121.66,124.2,121.52,123.91,11413,74683
1999-12-23,123.84,124.64,123.41,123.77,6733,75161
1999-12-27,123.91,124.57,123.48,123.62,2587,74685
1999-12-28,123.48,124.28,123.41,123.7,3417,74642
1999-12-29,123.7,125.15,123.12,124.64,6418,73790
1999-12-30,124.86,125.44,124.2,125.29,6418,73790
2000-01-04,124.06,124.42,122.68,123.12,13851,75564
2000-01-05,122.75,124.71,121.66,124.35,10625,76158
2000-01-06,123.41,124.2,123.12,123.84,8822,78129
2000-01-07,124.06,125.22,123.33,123.99,8286,78268
2000-01-10,123.77,124.06,121.95,122.9,8388,77711
2000-01-11,122.9,123.55,122.24,122.46,6802,77456
2000-01-12,122.97,126.24,122.97,125.73,18212,82649
2000-01-13,125.58,125.73,124.13,124.35,13128,84834
2000-01-14,124.64,125.29,124.49,125.22,13128,84834
2000-01-18,124.42,126.16,123.55,125.73,10695,86337
2000-01-19,126.67,128.2,126.02,128.12,12272,88671
2000-01-20,127.62,128.49,125.95,126.74,11143,90487
2000-01-21,126.89,127.91,126.02,126.74,8495,91061
2000-01-24,125.73,125.87,124.28,124.35,9547,89244
2000-01-25,124.86,125.15,122.1,122.32,20910,83678
2000-01-26,123.19,123.41,121.23,122.17,16447,80886
2000-01-27,121.01,123.12,120.65,122.61,12242,79482
2000-01-28,123.12,123.7,121.01,121.23,14099,78752
2000-01-31,121.01,123.41,120.86,123.33,11514,78961
2000-02-01,122.97,123.99,121.3,122.39,11942,77450
2000-02-02,121.95,122.1,118.76,119.41,23524,76704
2000-02-03,119.05,120.07,118.4,119.92,10871,75076
2000-02-04,118.61,120.28,117.96,120.14,16563,77223
2000-02-07,120.07,120.14,118.9,120.07,4530,75125
2000-02-08,119.85,119.99,118.61,119.05,8690,75047
2000-02-09,119.2,119.78,118.61,119.34,4903,73634
2000-02-10,120.79,123.7,120.72,123.33,18274,73884
2000-02-11,123.55,123.7,122.61,122.68,6110,74136
2000-02-14,122.24,122.61,121.3,122.53,4794,74420
2000-02-15,122.53,122.82,119.2,120.07,12258,72991
2000-02-16,119.63,120.5,119.12,120.21,7217,72754
2000-02-17,120.36,121.37,119.41,121.37,7577,72207
2000-02-18,121.66,122.1,120.65,120.79,2890,72115
2000-02-22,119.79,120.15,118.64,120.15,13733,72525
2000-02-23,120.15,122.01,120.15,121.87,15258,72043
2000-02-24,122.37,122.94,121.15,121.29,25903,74634
2000-02-25,120.65,120.65,118.5,118.57,25571,72833
2000-02-28,116.35,116.49,113.41,113.77,35444,72418
2000-02-29,114.49,114.49,111.91,114.34,20322,68347
2000-03-01,114.7,116.06,113.63,115.06,12347,67177
2000-03-02,114.34,114.92,113.34,114.2,7799,66892
2000-03-03,114.13,115.42,112.91,115.06,7378,66599
2000-03-06,114.49,115.78,114.2,115.28,7462,66592
2000-03-07,115.71,116.06,113.41,113.84,8350,66752
2000-03-08,112.91,113.48,111.98,113.13,9177,67068
2000-03-09,113.48,114.56,112.77,114.49,5656,66572
2000-03-10,114.42,115.06,113.2,113.41,5288,66753
2000-03-13,113.27,113.7,112.05,113.2,6048,67252
2000-03-14,114.27,116.06,114.2,115.06,11085,67287
2000-03-15,115.49,116.64,114.99,116.21,7957,67828
2000-03-16,116.49,117.85,115.49,117.42,10569,67130
2000-03-17,116.64,117.64,116.49,116.71,9573,67583
2000-03-20,116.49,117.35,115.49,115.71,7490,68249
2000-03-21,116.06,117.78,115.49,117.28,9127,69324
2000-03-22,117.93,118.36,116.57,117.07,13224,70574
2000-03-23,116.71,117.28,116.06,117.21,7734,70155
2000-03-24,117.21,117.42,115.92,116.21,7762,69815
2000-03-27,114.63,115.06,113.91,114.99,8656,69046
2000-03-28,114.92,115.56,114.49,115.2,7263,68722
2000-03-29,114.63,115.85,114.63,115.63,7241,68446
2000-03-30,115.56,116.64,115.49,115.71,9888,69422
2000-03-31,114.85,115.56,114.34,115.35,8594,69354
2000-04-03,113.77,115.06,112.91,114.99,11790,71460
2000-04-04,114.2,114.92,113.48,113.63,7228,71752
2000-04-05,113.34,114.2,113.05,113.34,6404,72008
2000-04-06,111.19,111.19,109.19,109.4,19180,76415
2000-04-07,109.62,110.26,108.68,110.12,7931,76112
2000-04-10,110.69,111.34,109.76,111.12,7552,76601
2000-04-11,111.19,112.34,110.91,111.77,7984,77069
2000-04-12,111.19,111.91,110.76,111.41,5743,76904
2000-04-13,110.33,111.05,109.97,110.33,6941,77460
2000-04-14,109.26,109.47,107.68,107.97,6941,77460
2000-04-17,106.39,107.61,106.39,106.54,10389,78928
2000-04-18,108.61,109.9,108.11,109.54,14832,78910
2000-04-19,109.76,110.91,109.69,110.19,10411,78431
2000-04-20,109.62,110.62,109.54,109.76,8857,79472
2000-04-24,109.62,109.9,108.48,109.76,12185,77839
2000-04-25,110.18,113.23,110.04,113.09,44273,72733
2000-04-26,112.59,113.44,112.02,112.17,20626,72330
2000-04-27,112.02,113.02,111.46,112.8,27358,72729
2000-04-28,113.02,114.43,112.59,112.73,17585,70738
2000-05-01,113.16,113.3,112.73,113.3,3485,69899
2000-05-02,113.51,116.91,113.44,116.34,20302,69211
2000-05-03,116.06,116.7,115.21,115.92,9414,67981
2000-05-04,115.64,116.7,115.28,116.06,13930,67486
2000-05-05,117.83,119.39,117.69,119.04,18036,66237
2000-05-08,118.82,119.96,118.04,118.33,12158,67302
2000-05-09,117.9,118.47,117.12,117.62,10761,69266
2000-05-10,118.82,119.6,116.98,117.34,10786,69248
2000-05-11,117.27,118.26,117.19,117.55,8010,69625
2000-05-12,119.96,120.24,119.11,119.6,10852,70028
2000-05-15,119.6,119.96,118.82,119.04,7076,70162
2000-05-16,119.89,121.09,119.81,120.52,8721,70496
2000-05-17,120.52,120.95,119.32,119.39,11917,72108
2000-05-18,120.38,121.09,119.6,119.67,7864,71995
2000-05-19,119.67,119.81,118.4,119.32,7594,71562
2000-05-22,119.39,119.6,117.27,117.69,9223,71254
2000-05-23,118.4,118.68,117.55,118.19,6347,70869
2000-05-24,117.83,119.81,117.69,118.75,10117,70847
2000-05-25,118.04,118.4,117.12,117.9,10919,71552
2000-05-26,118.11,118.61,117.69,118.33,5226,71199
2000-05-30,117.27,117.27,114.15,114.93,17842,66293
2000-05-31,114.15,115.42,113.16,115.35,12391,65058
2000-06-01,114.29,115.57,113.94,114.93,7915,65977
2000-06-02,116.27,116.63,111.88,112.31,17455,65259
2000-06-05,112.45,114.08,112.31,113.58,9630,63909
2000-06-06,114.01,114.93,113.58,113.94,6031,63966
2000-06-07,113.44,113.72,111.1,112.52,13350,64881
2000-06-08,112.02,113.16,111.46,112.95,5975,64736
2000-06-09,112.17,113.51,112.17,113.02,4619,64881
2000-06-12,112.87,113.44,111.46,112.52,5044,64848
2000-06-13,112.87,114.15,112.73,113.51,7755,65462
2000-06-14,114.15,114.72,113.58,114.57,8227,64898
2000-06-15,115.14,115.99,113.16,115.85,12757,64031
2000-06-16,115.85,117.12,115.21,116.7,13482,61848
2000-06-19,116.06,117.69,115.57,117.27,8800,62280
2000-06-20,116.42,116.91,114.72,115.14,10593,61468
2000-06-21,115.42,117.12,114.93,116.77,9275,61677
2000-06-22,116.77,117.4,115.72,115.86,9814,61054
2000-06-23,115.86,116.07,114.1,114.94,12768,61506
2000-06-26,115.58,116.98,115.44,116.77,13004,61841
2000-06-27,117.75,117.96,115.93,116.14,18199,62156
2000-06-28,116.7,117.26,115.93,116.35,17493,64291
2000-06-29,115.29,115.72,114.38,114.94,21055,66975
2000-06-30,115.58,116.14,115.15,115.72,21055,66975
2000-07-05,115.65,116.0,114.87,115.51,7425,65260
2000-07-06,114.73,115.08,113.47,113.96,11618,66890
2000-07-07,113.68,114.38,113.47,114.24,4625,66229
2000-07-10,114.24,115.65,113.82,115.29,6180,65645
2000-07-11,116.07,116.42,115.29,116.0,6761,64754
2000-07-12,115.58,117.4,115.44,116.84,11028,65287
2000-07-13,116.91,117.4,116.28,116.49,9200,65010
2000-07-14,116.28,116.91,115.51,116.42,7959,65346
2000-07-17,116.56,119.37,116.35,118.81,19999,67124
2000-07-18,119.02,119.65,118.67,118.95,12702,69081
2000-07-19,119.23,119.79,118.45,118.95,9443,71826
2000-07-20,118.52,119.3,118.31,119.09,9346,73375
2000-07-21,121.47,121.9,120.91,121.75,13662,75969
2000-07-24,122.32,122.53,121.19,121.97,7823,76833
2000-07-25,121.47,122.32,121.33,122.18,9128,76965
2000-07-26,121.61,121.9,120.42,120.91,12805,79806
2000-07-27,120.84,122.74,120.63,122.39,10827,81519
2000-07-28,122.6,122.95,121.4,121.97,5952,80313
2000-07-31,121.47,122.88,120.84,122.81,10970,79152
2000-08-01,121.61,123.3,121.4,122.67,11234,82064
2000-08-02,122.46,123.86,122.04,122.18,7760,82421
2000-08-03,121.9,122.46,121.47,122.04,6156,83418
2000-08-04,121.4,122.67,121.05,122.6,8217,83431
2000-08-07,122.46,122.6,121.75,122.32,7109,83033
2000-08-08,122.46,122.6,120.49,120.98,11813,82125
2000-08-09,121.4,123.16,121.19,122.67,9770,83016
2000-08-10,122.46,122.6,120.77,121.4,9603,81449
2000-08-11,121.4,121.97,120.21,120.7,9786,79419
2000-08-14,120.77,121.9,120.35,121.75,5342,79192
2000-08-15,121.9,122.95,121.82,122.25,6868,78950
2000-08-16,121.9,122.18,121.26,121.68,4280,78746
2000-08-17,121.33,122.32,121.26,122.04,6258,78172
2000-08-18,122.32,122.53,121.33,121.47,7188,77699
2000-08-21,120.7,121.26,119.65,119.93,22504,75441
2000-08-22,119.79,120.69,119.65,120.48,14101,75325
2000-08-23,120.48,121.53,119.93,120.41,29554,76842
2000-08-24,120.62,121.59,120.35,121.04,14586,75295
2000-08-25,120.9,121.39,120.07,121.32,18184,74394
2000-08-28,121.18,121.59,120.76,120.97,10686,74364
2000-08-29,121.87,123.54,121.25,123.47,26117,79865
2000-08-30,124.37,124.65,123.61,124.51,24945,84349
2000-08-31,124.23,124.72,123.4,124.23,11267,80980
2000-09-01,124.72,124.86,123.95,124.58,5836,81498
2000-09-05,125.76,126.87,125.34,126.66,13363,80980
2000-09-06,125.9,126.59,125.62,126.04,8568,81647
2000-09-07,125.9,127.01,125.83,126.59,8214,82336
2000-09-08,127.56,128.67,127.15,127.42,10148,83254
2000-09-11,127.15,127.98,126.73,127.77,5932,82841
2000-09-12,127.77,129.92,127.56,129.92,9899,84066
2000-09-13,130.62,130.76,129.51,129.85,6107,83455
2000-09-14,130.69,131.03,129.3,129.78,8361,83862
2000-09-15,129.37,129.78,128.12,129.02,7538,84014
2000-09-18,128.95,129.58,128.12,128.74,5628,84877
2000-09-19,128.4,129.23,127.49,129.16,7634,86436
2000-09-20,127.7,127.98,125.9,126.38,14089,84733
2000-09-21,126.73,129.65,126.66,129.65,10917,85573
2000-09-22,129.09,129.85,128.47,128.81,7514,84917
2000-09-25,128.95,129.99,128.81,129.78,5240,85313
2000-09-26,129.37,129.51,127.42,128.19,11230,83849
2000-09-27,126.94,128.26,126.73,127.91,9615,82463
2000-09-28,127.15,127.84,126.73,127.56,8733,82665
2000-09-29,128.05,128.67,127.56,127.77,6514,82137
2000-10-02,127.56,127.7,124.72,124.79,22343,76862
2000-10-03,123.68,125.34,123.4,125.27,15628,76591
2000-10-04,124.79,124.93,123.95,124.79,8328,77525
2000-10-05,124.58,127.15,124.51,126.45,9686,76872
2000-10-06,126.04,126.11,125.2,125.76,6195,76337
2000-10-09,125.2,125.2,123.54,124.44,10067,74999
2000-10-10,124.86,125.76,124.79,125.69,6088,73934
2000-10-11,125.2,125.34,123.89,125.2,6479,73663
2000-10-12,124.79,125.2,122.29,122.43,14179,73021
2000-10-13,122.01,124.23,121.94,123.89,8976,72879
2000-10-16,123.82,124.37,123.05,124.09,5128,73259
2000-10-17,122.57,122.84,121.53,122.57,12130,73377
2000-10-18,121.87,122.01,120.07,121.04,17052,72267
2000-10-19,120.76,121.59,120.62,121.18,9030,72604
2000-10-20,120.76,121.53,119.51,119.65,10230,73277
2000-10-23,119.72,120.62,119.24,120.41,6391,73062
2000-10-24,120.9,121.25,120.07,120.14,9237,73429
2000-10-25,119.86,120.0,118.12,118.33,16638,71890
2000-10-26,118.12,118.12,115.0,115.42,18935,72486
2000-10-27,116.04,117.78,115.35,117.15,10450,71505
2000-10-30,117.01,117.43,116.39,117.22,8144,69327
2000-10-31,118.26,119.17,117.57,117.78,12008,70240
2000-11-01,117.29,117.57,115.76,116.04,8628,70059
2000-11-02,116.53,116.81,115.76,116.32,7791,70662
2000-11-03,117.01,117.85,116.04,116.39,10690,71231
2000-11-06,116.39,116.67,114.65,114.86,8794,73087
2000-11-07,115.49,116.04,114.86,115.28,13197,72662
2000-11-08,115.97,116.04,114.79,116.04,13197,72662
2000-11-09,115.49,117.43,115.42,116.67,8820,72952
2000-11-10,116.6,117.01,115.21,116.39,8269,73381
2000-11-13,113.54,114.03,113.27,113.96,12483,73764
2000-11-14,114.38,115.07,114.17,114.86,7306,75391
2000-11-15,114.65,115.49,113.96,114.79,10419,75210
2000-11-16,114.38,114.52,113.47,113.82,5859,76118
2000-11-17,113.54,114.72,113.2,114.45,15326,76591
2000-11-20,113.96,115.56,113.34,114.52,13423,76320
2000-11-21,114.1,115.21,113.68,114.93,13176,76579
2000-11-22,113.97,114.38,113.21,114.04,13176,76579
2000-11-27,116.1,117.41,115.83,117.0,27623,76124
2000-11-28,117.75,118.3,117.41,118.23,30839,74806
2000-11-29,117.96,118.92,117.55,118.03,29378,73884
2000-11-30,117.27,118.3,115.96,116.31,13317,74318
2000-12-01,117.06,118.16,116.72,118.1,12871,75143
2000-12-04,118.1,118.85,117.75,118.58,7406,73918
2000-12-05,118.58,119.95,117.96,119.54,18136,73783
2000-12-06,119.75,120.78,119.4,120.71,14558,72462
2000-12-07,120.71,121.4,120.37,121.19,11754,70703
2000-12-08,122.43,122.7,122.09,122.57,12290,71296
2000-12-11,123.05,123.94,122.57,122.64,12549,70560
2000-12-12,122.15,122.29,120.92,121.74,10409,68665
2000-12-13,121.05,121.6,120.85,121.47,6100,68623
2000-12-14,121.53,122.64,121.26,122.64,7157,68697
2000-12-15,122.84,123.05,118.99,119.95,16548,69665
2000-12-18,119.95,120.57,118.99,120.16,7199,69305
2000-12-19,119.4,120.02,118.78,119.61,5907,68522
2000-12-20,118.16,118.92,117.0,118.16,13255,68568
2000-12-21,117.13,117.61,115.83,117.41,10906,69135
2000-12-22,117.06,118.3,116.72,117.82,6394,69388
2000-12-26,117.75,118.85,117.68,118.65,4353,69156
2000-12-27,117.41,117.55,115.96,116.58,9062,70060
2000-12-28,116.79,117.2,116.24,116.86,5023,69584
2000-12-29,116.24,116.51,115.69,115.96,5667,69752
2001-01-02,114.86,114.93,111.29,111.63,16496,71735
2001-01-03,110.74,113.07,110.32,112.39,14234,73276
2001-01-04,113.01,113.14,111.29,111.56,9967,73310
2001-01-05,112.32,113.49,111.29,113.42,15093,77115
2001-01-08,112.73,114.86,112.18,113.97,14683,78003
2001-01-09,114.45,115.14,113.42,113.49,10460,79511
2001-01-10,113.69,114.73,113.35,113.63,6663,79712
2001-01-11,114.45,115.34,113.9,114.24,11017,81475
2001-01-12,114.38,116.1,114.18,115.76,10946,80834
2001-01-16,114.31,114.52,112.25,113.21,11710,82086
2001-01-17,113.21,114.31,112.73,113.83,5715,82080
2001-01-18,114.73,118.85,114.59,118.51,27286,78996
2001-01-19,117.75,118.44,116.45,116.58,8601,78326
2001-01-22,116.65,117.61,116.45,116.58,7165,78178
2001-01-23,117.34,118.1,116.24,116.72,7865,77340
2001-01-24,116.24,116.65,113.49,114.86,15581,77371
2001-01-25,114.79,115.69,113.69,115.14,8454,77823
2001-01-26,115.62,115.83,114.79,115.55,7829,77643
2001-01-29,114.86,115.14,114.18,114.52,6526,77727
2001-01-30,114.04,116.17,113.76,115.69,10648,77620
2001-01-31,116.45,116.93,115.69,116.31,13649,76823
2001-02-01,116.38,117.06,115.69,116.51,8669,76384
2001-02-02,115.62,115.96,114.66,115.76,8748,76497
2001-02-05,115.14,115.69,113.07,113.49,11909,75879
2001-02-06,113.35,114.59,113.07,114.24,6948,75733
2001-02-07,114.31,114.66,113.83,113.97,5861,75910
2001-02-08,114.31,114.59,113.63,114.11,7514,75133
2001-02-09,114.18,114.45,112.11,112.8,13028,76500
2001-02-12,111.97,112.8,111.84,112.46,7413,75472
2001-02-13,112.18,114.45,112.18,113.42,13358,75140
2001-02-14,112.8,113.14,112.32,113.07,9604,74882
2001-02-15,113.97,114.73,113.56,113.9,9718,73944
2001-02-16,114.24,114.45,113.21,113.49,6568,74105
2001-02-20,112.94,113.21,112.11,112.87,10900,74601
2001-02-21,112.25,112.25,110.05,110.12,22654,77159
2001-02-22,110.19,110.59,109.78,110.05,14600,78945
2001-02-23,110.25,110.59,108.69,109.23,26977,80655
2001-02-26,109.5,111.14,109.23,110.8,25861,80778
2001-02-27,110.32,110.87,109.64,110.39,23164,80191
2001-02-28,110.12,111.82,109.91,111.28,12528,79783
2001-03-01,111.28,113.19,111.28,112.37,15330,76993
2001-03-02,112.23,113.05,112.03,112.91,9930,76612
2001-03-05,113.05,115.09,112.5,114.28,17818,74157
2001-03-06,115.91,116.32,115.23,115.71,14859,71973
2001-03-07,114.96,115.78,114.34,114.55,11986,70544
2001-03-08,113.8,114.28,112.57,112.71,11796,71134
2001-03-09,113.12,113.73,113.05,113.53,8902,68534
2001-03-12,113.05,113.25,111.96,112.98,10487,69424
2001-03-13,111.41,111.96,111.14,111.75,8637,69879
2001-03-14,110.66,111.28,110.25,110.87,11151,71461
2001-03-15,110.46,111.14,110.25,110.53,7205,72314
2001-03-16,109.78,110.12,107.87,108.0,20447,78819
2001-03-19,108.14,108.96,107.87,108.82,8803,80767
2001-03-20,109.03,109.64,108.82,109.23,7332,80458
2001-03-21,108.0,108.55,107.73,108.07,9535,80811
2001-03-22,107.46,107.94,106.44,106.91,18506,86673
2001-03-23,107.39,107.73,107.05,107.19,7491,87406
2001-03-26,108.0,108.75,106.5,106.98,9959,84984
2001-03-27,107.05,108.28,106.64,108.0,8460,84833
2001-03-28,106.91,106.91,105.41,105.41,10223,86474
2001-03-29,104.59,105.96,104.53,105.75,10467,87624
2001-03-30,104.8,105.14,104.05,104.19,8396,85775
2001-04-02,103.78,104.46,103.64,103.71,13294,86363
2001-04-03,104.19,104.73,103.23,104.46,9566,85987
2001-04-04,105.0,105.41,104.19,104.46,7581,86384
2001-04-05,105.0,105.55,104.73,104.8,4609,86588
2001-04-06,104.19,104.46,102.0,102.34,12745,88019
2001-04-09,102.82,103.98,102.82,103.64,5309,87185
2001-04-10,105.28,105.96,104.73,104.94,13184,87851
2001-04-11,105.96,106.09,104.19,104.39,39470,86001
2001-04-12,104.46,105.14,103.78,104.59,5860,86421
2001-04-16,104.59,105.28,104.59,104.87,4599,86200
2001-04-17,104.59,104.59,103.98,104.25,5180,84566
2001-04-18,104.73,107.25,104.53,107.05,20554,81047
2001-04-19,106.5,106.64,105.14,105.41,14961,80894
2001-04-20,106.16,106.5,105.28,105.69,9816,81159
2001-04-23,104.81,105.08,103.19,103.59,15848,80818
2001-04-24,103.59,104.4,103.46,103.93,16556,80539
2001-04-25,103.86,105.21,103.66,104.33,21955,81357
2001-04-26,104.81,105.48,103.59,103.73,24912,81322
2001-04-27,103.46,104.67,103.32,103.93,20424,78881
2001-04-30,103.32,104.94,102.78,104.94,12925,76022
2001-05-01,104.94,106.09,104.67,105.89,12710,75177
2001-05-02,106.16,107.78,105.62,107.58,22580,71428
2001-05-03,107.91,107.98,106.43,106.9,9305,70283
2001-05-04,106.56,106.63,105.35,106.09,7315,70379
2001-05-07,106.16,106.7,106.16,106.23,3291,69876
2001-05-08,105.69,105.69,103.46,103.79,15527,71209
2001-05-09,103.19,103.46,102.31,103.12,11335,72468
2001-05-10,103.66,104.13,102.11,102.58,7822,73432
2001-05-11,102.78,103.52,102.38,103.12,5710,74182
2001-05-14,102.11,102.24,101.43,101.97,9384,76663
2001-05-15,102.24,102.92,101.84,101.97,4884,77317
2001-05-16,101.23,102.92,100.96,102.17,9583,78072
2001-05-17,102.98,104.4,102.31,103.79,10937,78128
2001-05-18,104.54,106.5,104.47,106.36,18308,74761
2001-05-21,107.04,108.72,107.04,108.45,27132,69316
2001-05-22,107.64,107.98,106.77,106.9,14900,70667
2001-05-23,106.56,107.1,106.16,106.77,8540,71644
2001-05-24,107.78,108.45,107.04,107.17,9820,70451
2001-05-25,106.7,107.37,106.56,107.04,5490,71849
2001-05-29,105.55,105.62,103.46,103.59,14700,72650
2001-05-30,103.73,104.27,102.92,102.98,15014,72589
2001-05-31,102.92,103.25,101.43,102.31,16410,72808
2001-06-01,102.24,102.65,101.43,101.57,14208,77542
2001-06-04,101.16,101.7,100.69,101.57,12492,78279
2001-06-05,102.11,102.98,101.9,102.85,5838,76275
2001-06-06,102.71,102.92,101.77,101.77,5664,77234
2001-06-07,101.16,102.11,101.03,101.3,6967,77656
2001-06-08,99.95,100.35,98.59,98.66,13236,82077
2001-06-11,99.2,99.41,98.53,98.8,9662,82772
2001-06-12,98.32,98.73,97.24,98.32,11015,85167
2001-06-13,97.78,98.19,97.38,97.85,6822,85823
2001-06-14,98.32,98.86,97.65,98.19,8962,86365
2001-06-15,97.65,98.12,96.7,97.18,10996,88059
2001-06-18,96.37,97.58,96.3,97.31,10749,87662
2001-06-19,97.85,98.46,97.78,97.99,9381,88398
2001-06-20,96.97,97.51,96.43,96.64,20607,89764
2001-06-21,96.1,97.51,95.76,97.45,13022,91397
2001-06-22,97.25,97.85,96.51,96.51,14366,93744
2001-06-25,96.11,96.58,95.98,96.44,40976,91542
2001-06-26,96.11,97.25,95.91,97.18,33463,89548
2001-06-27,97.18,98.12,97.05,97.65,26312,90674
2001-06-28,96.78,96.78,95.44,95.84,24077,91535
2001-06-29,95.04,95.84,94.91,95.37,12186,86272
2001-07-02,95.17,96.51,95.04,96.38,5939,84055
2001-07-03,96.38,96.38,95.37,95.44,5327,83400
2001-07-05,94.77,94.91,94.24,94.37,4864,84132
2001-07-06,94.97,95.44,94.77,95.04,5439,83355
2001-07-09,94.64,95.04,94.44,94.84,4096,82771
2001-07-10,94.91,96.18,94.84,95.98,9056,82215
2001-07-11,95.78,95.98,94.84,95.37,5474,82107
2001-07-12,94.91,95.24,94.24,94.31,4844,81978
2001-07-13,94.1,94.77,93.97,94.51,4207,81719
2001-07-16,94.37,95.04,94.24,94.84,3338,81903
2001-07-17,94.51,96.51,94.51,96.11,13718,81306
2001-07-18,96.11,96.64,94.1,94.44,11622,83262
2001-07-19,94.1,94.37,92.84,93.04,11405,84916
2001-07-20,93.17,93.97,93.1,93.57,5181,85408
2001-07-23,92.63,92.77,91.43,91.97,8337,85866
2001-07-24,92.37,92.77,91.57,91.63,10077,87232
2001-07-25,90.5,92.23,90.5,91.9,16262,84861
2001-07-26,91.57,92.23,91.03,91.63,8404,85404
2001-07-27,91.9,92.37,90.36,90.7,7322,84858
2001-07-30,90.7,91.5,90.5,90.7,4107,84305
2001-07-31,90.36,91.7,90.23,91.23,4107,84305
2001-08-01,90.43,91.97,89.69,91.9,9294,83244
2001-08-02,92.23,92.57,91.03,91.1,8589,84418
2001-08-03,90.56,91.03,90.09,90.5,6635,84752
2001-08-06,90.23,90.43,89.56,89.69,4348,84722
2001-08-07,89.09,89.76,89.09,89.43,7838,85544
2001-08-08,88.82,89.03,88.09,88.42,6971,86224
2001-08-09,87.89,89.43,87.89,89.09,9028,86914
2001-08-10,89.03,89.49,88.29,88.49,9740,86848
2001-08-13,88.16,89.03,87.69,87.82,5363,87474
2001-08-14,87.96,89.29,87.89,88.96,4828,87461
2001-08-15,89.16,89.43,87.82,88.02,12738,90138
2001-08-16,88.49,89.69,88.36,89.29,9028,90573
2001-08-17,90.36,92.37,90.3,91.7,22053,88858
2001-08-20,91.63,92.1,90.36,90.43,19343,90051
2001-08-21,89.96,90.36,89.36,89.76,6401,89888
2001-08-22,90.55,91.14,90.02,90.42,15745,90434
2001-08-23,91.47,91.87,90.75,91.34,17707,90138
2001-08-24,90.81,92.07,90.81,91.01,17908,89670
2001-08-27,91.41,92.59,91.28,92.59,19316,93140
2001-08-28,92.86,92.86,91.54,92.07,24699,92904
2001-08-29,92.13,92.99,91.54,92.66,25868,94466
2001-08-30,92.79,92.86,90.35,90.81,29840,94311
2001-08-31,91.01,91.47,90.35,90.49,5359,89823
2001-09-04,89.43,89.69,88.58,89.43,11711,92144
2001-09-05,89.04,89.76,88.9,89.23,15234,88910
2001-09-06,88.44,88.58,87.26,87.72,14149,89803
2001-09-07,87.52,87.72,86.47,86.67,11905,90278
2001-09-10,86.34,87.19,86.14,86.53,8001,90278
2001-09-11,86.67,87.13,86.53,86.53,5622,81232
2001-09-14,87.72,87.78,87.13,87.32,5534,82398
2001-09-17,86.34,86.93,86.14,86.47,5406,87390
2001-09-18,87.13,87.72,86.47,86.53,4325,87219
2001-09-19,86.27,86.67,85.74,86.14,4226,87403
2001-09-20,85.74,86.07,85.48,85.94,6913,86305
2001-09-21,85.94,87.46,85.94,87.06,6747,87792
2001-09-24,86.99,87.26,86.53,86.8,8375,86324
2001-09-25,86.6,86.86,85.94,86.07,10658,84591
2001-09-26,86.73,86.8,86.34,86.6,5729,85250
2001-09-27,86.53,87.19,86.4,86.47,6555,84301
2001-09-28,86.53,87.13,85.74,85.88,9008,80341
2001-10-01,85.35,85.94,84.95,85.68,7343,81618
2001-10-02,85.55,86.14,85.48,85.61,7078,82976
2001-10-03,84.82,84.95,83.9,84.49,8812,84877
2001-10-04,84.76,85.08,84.56,84.89,6179,84248
2001-10-05,84.23,84.56,83.77,84.36,7813,84944
2001-10-08,84.82,84.95,84.43,84.76,2445,84340
2001-10-09,84.03,84.76,83.9,84.49,7162,84437
2001-10-10,84.29,84.56,83.83,84.29,5149,84613
2001-10-11,84.23,84.82,84.16,84.49,6433,86133
2001-10-12,85.08,85.74,84.03,84.36,12642,87882
2001-10-15,84.29,84.56,84.03,84.23,2782,87397
2001-10-16,85.08,85.61,84.56,84.82,6547,88101
2001-10-17,85.55,85.88,84.16,84.16,11904,90035
2001-10-18,83.97,84.16,82.98,83.24,10147,92152
2001-10-19,82.52,82.58,81.99,82.12,9349,93914
2001-10-22,81.86,82.65,81.79,82.32,4841,93051
2001-10-23,83.37,85.22,82.85,82.98,15198,91054
2001-10-24,82.32,82.45,81.73,81.99,7581,92373
2001-10-25,82.19,82.98,81.99,82.45,6760,92567
2001-10-26,83.5,84.16,83.37,83.64,9087,90668
2001-10-29,82.85,83.11,82.25,83.11,6782,92778
2001-10-30,83.11,84.16,82.85,83.97,10791,92381
2001-10-31,83.18,83.5,81.79,82.32,17644,92978
2001-11-01,82.32,82.78,81.27,81.73,12347,92154
2001-11-02,81.53,81.59,80.8,80.87,4576,92480
2001-11-05,80.87,81.66,80.74,81.13,6417,91690
2001-11-06,81.79,82.19,81.13,81.13,14858,94528
2001-11-07,80.41,80.48,79.68,79.82,8222,94827
2001-11-08,80.15,82.19,80.08,81.0,19475,96091
2001-11-09,81.99,84.82,81.73,84.43,16354,91008
2001-11-12,84.62,86.8,83.37,86.67,23115,86467
2001-11-13,86.01,90.22,85.74,89.17,31653,85025
2001-11-14,90.22,91.67,88.71,89.17,24380,85283
2001-11-15,88.38,88.77,87.85,88.58,9785,84974
2001-11-16,89.69,90.35,87.92,89.83,10449,84148
2001-11-19,90.75,91.14,89.56,89.96,9029,83510
2001-11-20,89.04,89.63,88.51,88.64,7267,83020
2001-11-21,89.3,89.96,88.77,89.17,11380,79874
2001-11-26,90.6,91.05,89.88,89.95,15719,80139
2001-11-27,92.88,93.53,91.9,92.81,29183,79747
2001-11-28,91.96,93.27,91.64,93.01,27134,84288
2001-11-29,93.27,94.76,92.88,94.18,36676,75963
2001-11-30,93.66,95.87,93.27,95.22,19570,71094
2001-12-03,94.05,94.76,92.48,92.88,8457,69281
2001-12-04,92.29,93.4,92.09,92.22,7841,65314
2001-12-05,91.05,91.96,89.95,91.44,11486,66362
2001-12-06,92.48,92.88,90.4,90.6,8353,66436
2001-12-07,90.92,91.18,88.71,89.17,11411,65263
2001-12-10,88.71,89.36,88.26,89.1,5801,65119
2001-12-11,89.43,90.34,89.1,89.62,8500,68574
2001-12-12,88.84,89.04,87.93,88.32,8439,66998
2001-12-13,87.67,88.52,87.48,88.19,10417,67687
2001-12-14,87.67,88.71,87.54,88.32,8731,69436
2001-12-17,87.8,88.97,87.8,88.71,5298,69785
2001-12-18,89.04,90.14,88.78,89.75,6775,70148
2001-12-19,88.97,89.17,87.8,88.32,9233,70856
2001-12-20,88.19,88.65,87.93,88.39,6015,71455
2001-12-21,87.93,89.49,87.93,89.17,5487,71175
2001-12-26,89.23,90.4,88.97,90.08,4120,70653
2001-12-27,89.49,90.01,89.17,89.36,5371,71269
2001-12-28,88.71,89.1,87.93,88.13,7205,71408
2001-12-31,87.48,87.67,85.72,85.72,10579,73420
2002-01-02,86.24,86.63,85.4,85.59,12862,74178
2002-01-03,85.4,86.76,85.4,86.37,9932,74153
2002-01-04,87.09,87.93,87.02,87.74,5948,74019
2002-01-07,89.49,93.01,89.36,93.01,19378,70647
2002-01-08,92.94,93.66,92.09,92.16,19218,69948
2002-01-09,92.61,94.18,92.55,93.07,12193,71860
2002-01-10,93.2,93.4,91.31,91.77,9861,70727
2002-01-11,91.64,92.55,90.92,92.16,8526,70358
2002-01-14,92.35,92.88,91.31,92.09,6567,70641
2002-01-15,91.7,91.96,90.66,91.25,6266,71302
2002-01-16,91.12,92.88,90.73,92.16,10658,71813
2002-01-17,92.09,92.61,91.44,92.09,5332,72267
2002-01-18,91.77,92.09,90.66,90.86,5858,72098
2002-01-22,90.53,91.44,90.01,91.38,7462,72878
2002-01-23,90.92,92.61,90.66,92.16,6984,72519
2002-01-24,92.42,93.4,91.83,93.07,7745,73291
2002-01-25,93.01,93.79,91.96,92.55,10030,74803
2002-01-28,91.57,92.29,90.92,91.12,9663,75046
2002-01-29,91.05,91.44,90.47,90.92,8289,74988
2002-01-30,90.6,91.18,90.27,90.66,7102,73561
2002-01-31,91.18,96.26,90.99,95.41,27723,78158
2002-02-01,95.87,96.71,95.09,95.8,12653,78238
2002-02-04,95.54,96.39,94.7,94.76,9376,77254
2002-02-05,95.22,95.74,94.76,95.28,6846,78088
2002-02-06,95.35,95.35,94.24,94.83,4852,78697
2002-02-07,94.96,95.87,94.57,95.87,5602,79628
2002-02-08,95.87,96.39,94.89,95.41,6614,79931
2002-02-11,95.28,95.28,94.44,94.63,6078,80463
2002-02-12,94.83,95.48,94.63,95.28,6639,81644
2002-02-13,96.06,97.95,96.0,97.75,14700,83519
2002-02-14,97.69,98.08,96.65,96.84,10158,84289
2002-02-15,96.45,96.91,95.22,95.48,8515,85196
2002-02-19,93.92,94.05,91.7,92.03,25125,81693
2002-02-20,92.22,92.48,91.31,92.22,15519,81824
2002-02-21,92.61,93.01,91.96,92.94,9173,79664
2002-02-22,91.33,91.65,90.94,91.07,18158,78854
2002-02-25,91.2,92.04,91.01,91.91,18988,81833
2002-02-26,92.36,92.55,91.2,91.39,17301,76182
2002-02-27,91.33,93.59,91.33,92.94,23793,77887
2002-02-28,92.55,93.52,92.17,92.94,13614,72093
2002-03-01,92.1,95.2,92.1,94.49,12700,73231
2002-03-04,95.58,96.36,95.46,95.65,10555,73431
2002-03-05,95.39,96.1,95.0,95.52,6378,74046
2002-03-06,95.84,97.26,95.71,96.81,8664,75062
2002-03-07,97.71,97.91,96.23,96.49,9851,75986
2002-03-08,97.13,97.26,96.1,97.07,4949,77470
2002-03-11,97.0,97.13,96.16,96.23,3783,76621
2002-03-12,95.91,96.1,95.33,95.65,4753,77432
2002-03-13,96.04,96.49,95.33,95.52,9582,80231
2002-03-14,95.33,96.55,95.2,96.1,4488,79997
2002-03-15,96.55,97.39,96.55,96.81,5875,80245
2002-03-18,98.49,99.26,98.1,98.62,11799,81856
2002-03-19,99.2,99.71,98.68,99.39,10449,82980
2002-03-20,99.07,99.13,98.55,98.81,5526,84545
2002-03-21,98.23,98.74,98.04,98.36,6194,84670
2002-03-22,97.78,97.84,96.49,96.55,9026,83493
2002-03-25,95.78,95.78,94.94,95.13,11154,82301
2002-03-26,95.91,96.49,95.84,96.16,8076,81357
2002-03-27,96.49,97.39,96.36,96.94,7298,78708
2002-03-28,97.13,98.62,97.0,98.49,13647,79975
2002-04-01,98.42,98.68,98.1,98.62,4490,80187
2002-04-02,99.13,99.58,98.42,98.49,8429,80802
2002-04-03,97.26,97.39,95.33,95.78,14095,79561
2002-04-04,95.46,95.65,94.17,94.49,16344,76157
2002-04-05,94.88,95.0,92.75,93.26,16139,73774
2002-04-08,93.59,93.71,92.23,93.26,12877,73873
2002-04-09,93.52,94.04,93.07,93.78,7592,74042
2002-04-10,93.33,93.65,92.55,93.46,18689,74030
2002-04-11,93.78,94.29,93.13,93.26,5139,75057
2002-04-12,92.94,93.39,91.84,92.49,9587,76571
2002-04-15,92.23,92.75,91.46,92.36,7074,75746
2002-04-16,92.23,94.29,92.23,93.65,9787,75582
2002-04-17,94.04,95.33,94.04,95.0,8539,74270
2002-04-18,94.75,95.46,93.39,93.78,11904,74146
2002-04-19,93.78,95.13,93.71,94.55,6404,74305
2002-04-22,96.41,96.66,95.19,95.83,15404,72853
2002-04-23,95.51,95.58,94.11,94.3,10827,74624
2002-04-24,94.42,95.0,93.98,94.94,18284,75300
2002-04-25,94.11,94.81,93.66,94.17,12980,74871
2002-04-26,94.49,95.58,94.42,94.94,11803,74826
2002-04-29,95.77,96.34,94.49,94.68,20009,74837
2002-04-30,94.49,94.62,93.98,94.49,7863,69769
2002-05-01,93.91,94.04,92.57,93.21,11208,69947
2002-05-02,93.34,94.11,92.57,94.04,9565,70286
2002-05-03,93.4,93.47,91.87,92.57,11402,71431
2002-05-06,92.19,92.38,91.1,91.42,7827,72739
2002-05-07,91.55,92.95,91.23,92.83,7963,73731
2002-05-08,93.4,93.98,93.34,93.72,12361,78013
2002-05-09,94.04,94.74,93.15,93.34,9153,76402
2002-05-10,93.4,94.49,93.34,94.42,5205,74081
2002-05-13,93.72,94.49,93.59,94.3,5434,73370
2002-05-14,93.98,95.9,93.91,95.26,16478,74175
2002-05-15,94.87,95.64,94.68,95.58,6497,74580
2002-05-16,94.74,95.0,94.23,94.42,7688,73167
2002-05-17,93.91,94.23,92.57,93.15,11885,73794
2002-05-20,92.89,93.21,92.38,92.83,5542,73810
2002-05-21,93.15,93.34,92.57,93.02,5542,73810
2002-05-22,93.02,93.15,92.44,93.08,6796,74695
2002-05-23,92.76,94.49,92.7,94.11,12220,74511
2002-05-24,94.42,95.13,94.36,94.49,10624,75237
2002-05-28,95.77,97.17,95.77,96.79,20087,76389
2002-05-29,97.49,97.88,95.96,96.02,12297,77924
2002-05-30,97.56,97.75,96.09,96.15,13567,79017
2002-05-31,96.73,97.69,96.6,97.69,10571,75287
2002-06-03,98.07,99.28,97.94,99.16,10545,77878
2002-06-04,99.09,101.58,98.2,100.5,22253,81994
2002-06-05,100.05,100.24,99.09,100.18,13144,85008
2002-06-06,100.63,101.07,99.41,99.6,9848,86797
2002-06-07,99.48,99.79,98.84,99.73,5080,87036
2002-06-10,99.28,99.86,98.77,99.79,6060,87258
2002-06-11,98.2,98.71,97.43,97.81,10570,86641
2002-06-12,97.69,98.13,97.17,97.69,6461,85642
2002-06-13,98.07,98.13,96.92,97.94,7609,86305
2002-06-14,96.28,97.94,96.15,97.81,9909,85482
2002-06-17,97.49,97.81,96.92,97.3,7825,84204
2002-06-18,96.73,98.0,96.66,97.17,5309,84625
2002-06-19,96.6,97.11,96.21,96.85,6041,82691
2002-06-20,96.34,96.73,95.58,96.09,15190,78310
2002-06-21,95.83,96.09,94.49,95.0,22947,75799
2002-06-24,94.75,94.81,94.37,94.75,24899,74111
2002-06-25,94.87,96.58,94.87,95.89,19487,73382
2002-06-26,95.32,96.46,94.75,96.08,23160,71617
2002-06-27,96.96,97.28,96.14,96.27,18660,71607
2002-06-28,97.28,98.61,97.15,98.1,22204,73396
2002-07-01,98.48,98.67,97.72,98.1,9856,73792
2002-07-02,97.53,97.85,96.2,96.58,11276,73330
2002-07-03,95.82,96.27,95.44,95.63,11276,73330
2002-07-08,95.51,96.65,95.38,96.52,6926,75330
2002-07-09,96.14,96.9,95.95,96.46,4963,75801
2002-07-10,96.84,97.03,95.82,96.08,4665,74735
2002-07-11,95.13,95.57,94.62,95.13,16236,72676
2002-07-12,94.75,95.25,93.99,94.37,11257,72021
2002-07-15,93.92,94.05,93.48,93.61,10500,73211
2002-07-16,93.67,94.37,93.61,94.18,8909,74251
2002-07-17,94.75,95.25,93.1,93.16,13353,74784
2002-07-18,92.85,93.23,92.34,92.78,16041,81565
2002-07-19,91.96,91.96,90.69,91.07,23945,88085
2002-07-22,90.0,90.06,88.98,89.36,14016,92182
2002-07-23,89.87,89.93,88.1,88.41,11768,91727
2002-07-24,86.64,88.92,86.07,88.22,11162,91194
2002-07-25,88.03,88.22,86.89,87.4,15996,93799
2002-07-26,87.97,88.67,87.15,87.46,9721,95686
2002-07-29,88.03,88.79,87.84,88.48,24098,95648
2002-07-30,88.03,88.1,87.27,87.72,8265,95907
2002-07-31,87.72,88.22,86.13,86.26,17796,95569
2002-08-01,85.5,87.08,85.37,86.77,14812,95864
2002-08-02,86.32,86.77,85.88,86.39,7421,95123
2002-08-05,85.44,85.75,84.55,85.12,7689,95516
2002-08-06,85.37,86.39,85.06,85.56,8010,95720
2002-08-07,85.63,86.51,84.99,85.06,6981,96442
2002-08-08,85.56,86.32,85.37,85.5,10030,97802
2002-08-09,85.75,86.45,85.37,85.88,11679,100236
2002-08-12,84.8,86.26,84.61,85.94,8074,99913
2002-08-13,85.44,86.51,85.06,85.63,14421,105236
2002-08-14,84.99,85.37,84.3,84.87,9104,106061
2002-08-15,85.82,87.65,85.37,86.45,23662,105721
2002-08-16,86.64,86.89,84.74,85.5,11524,106098
2002-08-19,85.31,85.75,85.06,85.44,7496,106749
2002-08-20,86.2,87.27,85.88,86.45,16605,106340
2002-08-21,86.58,86.89,85.56,85.63,14719,106900
2002-08-22,86.32,86.82,86.0,86.69,14122,107432
2002-08-23,86.63,87.44,86.5,86.75,18624,105572
2002-08-26,87.32,87.88,87.07,87.13,21643,105523
2002-08-27,86.69,87.69,86.5,87.38,20721,104704
2002-08-28,87.69,88.19,86.44,86.75,29459,104018
2002-08-29,86.13,86.94,85.81,86.88,19411,103430
2002-08-30,87.0,87.38,86.57,87.13,7435,94732
2002-09-03,86.13,86.19,84.88,85.63,14340,97873
2002-09-04,85.0,85.88,84.88,85.44,10261,101820
2002-09-05,84.56,85.13,84.06,84.75,11185,106269
2002-09-06,84.06,85.75,84.06,85.5,6593,103971
2002-09-09,86.5,87.69,85.75,87.38,12456,101049
2002-09-10,88.32,89.32,87.94,88.82,17262,96861
2002-09-11,89.32,89.45,88.19,88.57,5218,95985
2002-09-12,88.01,88.7,87.26,88.32,10228,94008
2002-09-13,87.44,88.13,86.82,87.69,8171,92847
2002-09-16,87.38,87.51,85.94,86.32,5055,93437
2002-09-17,87.07,87.32,85.69,86.25,6450,94279
2002-09-18,85.56,85.69,84.81,84.94,22994,96910
2002-09-19,85.06,85.31,84.56,84.81,10977,99005
2002-09-20,84.56,85.63,84.5,85.5,5135,99389
2002-09-23,84.81,84.94,84.31,84.88,4894,99672
2002-09-24,84.44,84.88,83.94,84.25,6979,99639
2002-09-25,84.88,85.13,84.44,84.81,6365,102200
2002-09-26,85.06,85.44,84.81,85.06,5183,102281
2002-09-27,84.81,84.88,83.56,83.56,13405,103551
2002-09-30,83.18,83.5,82.62,83.43,12485,103445
2002-10-01,83.68,84.06,82.87,84.0,6605,104452
2002-10-02,85.0,85.06,84.19,84.69,5119,102954
2002-10-03,84.31,84.69,83.62,83.68,6666,103631
2002-10-04,83.18,83.56,82.87,82.93,5052,104474
2002-10-07,82.37,83.56,82.31,83.31,5381,105300
2002-10-08,83.37,83.68,83.18,83.25,4067,106244
2002-10-09,83.0,83.43,82.81,83.18,3723,105801
2002-10-10,83.68,84.44,83.62,84.06,6781,104678
2002-10-11,85.19,85.94,84.37,85.63,13754,103722
2002-10-14,84.69,84.81,83.68,84.06,8013,104996
2002-10-15,84.81,85.44,84.37,84.75,9550,105137
2002-10-16,84.12,85.81,84.06,84.56,8481,104816
2002-10-17,86.69,87.44,86.07,87.32,20053,99564
2002-10-18,87.0,87.13,86.25,86.75,8522,98315
2002-10-21,86.69,88.32,86.63,88.13,14647,96717
2002-10-22,87.76,88.19,87.26,87.38,9322,94847
2002-10-23,88.19,88.57,86.63,87.0,9256,95673
2002-10-24,87.57,88.26,87.44,88.07,9357,93617
2002-10-25,88.57,89.57,87.57,89.51,17388,92704
2002-10-28,89.7,90.26,89.07,89.39,16246,90107
2002-10-29,88.57,88.95,87.69,88.19,14959,90078
2002-10-30,88.57,88.7,88.07,88.13,11610,90801
2002-10-31,88.82,90.14,88.63,89.82,18179,89177
2002-11-01,90.14,91.33,89.76,90.95,14439,90550
2002-11-04,91.45,91.83,90.95,91.26,9249,91406
2002-11-05,91.08,91.33,90.64,90.89,10675,91462
2002-11-06,91.26,91.58,90.83,91.51,8260,92957
2002-11-07,90.95,91.39,89.39,89.64,13202,92672
2002-11-08,89.95,90.39,89.45,89.7,5511,90778
2002-11-11,90.58,90.83,90.2,90.32,4765,91465
2002-11-12,90.7,90.83,90.07,90.32,5080,91047
2002-11-13,89.76,90.45,89.13,89.89,11251,89940
2002-11-14,89.64,89.76,89.13,89.2,7224,88923
2002-11-15,90.64,90.7,89.76,90.01,12784,87556
2002-11-18,90.58,91.7,90.58,91.2,18416,86564
2002-11-19,91.51,91.51,90.89,91.08,11856,87840
2002-11-20,92.45,93.39,92.33,92.58,20837,88085
2002-11-21,92.33,93.02,92.14,92.64,13901,86437
2002-11-22,92.58,92.77,91.96,92.27,28251,87927
2002-11-25,91.9,92.52,91.84,92.15,26345,85220
2002-11-26,91.9,92.39,91.03,91.34,36968,86622
2002-11-27,91.4,93.88,91.22,93.82,17478,87588
2002-12-02,95.0,95.61,94.19,94.75,11716,86525
2002-12-03,94.38,94.75,93.88,94.31,7372,85370
2002-12-04,93.88,94.5,93.51,94.31,4623,85555
2002-12-05,94.25,94.56,92.52,92.64,6660,84554
2002-12-06,93.01,93.2,91.53,92.77,8055,83690
2002-12-09,92.21,92.21,91.16,91.47,7532,82787
2002-12-10,91.78,92.46,91.22,92.27,7069,81384
2002-12-11,91.84,92.52,91.4,92.15,5548,81262
2002-12-12,92.21,92.77,91.65,91.71,5216,81749
2002-12-13,92.08,92.27,90.54,90.6,10440,79643
2002-12-16,89.92,90.54,89.92,90.41,9727,76964
2002-12-17,91.16,91.47,90.66,90.66,5663,76375
2002-12-18,90.54,90.54,89.48,89.73,10912,74211
2002-12-19,89.67,89.98,89.17,89.24,7886,72556
2002-12-20,89.05,89.42,88.86,88.93,8078,72508
2002-12-23,89.24,89.61,88.93,89.24,5854,72661
2002-12-24,89.17,89.42,87.63,87.81,10938,74454
2002-12-26,87.44,87.5,86.57,87.07,9550,76185
2002-12-27,86.82,87.63,86.76,87.5,6749,78243
2002-12-30,87.44,87.44,86.7,87.19,16174,76724
2002-12-31,86.39,87.19,85.95,87.01,14027,80174
2003-01-02,87.07,89.05,86.76,88.93,15158,80664
2003-01-03,89.55,90.78,89.42,90.6,12144,79701
2003-01-06,90.66,91.53,90.17,91.53,9105,79202
2003-01-07,90.85,91.22,90.54,91.16,15634,77457
2003-01-08,90.78,92.64,90.78,92.46,16961,76511
2003-01-09,92.64,93.51,92.08,92.95,12967,76729
2003-01-10,93.51,93.76,91.78,92.21,11934,76009
2003-01-13,92.46,93.51,92.21,93.2,8924,76332
2003-01-14,93.2,94.38,92.77,94.13,9620,78117
2003-01-15,94.93,95.0,94.13,94.75,9562,81260
2003-01-16,94.5,95.49,94.19,94.25,11107,88832
2003-01-17,94.5,94.62,93.51,93.88,6681,83522
2003-01-21,96.23,96.36,94.62,95.24,10940,83902
2003-01-22,95.8,96.23,95.24,95.74,5367,84104
2003-01-23,96.17,96.61,95.18,95.37,7332,84545
2003-01-24,95.86,96.11,94.93,95.18,16883,84508
2003-01-27,94.93,95.0,93.63,94.13,5572,83921
2003-01-28,94.13,94.56,93.51,93.76,6672,84623
2003-01-29,94.31,95.24,94.13,94.75,7870,84728
2003-01-30,95.74,97.97,95.74,97.91,14623,85933
2003-01-31,97.91,98.46,97.1,98.4,17865,87625
2003-02-03,98.46,98.46,97.47,97.72,7800,87808
2003-02-04,97.6,97.66,95.99,96.54,8193,87596
2003-02-05,96.85,96.92,95.99,96.48,4865,87721
2003-02-06,95.99,96.11,94.5,95.12,6891,86556
2003-02-07,95.18,95.68,94.25,94.56,6642,86309
2003-02-10,94.69,96.85,94.62,96.05,9554,87187
2003-02-11,96.92,97.47,95.49,96.05,7639,86466
2003-02-12,95.74,95.86,94.87,95.49,6377,86491
2003-02-13,94.13,94.13,92.39,92.89,20789,82321
2003-02-14,92.52,93.57,92.21,93.57,10647,79835
2003-02-18,92.52,93.2,91.53,91.65,12648,75492
2003-02-19,91.53,92.52,91.47,92.39,13565,71869
2003-02-20,93.01,93.26,92.15,93.14,17191,70701
2003-02-21,93.69,96.42,93.63,96.3,19044,71764
2003-02-24,96.54,97.4,96.54,97.4,20457,77245
2003-02-25,96.3,97.16,96.05,96.6,30347,75828
2003-02-26,97.4,98.82,97.22,98.63,25979,81644
2003-02-27,98.14,98.33,97.4,97.65,25870,84886
2003-02-28,97.34,97.4,95.5,96.05,11408,80953
2003-03-03,95.99,97.65,95.99,97.46,8014,82304
2003-03-04,97.59,97.59,95.8,96.05,7373,82299
2003-03-05,95.19,95.31,93.34,94.02,7373,82299
2003-03-06,93.9,94.33,92.73,92.85,13911,74558
2003-03-07,92.73,94.64,92.48,94.64,13455,71357
2003-03-10,93.96,93.96,92.73,92.98,10497,69075
2003-03-11,93.59,94.45,93.28,94.14,7972,68832
2003-03-12,93.41,93.96,92.91,93.1,6641,68424
2003-03-13,93.16,93.77,91.99,92.48,10478,67480
2003-03-14,92.36,93.22,91.75,92.79,10173,67121
2003-03-17,92.24,95.07,92.11,94.88,11921,66770
2003-03-18,94.82,95.13,93.84,94.02,7303,67739
2003-03-19,95.0,95.8,94.82,95.62,10037,70658
2003-03-20,94.51,94.57,93.77,94.45,8527,70935
2003-03-21,95.31,95.93,94.82,95.8,8293,71136
2003-03-24,94.08,94.57,93.9,94.51,8293,71136
2003-03-25,94.82,95.0,93.59,94.82,9415,71939
2003-03-26,93.9,94.08,92.48,92.54,16328,72446
2003-03-27,91.5,91.62,89.59,89.96,23182,74035
2003-03-28,89.1,89.53,88.3,89.53,20844,76504
2003-03-31,89.04,89.29,87.5,87.87,15635,78436
2003-04-01,88.61,89.35,88.36,89.1,10171,80064
2003-04-02,88.61,89.22,87.93,88.36,9541,80499
2003-04-03,87.93,88.18,87.2,87.44,10046,83235
2003-04-04,88.42,88.73,87.69,88.3,8563,84477
2003-04-07,89.84,90.39,88.92,89.59,8811,83291
2003-04-08,88.61,89.16,88.3,88.86,5739,83606
2003-04-09,87.99,88.79,87.75,88.42,8028,84112
2003-04-10,88.49,88.67,87.5,87.87,10035,84731
2003-04-11,88.12,89.59,87.93,89.22,9636,85995
2003-04-14,88.61,89.22,88.42,89.1,8716,86599
2003-04-15,90.39,90.88,89.96,90.27,13367,85346
2003-04-16,90.64,91.25,90.02,90.27,14275,84300
2003-04-17,90.39,90.76,89.29,90.7,9555,83983
2003-04-21,90.39,90.39,89.22,89.65,12911,87270
2003-04-22,88.86,89.1,88.37,88.74,15021,87540
2003-04-23,88.37,89.23,87.88,88.98,13601,88447
2003-04-24,87.45,88.12,86.96,88.0,25406,90733
2003-04-25,87.88,88.31,87.39,88.0,26360,92211
2003-04-28,88.31,88.98,87.88,88.0,23122,90329
2003-04-29,88.49,89.47,88.25,89.23,20342,89551
2003-04-30,89.35,89.59,88.86,89.47,10833,79047
2003-05-01,89.29,90.33,88.86,89.29,12873,77172
2003-05-02,88.31,88.49,87.76,88.0,11995,79711
2003-05-05,87.76,88.19,87.51,87.88,2291,79220
2003-05-06,88.25,88.74,88.12,88.61,6615,81212
2003-05-07,89.47,90.21,89.41,89.96,12540,78990
2003-05-08,90.51,91.06,90.27,90.7,11806,77514
2003-05-09,90.33,90.94,90.08,90.39,6425,75779
2003-05-12,90.14,92.16,89.84,92.04,14915,76874
2003-05-13,92.9,93.63,92.53,93.57,14777,73710
2003-05-14,93.33,93.76,92.71,93.14,11161,74520
2003-05-15,93.82,94.0,93.14,93.14,8284,72948
2003-05-16,93.39,93.69,92.9,93.2,10314,76115
2003-05-19,93.45,93.57,93.02,93.45,7226,76840
2003-05-20,92.84,93.57,92.47,93.45,11536,77525
2003-05-21,94.24,94.73,94.06,94.37,11684,78123
2003-05-22,94.98,95.35,93.69,94.0,11661,78271
2003-05-23,93.94,94.06,93.51,93.88,5323,78475
2003-05-27,94.8,95.71,94.73,95.22,8347,80038
2003-05-28,95.16,95.47,93.63,94.24,10464,79013
2003-05-29,94.55,95.22,93.76,94.55,11865,79980
2003-05-30,94.67,95.96,94.49,95.77,18587,80151
2003-06-02,96.2,97.06,96.14,96.69,12376,82899
2003-06-03,96.51,96.94,95.9,95.96,8022,84207
2003-06-04,96.14,96.63,95.22,95.53,8428,83909
2003-06-05,96.02,96.45,95.41,95.77,6008,84318
2003-06-06,96.2,96.33,95.35,95.84,7082,84427
2003-06-09,95.22,95.22,94.0,94.24,11464,82478
2003-06-10,94.55,94.67,93.57,93.88,11367,83001
2003-06-11,94.12,94.24,93.27,93.94,7743,82081
2003-06-12,93.57,94.98,93.39,94.73,7137,81888
2003-06-13,94.24,94.49,92.78,93.14,14748,81183
2003-06-16,92.78,93.51,92.59,93.14,6972,80228
2003-06-17,94.0,95.96,93.63,95.59,15449,80520
2003-06-18,95.84,96.33,95.16,95.22,12836,80213
2003-06-19,95.47,96.02,95.1,95.65,13502,81563
2003-06-20,95.35,95.71,94.12,94.73,8332,81238
2003-06-23,94.43,94.49,93.7,93.94,19329,81567
2003-06-24,93.94,94.31,93.46,94.13,28669,80818
2003-06-25,93.52,93.82,92.36,92.97,42871,78061
2003-06-26,92.67,92.79,92.12,92.12,23052,79459
2003-06-27,92.6,93.03,92.3,92.73,24933,83059
2003-06-30,91.45,91.81,91.02,91.63,11573,74566
2003-07-01,91.21,91.63,90.96,91.39,13594,72785
2003-07-02,91.94,92.79,91.63,92.67,8899,72612
2003-07-03,91.81,91.87,91.33,91.39,5800,70355
2003-07-07,92.6,93.94,92.48,93.82,10996,70705
2003-07-08,93.46,94.19,93.15,93.52,7198,71369
2003-07-09,94.19,95.16,93.7,95.04,11128,72520
2003-07-10,95.34,95.89,94.92,95.1,17392,76903
2003-07-11,94.92,95.46,94.55,94.92,6066,77460
2003-07-14,96.01,97.29,95.77,97.11,16181,80873
2003-07-15,97.17,97.29,96.26,96.62,13650,82166
2003-07-16,97.11,97.11,96.07,96.5,6373,82657
2003-07-17,96.19,97.23,95.04,95.16,14644,83351
2003-07-18,95.34,96.07,95.16,95.77,5266,83079
2003-07-21,95.4,95.4,94.06,94.49,9688,83495
2003-07-22,94.67,94.8,93.7,94.0,7182,83451
2003-07-23,94.55,95.16,94.13,94.8,7674,84736
2003-07-24,95.34,96.74,95.22,96.56,11496,86584
2003-07-25,96.92,98.08,96.68,97.11,17029,92685
2003-07-28,98.63,99.18,98.14,98.26,12931,96327
2003-07-29,98.14,98.69,97.78,98.08,12812,98215
2003-07-30,98.45,98.81,97.23,97.59,11466,99489
2003-07-31,97.9,100.39,97.65,99.85,25243,101642
2003-08-01,100.27,100.33,99.05,99.6,10616,102388
2003-08-04,98.69,98.75,97.72,98.51,8804,100955
2003-08-05,98.45,99.05,98.14,98.38,7494,101260
2003-08-06,98.63,98.81,97.84,97.9,5254,101931
2003-08-07,98.08,99.54,97.65,99.18,10593,101494
2003-08-08,99.66,100.15,96.62,97.53,16684,98212
2003-08-11,97.29,98.2,96.86,98.14,8434,97559
2003-08-12,97.59,97.65,95.65,96.01,19995,94633
2003-08-13,95.28,96.5,95.1,96.38,10132,93268
2003-08-14,95.95,97.84,95.4,97.17,9556,92952
2003-08-15,96.62,97.11,95.4,96.32,3637,93417
2003-08-18,96.5,97.11,96.01,96.86,3637,93417
2003-08-19,97.72,98.26,97.23,97.65,11577,94011
2003-08-20,97.96,98.08,97.11,97.96,15632,94085
2003-08-21,97.29,97.9,96.86,97.65,18477,92145
2003-08-22,98.62,98.8,97.53,97.84,28355,90832
2003-08-25,97.72,98.14,97.47,98.02,21906,90560
2003-08-26,98.5,98.62,96.57,96.81,37652,93229
2003-08-27,96.15,96.69,95.72,96.51,33256,87373
2003-08-28,96.21,96.27,95.18,95.97,23537,88686
2003-08-29,97.05,97.84,96.99,97.78,13435,82340
2003-09-02,98.92,99.28,98.44,98.62,14026,84781
2003-09-03,99.95,100.61,99.4,100.37,16358,90898
2003-09-04,99.77,100.31,98.92,98.98,10006,91796
2003-09-05,99.52,101.15,99.28,100.55,10486,94090
2003-09-08,100.01,100.61,99.46,100.19,10486,94090
2003-09-09,100.01,100.07,98.56,98.92,8081,94004
2003-09-10,98.74,98.86,97.35,97.72,12983,92889
2003-09-11,98.92,100.73,98.74,99.95,10429,93422
2003-09-12,100.01,100.07,98.26,98.44,8285,93176
2003-09-15,99.1,99.77,98.98,99.16,5765,93104
2003-09-16,97.9,98.62,97.72,98.56,9209,91181
2003-09-17,99.28,99.71,98.56,99.58,5504,91997
2003-09-18,98.68,100.07,98.56,100.01,7737,92610
2003-09-19,100.43,100.73,99.83,100.25,7581,93843
2003-09-22,100.67,100.97,100.07,100.31,5756,93862
2003-09-23,100.25,100.31,99.4,99.65,6324,94529
2003-09-24,100.49,100.85,99.95,100.07,6324,94529
2003-09-25,100.01,100.55,99.22,100.43,11354,96359
2003-09-26,99.4,99.52,98.44,99.1,12282,93815
2003-09-29,98.8,99.83,98.32,99.4,11300,93314
2003-09-30,99.16,99.4,98.26,98.74,11300,93314
2003-10-01,99.28,99.83,98.68,99.28,8960,91932
2003-10-02,100.85,100.97,100.01,100.55,13120,96023
2003-10-03,100.97,101.27,100.49,100.97,7374,96827
2003-10-06,101.03,101.09,100.43,101.03,6538,98495
2003-10-07,101.76,102.3,101.45,102.18,14287,101927
2003-10-08,102.42,103.08,102.06,103.08,9038,104013
2003-10-09,103.14,103.81,102.72,102.96,10689,105554
2003-10-10,103.08,104.29,103.08,104.17,9670,108710
2003-10-13,105.13,107.37,104.83,107.06,11753,109608
2003-10-14,106.22,106.88,104.83,105.44,10824,109627
2003-10-15,106.88,108.81,106.16,108.33,8740,110138
2003-10-16,107.37,108.81,107.12,107.85,9827,111740
2003-10-17,107.73,107.97,106.52,107.91,7612,110977
2003-10-20,109.18,110.14,108.87,109.96,8938,111211
2003-10-21,108.87,109.78,108.69,109.3,8937,111559
2003-10-22,110.02,110.38,108.81,110.2,8784,111604
2003-10-23,108.45,109.48,108.09,109.36,10391,112019
2003-10-24,108.27,108.63,106.88,107.73,12155,111462
2003-10-27,108.09,109.54,107.91,109.48,9406,109951
2003-10-28,109.05,109.54,108.69,109.05,5346,109796
2003-10-29,109.54,110.92,109.42,110.86,9855,110518
2003-10-30,111.41,112.79,111.41,112.61,14124,108468
2003-10-31,112.98,113.76,112.79,113.22,14045,107214
2003-11-03,112.79,113.22,111.65,112.55,12073,108154
2003-11-04,112.92,115.57,112.79,115.51,11100,109436
2003-11-05,114.66,115.87,114.18,115.39,12949,108217
2003-11-06,115.45,115.99,112.92,113.4,14473,108884
2003-11-07,113.4,115.21,113.16,113.94,12897,108645
2003-11-10,112.92,113.52,111.65,111.95,13612,109440
2003-11-11,112.79,114.0,112.19,113.94,9431,108854
2003-11-12,113.82,115.21,113.28,114.42,17234,108446
2003-11-13,115.03,115.09,112.61,113.7,19537,110179
2003-11-14,114.3,115.21,114.0,114.79,7214,111156
2003-11-17,114.12,114.36,110.62,110.74,32281,105749
2003-11-18,111.47,112.49,110.92,112.43,20554,102838
2003-11-19,111.11,111.59,110.2,110.68,20756,100128
2003-11-20,107.97,107.97,106.28,106.58,39072,93915
2003-11-21,106.88,108.09,106.04,107.91,37575,91398
2003-11-24,107.61,109.22,107.37,109.1,33590,92125
2003-11-25,108.93,109.4,106.89,106.95,37612,90649
2003-11-26,108.15,109.34,108.15,109.28,11905,89921
2003-12-01,113.47,115.08,112.99,114.9,20550,90791
2003-12-02,114.72,116.82,114.07,116.46,14219,91716
2003-12-03,116.58,118.43,116.4,117.06,13726,91978
2003-12-04,117.29,117.35,115.14,115.38,14542,89430
2003-12-05,116.64,117.06,115.62,116.1,5893,88981
2003-12-08,117.18,118.13,115.62,115.74,6105,88756
2003-12-09,116.94,117.77,116.22,117.06,4725,88432
2003-12-10,116.94,117.71,116.58,117.12,4107,88939
2003-12-11,116.76,117.47,115.56,117.0,7398,88848
2003-12-12,117.59,118.25,117.0,118.13,5521,88591
2003-12-15,118.73,118.97,118.01,118.91,6408,88929
2003-12-16,119.99,120.52,119.21,120.04,11149,90778
2003-12-17,119.45,119.93,118.79,119.15,5200,91276
2003-12-18,120.1,121.78,119.93,121.36,10280,92919
2003-12-19,121.9,122.62,121.48,122.44,6046,92536
2003-12-22,121.36,121.48,120.34,120.34,4905,91634
2003-12-23,120.88,122.56,120.88,121.72,7500,91650
2003-12-24,122.14,122.5,121.3,122.32,3629,90939
2003-12-29,124.35,124.95,124.11,124.77,7880,90257
2003-12-30,123.69,124.83,123.09,124.71,8619,89470
2003-12-31,125.49,125.66,124.77,125.01,4014,88180
2004-01-05,128.77,130.45,128.24,129.97,16911,89746
2004-01-06,130.63,131.04,126.62,128.0,19318,90562
2004-01-07,127.28,128.89,127.04,127.52,12709,92295
2004-01-08,127.22,132.72,127.04,132.54,16472,96344
2004-01-09,131.76,132.36,130.57,131.94,7544,94556
2004-01-12,131.34,131.46,129.13,129.43,9294,91803
2004-01-13,131.1,132.0,129.37,129.79,11244,91442
2004-01-14,130.03,131.88,129.37,130.81,9773,90272
2004-01-15,130.63,131.1,127.58,129.61,12853,88839
2004-01-16,129.73,131.16,129.61,130.81,6619,89009
2004-01-20,132.48,134.09,132.06,133.62,12271,90133
2004-01-21,133.91,134.27,132.84,133.62,7906,89784
2004-01-22,134.87,135.23,133.74,133.91,10537,91717
2004-01-23,133.68,134.75,133.44,134.45,6209,92262
2004-01-26,134.03,134.51,133.02,133.5,6127,92581
2004-01-27,134.03,134.39,132.84,133.2,11211,93722
2004-01-28,135.05,135.59,134.75,135.41,9755,94167
2004-01-29,135.17,135.41,133.74,134.15,10116,92945
2004-01-30,134.81,137.14,134.75,136.96,16347,91042
2004-02-02,137.8,137.98,136.31,136.78,11419,92038
2004-02-03,138.4,139.89,138.1,139.71,8170,91868
2004-02-04,139.65,140.55,139.41,140.43,11461,91267
2004-02-05,140.97,141.81,139.77,140.25,13581,91359
2004-02-06,139.95,141.33,139.65,141.15,12417,91223
2004-02-09,142.46,142.64,141.45,141.81,17159,85884
2004-02-10,142.1,142.16,139.77,140.85,14293,85340
2004-02-11,141.27,145.63,140.85,145.39,19057,86609
2004-02-12,147.07,149.46,146.71,148.44,25811,85231
2004-02-13,148.5,150.53,147.43,148.68,25125,87800
2004-02-17,154.24,156.99,153.4,155.44,22560,87694
2004-02-18,161.77,161.77,152.51,155.62,29390,87210
2004-02-19,157.59,159.14,155.68,158.96,17977,85857
2004-02-20,156.99,157.95,155.08,156.45,20080,83739
2004-02-23,156.03,158.19,156.03,157.53,28630,84769
2004-02-24,158.49,159.76,157.35,159.58,35194,89394
2004-02-25,161.92,163.24,155.97,157.65,33659,91882
2004-02-26,159.64,162.76,157.59,162.64,24772,93018
2004-02-27,160.36,162.22,159.88,161.68,15084,83299
2004-03-01,165.04,168.04,164.44,167.98,11846,83998
2004-03-02,166.0,166.72,164.02,165.28,9618,84146
2004-03-03,163.36,163.66,153.15,156.93,24380,79221
2004-03-04,158.19,159.28,155.07,158.86,10070,78425
2004-03-05,156.51,161.32,155.43,161.32,12253,77745
2004-03-08,158.55,159.4,154.35,155.79,9249,77227
2004-03-09,153.63,154.23,150.87,152.79,16605,74980
2004-03-10,154.71,155.31,153.15,154.59,10088,74275
2004-03-11,156.51,160.96,156.27,160.84,12412,75135
2004-03-12,159.28,161.44,156.15,157.77,11608,75635
2004-03-15,161.08,162.34,159.76,162.04,12715,76897
2004-03-16,162.76,164.92,162.04,164.08,23319,77104
2004-03-17,163.24,163.96,161.2,162.22,9015,76763
2004-03-18,163.0,165.52,162.76,164.68,8028,77693
2004-03-19,165.04,166.48,164.56,165.52,5217,77131
2004-03-22,166.12,166.12,162.16,162.52,13221,74717
2004-03-23,161.08,163.36,158.13,163.24,12928,73595
2004-03-24,163.06,164.32,161.8,162.7,9682,74848
2004-03-25,160.48,161.56,158.43,161.38,10783,75595
2004-03-26,161.74,163.0,160.96,161.98,10361,76096
2004-03-29,163.12,163.96,162.4,163.12,9786,77399
2004-03-30,164.2,164.2,160.0,161.2,11509,82822
2004-03-31,162.4,163.6,160.12,163.36,13619,74468
2004-04-01,164.8,165.22,163.12,164.68,13321,76626
2004-04-02,164.92,165.4,159.88,161.8,20651,78071
2004-04-05,160.96,160.96,154.71,157.29,16941,77314
2004-04-06,157.65,158.8,156.63,158.43,8806,76267
2004-04-07,157.71,158.43,155.55,157.23,11411,77132
2004-04-08,156.39,156.87,155.19,156.75,12576,75631
2004-04-12,155.55,155.67,151.47,154.77,14938,74015
2004-04-13,153.63,153.93,151.59,153.75,16904,70917
2004-04-14,154.23,156.15,151.23,155.55,19341,67567
2004-04-15,154.35,155.55,153.03,154.77,8691,70189
2004-04-16,155.07,161.92,154.83,161.26,19477,72027
2004-04-19,161.32,163.72,161.08,163.24,14031,74811
2004-04-20,159.88,160.24,156.51,157.35,14889,74361
2004-04-21,150.63,150.63,144.74,147.44,25752,71456
2004-04-22,148.1,148.7,146.0,147.44,15075,67563
2004-04-23,149.06,149.78,147.5,149.18,11818,68786
2004-04-26,149.54,149.78,147.98,149.12,18925,69136
2004-04-27,149.06,149.18,147.26,148.58,18666,69318
2004-04-28,143.3,143.3,139.34,141.2,29108,65268
2004-04-29,141.74,143.48,141.14,143.12,21119,65506
2004-04-30,143.66,145.7,143.54,144.92,7796,64185
2004-05-03,145.52,148.22,145.52,147.08,9337,65192
2004-05-04,147.86,148.34,147.02,147.44,5128,65438
2004-05-05,147.74,149.3,147.02,149.06,7893,65282
2004-05-06,150.14,150.26,147.14,148.46,10123,64188
2004-05-07,146.06,146.42,141.86,142.88,14349,64353
2004-05-10,139.82,140.42,137.78,140.12,12687,63134
2004-05-11,141.5,143.42,140.9,143.3,10363,63658
2004-05-12,142.94,144.02,141.98,142.52,7669,63747
2004-05-13,141.5,142.1,140.18,141.5,7249,63760
2004-05-14,141.14,143.54,140.06,141.38,7986,64450
2004-05-17,139.94,140.66,136.58,137.36,8140,63976
2004-05-18,137.06,138.5,136.46,138.44,8899,64357
2004-05-19,139.46,143.78,138.86,143.6,13298,64487
2004-05-20,140.42,142.94,140.18,142.4,7341,63396
2004-05-21,145.7,147.5,145.7,146.66,15386,66314
2004-05-24,146.9,149.96,146.9,148.1,9373,66563
2004-05-25,147.62,149.06,146.9,148.1,7391,68371
2004-05-26,148.58,149.78,147.08,147.8,11640,68850
2004-05-27,150.02,153.87,149.9,152.78,16470,70828
2004-05-28,152.18,154.23,152.06,153.32,13181,71213
2004-06-01,155.07,156.03,154.47,155.13,12217,71536
2004-06-02,155.79,156.03,149.12,149.78,13960,71182
2004-06-03,150.38,151.58,148.94,149.54,7151,70292
2004-06-04,146.54,148.22,144.98,147.8,9621,69370
2004-06-07,150.74,152.18,150.38,151.88,10875,69781
2004-06-08,148.82,149.54,147.26,148.52,13961,67204
2004-06-09,146.78,147.26,139.34,139.76,24197,64061
2004-06-10,140.78,141.26,134.6,140.78,21168,63416
2004-06-14,139.1,139.46,136.7,138.32,13995,63707
2004-06-15,136.22,143.66,135.38,142.94,11420,62719
2004-06-16,140.66,141.56,138.98,141.5,8670,62229
2004-06-17,143.06,144.14,141.14,143.9,9413,63409
2004-06-18,142.94,144.26,141.86,143.12,9436,64884
2004-06-21,144.02,144.02,141.98,143.42,9062,66138
2004-06-22,140.2,140.55,137.69,139.54,13792,66825
2004-06-23,140.55,143.24,139.84,143.01,13394,64457
2004-06-24,142.71,147.13,141.99,146.29,27347,65180
2004-06-25,145.81,145.81,142.71,144.62,10851,60784
2004-06-28,144.38,145.57,143.78,144.68,12564,60426
2004-06-29,143.54,144.02,139.6,140.44,16656,57873
2004-06-30,143.42,145.46,142.83,144.38,11131,57420
2004-07-01,144.62,147.49,144.14,146.05,7903,56544
2004-07-02,144.92,147.01,144.74,145.81,5332,56714
2004-07-06,147.49,148.32,142.83,145.57,9952,58133
2004-07-07,147.85,150.59,147.25,150.0,11041,58137
2004-07-08,148.08,150.3,147.85,149.52,8994,59800
2004-07-09,151.19,154.18,150.65,153.1,12337,63321
2004-07-12,154.3,155.38,152.39,152.69,8723,66536
2004-07-13,154.42,154.54,151.07,152.75,7411,66740
2004-07-14,152.39,154.06,152.03,152.63,6518,67391
2004-07-15,153.34,154.54,152.87,153.88,6242,68085
2004-07-16,155.38,157.17,154.06,156.63,11071,68835
2004-07-19,156.33,156.45,155.14,155.97,5558,69628
2004-07-20,155.38,155.61,151.91,153.64,11364,69505
2004-07-21,152.15,152.75,150.0,152.39,8712,69310
2004-07-22,152.39,154.18,152.27,153.82,9292,69586
2004-07-23,147.85,149.52,147.25,149.16,13130,66593
2004-07-26,149.76,150.95,149.04,149.4,6603,66495
2004-07-27,149.28,149.76,145.4,145.93,10189,65605
2004-07-28,148.2,152.98,147.97,151.91,18932,68126
2004-07-29,152.51,154.78,151.43,154.6,12010,67234
2004-07-30,155.02,156.93,154.66,156.33,17101,69642
2004-08-02,155.73,158.36,154.78,156.03,12515,70023
2004-08-03,154.78,155.97,153.88,155.73,8488,71515
2004-08-04,154.18,155.49,152.39,154.72,10303,70529
2004-08-05,156.09,156.51,152.03,152.98,10714,70960
2004-08-06,153.22,154.42,152.15,152.75,10697,70191
2004-08-09,150.36,150.36,147.13,148.38,19447,65847
2004-08-10,149.04,150.36,148.8,150.24,10999,65598
2004-08-11,152.03,152.39,149.52,152.09,12093,65856
2004-08-12,151.43,153.58,150.95,151.49,13222,67780
2004-08-13,151.79,159.56,151.43,157.53,29195,74863
2004-08-16,158.6,158.96,155.61,157.23,8385,77690
2004-08-17,157.05,157.17,155.26,156.27,15336,78129
2004-08-18,153.82,153.82,149.4,151.85,22729,73439
2004-08-19,152.39,154.42,151.79,154.36,16212,73448
2004-08-20,151.79,152.87,150.24,151.61,13881,73652
2004-08-23,150.95,151.19,147.0,148.62,21916,71791
2004-08-24,149.75,150.35,148.32,148.62,13023,69773
2004-08-25,146.52,148.56,145.92,148.5,15261,69673
2004-08-26,149.4,150.83,148.68,149.7,8634,69611
2004-08-27,151.07,153.11,149.99,150.77,13076,69439
2004-08-30,151.55,152.39,150.53,151.37,12343,70836
2004-08-31,152.63,153.83,150.95,153.35,11830,73755
2004-09-01,151.79,152.99,151.55,152.87,7337,74357
2004-09-02,151.49,151.49,148.2,149.4,13199,71891
2004-09-03,148.56,149.28,146.04,148.38,13044,70211
2004-09-07,148.38,153.17,147.84,152.27,13595,72214
2004-09-08,150.47,151.07,148.56,150.41,6606,70583
2004-09-09,149.4,151.43,149.28,151.31,4591,70082
2004-09-10,153.59,154.66,152.63,153.23,12146,73482
2004-09-13,152.63,154.06,152.27,153.83,6303,74527
2004-09-14,152.33,153.59,151.19,153.23,6894,75040
2004-09-15,153.17,153.94,151.55,152.21,5172,74799
2004-09-16,155.38,156.7,155.02,155.8,15974,77999
2004-09-17,156.1,156.46,154.42,155.86,5982,80091
2004-09-20,156.34,158.01,155.98,157.95,9771,82542
2004-09-21,160.41,161.55,159.57,160.59,14803,85631
2004-09-22,160.53,164.24,159.69,163.94,13330,88739
2004-09-23,161.73,162.92,161.25,162.56,9965,91336
2004-09-24,162.32,163.16,161.01,162.5,7386,92653
2004-09-27,164.54,165.32,163.88,164.96,8245,93338
2004-09-28,164.36,164.84,162.62,163.94,9665,93997
2004-09-29,164.36,167.11,164.12,166.75,15386,94755
2004-09-30,167.47,168.55,165.26,167.11,12653,96681
2004-10-01,166.75,168.07,166.04,168.07,10916,98813
2004-10-04,166.45,167.53,165.32,167.23,6848,99775
2004-10-05,167.71,168.19,166.27,167.77,7244,100292
2004-10-06,169.63,170.94,169.27,170.34,10451,101748
2004-10-07,170.11,172.2,169.93,170.88,4921,102465
2004-10-08,172.74,177.41,172.26,175.91,12387,103229
2004-10-11,175.13,176.81,174.89,175.79,5539,103186
2004-10-12,172.26,173.46,170.34,173.34,8370,103422
2004-10-13,159.81,160.71,152.03,154.18,32590,91610
2004-10-14,152.03,154.18,149.99,151.97,23040,84112
2004-10-15,154.54,157.3,154.18,156.7,13685,79066
2004-10-18,155.74,156.22,152.03,153.71,11435,75683
2004-10-19,155.02,156.58,154.3,155.26,7171,74501
2004-10-20,155.38,156.46,151.43,155.8,11450,73745
2004-10-21,157.18,158.13,155.2,157.24,7358,73186
2004-10-22,156.46,156.82,153.23,156.28,6666,73409
2004-10-25,154.78,155.62,150.41,152.81,10666,73139
2004-10-26,153.35,154.78,152.63,153.41,5864,72971
2004-10-27,153.59,155.02,152.63,154.18,8812,71832
2004-10-28,150.83,151.79,149.4,150.05,15304,68511
2004-10-29,152.63,160.23,152.63,160.11,24226,69665
2004-11-01,157.54,158.73,156.22,156.52,22191,69699
2004-11-02,156.58,158.61,155.86,158.07,10469,69692
2004-11-03,158.19,159.75,158.07,159.21,8508,71309
2004-11-04,161.37,162.56,160.65,161.49,10724,72924
2004-11-05,161.25,164.6,160.53,163.16,18603,74262
2004-11-08,164.36,164.96,162.2,162.98,12202,75326
2004-11-09,163.52,164.9,160.77,164.66,13347,75539
2004-11-10,164.6,165.68,161.73,163.16,15231,76021
2004-11-11,164.0,166.04,163.88,164.3,11640,77953
2004-11-12,166.04,167.11,165.08,166.93,12775,80141
2004-11-15,166.39,166.87,164.6,166.1,9825,80675
2004-11-16,164.48,164.6,162.2,163.88,12034,80861
2004-11-17,166.51,168.97,166.39,168.85,16125,83048
2004-11-18,170.58,171.42,169.39,170.58,19464,85416
2004-11-19,169.39,171.54,169.15,171.42,21440,89230
2004-11-22,170.52,170.52,167.73,170.03,33719,92539
2004-11-23,171.97,172.21,170.27,171.06,24059,93862
2004-11-24,172.81,173.42,172.09,173.12,21631,96247
2004-11-29,173.9,175.59,173.54,174.2,20680,96698
2004-11-30,174.14,175.11,172.21,173.42,14553,97637
2004-12-01,173.42,174.75,173.18,174.08,14316,98126
2004-12-02,172.21,172.45,165.68,166.28,20088,94226
2004-12-03,166.28,168.46,164.59,168.28,11975,92317
2004-12-06,165.8,167.49,165.07,167.43,5070,92131
2004-12-07,168.7,168.7,162.17,163.5,11375,90604
2004-12-08,159.75,159.87,156.97,159.09,19271,85959
2004-12-09,158.42,159.63,157.09,159.45,10706,84100
2004-12-10,159.75,161.2,159.63,160.54,6598,83933
2004-12-13,162.65,164.95,162.05,164.05,6428,83507
2004-12-14,164.11,165.92,163.86,164.95,6810,83533
2004-12-15,167.13,167.85,164.77,167.67,9400,82895
2004-12-16,169.31,170.27,166.77,168.1,12280,84631
2004-12-17,167.85,169.31,167.61,169.25,4825,84728
2004-12-20,169.91,171.85,169.55,171.78,6688,84603
2004-12-21,171.6,174.63,169.55,174.45,10750,86174
2004-12-22,175.72,176.08,169.67,170.45,13791,89471
2004-12-23,169.18,172.09,168.82,172.03,9683,92693
2004-12-27,172.45,174.14,171.97,174.08,3986,93165
2004-12-28,173.42,176.08,173.3,175.72,7253,93230
2004-12-29,174.99,175.72,173.3,174.75,11487,93004
2004-12-30,174.87,175.96,174.14,175.65,5098,93495
2005-01-03,176.32,178.68,176.32,178.19,12017,96755
2005-01-04,170.03,170.15,160.05,162.41,30988,87161
2005-01-05,163.38,166.28,163.14,166.28,11261,83863
2005-01-06,164.95,167.49,164.59,166.28,9767,82964
2005-01-07,167.13,167.85,165.13,165.68,9382,82382
2005-01-10,165.44,166.65,164.59,165.62,5009,81439
2005-01-11,167.85,169.91,167.37,168.94,9244,81259
2005-01-12,169.06,171.0,168.34,169.79,6877,81700
2005-01-13,169.31,169.55,166.4,167.01,7022,80609
2005-01-14,167.37,169.31,166.65,169.18,4768,81050
2005-01-18,168.1,169.91,165.92,169.49,7185,81248
2005-01-19,170.64,172.09,169.79,170.45,11227,83443
2005-01-20,169.91,171.12,169.18,171.12,6989,84586
2005-01-21,172.33,174.14,171.97,173.48,11084,86685
2005-01-24,173.78,174.63,172.21,172.93,6246,86690
2005-01-25,172.09,173.05,170.52,172.81,9295,87458
2005-01-26,172.69,173.78,171.97,173.6,8844,89393
2005-01-27,172.21,173.05,170.88,172.57,11925,89305
2005-01-28,173.54,174.75,172.69,173.96,11421,89788
2005-01-31,173.42,173.78,172.09,173.54,25385,89689
2005-02-01,172.33,172.57,169.67,171.24,14948,88810
2005-02-02,171.48,171.6,167.61,168.52,15247,87799
2005-02-03,167.25,168.34,163.98,167.92,16699,85834
2005-02-04,167.49,167.85,165.44,166.34,10147,85850
2005-02-07,167.13,169.43,166.77,167.92,14303,85470
2005-02-08,167.61,168.58,166.04,167.85,14850,85163
2005-02-09,167.13,167.73,165.8,167.73,13515,84952
2005-02-10,168.82,172.69,167.37,172.33,22864,88243
2005-02-11,171.48,172.21,170.27,172.03,13358,88602
2005-02-14,172.45,175.11,172.33,174.08,17867,92643
2005-02-15,175.35,176.5,175.17,176.38,28481,95044
2005-02-16,175.17,175.47,172.33,175.11,20001,96684
2005-02-17,175.11,181.4,173.42,180.61,38688,104186
2005-02-18,179.22,180.79,178.98,180.43,32875,106315
2005-02-22,182.07,182.19,179.52,180.61,37211,108804
2005-02-23,179.76,181.46,178.67,181.34,29432,110833
2005-02-24,180.37,180.49,176.61,179.52,22061,112791
2005-02-25,179.04,180.37,175.16,180.25,17252,113239
2005-02-28,181.46,182.31,180.61,181.77,12150,113193
2005-03-01,180.61,181.22,176.85,177.64,11658,112973
2005-03-02,176.13,179.89,175.88,179.16,11528,112239
2005-03-03,178.19,180.25,178.07,179.04,8554,113629
2005-03-04,180.49,182.8,180.37,181.22,11437,115318
2005-03-07,180.61,182.43,179.76,181.52,9943,117216
2005-03-08,183.77,184.5,181.22,181.89,12334,118035
2005-03-09,181.34,183.04,179.16,182.37,12097,118895
2005-03-10,180.49,181.77,178.92,181.46,13058,117407
2005-03-11,179.16,181.22,176.61,179.4,11823,116248
2005-03-14,179.64,179.89,176.49,178.37,12280,113485
2005-03-15,179.89,182.55,179.04,180.8,12615,114956
2005-03-16,183.22,183.65,181.71,182.68,13143,116246
2005-03-17,183.16,183.16,181.04,182.49,10034,116656
2005-03-18,181.34,184.25,180.61,182.8,13780,119147
2005-03-21,181.83,182.07,178.55,180.61,13088,118180
2005-03-22,181.83,182.92,181.34,181.64,14766,120517
2005-03-23,179.64,180.13,175.03,175.22,28705,115347
2005-03-24,176.61,177.95,175.76,176.31,13818,113830
2005-03-28,176.97,177.4,175.7,176.43,7011,112800
2005-03-29,177.7,179.28,177.52,178.37,14050,114349
2005-03-30,178.37,181.1,178.07,180.98,17445,116235
2005-03-31,180.98,183.89,180.86,182.25,25014,119030
2005-04-01,179.89,181.46,178.43,180.07,17454,118614
2005-04-04,179.76,181.46,178.31,181.34,12334,119922
2005-04-05,178.92,180.25,177.64,180.07,16615,119690
2005-04-06,181.34,183.4,179.89,182.98,16267,122891
2005-04-07,183.16,183.65,181.95,182.74,19630,127339
2005-04-08,182.07,183.59,181.22,182.86,18388,129253
2005-04-11,184.68,185.28,184.01,184.98,17352,131327
2005-04-12,185.59,186.31,181.1,181.46,24944,132104
2005-04-13,178.43,178.43,175.03,177.04,38048,127151
2005-04-14,172.0,174.55,171.03,173.28,30814,121138
2005-04-15,174.18,176.61,173.46,175.28,19499,118204
2005-04-18,174.55,175.28,172.97,175.28,18315,118285
2005-04-19,176.61,178.79,175.88,178.49,18544,117163
2005-04-20,180.73,183.28,179.7,183.1,27052,119640
2005-04-21,179.16,180.43,178.49,179.95,38638,120562
2005-04-22,180.43,181.41,180.31,180.43,15005,118843
2005-04-25,178.37,180.55,176.85,180.43,26523,117778
2005-04-26,180.31,181.04,176.42,177.51,25201,116212
2005-04-27,178.0,178.0,172.29,175.45,29768,113078
2005-04-28,175.45,175.93,173.26,175.57,27825,107328
2005-04-29,177.15,178.55,176.54,178.0,11633,107070
2005-05-02,177.64,177.64,174.84,176.91,7535,107015
2005-05-03,175.2,176.79,174.11,175.51,10657,107401
2005-05-04,173.62,174.72,171.31,173.75,16292,106035
2005-05-05,173.62,175.33,172.17,173.87,12273,105630
2005-05-06,176.06,176.3,173.38,175.2,8124,105515
2005-05-09,176.91,177.76,175.69,175.87,9404,104196
2005-05-10,176.54,177.51,175.39,177.15,7414,104321
2005-05-11,175.57,175.93,174.23,175.39,8115,103981
2005-05-12,172.04,172.41,166.57,167.3,27398,101271
2005-05-13,167.06,167.67,163.41,164.44,23854,97525
2005-05-16,164.63,164.87,161.71,163.65,16777,94911
2005-05-17,163.53,165.6,163.41,163.96,12673,94172
2005-05-18,165.48,167.54,164.99,167.3,13878,93287
2005-05-19,166.94,167.54,165.48,165.72,9620,93790
2005-05-20,167.06,167.18,164.51,167.18,9500,94325
2005-05-23,166.27,169.61,165.96,168.82,14739,93043
2005-05-24,170.58,172.17,169.98,170.83,13337,91941
2005-05-25,170.83,172.65,170.58,172.59,13865,90855
2005-05-26,171.56,176.91,171.44,176.24,24515,91773
2005-05-27,176.66,177.27,174.96,176.42,11529,90076
2005-05-31,173.62,177.27,173.38,177.09,16900,92253
2005-06-01,176.3,180.92,175.08,180.62,21243,93511
2005-06-02,180.68,185.05,180.55,184.38,26994,94129
2005-06-03,188.09,190.65,187.24,189.37,25637,98396
2005-06-06,190.04,191.13,188.94,190.16,15193,99152
2005-06-07,191.5,191.74,187.18,187.61,23688,99573
2005-06-08,188.21,188.7,185.9,187.97,20698,102860
2005-06-09,188.21,188.58,186.27,188.09,15257,103130
2005-06-10,189.43,190.04,187.73,189.98,18251,102971
2005-06-13,189.31,190.16,186.39,187.18,22086,104732
2005-06-14,188.46,188.58,184.81,185.6,23690,104947
2005-06-15,187.73,188.94,186.94,188.34,13507,105291
2005-06-16,191.19,192.71,189.73,190.83,23494,107087
2005-06-17,194.54,195.75,192.96,195.02,25041,111347
2005-06-20,194.9,195.14,192.35,193.02,24174,112378
2005-06-21,192.71,194.54,191.01,193.62,38718,112051
2005-06-22,191.09,192.08,190.22,191.15,24463,112061
2005-06-23,185.52,189.36,185.52,188.92,24045,111934
2005-06-24,191.71,192.57,189.85,191.77,23684,112903
2005-06-27,192.08,193.93,191.09,193.32,18509,111940
2005-06-28,191.83,192.7,191.21,192.2,16020,112939
2005-06-29,190.22,193.44,189.98,193.19,13546,112843
2005-06-30,192.94,194.68,186.14,186.76,17766,110883
2005-07-01,187.75,194.86,180.58,182.25,23717,103115
2005-07-05,183.92,187.01,183.73,186.64,11333,102082
2005-07-06,188.12,190.29,186.88,189.23,8759,102062
2005-07-07,187.75,190.22,187.38,189.91,7248,103119
2005-07-08,191.46,193.69,191.09,192.45,8203,103814
2005-07-11,192.2,195.67,191.77,193.07,11789,106257
2005-07-12,193.07,193.93,188.62,190.35,9669,106406
2005-07-13,193.69,194.12,189.85,191.65,11518,107812
2005-07-14,192.94,194.8,190.84,191.34,11301,108706
2005-07-15,191.58,193.81,190.84,193.19,16307,108713
2005-07-18,194.18,196.53,193.32,193.75,10576,110199
2005-07-19,193.32,196.35,193.07,196.22,8723,111141
2005-07-20,196.28,197.52,195.29,196.84,7162,110470
2005-07-21,197.64,198.63,193.81,194.18,13587,110016
2005-07-22,196.41,199.31,195.54,198.32,12437,112895
2005-07-25,198.88,200.3,198.08,200.12,11254,113828
2005-07-26,199.25,199.99,198.2,198.63,10481,114252
2005-07-27,199.5,202.22,199.01,201.23,15880,115432
2005-07-28,200.98,204.57,199.87,203.95,12994,115938
2005-07-29,203.77,204.57,202.34,203.4,14979,116856
2005-08-01,202.84,205.81,201.48,205.68,17254,117706
2005-08-02,205.07,206.24,203.58,205.62,16017,117895
2005-08-03,205.68,206.8,204.45,206.74,13353,119155
2005-08-04,205.0,205.56,203.58,204.63,12745,120288
2005-08-05,205.68,205.93,203.46,203.95,20245,119794
2005-08-08,202.59,204.57,202.34,203.64,15717,120014
2005-08-09,200.12,200.49,197.71,198.82,29187,113439
2005-08-10,200.74,203.46,200.74,202.16,20255,111890
2005-08-11,200.98,203.95,199.75,203.7,19624,110655
2005-08-12,206.43,208.9,206.3,207.29,16906,109133
2005-08-15,207.66,211.25,207.42,211.19,16104,108948
2005-08-16,211.0,214.96,210.38,212.05,19601,105061
2005-08-17,208.4,208.4,201.91,204.94,27794,102398
2005-08-18,205.31,208.4,204.76,205.19,15073,101493
2005-08-19,205.44,206.18,204.2,205.19,27869,101977
2005-08-22,205.7,209.39,205.57,208.88,25588,104051
2005-08-23,207.48,209.39,206.97,209.14,15062,102608
2005-08-24,208.12,208.37,205.44,206.72,22843,105001
2005-08-25,206.84,207.23,204.17,204.43,20528,105510
2005-08-26,207.48,209.39,206.59,209.14,15374,106695
2005-08-29,208.75,210.66,205.06,206.4,17572,105071
2005-08-30,209.26,210.54,208.24,209.64,15567,104766
2005-08-31,210.28,210.28,205.06,206.14,15536,104426
2005-09-01,207.23,210.03,205.7,209.77,12529,106241
2005-09-02,214.23,215.24,212.19,213.02,12147,106064
2005-09-06,213.59,214.1,210.03,211.43,8091,105839
2005-09-07,211.81,211.94,208.82,209.64,8428,105205
2005-09-08,210.03,210.92,205.06,206.02,13440,103398
2005-09-09,204.93,204.93,201.75,204.17,14763,99196
2005-09-12,206.08,209.64,204.17,209.26,12095,99151
2005-09-13,206.72,207.73,204.93,206.91,7733,99329
2005-09-14,206.33,206.65,203.66,205.06,10060,98485
2005-09-15,204.55,205.06,202.26,204.23,12440,98872
2005-09-16,204.04,204.55,200.8,202.77,12723,98833
2005-09-19,203.53,210.98,202.77,210.6,17661,100420
2005-09-20,212.19,216.14,211.62,212.06,16230,100852
2005-09-21,215.12,217.54,213.84,217.22,12948,101268
2005-09-22,218.81,219.57,216.77,217.66,11079,102614
2005-09-23,219.45,219.95,215.37,216.2,10392,102579
2005-09-26,218.05,221.48,217.73,221.04,12220,104239
2005-09-27,218.55,220.97,218.3,219.95,13557,104395
2005-09-28,220.21,222.75,219.19,222.5,16587,105459
2005-09-29,221.1,223.2,220.59,221.42,8023,106388
2005-09-30,221.04,221.16,218.94,219.89,9587,106979
2005-10-03,219.7,224.03,219.45,223.9,9969,108288
2005-10-04,223.39,225.05,222.75,224.79,7588,107932
2005-10-05,224.41,227.72,224.28,227.4,9710,109485
2005-10-06,226.83,227.85,225.56,226.96,8494,109974
2005-10-07,228.48,230.26,227.59,230.2,9468,111023
2005-10-10,231.03,231.98,229.76,229.88,6775,110264
2005-10-11,230.9,233.96,230.77,233.57,8953,111629
2005-10-12,232.17,232.81,228.1,228.29,10667,110673
2005-10-13,228.36,228.36,224.16,224.66,11896,109105
2005-10-14,223.39,224.41,221.1,223.58,15410,107575
2005-10-17,228.1,233.19,227.46,231.79,14138,107459
2005-10-18,231.79,232.68,230.26,232.37,10026,107427
2005-10-19,231.41,231.54,227.66,229.88,13995,106599
2005-10-20,234.21,236.5,227.85,228.23,18789,104841
2005-10-21,225.43,228.86,219.25,228.23,26626,100409
2005-10-24,225.05,227.34,222.75,227.15,10474,101410
2005-10-25,228.36,232.3,227.46,232.24,10816,102512
2005-10-26,232.94,234.85,226.83,231.41,18086,104119
2005-10-27,230.52,232.05,228.48,229.63,15436,103832
2005-10-28,225.94,231.67,225.56,231.67,10561,104396
2005-10-31,231.92,232.68,229.18,230.52,17357,104644
2005-11-01,230.01,233.57,226.96,231.16,18973,105650
2005-11-02,231.41,233.32,231.28,233.0,11558,106426
2005-11-03,233.7,234.47,231.67,232.56,20462,108840
2005-11-04,234.85,235.99,233.32,234.97,15475,109717
2005-11-07,234.72,235.74,232.68,235.17,21054,110371
2005-11-08,232.49,234.34,232.49,233.96,19450,109378
2005-11-09,234.21,235.1,232.05,233.13,20003,108806
2005-11-10,234.21,238.67,234.08,238.22,27945,113159
2005-11-11,240.89,242.61,240.19,242.55,26867,114334
2005-11-14,241.59,244.52,241.47,243.57,21544,114508
2005-11-15,242.99,247.0,242.87,245.92,17348,114189
2005-11-16,242.87,246.69,241.98,246.3,22872,114082
2005-11-17,247.58,248.21,243.76,247.7,23090,115337
2005-11-18,249.61,252.03,249.61,251.78,26094,111884
2005-11-21,249.61,251.9,247.96,251.2,34894,112501
2005-11-22,249.1,249.5,242.0,242.86,41754,113630
2005-11-23,240.95,245.03,240.23,244.63,27597,111228
2005-11-28,249.1,251.34,248.18,251.2,26398,109441
2005-11-29,250.55,253.31,249.63,251.27,19349,108347
2005-11-30,252.39,253.7,251.34,253.18,15531,107682
2005-12-01,255.67,262.9,254.62,262.84,20043,108064
2005-12-02,260.73,263.1,259.88,260.41,13595,106027
2005-12-05,260.8,263.95,260.14,263.89,6041,105716
2005-12-06,260.01,262.11,259.75,261.19,6938,105746
2005-12-07,264.74,267.11,262.77,267.04,8813,105933
2005-12-08,266.19,267.64,264.87,266.85,6558,105509
2005-12-09,267.11,267.11,266.12,266.85,5449,105358
2005-12-12,266.72,267.24,260.34,261.06,10709,104651
2005-12-13,265.14,267.64,263.56,266.39,11694,104891
2005-12-14,265.93,266.85,257.71,258.89,12491,103188
2005-12-15,259.62,264.28,258.57,263.03,6726,103113
2005-12-16,264.61,267.11,264.09,266.72,7722,102174
2005-12-19,266.06,267.11,264.22,264.61,5644,101990
2005-12-20,265.14,265.93,263.56,265.53,6433,101998
2005-12-21,264.48,265.66,261.98,265.2,9341,102380
2005-12-22,265.14,267.31,264.61,266.26,8279,102407
2005-12-23,267.37,268.29,266.85,268.1,6967,103401
2005-12-27,271.45,272.04,270.79,271.78,8028,103119
2005-12-28,272.1,272.37,270.0,271.97,9031,103577
2005-12-29,268.69,268.95,266.32,268.88,8618,103529
2005-12-30,267.64,270.13,266.19,268.42,7660,102963
2006-01-03,266.72,269.87,264.48,269.28,12524,103466
2006-01-04,276.31,277.36,273.29,275.72,12486,104161
2006-01-05,274.08,274.87,270.53,270.86,12100,102731
2006-01-06,269.34,275.39,268.42,274.21,11369,103857
2006-01-09,276.31,278.68,275.13,275.65,12847,103144
2006-01-10,277.49,278.28,274.87,276.97,10035,101982
2006-01-11,276.44,277.63,275.26,275.39,7290,101319
2006-01-12,275.13,275.39,273.42,274.41,9414,101629
2006-01-13,275.72,278.74,274.47,277.69,9195,100557
2006-01-17,275.79,278.28,274.93,277.49,8064,100702
2006-01-18,276.31,279.93,275.39,278.68,9129,101471
2006-01-19,279.33,279.99,276.71,277.49,8168,101585
2006-01-20,277.1,278.41,273.75,274.73,12103,100309
2006-01-23,277.23,279.33,277.1,278.61,10477,101388
2006-01-24,277.1,283.02,276.18,282.95,18494,102580
2006-01-25,286.24,289.72,286.17,289.65,17912,102661
2006-01-26,288.67,289.98,288.01,289.39,11275,103982
2006-01-27,291.56,294.12,291.03,293.53,12886,103451
2006-01-30,293.14,293.66,292.22,293.07,9292,102523
2006-01-31,292.74,293.53,289.98,292.94,19235,101294
2006-02-01,294.06,295.77,292.35,295.63,17326,102073
2006-02-02,296.95,304.31,296.03,303.52,19118,100320
2006-02-03,302.34,304.44,301.29,303.39,15582,101058
2006-02-06,301.02,306.94,301.02,306.28,12702,101341
2006-02-07,305.62,305.89,299.18,299.45,27257,99049
2006-02-08,297.87,302.6,297.08,298.99,21845,98002
2006-02-09,302.73,304.7,302.08,303.0,15632,96177
2006-02-10,298.92,299.51,287.29,292.41,28954,91997
2006-02-13,293.86,295.24,291.95,293.66,22124,92492
2006-02-14,296.82,299.18,295.11,297.93,18748,92717
2006-02-15,293.6,294.85,285.91,288.01,21755,92786
2006-02-16,283.15,293.01,281.31,292.15,24758,90471
2006-02-17,293.66,293.66,288.93,289.32,19772,88707
2006-02-21,293.79,300.5,293.79,298.86,34095,89954
2006-02-22,295.75,299.58,294.43,298.59,26758,91089
2006-02-23,295.48,295.62,290.06,290.79,19317,91331
2006-02-24,294.69,295.75,290.59,291.78,18943,91070
2006-02-27,285.57,285.57,279.88,281.67,24560,86674
2006-02-28,284.51,289.8,284.51,288.01,12158,85356
2006-03-01,287.95,296.14,287.68,295.55,13232,86468
2006-03-02,298.39,300.51,297.47,299.78,10964,87412
2006-03-03,300.11,301.04,298.66,299.32,9770,87376
2006-03-06,298.39,298.52,289.01,290.39,11422,86156
2006-03-07,290.99,291.52,285.04,287.82,18154,85611
2006-03-08,284.38,286.89,282.66,286.03,12864,86484
2006-03-09,290.86,291.91,288.61,290.26,8806,87648
2006-03-10,288.34,292.58,284.91,292.18,11729,88804
2006-03-13,294.56,297.47,292.64,296.87,7413,89676
2006-03-14,295.35,298.92,292.84,298.0,12291,91472
2006-03-15,298.92,301.96,297.47,297.53,11587,93371
2006-03-16,297.86,300.38,295.48,299.52,9751,94024
2006-03-17,304.08,312.41,303.61,312.01,17070,96144
2006-03-20,309.5,310.82,308.44,308.57,13680,97326
2006-03-21,313.6,313.86,307.12,307.25,9322,97150
2006-03-22,307.51,310.69,306.99,309.23,10434,97783
2006-03-23,311.35,317.17,310.16,317.03,13294,97728
2006-03-24,314.92,318.88,314.79,316.57,11075,97212
2006-03-27,316.9,322.32,316.9,321.26,13357,97243
2006-03-28,320.21,322.19,319.68,321.07,12429,97486
2006-03-29,318.49,324.17,318.22,322.39,13650,98701
2006-03-30,324.04,329.73,322.85,328.47,13309,99080
2006-03-31,331.18,331.84,323.51,325.63,18875,100504
2006-04-03,333.82,338.52,332.96,336.8,13965,100335
2006-04-04,334.35,337.79,333.96,335.21,14371,100249
2006-04-05,341.49,343.74,339.77,343.21,14332,99272
2006-04-06,345.99,350.22,345.06,349.89,15083,98801
2006-04-07,349.03,349.95,341.95,349.09,23959,98135
2006-04-10,355.64,358.55,354.85,358.15,19469,96693
2006-04-11,358.02,360.53,356.7,359.8,20169,97705
2006-04-12,362.51,370.18,361.06,366.41,24661,99225
2006-04-13,369.39,372.69,367.93,372.23,22717,99035
2006-04-17,384.06,385.65,380.1,382.74,15856,98722
2006-04-18,389.75,393.32,384.72,392.79,23235,99934
2006-04-19,390.81,394.64,385.45,391.27,31742,101040
2006-04-20,390.01,391.6,374.15,391.6,26717,100797
2006-04-21,399.93,415.4,395.3,415.2,24037,97953
2006-04-24,410.99,414.33,408.19,411.53,24250,99000
2006-04-25,423.67,438.22,420.27,436.68,30098,96336
2006-04-26,434.35,443.02,432.34,442.22,28509,90867
2006-04-27,431.54,444.35,421.67,424.47,18222,88054
2006-04-28,431.68,438.35,426.34,429.74,15553,86549
2006-05-01,441.69,443.69,434.35,443.09,7344,85840
2006-05-02,439.68,440.35,431.01,437.22,12244,85352
2006-05-03,433.95,441.69,429.01,441.02,8883,85179
2006-05-04,451.03,467.71,451.03,464.3,13950,84596
2006-05-05,468.37,473.71,460.37,466.17,10295,84163
2006-05-08,457.7,467.71,457.03,467.24,8716,83758
2006-05-09,468.77,480.38,467.31,479.85,18420,86434
2006-05-10,486.39,494.26,484.39,492.13,11010,86371
2006-05-11,516.41,539.1,512.41,523.48,15736,87602
2006-05-12,523.22,523.55,508.14,515.61,12818,87430
2006-05-15,480.38,508.14,480.38,499.93,11019,88037
2006-05-16,497.73,513.08,493.73,512.68,9327,85375
2006-05-17,509.87,512.41,485.99,489.92,13404,84358
2006-05-18,487.72,499.06,484.39,495.19,8499,83832
2006-05-19,477.05,480.38,457.7,462.9,13171,82484
2006-05-22,450.36,467.71,449.02,461.9,12519,81968
2006-05-23,477.71,519.75,477.71,518.48,14240,81363
2006-05-24,483.05,499.06,472.38,485.59,13517,80931
2006-05-25,493.73,498.4,478.38,494.73,9241,80356
2006-05-26,495.06,509.74,488.39,509.07,8880,79708
2006-05-30,507.07,509.74,482.38,490.26,9789,79532
2006-05-31,491.73,501.73,479.58,483.59,16524,78013
2006-06-01,464.37,471.71,445.69,463.17,14186,76824
2006-06-02,481.05,483.05,468.37,478.58,8948,76689
2006-06-05,479.05,481.72,467.71,480.52,10946,77252
2006-06-06,466.37,467.04,459.03,465.64,8648,76869
2006-06-07,451.03,485.59,447.69,478.25,23493,75436
2006-06-08,455.03,469.71,445.69,447.96,20717,74247
2006-06-09,451.69,463.04,432.54,436.01,19769,75777
2006-06-12,437.02,445.02,424.47,430.81,18799,77436
2006-06-13,413.66,422.34,398.32,401.72,20358,78658
2006-06-14,405.66,413.66,400.99,407.79,19657,77953
2006-06-15,413.66,442.35,412.33,429.01,16630,76984
2006-06-16,431.68,440.08,431.01,439.22,12618,77809
2006-06-19,423.67,427.01,415.66,420.67,12492,76716
2006-06-20,415.0,424.34,406.99,423.2,10666,76311
2006-06-21,421.67,426.34,416.2,425.74,11597,76484
2006-06-22,436.69,436.69,416.16,417.32,12651,76345
2006-06-23,415.47,431.9,411.78,431.35,9003,75247
2006-06-26,425.74,444.22,423.69,442.58,14857,74596
2006-06-27,431.22,437.38,416.16,422.45,18188,73323
2006-06-28,433.27,436.83,421.63,436.28,11947,72310
2006-06-29,438.06,457.91,437.38,454.62,16002,72793
2006-06-30,464.41,468.31,453.8,459.28,12383,73592
2006-07-05,463.39,466.81,457.91,465.99,8841,72839
2006-07-06,466.81,497.61,466.12,495.14,14300,74460
2006-07-07,490.76,493.5,484.06,485.63,7686,74190
2006-07-10,481.87,491.72,477.76,490.42,6544,73860
2006-07-11,498.29,500.35,493.91,497.61,7863,74754
2006-07-12,511.3,516.09,495.56,501.72,11674,74244
2006-07-13,500.35,503.77,494.8,503.29,10403,76210
2006-07-14,509.24,509.93,503.77,508.22,6015,76381
2006-07-17,498.29,499.53,480.5,492.75,8304,76293
2006-07-18,497.61,503.77,486.11,489.33,8181,76332
2006-07-19,476.12,493.5,472.28,491.93,10039,76701
2006-07-20,480.91,484.47,462.7,466.74,10630,76282
2006-07-21,468.86,473.65,442.85,454.9,10039,75283
2006-07-24,455.58,463.39,439.43,462.97,11753,73745
2006-07-25,468.86,475.71,461.33,473.79,9261,73348
2006-07-26,464.07,472.97,462.7,472.21,8235,73481
2006-07-27,478.44,480.5,470.91,476.18,10099,72952
2006-07-28,479.13,487.34,470.91,485.84,9348,72745
2006-07-31,492.82,500.35,488.71,488.71,12960,71110
2006-08-01,490.76,492.82,488.03,491.86,8638,71537
2006-08-02,490.08,495.56,487.34,491.59,6019,72096
2006-08-03,490.35,490.76,469.89,477.69,9547,71870
2006-08-04,489.81,504.45,489.81,497.27,11119,72794
2006-08-07,489.12,502.26,488.71,494.25,16872,72477
2006-08-08,493.5,498.29,488.71,493.09,16447,72385
2006-08-09,494.87,510.89,494.19,507.88,18880,72984
2006-08-10,505.14,507.19,492.13,496.17,16728,74127
2006-08-11,497.61,498.98,466.81,475.91,23966,75379
2006-08-14,475.02,484.47,472.28,484.19,12362,74021
2006-08-15,480.5,483.23,473.65,482.89,11461,74277
2006-08-16,475.02,486.66,473.65,475.02,13395,73822
2006-08-17,474.34,475.71,450.38,459.62,16178,73173
2006-08-18,464.07,474.27,464.07,470.16,13228,72160
2006-08-21,476.39,485.29,475.02,481.8,10900,72691
2006-08-22,476.34,481.87,471.51,480.21,14402,72057
2006-08-23,477.72,486.98,472.89,478.76,17140,71524
2006-08-24,482.42,483.25,466.68,472.06,17973,71936
2006-08-25,473.58,475.65,469.44,473.79,8808,70790
2006-08-28,472.89,477.72,470.82,476.41,6444,70449
2006-08-29,469.44,470.13,461.85,467.23,16867,69311
2006-08-30,469.44,473.58,460.47,462.88,9907,69198
2006-08-31,478.41,484.63,472.89,477.17,12742,68768
2006-09-01,476.48,478.41,471.86,477.86,4844,68463
2006-09-05,496.36,504.92,496.36,500.44,12104,69247
2006-09-06,499.82,508.79,497.05,508.03,9950,70464
2006-09-07,503.68,508.1,499.82,503.68,8605,71713
2006-09-08,496.36,497.88,488.08,492.64,7002,71297
2006-09-11,477.72,478.41,467.37,471.86,10842,69874
2006-09-12,474.96,477.03,463.92,465.71,9409,68944
2006-09-13,465.3,473.58,464.61,467.37,9320,69067
2006-09-14,469.44,470.2,463.23,465.92,7936,68468
2006-09-15,463.92,465.57,452.18,457.22,10702,68575
2006-09-18,462.54,472.2,459.08,471.44,7843,68193
2006-09-19,465.99,470.48,464.61,466.06,7761,68168
2006-09-20,450.46,467.37,450.11,466.13,11994,68092
2006-09-21,466.68,476.34,464.06,473.79,15035,68516
2006-09-22,480.76,481.18,468.06,475.45,7391,67916
2006-09-25,462.67,476.34,461.85,476.0,8388,68272
2006-09-26,475.65,482.0,473.17,478.55,10037,67977
2006-09-27,484.63,486.15,475.65,481.45,9582,67904
2006-09-28,481.18,481.18,469.44,473.31,9860,69052
2006-09-29,475.65,481.18,470.82,477.79,10047,69886
2006-10-02,479.8,484.63,469.72,473.51,9090,69598
2006-10-03,462.54,463.23,452.32,453.22,15354,69400
2006-10-04,461.85,462.54,439.75,442.59,16650,69400
2006-10-05,452.6,459.78,452.18,455.63,8875,69428
2006-10-06,459.08,472.89,456.32,467.85,11537,68748
2006-10-09,472.55,476.34,468.4,471.24,6095,69058
2006-10-10,466.33,469.99,464.26,466.4,7342,69015
2006-10-11,467.37,473.93,467.37,470.82,5822,69230
2006-10-12,468.06,473.44,460.47,467.58,8907,69523
2006-10-13,473.58,475.65,468.75,471.3,6891,69662
2006-10-16,474.27,494.98,473.72,494.43,13696,70853
2006-10-17,489.46,490.84,480.62,482.69,12496,72713
2006-10-18,481.87,485.73,478.41,482.69,6653,73643
2006-10-19,482.21,486.01,479.93,484.56,6781,74076
2006-10-20,483.25,486.01,474.27,478.0,8112,74287
2006-10-23,476.34,477.59,470.13,476.48,9637,75299
2006-10-24,470.82,472.2,462.54,471.93,12292,75321
2006-10-25,469.16,471.93,464.06,470.06,10116,75097
2006-10-26,468.75,473.51,466.68,469.44,8419,75362
2006-10-27,471.17,472.2,467.02,470.13,8959,75114
2006-10-30,461.16,463.92,453.56,463.71,14573,75261
2006-10-31,463.71,465.85,459.78,461.92,8072,74423
2006-11-01,459.08,461.85,443.9,447.49,14784,75329
2006-11-02,451.49,455.63,449.42,454.46,10839,75282
2006-11-03,455.63,460.81,452.6,458.74,9216,74422
2006-11-06,454.94,464.33,453.56,460.74,9677,74493
2006-11-07,463.23,470.13,462.88,464.68,19333,72371
2006-11-08,456.32,457.36,445.28,447.97,24035,71695
2006-11-09,452.18,457.98,450.25,456.88,21034,71486
2006-11-10,440.45,442.52,425.26,426.43,30293,72576
2006-11-13,421.81,431.33,419.04,424.57,25153,73449
2006-11-14,426.64,430.78,421.25,426.5,15140,73681
2006-11-15,423.88,429.95,421.94,427.26,12182,74235
2006-11-16,426.98,426.98,418.42,419.87,11058,73423
2006-11-17,416.28,423.19,411.45,422.15,16223,73927
2006-11-20,424.57,426.64,418.63,419.94,14559,74147
2006-11-21,424.5,431.82,424.01,430.16,20781,73218
2006-11-22,436.31,436.31,425.72,428.59,112678,71094
2006-11-27,440.07,441.78,435.97,439.45,13921,69786
2006-11-28,433.92,434.26,428.79,433.23,15100,70308
2006-11-29,425.03,434.94,424.35,431.18,13294,69499
2006-11-30,433.92,438.7,433.23,436.72,11480,68644
2006-12-01,431.87,434.6,429.27,433.51,7021,69240
2006-12-04,431.87,434.33,430.84,434.05,5578,68721
2006-12-05,439.38,449.63,439.04,443.76,12054,68793
2006-12-06,434.6,436.65,431.73,431.87,6365,68010
2006-12-07,428.11,428.11,420.93,423.94,9162,68842
2006-12-08,424.35,427.77,424.01,425.31,5415,68046
2006-12-11,424.35,431.32,424.35,428.25,5471,67691
2006-12-12,424.69,426.74,422.3,422.92,5778,67911
2006-12-13,417.52,418.88,413.55,414.51,11158,69207
2006-12-14,420.93,423.26,416.42,417.86,7780,68517
2006-12-15,417.18,417.52,408.98,412.26,10736,69588
2006-12-18,412.05,415.95,410.0,414.03,7864,69508
2006-12-19,412.53,414.78,410.0,412.39,7244,68920
2006-12-20,404.53,406.99,401.94,403.78,11156,69574
2006-12-21,399.07,400.43,390.87,393.67,11350,68583
2006-12-22,393.33,393.87,389.16,390.05,6922,67840
2006-12-26,391.55,393.67,390.87,393.33,2670,67350
2006-12-27,396.33,398.38,391.89,398.25,8227,67278
2006-12-28,395.65,396.61,393.94,395.65,4230,67437
2006-12-29,392.23,392.92,386.77,392.37,4230,67437
2007-01-03,368.73,370.37,361.48,362.03,19726,70253
2007-01-04,353.28,359.43,349.87,355.61,13867,70917
2007-01-05,356.02,356.7,344.4,346.45,12676,68730
2007-01-08,347.82,353.28,345.08,345.49,11734,69031
2007-01-09,345.08,349.87,340.98,349.32,10179,69879
2007-01-10,353.28,367.02,352.6,364.08,16599,68511
2007-01-11,361.76,367.91,359.43,363.4,9492,67488
2007-01-12,358.75,361.14,354.65,355.74,8821,68419
2007-01-16,353.56,356.43,351.23,352.26,12299,68933
2007-01-17,347.13,351.23,345.43,351.17,11874,69095
2007-01-18,349.59,350.21,339.96,340.57,13386,69968
2007-01-19,341.05,347.54,339.28,343.99,9457,70509
2007-01-22,342.35,348.5,341.67,345.7,7473,70376
2007-01-23,346.79,357.04,346.59,352.53,11432,70723
2007-01-24,354.51,357.52,351.92,355.54,11544,71042
2007-01-25,361.62,366.27,360.8,362.78,11453,70575
2007-01-26,355.68,360.8,353.28,360.39,8869,71104
2007-01-29,348.09,349.87,343.72,347.41,16616,71841
2007-01-30,349.59,352.46,348.5,350.07,11513,71448
2007-01-31,351.58,356.7,349.87,354.58,10320,71158
2007-02-01,351.58,354.92,343.72,345.84,11624,71830
2007-02-02,338.25,338.93,325.95,331.14,18863,74680
2007-02-05,333.47,334.42,330.05,330.26,9820,74264
2007-02-06,333.47,341.67,333.47,341.19,14458,72035
2007-02-07,332.1,339.28,332.1,335.52,18540,70851
2007-02-08,328.68,336.75,327.45,334.9,22279,70337
2007-02-09,337.57,345.77,336.88,344.06,17266,69570
2007-02-12,342.35,344.74,335.93,338.59,22427,70507
2007-02-13,347.13,355.33,346.45,353.22,22513,70803
2007-02-14,351.92,356.7,350.21,352.19,9441,70498
2007-02-15,363.26,367.63,359.43,364.08,18741,71456
2007-02-16,359.43,361.48,357.79,361.42,18067,71549
2007-02-20,356.15,356.91,350.55,353.42,16178,71320
2007-02-21,350.96,363.12,350.41,362.78,18251,71998
2007-02-22,369.66,381.71,368.98,378.1,21546,69025
2007-02-23,386.68,391.1,384.77,388.45,18956,67786
2007-02-26,388.04,393.48,387.36,390.76,19282,67027
2007-02-27,385.04,388.38,380.28,384.63,20820,65863
2007-02-28,376.87,379.19,370.34,374.7,14895,65689
2007-03-01,378.85,379.6,372.38,375.04,12407,65551
2007-03-02,374.01,377.55,364.35,368.57,9990,65209
2007-03-05,358.36,367.28,358.08,363.6,10773,65104
2007-03-06,371.7,371.7,366.93,369.45,7203,65495
2007-03-07,374.42,380.14,373.06,378.78,10885,64933
2007-03-08,386.4,391.31,385.66,385.79,13250,64516
2007-03-09,380.55,384.36,378.51,379.05,7711,64953
2007-03-12,382.86,388.04,381.23,387.9,6652,64744
2007-03-13,388.04,389.67,382.86,384.57,10605,65156
2007-03-14,381.91,390.08,381.23,384.77,15419,66593
2007-03-15,400.29,407.1,397.57,406.83,21716,68189
2007-03-16,404.72,410.16,401.79,409.96,16644,69419
2007-03-19,405.06,413.23,405.06,411.39,9890,69734
2007-03-20,411.18,417.31,410.78,413.09,12942,71303
2007-03-21,410.5,414.59,407.78,411.05,13908,72531
2007-03-22,420.03,421.4,417.04,418.4,16900,73222
2007-03-23,424.8,425.48,417.31,417.86,10989,73949
2007-03-26,421.4,427.52,421.4,427.32,10376,74183
2007-03-27,424.8,424.8,413.91,416.29,14053,74716
2007-03-28,416.9,419.01,412.55,416.97,12405,74864
2007-03-29,415.27,421.4,415.0,420.24,8808,75351
2007-03-30,427.8,430.25,425.34,428.34,10985,75663
2007-04-02,425.75,433.38,424.12,432.83,12534,76031
2007-04-03,445.56,452.58,443.86,451.28,22159,77186
2007-04-04,451.76,462.24,446.04,461.22,20824,77525
2007-04-05,459.79,466.33,456.8,459.79,14232,78606
2007-04-09,468.37,477.9,466.19,477.36,21089,78567
2007-04-10,481.3,484.03,476.54,480.08,25795,80185
2007-04-11,491.52,492.54,483.76,487.77,26743,78744
2007-04-12,485.73,487.43,476.54,476.81,24399,78033
2007-04-13,480.62,484.44,477.9,480.9,23558,78033
2007-04-16,490.02,490.15,476.54,481.92,16150,78212
2007-04-17,483.35,502.75,483.35,500.64,20532,80657
2007-04-18,495.6,499.0,492.2,492.74,24066,78926
2007-04-19,489.75,490.97,478.58,488.32,21762,77853
2007-04-20,496.96,496.96,488.79,491.58,14232,78243
2007-04-23,489.07,496.34,489.07,494.91,20757,78417
2007-04-24,498.24,498.91,479.91,483.85,20004,80138
2007-04-25,486.02,491.45,486.02,489.48,17122,81705
2007-04-26,482.62,482.9,472.44,476.38,26439,79787
2007-04-27,475.56,481.94,471.76,479.57,16541,81124
2007-04-30,483.71,487.1,479.23,482.83,13183,80564
2007-05-01,485.34,496.2,483.98,493.42,14301,81864
2007-05-02,492.13,496.2,488.33,494.77,10808,81629
2007-05-03,494.16,509.1,493.62,505.91,11065,80462
2007-05-04,508.55,516.43,505.57,510.25,13086,82544
2007-05-07,510.18,510.45,502.99,504.41,6988,80777
2007-05-08,502.65,506.38,500.95,505.36,11645,81613
2007-05-09,503.67,504.35,492.81,499.46,16950,80941
2007-05-10,492.47,492.81,483.3,484.18,13245,82176
2007-05-11,485.34,492.81,485.34,489.28,10321,82021
2007-05-14,485.68,487.38,472.44,474.75,12582,80838
2007-05-15,474.34,481.94,472.03,480.25,11910,81845
2007-05-16,474.48,474.89,464.09,464.64,14396,80560
2007-05-17,450.72,452.42,439.86,448.89,19336,79639
2007-05-18,443.25,453.44,440.95,451.2,14349,80498
2007-05-21,452.42,462.26,452.08,461.65,10938,79160
2007-05-22,463.21,463.96,447.05,448.34,14588,80380
2007-05-23,446.65,451.4,443.8,448.07,18111,80380
2007-05-24,449.09,450.72,431.04,431.78,16887,81638
2007-05-25,439.52,451.06,438.84,450.79,13688,81638
2007-05-29,448.01,450.86,443.25,450.72,14592,79596
2007-05-30,444.27,448.68,442.57,448.48,11781,78800
2007-05-31,456.56,461.31,454.45,460.97,13950,78800
2007-06-01,460.9,464.98,458.19,462.26,13498,79482
2007-06-04,462.67,473.12,462.26,470.81,16824,81314
2007-06-05,469.73,471.76,464.3,467.22,16355,81228
2007-06-06,461.92,464.57,455.74,462.12,16692,80937
2007-06-07,455.47,462.94,454.79,458.46,21090,79717
2007-06-08,444.61,446.99,440.54,442.24,19100,78809
2007-06-11,449.7,456.15,449.7,455.61,7002,77833
2007-06-12,445.29,447.67,442.3,446.24,23438,76964
2007-06-13,442.57,450.72,440.54,449.77,26400,78678
2007-06-14,450.04,464.98,449.5,460.56,19154,79069
2007-06-15,456.15,465.65,453.77,464.57,14851,78091
2007-06-18,468.37,477.19,461.58,464.02,16906,78249
2007-06-19,456.83,462.26,456.49,460.83,17649,78339
2007-06-20,466.88,468.03,459.54,467.35,13793,78878
2007-06-21,462.94,467.01,457.51,461.99,16758,79653
2007-06-22,461.99,464.36,458.66,459.41,11152,80017
2007-06-25,449.43,461.65,448.07,461.38,20808,80821
2007-06-26,457.58,458.93,450.11,450.31,18479,79418
2007-06-27,449.43,456.22,446.98,455.27,18534,78316
2007-06-28,461.65,468.78,461.65,465.38,17163,79532
2007-06-29,465.72,468.78,465.04,468.51,11519,79104
2007-07-02,471.97,479.03,471.97,478.89,12538,80303
2007-07-03,479.3,481.34,474.55,481.34,12538,80303
2007-07-05,484.73,488.13,484.73,487.92,15694,84575
2007-07-06,485.07,488.26,484.73,488.06,10471,85529
2007-07-09,494.24,497.63,492.81,492.81,13883,86494
2007-07-10,492.47,492.88,485.41,490.16,11008,87538
2007-07-11,491.79,493.62,490.57,491.72,9922,88066
2007-07-12,492.88,495.59,484.05,486.22,13118,88787
2007-07-13,486.77,490.16,479.98,487.85,11361,88895
2007-07-16,485.41,487.11,482.69,483.65,8023,89033
2007-07-17,479.3,484.39,476.86,482.36,11423,89893
2007-07-18,480.66,485.07,479.3,483.78,119571,90164
2007-07-19,490.16,497.63,490.16,497.22,21102,91711
2007-07-20,498.31,505.1,498.31,503.13,18370,93068
2007-07-23,503.47,504.08,496.48,496.48,19132,93668
2007-07-24,498.85,502.72,489.48,491.45,23677,94496
2007-07-25,486.09,486.77,478.62,482.76,24430,90937
2007-07-26,478.96,483.37,476.58,478.28,22843,90580
2007-07-27,476.31,484.73,475.91,481.61,17000,88610
2007-07-30,475.91,487.24,475.91,487.24,14170,88909
2007-07-31,495.59,496.95,491.52,495.39,15513,89395
2007-08-01,485.82,488.13,482.02,486.77,18207,89026
2007-08-02,488.8,491.18,484.46,485.14,12998,88511
2007-08-03,485.14,485.41,471.15,472.38,19514,88427
2007-08-06,471.83,472.51,467.08,471.63,20757,86369
2007-08-07,471.83,479.3,471.15,476.11,18655,84651
2007-08-08,465.04,469.8,462.33,466.94,26041,82288
2007-08-09,456.9,458.93,450.79,456.35,6955,79339
2007-08-10,446.71,458.93,446.03,456.15,23614,77957
2007-08-13,460.29,467.76,460.29,467.22,21357,76132
2007-08-14,465.72,466.4,455.67,457.58,17353,76111
2007-08-15,449.43,454.86,447.39,452.42,20631,76179
2007-08-16,433.81,434.49,413.45,419.56,39663,75655
2007-08-17,420.92,434.49,420.24,427.23,24726,75965
2007-08-20,434.49,436.26,428.72,428.99,14810,75836
2007-08-21,429.06,430.42,425.33,427.7,25488,76498
2007-08-22,438.18,439.19,433.11,435.47,19699,75988
2007-08-23,444.33,444.6,442.57,442.77,13092,76345
2007-08-24,438.85,453.38,436.49,452.7,13994,75725
2007-08-27,458.11,471.35,453.38,453.52,16055,74768
2007-08-28,446.42,449.73,442.57,447.64,20283,73083
2007-08-29,443.92,452.7,441.89,451.89,16616,71685
2007-08-30,449.87,453.38,447.57,452.43,10364,70518
2007-08-31,460.81,462.16,455.61,459.06,10364,69537
2007-09-04,445.27,448.65,441.62,446.76,10364,69156
2007-09-05,447.97,449.33,437.16,440.95,10364,68932
2007-09-06,439.19,448.92,436.49,446.29,11816,68256
2007-09-07,447.3,447.64,433.79,439.39,13196,67933
2007-09-10,437.84,441.29,435.14,440.0,8673,67969
2007-09-11,450.34,458.45,449.8,457.77,14405,68684
2007-09-12,453.65,457.1,449.6,453.99,11709,68944
2007-09-13,452.16,463.52,452.16,458.99,11930,69358
2007-09-14,458.11,468.24,456.42,458.45,13586,70002
2007-09-17,459.8,465.0,459.46,462.16,7630,70424
2007-09-18,461.08,466.89,460.14,465.95,12553,71557
2007-09-19,479.46,486.83,478.79,483.18,16311,72362
2007-09-20,482.16,489.19,482.16,485.74,14911,74719
2007-09-21,489.19,493.92,481.76,485.47,14443,77276
2007-09-24,491.89,493.92,489.19,492.57,9771,77450
2007-09-25,489.53,491.22,485.14,490.41,12778,77528
2007-09-26,493.11,495.27,485.81,488.38,10711,77926
2007-09-27,494.6,496.62,491.49,492.97,10722,79108
2007-09-28,495.27,497.97,490.27,491.89,8839,79329
2007-10-01,494.19,499.33,493.79,498.85,10337,80652
2007-10-02,495.27,508.79,495.27,501.49,17127,83055
2007-10-03,504.73,510.81,503.38,508.58,15794,85100
2007-10-04,502.37,505.41,500.68,505.14,12273,85787
2007-10-05,503.04,506.76,502.57,503.45,9922,86105
2007-10-08,488.18,489.46,484.12,488.24,14361,86524
2007-10-09,489.53,495.61,488.52,488.85,13531,86905
2007-10-10,494.19,503.11,493.92,499.19,13217,87648
2007-10-11,502.3,503.65,494.33,495.81,15787,88406
2007-10-12,494.19,498.99,493.11,493.58,12223,90044
2007-10-15,503.04,505.07,495.54,498.11,13380,91033
2007-10-16,489.87,492.97,486.76,492.03,14676,90148
2007-10-17,485.81,487.84,483.58,485.95,13395,89293
2007-10-18,485.81,486.22,477.03,478.58,14859,88659
2007-10-19,478.72,482.77,475.68,479.93,8208,87871
2007-10-22,467.57,472.97,467.23,471.15,16301,86539
2007-10-23,478.38,479.39,471.62,474.8,11973,86858
2007-10-24,467.16,468.52,463.52,466.56,14068,86381
2007-10-25,469.6,472.16,468.92,471.08,7432,86227
2007-10-26,474.66,479.73,474.66,478.04,8744,86799
2007-10-29,482.1,482.43,475.68,475.81,8109,86431
2007-10-30,468.58,470.47,464.19,470.47,16137,86013
2007-10-31,469.26,473.52,467.57,469.33,10153,86421
2007-11-01,466.49,467.23,453.04,454.39,21827,85799
2007-11-02,453.38,457.1,447.3,449.33,16902,85069
2007-11-05,445.95,450.0,445.95,446.22,15765,84297
2007-11-06,449.66,451.69,449.06,451.56,14146,83317
2007-11-07,448.65,449.6,439.87,440.41,21304,82075
2007-11-08,437.84,438.38,430.41,432.97,23555,81178
2007-11-09,425.0,427.03,420.27,425.07,20003,80238
2007-11-12,413.11,422.97,410.14,420.14,21279,77747
2007-11-13,419.6,421.89,413.18,419.87,26251,78465
2007-11-14,425.0,445.95,424.19,445.47,22102,77093
2007-11-15,426.35,427.37,414.19,416.35,23798,76744
2007-11-16,414.87,428.72,414.73,427.23,20165,78066
2007-11-19,421.96,427.03,402.7,403.18,23623,78195
2007-11-20,403.72,411.49,403.72,409.06,22965,77837
2007-11-21,397.64,400.41,389.87,390.27,20585,78622
2007-11-23,400.26,403.92,399.8,403.52,0,0
2007-11-26,402.59,407.85,401.59,406.32,13033,77125
2007-11-27,399.6,400.93,394.93,398.6,17409,73905
2007-11-28,396.53,406.59,396.13,404.12,18577,72247
2007-11-29,414.58,418.91,409.85,412.12,14624,69856
2007-11-30,421.24,425.57,420.17,424.17,12934,70648
2007-12-03,411.92,414.25,408.19,410.05,10986,70695
2007-12-04,398.66,404.26,398.26,402.26,10586,70839
2007-12-05,400.39,406.59,398.26,404.92,10488,70662
2007-12-06,401.73,408.52,401.59,406.06,8152,70143
2007-12-07,415.58,419.58,415.58,416.38,10616,69496
2007-12-10,410.92,415.58,410.58,411.98,10902,69710
2007-12-11,403.59,412.52,403.39,411.58,16482,70873
2007-12-12,398.8,408.25,396.93,404.39,15326,72306
2007-12-13,398.93,399.6,390.94,394.4,11639,73390
2007-12-14,392.67,395.73,388.94,393.8,9565,72609
2007-12-17,385.88,386.28,383.61,384.81,12272,72980
2007-12-18,382.61,387.87,382.41,384.21,10804,73019
2007-12-19,388.67,395.93,388.61,394.0,8315,72761
2007-12-20,396.67,397.6,393.47,395.0,8384,72308
2007-12-21,406.12,413.05,406.12,412.58,10901,71301
2007-12-24,416.91,426.9,416.91,420.04,7031,71767
2007-12-26,424.37,425.1,421.24,422.24,4739,71635
2007-12-27,418.58,419.58,414.25,417.18,8738,71761
2007-12-28,411.25,414.91,409.19,409.19,7526,72124
2007-12-31,406.59,408.92,402.93,405.06,6618,72142
2008-01-02,406.26,410.25,404.92,408.12,10637,72997
2008-01-03,411.92,424.9,411.92,424.64,14662,73876
2008-01-04,429.96,430.9,413.58,420.57,18444,74023
2008-01-07,418.91,419.31,413.78,418.38,10341,74577
2008-01-08,430.76,442.22,429.76,439.36,24031,75606
2008-01-09,440.35,441.89,434.23,437.36,15294,75782
2008-01-10,431.56,437.56,428.9,437.09,15355,77978
2008-01-11,434.89,440.09,434.23,440.09,12276,79021
2008-01-14,442.55,446.88,441.29,444.75,15067,80014
2008-01-15,436.62,438.36,429.57,431.76,17982,83849
2008-01-16,423.17,427.17,419.58,422.57,15226,82979
2008-01-17,428.23,430.56,418.64,423.84,15516,83203
2008-01-18,425.44,432.23,425.3,430.83,13889,84796
2008-01-22,409.25,426.24,406.92,425.77,33238,86382
2008-01-23,415.31,419.58,409.19,409.19,22981,85858
2008-01-24,421.57,425.57,421.31,422.44,16730,86275
2008-01-25,427.3,428.9,421.97,424.1,14085,85835
2008-01-28,418.24,424.84,417.58,424.84,13401,87644
2008-01-29,430.63,440.22,429.9,439.42,20006,89555
2008-01-30,434.23,434.89,428.9,429.76,12279,88704
2008-01-31,435.89,442.22,433.56,439.29,14726,88386
2008-02-01,442.22,445.15,434.23,435.96,15513,88381
2008-02-04,437.89,439.42,435.89,439.36,13806,88631
2008-02-05,433.23,434.36,425.44,427.83,18990,90375
2008-02-06,433.56,441.55,432.5,440.75,20348,89860
2008-02-07,442.22,460.07,440.22,460.07,37956,93260
2008-02-08,463.53,473.52,463.53,471.46,39227,91965
2008-02-11,475.52,476.45,471.52,473.99,23584,89522
2008-02-12,474.19,478.98,472.72,474.19,24512,88310
2008-02-13,468.19,470.52,467.59,470.26,25201,89140
2008-02-14,467.53,470.19,464.2,464.6,14502,90516
2008-02-15,472.85,474.25,466.86,469.26,21534,89764
2008-02-19,485.51,497.16,484.84,495.96,28839,93661
2008-02-20,492.17,495.17,489.1,493.97,20154,95635
2008-02-21,498.43,512.15,498.16,507.55,27348,97228
2008-02-22,504.63,505.69,499.98,505.03,19732,98760
2008-02-25,499.32,499.98,495.34,498.92,34519,101356
2008-02-26,497.73,503.64,494.01,503.64,19975,101872
2008-02-27,510.61,513.93,507.29,511.34,22676,101743
2008-02-28,511.94,518.57,511.27,514.99,20293,100435
2008-02-29,513.93,516.18,510.61,511.94,12357,100004
2008-03-03,518.57,524.55,518.57,521.7,17483,102562
2008-03-04,520.7,521.23,507.29,507.49,14994,101867
2008-03-05,505.96,528.93,505.69,528.8,17916,103274
2008-03-06,527.87,529.86,513.93,518.38,17391,102277
2008-03-07,521.5,522.69,513.93,520.77,12653,104104
2008-03-10,507.29,507.29,501.31,503.97,19158,102767
2008-03-11,514.59,515.92,501.31,502.71,15873,103107
2008-03-12,503.7,509.94,500.65,509.54,10142,103740
2008-03-13,511.27,512.6,507.95,507.95,10101,103548
2008-03-14,515.26,515.92,504.76,508.35,11899,103753
2008-03-17,497.66,499.32,485.71,489.36,21308,102214
2008-03-18,495.0,499.05,491.88,497.53,12115,101953
2008-03-19,491.48,492.41,480.06,482.52,15574,101403
2008-03-20,465.79,474.69,460.81,474.55,20268,99194
2008-03-24,472.1,483.91,468.84,481.06,10170,98370
2008-03-25,488.56,491.75,486.37,488.5,16801,97323
2008-03-26,493.68,497.06,489.23,494.67,15343,98657
2008-03-27,503.3,516.85,501.98,514.33,18326,100137
2008-03-28,514.13,517.25,505.3,508.81,13437,99767
2008-03-31,507.95,511.6,507.02,508.75,10854,100039
2008-04-01,495.34,507.95,493.34,505.49,19802,101860
2008-04-02,505.76,515.92,503.97,514.92,15409,102734
2008-04-03,511.27,521.5,511.01,518.11,18907,103317
2008-04-04,516.58,525.88,514.99,525.15,22678,103852
2008-04-07,523.89,530.53,522.56,528.47,24378,104289
2008-04-08,516.58,519.9,513.93,516.65,24085,102525
2008-04-09,519.24,531.52,518.71,531.19,24085,102525
2008-04-10,526.54,528.0,520.23,521.1,27514,104449
2008-04-11,526.21,527.34,520.9,523.82,24626,105637
2008-04-14,514.59,519.24,512.6,517.45,20929,105745
2008-04-15,519.24,520.57,510.61,512.47,19992,105070
2008-04-16,523.89,533.85,523.89,525.61,26207,107622
2008-04-17,527.47,528.87,518.57,519.5,26447,107314
2008-04-18,511.4,517.31,507.29,516.32,25704,107065
2008-04-21,516.18,516.18,511.27,513.4,13199,106315
2008-04-22,523.16,528.47,521.5,525.61,21625,107654
2008-04-23,523.09,523.16,514.52,517.91,24846,106157
2008-04-24,521.83,521.96,514.26,514.52,22828,106068
2008-04-25,510.54,520.5,510.54,519.3,18430,106084
2008-04-28,518.18,523.16,518.18,521.69,20121,105234
2008-04-29,519.57,519.57,513.2,515.32,18322,104206
2008-04-30,513.2,518.77,513.2,518.44,13070,104124
2008-05-01,515.19,515.59,487.97,490.56,29346,99461
2008-05-02,495.01,510.94,495.01,507.29,17163,98921
2008-05-05,511.2,562.99,511.2,524.15,23698,100838
2008-05-06,511.2,516.38,510.14,514.99,15490,99434
2008-05-07,512.13,512.13,507.22,509.08,12693,99143
2008-05-08,499.92,505.23,498.33,502.91,15156,98360
2008-05-09,499.92,500.58,488.63,493.48,16768,97282
2008-05-12,492.28,500.58,490.29,497.86,16379,98373
2008-05-13,497.46,503.64,492.42,495.47,13627,97799
2008-05-14,495.6,497.06,484.98,488.77,13778,97256
2008-05-15,488.37,500.91,486.84,496.4,17451,98075
2008-05-16,504.57,512.47,496.53,508.08,17400,99009
2008-05-19,509.35,512.27,496.93,501.31,13655,98830
2008-05-20,500.91,504.63,495.4,501.45,15702,101017
2008-05-21,500.38,502.04,494.08,497.2,13233,99880
2008-05-22,496.73,503.17,486.04,492.95,16059,99526
2008-05-23,491.75,497.26,484.45,496.07,0,94214
2008-05-26,497.33,497.93,491.22,494.94,0,94214
2008-05-27,497.33,497.93,489.63,493.41,11582,98441
2008-05-28,495.14,495.2,482.86,490.62,16900,97485
2008-05-29,491.55,491.55,471.44,472.5,26578,98985
2008-05-30,473.96,479.67,472.7,478.81,17560,97260
2008-06-02,477.15,480.8,470.71,477.55,19629,97650
2008-06-03,476.42,479.6,472.77,475.09,12439,97981
2008-06-04,472.83,474.62,470.04,470.71,21081,97617
2008-06-05,470.44,474.49,466.33,470.44,15510,97264
2008-06-06,474.62,487.3,473.89,481.06,26503,96271
2008-06-09,481.0,486.38,475.49,479.74,26088,96461
2008-06-10,479.01,479.07,471.11,472.7,24536,96229
2008-06-11,472.03,478.01,467.79,475.29,22806,98102
2008-06-12,474.29,475.75,465.59,469.78,25330,100680
2008-06-13,469.38,480.33,468.38,476.55,28379,102527
2008-06-16,483.19,491.95,476.02,486.71,26289,102255
2008-06-17,484.65,489.56,481.0,484.58,17721,102488
2008-06-18,484.65,499.39,483.52,497.59,25125,104865
2008-06-19,501.51,506.89,494.54,501.84,28147,106386
2008-06-20,501.91,510.21,499.92,508.81,15659,108591
2008-06-23,507.55,511.14,500.71,505.83,26584,111975
2008-06-24,505.89,506.09,499.52,502.97,19678,109496
2008-06-25,495.73,507.29,494.14,501.18,21929,109188
2008-06-26,501.31,512.47,499.98,508.08,24388,109239
2008-06-27,508.08,516.05,505.69,515.12,20922,109435
2008-06-30,515.39,519.77,509.08,515.72,16541,109465
2008-07-01,514.0,521.3,511.41,519.44,11489,111367
2008-07-02,517.25,541.96,515.06,539.76,29583,114442
2008-07-03,534.45,537.37,521.5,524.56,28529,105315
2008-07-04,523.36,524.95,512.47,515.66,28529,105315
2008-07-07,514.66,518.11,505.16,511.27,18621,117379
2008-07-08,509.74,512.87,489.35,491.02,26000,110218
2008-07-09,491.08,498.52,483.78,496.66,17614,108287
2008-07-10,495.0,503.57,487.76,493.94,14539,106162
2008-07-11,494.47,504.63,494.0,496.79,11790,105640
2008-07-14,497.52,502.37,492.88,498.39,10635,104577
2008-07-15,497.32,499.12,486.83,491.48,18911,105627
2008-07-16,489.82,493.61,482.25,484.91,19443,107082
2008-07-17,485.24,495.66,483.24,493.47,25212,110743
2008-07-18,490.82,491.48,484.91,487.36,16857,109622
2008-07-21,487.36,493.27,487.16,488.96,16857,109622
2008-07-23,490.15,491.88,480.26,485.83,20600,110042
2008-07-24,482.05,486.17,472.22,475.14,18654,109060
2008-07-25,475.74,480.06,474.08,478.86,14015,107408
2008-07-28,479.26,482.78,476.6,479.79,8479,107808
2008-07-29,480.32,481.78,473.02,476.94,15158,108201
2008-07-30,476.8,498.79,469.9,484.31,26613,109437
2008-07-31,484.71,491.95,483.38,486.37,12465,110039
2008-08-01,486.23,487.16,470.23,475.34,19551,109629
2008-08-04,475.21,476.47,455.08,456.94,27667,110690
2008-08-05,459.53,459.53,448.51,453.89,21936,110205
2008-08-06,456.15,461.59,453.62,454.75,22021,108043
2008-08-07,455.08,460.33,452.89,454.02,17883,106532
2008-08-08,454.95,454.95,437.28,442.73,31745,103860
2008-08-11,443.53,444.52,435.96,437.22,21227,102027
2008-08-12,440.07,440.94,427.52,428.72,28780,100371
2008-08-13,429.18,449.31,429.18,445.25,35352,97241
2008-08-14,444.99,456.15,437.55,439.01,23792,95996
2008-08-15,441.0,444.66,429.71,441.34,15192,95809
2008-08-18,442.8,449.77,435.62,440.34,17316,95185
2008-08-19,439.28,460.93,435.89,455.42,28717,94900
2008-08-20,454.95,462.85,446.38,451.23,18379,93274
2008-08-21,453.62,473.22,453.36,471.02,22179,92093
2008-08-22,470.16,472.55,457.65,460.51,18268,90012
2008-08-25,460.97,464.57,456.05,461.17,15293,89573
2008-08-26,463.9,465.23,449.99,454.78,23837,87899
2008-08-27,456.05,463.17,453.25,458.58,25220,81683
2008-08-28,459.24,461.71,450.72,452.65,18712,78581
2008-08-29,452.59,453.92,445.2,450.86,0,70678
2008-09-01,449.33,450.52,436.28,440.21,0,70678
2008-09-02,449.33,450.52,420.51,435.68,19112,77739
2008-09-03,441.94,443.47,432.89,440.87,11203,76738
2008-09-04,441.87,446.26,431.82,434.75,12247,76860
2008-09-05,433.29,433.29,409.26,412.45,24457,72364
2008-09-08,417.65,421.64,410.92,411.72,20829,76767
2008-09-09,412.25,416.65,405.0,410.92,16016,76798
2008-09-10,405.33,418.51,404.67,414.52,19624,77025
2008-09-11,413.98,417.18,407.06,415.65,14716,78477
2008-09-12,416.91,429.96,415.52,425.17,15138,78548
2008-09-15,424.57,428.96,406.93,417.51,20839,78129
2008-09-16,413.59,415.25,402.0,411.19,21363,76698
2008-09-17,410.52,415.98,403.54,405.0,17250,75942
2008-09-18,411.32,421.31,399.34,408.13,17246,75445
2008-09-19,408.13,430.96,403.73,422.84,15893,75055
2008-09-22,423.64,439.68,420.64,433.29,14524,74125
2008-09-23,434.95,438.21,416.11,419.58,17264,74489
2008-09-24,419.58,423.5,410.39,413.52,12212,75305
2008-09-25,414.32,417.98,409.13,417.25,15558,76311
2008-09-26,417.51,417.71,405.33,409.26,10801,75279
2008-09-29,409.66,409.66,379.38,386.9,15334,75999
2008-09-30,381.97,386.5,368.06,383.24,17517,78214
2008-10-01,384.83,390.62,365.93,371.32,16804,79850
2008-10-02,367.59,375.91,346.5,349.76,16134,79360
2008-10-03,350.09,361.8,342.24,358.08,19315,79195
2008-10-06,352.09,352.09,313.15,331.85,19569,79994
2008-10-07,328.53,345.3,319.81,337.38,15572,80024
2008-10-08,322.07,341.37,304.17,313.48,18553,80365
2008-10-09,309.49,324.47,300.31,320.27,12425,81478
2008-10-10,305.5,306.1,272.88,285.46,21274,80808
2008-10-13,290.39,314.22,287.53,307.83,12930,79306
2008-10-14,311.89,336.71,310.75,318.74,18894,80670
2008-10-15,319.47,319.67,285.66,294.25,16138,81861
2008-10-16,287.46,295.31,271.62,277.61,18027,83191
2008-10-17,288.72,297.44,271.82,290.12,13822,83453
2008-10-20,286.2,301.44,279.14,281.74,14167,82905
2008-10-21,283.27,289.86,265.16,267.16,18963,83603
2008-10-22,267.63,269.29,240.4,248.32,18691,83830
2008-10-23,243.8,249.19,228.69,240.2,19952,82451
2008-10-24,248.92,250.25,220.44,224.5,16165,81121
2008-10-27,224.96,244.46,216.51,240.27,18813,80639
2008-10-28,234.28,259.51,229.02,247.39,16678,79285
2008-10-29,256.91,282.2,246.19,277.94,20509,79415
2008-10-30,273.55,289.12,247.66,251.65,19758,79548
2008-10-31,252.78,254.25,230.69,243.47,21340,79759
2008-11-03,249.19,257.11,237.01,244.93,16897,78867
2008-11-04,246.06,268.09,237.01,260.64,15494,77976
2008-11-05,260.9,261.44,240.34,242.13,29148,77819
2008-11-06,242.0,242.4,226.96,229.69,22351,76769
2008-11-07,228.96,238.81,224.7,225.89,26153,77278
2008-11-10,230.02,251.59,230.02,233.22,23883,75684
2008-11-11,234.41,236.61,218.64,219.37,23914,77148
2008-11-12,220.97,224.96,208.99,220.37,21977,77278
2008-11-13,210.32,230.42,210.32,216.18,17748,78845
2008-11-14,228.82,232.35,223.3,227.36,21983,78318
2008-11-17,228.29,228.42,215.25,220.5,22005,79651
2008-11-18,217.91,226.49,213.18,221.24,21930,80583
2008-11-19,224.63,224.63,211.39,213.18,22020,80577
2008-11-20,210.99,214.98,205.06,209.72,25861,79677
2008-11-21,205.06,218.84,202.53,210.19,23128,77301
2008-11-24,214.31,228.96,207.06,222.5,23316,75712
2008-11-25,222.5,227.29,214.58,220.17,23054,72046
2008-11-26,221.44,230.75,217.84,225.16,21375,69700
2008-11-28,226.09,227.82,214.98,219.57,7896,69276
2008-12-01,220.5,222.97,212.58,217.11,10517,69222
2008-12-02,213.85,217.11,209.65,213.05,11569,70029
2008-12-03,211.65,212.52,201.8,206.93,13814,69688
2008-12-04,205.86,208.66,192.75,195.61,13678,69812
2008-12-05,193.68,195.41,180.5,182.83,14033,69391
2008-12-08,186.36,205.0,185.36,199.4,14697,69676
2008-12-09,201.4,201.6,187.82,192.15,11523,69033
2008-12-10,189.69,202.2,189.69,199.07,11159,68212
2008-12-11,198.21,205.0,195.61,201.27,10370,69008
2008-12-12,198.47,198.87,183.16,190.15,13252,69886
2008-12-15,193.55,198.21,185.03,187.03,10120,70629
2008-12-16,185.96,192.35,183.03,183.5,11227,71777
2008-12-17,191.22,191.28,176.84,182.77,13673,73098
2008-12-18,183.7,184.56,171.25,173.25,9883,74290
2008-12-19,171.38,178.37,171.38,176.58,8701,74123
2008-12-22,175.64,194.28,175.64,179.1,8282,74212
2008-12-23,178.37,179.7,169.79,170.52,9280,74625
2008-12-24,170.92,175.18,169.19,169.59,3695,75065
2008-12-26,171.52,176.11,167.06,173.51,3279,74391
2008-12-29,176.11,176.91,171.72,174.58,5019,75584
2008-12-30,174.18,177.04,171.12,175.78,12157,74252
2008-12-31,176.38,188.29,174.91,187.69,9843,74989
2009-01-02,185.76,197.67,182.57,194.48,12651,74576
2009-01-05,195.54,199.4,188.49,194.21,20195,75285
2009-01-06,193.35,211.25,193.02,210.72,15528,76356
2009-01-07,211.25,215.98,199.67,201.2,19543,77027
2009-01-08,200.47,202.67,192.55,196.88,23250,76971
2009-01-09,197.54,208.32,196.21,207.59,23660,80870
2009-01-12,206.26,212.45,193.68,198.14,18190,81274
2009-01-13,195.41,206.59,188.16,205.93,18927,81996
2009-01-14,203.13,205.66,193.15,198.01,19206,85229
2009-01-15,196.68,201.47,190.82,193.48,16932,84812
2009-01-16,198.61,208.32,198.14,203.33,15261,84144
2009-01-20,203.6,209.65,195.01,200.27,13429,83617
2009-01-21,195.68,202.0,189.82,190.82,14027,84118
2009-01-22,196.81,197.41,184.36,185.83,14535,85427
2009-01-23,190.35,196.88,182.77,195.94,15621,85908
2009-01-26,195.28,217.11,192.08,211.19,20373,84832
2009-01-27,205.33,216.31,193.61,197.61,19407,84113
2009-01-28,198.87,206.79,195.94,199.14,13573,87898
2009-01-29,198.81,199.94,189.16,194.01,16915,87786
2009-01-30,194.61,196.34,187.22,195.48,17193,87263
2009-02-02,193.02,195.15,186.23,190.49,11743,88584
2009-02-03,191.88,204.33,191.75,202.6,17913,87299
2009-02-04,203.93,208.92,200.07,203.8,17567,86367
2009-02-05,201.07,206.33,197.14,199.67,26331,87059
2009-02-06,200.94,217.57,200.8,216.78,34057,86172
2009-02-09,215.64,220.3,212.58,214.71,28875,85472
2009-02-10,213.51,217.97,206.39,209.79,29130,83934
2009-02-11,206.99,210.05,198.01,205.0,25731,82767
2009-02-12,207.26,208.19,199.94,204.26,18527,85095
2009-02-13,206.26,209.79,203.13,204.8,18949,84539
2009-02-17,204.8,205.26,188.56,189.42,37547,89405
2009-02-18,191.42,192.88,187.22,191.15,22683,90070
2009-02-19,191.68,198.74,191.15,195.81,22963,87807
2009-02-20,193.75,195.61,185.69,188.49,23636,88080
2009-02-23,190.73,197.17,188.56,190.86,25243,86459
2009-02-24,190.2,202.83,187.44,197.3,27011,84903
2009-02-25,201.91,203.48,197.7,202.17,18911,82944
2009-02-26,201.18,211.11,200.59,207.69,19285,83451
2009-02-27,206.44,207.56,194.28,202.37,15847,80635
2009-03-02,203.81,203.81,198.09,199.41,12418,79264
2009-03-03,200.06,214.53,199.28,211.05,24432,80939
2009-03-04,211.38,228.48,209.47,222.82,15431,81282
2009-03-05,225.58,226.24,214.93,217.49,15711,81047
2009-03-06,215.98,226.04,215.19,222.16,16991,82463
2009-03-09,216.37,223.74,213.88,215.65,17595,83942
2009-03-10,216.9,224.4,215.52,221.57,17390,86966
2009-03-11,221.64,223.35,212.89,213.81,15955,89359
2009-03-12,214.53,222.29,208.48,213.68,16306,91152
2009-03-13,217.16,223.15,215.39,218.94,14771,91160
2009-03-16,219.27,230.84,218.28,229.79,14620,90152
2009-03-17,227.49,231.9,224.66,226.77,13237,92910
2009-03-18,226.9,232.75,222.75,225.78,15860,93769
2009-03-19,230.45,240.45,229.4,237.75,16206,96969
2009-03-20,238.14,243.73,235.05,236.24,12833,95246
2009-03-23,236.76,246.63,236.76,242.16,14179,95501
2009-03-24,244.19,247.15,234.13,237.55,14398,95501
2009-03-25,234.79,240.05,232.16,237.16,14485,96656
2009-03-26,236.76,246.89,236.43,244.0,17392,97124
2009-03-27,245.31,249.52,236.96,241.5,12390,98512
2009-03-30,239.72,242.81,230.51,232.29,17582,97032
2009-03-31,232.36,244.52,232.22,242.62,20523,96572
2009-04-01,241.83,245.71,236.24,243.21,28696,96608
2009-04-02,245.18,250.64,242.16,248.6,30420,96005
2009-04-03,248.6,264.78,246.1,263.14,43778,103064
2009-04-06,261.75,267.94,254.26,257.68,23612,102969
2009-04-07,257.81,264.65,254.72,261.75,29262,102332
2009-04-08,260.83,264.78,256.03,262.87,27393,102698
2009-04-09,262.68,273.59,261.16,272.41,32834,102957
2009-04-13,275.63,285.23,274.91,279.58,30232,104465
2009-04-14,281.35,293.98,273.92,278.2,38164,106758
2009-04-15,284.77,293.85,275.7,289.25,41151,105086
2009-04-16,293.52,293.72,282.01,285.36,26228,105810
2009-04-17,285.76,290.03,279.84,288.59,32539,104189
2009-04-20,288.06,288.65,272.28,276.68,30246,101094
2009-04-21,274.38,276.49,263.46,274.51,34610,103736
2009-04-22,273.59,277.22,266.53,271.94,25838,104409
2009-04-23,269.43,277.22,259.34,262.77,28890,106719
2009-04-24,263.03,272.34,258.02,270.55,22011,104784
2009-04-27,269.76,273.06,257.42,262.04,22047,105526
2009-04-28,261.18,263.82,250.82,252.93,19817,106170
2009-04-29,253.07,267.85,252.21,264.62,11464,103949
2009-04-30,265.6,273.59,263.1,270.22,13098,104636
2009-05-01,269.43,279.79,268.9,277.28,13210,104442
2009-05-04,278.93,286.39,278.93,282.96,14950,104068
2009-05-05,282.43,287.32,272.47,274.84,17969,104619
2009-05-06,273.72,290.55,272.01,288.63,15739,104419
2009-05-07,288.83,292.59,279.0,285.67,17295,106098
2009-05-08,285.34,291.14,277.02,283.16,19741,105241
2009-05-11,283.09,284.28,271.61,275.64,18920,106689
2009-05-12,274.32,284.41,272.27,275.31,20337,108470
2009-05-13,277.42,280.32,265.87,268.05,19768,106396
2009-05-14,266.59,270.55,259.6,267.52,17127,105995
2009-05-15,268.84,270.09,260.46,266.26,19159,105875
2009-05-18,266.4,273.79,261.18,273.46,21168,106158
2009-05-19,272.93,280.98,270.55,273.13,18462,105791
2009-05-20,273.85,282.43,272.14,278.01,18563,106395
2009-05-21,277.02,277.15,265.74,270.69,19451,107391
2009-05-22,271.87,279.99,269.37,276.82,16220,106947
2009-05-26,276.56,283.42,269.23,282.56,21140,107631
2009-05-27,282.43,284.94,276.16,279.92,18236,109040
2009-05-28,276.36,285.67,274.38,282.04,20054,108312
2009-05-29,281.31,291.01,281.11,290.02,23841,110403
2009-06-01,290.48,307.31,288.04,306.06,21033,110544
2009-06-02,304.54,310.54,300.91,303.22,28710,111357
2009-06-03,303.68,308.23,290.28,291.93,23822,114127
2009-06-04,292.99,305.92,291.41,303.68,29102,111957
2009-06-05,303.68,308.04,294.57,301.44,28764,111766
2009-06-08,299.59,304.67,294.38,297.35,35225,112070
2009-06-09,301.3,313.12,298.27,312.19,27077,109820
2009-06-10,311.67,316.15,308.56,312.39,32079,113346
2009-06-11,312.59,324.33,309.82,322.69,38103,115130
2009-06-12,321.56,322.03,311.47,313.25,30525,113509
2009-06-15,314.37,316.02,299.46,301.57,25743,112894
2009-06-16,302.36,305.79,294.71,297.68,27568,115321
2009-06-17,295.37,301.11,292.33,298.2,21922,113503
2009-06-18,296.95,300.51,293.19,299.85,28546,113747
2009-06-19,298.14,302.95,293.32,297.02,35655,113345
2009-06-22,296.56,296.56,280.34,281.58,27239,113366
2009-06-23,280.66,290.91,278.89,290.51,29585,109536
2009-06-24,289.4,302.33,285.52,299.58,24646,110244
2009-06-25,300.76,308.18,294.85,304.17,23429,110174
2009-06-26,304.37,308.05,300.5,303.25,20025,107827
2009-06-29,301.55,309.56,296.23,305.49,23166,106627
2009-06-30,305.75,310.61,293.8,298.39,24725,104189
2009-07-01,298.66,311.13,298.2,306.08,19427,103022
2009-07-02,306.73,307.85,297.61,302.79,19002,100212
2009-07-03,301.61,303.52,296.42,297.41,17002,99883
2009-07-06,298.2,298.46,289.66,297.15,17400,102805
2009-07-07,297.08,301.68,289.0,292.29,22519,102426
2009-07-08,289.07,294.19,281.32,283.55,21184,102672
2009-07-09,284.08,294.65,283.03,293.86,16866,102515
2009-07-10,291.83,294.59,287.17,290.45,16183,102946
2009-07-13,290.91,294.13,286.71,291.96,24597,102527
2009-07-14,293.93,303.52,291.43,301.94,25582,106268
2009-07-15,301.87,315.93,301.48,314.15,17784,108533
2009-07-16,313.43,316.52,309.56,313.83,18121,111321
2009-07-17,313.63,320.33,310.87,318.23,20275,112047
2009-07-20,317.64,326.96,316.52,324.27,20305,114049
2009-07-21,324.6,327.62,319.21,321.9,24653,115991
2009-07-22,322.56,333.33,319.15,331.69,26330,120775
2009-07-23,330.24,333.4,324.73,331.49,15217,120765
2009-07-24,327.68,334.12,326.96,331.23,19956,121650
2009-07-27,332.34,338.71,330.64,334.25,23619,120312
2009-07-28,334.25,337.73,328.01,331.03,25258,120479
2009-07-29,332.41,333.46,321.77,325.38,29823,120268
2009-07-30,325.65,338.19,323.35,336.74,23878,122905
2009-07-31,335.5,345.68,334.31,344.56,28669,122086
2009-08-03,345.15,363.67,344.69,359.66,23840,120725
2009-08-04,360.84,367.61,353.82,367.15,27988,121925
2009-08-05,365.57,372.8,361.04,369.32,26476,121538
2009-08-06,370.24,370.43,357.63,361.44,31896,121904
2009-08-07,360.12,368.86,354.47,365.84,38886,121379
2009-08-10,365.84,373.85,361.76,363.87,36688,119130
2009-08-11,364.46,368.92,358.94,359.4,37499,117741
2009-08-12,359.47,372.4,354.93,370.83,46619,117705
2009-08-13,372.27,384.81,369.64,382.71,47022,117633
2009-08-14,383.63,387.31,370.5,372.47,35983,119391
2009-08-17,372.99,372.99,358.09,363.87,33264,118798
2009-08-18,362.16,369.71,357.36,362.68,36196,116703
2009-08-19,363.8,366.75,347.71,362.55,46085,116454
2009-08-20,363.47,367.61,357.1,360.06,34147,115912
2009-08-21,360.38,379.49,355.59,378.31,41606,117927
2009-08-24,377.79,383.87,375.76,383.08,41776,117545
2009-08-25,379.1,381.06,372.23,375.63,27191,118454
2009-08-26,372.56,382.43,371.06,376.09,35846,118467
2009-08-27,377.79,379.29,371.58,375.44,30158,119479
2009-08-28,377.33,390.8,377.27,385.7,34046,120710
2009-08-31,388.12,390.73,365.76,369.49,26290,118116
2009-09-01,371.32,380.01,365.83,368.44,30237,119527
2009-09-02,365.63,371.12,358.18,369.42,29572,116384
2009-09-03,369.49,376.35,363.87,374.52,22837,116109
2009-09-04,375.17,378.77,370.27,374.72,28955,116109
2009-09-08,373.8,389.69,371.78,386.42,30864,118148
2009-09-09,386.02,388.7,379.23,382.23,22228,119838
2009-09-10,379.42,386.48,370.27,376.02,26172,116969
2009-09-11,376.42,381.25,369.29,372.1,24948,119981
2009-09-14,370.6,370.6,361.12,366.61,23892,119062
2009-09-15,366.68,374.33,365.37,371.91,19001,119358
2009-09-16,372.89,386.09,371.78,383.87,25702,121312
2009-09-17,385.63,386.29,377.07,378.57,21620,121690
2009-09-18,379.82,380.73,363.61,364.06,21175,119480
2009-09-21,363.87,370.14,359.55,366.74,22177,119641
2009-09-22,367.53,378.05,366.02,374.46,20451,117248
2009-09-23,375.44,376.09,360.66,367.07,22930,117769
2009-09-24,360.8,366.29,351.12,354.19,27823,116710
2009-09-25,352.3,358.64,349.42,358.25,22461,115644
2009-09-28,357.98,358.64,348.05,356.48,15441,113815
2009-09-29,354.26,359.42,351.25,356.74,19688,113404
2009-09-30,355.24,369.75,354.72,368.51,34145,115816
2009-10-01,367.92,368.97,353.67,357.79,24520,115085
2009-10-02,355.31,356.22,345.11,350.53,25498,115723
2009-10-05,351.51,358.18,346.81,356.48,18537,115846
2009-10-06,356.94,367.99,356.48,364.0,18537,119080
2009-10-07,361.58,366.55,359.62,363.34,18537,118778
2009-10-08,364.52,379.23,364.06,378.9,34255,120904
2009-10-09,377.33,377.99,368.97,370.99,21632,120826
2009-10-12,372.56,376.09,370.99,373.48,12908,122198
2009-10-13,371.91,377.2,360.27,365.31,26122,121664
2009-10-14,369.16,373.87,366.81,371.84,20709,123053
2009-10-15,372.56,376.68,363.02,373.74,23644,123664
2009-10-16,374.26,375.83,367.33,371.97,21353,123341
2009-10-19,371.97,388.12,366.74,387.79,34975,129819
2009-10-20,386.55,392.04,380.73,383.28,35584,133100
2009-10-21,382.43,399.69,377.85,396.87,36970,136583
2009-10-22,393.8,396.22,389.16,391.91,25481,136378
2009-10-23,394.78,400.27,391.38,396.68,25481,136378
2009-10-26,396.61,401.19,389.03,393.61,29216,135666
2009-10-27,390.01,395.96,384.85,392.04,31961,138431
2009-10-28,393.61,396.61,381.58,383.08,34216,140842
2009-10-29,382.1,397.33,381.45,396.03,32996,139956
2009-10-30,396.55,398.71,384.59,386.35,34818,138676
2009-11-02,387.59,390.53,382.04,384.98,40346,138234
2009-11-03,387.07,390.8,378.44,386.42,32726,140662
2009-11-04,389.29,394.59,387.14,391.25,31840,139903
2009-11-05,391.84,391.84,384.72,386.55,26110,142583
2009-11-06,387.92,392.76,382.36,385.96,180,139686
2009-11-09,386.55,392.43,386.29,387.92,43752,140807
2009-11-10,388.51,391.71,383.93,387.14,46509,143866
2009-11-11,386.81,397.07,385.7,387.72,43732,146588
2009-11-12,389.82,392.3,383.02,385.31,50816,146932
2009-11-13,384.13,388.84,383.15,388.57,37735,146953
2009-11-16,388.57,408.84,388.57,405.7,61382,151366
2009-11-17,405.37,408.38,401.91,406.35,33457,150458
2009-11-18,407.33,414.65,404.52,406.61,34708,150939
2009-11-19,410.54,410.54,400.67,402.76,33371,150059
2009-11-20,404.2,409.1,398.9,406.29,35364,152487
2009-11-23,409.01,415.36,407.45,409.92,41609,151940
2009-11-24,409.2,411.21,404.34,407.52,47093,152001
2009-11-25,409.27,416.59,408.56,414.45,41415,153406
2009-11-27,415.82,418.73,391.64,405.19,44057,149199
2009-11-30,405.7,412.77,402.66,411.86,30564,148090
2009-12-01,412.51,419.77,409.01,418.86,27185,148809
2009-12-02,417.05,424.31,415.82,422.43,24246,148447
2009-12-03,422.95,424.5,419.12,420.68,24534,151501
2009-12-04,419.32,424.57,413.68,419.7,30964,151512
2009-12-07,415.43,418.08,409.14,416.01,24171,149745
2009-12-08,414.97,420.68,407.13,410.31,31021,147950
2009-12-09,409.4,413.81,402.72,404.93,27734,148087
2009-12-10,406.55,407.52,399.48,402.27,26762,147958
2009-12-11,404.34,408.88,402.59,406.16,23245,146687
2009-12-14,407.06,410.18,403.24,408.62,13932,146247
2009-12-15,408.17,410.69,403.43,407.26,19044,147691
2009-12-16,406.81,417.37,406.61,415.56,22580,148814
2009-12-17,414.13,415.43,403.89,405.51,23662,147321
2009-12-18,404.86,408.88,402.27,406.87,20017,147161
2009-12-21,407.52,411.47,406.61,409.46,13981,146688
2009-12-22,407.78,409.27,403.56,406.81,14087,145637
2009-12-23,406.68,416.33,404.99,415.3,19863,149577
2009-12-24,415.17,428.33,413.81,426.83,14287,152632
2009-12-28,427.03,433.51,425.21,432.54,10167,154022
2009-12-29,430.08,431.44,426.83,429.56,15995,154347
2009-12-30,428.07,435.84,426.96,433.64,14637,155968
2009-12-31,433.38,438.05,432.47,433.84,11567,154862
2010-01-04,434.29,444.53,433.84,441.55,24673,157256
2010-01-05,442.52,444.6,438.44,442.52,21346,158539
2010-01-06,443.23,456.59,442.39,453.02,30719,159959
2010-01-07,452.5,459.44,444.08,444.27,27648,161915
2010-01-08,445.18,446.99,439.67,440.84,32315,160142
2010-01-11,444.66,454.25,442.46,446.09,24973,157191
2010-01-12,446.67,448.87,428.46,434.22,37537,151321
2010-01-13,431.63,444.47,429.75,440.77,35847,147425
2010-01-14,443.36,446.47,438.57,439.15,31993,143074
2010-01-15,441.48,444.14,434.03,436.36,22922,142173
2010-01-19,436.75,448.55,435.33,446.86,30945,143012
2010-01-20,447.19,449.85,432.8,434.94,30403,141781
2010-01-21,435.33,441.61,425.41,427.16,41726,141831
2010-01-22,426.71,437.34,423.53,433.9,43382,141486
2010-01-25,431.18,441.09,430.92,439.86,29694,141233
2010-01-26,438.57,440.32,428.58,432.93,32449,140683
2010-01-27,432.93,435.2,411.47,417.76,45675,137197
2010-01-28,414.45,420.48,400.78,401.62,51651,135526
2010-01-29,404.28,408.88,393.39,395.72,49335,137169
2010-02-01,394.1,403.11,387.68,399.74,37464,132478
2010-02-02,403.05,405.06,395.79,400.52,37305,132113
2010-02-03,400.65,407.58,382.89,385.48,66205,132170
2010-02-04,386.39,391.64,370.25,373.23,49757,130015
2010-02-05,371.41,376.41,364.41,370.44,60580,131187
2010-02-08,372.06,380.04,370.83,377.64,49703,126834
2010-02-09,373.49,389.43,372.91,387.23,62841,124076
2010-02-10,388.59,390.86,379.91,387.49,58994,123945
2010-02-11,387.36,408.23,386.32,406.22,66535,124137
2010-02-12,406.09,407.06,393.32,399.61,46496,123185
2010-02-16,400.19,418.21,397.15,417.63,61923,126363
2010-02-17,414.07,423.66,414.07,419.96,50166,122790
2010-02-18,419.38,431.5,412.25,425.93,52075,125886
2010-02-19,425.41,436.04,416.4,435.2,54093,127294
2010-02-22,434.68,436.36,425.99,428.69,45707,124202
2010-02-23,427.53,433.39,413.56,416.59,53040,126394
2010-02-24,417.55,421.09,410.98,419.03,51283,124981
2010-02-25,416.97,423.41,407.76,413.43,54214,124233
2010-02-26,416.01,424.38,412.53,422.96,37815,124234
2010-03-01,435.71,449.11,427.86,431.46,52449,125413
2010-03-02,430.88,439.83,423.73,439.38,35751,125878
2010-03-03,438.61,447.17,431.59,442.41,46385,127443
2010-03-04,440.73,442.41,431.27,434.75,38473,128931
2010-03-05,434.75,445.44,433.46,440.15,33362,129569
2010-03-08,440.22,446.27,436.03,439.25,31530,128992
2010-03-09,441.12,441.12,432.11,439.38,32177,127613
2010-03-10,437.77,443.83,431.53,433.78,39052,128203
2010-03-11,435.33,437.84,429.98,434.94,33468,129116
2010-03-12,436.61,438.74,432.56,435.33,24942,130100
2010-03-15,435.71,436.81,423.73,426.95,27566,128416
2010-03-16,427.86,435.84,426.31,433.39,30998,130126
2010-03-17,434.55,442.54,434.23,440.22,26044,129002
2010-03-18,441.06,441.51,434.75,437.32,23558,130231
2010-03-19,437.19,440.99,432.3,434.36,27313,129869
2010-03-22,434.94,436.48,426.37,435.39,35071,130813
2010-03-23,436.03,439.12,432.49,435.2,24239,132494
2010-03-24,434.68,436.29,427.73,430.88,28980,134820
2010-03-25,428.89,436.23,427.66,435.39,30455,135277
2010-03-26,431.91,442.28,429.85,438.29,33298,135874
2010-03-29,439.38,456.25,439.38,455.35,40474,140537
2010-03-30,456.45,460.76,450.84,458.96,36274,141499
2010-03-31,457.09,460.25,453.55,457.67,40416,147020
2010-04-01,457.48,464.43,455.42,461.6,30629,149988
2010-04-05,461.53,468.3,460.5,467.72,19761,149797
2010-04-06,468.3,468.62,463.72,465.85,35288,151388
2010-04-07,466.24,468.17,458.89,463.34,41592,152843
2010-04-08,461.73,462.37,455.29,461.92,42912,148592
2010-04-09,461.73,466.69,460.18,462.37,43390,148439
2010-04-12,463.53,473.96,456.83,459.09,54973,148731
2010-04-13,458.51,464.05,456.45,463.72,73322,150306
2010-04-14,462.89,466.11,462.05,465.01,47412,154932
2010-04-15,465.72,466.94,459.02,463.72,55942,155061
2010-04-16,462.69,464.95,449.69,452.65,62187,155405
2010-04-19,453.1,453.23,444.6,450.39,48496,154257
2010-04-20,453.94,457.54,449.81,452.52,56320,153954
2010-04-21,453.1,455.8,446.92,455.29,49650,154882
2010-04-22,452.22,454.71,445.75,448.76,57234,153326
2010-04-23,450.49,453.3,445.11,451.83,58168,153445
2010-04-26,452.73,458.23,452.47,454.07,43548,153882
2010-04-27,453.62,454.46,431.04,432.89,75629,151824
2010-04-28,433.4,436.03,427.96,433.4,68112,148441
2010-04-29,435.39,436.8,426.68,428.8,45623,149340
2010-04-30,429.82,434.3,426.88,429.18,38758,147488
2010-05-03,429.5,430.46,418.94,421.5,27199,146794
2010-05-04,421.69,425.92,405.95,406.78,49555,142318
2010-05-05,405.76,410.24,384.64,403.33,69932,139398
2010-05-06,403.33,410.69,390.34,398.91,64417,137123
2010-05-07,393.86,406.85,391.87,402.43,57246,132064
2010-05-10,408.32,418.17,405.25,413.12,37955,133729
2010-05-11,412.99,414.33,400.38,410.37,38390,130991
2010-05-12,406.02,415.17,401.22,408.0,37575,132185
2010-05-13,406.46,417.09,406.4,413.57,37321,130273
2010-05-14,412.1,413.12,398.91,401.09,38305,130420
2010-05-17,398.53,399.68,372.93,375.24,51702,135115
2010-05-18,379.59,392.77,376.39,387.91,43402,128554
2010-05-19,383.49,385.67,374.53,378.76,49988,127815
2010-05-20,383.04,389.76,371.21,376.84,58311,129985
2010-05-21,377.03,398.59,376.45,391.75,56401,128536
2010-05-24,395.52,403.26,391.43,402.82,35030,128582
2010-05-25,399.17,399.23,384.9,389.31,45470,128730
2010-05-26,395.27,399.11,390.72,394.24,30361,126840
2010-05-27,390.53,407.1,389.7,404.22,33021,125818
2010-05-28,405.38,407.87,395.33,397.31,32840,126107
2010-06-01,398.27,402.11,386.31,392.0,37481,127018
2010-06-02,389.06,392.26,380.16,389.12,38098,128477
2010-06-03,391.87,394.75,374.41,377.09,37676,130659
2010-06-04,377.6,382.92,357.06,360.84,51704,133526
2010-06-07,358.98,359.56,348.11,353.99,51187,131673
2010-06-08,352.52,359.5,349.38,355.72,52996,131799
2010-06-09,358.34,368.45,352.65,364.74,63705,130683
2010-06-10,360.9,371.78,358.54,366.34,51807,130681
2010-06-11,370.25,376.9,367.05,371.65,62078,134486
2010-06-14,374.66,386.88,374.02,382.92,39903,138090
2010-06-15,380.1,387.78,377.48,384.52,43630,137265
2010-06-16,387.65,390.21,378.05,383.36,37490,137999
2010-06-17,382.47,383.24,369.8,371.85,47991,133158
2010-06-18,374.53,374.85,364.04,369.09,43831,133166
2010-06-21,373.7,388.16,373.13,376.52,40491,141034
2010-06-22,375.12,383.58,372.76,383.01,46751,135524
2010-06-23,378.49,383.2,373.34,375.88,56476,135354
2010-06-24,377.34,385.68,376.58,384.72,47114,135427
2010-06-25,383.64,396.81,380.02,395.79,66922,136069
2010-06-28,392.48,397.32,390.38,393.06,44886,134492
2010-06-29,393.31,394.14,371.94,372.83,49785,131254
2010-06-30,373.27,378.43,365.19,375.37,41115,131960
2010-07-01,370.22,373.53,363.29,366.02,40316,131999
2010-07-02,368.37,376.33,368.25,370.98,25094,123856
2010-07-06,372.57,384.21,369.58,377.98,33289,129332
2010-07-07,377.15,386.44,374.48,383.58,23597,123459
2010-07-08,386.5,388.6,380.52,383.64,25118,123131
2010-07-09,385.42,390.64,383.7,388.48,21584,129771
2010-07-12,388.86,389.94,379.76,382.81,25967,123938
2010-07-13,384.85,386.12,378.11,383.9,25300,125523
2010-07-14,386.63,388.79,379.82,382.75,33589,130099
2010-07-15,381.67,387.39,380.02,383.2,30307,131527
2010-07-16,384.21,385.49,372.57,372.7,37911,134149
2010-07-19,373.15,376.9,372.13,373.78,29202,134997
2010-07-20,372.95,385.49,372.95,381.86,42678,134900
2010-07-21,384.66,395.22,381.41,393.5,53889,134397
2010-07-22,390.45,406.22,387.71,402.6,54194,132139
2010-07-23,402.28,410.42,399.99,405.21,33362,132869
2010-07-26,406.8,411.95,402.79,410.04,34702,138650
2010-07-27,410.61,411.76,404.06,407.94,42865,137115
2010-07-28,406.86,415.38,405.33,412.9,37750,133116
2010-07-29,411.88,419.45,410.49,418.56,36919,133711
2010-07-30,417.1,421.94,413.09,421.3,35794,133220
2010-08-02,421.3,432.11,420.03,431.22,37376,141541
2010-08-03,431.29,431.6,423.33,427.28,33608,140323
2010-08-04,426.52,433.89,424.03,433.13,41161,146098
2010-08-05,432.56,433.64,422.7,426.64,41401,146880
2010-08-06,425.18,430.01,423.02,425.31,54268,142370
2010-08-09,427.47,431.8,424.42,426.71,40811,140234
2010-08-10,427.47,428.23,416.21,421.43,51497,135777
2010-08-11,422.0,424.1,412.01,413.98,51217,133651
2010-08-12,411.06,419.33,411.06,417.8,56958,144182
2010-08-13,418.06,421.36,411.69,413.73,46674,135713
2010-08-16,413.92,420.15,413.16,417.23,29058,141288
2010-08-17,417.36,426.45,416.53,424.73,40599,141528
2010-08-18,423.91,426.83,420.47,426.13,48637,140155
2010-08-19,425.05,431.29,418.75,422.19,43789,140070
2010-08-20,422.83,423.84,413.41,418.69,38220,135807
2010-08-23,419.26,421.22,416.29,418.82,24918,133539
2010-08-24,418.0,418.82,405.98,412.43,58309,135399
2010-08-25,410.28,414.71,404.59,408.58,43715,133446
2010-08-26,411.23,421.66,409.97,420.46,55453,135600
2010-08-27,417.87,430.51,417.17,427.92,62891,140520
2010-08-30,436.2,437.47,429.75,433.61,36928,139943
2010-08-31,430.51,430.89,424.32,426.09,43673,138417
2010-09-01,427.42,440.75,426.53,439.68,35453,136241
2010-09-02,438.92,443.09,437.72,441.96,21883,137214
2010-09-03,441.58,446.89,438.86,442.52,29978,139919
2010-09-07,441.7,446.89,432.41,438.79,29640,137079
2010-09-08,437.85,444.42,436.33,442.59,32768,138197
2010-09-09,441.26,442.78,429.0,435.38,45124,141199
2010-09-10,433.42,436.39,429.25,430.7,27506,140927
2010-09-13,431.59,441.7,431.52,439.87,23353,141905
2010-09-14,440.88,442.21,433.42,438.54,29748,141028
2010-09-15,436.39,439.74,434.05,438.29,22807,141023
2010-09-16,438.73,444.67,435.38,441.7,26917,142966
2010-09-17,440.75,449.16,440.75,445.31,28458,143858
2010-09-20,445.12,449.54,441.83,443.09,19054,143504
2010-09-21,443.41,446.06,439.05,440.12,27943,142955
2010-09-22,440.25,453.97,439.93,450.74,36026,145642
2010-09-23,451.37,455.1,449.98,453.97,24791,145665
2010-09-24,452.26,459.72,450.81,457.44,26800,147213
2010-09-27,459.72,460.73,453.65,454.79,24181,146701
2010-09-28,453.4,460.16,451.25,459.85,29194,147602
2010-09-29,459.47,464.46,457.63,462.94,28633,147647
2010-09-30,461.74,463.89,457.7,461.68,34494,148532
2010-10-01,462.12,470.59,461.93,466.61,27123,149076
2010-10-04,467.43,470.21,461.87,463.26,22738,149147
2010-10-05,463.51,473.5,460.79,471.16,33183,153457
2010-10-06,471.04,479.13,470.72,474.51,29300,154453
2010-10-07,475.71,478.5,462.31,465.22,49792,154523
2010-10-08,466.42,480.64,462.31,477.23,49091,160567
2010-10-11,478.43,482.98,476.98,479.13,29412,158094
2010-10-12,478.62,482.16,470.02,479.13,41794,158917
2010-10-13,480.96,485.64,479.82,483.05,35395,159719
2010-10-14,483.05,488.99,475.59,482.41,37341,160061
2010-10-15,481.47,488.61,479.76,485.39,48780,162519
2010-10-18,485.01,490.57,477.67,487.41,34678,164917
2010-10-19,486.97,488.99,470.53,475.08,58255,162855
2010-10-20,471.29,482.73,470.34,479.63,38406,165100
2010-10-21,480.71,486.78,476.09,478.12,48894,164431
2010-10-22,476.28,482.41,474.32,480.08,38457,164469
2010-10-25,482.1,491.77,481.72,488.42,37582,166204
2010-10-26,487.54,492.21,485.45,489.18,37632,167063
2010-10-27,490.7,493.1,475.46,477.36,45326,164799
2010-10-28,477.67,484.18,476.16,478.87,37956,164464
2010-10-29,478.56,478.87,468.25,472.05,40952,161220
2010-11-01,473.88,482.48,473.82,478.56,31515,162777
2010-11-02,478.56,485.64,476.66,485.39,29497,163209
2010-11-03,483.62,486.71,475.78,478.56,44851,163713
2010-11-04,486.14,495.25,482.04,494.62,50226,171817
2010-11-05,494.3,505.17,494.3,499.23,50226,169144
2010-11-08,500.81,503.4,495.63,500.24,57229,165638
2010-11-09,500.49,511.75,496.58,511.18,64840,164045
2010-11-10,503.4,508.46,498.35,501.82,54669,161732
2010-11-11,503.47,516.3,501.63,508.59,53135,160644
2010-11-12,509.72,512.06,490.57,492.28,63207,159684
2010-11-15,491.52,499.86,486.71,496.26,55566,159291
2010-11-16,494.49,497.21,465.98,471.29,75225,152332
2010-11-17,470.59,476.41,455.99,471.54,74010,149748
2010-11-18,471.54,486.21,469.52,484.37,53909,150781
2010-11-19,485.58,489.62,478.05,484.69,48068,150659
2010-11-22,485.32,489.23,471.45,474.54,55637,152087
2010-11-23,476.87,478.07,462.62,468.1,59069,146054
2010-11-24,467.85,477.75,467.85,475.1,52465,147544
2010-11-26,474.73,479.33,467.66,474.6,42884,148593
2010-11-29,474.22,480.53,468.17,475.23,51619,146498
2010-11-30,475.55,484.0,469.24,482.55,50829,148249
2010-12-01,480.34,498.31,477.69,497.94,38163,151413
2010-12-02,498.76,504.18,495.92,501.91,35702,153482
2010-12-03,501.34,505.82,497.68,504.43,30437,154530
2010-12-06,507.02,508.22,501.34,505.57,27995,155555
2010-12-07,505.57,521.14,502.03,510.8,50414,157675
2010-12-08,506.32,519.5,501.78,517.23,49602,160627
2010-12-09,518.69,524.05,511.56,515.53,39275,161389
2010-12-10,513.01,522.6,513.01,518.69,31481,162080
2010-12-13,518.75,532.62,517.11,530.67,29174,164044
2010-12-14,530.16,533.44,527.89,530.92,28004,163546
2010-12-15,530.16,532.12,515.34,521.27,37018,164069
2010-12-16,518.12,522.03,514.4,519.19,31319,164504
2010-12-17,518.5,528.78,518.37,524.61,24416,164823
2010-12-20,525.87,532.75,524.8,530.54,27392,164706
2010-12-21,531.8,541.07,528.78,539.37,29815,166422
2010-12-22,541.77,541.96,535.78,539.25,22668,166791
2010-12-23,539.25,540.51,531.05,537.16,20758,167227
2010-12-27,533.57,542.21,530.29,539.88,11589,167012
2010-12-28,540.57,546.81,540.0,545.93,17473,167334
2010-12-29,545.74,546.44,541.01,543.85,16719,167510
2010-12-30,543.98,552.36,542.9,550.28,17880,167472
2010-12-31,551.23,561.57,550.91,560.94,14158,166818
2011-01-03,561.95,567.37,557.54,562.27,19811,167313
2011-01-04,559.36,563.34,549.08,551.1,41922,166289
2011-01-05,552.87,557.47,541.2,556.02,40777,168627
2011-01-06,555.52,558.29,543.85,546.12,36654,167859
2011-01-07,545.87,548.96,536.16,540.19,47797,166235
2011-01-10,540.63,545.87,536.6,537.92,32845,166142
2011-01-11,540.76,550.22,538.99,548.58,37069,165488
2011-01-12,548.52,559.49,547.44,556.46,33693,164245
2011-01-13,557.16,558.23,547.76,552.11,38768,161983
2011-01-14,549.21,560.0,548.26,556.53,35744,164800
2011-01-18,558.86,562.96,550.79,558.55,39121,165873
2011-01-19,559.3,563.53,548.39,551.23,47138,164879
2011-01-20,549.59,553.63,533.38,538.87,52476,160378
2011-01-21,536.6,547.13,535.46,543.53,36264,161193
2011-01-24,543.53,551.54,543.53,548.52,29650,158295
2011-01-25,547.89,549.02,530.79,533.06,48123,155810
2011-01-26,536.22,542.27,532.81,538.24,29860,154569
2011-01-27,541.14,549.4,539.31,547.26,44734,154977
2011-01-28,544.92,555.9,540.63,551.61,48137,155885
2011-01-31,548.77,562.83,546.94,562.39,36897,155653
2011-02-01,562.83,574.69,560.56,573.56,44551,160259
2011-02-02,573.68,575.45,569.65,573.18,31174,161290
2011-02-03,574.94,577.72,569.46,573.24,34621,163539
2011-02-04,573.56,582.01,572.17,577.66,39861,164398
2011-02-07,577.66,584.97,572.29,577.09,48683,162437
2011-02-08,572.74,581.44,568.38,576.96,57884,162263
2011-02-09,579.17,580.75,566.43,570.65,61565,160006
2011-02-10,571.29,575.01,566.43,573.11,56924,161489
2011-02-11,573.87,577.66,565.23,572.17,59949,160588
2011-02-14,574.06,584.59,573.11,583.84,47474,161153
2011-02-15,584.53,586.48,570.28,572.17,50480,159468
2011-02-16,571.41,573.81,562.77,563.84,76582,156838
2011-02-17,566.74,569.77,556.97,565.61,64659,155960
2011-02-18,568.26,570.72,557.66,565.36,52680,155150
2011-02-22,565.36,569.13,543.6,548.63,91232,151893
2011-02-23,545.8,548.63,536.31,539.64,71891,151847
2011-02-24,543.85,548.95,533.61,546.18,85326,153364
2011-02-25,547.12,563.22,545.36,560.2,69954,148669
2011-02-28,561.27,566.68,556.49,565.42,33472,149834
2011-03-01,565.8,569.0,559.38,567.05,37357,147581
2011-03-02,561.46,568.19,560.08,565.61,27282,147164
2011-03-03,565.11,571.96,562.15,564.6,31799,146961
2011-03-04,564.73,572.65,561.46,564.04,34859,146698
2011-03-07,564.35,567.93,541.21,544.11,46287,145124
2011-03-08,546.43,548.07,534.93,545.55,43195,141773
2011-03-09,546.37,550.64,526.0,529.71,62974,140602
2011-03-10,530.02,531.78,520.09,527.82,47493,138383
2011-03-11,529.39,533.79,513.8,529.08,49949,141860
2011-03-14,531.59,531.59,520.59,526.44,38075,136775
2011-03-15,530.84,530.84,512.54,520.21,61850,134739
2011-03-16,526.88,536.94,524.36,527.82,50795,132331
2011-03-17,525.12,549.2,521.35,546.24,47848,132509
2011-03-18,546.75,550.27,540.9,545.61,32345,132613
2011-03-21,547.81,549.32,536.5,538.95,31751,135125
2011-03-22,540.27,543.16,537.06,542.35,24022,133713
2011-03-23,541.72,558.44,539.45,556.87,38857,135777
2011-03-24,556.43,560.14,552.28,556.37,35327,135922
2011-03-25,556.24,560.08,553.16,555.67,34735,135816
2011-03-28,556.74,557.75,544.67,547.0,32099,136316
2011-03-29,547.12,549.51,539.77,546.56,35091,135395
2011-03-30,547.12,550.64,533.79,537.44,49431,134097
2011-03-31,535.37,542.16,533.92,541.65,37979,132728
2011-04-01,539.26,541.97,529.64,535.49,39975,132868
2011-04-04,535.62,542.03,531.09,535.05,30516,134240
2011-04-05,534.61,539.39,529.83,536.25,37880,134293
2011-04-06,533.54,550.64,533.29,549.51,48093,135087
2011-04-07,549.89,557.94,547.0,555.36,58519,134598
2011-04-08,555.93,569.0,553.54,566.05,60678,137194
2011-04-11,569.19,570.01,558.82,560.83,59495,141485
2011-04-12,560.52,562.72,548.38,551.21,74019,142085
2011-04-13,551.15,554.17,537.94,540.02,75506,144734
2011-04-14,538.64,542.91,533.86,538.7,50237,140047
2011-04-15,541.34,542.6,532.22,535.37,49225,137722
2011-04-18,534.67,539.2,524.61,527.88,66118,135335
2011-04-19,530.02,535.81,525.87,531.85,54574,132383
2011-04-20,532.91,546.75,532.54,545.68,58528,130845
2011-04-21,546.87,553.66,543.54,553.28,59321,134657
2011-04-25,552.35,553.35,535.88,541.33,47397,132595
2011-04-26,539.95,546.15,534.94,543.33,56631,130849
2011-04-27,544.02,547.15,529.37,531.69,70480,132738
2011-04-28,534.75,541.52,529.0,533.57,53875,129624
2011-04-29,533.69,536.38,520.61,523.24,28133,128402
2011-05-02,524.24,527.12,514.28,525.36,27917,130066
2011-05-03,522.73,534.25,520.61,532.5,40771,125898
2011-05-04,531.62,532.69,516.47,517.6,41070,126258
2011-05-05,516.6,518.6,496.38,500.57,56097,124522
2011-05-06,499.07,508.27,491.81,497.76,61339,123900
2011-05-09,498.95,509.65,497.69,502.89,38720,122651
2011-05-10,507.71,511.34,501.32,506.08,34456,120303
2011-05-11,506.4,509.4,488.05,489.99,49921,122360
2011-05-12,489.81,500.01,482.48,497.13,54698,116979
2011-05-13,497.26,506.71,494.63,498.76,46385,117041
2011-05-16,501.45,503.27,494.13,499.63,35400,117777
2011-05-17,497.07,505.77,494.19,500.64,48434,119749
2011-05-18,505.33,516.35,503.7,513.97,43242,119742
2011-05-19,512.84,515.79,505.14,507.4,34867,121225
2011-05-20,506.96,519.42,505.58,516.04,37762,122043
2011-05-23,513.59,514.66,494.63,499.76,50373,121158
2011-05-24,498.01,508.09,496.07,502.45,45573,120829
2011-05-25,503.27,516.72,500.89,514.22,47548,122357
2011-05-26,513.66,517.98,509.78,514.72,40419,121526
2011-05-27,516.04,525.05,513.91,524.11,38590,122444
2011-05-31,523.17,527.43,517.73,523.05,41436,123919
2011-06-01,524.3,525.49,511.53,514.16,45569,123822
2011-06-02,511.97,516.29,504.89,511.4,43623,123248
2011-06-03,513.09,518.79,506.83,517.66,46549,125218
2011-06-06,515.66,522.61,515.66,518.6,32443,125325
2011-06-07,515.85,521.23,514.53,519.54,56393,122995
2011-06-08,519.98,520.73,507.21,514.41,64401,121504
2011-06-09,514.53,515.66,506.46,514.28,53826,121950
2011-06-10,514.28,516.22,504.33,507.84,66288,127793
2011-06-13,506.58,508.21,502.39,505.14,46584,131288
2011-06-14,505.27,521.67,504.39,520.23,67509,132616
2011-06-15,520.48,523.74,513.16,516.1,49701,131890
2011-06-16,516.54,517.41,506.65,515.54,50653,133029
2011-06-17,516.35,520.36,510.4,513.59,46153,131251
2011-06-20,513.66,514.6,501.45,510.03,53871,133405
2011-06-21,510.09,516.91,508.09,511.9,51347,133849
2011-06-22,512.09,512.96,506.54,511.9,49762,133526
2011-06-23,507.92,510.35,502.74,505.61,66255,133311
2011-06-24,510.22,518.2,508.29,512.96,54413,135040
2011-06-27,512.59,513.21,504.86,506.98,56301,125473
2011-06-28,509.79,513.9,506.98,512.03,48785,124153
2011-06-29,512.9,527.73,512.59,526.49,74562,132315
2011-06-30,526.74,534.4,524.24,533.78,44928,131951
2011-07-01,532.47,538.14,529.54,536.27,33747,134802
2011-07-05,535.96,542.69,533.78,541.88,38972,138627
2011-07-06,541.07,541.94,536.08,540.32,36246,141623
2011-07-07,540.32,553.85,539.14,553.66,47061,143166
2011-07-08,551.73,555.47,545.37,549.92,44781,143893
2011-07-11,549.73,550.92,540.2,544.44,45191,147510
2011-07-12,545.18,549.48,537.77,547.37,41107,146864
2011-07-13,547.05,553.29,545.06,548.86,46409,147465
2011-07-14,547.37,550.61,544.37,545.93,36128,146347
2011-07-15,546.62,551.73,542.82,550.04,38218,148136
2011-07-18,550.29,554.47,544.93,548.8,41390,149400
2011-07-19,549.92,560.39,548.99,556.9,36882,152876
2011-07-20,557.15,558.4,551.79,552.91,28546,154311
2011-07-21,552.91,555.84,544.06,546.37,38181,153406
2011-07-22,546.55,551.67,545.31,549.67,25462,152145
2011-07-25,548.11,550.92,544.75,549.23,33506,152576
2011-07-26,549.55,559.02,547.86,558.15,37406,156140
2011-07-27,558.33,559.46,551.04,554.22,34605,153839
2011-07-28,553.29,559.33,552.16,557.09,31344,156910
2011-07-29,558.02,561.14,549.86,558.33,50310,157475
2011-08-01,560.89,565.87,545.87,549.67,62593,157839
2011-08-02,549.17,551.54,545.06,547.8,44251,156089
2011-08-03,545.37,548.86,538.52,539.2,47590,154336
2011-08-04,540.51,543.69,525.05,527.92,63820,149993
2011-08-05,524.68,526.8,508.48,513.15,98079,135877
2011-08-08,505.92,514.15,488.91,493.77,93029,130528
2011-08-09,490.53,505.98,475.88,494.83,85919,128475
2011-08-10,502.93,507.67,482.24,484.67,83662,124729
2011-08-11,484.67,507.48,480.62,499.63,76722,127417
2011-08-12,504.18,506.42,496.2,500.06,48761,127037
2011-08-15,499.88,505.8,497.07,502.56,34080,125510
2011-08-16,502.06,504.24,492.52,497.82,36428,125673
2011-08-17,499.0,508.35,494.7,502.56,47032,125154
2011-08-18,502.93,503.93,489.53,494.33,52652,125937
2011-08-19,491.71,500.38,489.28,496.51,45979,126213
2011-08-22,494.9,500.6,489.94,493.1,43639,128576
2011-08-23,492.42,503.4,490.49,498.0,48312,126380
2011-08-24,499.3,502.28,494.22,498.25,42941,124826
2011-08-25,500.05,511.21,498.31,508.36,57231,124489
2011-08-26,508.73,514.19,504.33,510.78,67649,122347
2011-08-29,511.03,512.7,505.57,509.78,40433,119382
2011-08-30,510.78,520.02,510.59,513.75,60151,115815
2011-08-31,514.75,523.86,513.01,521.57,31468,114544
2011-09-01,520.95,521.2,511.89,516.11,30185,114022
2011-09-02,513.88,516.24,507.37,511.65,30169,114650
2011-09-06,512.33,512.64,498.93,503.15,39697,115872
2011-09-07,503.83,513.44,503.71,512.58,28972,115871
2011-09-08,512.58,515.99,506.93,514.0,31057,116623
2011-09-09,512.27,513.82,495.46,496.51,40266,118442
2011-09-12,495.52,496.08,484.42,491.92,39024,118236
2011-09-13,495.58,499.24,490.62,492.48,39862,118383
2011-09-14,492.73,497.57,481.94,483.55,55426,120347
2011-09-15,484.97,493.72,483.05,490.87,48623,120089
2011-09-16,491.49,495.89,486.9,487.7,31653,120392
2011-09-19,485.04,485.66,467.11,469.22,59276,122556
2011-09-20,470.77,474.37,459.61,462.15,46520,125531
2011-09-21,460.04,469.41,458.43,466.93,50336,127220
2011-09-22,458.86,461.47,423.26,432.75,93201,130152
2011-09-23,427.97,433.56,398.82,406.88,90477,124873
2011-09-26,411.6,416.37,381.02,407.26,82102,119830
2011-09-27,414.02,432.13,409.12,426.67,76328,119891
2011-09-28,424.44,424.81,392.62,402.73,69670,119102
2011-09-29,395.22,408.06,382.07,402.67,76094,118407
2011-09-30,400.68,411.6,385.3,391.01,83271,119832
2011-10-03,389.52,394.36,371.41,390.82,79764,124785
2011-10-04,378.48,391.38,376.0,384.99,70123,121499
2011-10-05,388.9,393.3,375.31,385.3,64691,123350
2011-10-06,387.91,406.95,386.85,402.73,50697,123839
2011-10-07,406.02,414.08,404.16,406.08,57221,121461
2011-10-10,406.88,420.65,406.57,417.8,41677,120951
2011-10-11,416.93,420.16,400.74,408.19,48691,122868
2011-10-12,406.26,423.2,401.74,420.96,50181,122362
2011-10-13,416.5,418.61,407.63,410.23,61959,125126
2011-10-14,412.84,425.68,410.92,422.83,47240,124344
2011-10-17,426.42,429.65,413.89,419.04,55167,127958
2011-10-18,413.58,424.31,404.09,416.81,73556,129014
2011-10-19,418.55,418.98,397.71,404.16,53617,130476
2011-10-20,399.63,401.3,376.0,379.28,67524,133701
2011-10-21,382.7,406.64,381.7,399.81,58625,132500
2011-10-24,402.61,430.45,399.81,427.85,64367,133105
2011-10-25,429.28,439.01,416.56,424.31,68384,129893
2011-10-26,423.45,445.09,421.27,432.94,72839,129390
2011-10-27,434.11,461.65,433.93,457.99,70782,130257
2011-10-28,459.61,465.19,448.5,459.73,55542,131987
2011-10-31,464.01,464.26,442.55,450.55,56108,127571
2011-11-01,447.76,453.65,429.46,434.49,62588,126363
2011-11-02,434.61,450.24,431.38,444.22,47286,125639
2011-11-03,444.53,447.7,430.95,445.15,62839,126836
2011-11-04,445.53,453.22,439.7,442.18,46456,126861
2011-11-07,442.92,453.22,433.0,438.58,52360,126326
2011-11-08,444.35,445.34,434.86,438.27,59852,123572
2011-11-09,439.45,446.58,420.28,426.86,67851,125808
2011-11-10,421.89,425.37,411.6,418.55,58756,128408
2011-11-11,418.79,431.57,414.7,429.65,59095,131167
2011-11-14,430.95,444.78,430.58,432.69,46942,130331
2011-11-15,432.81,436.84,428.47,434.36,48851,129991
2011-11-16,434.24,438.89,425.49,432.25,51605,128448
2011-11-17,430.08,433.18,416.44,419.6,70115,127891
2011-11-18,417.8,426.79,413.21,422.02,49356,126916
2011-11-21,421.58,422.95,405.89,409.74,61335,125477
2011-11-22,409.92,418.13,409.06,413.26,55516,124189
2011-11-23,410.54,417.33,400.91,406.41,65979,122632
2011-11-25,404.62,411.28,397.27,405.36,63103,121344
2011-11-28,408.01,421.59,408.01,416.16,75780,114543
2011-11-29,415.35,421.4,412.95,418.5,53341,112374
2011-11-30,418.32,448.68,407.95,441.34,75436,115044
2011-12-01,440.53,444.3,434.18,436.21,47284,112745
2011-12-02,437.08,448.5,435.41,442.45,42398,112885
2011-12-05,442.57,448.8,437.39,446.27,39624,112623
2011-12-06,438.44,445.23,435.1,441.34,46352,113252
2011-12-07,442.32,446.15,434.67,438.93,42664,112315
2011-12-08,439.24,444.92,429.43,432.02,51146,112606
2011-12-09,430.72,443.74,428.99,439.12,44039,114085
2011-12-12,440.29,440.84,423.99,427.57,40857,114558
2011-12-13,426.22,431.34,416.96,424.8,44571,115993
2011-12-14,418.01,422.88,401.96,404.68,65527,116803
2011-12-15,404.49,411.03,399.0,403.26,48372,117682
2011-12-16,403.38,416.9,403.38,411.16,47376,117525
2011-12-19,412.89,414.31,402.7,408.38,45450,115442
2011-12-20,407.7,418.44,405.54,415.91,38697,116050
2011-12-21,417.21,424.24,413.38,419.0,31565,115553
2011-12-22,418.38,423.38,414.74,421.59,25411,116516
2011-12-23,421.96,429.43,421.34,428.25,17772,116369
2011-12-27,426.46,426.59,415.35,420.79,13293,117153
2011-12-28,420.79,425.72,413.44,415.42,27406,117433
2011-12-29,414.12,419.86,410.42,415.97,25338,119911
2011-12-30,418.13,426.9,416.9,424.12,34843,119911
2012-01-03,426.34,436.83,426.34,435.54,42146,120794
2012-01-04,434.61,435.04,422.14,423.93,45105,121344
2012-01-05,423.87,429.55,417.76,422.95,40276,122728
2012-01-06,421.09,427.7,418.87,423.99,40355,122046
2012-01-09,423.93,424.86,416.96,421.65,55710,123090
2012-01-10,422.64,434.18,420.17,433.62,53117,126638
2012-01-11,432.02,438.99,428.38,437.7,70632,127192
2012-01-12,438.19,453.12,434.73,450.41,62042,127802
2012-01-13,449.3,455.35,441.77,448.93,70663,127802
2012-01-17,448.56,463.99,443.62,460.35,53659,132457
2012-01-18,459.61,465.65,456.15,463.18,50937,135789
2012-01-19,463.8,471.7,463.74,469.11,61249,136757
2012-01-20,470.53,473.24,460.53,462.26,47174,138836
2012-01-23,463.0,471.45,459.42,468.86,56494,141223
2012-01-24,470.9,472.26,462.81,469.97,60857,142751
2012-01-25,471.83,476.08,464.11,472.69,55400,141864
2012-01-26,475.16,482.69,472.81,481.58,47949,145833
2012-01-27,480.16,486.21,476.82,480.03,51684,148057
2012-01-30,480.65,480.65,468.68,472.32,66600,149841
2012-01-31,472.94,478.43,464.73,467.81,53866,151787
2012-02-01,467.94,474.97,464.48,474.23,58015,152459
2012-02-02,472.75,475.34,464.97,466.7,60301,153135
2012-02-03,467.63,483.18,466.27,481.58,46769,159506
2012-02-06,481.58,481.64,472.5,477.01,79764,159844
2012-02-07,478.61,479.05,468.31,478.43,73733,160030
2012-02-08,477.63,485.71,475.65,482.56,100430,157510
2012-02-09,482.38,492.44,478.06,491.08,84232,158290
2012-02-10,490.46,491.08,474.29,476.7,91988,161643
2012-02-13,478.37,482.38,471.02,473.92,71715,165431
2012-02-14,473.06,476.33,467.07,470.84,54687,164491
2012-02-15,473.06,478.0,467.81,469.23,74084,166128
2012-02-16,469.73,471.39,460.1,467.94,69597,167762
2012-02-17,470.28,473.0,455.9,457.69,113640,167762
2012-02-21,463.49,474.54,459.67,473.55,70197,162525
2012-02-22,473.55,475.34,468.44,473.31,74749,157285
2012-02-23,473.31,474.11,465.98,469.8,88601,159654
2012-02-24,470.84,479.03,466.9,476.69,84870,157871
2012-02-27,477.06,479.96,471.89,479.03,78552,155336
2012-02-28,479.03,487.47,476.32,483.04,69027,153312
2012-02-29,482.55,487.96,468.69,477.86,52702,153141
2012-03-01,475.89,485.13,474.05,484.27,43661,155208
2012-03-02,484.27,486.49,479.03,480.76,47185,154710
2012-03-05,480.94,484.39,472.44,475.4,66737,155347
2012-03-06,475.89,478.3,459.51,460.37,60077,152741
2012-03-07,460.56,466.35,457.48,464.01,54383,151306
2012-03-08,464.5,471.89,463.76,467.02,61287,149326
2012-03-09,467.39,477.62,466.59,475.28,41098,150429
2012-03-12,474.85,476.08,470.17,472.69,54912,150081
2012-03-13,473.37,482.67,473.18,480.7,50105,150968
2012-03-14,481.87,482.61,471.21,473.98,52605,150621
2012-03-15,472.32,480.76,471.15,480.08,57404,153352
2012-03-16,479.96,485.32,476.39,477.68,43162,154738
2012-03-19,478.48,482.79,474.85,481.5,46129,156561
2012-03-20,481.01,481.62,469.73,471.83,41804,154394
2012-03-21,472.88,476.69,471.46,473.68,58720,155689
2012-03-22,472.51,475.09,462.22,463.82,53373,153941
2012-03-23,464.75,471.15,463.45,469.12,58249,151005
2012-03-26,468.75,480.33,467.46,478.85,54420,151197
2012-03-27,480.02,480.88,474.85,477.93,56438,152037
2012-03-28,476.39,476.69,465.92,467.15,58953,150735
2012-03-29,468.19,470.29,463.39,467.64,60718,148933
2012-03-30,468.81,474.48,468.75,471.15,68363,146636
2012-04-02,474.23,484.39,471.58,482.98,54183,153877
2012-04-03,481.74,487.53,478.05,482.73,58438,156569
2012-04-04,479.03,479.59,466.72,466.9,55786,151423
2012-04-05,467.02,471.4,464.93,467.52,55786,151423
2012-04-09,465.49,468.01,456.37,458.22,120350,149932
2012-04-10,458.09,465.92,448.98,449.6,98990,148468
2012-04-11,451.32,452.43,447.19,448.3,94253,148665
2012-04-12,447.69,459.57,447.62,458.28,102530,149681
2012-04-13,458.22,458.53,444.11,446.76,79076,158949
2012-04-16,446.76,448.3,439.62,446.89,91947,159972
2012-04-17,446.89,450.15,441.53,449.23,73419,159119
2012-04-18,448.79,452.61,444.91,447.25,75799,154648
2012-04-19,446.95,450.21,443.13,446.82,74692,155840
2012-04-20,446.95,457.29,446.45,455.51,83474,157175
2012-04-23,454.03,454.71,444.02,446.6,98169,159841
2012-04-24,446.84,454.22,446.6,452.37,106938,159256
2012-04-25,452.37,457.54,451.02,455.63,106640,158066
2012-04-26,456.86,466.02,454.22,463.74,85078,152388
2012-04-27,464.42,471.85,461.41,470.07,58556,153198
2012-04-30,471.48,474.56,466.57,470.62,40851,145397
2012-05-01,471.55,473.82,468.47,472.34,44483,144241
2012-05-02,471.73,471.85,462.88,465.4,50913,143961
2012-05-03,465.15,465.89,458.03,459.13,54717,143039
2012-05-04,459.13,461.47,455.02,457.29,40461,145852
2012-05-07,455.63,464.36,450.59,463.74,62536,146913
2012-05-08,462.76,462.76,449.36,451.94,74474,144583
2012-05-09,453.36,454.03,443.65,449.73,60382,144083
2012-05-10,450.04,456.37,447.77,453.54,61388,144730
2012-05-11,452.19,452.68,444.45,448.32,76161,145550
2012-05-14,448.32,451.58,430.25,436.77,66104,148592
2012-05-15,431.67,437.32,428.41,432.28,73021,147934
2012-05-16,430.74,431.97,423.86,427.43,62144,148229
2012-05-17,427.43,432.77,424.35,427.55,59550,149275
2012-05-18,425.71,432.1,421.71,426.26,7054,151578
2012-05-21,423.99,434.8,422.26,430.38,53132,148985
2012-05-22,433.69,434.25,424.23,428.53,73214,150189
2012-05-23,425.71,427.36,416.18,417.35,69151,152071
2012-05-24,423.8,424.17,418.39,421.34,52417,150135
2012-05-25,421.83,426.14,419.99,423.74,102120,150266
2012-05-29,423.86,431.17,423.8,425.46,82966,148694
2012-05-30,426.63,426.69,414.46,416.61,85628,150045
2012-05-31,416.06,418.52,410.65,413.6,95072,150045
2012-06-01,412.62,415.08,405.55,407.21,108983,154951
2012-06-04,407.21,412.06,397.93,406.41,60965,153238
2012-06-05,409.05,411.88,402.85,404.2,69416,156252
2012-06-06,405.74,415.63,404.94,415.26,111590,151505
2012-06-07,414.58,421.59,409.24,414.22,95860,152923
2012-06-08,413.91,413.97,401.07,403.71,86239,148296
2012-06-11,416.92,417.84,406.41,410.84,92122,149631
2012-06-12,406.29,412.74,405.92,409.91,88888,152084
2012-06-13,411.14,414.09,406.53,410.41,64127,156624
2012-06-14,408.62,414.65,407.82,412.25,63016,151671
2012-06-15,413.36,420.24,412.62,415.81,88373,150222
2012-06-18,423.13,427.36,413.85,417.29,91089,146533
2012-06-19,416.86,422.69,414.52,421.96,74774,144845
2012-06-20,420.79,421.9,412.49,416.3,86345,145701
2012-06-21,416.06,416.06,404.81,405.31,68862,148137
2012-06-22,405.06,407.57,400.22,406.35,87564,151007
2012-06-25,407.08,410.33,403.04,407.63,82934,149710
2012-06-26,408.19,409.96,404.88,407.02,76851,146442
2012-06-27,407.63,411.86,404.88,411.43,69533,143585
2012-06-28,410.58,412.78,406.47,408.37,69779,143585
2012-06-29,409.78,430.86,408.19,428.6,56528,140768
2012-07-02,428.41,429.33,423.2,425.22,60556,136296
2012-07-03,424.98,435.95,424.49,433.93,68008,139451
2012-07-05,433.74,433.93,425.29,428.17,44102,134552
2012-07-06,427.92,429.64,417.38,417.93,34535,133411
2012-07-09,418.3,421.67,416.34,420.63,4553,135796
2012-07-10,421.42,421.67,414.56,416.52,46992,134099
2012-07-11,415.36,423.2,415.36,422.59,45741,133994
2012-07-12,420.51,421.55,414.87,418.61,48319,135405
2012-07-13,419.28,429.94,418.3,429.51,32904,135223
2012-07-16,429.51,430.0,424.8,427.19,52239,135633
2012-07-17,427.49,430.56,420.75,423.57,37817,138098
2012-07-18,425.16,427.0,421.06,425.84,60638,138328
2012-07-19,425.84,434.54,425.29,433.25,60622,141232
2012-07-20,432.33,432.52,418.97,422.65,66640,137600
2012-07-23,421.36,422.22,409.66,414.31,56703,141843
2012-07-24,414.31,416.95,409.23,411.01,60072,142395
2012-07-25,412.23,417.26,408.43,413.64,71231,141232
2012-07-26,415.05,421.42,411.07,415.97,72321,140695
2012-07-27,415.66,421.55,414.19,419.95,47525,142090
2012-07-30,420.32,423.57,417.07,418.73,51893,142663
2012-07-31,419.46,423.75,418.11,418.91,58984,142774
2012-08-01,418.91,420.01,410.09,413.7,84913,145765
2012-08-02,411.92,414.81,403.1,403.34,61783,151469
2012-08-03,404.69,413.58,404.32,412.78,41059,148127
2012-08-06,412.48,415.85,409.9,415.42,68402,148846
2012-08-07,414.07,422.77,413.09,421.73,57720,145059
2012-08-08,420.32,420.81,417.13,419.4,72603,142310
2012-08-09,419.28,422.04,417.2,419.83,57647,147243
2012-08-10,419.83,419.83,411.92,415.85,56850,150976
2012-08-13,416.77,417.01,409.66,411.07,61707,155604
2012-08-14,411.07,414.31,408.98,411.74,43394,156244
2012-08-15,410.64,413.4,408.68,410.58,54261,157004
2012-08-16,410.82,415.17,409.6,414.62,59766,155700
2012-08-17,414.62,419.77,413.7,419.16,50499,153983
2012-08-20,419.4,419.52,411.07,413.21,85680,152931
2012-08-21,413.7,424.92,413.09,423.26,62440,149461
2012-08-22,421.0,427.12,420.33,423.2,83441,148489
2012-08-23,425.59,430.11,424.12,427.85,65695,145791
2012-08-24,426.69,428.03,423.45,426.75,65937,145239
2012-08-27,426.2,429.44,424.12,425.89,65090,143586
2012-08-28,424.98,425.28,421.73,424.24,145210,145214
2012-08-29,424.18,424.73,419.23,421.8,67346,143796
2012-08-30,420.94,427.42,419.78,421.55,55750,138559
2012-08-31,420.94,424.12,416.72,422.77,59327,136735
2012-09-04,423.14,428.03,419.78,424.24,69153,136512
2012-09-05,424.98,432.19,421.49,431.58,49180,140623
2012-09-06,430.66,432.8,427.12,430.05,82103,140488
2012-09-07,429.13,446.68,428.58,445.77,65981,143902
2012-09-10,445.7,452.49,444.3,451.09,55080,146458
2012-09-11,449.13,454.02,446.19,452.12,51985,147630
2012-09-12,450.84,456.34,447.84,451.57,53481,149248
2012-09-13,451.15,458.55,447.42,453.71,61092,149394
2012-09-14,456.41,469.37,456.16,468.7,61607,148691
2012-09-17,467.53,468.39,455.79,463.74,55999,149862
2012-09-18,460.5,464.42,457.93,463.13,51629,149098
2012-09-19,463.5,469.55,462.64,466.43,55360,149883
2012-09-20,464.48,465.7,456.59,459.71,52822,149319
2012-09-21,461.91,465.88,461.11,463.38,46266,151907
2012-09-24,462.28,462.28,454.39,456.34,49214,150774
2012-09-25,457.26,462.76,455.73,459.65,49150,152263
2012-09-26,456.28,459.4,450.11,453.71,50130,150148
2012-09-27,454.51,458.42,452.49,457.87,45638,150212
2012-09-28,458.18,461.91,457.26,459.58,47325,149589
2012-10-01,458.67,464.48,455.12,462.95,46333,152353
2012-10-02,461.79,467.47,460.81,464.84,39604,152264
2012-10-03,463.93,464.05,459.95,462.76,43753,152482
2012-10-04,461.42,466.31,460.56,463.01,44794,152795
2012-10-05,463.44,465.94,458.61,462.03,39351,153801
2012-10-08,461.05,461.05,452.74,454.69,53724,151368
2012-10-09,455.61,458.97,453.35,454.69,42696,152004
2012-10-10,455.49,455.92,451.7,454.69,47268,151151
2012-10-11,453.9,462.09,451.51,458.79,50380,156432
2012-10-12,457.99,459.4,451.64,452.86,51876,153562
2012-10-15,452.86,453.78,445.89,452.68,30403,151097
2012-10-16,452.0,455.37,450.78,452.49,54496,150296
2012-10-17,453.71,459.22,451.09,458.36,49750,156449
2012-10-18,457.81,460.44,455.06,457.75,67628,159179
2012-10-19,456.53,458.3,443.56,444.85,47576,155204
2012-10-22,444.85,446.68,441.3,442.95,47691,155204
2012-10-23,443.14,445.28,433.9,436.53,48508,153564
2012-10-24,436.84,439.96,433.84,436.35,51933,151227
2012-10-25,437.14,439.1,432.68,434.21,56281,153802
2012-10-26,434.82,436.41,430.85,434.15,38050,150107
2012-10-29,435.49,435.68,425.83,427.36,37813,152271
2012-10-30,429.13,432.01,426.99,428.77,64204,156569
2012-10-31,429.07,435.31,428.52,430.17,64350,156798
2012-11-01,429.68,436.47,429.5,434.39,55952,153967
2012-11-02,434.33,435.13,424.67,425.77,62160,154659
2012-11-05,425.28,428.34,421.73,424.36,51576,152079
2012-11-06,424.98,430.72,424.36,428.77,52296,155396
2012-11-07,429.99,433.41,419.47,420.88,98690,152262
2012-11-08,422.53,424.85,420.02,424.3,74748,145885
2012-11-09,423.87,427.05,416.17,421.37,83076,148299
2012-11-12,421.67,425.04,419.41,424.12,68267,148404
2012-11-13,424.3,427.85,418.43,424.49,73220,151884
2012-11-14,424.49,427.05,420.88,422.35,59284,150091
2012-11-15,422.35,425.46,420.82,423.45,52831,149581
2012-11-16,424.18,424.85,418.55,422.1,55074,150534
2012-11-19,422.16,432.99,421.55,431.4,72594,149151
2012-11-20,431.03,432.25,428.46,430.05,56359,147748
2012-11-21,431.46,431.58,424.55,427.54,70793,147615
2012-11-23,429.13,431.69,425.65,431.51,62785,145339
2012-11-26,431.93,433.27,428.95,432.66,86520,145854
2012-11-27,432.85,434.68,430.35,432.97,97007,145313
2012-11-28,432.6,433.15,426.08,431.32,80267,138996
2012-11-29,431.93,441.63,431.32,439.61,83374,140921
2012-11-30,439.49,445.22,437.97,445.04,72832,140746
2012-12-03,444.19,447.17,443.76,446.08,47565,140809
2012-12-04,445.47,448.52,443.03,445.71,49643,143993
2012-12-05,446.5,450.41,445.16,449.49,49729,145080
2012-12-06,448.27,449.8,442.97,444.37,52184,145581
2012-12-07,444.86,448.58,443.88,446.63,46476,148158
2012-12-10,447.17,453.45,445.77,451.87,53755,150359
2012-12-11,451.69,452.05,449.0,449.49,38443,151310
2012-12-12,449.8,453.7,448.03,453.09,44272,150675
2012-12-13,452.17,452.36,445.41,446.26,47101,151365
2012-12-14,447.54,450.47,446.75,449.06,36700,153170
2012-12-17,449.12,450.28,444.74,446.99,49637,152160
2012-12-18,448.45,449.49,443.82,445.47,40792,153815
2012-12-19,445.28,446.44,438.7,439.61,59802,152830
2012-12-20,439.8,440.59,429.56,431.14,55137,150096
2012-12-21,431.45,436.44,431.02,434.92,49791,148003
2012-12-24,434.13,436.38,432.24,432.36,15763,148449
2012-12-26,435.16,440.53,434.07,438.64,20823,149157
2012-12-27,438.27,440.41,437.66,439.07,30426,155411
2012-12-28,439.25,441.69,437.24,437.66,30663,146418
2012-12-31,437.48,445.65,436.69,445.35,29607,146548
2013-01-02,445.16,458.33,444.31,455.53,55729,150354
2013-01-03,454.98,458.33,449.92,453.21,49808,151534
2013-01-04,450.34,451.99,447.6,450.34,49389,151478
2013-01-07,451.56,452.78,445.35,448.45,46671,151668
2013-01-08,449.19,450.1,446.26,447.72,51503,156245
2013-01-09,448.64,452.05,446.81,447.54,49055,155609
2013-01-10,447.6,453.33,446.99,452.23,51326,159225
2013-01-11,452.78,453.33,445.28,445.53,50525,156462
2013-01-14,446.2,449.8,442.97,443.09,61895,157526
2013-01-15,444.37,445.16,439.68,443.52,56882,155689
2013-01-16,443.76,444.49,438.88,439.74,50595,158058
2013-01-17,441.02,447.11,439.07,446.5,63522,160317
2013-01-18,446.08,450.83,445.65,448.58,45051,159822
2013-01-22,449.19,452.05,446.5,451.75,68405,161899
2013-01-23,451.75,452.54,448.27,449.25,49348,165172
2013-01-24,447.78,450.71,446.38,448.27,45574,164751
2013-01-25,447.78,451.08,443.88,445.28,54312,165293
2013-01-28,445.77,448.33,444.37,446.44,45367,165174
2013-01-29,446.08,450.41,445.35,450.1,56008,168286
2013-01-30,449.92,457.96,449.12,457.23,73529,172235
2013-01-31,456.93,459.98,453.21,455.04,89122,177149
2013-02-01,455.71,461.62,453.58,461.44,69254,181326
2013-02-04,461.44,462.42,458.7,459.49,55004,182036
2013-02-05,459.43,461.13,458.09,459.67,51833,183941
2013-02-06,460.16,461.26,454.92,456.07,51553,184257
2013-02-07,457.23,458.15,453.7,454.43,74138,180014
2013-02-08,454.86,460.22,454.37,458.39,71327,177511
2013-02-11,458.76,459.55,452.11,453.88,64833,174186
2013-02-12,454.37,457.05,452.3,456.5,65841,174441
2013-02-13,456.87,458.7,454.31,456.32,81074,178043
2013-02-14,456.14,457.42,454.49,455.71,61662,179847
2013-02-15,456.26,457.6,453.45,455.65,74327,179929
2013-02-19,456.5,456.81,444.37,444.98,117069,178372
2013-02-20,445.89,447.48,438.03,439.92,111323,174912
2013-02-21,438.82,439.92,431.26,433.21,128326,168344
2013-02-22,434.24,437.64,429.88,430.91,106145,167569
2013-02-25,432.06,435.76,429.39,432.18,108597,166732
2013-02-26,430.06,436.19,428.84,434.85,112217,161081
2013-02-27,435.64,436.31,432.55,432.91,72305,161212
2013-02-28,434.24,437.16,430.18,430.54,70709,160553
2013-03-01,431.21,431.82,421.44,424.9,80970,157646
2013-03-04,425.02,427.99,422.65,424.96,63443,159017
2013-03-05,427.21,430.18,426.54,426.6,50318,159485
2013-03-06,427.39,429.81,423.2,423.93,55101,161481
2013-03-07,425.39,428.97,423.87,427.27,45135,160408
2013-03-08,426.96,428.9,424.66,425.87,52148,160769
2013-03-11,425.75,427.51,421.74,426.84,57093,159138
2013-03-12,427.21,434.0,424.78,431.39,72394,158500
2013-03-13,430.73,432.91,427.39,427.81,54255,163574
2013-03-14,428.36,430.79,426.17,429.21,50036,165164
2013-03-15,428.97,432.06,426.6,427.27,56052,167830
2013-03-18,425.87,425.99,413.86,416.04,87703,171125
2013-03-19,414.28,417.62,411.19,413.31,65562,168616
2013-03-20,411.67,419.13,411.49,418.29,53297,169362
2013-03-21,417.25,424.17,415.19,416.89,68481,169837
2013-03-22,417.86,421.99,416.53,420.65,49100,168555
2013-03-25,420.59,423.14,417.31,418.1,58116,170861
2013-03-26,418.95,421.93,417.31,417.8,53209,172622
2013-03-27,418.95,419.92,415.62,417.92,61123,176526
2013-03-28,419.5,420.17,412.22,412.88,65196,179631
2013-04-01,412.64,413.01,405.36,409.55,43516,179690
2013-04-02,408.88,410.88,407.61,410.03,63432,179944
2013-04-03,409.36,410.94,402.93,404.51,79587,185531
2013-04-04,403.72,409.3,401.23,406.76,78254,186127
2013-04-05,406.76,409.0,404.15,405.85,66886,185343
2013-04-08,405.54,411.91,405.24,409.12,75747,186216
2013-04-09,409.43,419.01,409.43,417.68,96382,182719
2013-04-10,416.53,417.92,412.88,414.83,78889,184768
2013-04-11,414.77,417.74,411.25,416.71,87480,187994
2013-04-12,416.59,416.65,403.78,406.57,91445,189633
2013-04-15,405.72,407.06,387.58,397.23,172794,189642
2013-04-16,397.23,401.54,391.16,401.17,114375,187450
2013-04-17,401.23,402.39,385.15,386.85,147508,187082
2013-04-18,385.52,389.76,371.38,388.91,155863,181272
2013-04-19,388.98,388.98,377.45,382.12,133569,178624
2013-04-22,382.6,383.99,374.02,379.82,130896,175912
2013-04-23,379.52,379.82,370.7,374.99,148526,172312
2013-04-24,374.39,386.53,373.0,382.36,117678,171618
2013-04-25,383.15,394.5,381.76,391.72,133022,166883
2013-04-26,393.17,397.34,383.81,384.9,60617,162206
2013-04-29,383.93,391.66,381.21,389.79,62816,162766
2013-04-30,389.43,392.33,383.21,385.08,61896,166042
2013-05-01,385.32,386.11,367.56,372.09,68244,168123
2013-05-02,370.4,379.04,370.4,375.05,85601,163989
2013-05-03,375.66,400.72,375.23,400.42,133332,164016
2013-05-06,398.73,402.29,396.25,399.94,49221,157883
2013-05-07,398.31,404.41,394.2,398.97,93165,158787
2013-05-08,399.21,410.63,397.58,407.19,90969,160097
2013-05-09,406.64,408.15,400.48,403.56,72522,156965
2013-05-10,402.9,409.0,399.15,405.07,85799,159221
2013-05-13,407.73,408.39,403.2,405.86,55342,158942
2013-05-14,405.07,408.21,395.65,397.22,68152,159750
2013-05-15,397.82,400.06,389.49,394.44,76843,159140
2013-05-16,396.01,400.24,390.39,398.0,83038,161068
2013-05-17,397.04,404.17,396.31,401.45,60938,160762
2013-05-20,400.78,407.43,395.17,405.92,69730,162316
2013-05-21,405.62,408.52,401.39,403.92,63393,162304
2013-05-22,403.08,412.92,403.02,408.39,86765,164525
2013-05-23,407.19,407.19,394.68,399.15,88737,164680
2013-05-24,401.51,402.23,396.43,398.13,50165,164646
2013-05-28,397.76,404.17,394.74,400.48,68867,165931
2013-05-29,399.88,401.57,395.29,398.31,61132,166057
2013-05-30,398.49,402.11,393.47,400.54,74169,165586
2013-05-31,400.54,402.35,394.5,397.76,60321,165349
2013-06-03,396.37,404.41,396.37,402.35,69252,165638
2013-06-04,402.72,408.03,401.33,407.01,68918,168538
2013-06-05,406.64,410.51,404.59,407.31,63944,168774
2013-06-06,406.82,407.25,399.09,400.96,65466,169016
2013-06-07,401.93,403.86,392.75,394.86,92717,175500
2013-06-10,392.75,392.81,386.83,391.54,81635,177835
2013-06-11,391.12,396.86,383.33,385.98,83122,181231
2013-06-12,385.68,390.39,382.12,389.67,81536,185423
2013-06-13,389.06,391.84,381.82,384.78,107052,191162
2013-06-14,388.28,389.49,385.14,386.77,67963,191447
2013-06-17,386.83,391.18,384.35,386.29,77540,190465
2013-06-18,386.41,389.0,379.16,381.15,83348,194877
2013-06-19,380.85,383.45,377.23,379.46,82429,192963
2013-06-20,378.68,379.1,366.84,369.92,130727,190503
2013-06-21,367.86,375.11,364.72,373.96,112135,187352
2013-06-24,372.58,373.96,361.12,365.34,106817,183022
2013-06-25,366.24,372.94,360.15,371.07,121652,178746
2013-06-26,369.98,373.18,364.31,366.79,126681,174500
2013-06-27,367.93,371.25,366.12,369.08,81300,172868
2013-06-28,368.66,372.64,363.77,368.84,62396,175024
2013-07-01,367.33,382.95,365.88,380.84,74858,172432
2013-07-02,380.36,381.93,377.22,379.15,60260,170977
2013-07-03,378.43,383.49,377.94,382.95,53895,170845
2013-07-05,382.29,383.43,367.75,369.74,73492,171849
2013-07-08,371.25,375.17,368.9,373.9,45068,170412
2013-07-09,374.14,375.89,364.92,369.68,64834,169108
2013-07-10,369.74,373.9,365.64,372.88,65208,167555
2013-07-11,373.54,386.15,372.76,383.31,86479,163488
2013-07-12,383.31,385.24,378.31,380.6,45346,160787
2013-07-15,381.2,382.29,376.92,379.33,43498,162349
2013-07-16,379.81,385.0,377.94,384.4,47026,163870
2013-07-17,382.95,385.79,375.47,377.4,72745,162774
2013-07-18,377.94,378.73,374.75,377.76,38447,162547
2013-07-19,377.52,381.5,375.47,378.79,49336,162186
2013-07-22,379.45,387.84,379.27,384.22,64249,162440
2013-07-23,383.13,388.2,381.62,385.79,51334,161805
2013-07-24,387.23,390.13,381.8,383.49,64040,161979
2013-07-25,383.98,385.48,380.0,384.28,53752,161331
2013-07-26,384.88,385.3,373.3,374.63,65069,163984
2013-07-29,374.57,376.07,372.27,374.87,57459,162444
2013-07-30,374.99,375.11,366.3,366.97,55299,166158
2013-07-31,366.85,377.46,366.42,376.2,75030,166371
2013-08-01,376.2,384.52,374.21,381.93,79881,165501
2013-08-02,380.96,386.75,377.82,382.71,64507,166413
2013-08-05,382.95,384.7,379.75,382.17,49768,165323
2013-08-06,382.11,387.11,379.69,382.77,69723,163880
2013-08-07,382.77,384.7,377.4,382.77,87597,164354
2013-08-08,384.28,395.62,382.95,394.53,125310,166187
2013-08-09,393.69,400.2,391.09,398.87,95799,162766
2013-08-12,398.69,401.59,396.16,398.45,88715,160504
2013-08-13,399.54,403.28,397.19,400.14,87831,161593
2013-08-14,399.9,404.06,397.49,402.92,79737,163712
2013-08-15,403.1,405.75,396.52,402.61,95333,161377
2013-08-16,405.09,407.74,402.8,405.69,72991,160440
2013-08-19,405.93,406.9,400.68,401.95,62737,159176
2013-08-20,402.07,403.22,398.45,402.67,61589,160062
2013-08-21,401.65,402.13,396.52,398.87,63606,160387
2013-08-22,399.42,406.28,397.67,401.52,82781,162505
2013-08-23,402.19,405.5,399.84,404.11,63055,159316
2013-08-26,404.11,408.81,397.73,400.62,57730,159976
2013-08-27,400.74,406.82,399.24,401.64,87596,156847
2013-08-28,401.1,403.93,398.09,398.69,83813,152979
2013-08-29,399.06,400.32,391.77,392.61,79136,151462
2013-08-30,391.83,394.9,388.1,389.3,57164,146523
2013-09-03,391.41,400.68,390.75,397.91,78627,149072
2013-09-04,398.39,398.51,388.7,390.26,50060,146836
2013-09-05,391.11,392.67,387.74,390.63,41872,148405
2013-09-06,390.81,396.04,390.14,392.73,39370,148213
2013-09-09,393.46,397.25,392.43,394.72,31830,149075
2013-09-10,395.02,396.95,391.71,392.85,39906,149202
2013-09-11,393.22,395.32,392.01,392.19,33911,149671
2013-09-12,394.18,394.42,384.3,386.53,59647,150806
2013-09-13,385.33,388.58,384.18,385.75,43797,149611
2013-09-16,389.72,395.14,385.09,387.98,49392,149155
2013-09-17,387.19,390.14,385.15,388.1,39931,149173
2013-09-18,388.28,401.52,386.05,394.78,56856,150532
2013-09-19,399.24,404.17,398.69,403.03,47855,150213
2013-09-20,403.33,404.53,397.67,399.84,44696,149758
2013-09-23,398.45,398.81,393.09,397.19,49278,148234
2013-09-24,396.83,397.07,389.6,392.13,44133,147511
2013-09-25,392.97,394.72,391.71,394.0,33639,147273
2013-09-26,393.82,400.26,392.67,398.21,46136,148259
2013-09-27,397.37,401.1,396.35,400.92,40026,150304
2013-09-30,398.57,402.13,396.65,400.14,42344,151271
2013-10-01,400.32,401.88,391.23,394.24,55955,148001
2013-10-02,395.14,399.72,391.11,399.3,47899,148469
2013-10-03,398.45,400.38,392.73,393.58,42984,146685
2013-10-04,394.9,399.42,392.31,397.49,39484,147787
2013-10-07,397.19,398.93,393.03,396.95,40193,146607
2013-10-08,397.31,399.96,395.26,396.47,47113,147936
2013-10-09,396.11,397.19,387.74,389.06,71133,149040
2013-10-10,388.7,391.65,387.13,391.17,62140,149342
2013-10-11,390.57,394.18,388.34,393.64,54246,148610
2013-10-14,393.52,399.48,390.69,397.73,41497,149033
2013-10-15,396.83,398.57,395.08,398.27,41517,149819
2013-10-16,397.61,400.86,392.97,398.33,62144,151114
2013-10-17,398.45,400.38,393.88,397.01,53192,150037
2013-10-18,397.49,399.84,395.8,397.25,47209,149303
2013-10-21,396.71,398.75,395.2,397.79,29264,149118
2013-10-22,397.61,403.99,396.89,401.64,72252,154924
2013-10-23,401.4,401.52,392.55,393.46,68954,150494
2013-10-24,393.4,395.08,390.81,392.97,57009,149199
2013-10-25,393.46,394.12,389.42,393.64,60021,152494
2013-10-28,394.48,395.62,392.19,393.64,39242,153215
2013-10-29,392.91,396.89,390.87,394.72,55320,154336
2013-10-30,394.66,400.74,394.12,400.44,89050,156840
2013-10-31,398.75,399.72,396.35,397.43,73469,156802
2013-11-01,397.43,400.5,396.23,397.19,49223,154427
2013-11-04,397.19,398.39,391.05,391.71,64118,150443
2013-11-05,392.97,394.54,390.51,392.37,53615,148624
2013-11-06,392.85,394.72,387.98,389.78,61285,153535
2013-11-07,390.69,392.25,388.4,391.17,79139,155034
2013-11-08,390.2,393.28,388.16,391.83,75793,155860
2013-11-11,392.85,394.48,390.57,392.49,61443,157385
2013-11-12,391.83,392.31,386.65,389.42,81605,163264
2013-11-13,387.74,388.04,379.61,380.45,111803,170939
2013-11-14,380.93,383.34,378.34,380.57,77178,174241
2013-11-15,380.69,383.46,378.58,381.84,62038,176724
2013-11-18,381.47,382.68,378.95,379.25,61971,178616
2013-11-19,379.37,382.08,376.18,380.21,87575,173106
2013-11-20,379.91,382.98,378.58,380.45,58722,171875
2013-11-21,378.64,385.27,378.22,384.3,76407,167225
2013-11-22,384.18,387.55,382.98,386.65,87269,166223
2013-11-25,387.37,392.65,385.15,388.03,78145,163552
2013-11-26,388.03,389.17,385.15,386.71,77608,158398
2013-11-27,385.27,388.45,382.02,383.28,75386,156960
2013-11-29,384.18,387.49,382.62,385.03,62478,154136
2013-12-02,384.97,386.23,380.64,382.32,48952,159606
2013-12-03,381.42,382.32,379.38,380.52,34091,160042
2013-12-04,379.8,390.67,379.68,390.31,82027,156603
2013-12-05,388.09,389.29,386.05,387.97,40918,154444
2013-12-06,386.89,391.63,386.53,390.25,53312,156161
2013-12-09,389.95,391.57,388.15,391.39,36516,157093
2013-12-10,390.85,393.91,390.07,392.41,54794,159552
2013-12-11,392.53,395.9,391.21,395.84,66937,158221
2013-12-12,394.88,397.7,394.28,395.9,59848,156371
2013-12-13,395.48,398.78,393.91,397.88,48536,158620
2013-12-16,397.28,400.28,396.5,399.98,46318,159333
2013-12-17,399.2,400.7,397.82,399.02,38998,159879
2013-12-18,398.42,400.04,396.26,398.72,46636,161090
2013-12-19,399.08,399.26,393.43,395.9,43924,159131
2013-12-20,396.38,398.54,395.36,397.4,39126,158842
2013-12-23,397.1,398.24,396.32,397.34,27047,160060
2013-12-24,397.46,414.16,396.98,405.33,32891,164932
2013-12-26,406.17,408.57,404.61,408.27,19908,166065
2013-12-27,407.25,408.33,404.85,406.65,42373,168392
2013-12-30,406.41,407.55,405.03,406.35,25972,167444
2013-12-31,405.87,409.41,404.43,408.03,30862,167024
2014-01-02,408.27,411.39,405.57,406.23,49785,168432
2014-01-03,406.65,406.95,401.9,403.05,42291,169306
2014-01-06,402.5,404.19,400.1,403.59,44608,170740
2014-01-07,403.59,404.37,401.48,403.59,42385,169588
2014-01-08,403.23,405.69,400.64,401.54,48552,166854
2014-01-09,401.54,403.23,395.06,396.32,63902,163426
2014-01-10,395.84,402.02,395.18,401.42,53881,166686
2014-01-13,401.84,405.27,398.18,402.02,51592,164246
2014-01-14,401.54,402.5,398.9,400.76,35952,163296
2014-01-15,400.34,404.07,397.4,403.41,59446,163892
2014-01-16,402.68,404.79,399.86,401.54,42859,161373
2014-01-17,400.88,404.13,399.62,401.78,35973,160570
2014-01-21,401.42,403.41,398.24,402.56,62667,160115
2014-01-22,401.96,403.05,399.2,400.88,37412,158390
2014-01-23,399.56,401.06,393.61,394.7,73356,156246
2014-01-24,393.85,396.38,391.69,393.01,55530,152999
2014-01-27,391.75,394.94,390.85,391.51,50414,151680
2014-01-28,391.21,393.25,389.95,390.79,46141,152829
2014-01-29,390.61,392.71,388.87,389.29,47083,151198
2014-01-30,389.77,391.45,385.81,387.61,54349,150288
2014-01-31,387.25,388.09,383.28,384.06,51537,151240
2014-02-03,383.64,384.72,381.42,382.44,42879,150757
2014-02-04,382.26,385.21,381.72,383.46,53487,151800
2014-02-05,383.7,386.35,382.62,383.04,42653,153264
2014-02-06,383.46,389.83,383.34,387.91,56608,154894
2014-02-07,387.37,390.19,387.13,388.75,70412,158346
2014-02-10,389.35,390.79,386.17,387.37,65915,163589
2014-02-11,386.77,388.39,384.72,386.23,69273,164996
2014-02-12,387.67,392.05,387.01,391.15,86237,164185
2014-02-13,390.73,391.15,386.71,390.43,84959,172712
2014-02-14,390.61,392.83,389.77,392.17,49303,171066
2014-02-18,391.33,398.84,390.79,394.7,89103,162959
2014-02-19,394.34,396.68,393.25,394.7,69863,156717
2014-02-20,393.25,395.06,390.67,393.91,72461,152617
2014-02-21,394.04,395.78,392.83,395.36,62227,146910
2014-02-24,395.11,395.24,388.57,392.93,70692,147211
2014-02-25,392.14,394.51,388.81,391.35,58556,146265
2014-02-26,390.57,392.93,386.62,389.96,76678,144492
2014-02-27,387.66,389.72,386.08,388.2,62488,143567
2014-02-28,388.63,389.54,385.41,386.56,52243,143972
2014-03-03,386.81,387.78,382.8,384.68,53649,146329
2014-03-04,384.75,390.75,383.96,389.84,57635,145295
2014-03-05,389.41,392.39,388.2,388.38,42384,142664
2014-03-06,388.26,390.38,387.35,390.26,39970,140915
2014-03-07,390.14,390.51,373.16,373.83,105688,149174
2014-03-10,373.22,373.22,363.28,367.65,91206,150924
2014-03-11,368.92,370.74,356.79,358.0,95378,155791
2014-03-12,357.76,361.58,352.67,359.22,106046,156840
2014-03-13,358.49,361.04,353.46,354.49,69650,160207
2014-03-14,353.64,359.28,353.15,357.82,51927,159541
2014-03-17,357.09,362.13,354.3,358.0,58629,159941
2014-03-18,357.76,362.92,356.43,357.94,56887,159542
2014-03-19,357.88,363.58,348.91,362.25,118915,154743
2014-03-20,361.34,363.34,353.33,355.15,71688,158251
2014-03-21,355.52,361.4,353.76,357.82,48303,154746
2014-03-24,357.4,360.07,354.24,357.22,47373,156608
2014-03-25,356.97,366.13,356.49,364.49,72632,154057
2014-03-26,363.04,365.4,358.91,359.64,52325,159609
2014-03-27,359.46,364.07,359.28,362.98,48610,155517
2014-03-28,363.1,369.65,362.67,368.86,60134,155661
2014-03-31,369.53,369.89,366.25,366.92,52403,155120
2014-04-01,367.28,369.04,365.89,368.01,37185,153098
2014-04-02,368.31,372.8,368.01,369.34,59838,155388
2014-04-03,368.37,368.55,364.8,367.1,54632,156604
2014-04-04,367.71,371.22,365.34,366.55,50263,158266
2014-04-07,366.92,370.5,360.98,368.62,78876,156778
2014-04-08,368.86,371.4,367.04,370.01,77586,153322
2014-04-09,370.37,370.8,364.67,368.31,91431,155706
2014-04-10,368.92,369.89,366.43,369.28,74054,159990
2014-04-11,368.49,373.53,366.98,368.86,98270,162191
2014-04-14,368.8,371.28,367.46,369.59,45212,162117
2014-04-15,367.65,369.53,359.64,362.31,102355,164022
2014-04-16,362.98,371.34,361.58,366.92,93932,157639
2014-04-17,367.28,370.43,366.55,369.28,42929,156681
2014-04-21,368.55,370.5,367.65,369.04,26888,154893
2014-04-22,368.92,370.38,366.66,369.71,68281,152890
2014-04-23,369.59,370.99,367.76,370.38,79037,150113
2014-04-24,370.38,377.14,369.83,376.29,89436,144540
2014-04-25,375.99,377.94,374.16,376.9,61928,142221
2014-04-28,376.78,378.3,375.56,376.9,72367,138683
2014-04-29,376.96,377.57,373.67,374.46,54976,138987
2014-04-30,374.58,375.25,367.39,368.92,63212,141046
2014-05-01,367.7,369.71,365.93,368.19,34431,140090
2014-05-02,368.74,375.13,367.21,374.1,41942,140693
2014-05-05,374.46,375.56,368.55,372.09,20768,141383
2014-05-06,372.03,373.61,371.36,372.51,30088,142069
2014-05-07,372.39,373.12,367.46,369.53,48914,142841
2014-05-08,370.08,374.04,368.92,373.18,46840,144451
2014-05-09,372.82,376.41,371.96,375.68,48196,146827
2014-05-12,375.92,384.52,375.8,383.78,68736,151126
2014-05-13,382.93,384.33,380.43,382.08,49703,151610
2014-05-14,382.14,387.26,380.49,385.06,52509,151254
2014-05-15,384.21,386.4,382.75,383.18,47648,150507
2014-05-16,383.18,385.0,381.1,383.48,38673,149965
2014-05-19,383.18,387.99,382.69,385.92,39832,150828
2014-05-20,385.31,387.2,380.56,383.24,44561,150346
2014-05-21,383.05,383.6,377.57,380.56,50241,149060
2014-05-22,381.16,384.45,380.19,382.87,57700,150925
2014-05-23,382.26,386.95,382.14,385.98,36102,151659
2014-05-27,385.73,389.02,385.55,387.2,46493,153499
2014-05-28,386.4,388.78,385.12,386.71,37949,154894
2014-05-29,386.28,387.07,382.26,383.18,44243,152675
2014-05-30,383.24,385.06,380.25,380.62,47209,152725
2014-06-02,381.65,386.65,381.65,386.34,39810,154999
2014-06-03,385.98,386.16,381.1,382.26,48413,151783
2014-06-04,382.57,382.93,375.86,376.9,66394,153692
2014-06-05,376.9,378.67,374.95,376.59,63190,153086
2014-06-06,376.84,377.02,368.74,371.78,106078,150907
2014-06-09,372.63,372.82,367.82,370.87,89608,147498
2014-06-10,371.78,372.88,368.19,372.03,71537,147453
2014-06-11,372.33,374.1,369.34,370.5,79726,153249
2014-06-12,370.01,371.36,366.6,367.46,100448,156378
2014-06-13,367.39,370.81,367.27,369.16,63392,154279
2014-06-16,368.67,372.88,368.25,371.66,54285,151303
2014-06-17,371.42,373.67,370.62,373.0,45102,151523
2014-06-18,373.06,374.77,371.66,372.88,49210,149923
2014-06-19,373.61,375.25,370.87,375.13,55801,147057
2014-06-20,374.71,381.23,374.28,380.37,72357,145733
2014-06-23,379.58,385.5,379.58,383.92,84872,144120
2014-06-24,384.28,385.02,381.9,384.28,71801,142413
2014-06-25,383.43,387.22,381.59,386.85,86359,142592
2014-06-26,386.91,388.13,384.95,387.58,78608,140055
2014-06-27,387.58,389.72,386.36,387.09,57180,141119
2014-06-30,386.73,392.29,386.36,391.43,49842,144604
2014-07-01,391.37,392.65,390.27,391.49,41744,146243
2014-07-02,391.49,399.13,388.93,398.95,59809,154138
2014-07-03,398.21,401.02,396.68,400.72,54063,155117
2014-07-07,400.04,401.51,395.52,398.46,52566,159857
2014-07-08,398.15,402.49,396.93,397.97,53660,161048
2014-07-09,398.52,400.23,396.62,396.87,48247,165646
2014-07-10,397.54,400.35,395.04,399.19,50518,171087
2014-07-11,399.68,400.11,396.68,399.43,48030,173946
2014-07-14,399.62,402.55,396.32,396.99,46826,176161
2014-07-15,397.54,398.46,393.87,397.05,52538,179412
2014-07-16,396.75,397.85,392.16,392.77,48918,177824
2014-07-17,392.96,394.18,391.25,393.51,46151,180953
2014-07-18,393.02,393.32,387.03,389.11,50619,177533
2014-07-21,389.48,391.49,387.76,390.88,44652,178178
2014-07-22,390.76,395.4,390.51,391.98,48903,180479
2014-07-23,391.67,393.2,390.03,391.86,37207,178254
2014-07-24,391.74,399.43,391.25,399.13,71826,180179
2014-07-25,398.88,400.66,395.65,395.95,47043,177610
2014-07-28,396.75,397.36,394.18,396.32,41424,177053
2014-07-29,396.44,397.66,392.77,393.32,41583,174927
2014-07-30,393.45,398.64,391.61,396.07,47294,173207
2014-07-31,396.26,398.03,394.06,394.79,50218,171689
2014-08-01,394.73,397.78,392.22,392.77,53454,169832
2014-08-04,392.71,397.48,390.94,396.38,55880,174253
2014-08-05,396.75,397.05,390.51,391.55,62291,171323
2014-08-06,391.25,391.86,385.75,386.85,69181,166478
2014-08-07,386.91,389.29,385.81,388.07,86023,161267
2014-08-08,387.64,389.05,386.18,387.76,63604,156523
2014-08-11,388.8,396.75,387.4,387.89,67149,154622
2014-08-12,388.01,389.66,384.28,385.44,73885,153657
2014-08-13,385.08,385.81,379.94,380.25,91284,155236
2014-08-14,380.25,381.23,376.65,377.68,60524,154013
2014-08-15,376.95,379.94,376.89,379.15,51230,150955
2014-08-18,379.15,382.02,378.05,379.88,51535,152264
2014-08-19,380.13,381.47,377.07,377.38,47669,152025
2014-08-20,377.26,388.38,376.83,388.19,91356,148253
2014-08-21,387.34,389.11,384.83,388.07,55266,145567
2014-08-22,387.65,392.26,387.22,391.47,54971,144401
2014-08-25,391.47,394.26,390.56,393.17,32423,145817
2014-08-26,393.29,393.41,389.35,390.2,53719,146526
2014-08-27,390.01,390.56,386.98,388.5,57004,140967
2014-08-28,387.83,389.65,381.69,382.67,52370,138305
2014-08-29,383.21,386.19,382.06,383.88,45841,136073
2014-09-02,383.88,385.58,381.39,383.21,53872,136370
2014-09-03,383.45,384.61,379.63,379.81,52795,138601
2014-09-04,380.24,385.4,379.81,382.73,37225,140135
2014-09-05,382.54,385.4,381.69,384.97,28218,140454
2014-09-08,384.73,389.83,384.12,384.85,46034,141084
2014-09-09,387.04,387.1,375.56,376.77,82655,144047
2014-09-10,377.5,378.96,375.62,377.81,46683,143535
2014-09-11,378.05,378.6,371.98,375.62,61743,146218
2014-09-12,375.98,377.62,373.98,377.32,39009,146340
2014-09-15,374.71,375.86,372.28,374.77,45297,147466
2014-09-16,374.77,390.14,374.28,384.55,90613,143370
2014-09-17,384.0,385.58,380.18,381.82,44187,142164
2014-09-18,380.18,381.45,375.32,375.8,45588,143241
2014-09-19,375.92,377.62,372.95,375.5,43288,144699
2014-09-22,374.59,374.83,368.09,369.06,66143,149561
2014-09-23,369.55,372.22,367.85,368.64,48518,152016
2014-09-24,367.85,372.1,367.18,370.88,58824,151411
2014-09-25,371.07,372.1,366.75,368.03,60389,155253
2014-09-26,368.39,370.82,367.79,368.7,34888,155770
2014-09-29,368.88,372.58,365.9,371.25,52969,157316
2014-09-30,369.61,371.67,365.11,365.3,59624,160389
2014-10-01,365.24,370.34,364.39,368.76,49068,158367
2014-10-02,367.42,369.18,362.62,364.2,56818,163470
2014-10-03,365.42,366.45,363.35,364.2,35055,166271
2014-10-06,364.57,369.67,363.29,368.7,37732,167867
2014-10-07,369.43,369.67,366.51,369.12,37573,167622
2014-10-08,368.33,370.34,363.9,364.81,76882,173205
2014-10-09,367.3,371.55,366.63,368.03,65449,168688
2014-10-10,368.03,369.61,363.11,368.64,73048,165969
2014-10-13,368.27,371.0,366.94,369.3,52671,172453
2014-10-14,369.43,377.08,368.27,375.32,71284,167530
2014-10-15,374.16,374.71,363.47,365.48,86522,175229
2014-10-16,366.03,367.6,358.62,362.14,92526,180775
2014-10-17,362.62,365.9,358.49,364.81,48023,178317
2014-10-20,365.42,366.51,360.38,362.93,36606,178297
2014-10-21,362.75,368.7,361.29,367.79,49415,175541
2014-10-22,367.91,369.85,365.72,366.51,36008,175858
2014-10-23,366.03,370.34,365.48,369.24,38698,176485
2014-10-24,368.64,371.55,367.97,369.37,36129,176096
2014-10-27,369.73,373.37,367.6,372.16,51718,176401
2014-10-28,371.55,376.05,371.13,375.68,50776,169924
2014-10-29,375.32,378.23,373.19,377.08,55054,169866
2014-10-30,374.35,375.01,368.76,371.98,61018,165899
2014-10-31,371.67,375.68,369.18,370.09,70778,162702
2014-11-03,369.49,372.89,367.12,372.28,44400,161249
2014-11-04,371.43,373.31,364.75,366.63,67852,164942
2014-11-05,366.63,366.88,360.01,365.3,72194,165763
2014-11-06,364.87,367.18,363.54,366.51,48477,166647
2014-11-07,365.84,370.34,365.78,369.06,67109,167426
2014-11-10,369.37,370.58,366.03,366.81,50061,167579
2014-11-11,366.15,369.79,363.23,368.39,65134,170361
2014-11-12,368.39,369.73,366.51,367.42,72387,172655
2014-11-13,367.73,370.76,362.2,363.72,79666,180183
2014-11-14,363.05,370.46,362.56,370.03,97494,177645
2014-11-17,370.58,371.79,367.18,369.18,59691,173545
2014-11-18,368.82,369.61,363.54,364.63,73012,176417
2014-11-19,364.75,370.4,363.17,369.85,84833,166387
2014-11-20,368.39,369.06,364.51,366.75,63860,165406
2014-11-21,366.45,373.8,365.11,368.21,111535,161266
2014-11-24,369.49,370.22,364.63,365.42,95056,157144
2014-11-25,365.48,367.66,359.82,361.95,113608,160551
2014-11-26,360.01,361.83,356.78,359.4,75280,158905
2014-11-28,358.85,361.1,345.66,345.97,117218,164062
2014-12-01,345.84,354.6,337.64,352.29,105635,159349
2014-12-02,352.41,352.41,345.72,351.5,57047,159261
2014-12-03,351.01,352.1,347.73,349.13,40647,160894
2014-12-04,348.76,356.18,348.52,354.29,52337,159966
2014-12-05,353.68,357.27,352.59,352.83,35040,160109
2014-12-08,352.65,355.08,350.28,350.77,38182,160028
2014-12-09,350.4,358.67,348.34,355.87,67544,152267
2014-12-10,355.2,355.81,350.95,351.68,34552,151702
2014-12-11,351.68,356.36,351.31,355.08,40244,150745
2014-12-12,353.99,357.45,353.56,356.66,30810,149587
2014-12-15,355.51,358.24,348.09,349.92,45381,154534
2014-12-16,349.19,350.83,345.72,347.49,55694,152045
2014-12-17,348.52,351.62,343.66,348.94,47706,150820
2014-12-18,348.82,350.77,345.54,346.88,41272,152877
2014-12-19,345.97,352.96,345.97,350.65,36490,151629
2014-12-22,351.25,353.14,348.58,349.19,26951,151908
2014-12-23,349.19,350.16,347.0,348.4,24310,152816
2014-12-24,348.46,349.37,345.72,346.88,19486,154546
2014-12-26,346.76,347.97,340.86,342.08,19426,157711
2014-12-29,342.08,346.09,335.02,343.05,43832,161063
2014-12-30,342.01,348.34,341.95,346.94,38823,159107
2014-12-31,346.82,347.79,342.26,343.47,26177,160435
